event_id,division,in_ring_count,seconds_at_count,time_at_count,percentage_of_match_time,total_match_seconds,data_quality_status,notes
RR1988M,Men's,2,188,3:08,9.4,2003,DERIVED,"Complete-timeline events only -- same reconstructed timeline as ring_occupancy_stats.csv for this event. Percentage is of this event's own total measured match time, not a fixed assumed match length."
RR1988M,Men's,3,172,2:52,8.6,2003,DERIVED,"Complete-timeline events only -- same reconstructed timeline as ring_occupancy_stats.csv for this event. Percentage is of this event's own total measured match time, not a fixed assumed match length."
RR1988M,Men's,4,251,4:11,12.5,2003,DERIVED,"Complete-timeline events only -- same reconstructed timeline as ring_occupancy_stats.csv for this event. Percentage is of this event's own total measured match time, not a fixed assumed match length."
RR1988M,Men's,5,102,1:42,5.1,2003,DERIVED,"Complete-timeline events only -- same reconstructed timeline as ring_occupancy_stats.csv for this event. Percentage is of this event's own total measured match time, not a fixed assumed match length."
RR1988M,Men's,6,146,2:26,7.3,2003,DERIVED,"Complete-timeline events only -- same reconstructed timeline as ring_occupancy_stats.csv for this event. Percentage is of this event's own total measured match time, not a fixed assumed match length."
RR1988M,Men's,7,162,2:42,8.1,2003,DERIVED,"Complete-timeline events only -- same reconstructed timeline as ring_occupancy_stats.csv for this event. Percentage is of this event's own total measured match time, not a fixed assumed match length."
RR1988M,Men's,8,349,5:49,17.4,2003,DERIVED,"Complete-timeline events only -- same reconstructed timeline as ring_occupancy_stats.csv for this event. Percentage is of this event's own total measured match time, not a fixed assumed match length."
RR1988M,Men's,9,190,3:10,9.5,2003,DERIVED,"Complete-timeline events only -- same reconstructed timeline as ring_occupancy_stats.csv for this event. Percentage is of this event's own total measured match time, not a fixed assumed match length."
RR1988M,Men's,10,381,6:21,19.0,2003,DERIVED,"Complete-timeline events only -- same reconstructed timeline as ring_occupancy_stats.csv for this event. Percentage is of this event's own total measured match time, not a fixed assumed match length."
RR1988M,Men's,11,62,1:02,3.1,2003,DERIVED,"Complete-timeline events only -- same reconstructed timeline as ring_occupancy_stats.csv for this event. Percentage is of this event's own total measured match time, not a fixed assumed match length."
RR1989M,Men's,1,274,4:34,7.5,3668,DERIVED,"Complete-timeline events only -- same reconstructed timeline as ring_occupancy_stats.csv for this event. Percentage is of this event's own total measured match time, not a fixed assumed match length."
RR1989M,Men's,2,257,4:17,7.0,3668,DERIVED,"Complete-timeline events only -- same reconstructed timeline as ring_occupancy_stats.csv for this event. Percentage is of this event's own total measured match time, not a fixed assumed match length."
RR1989M,Men's,3,154,2:34,4.2,3668,DERIVED,"Complete-timeline events only -- same reconstructed timeline as ring_occupancy_stats.csv for this event. Percentage is of this event's own total measured match time, not a fixed assumed match length."
RR1989M,Men's,4,556,9:16,15.2,3668,DERIVED,"Complete-timeline events only -- same reconstructed timeline as ring_occupancy_stats.csv for this event. Percentage is of this event's own total measured match time, not a fixed assumed match length."
RR1989M,Men's,5,817,13:37,22.3,3668,DERIVED,"Complete-timeline events only -- same reconstructed timeline as ring_occupancy_stats.csv for this event. Percentage is of this event's own total measured match time, not a fixed assumed match length."
RR1989M,Men's,6,566,9:26,15.4,3668,DERIVED,"Complete-timeline events only -- same reconstructed timeline as ring_occupancy_stats.csv for this event. Percentage is of this event's own total measured match time, not a fixed assumed match length."
RR1989M,Men's,7,721,12:01,19.7,3668,DERIVED,"Complete-timeline events only -- same reconstructed timeline as ring_occupancy_stats.csv for this event. Percentage is of this event's own total measured match time, not a fixed assumed match length."
RR1989M,Men's,8,323,5:23,8.8,3668,DERIVED,"Complete-timeline events only -- same reconstructed timeline as ring_occupancy_stats.csv for this event. Percentage is of this event's own total measured match time, not a fixed assumed match length."
RR1990M,Men's,1,88,1:28,2.5,3523,DERIVED,"Complete-timeline events only -- same reconstructed timeline as ring_occupancy_stats.csv for this event. Percentage is of this event's own total measured match time, not a fixed assumed match length."
RR1990M,Men's,2,480,8:00,13.6,3523,DERIVED,"Complete-timeline events only -- same reconstructed timeline as ring_occupancy_stats.csv for this event. Percentage is of this event's own total measured match time, not a fixed assumed match length."
RR1990M,Men's,3,259,4:19,7.4,3523,DERIVED,"Complete-timeline events only -- same reconstructed timeline as ring_occupancy_stats.csv for this event. Percentage is of this event's own total measured match time, not a fixed assumed match length."
RR1990M,Men's,4,456,7:36,12.9,3523,DERIVED,"Complete-timeline events only -- same reconstructed timeline as ring_occupancy_stats.csv for this event. Percentage is of this event's own total measured match time, not a fixed assumed match length."
RR1990M,Men's,5,351,5:51,10.0,3523,DERIVED,"Complete-timeline events only -- same reconstructed timeline as ring_occupancy_stats.csv for this event. Percentage is of this event's own total measured match time, not a fixed assumed match length."
RR1990M,Men's,6,1126,18:46,32.0,3523,DERIVED,"Complete-timeline events only -- same reconstructed timeline as ring_occupancy_stats.csv for this event. Percentage is of this event's own total measured match time, not a fixed assumed match length."
RR1990M,Men's,7,699,11:39,19.8,3523,DERIVED,"Complete-timeline events only -- same reconstructed timeline as ring_occupancy_stats.csv for this event. Percentage is of this event's own total measured match time, not a fixed assumed match length."
RR1990M,Men's,8,64,1:04,1.8,3523,DERIVED,"Complete-timeline events only -- same reconstructed timeline as ring_occupancy_stats.csv for this event. Percentage is of this event's own total measured match time, not a fixed assumed match length."
RR1991M,Men's,2,357,5:57,9.1,3917,DERIVED,"Complete-timeline events only -- same reconstructed timeline as ring_occupancy_stats.csv for this event. Percentage is of this event's own total measured match time, not a fixed assumed match length."
RR1991M,Men's,3,265,4:25,6.8,3917,DERIVED,"Complete-timeline events only -- same reconstructed timeline as ring_occupancy_stats.csv for this event. Percentage is of this event's own total measured match time, not a fixed assumed match length."
RR1991M,Men's,4,145,2:25,3.7,3917,DERIVED,"Complete-timeline events only -- same reconstructed timeline as ring_occupancy_stats.csv for this event. Percentage is of this event's own total measured match time, not a fixed assumed match length."
RR1991M,Men's,5,176,2:56,4.5,3917,DERIVED,"Complete-timeline events only -- same reconstructed timeline as ring_occupancy_stats.csv for this event. Percentage is of this event's own total measured match time, not a fixed assumed match length."
RR1991M,Men's,6,238,3:58,6.1,3917,DERIVED,"Complete-timeline events only -- same reconstructed timeline as ring_occupancy_stats.csv for this event. Percentage is of this event's own total measured match time, not a fixed assumed match length."
RR1991M,Men's,7,165,2:45,4.2,3917,DERIVED,"Complete-timeline events only -- same reconstructed timeline as ring_occupancy_stats.csv for this event. Percentage is of this event's own total measured match time, not a fixed assumed match length."
RR1991M,Men's,8,552,9:12,14.1,3917,DERIVED,"Complete-timeline events only -- same reconstructed timeline as ring_occupancy_stats.csv for this event. Percentage is of this event's own total measured match time, not a fixed assumed match length."
RR1991M,Men's,9,706,11:46,18.0,3917,DERIVED,"Complete-timeline events only -- same reconstructed timeline as ring_occupancy_stats.csv for this event. Percentage is of this event's own total measured match time, not a fixed assumed match length."
RR1991M,Men's,10,1072,17:52,27.4,3917,DERIVED,"Complete-timeline events only -- same reconstructed timeline as ring_occupancy_stats.csv for this event. Percentage is of this event's own total measured match time, not a fixed assumed match length."
RR1991M,Men's,11,241,4:01,6.2,3917,DERIVED,"Complete-timeline events only -- same reconstructed timeline as ring_occupancy_stats.csv for this event. Percentage is of this event's own total measured match time, not a fixed assumed match length."
RR1992M,Men's,1,110,1:50,3.0,3722,DERIVED,"Complete-timeline events only -- same reconstructed timeline as ring_occupancy_stats.csv for this event. Percentage is of this event's own total measured match time, not a fixed assumed match length."
RR1992M,Men's,2,439,7:19,11.8,3722,DERIVED,"Complete-timeline events only -- same reconstructed timeline as ring_occupancy_stats.csv for this event. Percentage is of this event's own total measured match time, not a fixed assumed match length."
RR1992M,Men's,3,463,7:43,12.4,3722,DERIVED,"Complete-timeline events only -- same reconstructed timeline as ring_occupancy_stats.csv for this event. Percentage is of this event's own total measured match time, not a fixed assumed match length."
RR1992M,Men's,4,328,5:28,8.8,3722,DERIVED,"Complete-timeline events only -- same reconstructed timeline as ring_occupancy_stats.csv for this event. Percentage is of this event's own total measured match time, not a fixed assumed match length."
RR1992M,Men's,5,268,4:28,7.2,3722,DERIVED,"Complete-timeline events only -- same reconstructed timeline as ring_occupancy_stats.csv for this event. Percentage is of this event's own total measured match time, not a fixed assumed match length."
RR1992M,Men's,6,587,9:47,15.8,3722,DERIVED,"Complete-timeline events only -- same reconstructed timeline as ring_occupancy_stats.csv for this event. Percentage is of this event's own total measured match time, not a fixed assumed match length."
RR1992M,Men's,7,571,9:31,15.3,3722,DERIVED,"Complete-timeline events only -- same reconstructed timeline as ring_occupancy_stats.csv for this event. Percentage is of this event's own total measured match time, not a fixed assumed match length."
RR1992M,Men's,8,558,9:18,15.0,3722,DERIVED,"Complete-timeline events only -- same reconstructed timeline as ring_occupancy_stats.csv for this event. Percentage is of this event's own total measured match time, not a fixed assumed match length."
RR1992M,Men's,9,293,4:53,7.9,3722,DERIVED,"Complete-timeline events only -- same reconstructed timeline as ring_occupancy_stats.csv for this event. Percentage is of this event's own total measured match time, not a fixed assumed match length."
RR1992M,Men's,10,105,1:45,2.8,3722,DERIVED,"Complete-timeline events only -- same reconstructed timeline as ring_occupancy_stats.csv for this event. Percentage is of this event's own total measured match time, not a fixed assumed match length."
RR1993M,Men's,1,169,2:49,4.2,4000,DERIVED,"Complete-timeline events only -- same reconstructed timeline as ring_occupancy_stats.csv for this event. Percentage is of this event's own total measured match time, not a fixed assumed match length."
RR1993M,Men's,2,616,10:16,15.4,4000,DERIVED,"Complete-timeline events only -- same reconstructed timeline as ring_occupancy_stats.csv for this event. Percentage is of this event's own total measured match time, not a fixed assumed match length."
RR1993M,Men's,3,270,4:30,6.8,4000,DERIVED,"Complete-timeline events only -- same reconstructed timeline as ring_occupancy_stats.csv for this event. Percentage is of this event's own total measured match time, not a fixed assumed match length."
RR1993M,Men's,4,434,7:14,10.8,4000,DERIVED,"Complete-timeline events only -- same reconstructed timeline as ring_occupancy_stats.csv for this event. Percentage is of this event's own total measured match time, not a fixed assumed match length."
RR1993M,Men's,5,354,5:54,8.8,4000,DERIVED,"Complete-timeline events only -- same reconstructed timeline as ring_occupancy_stats.csv for this event. Percentage is of this event's own total measured match time, not a fixed assumed match length."
RR1993M,Men's,6,657,10:57,16.4,4000,DERIVED,"Complete-timeline events only -- same reconstructed timeline as ring_occupancy_stats.csv for this event. Percentage is of this event's own total measured match time, not a fixed assumed match length."
RR1993M,Men's,7,1020,17:00,25.5,4000,DERIVED,"Complete-timeline events only -- same reconstructed timeline as ring_occupancy_stats.csv for this event. Percentage is of this event's own total measured match time, not a fixed assumed match length."
RR1993M,Men's,8,446,7:26,11.2,4000,DERIVED,"Complete-timeline events only -- same reconstructed timeline as ring_occupancy_stats.csv for this event. Percentage is of this event's own total measured match time, not a fixed assumed match length."
RR1993M,Men's,9,34,0:34,0.8,4000,DERIVED,"Complete-timeline events only -- same reconstructed timeline as ring_occupancy_stats.csv for this event. Percentage is of this event's own total measured match time, not a fixed assumed match length."
RR1994M,Men's,1,219,3:39,6.7,3283,DERIVED,"Complete-timeline events only -- same reconstructed timeline as ring_occupancy_stats.csv for this event. Percentage is of this event's own total measured match time, not a fixed assumed match length."
RR1994M,Men's,2,345,5:45,10.5,3283,DERIVED,"Complete-timeline events only -- same reconstructed timeline as ring_occupancy_stats.csv for this event. Percentage is of this event's own total measured match time, not a fixed assumed match length."
RR1994M,Men's,3,566,9:26,17.2,3283,DERIVED,"Complete-timeline events only -- same reconstructed timeline as ring_occupancy_stats.csv for this event. Percentage is of this event's own total measured match time, not a fixed assumed match length."
RR1994M,Men's,4,389,6:29,11.8,3283,DERIVED,"Complete-timeline events only -- same reconstructed timeline as ring_occupancy_stats.csv for this event. Percentage is of this event's own total measured match time, not a fixed assumed match length."
RR1994M,Men's,5,283,4:43,8.6,3283,DERIVED,"Complete-timeline events only -- same reconstructed timeline as ring_occupancy_stats.csv for this event. Percentage is of this event's own total measured match time, not a fixed assumed match length."
RR1994M,Men's,6,129,2:09,3.9,3283,DERIVED,"Complete-timeline events only -- same reconstructed timeline as ring_occupancy_stats.csv for this event. Percentage is of this event's own total measured match time, not a fixed assumed match length."
RR1994M,Men's,7,143,2:23,4.4,3283,DERIVED,"Complete-timeline events only -- same reconstructed timeline as ring_occupancy_stats.csv for this event. Percentage is of this event's own total measured match time, not a fixed assumed match length."
RR1994M,Men's,8,233,3:53,7.1,3283,DERIVED,"Complete-timeline events only -- same reconstructed timeline as ring_occupancy_stats.csv for this event. Percentage is of this event's own total measured match time, not a fixed assumed match length."
RR1994M,Men's,9,276,4:36,8.4,3283,DERIVED,"Complete-timeline events only -- same reconstructed timeline as ring_occupancy_stats.csv for this event. Percentage is of this event's own total measured match time, not a fixed assumed match length."
RR1994M,Men's,10,109,1:49,3.3,3283,DERIVED,"Complete-timeline events only -- same reconstructed timeline as ring_occupancy_stats.csv for this event. Percentage is of this event's own total measured match time, not a fixed assumed match length."
RR1994M,Men's,11,146,2:26,4.4,3283,DERIVED,"Complete-timeline events only -- same reconstructed timeline as ring_occupancy_stats.csv for this event. Percentage is of this event's own total measured match time, not a fixed assumed match length."
RR1994M,Men's,12,418,6:58,12.7,3283,DERIVED,"Complete-timeline events only -- same reconstructed timeline as ring_occupancy_stats.csv for this event. Percentage is of this event's own total measured match time, not a fixed assumed match length."
RR1994M,Men's,13,27,0:27,0.8,3283,DERIVED,"Complete-timeline events only -- same reconstructed timeline as ring_occupancy_stats.csv for this event. Percentage is of this event's own total measured match time, not a fixed assumed match length."
RR1995M,Men's,1,3,0:03,0.1,2325,DERIVED,"Complete-timeline events only -- same reconstructed timeline as ring_occupancy_stats.csv for this event. Percentage is of this event's own total measured match time, not a fixed assumed match length."
RR1995M,Men's,2,257,4:17,11.1,2325,DERIVED,"Complete-timeline events only -- same reconstructed timeline as ring_occupancy_stats.csv for this event. Percentage is of this event's own total measured match time, not a fixed assumed match length."
RR1995M,Men's,3,365,6:05,15.7,2325,DERIVED,"Complete-timeline events only -- same reconstructed timeline as ring_occupancy_stats.csv for this event. Percentage is of this event's own total measured match time, not a fixed assumed match length."
RR1995M,Men's,4,274,4:34,11.8,2325,DERIVED,"Complete-timeline events only -- same reconstructed timeline as ring_occupancy_stats.csv for this event. Percentage is of this event's own total measured match time, not a fixed assumed match length."
RR1995M,Men's,5,250,4:10,10.8,2325,DERIVED,"Complete-timeline events only -- same reconstructed timeline as ring_occupancy_stats.csv for this event. Percentage is of this event's own total measured match time, not a fixed assumed match length."
RR1995M,Men's,6,200,3:20,8.6,2325,DERIVED,"Complete-timeline events only -- same reconstructed timeline as ring_occupancy_stats.csv for this event. Percentage is of this event's own total measured match time, not a fixed assumed match length."
RR1995M,Men's,7,147,2:27,6.3,2325,DERIVED,"Complete-timeline events only -- same reconstructed timeline as ring_occupancy_stats.csv for this event. Percentage is of this event's own total measured match time, not a fixed assumed match length."
RR1995M,Men's,8,224,3:44,9.6,2325,DERIVED,"Complete-timeline events only -- same reconstructed timeline as ring_occupancy_stats.csv for this event. Percentage is of this event's own total measured match time, not a fixed assumed match length."
RR1995M,Men's,9,382,6:22,16.4,2325,DERIVED,"Complete-timeline events only -- same reconstructed timeline as ring_occupancy_stats.csv for this event. Percentage is of this event's own total measured match time, not a fixed assumed match length."
RR1995M,Men's,10,103,1:43,4.4,2325,DERIVED,"Complete-timeline events only -- same reconstructed timeline as ring_occupancy_stats.csv for this event. Percentage is of this event's own total measured match time, not a fixed assumed match length."
RR1995M,Men's,11,95,1:35,4.1,2325,DERIVED,"Complete-timeline events only -- same reconstructed timeline as ring_occupancy_stats.csv for this event. Percentage is of this event's own total measured match time, not a fixed assumed match length."
RR1995M,Men's,12,25,0:25,1.1,2325,DERIVED,"Complete-timeline events only -- same reconstructed timeline as ring_occupancy_stats.csv for this event. Percentage is of this event's own total measured match time, not a fixed assumed match length."
RR1996M,Men's,1,2,0:02,0.1,3530,DERIVED,"Complete-timeline events only -- same reconstructed timeline as ring_occupancy_stats.csv for this event. Percentage is of this event's own total measured match time, not a fixed assumed match length."
RR1996M,Men's,2,150,2:30,4.2,3530,DERIVED,"Complete-timeline events only -- same reconstructed timeline as ring_occupancy_stats.csv for this event. Percentage is of this event's own total measured match time, not a fixed assumed match length."
RR1996M,Men's,3,139,2:19,3.9,3530,DERIVED,"Complete-timeline events only -- same reconstructed timeline as ring_occupancy_stats.csv for this event. Percentage is of this event's own total measured match time, not a fixed assumed match length."
RR1996M,Men's,4,124,2:04,3.5,3530,DERIVED,"Complete-timeline events only -- same reconstructed timeline as ring_occupancy_stats.csv for this event. Percentage is of this event's own total measured match time, not a fixed assumed match length."
RR1996M,Men's,5,501,8:21,14.2,3530,DERIVED,"Complete-timeline events only -- same reconstructed timeline as ring_occupancy_stats.csv for this event. Percentage is of this event's own total measured match time, not a fixed assumed match length."
RR1996M,Men's,6,544,9:04,15.4,3530,DERIVED,"Complete-timeline events only -- same reconstructed timeline as ring_occupancy_stats.csv for this event. Percentage is of this event's own total measured match time, not a fixed assumed match length."
RR1996M,Men's,7,1007,16:47,28.5,3530,DERIVED,"Complete-timeline events only -- same reconstructed timeline as ring_occupancy_stats.csv for this event. Percentage is of this event's own total measured match time, not a fixed assumed match length."
RR1996M,Men's,8,748,12:28,21.2,3530,DERIVED,"Complete-timeline events only -- same reconstructed timeline as ring_occupancy_stats.csv for this event. Percentage is of this event's own total measured match time, not a fixed assumed match length."
RR1996M,Men's,9,283,4:43,8.0,3530,DERIVED,"Complete-timeline events only -- same reconstructed timeline as ring_occupancy_stats.csv for this event. Percentage is of this event's own total measured match time, not a fixed assumed match length."
RR1996M,Men's,10,32,0:32,0.9,3530,DERIVED,"Complete-timeline events only -- same reconstructed timeline as ring_occupancy_stats.csv for this event. Percentage is of this event's own total measured match time, not a fixed assumed match length."
RR1997M,Men's,1,288,4:48,9.5,3030,DERIVED,"Complete-timeline events only -- same reconstructed timeline as ring_occupancy_stats.csv for this event. Percentage is of this event's own total measured match time, not a fixed assumed match length."
RR1997M,Men's,2,725,12:05,23.9,3030,DERIVED,"Complete-timeline events only -- same reconstructed timeline as ring_occupancy_stats.csv for this event. Percentage is of this event's own total measured match time, not a fixed assumed match length."
RR1997M,Men's,3,288,4:48,9.5,3030,DERIVED,"Complete-timeline events only -- same reconstructed timeline as ring_occupancy_stats.csv for this event. Percentage is of this event's own total measured match time, not a fixed assumed match length."
RR1997M,Men's,4,276,4:36,9.1,3030,DERIVED,"Complete-timeline events only -- same reconstructed timeline as ring_occupancy_stats.csv for this event. Percentage is of this event's own total measured match time, not a fixed assumed match length."
RR1997M,Men's,5,458,7:38,15.1,3030,DERIVED,"Complete-timeline events only -- same reconstructed timeline as ring_occupancy_stats.csv for this event. Percentage is of this event's own total measured match time, not a fixed assumed match length."
RR1997M,Men's,6,267,4:27,8.8,3030,DERIVED,"Complete-timeline events only -- same reconstructed timeline as ring_occupancy_stats.csv for this event. Percentage is of this event's own total measured match time, not a fixed assumed match length."
RR1997M,Men's,7,234,3:54,7.7,3030,DERIVED,"Complete-timeline events only -- same reconstructed timeline as ring_occupancy_stats.csv for this event. Percentage is of this event's own total measured match time, not a fixed assumed match length."
RR1997M,Men's,8,122,2:02,4.0,3030,DERIVED,"Complete-timeline events only -- same reconstructed timeline as ring_occupancy_stats.csv for this event. Percentage is of this event's own total measured match time, not a fixed assumed match length."
RR1997M,Men's,9,300,5:00,9.9,3030,DERIVED,"Complete-timeline events only -- same reconstructed timeline as ring_occupancy_stats.csv for this event. Percentage is of this event's own total measured match time, not a fixed assumed match length."
RR1997M,Men's,10,72,1:12,2.4,3030,DERIVED,"Complete-timeline events only -- same reconstructed timeline as ring_occupancy_stats.csv for this event. Percentage is of this event's own total measured match time, not a fixed assumed match length."
RR1998M,Men's,1,1,0:01,0.0,3327,DERIVED,"Complete-timeline events only -- same reconstructed timeline as ring_occupancy_stats.csv for this event. Percentage is of this event's own total measured match time, not a fixed assumed match length."
RR1998M,Men's,2,254,4:14,7.6,3327,DERIVED,"Complete-timeline events only -- same reconstructed timeline as ring_occupancy_stats.csv for this event. Percentage is of this event's own total measured match time, not a fixed assumed match length."
RR1998M,Men's,3,136,2:16,4.1,3327,DERIVED,"Complete-timeline events only -- same reconstructed timeline as ring_occupancy_stats.csv for this event. Percentage is of this event's own total measured match time, not a fixed assumed match length."
RR1998M,Men's,4,178,2:58,5.4,3327,DERIVED,"Complete-timeline events only -- same reconstructed timeline as ring_occupancy_stats.csv for this event. Percentage is of this event's own total measured match time, not a fixed assumed match length."
RR1998M,Men's,5,199,3:19,6.0,3327,DERIVED,"Complete-timeline events only -- same reconstructed timeline as ring_occupancy_stats.csv for this event. Percentage is of this event's own total measured match time, not a fixed assumed match length."
RR1998M,Men's,6,248,4:08,7.5,3327,DERIVED,"Complete-timeline events only -- same reconstructed timeline as ring_occupancy_stats.csv for this event. Percentage is of this event's own total measured match time, not a fixed assumed match length."
RR1998M,Men's,7,125,2:05,3.8,3327,DERIVED,"Complete-timeline events only -- same reconstructed timeline as ring_occupancy_stats.csv for this event. Percentage is of this event's own total measured match time, not a fixed assumed match length."
RR1998M,Men's,8,364,6:04,10.9,3327,DERIVED,"Complete-timeline events only -- same reconstructed timeline as ring_occupancy_stats.csv for this event. Percentage is of this event's own total measured match time, not a fixed assumed match length."
RR1998M,Men's,9,649,10:49,19.5,3327,DERIVED,"Complete-timeline events only -- same reconstructed timeline as ring_occupancy_stats.csv for this event. Percentage is of this event's own total measured match time, not a fixed assumed match length."
RR1998M,Men's,10,471,7:51,14.2,3327,DERIVED,"Complete-timeline events only -- same reconstructed timeline as ring_occupancy_stats.csv for this event. Percentage is of this event's own total measured match time, not a fixed assumed match length."
RR1998M,Men's,11,304,5:04,9.1,3327,DERIVED,"Complete-timeline events only -- same reconstructed timeline as ring_occupancy_stats.csv for this event. Percentage is of this event's own total measured match time, not a fixed assumed match length."
RR1998M,Men's,12,364,6:04,10.9,3327,DERIVED,"Complete-timeline events only -- same reconstructed timeline as ring_occupancy_stats.csv for this event. Percentage is of this event's own total measured match time, not a fixed assumed match length."
RR1998M,Men's,13,34,0:34,1.0,3327,DERIVED,"Complete-timeline events only -- same reconstructed timeline as ring_occupancy_stats.csv for this event. Percentage is of this event's own total measured match time, not a fixed assumed match length."
RR1999M,Men's,2,511,8:31,15.0,3398,DERIVED,"Complete-timeline events only -- same reconstructed timeline as ring_occupancy_stats.csv for this event. Percentage is of this event's own total measured match time, not a fixed assumed match length."
RR1999M,Men's,3,365,6:05,10.7,3398,DERIVED,"Complete-timeline events only -- same reconstructed timeline as ring_occupancy_stats.csv for this event. Percentage is of this event's own total measured match time, not a fixed assumed match length."
RR1999M,Men's,4,533,8:53,15.7,3398,DERIVED,"Complete-timeline events only -- same reconstructed timeline as ring_occupancy_stats.csv for this event. Percentage is of this event's own total measured match time, not a fixed assumed match length."
RR1999M,Men's,5,663,11:03,19.5,3398,DERIVED,"Complete-timeline events only -- same reconstructed timeline as ring_occupancy_stats.csv for this event. Percentage is of this event's own total measured match time, not a fixed assumed match length."
RR1999M,Men's,6,359,5:59,10.6,3398,DERIVED,"Complete-timeline events only -- same reconstructed timeline as ring_occupancy_stats.csv for this event. Percentage is of this event's own total measured match time, not a fixed assumed match length."
RR1999M,Men's,7,341,5:41,10.0,3398,DERIVED,"Complete-timeline events only -- same reconstructed timeline as ring_occupancy_stats.csv for this event. Percentage is of this event's own total measured match time, not a fixed assumed match length."
RR1999M,Men's,8,460,7:40,13.5,3398,DERIVED,"Complete-timeline events only -- same reconstructed timeline as ring_occupancy_stats.csv for this event. Percentage is of this event's own total measured match time, not a fixed assumed match length."
RR1999M,Men's,9,146,2:26,4.3,3398,DERIVED,"Complete-timeline events only -- same reconstructed timeline as ring_occupancy_stats.csv for this event. Percentage is of this event's own total measured match time, not a fixed assumed match length."
RR1999M,Men's,10,20,0:20,0.6,3398,DERIVED,"Complete-timeline events only -- same reconstructed timeline as ring_occupancy_stats.csv for this event. Percentage is of this event's own total measured match time, not a fixed assumed match length."
RR2000M,Men's,1,273,4:33,8.8,3115,DERIVED,"Complete-timeline events only -- same reconstructed timeline as ring_occupancy_stats.csv for this event. Percentage is of this event's own total measured match time, not a fixed assumed match length."
RR2000M,Men's,2,323,5:23,10.4,3115,DERIVED,"Complete-timeline events only -- same reconstructed timeline as ring_occupancy_stats.csv for this event. Percentage is of this event's own total measured match time, not a fixed assumed match length."
RR2000M,Men's,3,339,5:39,10.9,3115,DERIVED,"Complete-timeline events only -- same reconstructed timeline as ring_occupancy_stats.csv for this event. Percentage is of this event's own total measured match time, not a fixed assumed match length."
RR2000M,Men's,4,333,5:33,10.7,3115,DERIVED,"Complete-timeline events only -- same reconstructed timeline as ring_occupancy_stats.csv for this event. Percentage is of this event's own total measured match time, not a fixed assumed match length."
RR2000M,Men's,5,109,1:49,3.5,3115,DERIVED,"Complete-timeline events only -- same reconstructed timeline as ring_occupancy_stats.csv for this event. Percentage is of this event's own total measured match time, not a fixed assumed match length."
RR2000M,Men's,6,420,7:00,13.5,3115,DERIVED,"Complete-timeline events only -- same reconstructed timeline as ring_occupancy_stats.csv for this event. Percentage is of this event's own total measured match time, not a fixed assumed match length."
RR2000M,Men's,7,396,6:36,12.7,3115,DERIVED,"Complete-timeline events only -- same reconstructed timeline as ring_occupancy_stats.csv for this event. Percentage is of this event's own total measured match time, not a fixed assumed match length."
RR2000M,Men's,8,539,8:59,17.3,3115,DERIVED,"Complete-timeline events only -- same reconstructed timeline as ring_occupancy_stats.csv for this event. Percentage is of this event's own total measured match time, not a fixed assumed match length."
RR2000M,Men's,9,335,5:35,10.8,3115,DERIVED,"Complete-timeline events only -- same reconstructed timeline as ring_occupancy_stats.csv for this event. Percentage is of this event's own total measured match time, not a fixed assumed match length."
RR2000M,Men's,10,48,0:48,1.5,3115,DERIVED,"Complete-timeline events only -- same reconstructed timeline as ring_occupancy_stats.csv for this event. Percentage is of this event's own total measured match time, not a fixed assumed match length."
RR2001M,Men's,1,160,2:40,4.3,3715,DERIVED,"Complete-timeline events only -- same reconstructed timeline as ring_occupancy_stats.csv for this event. Percentage is of this event's own total measured match time, not a fixed assumed match length."
RR2001M,Men's,2,992,16:32,26.7,3715,DERIVED,"Complete-timeline events only -- same reconstructed timeline as ring_occupancy_stats.csv for this event. Percentage is of this event's own total measured match time, not a fixed assumed match length."
RR2001M,Men's,3,825,13:45,22.2,3715,DERIVED,"Complete-timeline events only -- same reconstructed timeline as ring_occupancy_stats.csv for this event. Percentage is of this event's own total measured match time, not a fixed assumed match length."
RR2001M,Men's,4,404,6:44,10.9,3715,DERIVED,"Complete-timeline events only -- same reconstructed timeline as ring_occupancy_stats.csv for this event. Percentage is of this event's own total measured match time, not a fixed assumed match length."
RR2001M,Men's,5,445,7:25,12.0,3715,DERIVED,"Complete-timeline events only -- same reconstructed timeline as ring_occupancy_stats.csv for this event. Percentage is of this event's own total measured match time, not a fixed assumed match length."
RR2001M,Men's,6,281,4:41,7.6,3715,DERIVED,"Complete-timeline events only -- same reconstructed timeline as ring_occupancy_stats.csv for this event. Percentage is of this event's own total measured match time, not a fixed assumed match length."
RR2001M,Men's,7,337,5:37,9.1,3715,DERIVED,"Complete-timeline events only -- same reconstructed timeline as ring_occupancy_stats.csv for this event. Percentage is of this event's own total measured match time, not a fixed assumed match length."
RR2001M,Men's,8,252,4:12,6.8,3715,DERIVED,"Complete-timeline events only -- same reconstructed timeline as ring_occupancy_stats.csv for this event. Percentage is of this event's own total measured match time, not a fixed assumed match length."
RR2001M,Men's,9,19,0:19,0.5,3715,DERIVED,"Complete-timeline events only -- same reconstructed timeline as ring_occupancy_stats.csv for this event. Percentage is of this event's own total measured match time, not a fixed assumed match length."
RR2002M,Men's,0,120,2:00,2.9,4165,DERIVED,"Complete-timeline events only -- same reconstructed timeline as ring_occupancy_stats.csv for this event. Percentage is of this event's own total measured match time, not a fixed assumed match length."
RR2002M,Men's,1,595,9:55,14.3,4165,DERIVED,"Complete-timeline events only -- same reconstructed timeline as ring_occupancy_stats.csv for this event. Percentage is of this event's own total measured match time, not a fixed assumed match length."
RR2002M,Men's,2,1043,17:23,25.0,4165,DERIVED,"Complete-timeline events only -- same reconstructed timeline as ring_occupancy_stats.csv for this event. Percentage is of this event's own total measured match time, not a fixed assumed match length."
RR2002M,Men's,3,1200,20:00,28.8,4165,DERIVED,"Complete-timeline events only -- same reconstructed timeline as ring_occupancy_stats.csv for this event. Percentage is of this event's own total measured match time, not a fixed assumed match length."
RR2002M,Men's,4,670,11:10,16.1,4165,DERIVED,"Complete-timeline events only -- same reconstructed timeline as ring_occupancy_stats.csv for this event. Percentage is of this event's own total measured match time, not a fixed assumed match length."
RR2002M,Men's,5,432,7:12,10.4,4165,DERIVED,"Complete-timeline events only -- same reconstructed timeline as ring_occupancy_stats.csv for this event. Percentage is of this event's own total measured match time, not a fixed assumed match length."
RR2002M,Men's,6,105,1:45,2.5,4165,DERIVED,"Complete-timeline events only -- same reconstructed timeline as ring_occupancy_stats.csv for this event. Percentage is of this event's own total measured match time, not a fixed assumed match length."
RR2003M,Men's,1,98,1:38,3.0,3227,DERIVED,"Complete-timeline events only -- same reconstructed timeline as ring_occupancy_stats.csv for this event. Percentage is of this event's own total measured match time, not a fixed assumed match length."
RR2003M,Men's,2,331,5:31,10.3,3227,DERIVED,"Complete-timeline events only -- same reconstructed timeline as ring_occupancy_stats.csv for this event. Percentage is of this event's own total measured match time, not a fixed assumed match length."
RR2003M,Men's,3,184,3:04,5.7,3227,DERIVED,"Complete-timeline events only -- same reconstructed timeline as ring_occupancy_stats.csv for this event. Percentage is of this event's own total measured match time, not a fixed assumed match length."
RR2003M,Men's,4,486,8:06,15.1,3227,DERIVED,"Complete-timeline events only -- same reconstructed timeline as ring_occupancy_stats.csv for this event. Percentage is of this event's own total measured match time, not a fixed assumed match length."
RR2003M,Men's,5,377,6:17,11.7,3227,DERIVED,"Complete-timeline events only -- same reconstructed timeline as ring_occupancy_stats.csv for this event. Percentage is of this event's own total measured match time, not a fixed assumed match length."
RR2003M,Men's,6,341,5:41,10.6,3227,DERIVED,"Complete-timeline events only -- same reconstructed timeline as ring_occupancy_stats.csv for this event. Percentage is of this event's own total measured match time, not a fixed assumed match length."
RR2003M,Men's,7,221,3:41,6.8,3227,DERIVED,"Complete-timeline events only -- same reconstructed timeline as ring_occupancy_stats.csv for this event. Percentage is of this event's own total measured match time, not a fixed assumed match length."
RR2003M,Men's,8,169,2:49,5.2,3227,DERIVED,"Complete-timeline events only -- same reconstructed timeline as ring_occupancy_stats.csv for this event. Percentage is of this event's own total measured match time, not a fixed assumed match length."
RR2003M,Men's,9,183,3:03,5.7,3227,DERIVED,"Complete-timeline events only -- same reconstructed timeline as ring_occupancy_stats.csv for this event. Percentage is of this event's own total measured match time, not a fixed assumed match length."
RR2003M,Men's,10,181,3:01,5.6,3227,DERIVED,"Complete-timeline events only -- same reconstructed timeline as ring_occupancy_stats.csv for this event. Percentage is of this event's own total measured match time, not a fixed assumed match length."
RR2003M,Men's,11,337,5:37,10.4,3227,DERIVED,"Complete-timeline events only -- same reconstructed timeline as ring_occupancy_stats.csv for this event. Percentage is of this event's own total measured match time, not a fixed assumed match length."
RR2003M,Men's,12,272,4:32,8.4,3227,DERIVED,"Complete-timeline events only -- same reconstructed timeline as ring_occupancy_stats.csv for this event. Percentage is of this event's own total measured match time, not a fixed assumed match length."
RR2003M,Men's,13,47,0:47,1.5,3227,DERIVED,"Complete-timeline events only -- same reconstructed timeline as ring_occupancy_stats.csv for this event. Percentage is of this event's own total measured match time, not a fixed assumed match length."
RR2004M,Men's,1,5,0:05,0.1,3696,DERIVED,"Complete-timeline events only -- same reconstructed timeline as ring_occupancy_stats.csv for this event. Percentage is of this event's own total measured match time, not a fixed assumed match length."
RR2004M,Men's,2,534,8:54,14.4,3696,DERIVED,"Complete-timeline events only -- same reconstructed timeline as ring_occupancy_stats.csv for this event. Percentage is of this event's own total measured match time, not a fixed assumed match length."
RR2004M,Men's,3,874,14:34,23.6,3696,DERIVED,"Complete-timeline events only -- same reconstructed timeline as ring_occupancy_stats.csv for this event. Percentage is of this event's own total measured match time, not a fixed assumed match length."
RR2004M,Men's,4,563,9:23,15.2,3696,DERIVED,"Complete-timeline events only -- same reconstructed timeline as ring_occupancy_stats.csv for this event. Percentage is of this event's own total measured match time, not a fixed assumed match length."
RR2004M,Men's,5,391,6:31,10.6,3696,DERIVED,"Complete-timeline events only -- same reconstructed timeline as ring_occupancy_stats.csv for this event. Percentage is of this event's own total measured match time, not a fixed assumed match length."
RR2004M,Men's,6,806,13:26,21.8,3696,DERIVED,"Complete-timeline events only -- same reconstructed timeline as ring_occupancy_stats.csv for this event. Percentage is of this event's own total measured match time, not a fixed assumed match length."
RR2004M,Men's,7,297,4:57,8.0,3696,DERIVED,"Complete-timeline events only -- same reconstructed timeline as ring_occupancy_stats.csv for this event. Percentage is of this event's own total measured match time, not a fixed assumed match length."
RR2004M,Men's,8,88,1:28,2.4,3696,DERIVED,"Complete-timeline events only -- same reconstructed timeline as ring_occupancy_stats.csv for this event. Percentage is of this event's own total measured match time, not a fixed assumed match length."
RR2004M,Men's,9,111,1:51,3.0,3696,DERIVED,"Complete-timeline events only -- same reconstructed timeline as ring_occupancy_stats.csv for this event. Percentage is of this event's own total measured match time, not a fixed assumed match length."
RR2004M,Men's,10,27,0:27,0.7,3696,DERIVED,"Complete-timeline events only -- same reconstructed timeline as ring_occupancy_stats.csv for this event. Percentage is of this event's own total measured match time, not a fixed assumed match length."
RR2005M,Men's,2,256,4:16,8.3,3082,DERIVED,"Complete-timeline events only -- same reconstructed timeline as ring_occupancy_stats.csv for this event. Percentage is of this event's own total measured match time, not a fixed assumed match length."
RR2005M,Men's,3,316,5:16,10.3,3082,DERIVED,"Complete-timeline events only -- same reconstructed timeline as ring_occupancy_stats.csv for this event. Percentage is of this event's own total measured match time, not a fixed assumed match length."
RR2005M,Men's,4,325,5:25,10.5,3082,DERIVED,"Complete-timeline events only -- same reconstructed timeline as ring_occupancy_stats.csv for this event. Percentage is of this event's own total measured match time, not a fixed assumed match length."
RR2005M,Men's,5,169,2:49,5.5,3082,DERIVED,"Complete-timeline events only -- same reconstructed timeline as ring_occupancy_stats.csv for this event. Percentage is of this event's own total measured match time, not a fixed assumed match length."
RR2005M,Men's,6,272,4:32,8.8,3082,DERIVED,"Complete-timeline events only -- same reconstructed timeline as ring_occupancy_stats.csv for this event. Percentage is of this event's own total measured match time, not a fixed assumed match length."
RR2005M,Men's,7,698,11:38,22.6,3082,DERIVED,"Complete-timeline events only -- same reconstructed timeline as ring_occupancy_stats.csv for this event. Percentage is of this event's own total measured match time, not a fixed assumed match length."
RR2005M,Men's,8,608,10:08,19.7,3082,DERIVED,"Complete-timeline events only -- same reconstructed timeline as ring_occupancy_stats.csv for this event. Percentage is of this event's own total measured match time, not a fixed assumed match length."
RR2005M,Men's,9,414,6:54,13.4,3082,DERIVED,"Complete-timeline events only -- same reconstructed timeline as ring_occupancy_stats.csv for this event. Percentage is of this event's own total measured match time, not a fixed assumed match length."
RR2005M,Men's,10,24,0:24,0.8,3082,DERIVED,"Complete-timeline events only -- same reconstructed timeline as ring_occupancy_stats.csv for this event. Percentage is of this event's own total measured match time, not a fixed assumed match length."
RR2006M,Men's,2,402,6:42,10.8,3734,DERIVED,"Complete-timeline events only -- same reconstructed timeline as ring_occupancy_stats.csv for this event. Percentage is of this event's own total measured match time, not a fixed assumed match length."
RR2006M,Men's,3,665,11:05,17.8,3734,DERIVED,"Complete-timeline events only -- same reconstructed timeline as ring_occupancy_stats.csv for this event. Percentage is of this event's own total measured match time, not a fixed assumed match length."
RR2006M,Men's,4,566,9:26,15.2,3734,DERIVED,"Complete-timeline events only -- same reconstructed timeline as ring_occupancy_stats.csv for this event. Percentage is of this event's own total measured match time, not a fixed assumed match length."
RR2006M,Men's,5,339,5:39,9.1,3734,DERIVED,"Complete-timeline events only -- same reconstructed timeline as ring_occupancy_stats.csv for this event. Percentage is of this event's own total measured match time, not a fixed assumed match length."
RR2006M,Men's,6,181,3:01,4.8,3734,DERIVED,"Complete-timeline events only -- same reconstructed timeline as ring_occupancy_stats.csv for this event. Percentage is of this event's own total measured match time, not a fixed assumed match length."
RR2006M,Men's,7,119,1:59,3.2,3734,DERIVED,"Complete-timeline events only -- same reconstructed timeline as ring_occupancy_stats.csv for this event. Percentage is of this event's own total measured match time, not a fixed assumed match length."
RR2006M,Men's,8,116,1:56,3.1,3734,DERIVED,"Complete-timeline events only -- same reconstructed timeline as ring_occupancy_stats.csv for this event. Percentage is of this event's own total measured match time, not a fixed assumed match length."
RR2006M,Men's,9,172,2:52,4.6,3734,DERIVED,"Complete-timeline events only -- same reconstructed timeline as ring_occupancy_stats.csv for this event. Percentage is of this event's own total measured match time, not a fixed assumed match length."
RR2006M,Men's,10,156,2:36,4.2,3734,DERIVED,"Complete-timeline events only -- same reconstructed timeline as ring_occupancy_stats.csv for this event. Percentage is of this event's own total measured match time, not a fixed assumed match length."
RR2006M,Men's,11,269,4:29,7.2,3734,DERIVED,"Complete-timeline events only -- same reconstructed timeline as ring_occupancy_stats.csv for this event. Percentage is of this event's own total measured match time, not a fixed assumed match length."
RR2006M,Men's,12,287,4:47,7.7,3734,DERIVED,"Complete-timeline events only -- same reconstructed timeline as ring_occupancy_stats.csv for this event. Percentage is of this event's own total measured match time, not a fixed assumed match length."
RR2006M,Men's,13,367,6:07,9.8,3734,DERIVED,"Complete-timeline events only -- same reconstructed timeline as ring_occupancy_stats.csv for this event. Percentage is of this event's own total measured match time, not a fixed assumed match length."
RR2006M,Men's,14,95,1:35,2.5,3734,DERIVED,"Complete-timeline events only -- same reconstructed timeline as ring_occupancy_stats.csv for this event. Percentage is of this event's own total measured match time, not a fixed assumed match length."
RR2007M,Men's,2,557,9:17,16.5,3380,DERIVED,"Complete-timeline events only -- same reconstructed timeline as ring_occupancy_stats.csv for this event. Percentage is of this event's own total measured match time, not a fixed assumed match length."
RR2007M,Men's,3,114,1:54,3.4,3380,DERIVED,"Complete-timeline events only -- same reconstructed timeline as ring_occupancy_stats.csv for this event. Percentage is of this event's own total measured match time, not a fixed assumed match length."
RR2007M,Men's,4,463,7:43,13.7,3380,DERIVED,"Complete-timeline events only -- same reconstructed timeline as ring_occupancy_stats.csv for this event. Percentage is of this event's own total measured match time, not a fixed assumed match length."
RR2007M,Men's,5,254,4:14,7.5,3380,DERIVED,"Complete-timeline events only -- same reconstructed timeline as ring_occupancy_stats.csv for this event. Percentage is of this event's own total measured match time, not a fixed assumed match length."
RR2007M,Men's,6,184,3:04,5.4,3380,DERIVED,"Complete-timeline events only -- same reconstructed timeline as ring_occupancy_stats.csv for this event. Percentage is of this event's own total measured match time, not a fixed assumed match length."
RR2007M,Men's,7,416,6:56,12.3,3380,DERIVED,"Complete-timeline events only -- same reconstructed timeline as ring_occupancy_stats.csv for this event. Percentage is of this event's own total measured match time, not a fixed assumed match length."
RR2007M,Men's,8,342,5:42,10.1,3380,DERIVED,"Complete-timeline events only -- same reconstructed timeline as ring_occupancy_stats.csv for this event. Percentage is of this event's own total measured match time, not a fixed assumed match length."
RR2007M,Men's,9,555,9:15,16.4,3380,DERIVED,"Complete-timeline events only -- same reconstructed timeline as ring_occupancy_stats.csv for this event. Percentage is of this event's own total measured match time, not a fixed assumed match length."
RR2007M,Men's,10,305,5:05,9.0,3380,DERIVED,"Complete-timeline events only -- same reconstructed timeline as ring_occupancy_stats.csv for this event. Percentage is of this event's own total measured match time, not a fixed assumed match length."
RR2007M,Men's,11,165,2:45,4.9,3380,DERIVED,"Complete-timeline events only -- same reconstructed timeline as ring_occupancy_stats.csv for this event. Percentage is of this event's own total measured match time, not a fixed assumed match length."
RR2007M,Men's,12,25,0:25,0.7,3380,DERIVED,"Complete-timeline events only -- same reconstructed timeline as ring_occupancy_stats.csv for this event. Percentage is of this event's own total measured match time, not a fixed assumed match length."
RR2008M,Men's,2,462,7:42,15.0,3089,DERIVED,"Complete-timeline events only -- same reconstructed timeline as ring_occupancy_stats.csv for this event. Percentage is of this event's own total measured match time, not a fixed assumed match length."
RR2008M,Men's,3,335,5:35,10.8,3089,DERIVED,"Complete-timeline events only -- same reconstructed timeline as ring_occupancy_stats.csv for this event. Percentage is of this event's own total measured match time, not a fixed assumed match length."
RR2008M,Men's,4,91,1:31,2.9,3089,DERIVED,"Complete-timeline events only -- same reconstructed timeline as ring_occupancy_stats.csv for this event. Percentage is of this event's own total measured match time, not a fixed assumed match length."
RR2008M,Men's,5,254,4:14,8.2,3089,DERIVED,"Complete-timeline events only -- same reconstructed timeline as ring_occupancy_stats.csv for this event. Percentage is of this event's own total measured match time, not a fixed assumed match length."
RR2008M,Men's,6,268,4:28,8.7,3089,DERIVED,"Complete-timeline events only -- same reconstructed timeline as ring_occupancy_stats.csv for this event. Percentage is of this event's own total measured match time, not a fixed assumed match length."
RR2008M,Men's,7,265,4:25,8.6,3089,DERIVED,"Complete-timeline events only -- same reconstructed timeline as ring_occupancy_stats.csv for this event. Percentage is of this event's own total measured match time, not a fixed assumed match length."
RR2008M,Men's,8,231,3:51,7.5,3089,DERIVED,"Complete-timeline events only -- same reconstructed timeline as ring_occupancy_stats.csv for this event. Percentage is of this event's own total measured match time, not a fixed assumed match length."
RR2008M,Men's,9,165,2:45,5.3,3089,DERIVED,"Complete-timeline events only -- same reconstructed timeline as ring_occupancy_stats.csv for this event. Percentage is of this event's own total measured match time, not a fixed assumed match length."
RR2008M,Men's,10,216,3:36,7.0,3089,DERIVED,"Complete-timeline events only -- same reconstructed timeline as ring_occupancy_stats.csv for this event. Percentage is of this event's own total measured match time, not a fixed assumed match length."
RR2008M,Men's,11,501,8:21,16.2,3089,DERIVED,"Complete-timeline events only -- same reconstructed timeline as ring_occupancy_stats.csv for this event. Percentage is of this event's own total measured match time, not a fixed assumed match length."
RR2008M,Men's,12,206,3:26,6.7,3089,DERIVED,"Complete-timeline events only -- same reconstructed timeline as ring_occupancy_stats.csv for this event. Percentage is of this event's own total measured match time, not a fixed assumed match length."
RR2008M,Men's,13,95,1:35,3.1,3089,DERIVED,"Complete-timeline events only -- same reconstructed timeline as ring_occupancy_stats.csv for this event. Percentage is of this event's own total measured match time, not a fixed assumed match length."
RR2009M,Men's,2,102,1:42,2.9,3517,DERIVED,"Complete-timeline events only -- same reconstructed timeline as ring_occupancy_stats.csv for this event. Percentage is of this event's own total measured match time, not a fixed assumed match length."
RR2009M,Men's,3,213,3:33,6.1,3517,DERIVED,"Complete-timeline events only -- same reconstructed timeline as ring_occupancy_stats.csv for this event. Percentage is of this event's own total measured match time, not a fixed assumed match length."
RR2009M,Men's,4,440,7:20,12.5,3517,DERIVED,"Complete-timeline events only -- same reconstructed timeline as ring_occupancy_stats.csv for this event. Percentage is of this event's own total measured match time, not a fixed assumed match length."
RR2009M,Men's,5,192,3:12,5.5,3517,DERIVED,"Complete-timeline events only -- same reconstructed timeline as ring_occupancy_stats.csv for this event. Percentage is of this event's own total measured match time, not a fixed assumed match length."
RR2009M,Men's,6,302,5:02,8.6,3517,DERIVED,"Complete-timeline events only -- same reconstructed timeline as ring_occupancy_stats.csv for this event. Percentage is of this event's own total measured match time, not a fixed assumed match length."
RR2009M,Men's,7,153,2:33,4.4,3517,DERIVED,"Complete-timeline events only -- same reconstructed timeline as ring_occupancy_stats.csv for this event. Percentage is of this event's own total measured match time, not a fixed assumed match length."
RR2009M,Men's,8,218,3:38,6.2,3517,DERIVED,"Complete-timeline events only -- same reconstructed timeline as ring_occupancy_stats.csv for this event. Percentage is of this event's own total measured match time, not a fixed assumed match length."
RR2009M,Men's,9,404,6:44,11.5,3517,DERIVED,"Complete-timeline events only -- same reconstructed timeline as ring_occupancy_stats.csv for this event. Percentage is of this event's own total measured match time, not a fixed assumed match length."
RR2009M,Men's,10,213,3:33,6.1,3517,DERIVED,"Complete-timeline events only -- same reconstructed timeline as ring_occupancy_stats.csv for this event. Percentage is of this event's own total measured match time, not a fixed assumed match length."
RR2009M,Men's,11,89,1:29,2.5,3517,DERIVED,"Complete-timeline events only -- same reconstructed timeline as ring_occupancy_stats.csv for this event. Percentage is of this event's own total measured match time, not a fixed assumed match length."
RR2009M,Men's,12,266,4:26,7.6,3517,DERIVED,"Complete-timeline events only -- same reconstructed timeline as ring_occupancy_stats.csv for this event. Percentage is of this event's own total measured match time, not a fixed assumed match length."
RR2009M,Men's,13,544,9:04,15.5,3517,DERIVED,"Complete-timeline events only -- same reconstructed timeline as ring_occupancy_stats.csv for this event. Percentage is of this event's own total measured match time, not a fixed assumed match length."
RR2009M,Men's,14,333,5:33,9.5,3517,DERIVED,"Complete-timeline events only -- same reconstructed timeline as ring_occupancy_stats.csv for this event. Percentage is of this event's own total measured match time, not a fixed assumed match length."
RR2009M,Men's,15,48,0:48,1.4,3517,DERIVED,"Complete-timeline events only -- same reconstructed timeline as ring_occupancy_stats.csv for this event. Percentage is of this event's own total measured match time, not a fixed assumed match length."
RR2010M,Men's,1,252,4:12,8.5,2964,DERIVED,"Complete-timeline events only -- same reconstructed timeline as ring_occupancy_stats.csv for this event. Percentage is of this event's own total measured match time, not a fixed assumed match length."
RR2010M,Men's,2,646,10:46,21.8,2964,DERIVED,"Complete-timeline events only -- same reconstructed timeline as ring_occupancy_stats.csv for this event. Percentage is of this event's own total measured match time, not a fixed assumed match length."
RR2010M,Men's,3,799,13:19,27.0,2964,DERIVED,"Complete-timeline events only -- same reconstructed timeline as ring_occupancy_stats.csv for this event. Percentage is of this event's own total measured match time, not a fixed assumed match length."
RR2010M,Men's,4,635,10:35,21.4,2964,DERIVED,"Complete-timeline events only -- same reconstructed timeline as ring_occupancy_stats.csv for this event. Percentage is of this event's own total measured match time, not a fixed assumed match length."
RR2010M,Men's,5,157,2:37,5.3,2964,DERIVED,"Complete-timeline events only -- same reconstructed timeline as ring_occupancy_stats.csv for this event. Percentage is of this event's own total measured match time, not a fixed assumed match length."
RR2010M,Men's,6,267,4:27,9.0,2964,DERIVED,"Complete-timeline events only -- same reconstructed timeline as ring_occupancy_stats.csv for this event. Percentage is of this event's own total measured match time, not a fixed assumed match length."
RR2010M,Men's,7,170,2:50,5.7,2964,DERIVED,"Complete-timeline events only -- same reconstructed timeline as ring_occupancy_stats.csv for this event. Percentage is of this event's own total measured match time, not a fixed assumed match length."
RR2010M,Men's,8,31,0:31,1.0,2964,DERIVED,"Complete-timeline events only -- same reconstructed timeline as ring_occupancy_stats.csv for this event. Percentage is of this event's own total measured match time, not a fixed assumed match length."
RR2010M,Men's,9,7,0:07,0.2,2964,DERIVED,"Complete-timeline events only -- same reconstructed timeline as ring_occupancy_stats.csv for this event. Percentage is of this event's own total measured match time, not a fixed assumed match length."
RR2011M,Men's,2,490,8:10,11.7,4192,DERIVED,"Complete-timeline events only -- same reconstructed timeline as ring_occupancy_stats.csv for this event. Percentage is of this event's own total measured match time, not a fixed assumed match length."
RR2011M,Men's,3,471,7:51,11.2,4192,DERIVED,"Complete-timeline events only -- same reconstructed timeline as ring_occupancy_stats.csv for this event. Percentage is of this event's own total measured match time, not a fixed assumed match length."
RR2011M,Men's,4,839,13:59,20.0,4192,DERIVED,"Complete-timeline events only -- same reconstructed timeline as ring_occupancy_stats.csv for this event. Percentage is of this event's own total measured match time, not a fixed assumed match length."
RR2011M,Men's,5,851,14:11,20.3,4192,DERIVED,"Complete-timeline events only -- same reconstructed timeline as ring_occupancy_stats.csv for this event. Percentage is of this event's own total measured match time, not a fixed assumed match length."
RR2011M,Men's,6,365,6:05,8.7,4192,DERIVED,"Complete-timeline events only -- same reconstructed timeline as ring_occupancy_stats.csv for this event. Percentage is of this event's own total measured match time, not a fixed assumed match length."
RR2011M,Men's,7,781,13:01,18.6,4192,DERIVED,"Complete-timeline events only -- same reconstructed timeline as ring_occupancy_stats.csv for this event. Percentage is of this event's own total measured match time, not a fixed assumed match length."
RR2011M,Men's,8,315,5:15,7.5,4192,DERIVED,"Complete-timeline events only -- same reconstructed timeline as ring_occupancy_stats.csv for this event. Percentage is of this event's own total measured match time, not a fixed assumed match length."
RR2011M,Men's,9,80,1:20,1.9,4192,DERIVED,"Complete-timeline events only -- same reconstructed timeline as ring_occupancy_stats.csv for this event. Percentage is of this event's own total measured match time, not a fixed assumed match length."
RR2012M,Men's,1,60,1:00,1.8,3293,DERIVED,"Complete-timeline events only -- same reconstructed timeline as ring_occupancy_stats.csv for this event. Percentage is of this event's own total measured match time, not a fixed assumed match length."
RR2012M,Men's,2,653,10:53,19.8,3293,DERIVED,"Complete-timeline events only -- same reconstructed timeline as ring_occupancy_stats.csv for this event. Percentage is of this event's own total measured match time, not a fixed assumed match length."
RR2012M,Men's,3,237,3:57,7.2,3293,DERIVED,"Complete-timeline events only -- same reconstructed timeline as ring_occupancy_stats.csv for this event. Percentage is of this event's own total measured match time, not a fixed assumed match length."
RR2012M,Men's,4,785,13:05,23.8,3293,DERIVED,"Complete-timeline events only -- same reconstructed timeline as ring_occupancy_stats.csv for this event. Percentage is of this event's own total measured match time, not a fixed assumed match length."
RR2012M,Men's,5,543,9:03,16.5,3293,DERIVED,"Complete-timeline events only -- same reconstructed timeline as ring_occupancy_stats.csv for this event. Percentage is of this event's own total measured match time, not a fixed assumed match length."
RR2012M,Men's,6,328,5:28,10.0,3293,DERIVED,"Complete-timeline events only -- same reconstructed timeline as ring_occupancy_stats.csv for this event. Percentage is of this event's own total measured match time, not a fixed assumed match length."
RR2012M,Men's,7,453,7:33,13.8,3293,DERIVED,"Complete-timeline events only -- same reconstructed timeline as ring_occupancy_stats.csv for this event. Percentage is of this event's own total measured match time, not a fixed assumed match length."
RR2012M,Men's,8,168,2:48,5.1,3293,DERIVED,"Complete-timeline events only -- same reconstructed timeline as ring_occupancy_stats.csv for this event. Percentage is of this event's own total measured match time, not a fixed assumed match length."
RR2012M,Men's,9,66,1:06,2.0,3293,DERIVED,"Complete-timeline events only -- same reconstructed timeline as ring_occupancy_stats.csv for this event. Percentage is of this event's own total measured match time, not a fixed assumed match length."
RR2013M,Men's,2,206,3:26,6.3,3247,DERIVED,"Complete-timeline events only -- same reconstructed timeline as ring_occupancy_stats.csv for this event. Percentage is of this event's own total measured match time, not a fixed assumed match length."
RR2013M,Men's,3,266,4:26,8.2,3247,DERIVED,"Complete-timeline events only -- same reconstructed timeline as ring_occupancy_stats.csv for this event. Percentage is of this event's own total measured match time, not a fixed assumed match length."
RR2013M,Men's,4,187,3:07,5.8,3247,DERIVED,"Complete-timeline events only -- same reconstructed timeline as ring_occupancy_stats.csv for this event. Percentage is of this event's own total measured match time, not a fixed assumed match length."
RR2013M,Men's,5,297,4:57,9.1,3247,DERIVED,"Complete-timeline events only -- same reconstructed timeline as ring_occupancy_stats.csv for this event. Percentage is of this event's own total measured match time, not a fixed assumed match length."
RR2013M,Men's,6,190,3:10,5.9,3247,DERIVED,"Complete-timeline events only -- same reconstructed timeline as ring_occupancy_stats.csv for this event. Percentage is of this event's own total measured match time, not a fixed assumed match length."
RR2013M,Men's,7,412,6:52,12.7,3247,DERIVED,"Complete-timeline events only -- same reconstructed timeline as ring_occupancy_stats.csv for this event. Percentage is of this event's own total measured match time, not a fixed assumed match length."
RR2013M,Men's,8,550,9:10,16.9,3247,DERIVED,"Complete-timeline events only -- same reconstructed timeline as ring_occupancy_stats.csv for this event. Percentage is of this event's own total measured match time, not a fixed assumed match length."
RR2013M,Men's,9,800,13:20,24.6,3247,DERIVED,"Complete-timeline events only -- same reconstructed timeline as ring_occupancy_stats.csv for this event. Percentage is of this event's own total measured match time, not a fixed assumed match length."
RR2013M,Men's,10,249,4:09,7.7,3247,DERIVED,"Complete-timeline events only -- same reconstructed timeline as ring_occupancy_stats.csv for this event. Percentage is of this event's own total measured match time, not a fixed assumed match length."
RR2013M,Men's,11,82,1:22,2.5,3247,DERIVED,"Complete-timeline events only -- same reconstructed timeline as ring_occupancy_stats.csv for this event. Percentage is of this event's own total measured match time, not a fixed assumed match length."
RR2013M,Men's,12,8,0:08,0.2,3247,DERIVED,"Complete-timeline events only -- same reconstructed timeline as ring_occupancy_stats.csv for this event. Percentage is of this event's own total measured match time, not a fixed assumed match length."
RR2014M,Men's,2,236,3:56,7.1,3309,DERIVED,"Complete-timeline events only -- same reconstructed timeline as ring_occupancy_stats.csv for this event. Percentage is of this event's own total measured match time, not a fixed assumed match length."
RR2014M,Men's,3,414,6:54,12.5,3309,DERIVED,"Complete-timeline events only -- same reconstructed timeline as ring_occupancy_stats.csv for this event. Percentage is of this event's own total measured match time, not a fixed assumed match length."
RR2014M,Men's,4,248,4:08,7.5,3309,DERIVED,"Complete-timeline events only -- same reconstructed timeline as ring_occupancy_stats.csv for this event. Percentage is of this event's own total measured match time, not a fixed assumed match length."
RR2014M,Men's,5,182,3:02,5.5,3309,DERIVED,"Complete-timeline events only -- same reconstructed timeline as ring_occupancy_stats.csv for this event. Percentage is of this event's own total measured match time, not a fixed assumed match length."
RR2014M,Men's,6,300,5:00,9.1,3309,DERIVED,"Complete-timeline events only -- same reconstructed timeline as ring_occupancy_stats.csv for this event. Percentage is of this event's own total measured match time, not a fixed assumed match length."
RR2014M,Men's,7,453,7:33,13.7,3309,DERIVED,"Complete-timeline events only -- same reconstructed timeline as ring_occupancy_stats.csv for this event. Percentage is of this event's own total measured match time, not a fixed assumed match length."
RR2014M,Men's,8,577,9:37,17.4,3309,DERIVED,"Complete-timeline events only -- same reconstructed timeline as ring_occupancy_stats.csv for this event. Percentage is of this event's own total measured match time, not a fixed assumed match length."
RR2014M,Men's,9,619,10:19,18.7,3309,DERIVED,"Complete-timeline events only -- same reconstructed timeline as ring_occupancy_stats.csv for this event. Percentage is of this event's own total measured match time, not a fixed assumed match length."
RR2014M,Men's,10,261,4:21,7.9,3309,DERIVED,"Complete-timeline events only -- same reconstructed timeline as ring_occupancy_stats.csv for this event. Percentage is of this event's own total measured match time, not a fixed assumed match length."
RR2014M,Men's,11,19,0:19,0.6,3309,DERIVED,"Complete-timeline events only -- same reconstructed timeline as ring_occupancy_stats.csv for this event. Percentage is of this event's own total measured match time, not a fixed assumed match length."
RR2015M,Men's,1,292,4:52,8.2,3574,DERIVED,"Complete-timeline events only -- same reconstructed timeline as ring_occupancy_stats.csv for this event. Percentage is of this event's own total measured match time, not a fixed assumed match length."
RR2015M,Men's,2,722,12:02,20.2,3574,DERIVED,"Complete-timeline events only -- same reconstructed timeline as ring_occupancy_stats.csv for this event. Percentage is of this event's own total measured match time, not a fixed assumed match length."
RR2015M,Men's,3,336,5:36,9.4,3574,DERIVED,"Complete-timeline events only -- same reconstructed timeline as ring_occupancy_stats.csv for this event. Percentage is of this event's own total measured match time, not a fixed assumed match length."
RR2015M,Men's,4,699,11:39,19.6,3574,DERIVED,"Complete-timeline events only -- same reconstructed timeline as ring_occupancy_stats.csv for this event. Percentage is of this event's own total measured match time, not a fixed assumed match length."
RR2015M,Men's,5,616,10:16,17.2,3574,DERIVED,"Complete-timeline events only -- same reconstructed timeline as ring_occupancy_stats.csv for this event. Percentage is of this event's own total measured match time, not a fixed assumed match length."
RR2015M,Men's,6,155,2:35,4.3,3574,DERIVED,"Complete-timeline events only -- same reconstructed timeline as ring_occupancy_stats.csv for this event. Percentage is of this event's own total measured match time, not a fixed assumed match length."
RR2015M,Men's,7,134,2:14,3.7,3574,DERIVED,"Complete-timeline events only -- same reconstructed timeline as ring_occupancy_stats.csv for this event. Percentage is of this event's own total measured match time, not a fixed assumed match length."
RR2015M,Men's,8,320,5:20,9.0,3574,DERIVED,"Complete-timeline events only -- same reconstructed timeline as ring_occupancy_stats.csv for this event. Percentage is of this event's own total measured match time, not a fixed assumed match length."
RR2015M,Men's,9,189,3:09,5.3,3574,DERIVED,"Complete-timeline events only -- same reconstructed timeline as ring_occupancy_stats.csv for this event. Percentage is of this event's own total measured match time, not a fixed assumed match length."
RR2015M,Men's,10,111,1:51,3.1,3574,DERIVED,"Complete-timeline events only -- same reconstructed timeline as ring_occupancy_stats.csv for this event. Percentage is of this event's own total measured match time, not a fixed assumed match length."
RR2016M,Men's,1,87,1:27,2.4,3702,DERIVED,"Complete-timeline events only -- same reconstructed timeline as ring_occupancy_stats.csv for this event. Percentage is of this event's own total measured match time, not a fixed assumed match length."
RR2016M,Men's,2,375,6:15,10.1,3702,DERIVED,"Complete-timeline events only -- same reconstructed timeline as ring_occupancy_stats.csv for this event. Percentage is of this event's own total measured match time, not a fixed assumed match length."
RR2016M,Men's,3,232,3:52,6.3,3702,DERIVED,"Complete-timeline events only -- same reconstructed timeline as ring_occupancy_stats.csv for this event. Percentage is of this event's own total measured match time, not a fixed assumed match length."
RR2016M,Men's,4,167,2:47,4.5,3702,DERIVED,"Complete-timeline events only -- same reconstructed timeline as ring_occupancy_stats.csv for this event. Percentage is of this event's own total measured match time, not a fixed assumed match length."
RR2016M,Men's,5,456,7:36,12.3,3702,DERIVED,"Complete-timeline events only -- same reconstructed timeline as ring_occupancy_stats.csv for this event. Percentage is of this event's own total measured match time, not a fixed assumed match length."
RR2016M,Men's,6,743,12:23,20.1,3702,DERIVED,"Complete-timeline events only -- same reconstructed timeline as ring_occupancy_stats.csv for this event. Percentage is of this event's own total measured match time, not a fixed assumed match length."
RR2016M,Men's,7,775,12:55,20.9,3702,DERIVED,"Complete-timeline events only -- same reconstructed timeline as ring_occupancy_stats.csv for this event. Percentage is of this event's own total measured match time, not a fixed assumed match length."
RR2016M,Men's,8,733,12:13,19.8,3702,DERIVED,"Complete-timeline events only -- same reconstructed timeline as ring_occupancy_stats.csv for this event. Percentage is of this event's own total measured match time, not a fixed assumed match length."
RR2016M,Men's,9,134,2:14,3.6,3702,DERIVED,"Complete-timeline events only -- same reconstructed timeline as ring_occupancy_stats.csv for this event. Percentage is of this event's own total measured match time, not a fixed assumed match length."
RR2017M,Men's,1,27,0:27,0.7,3754,DERIVED,"Complete-timeline events only -- same reconstructed timeline as ring_occupancy_stats.csv for this event. Percentage is of this event's own total measured match time, not a fixed assumed match length."
RR2017M,Men's,2,155,2:35,4.1,3754,DERIVED,"Complete-timeline events only -- same reconstructed timeline as ring_occupancy_stats.csv for this event. Percentage is of this event's own total measured match time, not a fixed assumed match length."
RR2017M,Men's,3,347,5:47,9.2,3754,DERIVED,"Complete-timeline events only -- same reconstructed timeline as ring_occupancy_stats.csv for this event. Percentage is of this event's own total measured match time, not a fixed assumed match length."
RR2017M,Men's,4,598,9:58,15.9,3754,DERIVED,"Complete-timeline events only -- same reconstructed timeline as ring_occupancy_stats.csv for this event. Percentage is of this event's own total measured match time, not a fixed assumed match length."
RR2017M,Men's,5,565,9:25,15.1,3754,DERIVED,"Complete-timeline events only -- same reconstructed timeline as ring_occupancy_stats.csv for this event. Percentage is of this event's own total measured match time, not a fixed assumed match length."
RR2017M,Men's,6,376,6:16,10.0,3754,DERIVED,"Complete-timeline events only -- same reconstructed timeline as ring_occupancy_stats.csv for this event. Percentage is of this event's own total measured match time, not a fixed assumed match length."
RR2017M,Men's,7,214,3:34,5.7,3754,DERIVED,"Complete-timeline events only -- same reconstructed timeline as ring_occupancy_stats.csv for this event. Percentage is of this event's own total measured match time, not a fixed assumed match length."
RR2017M,Men's,8,186,3:06,5.0,3754,DERIVED,"Complete-timeline events only -- same reconstructed timeline as ring_occupancy_stats.csv for this event. Percentage is of this event's own total measured match time, not a fixed assumed match length."
RR2017M,Men's,9,554,9:14,14.8,3754,DERIVED,"Complete-timeline events only -- same reconstructed timeline as ring_occupancy_stats.csv for this event. Percentage is of this event's own total measured match time, not a fixed assumed match length."
RR2017M,Men's,10,422,7:02,11.2,3754,DERIVED,"Complete-timeline events only -- same reconstructed timeline as ring_occupancy_stats.csv for this event. Percentage is of this event's own total measured match time, not a fixed assumed match length."
RR2017M,Men's,11,174,2:54,4.6,3754,DERIVED,"Complete-timeline events only -- same reconstructed timeline as ring_occupancy_stats.csv for this event. Percentage is of this event's own total measured match time, not a fixed assumed match length."
RR2017M,Men's,12,97,1:37,2.6,3754,DERIVED,"Complete-timeline events only -- same reconstructed timeline as ring_occupancy_stats.csv for this event. Percentage is of this event's own total measured match time, not a fixed assumed match length."
RR2017M,Men's,13,39,0:39,1.0,3754,DERIVED,"Complete-timeline events only -- same reconstructed timeline as ring_occupancy_stats.csv for this event. Percentage is of this event's own total measured match time, not a fixed assumed match length."
RR2018M,Men's,1,11,0:11,0.3,3952,DERIVED,"Complete-timeline events only -- same reconstructed timeline as ring_occupancy_stats.csv for this event. Percentage is of this event's own total measured match time, not a fixed assumed match length."
RR2018M,Men's,2,577,9:37,14.6,3952,DERIVED,"Complete-timeline events only -- same reconstructed timeline as ring_occupancy_stats.csv for this event. Percentage is of this event's own total measured match time, not a fixed assumed match length."
RR2018M,Men's,3,407,6:47,10.3,3952,DERIVED,"Complete-timeline events only -- same reconstructed timeline as ring_occupancy_stats.csv for this event. Percentage is of this event's own total measured match time, not a fixed assumed match length."
RR2018M,Men's,4,513,8:33,13.0,3952,DERIVED,"Complete-timeline events only -- same reconstructed timeline as ring_occupancy_stats.csv for this event. Percentage is of this event's own total measured match time, not a fixed assumed match length."
RR2018M,Men's,5,184,3:04,4.7,3952,DERIVED,"Complete-timeline events only -- same reconstructed timeline as ring_occupancy_stats.csv for this event. Percentage is of this event's own total measured match time, not a fixed assumed match length."
RR2018M,Men's,6,557,9:17,14.1,3952,DERIVED,"Complete-timeline events only -- same reconstructed timeline as ring_occupancy_stats.csv for this event. Percentage is of this event's own total measured match time, not a fixed assumed match length."
RR2018M,Men's,7,535,8:55,13.5,3952,DERIVED,"Complete-timeline events only -- same reconstructed timeline as ring_occupancy_stats.csv for this event. Percentage is of this event's own total measured match time, not a fixed assumed match length."
RR2018M,Men's,8,437,7:17,11.1,3952,DERIVED,"Complete-timeline events only -- same reconstructed timeline as ring_occupancy_stats.csv for this event. Percentage is of this event's own total measured match time, not a fixed assumed match length."
RR2018M,Men's,9,354,5:54,9.0,3952,DERIVED,"Complete-timeline events only -- same reconstructed timeline as ring_occupancy_stats.csv for this event. Percentage is of this event's own total measured match time, not a fixed assumed match length."
RR2018M,Men's,10,272,4:32,6.9,3952,DERIVED,"Complete-timeline events only -- same reconstructed timeline as ring_occupancy_stats.csv for this event. Percentage is of this event's own total measured match time, not a fixed assumed match length."
RR2018M,Men's,11,105,1:45,2.7,3952,DERIVED,"Complete-timeline events only -- same reconstructed timeline as ring_occupancy_stats.csv for this event. Percentage is of this event's own total measured match time, not a fixed assumed match length."
RR2018W,Women's,1,2,0:02,0.1,3557,DERIVED,"Complete-timeline events only -- same reconstructed timeline as ring_occupancy_stats.csv for this event. Percentage is of this event's own total measured match time, not a fixed assumed match length."
RR2018W,Women's,2,269,4:29,7.6,3557,DERIVED,"Complete-timeline events only -- same reconstructed timeline as ring_occupancy_stats.csv for this event. Percentage is of this event's own total measured match time, not a fixed assumed match length."
RR2018W,Women's,3,237,3:57,6.7,3557,DERIVED,"Complete-timeline events only -- same reconstructed timeline as ring_occupancy_stats.csv for this event. Percentage is of this event's own total measured match time, not a fixed assumed match length."
RR2018W,Women's,4,494,8:14,13.9,3557,DERIVED,"Complete-timeline events only -- same reconstructed timeline as ring_occupancy_stats.csv for this event. Percentage is of this event's own total measured match time, not a fixed assumed match length."
RR2018W,Women's,5,921,15:21,25.9,3557,DERIVED,"Complete-timeline events only -- same reconstructed timeline as ring_occupancy_stats.csv for this event. Percentage is of this event's own total measured match time, not a fixed assumed match length."
RR2018W,Women's,6,837,13:57,23.5,3557,DERIVED,"Complete-timeline events only -- same reconstructed timeline as ring_occupancy_stats.csv for this event. Percentage is of this event's own total measured match time, not a fixed assumed match length."
RR2018W,Women's,7,408,6:48,11.5,3557,DERIVED,"Complete-timeline events only -- same reconstructed timeline as ring_occupancy_stats.csv for this event. Percentage is of this event's own total measured match time, not a fixed assumed match length."
RR2018W,Women's,8,247,4:07,6.9,3557,DERIVED,"Complete-timeline events only -- same reconstructed timeline as ring_occupancy_stats.csv for this event. Percentage is of this event's own total measured match time, not a fixed assumed match length."
RR2018W,Women's,9,142,2:22,4.0,3557,DERIVED,"Complete-timeline events only -- same reconstructed timeline as ring_occupancy_stats.csv for this event. Percentage is of this event's own total measured match time, not a fixed assumed match length."
RR2019M,Men's,1,44,0:44,1.3,3444,DERIVED,"Complete-timeline events only -- same reconstructed timeline as ring_occupancy_stats.csv for this event. Percentage is of this event's own total measured match time, not a fixed assumed match length."
RR2019M,Men's,2,278,4:38,8.1,3444,DERIVED,"Complete-timeline events only -- same reconstructed timeline as ring_occupancy_stats.csv for this event. Percentage is of this event's own total measured match time, not a fixed assumed match length."
RR2019M,Men's,3,194,3:14,5.6,3444,DERIVED,"Complete-timeline events only -- same reconstructed timeline as ring_occupancy_stats.csv for this event. Percentage is of this event's own total measured match time, not a fixed assumed match length."
RR2019M,Men's,4,543,9:03,15.8,3444,DERIVED,"Complete-timeline events only -- same reconstructed timeline as ring_occupancy_stats.csv for this event. Percentage is of this event's own total measured match time, not a fixed assumed match length."
RR2019M,Men's,5,627,10:27,18.2,3444,DERIVED,"Complete-timeline events only -- same reconstructed timeline as ring_occupancy_stats.csv for this event. Percentage is of this event's own total measured match time, not a fixed assumed match length."
RR2019M,Men's,6,517,8:37,15.0,3444,DERIVED,"Complete-timeline events only -- same reconstructed timeline as ring_occupancy_stats.csv for this event. Percentage is of this event's own total measured match time, not a fixed assumed match length."
RR2019M,Men's,7,472,7:52,13.7,3444,DERIVED,"Complete-timeline events only -- same reconstructed timeline as ring_occupancy_stats.csv for this event. Percentage is of this event's own total measured match time, not a fixed assumed match length."
RR2019M,Men's,8,511,8:31,14.8,3444,DERIVED,"Complete-timeline events only -- same reconstructed timeline as ring_occupancy_stats.csv for this event. Percentage is of this event's own total measured match time, not a fixed assumed match length."
RR2019M,Men's,9,258,4:18,7.5,3444,DERIVED,"Complete-timeline events only -- same reconstructed timeline as ring_occupancy_stats.csv for this event. Percentage is of this event's own total measured match time, not a fixed assumed match length."
RR2019W,Women's,1,1,0:01,0.0,4282,DERIVED,"Complete-timeline events only -- same reconstructed timeline as ring_occupancy_stats.csv for this event. Percentage is of this event's own total measured match time, not a fixed assumed match length."
RR2019W,Women's,2,383,6:23,8.9,4282,DERIVED,"Complete-timeline events only -- same reconstructed timeline as ring_occupancy_stats.csv for this event. Percentage is of this event's own total measured match time, not a fixed assumed match length."
RR2019W,Women's,3,329,5:29,7.7,4282,DERIVED,"Complete-timeline events only -- same reconstructed timeline as ring_occupancy_stats.csv for this event. Percentage is of this event's own total measured match time, not a fixed assumed match length."
RR2019W,Women's,4,193,3:13,4.5,4282,DERIVED,"Complete-timeline events only -- same reconstructed timeline as ring_occupancy_stats.csv for this event. Percentage is of this event's own total measured match time, not a fixed assumed match length."
RR2019W,Women's,5,436,7:16,10.2,4282,DERIVED,"Complete-timeline events only -- same reconstructed timeline as ring_occupancy_stats.csv for this event. Percentage is of this event's own total measured match time, not a fixed assumed match length."
RR2019W,Women's,6,736,12:16,17.2,4282,DERIVED,"Complete-timeline events only -- same reconstructed timeline as ring_occupancy_stats.csv for this event. Percentage is of this event's own total measured match time, not a fixed assumed match length."
RR2019W,Women's,7,902,15:02,21.1,4282,DERIVED,"Complete-timeline events only -- same reconstructed timeline as ring_occupancy_stats.csv for this event. Percentage is of this event's own total measured match time, not a fixed assumed match length."
RR2019W,Women's,8,690,11:30,16.1,4282,DERIVED,"Complete-timeline events only -- same reconstructed timeline as ring_occupancy_stats.csv for this event. Percentage is of this event's own total measured match time, not a fixed assumed match length."
RR2019W,Women's,9,516,8:36,12.1,4282,DERIVED,"Complete-timeline events only -- same reconstructed timeline as ring_occupancy_stats.csv for this event. Percentage is of this event's own total measured match time, not a fixed assumed match length."
RR2019W,Women's,10,96,1:36,2.2,4282,DERIVED,"Complete-timeline events only -- same reconstructed timeline as ring_occupancy_stats.csv for this event. Percentage is of this event's own total measured match time, not a fixed assumed match length."
RR2020M,Men's,1,889,14:49,24.6,3607,DERIVED,"Complete-timeline events only -- same reconstructed timeline as ring_occupancy_stats.csv for this event. Percentage is of this event's own total measured match time, not a fixed assumed match length."
RR2020M,Men's,2,752,12:32,20.8,3607,DERIVED,"Complete-timeline events only -- same reconstructed timeline as ring_occupancy_stats.csv for this event. Percentage is of this event's own total measured match time, not a fixed assumed match length."
RR2020M,Men's,3,483,8:03,13.4,3607,DERIVED,"Complete-timeline events only -- same reconstructed timeline as ring_occupancy_stats.csv for this event. Percentage is of this event's own total measured match time, not a fixed assumed match length."
RR2020M,Men's,4,456,7:36,12.6,3607,DERIVED,"Complete-timeline events only -- same reconstructed timeline as ring_occupancy_stats.csv for this event. Percentage is of this event's own total measured match time, not a fixed assumed match length."
RR2020M,Men's,5,513,8:33,14.2,3607,DERIVED,"Complete-timeline events only -- same reconstructed timeline as ring_occupancy_stats.csv for this event. Percentage is of this event's own total measured match time, not a fixed assumed match length."
RR2020M,Men's,6,270,4:30,7.5,3607,DERIVED,"Complete-timeline events only -- same reconstructed timeline as ring_occupancy_stats.csv for this event. Percentage is of this event's own total measured match time, not a fixed assumed match length."
RR2020M,Men's,7,183,3:03,5.1,3607,DERIVED,"Complete-timeline events only -- same reconstructed timeline as ring_occupancy_stats.csv for this event. Percentage is of this event's own total measured match time, not a fixed assumed match length."
RR2020M,Men's,8,61,1:01,1.7,3607,DERIVED,"Complete-timeline events only -- same reconstructed timeline as ring_occupancy_stats.csv for this event. Percentage is of this event's own total measured match time, not a fixed assumed match length."
RR2020W,Women's,1,141,2:21,4.3,3315,DERIVED,"Complete-timeline events only -- same reconstructed timeline as ring_occupancy_stats.csv for this event. Percentage is of this event's own total measured match time, not a fixed assumed match length."
RR2020W,Women's,2,307,5:07,9.3,3315,DERIVED,"Complete-timeline events only -- same reconstructed timeline as ring_occupancy_stats.csv for this event. Percentage is of this event's own total measured match time, not a fixed assumed match length."
RR2020W,Women's,3,271,4:31,8.2,3315,DERIVED,"Complete-timeline events only -- same reconstructed timeline as ring_occupancy_stats.csv for this event. Percentage is of this event's own total measured match time, not a fixed assumed match length."
RR2020W,Women's,4,575,9:35,17.3,3315,DERIVED,"Complete-timeline events only -- same reconstructed timeline as ring_occupancy_stats.csv for this event. Percentage is of this event's own total measured match time, not a fixed assumed match length."
RR2020W,Women's,5,566,9:26,17.1,3315,DERIVED,"Complete-timeline events only -- same reconstructed timeline as ring_occupancy_stats.csv for this event. Percentage is of this event's own total measured match time, not a fixed assumed match length."
RR2020W,Women's,6,517,8:37,15.6,3315,DERIVED,"Complete-timeline events only -- same reconstructed timeline as ring_occupancy_stats.csv for this event. Percentage is of this event's own total measured match time, not a fixed assumed match length."
RR2020W,Women's,7,397,6:37,12.0,3315,DERIVED,"Complete-timeline events only -- same reconstructed timeline as ring_occupancy_stats.csv for this event. Percentage is of this event's own total measured match time, not a fixed assumed match length."
RR2020W,Women's,8,182,3:02,5.5,3315,DERIVED,"Complete-timeline events only -- same reconstructed timeline as ring_occupancy_stats.csv for this event. Percentage is of this event's own total measured match time, not a fixed assumed match length."
RR2020W,Women's,9,129,2:09,3.9,3315,DERIVED,"Complete-timeline events only -- same reconstructed timeline as ring_occupancy_stats.csv for this event. Percentage is of this event's own total measured match time, not a fixed assumed match length."
RR2020W,Women's,10,158,2:38,4.8,3315,DERIVED,"Complete-timeline events only -- same reconstructed timeline as ring_occupancy_stats.csv for this event. Percentage is of this event's own total measured match time, not a fixed assumed match length."
RR2020W,Women's,11,72,1:12,2.2,3315,DERIVED,"Complete-timeline events only -- same reconstructed timeline as ring_occupancy_stats.csv for this event. Percentage is of this event's own total measured match time, not a fixed assumed match length."
RR2021M,Men's,2,129,2:09,3.7,3507,DERIVED,"Complete-timeline events only -- same reconstructed timeline as ring_occupancy_stats.csv for this event. Percentage is of this event's own total measured match time, not a fixed assumed match length."
RR2021M,Men's,3,94,1:34,2.7,3507,DERIVED,"Complete-timeline events only -- same reconstructed timeline as ring_occupancy_stats.csv for this event. Percentage is of this event's own total measured match time, not a fixed assumed match length."
RR2021M,Men's,4,88,1:28,2.5,3507,DERIVED,"Complete-timeline events only -- same reconstructed timeline as ring_occupancy_stats.csv for this event. Percentage is of this event's own total measured match time, not a fixed assumed match length."
RR2021M,Men's,5,377,6:17,10.7,3507,DERIVED,"Complete-timeline events only -- same reconstructed timeline as ring_occupancy_stats.csv for this event. Percentage is of this event's own total measured match time, not a fixed assumed match length."
RR2021M,Men's,6,436,7:16,12.4,3507,DERIVED,"Complete-timeline events only -- same reconstructed timeline as ring_occupancy_stats.csv for this event. Percentage is of this event's own total measured match time, not a fixed assumed match length."
RR2021M,Men's,7,927,15:27,26.4,3507,DERIVED,"Complete-timeline events only -- same reconstructed timeline as ring_occupancy_stats.csv for this event. Percentage is of this event's own total measured match time, not a fixed assumed match length."
RR2021M,Men's,8,941,15:41,26.8,3507,DERIVED,"Complete-timeline events only -- same reconstructed timeline as ring_occupancy_stats.csv for this event. Percentage is of this event's own total measured match time, not a fixed assumed match length."
RR2021M,Men's,9,456,7:36,13.0,3507,DERIVED,"Complete-timeline events only -- same reconstructed timeline as ring_occupancy_stats.csv for this event. Percentage is of this event's own total measured match time, not a fixed assumed match length."
RR2021M,Men's,10,59,0:59,1.7,3507,DERIVED,"Complete-timeline events only -- same reconstructed timeline as ring_occupancy_stats.csv for this event. Percentage is of this event's own total measured match time, not a fixed assumed match length."
RR2021W,Women's,1,1,0:01,0.0,3529,DERIVED,"Complete-timeline events only -- same reconstructed timeline as ring_occupancy_stats.csv for this event. Percentage is of this event's own total measured match time, not a fixed assumed match length."
RR2021W,Women's,2,302,5:02,8.6,3529,DERIVED,"Complete-timeline events only -- same reconstructed timeline as ring_occupancy_stats.csv for this event. Percentage is of this event's own total measured match time, not a fixed assumed match length."
RR2021W,Women's,3,381,6:21,10.8,3529,DERIVED,"Complete-timeline events only -- same reconstructed timeline as ring_occupancy_stats.csv for this event. Percentage is of this event's own total measured match time, not a fixed assumed match length."
RR2021W,Women's,4,251,4:11,7.1,3529,DERIVED,"Complete-timeline events only -- same reconstructed timeline as ring_occupancy_stats.csv for this event. Percentage is of this event's own total measured match time, not a fixed assumed match length."
RR2021W,Women's,5,295,4:55,8.4,3529,DERIVED,"Complete-timeline events only -- same reconstructed timeline as ring_occupancy_stats.csv for this event. Percentage is of this event's own total measured match time, not a fixed assumed match length."
RR2021W,Women's,6,90,1:30,2.6,3529,DERIVED,"Complete-timeline events only -- same reconstructed timeline as ring_occupancy_stats.csv for this event. Percentage is of this event's own total measured match time, not a fixed assumed match length."
RR2021W,Women's,7,396,6:36,11.2,3529,DERIVED,"Complete-timeline events only -- same reconstructed timeline as ring_occupancy_stats.csv for this event. Percentage is of this event's own total measured match time, not a fixed assumed match length."
RR2021W,Women's,8,657,10:57,18.6,3529,DERIVED,"Complete-timeline events only -- same reconstructed timeline as ring_occupancy_stats.csv for this event. Percentage is of this event's own total measured match time, not a fixed assumed match length."
RR2021W,Women's,9,728,12:08,20.6,3529,DERIVED,"Complete-timeline events only -- same reconstructed timeline as ring_occupancy_stats.csv for this event. Percentage is of this event's own total measured match time, not a fixed assumed match length."
RR2021W,Women's,10,264,4:24,7.5,3529,DERIVED,"Complete-timeline events only -- same reconstructed timeline as ring_occupancy_stats.csv for this event. Percentage is of this event's own total measured match time, not a fixed assumed match length."
RR2021W,Women's,11,107,1:47,3.0,3529,DERIVED,"Complete-timeline events only -- same reconstructed timeline as ring_occupancy_stats.csv for this event. Percentage is of this event's own total measured match time, not a fixed assumed match length."
RR2021W,Women's,12,57,0:57,1.6,3529,DERIVED,"Complete-timeline events only -- same reconstructed timeline as ring_occupancy_stats.csv for this event. Percentage is of this event's own total measured match time, not a fixed assumed match length."
RR2022M,Men's,1,1,0:01,0.0,3074,DERIVED,"Complete-timeline events only -- same reconstructed timeline as ring_occupancy_stats.csv for this event. Percentage is of this event's own total measured match time, not a fixed assumed match length."
RR2022M,Men's,2,187,3:07,6.1,3074,DERIVED,"Complete-timeline events only -- same reconstructed timeline as ring_occupancy_stats.csv for this event. Percentage is of this event's own total measured match time, not a fixed assumed match length."
RR2022M,Men's,3,265,4:25,8.6,3074,DERIVED,"Complete-timeline events only -- same reconstructed timeline as ring_occupancy_stats.csv for this event. Percentage is of this event's own total measured match time, not a fixed assumed match length."
RR2022M,Men's,4,256,4:16,8.3,3074,DERIVED,"Complete-timeline events only -- same reconstructed timeline as ring_occupancy_stats.csv for this event. Percentage is of this event's own total measured match time, not a fixed assumed match length."
RR2022M,Men's,5,650,10:50,21.1,3074,DERIVED,"Complete-timeline events only -- same reconstructed timeline as ring_occupancy_stats.csv for this event. Percentage is of this event's own total measured match time, not a fixed assumed match length."
RR2022M,Men's,6,1096,18:16,35.7,3074,DERIVED,"Complete-timeline events only -- same reconstructed timeline as ring_occupancy_stats.csv for this event. Percentage is of this event's own total measured match time, not a fixed assumed match length."
RR2022M,Men's,7,411,6:51,13.4,3074,DERIVED,"Complete-timeline events only -- same reconstructed timeline as ring_occupancy_stats.csv for this event. Percentage is of this event's own total measured match time, not a fixed assumed match length."
RR2022M,Men's,8,151,2:31,4.9,3074,DERIVED,"Complete-timeline events only -- same reconstructed timeline as ring_occupancy_stats.csv for this event. Percentage is of this event's own total measured match time, not a fixed assumed match length."
RR2022M,Men's,9,57,0:57,1.9,3074,DERIVED,"Complete-timeline events only -- same reconstructed timeline as ring_occupancy_stats.csv for this event. Percentage is of this event's own total measured match time, not a fixed assumed match length."
RR2022W,Women's,1,83,1:23,2.3,3581,DERIVED,"Complete-timeline events only -- same reconstructed timeline as ring_occupancy_stats.csv for this event. Percentage is of this event's own total measured match time, not a fixed assumed match length."
RR2022W,Women's,2,269,4:29,7.5,3581,DERIVED,"Complete-timeline events only -- same reconstructed timeline as ring_occupancy_stats.csv for this event. Percentage is of this event's own total measured match time, not a fixed assumed match length."
RR2022W,Women's,3,158,2:38,4.4,3581,DERIVED,"Complete-timeline events only -- same reconstructed timeline as ring_occupancy_stats.csv for this event. Percentage is of this event's own total measured match time, not a fixed assumed match length."
RR2022W,Women's,4,285,4:45,8.0,3581,DERIVED,"Complete-timeline events only -- same reconstructed timeline as ring_occupancy_stats.csv for this event. Percentage is of this event's own total measured match time, not a fixed assumed match length."
RR2022W,Women's,5,197,3:17,5.5,3581,DERIVED,"Complete-timeline events only -- same reconstructed timeline as ring_occupancy_stats.csv for this event. Percentage is of this event's own total measured match time, not a fixed assumed match length."
RR2022W,Women's,6,598,9:58,16.7,3581,DERIVED,"Complete-timeline events only -- same reconstructed timeline as ring_occupancy_stats.csv for this event. Percentage is of this event's own total measured match time, not a fixed assumed match length."
RR2022W,Women's,7,879,14:39,24.5,3581,DERIVED,"Complete-timeline events only -- same reconstructed timeline as ring_occupancy_stats.csv for this event. Percentage is of this event's own total measured match time, not a fixed assumed match length."
RR2022W,Women's,8,566,9:26,15.8,3581,DERIVED,"Complete-timeline events only -- same reconstructed timeline as ring_occupancy_stats.csv for this event. Percentage is of this event's own total measured match time, not a fixed assumed match length."
RR2022W,Women's,9,393,6:33,11.0,3581,DERIVED,"Complete-timeline events only -- same reconstructed timeline as ring_occupancy_stats.csv for this event. Percentage is of this event's own total measured match time, not a fixed assumed match length."
RR2022W,Women's,10,153,2:33,4.3,3581,DERIVED,"Complete-timeline events only -- same reconstructed timeline as ring_occupancy_stats.csv for this event. Percentage is of this event's own total measured match time, not a fixed assumed match length."
RR2023M,Men's,1,1,0:01,0.0,4301,DERIVED,"Complete-timeline events only -- same reconstructed timeline as ring_occupancy_stats.csv for this event. Percentage is of this event's own total measured match time, not a fixed assumed match length."
RR2023M,Men's,2,590,9:50,13.7,4301,DERIVED,"Complete-timeline events only -- same reconstructed timeline as ring_occupancy_stats.csv for this event. Percentage is of this event's own total measured match time, not a fixed assumed match length."
RR2023M,Men's,3,134,2:14,3.1,4301,DERIVED,"Complete-timeline events only -- same reconstructed timeline as ring_occupancy_stats.csv for this event. Percentage is of this event's own total measured match time, not a fixed assumed match length."
RR2023M,Men's,4,302,5:02,7.0,4301,DERIVED,"Complete-timeline events only -- same reconstructed timeline as ring_occupancy_stats.csv for this event. Percentage is of this event's own total measured match time, not a fixed assumed match length."
RR2023M,Men's,5,801,13:21,18.6,4301,DERIVED,"Complete-timeline events only -- same reconstructed timeline as ring_occupancy_stats.csv for this event. Percentage is of this event's own total measured match time, not a fixed assumed match length."
RR2023M,Men's,6,753,12:33,17.5,4301,DERIVED,"Complete-timeline events only -- same reconstructed timeline as ring_occupancy_stats.csv for this event. Percentage is of this event's own total measured match time, not a fixed assumed match length."
RR2023M,Men's,7,1199,19:59,27.9,4301,DERIVED,"Complete-timeline events only -- same reconstructed timeline as ring_occupancy_stats.csv for this event. Percentage is of this event's own total measured match time, not a fixed assumed match length."
RR2023M,Men's,8,464,7:44,10.8,4301,DERIVED,"Complete-timeline events only -- same reconstructed timeline as ring_occupancy_stats.csv for this event. Percentage is of this event's own total measured match time, not a fixed assumed match length."
RR2023M,Men's,9,57,0:57,1.3,4301,DERIVED,"Complete-timeline events only -- same reconstructed timeline as ring_occupancy_stats.csv for this event. Percentage is of this event's own total measured match time, not a fixed assumed match length."
RR2023W,Women's,1,1,0:01,0.0,3668,DERIVED,"Complete-timeline events only -- same reconstructed timeline as ring_occupancy_stats.csv for this event. Percentage is of this event's own total measured match time, not a fixed assumed match length."
RR2023W,Women's,2,170,2:50,4.6,3668,DERIVED,"Complete-timeline events only -- same reconstructed timeline as ring_occupancy_stats.csv for this event. Percentage is of this event's own total measured match time, not a fixed assumed match length."
RR2023W,Women's,3,210,3:30,5.7,3668,DERIVED,"Complete-timeline events only -- same reconstructed timeline as ring_occupancy_stats.csv for this event. Percentage is of this event's own total measured match time, not a fixed assumed match length."
RR2023W,Women's,4,108,1:48,2.9,3668,DERIVED,"Complete-timeline events only -- same reconstructed timeline as ring_occupancy_stats.csv for this event. Percentage is of this event's own total measured match time, not a fixed assumed match length."
RR2023W,Women's,5,133,2:13,3.6,3668,DERIVED,"Complete-timeline events only -- same reconstructed timeline as ring_occupancy_stats.csv for this event. Percentage is of this event's own total measured match time, not a fixed assumed match length."
RR2023W,Women's,6,296,4:56,8.1,3668,DERIVED,"Complete-timeline events only -- same reconstructed timeline as ring_occupancy_stats.csv for this event. Percentage is of this event's own total measured match time, not a fixed assumed match length."
RR2023W,Women's,7,559,9:19,15.2,3668,DERIVED,"Complete-timeline events only -- same reconstructed timeline as ring_occupancy_stats.csv for this event. Percentage is of this event's own total measured match time, not a fixed assumed match length."
RR2023W,Women's,8,578,9:38,15.8,3668,DERIVED,"Complete-timeline events only -- same reconstructed timeline as ring_occupancy_stats.csv for this event. Percentage is of this event's own total measured match time, not a fixed assumed match length."
RR2023W,Women's,9,348,5:48,9.5,3668,DERIVED,"Complete-timeline events only -- same reconstructed timeline as ring_occupancy_stats.csv for this event. Percentage is of this event's own total measured match time, not a fixed assumed match length."
RR2023W,Women's,10,508,8:28,13.8,3668,DERIVED,"Complete-timeline events only -- same reconstructed timeline as ring_occupancy_stats.csv for this event. Percentage is of this event's own total measured match time, not a fixed assumed match length."
RR2023W,Women's,11,627,10:27,17.1,3668,DERIVED,"Complete-timeline events only -- same reconstructed timeline as ring_occupancy_stats.csv for this event. Percentage is of this event's own total measured match time, not a fixed assumed match length."
RR2023W,Women's,12,130,2:10,3.5,3668,DERIVED,"Complete-timeline events only -- same reconstructed timeline as ring_occupancy_stats.csv for this event. Percentage is of this event's own total measured match time, not a fixed assumed match length."
