champion_name,reign_row_count,exact_rumble_wrestler_ids,top_fuzzy_candidates,review_status
Artillería Pesada (Thunder and Lightning),29,,,RESEARCH
Ray González,29,,raquel-rodriguez|reina gonzalez|0.846,RESEARCH
Steven Richards,21,,,RESEARCH
Dutch Mantel,20,,,RESEARCH
Jushin Thunder Liger,20,,,RESEARCH
Bill Dundee,19,,,RESEARCH
Verne Gagne,18,,,RESEARCH
Hiroshi Tanahashi,17,,,RESEARCH
Perro Aguayo,17,,,RESEARCH
Sting,17,,,RESEARCH
Último Dragón,17,,,RESEARCH
Shawn Stasiak,15,,,RESEARCH
Tetsuya Naito,15,,,RESEARCH
The Young Bucks (Matt Jackson and Nick Jackson),15,,,RESEARCH
El Satánico,14,,,RESEARCH
Invader I,14,,,RESEARCH
Jumbo Tsuruta,14,,,RESEARCH
Stan Hansen,14,,,RESEARCH
The Briscoe Brothers (Jay Briscoe and Mark Briscoe),14,,,RESEARCH
Tiger Mask,14,,,RESEARCH
Abdullah the Butcher,13,,,RESEARCH
Austin Aries,13,,,RESEARCH
Kazuchika Okada,13,,,RESEARCH
Tatsumi Fujinami,13,,,RESEARCH
Fishman,12,,,RESEARCH
Kenny Omega,12,,,RESEARCH
Will Ospreay,12,,,RESEARCH
Antonio Inoki,11,,,RESEARCH
Carly Colón,11,,carlos-colon|carlos colon|0.870,RESEARCH
Chris Sabin,11,,,RESEARCH
Giant Baba,11,,,RESEARCH
Gilbert,11,,,RESEARCH
Jamin Olivencia,11,,,RESEARCH
Jay Lethal,11,,,RESEARCH
Jessie Belle,11,,,RESEARCH
Ray Mendoza,11,,,RESEARCH
Ringo Mendoza,11,,,RESEARCH
Villano III,11,,,RESEARCH
Bobby Eaton,10,,,RESEARCH
Bobo Brazil,10,,,RESEARCH
Chicano,10,,,RESEARCH
Eddie Colón,10,,,RESEARCH
El Dandy,10,,,RESEARCH
Hirooki Goto,10,,,RESEARCH
Karloff Lagarde,10,,,RESEARCH
Nick Dinsmore,10,,,RESEARCH
The Lords of the Ring (Nick Dinsmore and Rob Conway),10,,,RESEARCH
Adam Revolver,9,,,RESEARCH
Dante and Mephisto,9,,,RESEARCH
Dean Malenko,9,,,RESEARCH
El Santo,9,,,RESEARCH
El Zorro,9,,,RESEARCH
Gran Hamada,9,,,RESEARCH
Hercules Ayala,9,,,RESEARCH
Jimmy Valiant,9,,,RESEARCH
Kenta,9,,,RESEARCH
Kushida,9,,,RESEARCH
Lizmark,9,,,RESEARCH
Mayu Iwatani,9,,,RESEARCH
Naomichi Marufuji,9,,,RESEARCH
Sangre Chicana,9,,,RESEARCH
The Great Sasuke,9,,,RESEARCH
The Interns (Billy Garrett and Jim Starr),9,,,RESEARCH
Tommy Rich,9,,,RESEARCH
Austin Idol,8,,,RESEARCH
Don Carson and The Red Shadow,8,,,RESEARCH
Drake Maverick,8,,,RESEARCH
Drew Gulak,8,,,RESEARCH
Dudley Boyz (Buh Buh Ray Dudley and D-Von Dudley),8,,,RESEARCH
El Samurai,8,,,RESEARCH
Gail Kim,8,,,RESEARCH
Guerrillas of Destiny (Tama Tonga and Tanga Loa),8,,,RESEARCH
Johnny Powers,8,,,RESEARCH
"José Rivera, Jr.",8,,,RESEARCH
Katsuhiko Nakajima,8,,,RESEARCH
Kensuke Sasaki,8,,,RESEARCH
Larry Zbyszko,8,,,RESEARCH
Low Ki,8,,,RESEARCH
Michael Hayes,8,,,RESEARCH
Mitsuharu Misawa,8,,,RESEARCH
Mohamad Ali Vaez,8,,,RESEARCH
Moose,8,,,RESEARCH
Satoshi Kojima,8,,,RESEARCH
Shingo Takagi,8,,,RESEARCH
Shinjiro Otani,8,,,RESEARCH
Suwama,8,,,RESEARCH
Takashi Sugiura,8,,,RESEARCH
Tarzán López,8,,,RESEARCH
The Fabulous Moolah,8,,,RESEARCH
Tomohiro Ishii,8,,,RESEARCH
Yoshinobu Kanemaru,8,,,RESEARCH
Alfonso Dantés,7,,,RESEARCH
Américo Rocca,7,,,RESEARCH
Angelina Love,7,,,RESEARCH
Atlantis,7,,,RESEARCH
Billy Kidman,7,,,RESEARCH
Billy Robinson,7,,,RESEARCH
Buddy Landel,7,,,RESEARCH
Danny Hodge,7,,,RESEARCH
Eddie Edwards,7,,,RESEARCH
Eric Young,7,,,RESEARCH
Ernie Ladd,7,,,RESEARCH
Gene Kiniski,7,,,RESEARCH
Hayata,7,,,RESEARCH
Jun Akiyama,7,,,RESEARCH
Kento Miyahara,7,,,RESEARCH
Kota Ibushi,7,,,RESEARCH
Lady Apache,7,,,RESEARCH
Minnesota Wrecking Crew (Gene and Ole Anderson),7,,,RESEARCH
Minoru Suzuki,7,,,RESEARCH
Paul Jones,7,,,RESEARCH
René Guajardo,7,,,RESEARCH
Rob Conway,7,,,RESEARCH
Syuri,7,,,RESEARCH
Taiji Ishimori,7,,,RESEARCH
Tencozy (Hiroyoshi Tenzan and Satoshi Kojima),7,,,RESEARCH
The Rock 'n' Roll RPMs (Mike Davis and Tommy Lane),7,,,RESEARCH
The Youngbloods (Chris Youngblood and Mark Youngblood),7,,,RESEARCH
Tony Gunn,7,,,RESEARCH
Wilbur Snyder,7,,,RESEARCH
Abyss,6,,,RESEARCH
America's Most Wanted (Chris Harris and James Storm),6,,,RESEARCH
Averno,6,,,RESEARCH
BJ,6,,,RESEARCH
Blue Panther,6,,,RESEARCH
Colt Cabana,6,,,RESEARCH
Deonna Purrazzo,6,,,RESEARCH
Dr. X,6,,,RESEARCH
EC3,6,,,RESEARCH
El Bronco I,6,,,RESEARCH
El Faraón,6,,,RESEARCH
El Sensacional Carlitos,6,,,RESEARCH
Evil,6,,,RESEARCH
Fuerza Guerrera,6,,,RESEARCH
Glamour Boy Shane,6,,,RESEARCH
Go Shiozaki,6,,,RESEARCH
Gory Guerrero,6,,,RESEARCH
Hiromu Takahashi,6,,,RESEARCH
"Huracán Castillo, Jr.",6,,,RESEARCH
Héctor Garza,6,,,RESEARCH
James Storm,6,,,RESEARCH
Jay White,6,,,RESEARCH
Johnny Valentine,6,,,RESEARCH
Kenoh,6,,,RESEARCH
Konnan,6,,,RESEARCH
Konosuke Takeshita,6,,,RESEARCH
La Sombra,6,,,RESEARCH
Lashley,6,,,RESEARCH
Madison Rayne,6,,,RESEARCH
Marcela,6,,,RESEARCH
Maria James,6,,,RESEARCH
Máscara Dorada,6,,,RESEARCH
Místico,6,,,RESEARCH
Nelson Royal,6,,,RESEARCH
ODB,6,,,RESEARCH
Pirata Morgan,6,,,RESEARCH
Riki Choshu,6,,,RESEARCH
Roderick Strong,6,,,RESEARCH
Ryan Howe,6,,,RESEARCH
Serena,6,,,RESEARCH
Stan Pulaski,6,,,RESEARCH
Steve Corino,6,,,RESEARCH
The Corsicans (Corsica Jean and Corsica Joe),6,,,RESEARCH
The Destroyer,6,,,RESEARCH
The Great Muta,6,,,RESEARCH
The Holy Demon Army (Toshiaki Kawada and Akira Taue),6,,,RESEARCH
The Public Enemy (Johnny Grunge and Rocco Rock),6,,,RESEARCH
Volador Jr.,6,,,RESEARCH
Wahoo McDaniel,6,,,RESEARCH
Xavant,6,,,RESEARCH
Zack Sabre Jr.,6,,,RESEARCH
Último Guerrero,6,,,RESEARCH
AJ Lee,5,,,RESEARCH
Adam Pearce,5,,,RESEARCH
Angelo Savoldi,5,,,RESEARCH
Aníbal,5,,animal|animal|0.833,RESEARCH
Bishamon (Hirooki Goto and Yoshi-Hashi),5,,,RESEARCH
Bobby Roode,5,,,RESEARCH
Cedric Alexander,5,,,RESEARCH
Cho-Ten (Hiroyoshi Tenzan and Masahiro Chono),5,,,RESEARCH
Christopher Daniels,5,,,RESEARCH
Cien Caras,5,,,RESEARCH
Cliff Compton,5,,,RESEARCH
Cody,5,,,RESEARCH
Daisuke Harada,5,,,RESEARCH
Don and Luke Fields,5,,,RESEARCH
El Desperado,5,,,RESEARCH
El Mesías,5,,,RESEARCH
El Nene,5,,,RESEARCH
El Solitario,5,,,RESEARCH
Flash Flanagan,5,,,RESEARCH
Gorin Konbi (Jumbo Tsuruta and Yoshiaki Yatsu),5,,,RESEARCH
Hiroyoshi Tenzan,5,,,RESEARCH
Intelecto 5 Estrellas,5,,,RESEARCH
Ivan Koloff,5,,,RESEARCH
Jack O'Brien,5,,,RESEARCH
Jerry Lynn,5,,,RESEARCH
Johnny Mundo,5,,,RESEARCH
Josie,5,,,RESEARCH
Juventud Guerrera,5,,,RESEARCH
Kazuyuki Fujita,5,,,RESEARCH
Keiji Muto,5,,,RESEARCH
Kengo Kimura and Tatsumi Fujinami,5,,,RESEARCH
Kenny King,5,,,RESEARCH
Kenta Kobashi,5,,,RESEARCH
Killer Elite Squad (Davey Boy Smith Jr. and Lance Archer),5,,,RESEARCH
Kintarō Ōki,5,,,RESEARCH
Koji Kanemoto,5,,,RESEARCH
Kotaro Suzuki,5,,,RESEARCH
La Amenaza Bryan,5,,,RESEARCH
Les Thornton,5,,,RESEARCH
Mad Dog Vachon,5,,,RESEARCH
Mano Negra,5,,,RESEARCH
Masanobu Fuchi,5,,,RESEARCH
Motor City Machine Guns (Alex Shelley and Chris Sabin),5,,,RESEARCH
Negro Casas,5,,,RESEARCH
Nick Bockwinkel,5,,,RESEARCH
Paul Orndorff,5,,,RESEARCH
Rayo de Jalisco Jr.,5,,,RESEARCH
Razor Ramon,5,,,RESEARCH
Rhino,5,,,RESEARCH
Rich Swann,5,,,RESEARCH
Ricky Marvin,5,,,RESEARCH
Ricky Santana,5,,,RESEARCH
Rock 'n' Roll Express (Ricky Morton and Robert Gibson),5,,,RESEARCH
Roppongi 3K (Sho and Yoh),5,,,RESEARCH
Samir Singh,5,,,RESEARCH
Satsujin Gyorai (Terry Gordy and Steve Williams),5,,,RESEARCH
Sexy Star,5,,,RESEARCH
Shinya Hashimoto,5,,,RESEARCH
TMDK (Mikey Nicholls and Shane Haste),5,,,RESEARCH
Tarzan Goto and Akio Sato,5,,,RESEARCH
Team 3D (Brother Devon and Brother Ray),5,,,RESEARCH
The Assassins (Assassin #1 and Assassin #2),5,,,RESEARCH
The Can-Am Express (Doug Furnas and Dan Kroffat),5,,,RESEARCH
The Medics (Tony Gonzales and Donald Lortie),5,,,RESEARCH
Tiffany,5,,,RESEARCH
Tommy Gilbert and Eddie Marlin,5,,,RESEARCH
Toshiaki Kawada,5,,,RESEARCH
Willow Nightingale,5,,,RESEARCH
Wolves (Davey Richards and Eddie Edwards),5,,,RESEARCH
Yoshinari Ogawa,5,,,RESEARCH
Yota Tsuji,5,,,RESEARCH
Yuji Nagata,5,,,RESEARCH
reDRagon (Bobby Fish and Kyle O'Reilly),5,,,RESEARCH
Alberto Muñoz,4,,,RESEARCH
Alundra Blayze,4,,,RESEARCH
Apollo 55 (Prince Devitt and Ryusuke Taguchi),4,,,RESEARCH
Apolo,4,,,RESEARCH
Atsushi Aoki,4,,,RESEARCH
Barry Windham,4,,,RESEARCH
Blue Demon,4,,,RESEARCH
Bob Ellis,4,,,RESEARCH
Bobby Bonales,4,,,RESEARCH
Brent Albright,4,,,RESEARCH
Brian Cage,4,,,RESEARCH
Buck Zumhofe,4,,,RESEARCH
Ca$h Flo,4,,,RESEARCH
Candi Devine,4,,,RESEARCH
Chamaco Valaguez,4,,,RESEARCH
Charlotte,4,,,RESEARCH
Ciclón Ramírez,4,,,RESEARCH
Daga,4,,,RESEARCH
Damaja,4,,,RESEARCH
Darby Allin,4,,,RESEARCH
Doug Basham,4,,,RESEARCH
Dustin Jackson,4,,,RESEARCH
El Felino,4,,,RESEARCH
El Signo,4,,,RESEARCH
Emilio Charles Jr.,4,,,RESEARCH
FTR (Cash Wheeler and Dax Harwood),4,,,RESEARCH
Faby Apache,4,,,RESEARCH
Fire Blaze,4,,,RESEARCH
Firpo Segura,4,,,RESEARCH
Freya the Slaya,4,,,RESEARCH
Gedo and Jado,4,,,RESEARCH
Gran Cochisse,4,,,RESEARCH
Hajime Ohara,4,,,RESEARCH
Hikaru Shida,4,,,RESEARCH
Huracán Ramírez,4,,,RESEARCH
Jack Brisco,4,,,RESEARCH
Jos LeDuc,4,,,RESEARCH
José Miguel Pérez,4,,,RESEARCH
Katsuyori Shibata,4,,,RESEARCH
Koji Iwamoto,4,,,RESEARCH
Kung Fu,4,,,RESEARCH
Kyle Fletcher,4,,,RESEARCH
La Diabólica,4,,,RESEARCH
Lio Rush,4,,,RESEARCH
Lord Steven Regal,4,,,RESEARCH
Los Broncos (Bronco II and Bronco III),4,,,RESEARCH
Lou Thesz,4,,,RESEARCH
MJF,4,,,RESEARCH
Mephisto,4,,,RESEARCH
Mike Awesome,4,,,RESEARCH
Mike Mondo,4,,,RESEARCH
Minoru Tanaka,4,,,RESEARCH
Momo no Seishun Tag (Atsushi Kotoge and Daisuke Harada),4,,,RESEARCH
Natsuki☆Taiyo,4,,,RESEARCH
Nic Nemeth,4,,,RESEARCH
Noam Dar,4,,,RESEARCH
Octagón,4,,,RESEARCH
Omar Amir,4,,,RESEARCH
Ox Baker,4,,,RESEARCH
Pat Patterson,4,,,RESEARCH
Paul Burchill,4,,,RESEARCH
Pedro Morales,4,,,RESEARCH
Prince Devitt,4,,,RESEARCH
Randy Royal,4,,,RESEARCH
Reggie,4,,,RESEARCH
Rikidōzan and Toyonobori,4,,,RESEARCH
Rip Rogers,4,,,RESEARCH
Rob Terry,4,,,RESEARCH
Rock 'n' Roll Express (Robert Gibson and Ricky Morton),4,,,RESEARCH
Rocky Reynolds,4,,,RESEARCH
Rocky Romero,4,,,RESEARCH
Roppongi Vice (Beretta and Rocky Romero),4,,,RESEARCH
Rudy Switchblade,4,,,RESEARCH
Sammy Guevara,4,,,RESEARCH
Sanada,4,,,RESEARCH
Saya Kamitani,4,,,RESEARCH
Seiji Sakaguchi,4,,,RESEARCH
Shuji Kondo,4,,,RESEARCH
Sunil Singh,4,,,RESEARCH
Suzuki-gun (El Desperado and Yoshinobu Kanemaru),4,,,RESEARCH
Taichi,4,,,RESEARCH
Takeshi Morishima,4,,,RESEARCH
Tam Nakano,4,,,RESEARCH
Tama Tonga,4,,,RESEARCH
Taya Valkyrie,4,,,RESEARCH
Templario,4,,,RESEARCH
The Big Guns (Bodyguard and Zeus),4,,,RESEARCH
The Bro Godz (Colton Cage and Dustin Jackson),4,,,RESEARCH
The Cobra,4,,,RESEARCH
The Crusher,4,,,RESEARCH
The Dream Machine,4,,,RESEARCH
The Elite (Adam Revolver and Ted McNaler),4,,,RESEARCH
The Fabulous Kangaroos (Al Costello and Roy Heffernan),4,,,RESEARCH
The Great Kojika and Motoshi Okuma,4,,,RESEARCH
The Heatseekers (Elliott Russell and Sigmon),4,,,RESEARCH
The Heavenly Bodies (Al and Don Greene),4,,,RESEARCH
The James Boys (K.C. James and Kassidy James),4,,,RESEARCH
The Kalmikoffs (Ivan Kalmikoff and Karol Kalmikoff),4,,,RESEARCH
The Revival (Dash Wilder and Scott Dawson),4,,,RESEARCH
The Sheik,4,,,RESEARCH
Titán,4,,,RESEARCH
Tommaso Ciampa,4,,,RESEARCH
Trevor Lee,4,,,RESEARCH
Virus,4,,,RESEARCH
Waldo Von Erich,4,,,RESEARCH
Yohei Nakajima,4,,,RESEARCH
Zeuxis,4,,,RESEARCH
AZM,3,,,RESEARCH
Aaron Stevens,3,,,RESEARCH
Abbad,3,,,RESEARCH
Ace Austin,3,,,RESEARCH
Adrenaline (Chris Cage and Tank Toland),3,,,RESEARCH
Alex Silva,3,,,RESEARCH
Amakusa,3,,,RESEARCH
Amazing Red,3,,,RESEARCH
Angelo Mosca,3,,,RESEARCH
Antonio Inoki and Michiaki Yoshimura,3,,,RESEARCH
Apolo Dantés,3,,,RESEARCH
Atsuki Aoyagi,3,,,RESEARCH
Atsushi Kotoge,3,,,RESEARCH
Atsushi Onita,3,,,RESEARCH
Aussie Open (Kyle Fletcher and Mark Davis),3,,,RESEARCH
Bad Attitude (David Young and Rick Michaels),3,,,RESEARCH
"Beer Money, Inc. (James Storm and Bobby Roode)",3,,,RESEARCH
Big Jon,3,,,RESEARCH
Big Zo,3,,,RESEARCH
Black Warrior,3,,,RESEARCH
Blackjack Mulligan,3,,,RESEARCH
Bob Armstrong,3,,,RESEARCH
Brad Armstrong,3,,,RESEARCH
Bruiser Brody,3,,,RESEARCH
Buddy Rogers,3,,,RESEARCH
Bulldog Brower,3,,,RESEARCH
Catch 2/2 (TJP and Francesco Akira),3,,,RESEARCH
Charles Evans,3,,,RESEARCH
Chase Owens,3,,,RESEARCH
Claudio Castagnoli,3,,,RESEARCH
Damien Wayne,3,,,RESEARCH
Dangerous Tekkers (Taichi and Zack Sabre Jr.),3,,,RESEARCH
Dark Family (Cuervo and Scoria),3,,,RESEARCH
Dark Silueta,3,,,RESEARCH
David Finlay,3,,,RESEARCH
Debbie Combs,3,,,RESEARCH
Dennis Hall and Ken Lucas,3,,,RESEARCH
Denny Brown,3,,,RESEARCH
Devin Driscoll,3,,,RESEARCH
Diamante Azul,3,,,RESEARCH
Dick Slater,3,,,RESEARCH
Dick the Bruiser,3,,,RESEARCH
Disco Inferno,3,,,RESEARCH
Don Kent,3,,,RESEARCH
Don Leo Jonathan,3,,,RESEARCH
Donovan Cecil and Jack Vaughn,3,,,RESEARCH
Douglas Williams,3,,,RESEARCH
Dr. Wagner Jr.,3,,,RESEARCH
Dragón Rojo Jr.,3,,,RESEARCH
Eddie Gilbert,3,,,RESEARCH
Eddie Kingston,3,,,RESEARCH
Eita,3,,,RESEARCH
El Bronco,3,,,RESEARCH
El Diamante,3,,,RESEARCH
El Halcón,3,,,RESEARCH
El Hijo del Vikingo,3,,,RESEARCH
El Terrible,3,,,RESEARCH
El Texano Jr.,3,,,RESEARCH
Epiphany,3,,,RESEARCH
Eric Embry,3,,,RESEARCH
Espectro Jr. (II),3,,,RESEARCH
Ethan Carter III,3,,,RESEARCH
Eve Torres,3,,,RESEARCH
Fidel Sierra,3,,,RESEARCH
Flash Flanagan and Trailer Park Trash,3,,,RESEARCH
Footloose/Revolution (Samson Fuyuki and Toshiaki Kawada),3,,,RESEARCH
Forever Hooligans (Alex Koslov and Rocky Romero),3,,,RESEARCH
Frankie Kazarian,3,,,RESEARCH
Fritz Von Erich,3,,,RESEARCH
Fukuoka Double Crazy (Hazuki and Koguma),3,,,RESEARCH
Gabe Kidd,3,,,RESEARCH
Gerald Brisco,3,,,RESEARCH
Greg Anthony,3,,,RESEARCH
Hannah Blossom,3,,,RESEARCH
Heavenly Bodies (Chris Nelson and Vito DeNucci),3,,,RESEARCH
Heavy Metal,3,,,RESEARCH
Hechicero,3,,,RESEARCH
Hikaru Sato,3,,,RESEARCH
Hiro Saito,3,,,RESEARCH
Hiroshi Hase,3,,,RESEARCH
Homicide,3,,,RESEARCH
Hook,3,,,RESEARCH
Ichiban Sweet Boys (Robbie Eagles and Kosei Fujita),3,,,RESEARCH
Jack Brisco and Jerry Brisco,3,,,RESEARCH
Jack Perry,3,,,RESEARCH
Jack Vaughn,3,,,RESEARCH
Jackie Fargo,3,,,RESEARCH
Jake Lee,3,,,RESEARCH
Jason Rumble,3,,,RESEARCH
Jax Dane,3,,,RESEARCH
Jay Bradley,3,,,RESEARCH
Jaylee,3,,,RESEARCH
Jazz,3,,,RESEARCH
Jeff Cobb,3,,,RESEARCH
Johnny B. Badd,3,,,RESEARCH
Josh Alexander,3,,,RESEARCH
Joyce Grable and Vicki Williams,3,,,RESEARCH
Joyce Grable and Wendi Richter,3,,,RESEARCH
Juice Robinson,3,,,RESEARCH
Justin Smooth,3,,,RESEARCH
Kahagas,3,,,RESEARCH
Kaito Kiyomiya,3,,,RESEARCH
Kamikaze Kid,3,,,RESEARCH
Karl and Skull Von Stroheim,3,,,RESEARCH
Kazarian,3,,,RESEARCH
Kelly Klein,3,,,RESEARCH
Ken Patera,3,,,RESEARCH
Kid Kash,3,,,RESEARCH
Kintarō Ōki and Michiaki Yoshimura,3,,,RESEARCH
Kuniaki Kobayashi,3,,,RESEARCH
La Amapola,3,,,RESEARCH
La Revolución,3,,,RESEARCH
Laredo Kid,3,,,RESEARCH
Lei'D Tapa,3,,,RESEARCH
Leila Grey,3,,,RESEARCH
Leon,3,,,RESEARCH
Lightning,3,,,RESEARCH
Logan James,3,,,RESEARCH
Los Destructores (Tony Arce and Volcano),3,,,RESEARCH
Los Fugitivos de la Calle (Niche and Lynx),3,,,RESEARCH
Los Guerreros del Infierno (Rey Bucanero and Último Guerrero),3,,,RESEARCH
Los Güeros del Cielo (Angélico and Jack Evans),3,,,RESEARCH
"Los Ingobernables de Japón (Bushi, Evil and Sanada)",3,,,RESEARCH
Los Rabiosos (Mr. Big and Blitz),3,,,RESEARCH
Lou Marconi,3,,,RESEARCH
Maki Narumiya,3,,,RESEARCH
Man Mountain Link,3,,bastion-booger|man mountain rock|0.824,RESEARCH
Marshall Esteppe,3,,,RESEARCH
Martha Villalobos,3,,,RESEARCH
Masa Fuchi and Mr. Onita,3,,,RESEARCH
Masaaki Mochizuki,3,,,RESEARCH
Masato Tanaka,3,,,RESEARCH
Matt Sydal,3,,,RESEARCH
Matt Taven,3,,,RESEARCH
Max the Impaler,3,,,RESEARCH
Melvin Maximus,3,,,RESEARCH
Michael Elgin,3,,,RESEARCH
Mighty Ursus,3,,,RESEARCH
Mike Bailey,3,,,RESEARCH
Mike Clancy,3,,,RESEARCH
Mike Dibiase,3,,,RESEARCH
Mike Graham,3,,,RESEARCH
Mikey Whipwreck,3,,,RESEARCH
Mini Abismo Negro,3,,,RESEARCH
Mitsuharu Misawa and Yoshinari Ogawa,3,,,RESEARCH
Moondog Spot,3,,,RESEARCH
Mr. Águila,3,,,RESEARCH
Myron Reed,3,,,RESEARCH
Negro Casas and El Hijo del Santo,3,,,RESEARCH
Nick Bockwinkel and Ray Stevens,3,,,RESEARCH
Nikita Koloff,3,,,RESEARCH
No Remorse Corps (Davey Richards and Rocky Romero),3,,,RESEARCH
Noriega,3,,,RESEARCH
Norio Honaga,3,,,RESEARCH
Norvell Austin and Sputnik Monroe,3,,,RESEARCH
Olímpico,3,,,RESEARCH
PCO,3,,,RESEARCH
Paige,3,,,RESEARCH
Pat O'Connor,3,,,RESEARCH
Pentagón Dark,3,,,RESEARCH
Phil Hickerson,3,,,RESEARCH
Phil Monahan,3,,,RESEARCH
Princesa Sugehit,3,,,RESEARCH
Randall Floyd,3,,,RESEARCH
Ratel's (Hayata and Yo-Hey),3,,,RESEARCH
Rayo de Jalisco,3,,,RESEARCH
Reverend Stuart Miles,3,,,RESEARCH
Rico Constantino,3,,,RESEARCH
Rico Suave,3,,,RESEARCH
Rockstar Spud,3,,,RESEARCH
Rodolfo Ruiz,3,,,RESEARCH
Rossy Moreno,3,,,RESEARCH
Ryusuke Taguchi,3,,,RESEARCH
Saito Brothers (Jun Saito and Rei Saito),3,,,RESEARCH
Scott Hall,3,,,RESEARCH
Seigo Tachibana,3,,,RESEARCH
Shalonce Royal,3,,,RESEARCH
Sherri Martel,3,,,RESEARCH
Shiloh Jonze,3,,,RESEARCH
Shiro Koshinaka,3,,,RESEARCH
Shocker,3,,,RESEARCH
Silueta,3,,,RESEARCH
Silver King,3,,,RESEARCH
Starlight Kid,3,,,RESEARCH
Steve Maclin,3,,,RESEARCH
Stinger (Hayata and Yoshinari Ogawa),3,,,RESEARCH
Super Delfin,3,,,RESEARCH
Super Médico I,3,,,RESEARCH
Taeler Hendrix,3,,,RESEARCH
Talismán,3,,,RESEARCH
Tarzan Tyler,3,,,RESEARCH
Tasha Simone,3,,,RESEARCH
Tatsuhito Takaiwa,3,,,RESEARCH
Tessa Blanchard,3,,,RESEARCH
The Aggression (Katsuhiko Nakajima and Masa Kitamiya),3,,,RESEARCH
The Bad Boys Club (Randy Royal and Shane Andrews),3,,,RESEARCH
The Bastiens Brothers (Lou Bastien and Red Bastien),3,,,RESEARCH
The Batten Twins (Bart Batten and Brad Batten),3,,,RESEARCH
The Bounty Hunters (David and Jerry Novak),3,,,RESEARCH
The Eliminators (Kronus and Saturn),3,,,RESEARCH
The Fabulous Freebirds (Jimmy Garvin and Michael Hayes),3,,,RESEARCH
The Family/The Best Team Ever (Jessie Godderz and Rudy Switchblade),3,,,RESEARCH
The Fantastics (Bobby Fulton and Tommy Rogers),3,,,RESEARCH
The Heartbreakers (Heartbreaker Apollo and Heartbreaker Adonis),3,,,RESEARCH
The Hollywood Blonds (Jerry Brown and Buddy Roberts),3,,,RESEARCH
The Iron Empire (Matt Riviera and Rob Conway),3,,,RESEARCH
"The Kingdom (Matt Taven, T. K. O'Ryan, and Vinny Marseglia)",3,,,RESEARCH
The Latin American Xchange (Hernandez and Homicide),3,,,RESEARCH
The Masked Superstar,3,,,RESEARCH
The Midnight Express (Bobby Eaton and Stan Lane),3,,,RESEARCH
The Mongolian Stomper,3,,,RESEARCH
The Naturals (Andy Douglas and Chase Stevens),3,,,RESEARCH
The Paynethrillers (B.J. Payne and Scotty Sabre),3,,,RESEARCH
The Puerto Rican Nightmares (Eddie Colón and Eric Pérez),3,,,RESEARCH
The Quebecers (Jacques and Pierre),3,,,RESEARCH
The Samoans (Afa and Sika),3,,,RESEARCH
The Wild Samoans (Afa and Sika),3,,,RESEARCH
The Zambuie Express (Elijah Akeem and Kareem Muhammad),3,,,RESEARCH
Thom Latimer,3,,,RESEARCH
Thunder Rosa,3,,,RESEARCH
Tiffany Nieves,3,,,RESEARCH
Tiger Jeet Singh,3,,,RESEARCH
Togi Makabe,3,,,RESEARCH
Tony D'Angelo,3,,,RESEARCH
Tony Salazar,3,,,RESEARCH
Totally Awesome (Kamikaze Kid and Sucio),3,,,RESEARCH
Trey Miguel,3,,,RESEARCH
"Triple X (Christopher Daniels, Low Ki and Elix Skipper)",3,,,RESEARCH
Tyler Matrix,3,,,RESEARCH
Universo 2000,3,,,RESEARCH
Utami Hayashishita,3,,,RESEARCH
Wardlow,3,,,RESEARCH
Wendi Richter,3,,,RESEARCH
Wheeler Yuta,3,,,RESEARCH
Yoshihiro Takayama,3,,,RESEARCH
Último Dragoncito,3,,,RESEARCH
"""Hangman"" Adam Page",2,,,RESEARCH
"3Live Kru (B.G. James, Konnan and Ron Killings)",2,,,RESEARCH
50 Funky Powers (Muhammad Yone and Quiet Storm),2,,,RESEARCH
A. J. Francis,2,,,RESEARCH
ABC (Ace Austin and Chris Bey),2,,,RESEARCH
AXIZ (Go Shiozaki and Katsuhiko Nakajima),2,,,RESEARCH
Aaron Wolf,2,,,RESEARCH
Abudda Dein and Rip Rogers,2,,,RESEARCH
Act Yasukawa,2,,,RESEARCH
Adorable Rubí,2,,,RESEARCH
Age of the Fall (Jimmy Jacobs and Tyler Black),2,,,RESEARCH
Akebono,2,,,RESEARCH
Aki Shizuku and Aliya,2,,,RESEARCH
Akira Taue,2,,,RESEARCH
Al and John Smith,2,,,RESEARCH
Alberto El Patrón,2,,,RESEARCH
Alex Kane,2,,,RESEARCH
Alex Koslov,2,,,RESEARCH
Alex Montalvo,2,,,RESEARCH
Alex Shelley,2,,,RESEARCH
Alex Wright,2,,,RESEARCH
Alexander Hammerstone,2,,,RESEARCH
Allie,2,,,RESEARCH
American Wolves (Davey Richards and Eddie Edwards),2,,,RESEARCH
Angel Garza,2,,,RESEARCH
"Angélico, Ivelisse and Son of Havoc",2,,,RESEARCH
Anthony Bravado,2,,,RESEARCH
Antonio Inoki and Seiji Sakaguchi,2,,,RESEARCH
AphroditE (Saya Kamitani and Utami Hayashishita),2,,,RESEARCH
Apoc,2,,,RESEARCH
Arkangel de la Muerte,2,,,RESEARCH
Arrick Andrews,2,,,RESEARCH
Atlantis Jr.,2,,,RESEARCH
Atsushi Kotoge and Seiki Yoshioka,2,,,RESEARCH
Averno and Mephisto,2,,,RESEARCH
B. J. Whitmer and Jimmy Jacobs,2,,,RESEARCH
BRAVE (Atsushi Kotoge and Taiji Ishimori),2,,,RESEARCH
Bambi,2,,,RESEARCH
Bandido,2,,,RESEARCH
Bankroll (Ca$h Flo and Dimes),2,,,RESEARCH
Baron Von Raschke,2,,,RESEARCH
Basham Brothers (Danny Basham and Doug Basham),2,,,RESEARCH
Bea Priestley,2,,,RESEARCH
Beaches and Cream (Luscious Lawrence and Omar Amir),2,,,RESEARCH
Bellito Calderón,2,,,RESEARCH
Bestia Salvaje,2,,,RESEARCH
Bestia Salvaje and Scorpio Jr.,2,,,RESEARCH
Big Bubba,2,,,RESEARCH
Bill and Joe Sky,2,,,RESEARCH
Billy Goelz,2,,,RESEARCH
Billy Red Lyons,2,,,RESEARCH
Billy and Chuck,2,,,RESEARCH
Black Gordman,2,,,RESEARCH
Black Guzmán,2,,,RESEARCH
Black Pain,2,,,RESEARCH
Black Tiger,2,,,RESEARCH
Blue Demon Jr.,2,,,RESEARCH
Bo Rotundo,2,,,RESEARCH
Bob Orton,2,,,RESEARCH
Bobby Jaggers,2,,,RESEARCH
Bobby and Don Fields,2,,,RESEARCH
Boltin Oleg,2,,,RESEARCH
Boris Alexiev,2,,,RESEARCH
Bota the Witch Doctor,2,,,RESEARCH
Brent Wellington,2,,,RESEARCH
Brian Pillman,2,,,RESEARCH
Bruno Sammartino,2,,,RESEARCH
Bryan Idol,2,,,RESEARCH
Bud Dwight,2,,,RESEARCH
Buddy Wolfe,2,,,RESEARCH
Bull Nakano,2,,,RESEARCH
Bullet Club (Chase Owens and Kenta),2,,,RESEARCH
Bullet Club (El Phantasmo and Taiji Ishimori),2,,,RESEARCH
"Bullet Club Gold/Bang Bang Gang (Jay White, Austin Gunn, and Colten Gunn)",2,,,RESEARCH
Bullet Club War Dogs (Drilla Moloney and Clark Connors),2,,,RESEARCH
Bully Ray,2,,,RESEARCH
Burning (Tamon Honda and Kenta Kobashi),2,,,RESEARCH
Bushi,2,,,RESEARCH
Buzz Sawyer,2,,,RESEARCH
Cachorro Mendoza,2,,,RESEARCH
Cali,2,,,RESEARCH
Cameron Grimes,2,,,RESEARCH
Candice Michelle,2,,,RESEARCH
Chabela Romero,2,,,RESEARCH
"Channing ""Stacks"" Lorenzo",2,,,RESEARCH
Chanoc,2,,,RESEARCH
Chaos (Takashi Iizuka and Toru Yano),2,,,RESEARCH
Charlie Dempsey,2,,,RESEARCH
Charly Manson,2,,,RESEARCH
Chessman,2,,,RESEARCH
Chet the Jett,2,,,RESEARCH
Chick Donovan,2,,,RESEARCH
Chief Jay Strongbow and Jules,2,,,RESEARCH
Chikako Shiratori,2,,,RESEARCH
Chris Candido,2,,,RESEARCH
Chris Colt,2,,,RESEARCH
Chris Silvio,2,,,RESEARCH
Christopher Daniels and Kazarian,2,,,RESEARCH
Cody Runnels,2,,,RESEARCH
Colton Cage,2,,,RESEARCH
Cousin Otter and Jebediah Blackhawk,2,,,RESEARCH
Crusher Hansen,2,,,RESEARCH
Cynthia Moreno and El Oriental,2,,,RESEARCH
Daisuke Sekimoto and Yuji Okabayashi,2,,,RESEARCH
Daisy Kill and Talos,2,,,RESEARCH
Daisy Mae and Golden Venus,2,,,RESEARCH
Dale Lewis,2,,,RESEARCH
Dallas and Kid Kash,2,,,RESEARCH
Dalton Castle,2,,,RESEARCH
Dalys la Caribeña,2,,,RESEARCH
Damaja and David C.,2,,,RESEARCH
Dan Kroffat,2,,,RESEARCH
Dan Tamura,2,,,RESEARCH
Daniel Garcia,2,,,RESEARCH
Dapper Dan,2,,,RESEARCH
Dark City Fight Club (Jon Davis and Kory Chavis),2,,,RESEARCH
Darkkloudz (Deget Bundlez and Eric Darkstorm),2,,,RESEARCH
Dave the Rave and Rip Rogers,2,,,RESEARCH
Davey Richards,2,,,RESEARCH
David C. and Jason Lee,2,,,RESEARCH
David Lee Lorenze III,2,,,RESEARCH
David Morgan,2,,,RESEARCH
Dayami,2,,,RESEARCH
Decay (Havok and Rosemary),2,,,RESEARCH
Delmi Exo,2,,,RESEARCH
Devon,2,,,RESEARCH
Dientes Hernandez,2,,,RESEARCH
Dimes,2,,,RESEARCH
Dinastía,2,,,RESEARCH
Dirty Money and Scott Cardinal,2,,,RESEARCH
Don Bass,2,,,RESEARCH
Don Brodie,2,,,RESEARCH
Don Curtis and Mark Lewin,2,,,RESEARCH
Don Fargo,2,,,RESEARCH
Donna Christanello and Toni Rose,2,,,RESEARCH
Doom Patrol (Cold and Death Warrant),2,,,RESEARCH
Doug Williams,2,,,RESEARCH
Douki,2,,,RESEARCH
Dragon Bane,2,,,RESEARCH
Drew Galloway,2,,,RESEARCH
Drew Hernandez,2,,,RESEARCH
Dylan Bostic,2,,,RESEARCH
Dynamite Kid,2,,,RESEARCH
Eddie Gilbert and Tommy Gilbert,2,,,RESEARCH
Edouard Carpentier,2,,,RESEARCH
El Cobarde II,2,,,RESEARCH
El Hijo del Santo,2,,,RESEARCH
El Phantasmo,2,,,RESEARCH
El Supremo,2,,,RESEARCH
Electroshock,2,,,RESEARCH
Espectrito,2,,,RESEARCH
Esther Moreno,2,,,RESEARCH
Estrella Blanca,2,,,RESEARCH
Ethan Page,2,,,RESEARCH
Evolution (Atsushi Aoki and Hikaru Sato),2,,,RESEARCH
Evolution (Dan Tamura and Hikaru Sato),2,,,RESEARCH
FTR (Dax Harwood and Cash Wheeler),2,,,RESEARCH
Fabuloso Blondy,2,,,RESEARCH
Fallon Henley,2,,,RESEARCH
FinJuice (David Finlay and Juice Robinson),2,,,RESEARCH
Fire 'N Flava (Kiera Hogan and Tasha Steelz),2,,,RESEARCH
Flama Azul,2,,,RESEARCH
Francisco Aguayo,2,,,RESEARCH
Fuchin Gyorai (Terry Gordy and Stan Hansen),2,,,RESEARCH
Fuerza Guerrera and Juventud Guerrera,2,,,RESEARCH
Funaki,2,,,RESEARCH
G.E.T. (Johnny Ace and Kenta Kobashi),2,,,RESEARCH
Gajadokuro (Ishin and Yoshiki Kato),2,,,RESEARCH
Gallus (Mark Coffey and Wolfgang),2,,,RESEARCH
Genki Horiguchi,2,,,RESEARCH
Giant Baba and Michiaki Yoshimura,2,,,RESEARCH
Giant Baba and Toyonobori,2,,,RESEARCH
Good Looking Guys (Tadasuke and Yo-Hey),2,,,RESEARCH
Gran Markus,2,,,RESEARCH
Gran Markus Jr.,2,,,RESEARCH
Great-O-Khan,2,,,RESEARCH
Greg Gagne,2,,,RESEARCH
Grizzled Young Veterans (James Drake and Zack Gibson),2,,,RESEARCH
Guerrero Samurai,2,,,RESEARCH
Guerrillas of Destiny (Hikuleo and El Phantasmo),2,,,RESEARCH
Gypsy Joe Dorsetti and Skull Murphy,2,,,RESEARCH
Hanan,2,,,RESEARCH
Hank and Tank (Hank Walker and Tank Ledger),2,,,RESEARCH
Hazuki,2,,,RESEARCH
Hiro Matsuda,2,,,RESEARCH
Hiroshi Hase and Keiji Muto,2,,,RESEARCH
Hiroshi Hase and Kensuke Sasaki,2,,,RESEARCH
"Hiroshi Tanahashi, Toru Yano and Oleg Boltin",2,,,RESEARCH
Hollyhood Haley J,2,,,RESEARCH
"House of Torture (Evil, Sho and Yujiro Takahashi)",2,,,RESEARCH
Humberto Gárza,2,,,RESEARCH
Impostor Jr.,2,,,RESEARCH
India Sioux,2,,,RESEARCH
Intergalactic Jet Setters (Kushida and Kevin Knight),2,,,RESEARCH
Irma González,2,,,RESEARCH
Izanagi,2,,,RESEARCH
Izza Belle Smothers,2,,,RESEARCH
J-Rod,2,,,RESEARCH
J.T. Smith,2,,,RESEARCH
Jackson Drake,2,,,RESEARCH
Jake Strong,2,,,RESEARCH
Jamie Hayter,2,,,RESEARCH
Jason Wayne,2,,,RESEARCH
Jay Briscoe,2,,,RESEARCH
Jimmy Rave,2,,,RESEARCH
Joe Doering,2,,,RESEARCH
Joe Malenko,2,,,RESEARCH
John Saxon,2,,,RESEARCH
John Tolos,2,,,RESEARCH
Johnny Ace and Kenta Kobashi,2,,,RESEARCH
Johnny Barend,2,,,RESEARCH
Johnny Hotbody,2,,,RESEARCH
Johnny Jeter,2,,,RESEARCH
Johnny Spade,2,,,RESEARCH
Johnny Stamboli,2,,,RESEARCH
Johnny Valentine Jr. and Jerry Miller,2,,,RESEARCH
Jon Heidenreich,2,,,RESEARCH
Jonathan Gresham,2,,,RESEARCH
Jos LeDuc and Jean Louie,2,,,RESEARCH
Juan Diaz,2,,,RESEARCH
Jun Akiyama and Kenta Kobashi,2,,,RESEARCH
June Byers,2,,,RESEARCH
June Byers and Mary Jane Mull,2,,,RESEARCH
Junior Stars (Koji Kanemoto and Minoru Tanaka),2,,,RESEARCH
Jushin Thunder Liger and Tiger Mask,2,,,RESEARCH
Juventud,2,,,RESEARCH
K.E.S. (Davey Boy Smith Jr. and Lance Archer),2,,,RESEARCH
Kai,2,,,RESEARCH
Kairi Hojo,2,,,RESEARCH
Kaori Yoneyama,2,,,RESEARCH
Karl and Kurt Von Stroheim,2,,,RESEARCH
Karloff Lagarde Jr.,2,,,RESEARCH
Katie Lea,2,,,RESEARCH
Kaz Hayashi,2,,,RESEARCH
Keiji Muto and Kannazuki,2,,,RESEARCH
Keiji Muto and Masahiro Chono,2,,,RESEARCH
Ken Fenelon,2,,,RESEARCH
Ken Lucas and Billy Robinson,2,,,RESEARCH
Kendal Grey,2,,,RESEARCH
Kendo Kashin,2,,,RESEARCH
Kengo Kimura,2,,,RESEARCH
Kenichiro Arai,2,,,RESEARCH
Kenta Kobashi and Mitsuharu Misawa,2,,,RESEARCH
Kenzie Paige,2,,,RESEARCH
Kevin Northcutt,2,,,RESEARCH
Kevin Sullivan and The Tazmaniac,2,,,RESEARCH
Kings of Wrestling (Chris Hero and Claudio Castagnoli),2,,,RESEARCH
Koguma,2,,,RESEARCH
Komander,2,,,RESEARCH
Kris Statlander,2,,,RESEARCH
Kung Fu and Kato Kung Lee,2,,,RESEARCH
L.A. Park,2,,la-parka-iii|la parka|0.875,RESEARCH
La Dama Enmascarada,2,,,RESEARCH
La Fiera,2,,,RESEARCH
La Máscara,2,,,RESEARCH
La Revolucion,2,,,RESEARCH
La Revolución (La Revolucion II and La Revolucion III),2,,,RESEARCH
La Sirenita,2,,,RESEARCH
Lady JoJo,2,,,RESEARCH
Lady Shani,2,,,RESEARCH
Lance Archer,2,,,RESEARCH
Lars Anderson,2,,,RESEARCH
Layla,2,,,RESEARCH
Leon Slater,2,,,RESEARCH
Les Anderson,2,,,RESEARCH
Lexis King,2,,,RESEARCH
Lince Dorado,2,,,RESEARCH
Lorenzo Parente,2,,,RESEARCH
Los Desafios (Jota Peso and Maximo Suave),2,,,RESEARCH
"Los Guerreros Laguneros (Euforia, Gran Guerrero and Último Guerrero)",2,,,RESEARCH
"Los Infernales (MS-1, Pirata Morgan and El Satánico)",2,,,RESEARCH
Los Ingobernables de Japón (Evil and Sanada),2,,,RESEARCH
Los Inmortales,2,,,RESEARCH
"Los Psycho Circus (Monster Clown, Murder Clown, and Psycho Clown)",2,,,RESEARCH
Los Templarios (William de la Vega and Ash),2,,,RESEARCH
"Los Vatos Locos[x] (Charly Manson, May Flowers, Nygma and Picudo)",2,,,RESEARCH
"Los Villanos (Villano III, Villano IV and Villano V)",2,,,RESEARCH
Los Vipers (Abismo Negro and Electroshock),2,,,RESEARCH
Low Rider,2,,,RESEARCH
Luke Graham,2,,,RESEARCH
Luke Graham and Tarzan Tyler,2,,,RESEARCH
Léi Yǐng Lee,2,,,RESEARCH
MS-1,2,,,RESEARCH
MSK (Wes Lee and Nash Carter),2,,,RESEARCH
Mac Johnson and Seth Skyfire,2,,,RESEARCH
Madison,2,,,RESEARCH
Magnum T. A.,2,,,RESEARCH
Maika,2,,,RESEARCH
Makoto Hashi,2,,,RESEARCH
Manabu Soya,2,,,RESEARCH
Manny Fernandez,2,,,RESEARCH
Marcus Anthony,2,,,RESEARCH
Mark Briscoe,2,,,RESEARCH
Marty Scurll,2,,,RESEARCH
Maryse,2,,,RESEARCH
Masahiro Chono,2,,,RESEARCH
Masakatsu Funaki,2,,,RESEARCH
Mascarita Sagrada,2,,,RESEARCH
Mascarita Sagrada 2000,2,,,RESEARCH
Masha Slamovich,2,,,RESEARCH
Maximus Khan,2,,,RESEARCH
Mei Seira,2,,,RESEARCH
Member of La Revolución,2,,,RESEARCH
Mexican Powers (Crazy Boy and Joe Líder),2,,,RESEARCH
Michael Hayes and Mohammed Ali Vaez,2,,,RESEARCH
Mighty Igor Vodic,2,,,RESEARCH
Mighty Inoue,2,,,RESEARCH
Mighty Inoue and Takashi Ishikawa,2,,,RESEARCH
Miguel Pérez Jr.,2,,,RESEARCH
Mike Kanellis,2,,,RESEARCH
Mike Mendoza,2,,,RESEARCH
Mike Rapada,2,,,RESEARCH
Mike Santana,2,,,RESEARCH
Mims,2,,,RESEARCH
Mina Shirakawa,2,,,RESEARCH
Minoru,2,,,RESEARCH
Mirai,2,,,RESEARCH
Miss Tessmacher,2,,,RESEARCH
Misterioso and Volador,2,,,RESEARCH
Mocho Cota,2,,,RESEARCH
Mongolian Stomper,2,,,RESEARCH
Montel Vontavious Porter,2,,,RESEARCH
Mr. 450,2,,,RESEARCH
Mr. Anderson,2,,,RESEARCH
Mr. M,2,,,RESEARCH
Mr. Wrestling,2,,,RESEARCH
MsChif,2,,,RESEARCH
Musashi and Seiki Yoshioka,2,,,RESEARCH
Muscle Venus (Hikaru Shida and Tsukasa Fujimoto),2,,,RESEARCH
Máscara Año 2000,2,,,RESEARCH
Máscara Mágica,2,,,RESEARCH
Máscara Sagrada,2,,,RESEARCH
Médico Asesino,2,,,RESEARCH
Naoya Ogawa,2,,,RESEARCH
Naruki Doi,2,,,RESEARCH
Nathan Frazer and Axiom,2,,,RESEARCH
Natsupoi,2,,,RESEARCH
Nextream (Naoya Nomura and Yuma Aoyagi),2,,,RESEARCH
Nick Aldis,2,,,RESEARCH
Nigel McGuinness,2,,,RESEARCH
Nobuhiko Takada,2,,,RESEARCH
Norman Smiley,2,,,RESEARCH
Norvell Austin and Pat Barrett,2,,,RESEARCH
Nosawa,2,,,RESEARCH
Nueva Generación Dinamita (Sansón and Forastero),2,,,RESEARCH
OMG (Johnny Spade and Shiloh Jonze),2,,,RESEARCH
Octagoncito,2,,,RESEARCH
Octagoncito II,2,,,RESEARCH
Octagón Jr.,2,,,RESEARCH
Octavio Gaona,2,,,RESEARCH
Orange Cassidy,2,,,RESEARCH
Orlando Colón,2,,,RESEARCH
"Oscar Sevilla and Los Barrio Boys[ad] (Alan, Billy Boy and Decnis)",2,,,RESEARCH
Otto Von Heller and Karl Von Steiger,2,,,RESEARCH
Ozawa,2,,,RESEARCH
Pantera Negra,2,,,RESEARCH
Pedro Portillo III,2,,,RESEARCH
Pegasus Kid,2,,,RESEARCH
Pentagón Jr.,2,,,RESEARCH
Persephone,2,,,RESEARCH
Pete Gas,2,,,RESEARCH
Petey Williams,2,,,RESEARCH
Pierrothito,2,,,RESEARCH
Pimpinela Escarlata,2,,,RESEARCH
Polo Torres,2,,,RESEARCH
Pretty Deadly (Elton Prince and Kit Wilson),2,,,RESEARCH
Prince Prince (Minoru and Prince Devitt),2,,,RESEARCH
Prince Puma,2,,,RESEARCH
"Puerto Rican Express (Huracán Castillo, Jr. and Miguel Pérez, Jr.)",2,,,RESEARCH
Pólvora,2,,,RESEARCH
Ramón Torres,2,,,RESEARCH
Raul Reyes,2,,,RESEARCH
Red Velvet,2,,,RESEARCH
Ren Narita,2,,,RESEARCH
Rey Bucanero,2,,,RESEARCH
Reyna Isis,2,,,RESEARCH
Rhett Titus,2,,,RESEARCH
Rick Victor,2,,,RESEARCH
Ricky Murdock,2,,,RESEARCH
Ricky Saints,2,,,RESEARCH
Ricky Starks,2,,,RESEARCH
Riho,2,,,RESEARCH
Rikidōzan,2,,,RESEARCH
Robbie E,2,,,RESEARCH
Robert Fuller,2,,butch-miller|robert miller|0.846,RESEARCH
Rocco Bellagio,2,,,RESEARCH
Rock Rogowski,2,,,RESEARCH
Rocky Johnson,2,,,RESEARCH
Ron Fuller,2,,,RESEARCH
Ron Killings,2,,,RESEARCH
Ron Starr,2,,,RESEARCH
Rosita Williams,2,,,RESEARCH
Rufus R. Jones,2,,,RESEARCH
Rush,2,,,RESEARCH
S.M.O.P. (Akebono and Ryota Hama),2,,,RESEARCH
Sabu the Wildman,2,,,RESEARCH
Saki Kashima,2,,,RESEARCH
Samson Walker,2,,,RESEARCH
Saori Anou,2,,,RESEARCH
Scarlet,2,,,RESEARCH
Scorpio Sky,2,,,RESEARCH
Scott Armstrong,2,,,RESEARCH
Scott Norton,2,,,RESEARCH
Scramble Time (Seiki Yoshioka and Yuya Susumu),2,,,RESEARCH
Seiki Yoshioka,2,,,RESEARCH
Serge Dumont,2,,,RESEARCH
Shinjiro Otani and Tatsuhito Takaiwa,2,,,RESEARCH
Shuji Ishikawa,2,,,RESEARCH
Shun Skywalker,2,,,RESEARCH
Sienna,2,,,RESEARCH
Silas Young,2,,,RESEARCH
SoCal Uncensored (Frankie Kazarian and Scorpio Sky),2,,,RESEARCH
Sonjay Dutt,2,,,RESEARCH
Spitfire (Dani Luna and Jody Threat),2,,,RESEARCH
Star Black,2,,,RESEARCH
"Stars (Mayu Iwatani, Saki Kashima and Tam Nakano)",2,,,RESEARCH
Steve Anthony,2,,,RESEARCH
Steve Regal,2,,,RESEARCH
Strong BJ (Daisuke Sekimoto and Yuji Okabayashi),2,,,RESEARCH
Su Yung,2,,,RESEARCH
Sugi,2,,,RESEARCH
Sugi Sito,2,,,RESEARCH
Sushi,2,,,RESEARCH
Sweeper (Jake Lee and Koji Iwamoto),2,,,RESEARCH
Sweet Ebony Diamond,2,,,RESEARCH
Taka Michinoku,2,,,RESEARCH
Takashi Ishikawa and Akio Sato,2,,,RESEARCH
Takeshi Morishima and Muhammad Yone,2,,,RESEARCH
Taryn Terrell,2,,,RESEARCH
Tatum Paxley,2,,,RESEARCH
Tauro,2,,,RESEARCH
Taya,2,,,RESEARCH
Team 2000X (Masa Kitamiya and Takashi Sugiura),2,,,RESEARCH
Team Canada (Bobby Roode and Eric Young),2,,,RESEARCH
Team Extreme (Khris Germany and Kit Carson),2,,,RESEARCH
Ted McNaler,2,,,RESEARCH
TerreMex (The Mexicutioner and Randy Terrez),2,,,RESEARCH
"Terror, Inc. (Black Pain and Hannibal)",2,,,RESEARCH
Terry Gordy,2,,,RESEARCH
The Addiction (Christopher Daniels and Frankie Kazarian),2,,,RESEARCH
The Artist,2,,,RESEARCH
"The Black Family (Chessman, Cuervo, Escoria and Ozz)",2,,,RESEARCH
The Black Family (Dark Cuervo and Dark Ozz),2,,,RESEARCH
The Blond Bombers (Wayne Farris and Larry Latham),2,,,RESEARCH
The Blue Infernos,2,,,RESEARCH
The Border Patrol (Agent Gunn and Agent Maxx),2,,,RESEARCH
The Bounty Hunters (David Novak and Jerry Novak),2,,,RESEARCH
The Briscoes (Jay Briscoe and Mark Briscoe),2,,,RESEARCH
The British Invasion (Brutus Magnus and Doug Williams),2,,,RESEARCH
The BroMans (Robbie E and Jessie Godderz),2,,,RESEARCH
The Bruise Brothers (Dream Machine and Porkchop Cash),2,,,RESEARCH
The Brunetti Brothers (Guy Brunetti and Joe Brunetti),2,,,RESEARCH
The Coalition (Crimson and Jason Wayne),2,,,RESEARCH
The Country Gentlemen (AJ Cazana and KC Cazana),2,,,RESEARCH
The Crusher and Dick the Bruiser,2,,,RESEARCH
The Disciples of Synn (B.J. Payne and Damian),2,,,RESEARCH
The Disciples of Synn (Damian and Slash),2,,,RESEARCH
"The Elite (Kenny Omega, Matt Jackson and Nick Jackson)",2,,,RESEARCH
"The Elite (Kenny Omega, Matt Jackson, and Nick Jackson)",2,,,RESEARCH
The Fabulous Free Bodies (The Bodyguy and Big Jon),2,,,RESEARCH
The Fabulous Kangaroos (Al Costello and Don Kent),2,,,RESEARCH
The Fat and The Furious (Mr. Black and Trailer Park Trash),2,,,RESEARCH
The Gallagher Brothers (Doc Gallagher and Mike Gallagher),2,,,RESEARCH
The Gangstas (Mustafa Saed and New Jack),2,,,RESEARCH
The Giant,2,,,RESEARCH
The Golden Grahams (Eddie Graham and Dr. Jerry Graham),2,,,RESEARCH
The Hex (Allysin Kay and Marti Belle),2,,,RESEARCH
The Immortals (JR Kratos and Odinson),2,,,RESEARCH
The Infernos (Ron Gibson and Stan Pulaski),2,,,RESEARCH
The Interns (Tom Andrews and Jim Starr),2,,,RESEARCH
The Lisowski Brothers Reggie and Stan Lisowski,2,,,RESEARCH
The Mamalukes (Johnny the Bull and Big Vito),2,,,RESEARCH
"The Midnight Express (Norvell Austin (6), Dennis Condrey (14) and Randy Rose)",2,,,RESEARCH
The Mighty Ursus,2,,,RESEARCH
The Mighty Yankees (Mighty Yankee 1 and Mighty Yankee 3),2,,,RESEARCH
The Motor City Machine Guns (Alex Shelley and Chris Sabin),2,,,RESEARCH
The Nemeths (Nic Nemeth and Ryan Nemeth),2,,,RESEARCH
The Network (Andrew the Director and Benny the Producer),2,,,RESEARCH
The New Interns (Don Bass and Roger Smith),2,,,RESEARCH
The North (Ethan Page and Josh Alexander),2,,,RESEARCH
The Outrunners (Truth Magnum and Turbo Floyd),2,,,RESEARCH
The Pec-TacularGunns (Jessie Godderz and Tony Gunn),2,,,RESEARCH
The Spoiler,2,,,RESEARCH
The Starr Cousins (Chicky and Ron Starr),2,,,RESEARCH
"The Suicide Blondes (Chris Candido, Johnny Hotbody, and Chris Michaels)",2,,,RESEARCH
The Suicide Blondes (Derrick King and Jason Lee),2,,,RESEARCH
The Super Destroyers (A. J. Petrucci and Doug Stahl),2,,,RESEARCH
The Tag Buddies (Adam Revolver and Reverend Stuart Miles),2,,,RESEARCH
The Tate Twins (Brandon Tate and Brent Tate),2,,,RESEARCH
The Texas Hangmen (Killer and Psycho),2,,,RESEARCH
The Texas Outlaws (Todd Dean and Brian Gamble),2,,,RESEARCH
The Top Guyz (Adam Slade and Kevin Giza),2,,,RESEARCH
The Trifecta (Ashton Adonis and Brandon Barretta),2,,,RESEARCH
The Vanity Project (Brad Baylor and Ricky Smokes),2,,,RESEARCH
The Von Brauners (Karl and Kurt Von Brauner),2,,,RESEARCH
The Wildcats (Mike Anthony and Dobby Gillies),2,,,RESEARCH
The Young Bucks (Matthew Jackson and Nicholas Jackson),2,,,RESEARCH
Thekla,2,,,RESEARCH
Tiger Jeet Singh and Umanosuke Ueda,2,,,RESEARCH
Tiger Mask IV,2,,,RESEARCH
Time Splitters (Alex Shelley and Kushida),2,,,RESEARCH
"Tony D'Angelo and Channing ""Stacks"" Lorenzo",2,,,RESEARCH
Tony Kozina,2,,,RESEARCH
Tony Leyenda,2,,,RESEARCH
Tor Kamata,2,,,RESEARCH
Toru Yano,2,,,RESEARCH
Toru Yano and The Briscoe Brothers (Jay Briscoe and Mark Briscoe),2,,,RESEARCH
Toshiaki Kawada and Mitsuharu Misawa,2,,,RESEARCH
Tracy Smothers,2,,,RESEARCH
Tucker,2,,,RESEARCH
Tyler Bate,2,,,RESEARCH
Ultimate Dragon,2,,,RESEARCH
Unagi Sayaka,2,,,RESEARCH
United Empire (Great-O-Khan and Henare),2,,,RESEARCH
United Empire (Great-O-Khan and Jeff Cobb),2,,,RESEARCH
Vaughn Lilas,2,,,RESEARCH
Velvet Sky,2,,,RESEARCH
Villain Enterprises (Brody King and PCO),2,,,RESEARCH
Villano V,2,,,RESEARCH
Vince Kaplack,2,,,RESEARCH
Violent Giants  (Suwama and Shuji Ishikawa),2,,,RESEARCH
War Kings (Crimson and Jax Dane),2,,,RESEARCH
Winter,2,,,RESEARCH
XX (Hi69 and Taiji Ishimori),2,,,RESEARCH
Xtreme Tiger,2,,,RESEARCH
Xóchitl Hamada,2,,,RESEARCH
Yaqui Joe,2,,,RESEARCH
Yoshinari Ogawa and Zack Sabre Jr.,2,,,RESEARCH
Yoshinobu Kanemaru and Takashi Sugiura,2,,,RESEARCH
Yuma Aoyagi,2,,,RESEARCH
Zuleyma,2,,,RESEARCH
wing★gori (Hanan and Saya Iida),2,,,RESEARCH
xXx (Curtis Thompson and Drake Dawson),2,,,RESEARCH
Águila Solitaria,2,,,RESEARCH
Ángel Azteca,2,,,RESEARCH
Ángel Blanco,2,,,RESEARCH
Ángel Fashion,2,,,RESEARCH
Último Dragón §,2,,,RESEARCH
"""Hangman"" Adam Page and Brodido (Brody King and Bandido)",1,,,RESEARCH
"""Hangman"" Adam Page and Kenny Omega",1,,,RESEARCH
"""Jumping"" Jeff Jeffrey",1,,,RESEARCH
"""Superstar"" Billy Graham",1,,,RESEARCH
"""Thrillbilly"" Silas Mason",1,,,RESEARCH
02line (AZM and Miyu Amasaki),1,,,RESEARCH
3 Count,1,,,RESEARCH
7Kairi (Kairi Hojo and Nanae Takahashi),1,,,RESEARCH
7Upp (Nanae Takahashi and Yuu),1,,,RESEARCH
ABC[b] (Ace Austin and Chris Bey),1,,,RESEARCH
AJZ,1,,,RESEARCH
ANMU (Atsushi Aoki and Kotaro Suzuki),1,,,RESEARCH
AOP (Akam and Rezar),1,,,RESEARCH
AR Fox,1,,,RESEARCH
Aaron Rourke,1,,,RESEARCH
"Abarenbo GE (Syuri, Mirai and Ami Sohrei)",1,,,RESEARCH
Abdul Gaddafi,1,,,RESEARCH
Abdullah the Butcher and Ray Candy,1,,,RESEARCH
Abismo Negro,1,,,RESEARCH
Abismo Negro and Mini Abismo Negro,1,,,RESEARCH
Abudda Dein,1,,,RESEARCH
Action Andretti,1,,,RESEARCH
Adam Revolver and The Mexicutioner,1,,,RESEARCH
Adira and Náutica,1,,,RESEARCH
Adolfo Bonales,1,,,RESEARCH
Adrián el Exótico,1,,,RESEARCH
Aero Flash,1,,,RESEARCH
Agente Bruno (3) and Rico Suave (3),1,,,RESEARCH
Akantus,1,,,RESEARCH
Akebono and Yutaka Yoshie,1,,,RESEARCH
Akihisa Takachiho,1,,,RESEARCH
Akira,1,,,RESEARCH
Akira Francesco,1,,,RESEARCH
Akira Hokuto,1,,,RESEARCH
Akira Maeda and Nobuhiko Takada,1,,,RESEARCH
Akira Maeda and Osamu Kido,1,,,RESEARCH
Akira Nogami,1,,,RESEARCH
Akira Taue and Jumbo Tsuruta,1,,,RESEARCH
Akitoshi Saito and Bison Smith,1,,,RESEARCH
Aksana,1,,,RESEARCH
Akuma,1,,,RESEARCH
Al Greene (14) and Sir Clements,1,,,RESEARCH
Al Greene (18) and Phil Hickerson,1,,,RESEARCH
Al Greene (19) and Phil Hickerson (2),1,,,RESEARCH
Al Greene (20) and Phil Hickerson (3),1,,,RESEARCH
Al Greene (5) and Frank Martinez,1,,,RESEARCH
Al Greene (6) and Frank Martinez (2),1,,,RESEARCH
Al Greene (7) and Frank Martinez (3),1,,,RESEARCH
Al Greene and The Bicentennial Kings (Phil Hickerson and Dennis Condrey),1,,,RESEARCH
Al Madril,1,,,RESEARCH
Al Mills and Tiny,1,,,RESEARCH
Al Pérez,1,,,RESEARCH
Al Williams,1,,,RESEARCH
Alex Misery,1,,,RESEARCH
Alex Montalvo (3) and Chicky Starr (7),1,,,RESEARCH
Alex Perez and Tojo Yamamoto (10),1,,,RESEARCH
Alex Perez and Tojo Yamamoto (2),1,,,RESEARCH
Alex Perez and Tojo Yamamoto (4),1,,,RESEARCH
Alex Perez and Tojo Yamamoto (5),1,,,RESEARCH
Alex Perez and Tojo Yamamoto (8),1,,,RESEARCH
Alex Taylor,1,,,RESEARCH
Alex Windsor,1,,,RESEARCH
Ali,1,,,RESEARCH
Ali Bey,1,,,RESEARCH
Alianza de Plata y Oro (Carístico (5) and Místico),1,,,RESEARCH
Allysin Kay,1,,,RESEARCH
Alofa The Samoan Tank,1,,,RESEARCH
Alpha Female,1,,,RESEARCH
Alpha Wolf,1,,,RESEARCH
Amadeo Solé & Lou Forza,1,,,RESEARCH
Amakusa and Junta Miyawaki,1,,,RESEARCH
Amazing Red and Jerry Lynn,1,,,RESEARCH
Amber Gallows,1,,,RESEARCH
America's Most Wanted (James Storm (2) and Chris Harris),1,,,RESEARCH
American Dragon and Curry Man,1,,,RESEARCH
American Males (Marcus Alexander Bagwell (4) and Scotty Riggs),1,,,RESEARCH
Ami Sohrei,1,,,RESEARCH
Amon,1,,,RESEARCH
América,1,,,RESEARCH
Andersons (C. W. Anderson and Pat Anderson),1,,,RESEARCH
Andy Leavine,1,,,RESEARCH
Andy Leavine and Samson Walker,1,,,RESEARCH
Angel Dorada Jr. and Sky,1,,,RESEARCH
Angelina Love and Winter,1,,,RESEARCH
Angelito/Pequeño Volador Jr.,1,,,RESEARCH
Animal Hamaguchi and Mighty Inoue,1,,,RESEARCH
Anthony Mayweather,1,,,RESEARCH
Anthony Toatele and Dustin Jackson,1,,,RESEARCH
Antonino Rocca,1,,,RESEARCH
Antonio Inoki and Kintarō Ōki,1,,,RESEARCH
Antonio Posa,1,,,RESEARCH
Antonio Pugliese (2) and Spiros Arion,1,,,RESEARCH
Antonio Pugliese and Johnny Valentine (4),1,,,RESEARCH
Apoc and Vaughn Lilas,1,,,RESEARCH
Apocalypse,1,,,RESEARCH
Arashi and Keiji Muto,1,,,RESEARCH
Arashi and Koki Kitahara,1,,,RESEARCH
Arashi and Nobutaka Araya,1,,,RESEARCH
Arez and Komander,1,,,RESEARCH
Arianna Grace,1,,,RESEARCH
Arisa Hoshiki,1,,,RESEARCH
Arisa Nakajima,1,,,RESEARCH
Arisa Nakajima and Kana,1,,,RESEARCH
Aristotle,1,,,RESEARCH
Ariya and Makoto,1,,,RESEARCH
Arnold Skaaland and Spiros Arion (2),1,,,RESEARCH
Aron Rex,1,,,RESEARCH
Aron Stevens,1,,,RESEARCH
Aron Stevens and J. R. Kratos,1,,,RESEARCH
Arvil Hutto and The Jet Set (George Gulas (8) and Bobby Eaton (2)),1,,,RESEARCH
Ash Rubinsky,1,,,RESEARCH
Ash Rubynski,1,,,RESEARCH
Ash by Elegance,1,,,RESEARCH
Asher Knight,1,,,RESEARCH
Ashton Smith and Oliver Carter,1,,,RESEARCH
Ashura Hara and Mighty Inoue,1,,,RESEARCH
Ashura Hara and Super Strong Machine,1,,,RESEARCH
Ashura Hara and Takashi Ishikawa,1,,,RESEARCH
Astral,1,,,RESEARCH
Astro Rey Jr.,1,,,RESEARCH
Atlantis (2) and Lizmark,1,,,RESEARCH
Atlantis (3) and Blue Panther,1,,,RESEARCH
Atlantis (5) and Diamante Azul,1,,,RESEARCH
Atlantis Jr. and Flyer,1,,,RESEARCH
"Atlantis Jr., Star Jr. and Volador Jr.",1,,,RESEARCH
Atlantis and Rayo de Jalisco Jr.,1,,,RESEARCH
"Atlantis, Black Warrior and Mr. Niebla",1,,,RESEARCH
Atrapasuenos (Espiritu Negro and Rey Cometa),1,,,RESEARCH
Atsuki Aoyagi and Rising Hayato,1,,,RESEARCH
Atsuki Aoyagi and Yuma Aoyagi,1,,,RESEARCH
Atsushi Aoki and Go Shiozaki,1,,,RESEARCH
Atsushi Aoki and Naomichi Marufuji,1,,,RESEARCH
Atsushi Kotoge and Go Shiozaki,1,,,RESEARCH
Atsushi Kotoge and Hajime Ohara,1,,,RESEARCH
Atsushi Kotoge and Yo-Hey,1,,,RESEARCH
Atsushi Onita and Masanobu Fuchi,1,,,RESEARCH
Atsushi Onita and Toy Kojima,1,,,RESEARCH
Audaz,1,,,RESEARCH
Audrey Marie,1,,,RESEARCH
Aussie Open (Mark Davis and Kyle Fletcher),1,,,RESEARCH
Australian Suicide,1,,,RESEARCH
Authors of Pain (Akam and Rezar),1,,,RESEARCH
Ayako Hamada,1,,,RESEARCH
Ayumi,1,,,RESEARCH
B. J. Whitmer and Dan Maff,1,,,RESEARCH
B.J. Payne and Flash Flanagan,1,,,RESEARCH
BATT (Keiji Muto and Taiyō Kea),1,,,RESEARCH
BJ (3) and Joe Bravo (3),1,,,RESEARCH
BMI2000 (Natsuko Tora and Ruaka),1,,,RESEARCH
BY Hou (Kairi Hojo and Yoko Bito),1,,,RESEARCH
BY Hou (Yoko Bito and Yuzuki Aikawa),1,,,RESEARCH
Back Breakers (Hajime Ohara and Hitoshi Kumano),1,,,RESEARCH
Bad Dude Tito,1,,,RESEARCH
Bad Leroy Brown,1,,,RESEARCH
Bad Luck Fale,1,,,RESEARCH
Bad Street Boys (Christian York and Joey Matthews),1,,,RESEARCH
"Baka No Jidai (Fuminori Abe, Hikaru Sato and Yuma Aoyagi)",1,,,RESEARCH
Baka No Jidai (Hideki Suzuki and Kengo Mashimo),1,,,RESEARCH
Balls Mahoney and Masato Tanaka,1,,,RESEARCH
Bam Bam,1,,,RESEARCH
Band of Brothaz (General Pope and Private Anthony),1,,,RESEARCH
Barbara Baker and June Byers,1,,,RESEARCH
Barbi Hayden,1,,,RESEARCH
Baron Michele Leone,1,,,RESEARCH
Baron Mikel Scicluna and Smasher Sloan,1,,,RESEARCH
"Barrabás, Jr.",1,,,RESEARCH
Barrett Brown,1,,,RESEARCH
Bearcat Brown (12) and Tommy Gilbert,1,,,RESEARCH
Bearcat Brown (14) and Tommy Gilbert (3),1,,,RESEARCH
Bearcat Brown (3) and Len Rossi (16),1,,,RESEARCH
Bearcat Brown (7) and Len Rossi (20),1,,,RESEARCH
Bearcat Brown and Les Thatcher,1,,,RESEARCH
Beautiful Brutus,1,,,RESEARCH
"Beer Money, Inc. (Bobby Roode and James Storm)",1,,,RESEARCH
"Beer Money, Inc. (James Storm and Robert/Bobby Roode)",1,,,RESEARCH
Benjamin Bray,1,,,RESEARCH
Benjamin Bray and Andrew LaCroix,1,,,RESEARCH
Benny Galant,1,,,RESEARCH
Bertha Faye,1,,,RESEARCH
Bestia Negra,1,,,RESEARCH
Bette Boucher,1,,,RESEARCH
Betty Jo Hawkins and Penny Banner,1,,,RESEARCH
Betty Nicoli,1,,,RESEARCH
Beverly Shade and Natasha the Hatchet Lady,1,,,RESEARCH
Big Bad John,1,,,RESEARCH
Big Bad John and Bill Dundee (3),1,,,RESEARCH
Big Bad John and Bill Dundee (4),1,,,RESEARCH
"Big Bad John, Lorenzo Parente and John Gray",1,,,RESEARCH
Big Bubba Pain and L.A. Stephens,1,,,RESEARCH
Big Bubba and Goliath,1,,,RESEARCH
Big Bully Douglas,1,,,RESEARCH
Big Mama,1,,,RESEARCH
Big Mama and Kenzie Paige,1,,,RESEARCH
Big Mami and Niño Hamburguesa,1,,,RESEARCH
Big Men on Campus (Moose and Tilo),1,,,RESEARCH
Big Slam,1,,,RESEARCH
Big Smooth (Big Jon and Justin Smooth),1,,,RESEARCH
Big Vito,1,,,RESEARCH
Big Vito and Johnny the Bull,1,,,RESEARCH
Bill Dromo,1,,,RESEARCH
Bill Dromo and Tojo Yamamoto (24),1,,,RESEARCH
Bill Dundee (11) and Robert Fuller,1,,,RESEARCH
Bill Dundee (12) and Robert Fuller (2),1,,,RESEARCH
Bill Dundee (14) and Tommy Rich,1,,,RESEARCH
Bill Dundee (15) and Tommy Rich,1,,,RESEARCH
Bill Dundee (16) and Dream Machine,1,,,RESEARCH
Bill Dundee (17) and Dream Machine,1,,,RESEARCH
Bill Dundee (2) and George Barnes (2),1,,,RESEARCH
Bill Dundee (22) and Dutch Mantel (4),1,,,RESEARCH
Bill Dundee (5) and Tommy Rich,1,,,RESEARCH
Bill Dundee (7) and Ricky Gibson (2),1,,,RESEARCH
Bill Dundee and Dream Machine,1,,,RESEARCH
Bill Dundee and Rocky Johnson,1,,,RESEARCH
Bill Irwin,1,,,RESEARCH
Bill Irwin and Larry Latham (3),1,,,RESEARCH
Billie Starkz,1,,,RESEARCH
Billy Black and Joel Deaton,1,,,RESEARCH
Billy Ken Kid [ja],1,,,RESEARCH
Billy O,1,,,RESEARCH
Billy O and Kevin Giza,1,,,RESEARCH
Billy Travis,1,,,RESEARCH
Billy Travis and Mark Starr (2),1,,,RESEARCH
Billy Two Rivers,1,,,RESEARCH
Billy White Wolf and Chief Jay Strongbow,1,,,RESEARCH
Billy and Jimmy Hines,1,,,RESEARCH
Bison Smith and Keith Walker,1,,,RESEARCH
Black Bart,1,,,RESEARCH
"Black Boy and José Rivera, Jr.",1,,,RESEARCH
Black Desire (Momo Watanabe and Starlight Kid),1,,,RESEARCH
Black Gordman and Medic I (4),1,,,RESEARCH
Black Magic,1,,,RESEARCH
Black Menso-re,1,,,RESEARCH
Black Pain (3) and Mad Man Manson,1,,,RESEARCH
Black Pain (4) & Nihan,1,,,RESEARCH
Black Shadow,1,,,RESEARCH
Black Terry and Negro Navarro,1,,,RESEARCH
"Black Tiger III, Universo 2000 and Dr. Wagner Jr.",1,,,RESEARCH
Black Tiger IV,1,,,RESEARCH
Black Tiger VII and Taka Michinoku,1,,,RESEARCH
"Black Warrior, Blue Panther and Dr. Wagner Jr.",1,,,RESEARCH
"Black Warrior, El Canek and Rayo de Jalisco Jr.",1,,,RESEARCH
Blackjack Lanza,1,,,RESEARCH
"Blackpool Combat Club/Death Riders (Claudio Castagnoli, Pac, and Wheeler Yuta)",1,,,RESEARCH
Blake Monroe,1,,,RESEARCH
Bloody Fate (Karma and Starlight Kid),1,,,RESEARCH
"Blue Panther, Fuerza Guerrera and Dr. Wagner Jr.",1,,,RESEARCH
Blue Yankee,1,,,RESEARCH
Blunt Force Trauma (Carnage and Damage),1,,,RESEARCH
Bob Ellis (2) and Alberto Torres,1,,,RESEARCH
Bob Ellis and Jim Garvin,1,,,RESEARCH
Bob Ellis and Stan Pulaski (4),1,,,RESEARCH
Bob Geigel (2) and Otto Von Krupp,1,,,RESEARCH
Bob Geigel (3) and Stan Kowalski (2),1,,,RESEARCH
Bob Geigel and The Viking,1,,,RESEARCH
Bob Orton (2) and Mad Dog Vachon,1,,,RESEARCH
Bob Orton (3) and Mad Dog Vachon (2),1,,,RESEARCH
Bob Ramstead (2) and Johnny Walker (4),1,,,RESEARCH
Bob Sapp,1,,,RESEARCH
Bob Sweetan,1,,,RESEARCH
Bobby (7) and Lee Fields,1,,,RESEARCH
Bobby Arreola,1,,,RESEARCH
Bobby Duncum and Blackjack Lanza,1,,,RESEARCH
Bobby Eaton (5) and Duke Myers,1,,,RESEARCH
Bobby Eaton (6) and Duke Myers,1,,,RESEARCH
Bobby Eaton and Sweet Brown Sugar (2),1,,,RESEARCH
Bobby Eaton and Sweet Brown Sugar (3),1,,,RESEARCH
Bobby Eaton and Sweet Brown Sugar (4),1,,,RESEARCH
Bobby Eaton and Sweet Brown Sugar (5),1,,,RESEARCH
Bobby Fish,1,,,RESEARCH
Bobby Roode and Austin Aries,1,,,RESEARCH
Bobby Shane,1,,,RESEARCH
Bobo Brazil and Bearcat Brown (10),1,,,RESEARCH
Bobo Brazil and Bearcat Brown (9),1,,,RESEARCH
Bodyguard,1,,,RESEARCH
Bolin Services (Charles Evans and Justin LaRouche),1,,,RESEARCH
Bolin Services (The Prototype and Rico Constantino),1,,,RESEARCH
"Bolin Services 2.0 (James ""Moose"" Thomas and Rocco Bellagio)",1,,,RESEARCH
Boltin Oleg and Bishamon (Hirooki Goto and Yoshi-Hashi),1,,,RESEARCH
Boogie Knights (Alex Wright and Disco Inferno),1,,,RESEARCH
Bouncer Bruno (2) and Dutch Mantel,1,,,RESEARCH
Bousou-gun (La Comandante and Yumiko Hotta),1,,,RESEARCH
Boy Tony (Tony Falk),1,,,RESEARCH
Brad Allen and Nic Nemeth,1,,,RESEARCH
Brad Maddox and Briley Pierce,1,,,RESEARCH
Brad Maddox and Rick Victor,1,,,RESEARCH
Bram,1,,,RESEARCH
Brandon K,1,,,RESEARCH
Brave (Naomichi Marufuji and Takashi Sugiura),1,,,RESEARCH
Brazo de Plata,1,,,RESEARCH
Brent Dail,1,,,RESEARCH
Brent Dail and Ricky Santana (10),1,,,RESEARCH
Brett Sawyer,1,,,RESEARCH
Brian Pillman Jr.,1,,,RESEARCH
Brian Pillman and The Z-Man,1,,,RESEARCH
Brickhouse Brown,1,,,RESEARCH
Brittany Devore,1,,,RESEARCH
Brodido (Brody King and Bandido),1,,,RESEARCH
Bronko Nagurski and Verne Gagne,1,,,RESEARCH
Brooke,1,,,RESEARCH
Brooks Jensen and Josh Briggs,1,,,RESEARCH
Bruce Reed,1,,,RESEARCH
Bruno Sammartino (2) and Dominic DeNucci,1,,,RESEARCH
Bruno Sammartino and Spiros Arion (3),1,,,RESEARCH
Brute Bernard and Skull Murphy,1,,,RESEARCH
Bryan Cash and Juan Hurtado,1,,,RESEARCH
Buddy Austin and Mike Sharpe,1,,,RESEARCH
Buddy Austin and The Great Scott,1,,,RESEARCH
Buddy Fuller and Lester Welch (11),1,,,RESEARCH
Buddy Fuller and Lester Welch (7),1,,,RESEARCH
Buddy Murphy,1,,,RESEARCH
Buddy Murphy/Murphy and Wesley Blake/Blake,1,,,RESEARCH
Buddy Rogers (2) and Johnny Barend,1,,,RESEARCH
Buddy Rogers and Johnny Valentine (2),1,,,RESEARCH
Buddy Rose and Doug Somers,1,,,RESEARCH
Bugsy McGraw,1,,,RESEARCH
Bull and Fred Curry,1,,,RESEARCH
"Bullet Club (Bad Luck Fale, Tama Tonga and Tanga Loa",1,,,RESEARCH
"Bullet Club (Bad Luck Fale, Tama Tonga and Tanga Loa)",1,,,RESEARCH
"Bullet Club (Bad Luck Fale, Tama Tonga and Yujiro Takahashi)",1,,,RESEARCH
"Bullet Club (Tama Tonga, Tanga Loa and Taiji Ishimori)",1,,,RESEARCH
Bullet Club Latinoamerica (El Terrible and Tama Tonga),1,,,RESEARCH
Bullet Club Latinoamerica (Rey Bucanero (4) and Tama Tonga (2)),1,,,RESEARCH
Bullet Club War Dogs (Alex Coughlin and Gabe Kidd),1,,,RESEARCH
Bullet Club's Cutest Tag Team (El Phantasmo and Taiji Ishimori),1,,,RESEARCH
"Bullet Club/The Elite (Cody, Matt Jackson, and Nick Jackson)",1,,,RESEARCH
"Bully Ray and The Briscoe Brothers (Jay Briscoe, and Mark Briscoe)",1,,,RESEARCH
Burning (Atsushi Aoki and Kotaro Suzuki),1,,,RESEARCH
Burning (Go Shiozaki and Jun Akiyama),1,,,RESEARCH
Burning (Jun Akiyama and Kotaro Suzuki),1,,,RESEARCH
Burning (Jun Akiyama and Yoshinobu Kanemaru),1,,,RESEARCH
Business Tag Team (Kento Miyahara and Yuma Aoyagi),1,,,RESEARCH
Butch Levy (2) and Leo Nomellini (2),1,,,RESEARCH
Butch Levy and Verne Gagne (3),1,,,RESEARCH
Byron Saxton,1,,,RESEARCH
B×B Hulk and Shingo Takagi,1,,,RESEARCH
Bárbaro Cavernario,1,,,RESEARCH
C.J. Lane,1,,,RESEARCH
CJ Parker and Donnie Marlow,1,,,RESEARCH
CJ Parker and Jason Jordan,1,,,RESEARCH
Cachorro Mendoza and Ringo Mendoza,1,,,RESEARCH
Cage,1,,,RESEARCH
Calavera Jr. I,1,,,RESEARCH
Cali Young,1,,,RESEARCH
Callum Newman,1,,,RESEARCH
Calypso Hurricane and Gene Kiniski,1,,,RESEARCH
"Candy Crush (Chelsea, Kairi Hojo and Koguma)",1,,,RESEARCH
Canelo Casas,1,,,RESEARCH
Capitán Suicida,1,,,RESEARCH
Cappuccino Jones,1,,,RESEARCH
Carl Fergie,1,,,RESEARCH
Carl Ouellet,1,,,RESEARCH
Carlos Calderón,1,,,RESEARCH
Carlos Carlderón,1,,,RESEARCH
Carlos Jose Estrada,1,,,RESEARCH
Carlos Plata,1,,,RESEARCH
Carly Colón (2) and Konnan,1,,,RESEARCH
Carly Colón and Eddie Colón,1,,,RESEARCH
Carnage Crew (H. C. Loc and Tony DeVito),1,,,RESEARCH
Carson Bartholomew Drake,1,,,RESEARCH
Carístico/Místico,1,,,RESEARCH
Cassandro,1,,,RESEARCH
Cassidy Riley and James Storm,1,,,RESEARCH
Caylee Turner,1,,,RESEARCH
Cesar Valentino,1,,,RESEARCH
Chad Toland,1,,,RESEARCH
Chamuel,1,,,RESEARCH
Chance Prophet,1,,,RESEARCH
"Chaos (Beretta, Tomohiro Ishii and Toru Yano)",1,,,RESEARCH
"Chaos (Hirooki Goto, Tomohiro Ishii and Yoshi-Hashi)",1,,,RESEARCH
"Chaos (Hirooki Goto, Yoshi-Hashi and Yoh)",1,,,RESEARCH
Chaos (Tomohiro Ishii and Toru Yano),1,,,RESEARCH
Char Starr,1,,,RESEARCH
Charlie Brown,1,,,RESEARCH
Charlie Cook and Tommy Seigler,1,,,RESEARCH
Charlie Fulton and Bobby Mayne,1,,,RESEARCH
Chase University (Andre Chase and Duke Hudson),1,,,RESEARCH
Chavo Classic,1,,,RESEARCH
"Chessman (3) and Los Psycho Circus (Killer Clown, Psycho and Zombie Clown)",1,,,RESEARCH
Chessman and Electroshock (3),1,,,RESEARCH
Chet Jablonski and Seth Skyfire,1,,,RESEARCH
"Chibis (Kairi Hojo, Kaori Yoneyama and Yuhi)",1,,,RESEARCH
Chicano (10) & Lightning (32),1,,,RESEARCH
Chicano (2) and Idol Stevens (2),1,,,RESEARCH
Chicano (6) and Xix Xavant,1,,,RESEARCH
Chicano (7) and Xix Xavant (2),1,,,RESEARCH
Chick Donovan and Jack Hart,1,,,RESEARCH
Chicky Starr,1,,,RESEARCH
Chico Casasola,1,,,RESEARCH
Chief Jay Strongbow and Sonny King,1,,,RESEARCH
Chief Little Bear and Mack York,1,,,RESEARCH
Choukibou-gun (Hajime Ohara and Kenoh),1,,,RESEARCH
Choukibou-gun (Maybach Taniguchi and Takeshi Morishima),1,,,RESEARCH
Chris Adams,1,,,RESEARCH
Chris Angel,1,,,RESEARCH
Chris Bey,1,,,RESEARCH
Chris Cage,1,,,RESEARCH
Chris Draven,1,,,RESEARCH
Chris Harris and Elix Skipper,1,,,RESEARCH
Chris Joel,1,,,RESEARCH
Chris Joel (3) and Demolition X,1,,,RESEARCH
Chris Kanyon,1,,,RESEARCH
Christie Ricci,1,,,RESEARCH
Christopher Daniels and James Storm,1,,,RESEARCH
Christopher Daniels and Matt Sydal,1,,,RESEARCH
Christopher Silvio,1,,,RESEARCH
Christopher Silvio and Ryan Nemeth,1,,,RESEARCH
Ciclón Veloz,1,,,RESEARCH
Ciclón Veloz Jr.,1,,,RESEARCH
Cien Caras and Sangre Chicana,1,,,RESEARCH
Cima,1,,,RESEARCH
Colby Corino,1,,,RESEARCH
Coloso Colosetti,1,,,RESEARCH
Colt Cabana and Charles Evans,1,,,RESEARCH
Comando Caribeño (Misterioso Jr. and Sagrado),1,,,RESEARCH
Command Bolshoi,1,,,RESEARCH
Condotti Shuji,1,,,RESEARCH
Corazón de León,1,,,RESEARCH
Corey Graves,1,,,RESEARCH
Corey Graves and Jake Carter,1,,,RESEARCH
Corey Storm,1,,,RESEARCH
Corey Storm and Dimes,1,,,RESEARCH
Corsica Joe (7) and Chin Lee,1,,,RESEARCH
"Cosmic Angels (Tam Nakano, Saori Anou and Natsupoi)",1,,,RESEARCH
Craig Classic,1,,,RESEARCH
Crazy Rudy,1,,,RESEARCH
Crazy Star (Suzu Suzuki and Mei Seira),1,,,RESEARCH
Crazzy Steve,1,,,RESEARCH
Creed Brothers (Brutus Creed and Julius Creed),1,,,RESEARCH
Crimson,1,,,RESEARCH
Crixus,1,,,RESEARCH
Crowbar,1,,,RESEARCH
Crowbar and Daffney,1,,,RESEARCH
Crusher Lisowski,1,,,RESEARCH
Curry Man,1,,,RESEARCH
Cyon,1,,,RESEARCH
Cyrus,1,,,RESEARCH
César Curiel,1,,,RESEARCH
D'Jour Twins (Dave D'Jour and David D'Jour),1,,,RESEARCH
D.J. Peterson and The Trooper,1,,,RESEARCH
DJZ,1,,,RESEARCH
Daffney,1,,,RESEARCH
Daisuke Harada and Hajime Ohara,1,,,RESEARCH
Daisuke Sekimoto,1,,,RESEARCH
Dale Lewis (3) and Stan Pulaski (2),1,,,RESEARCH
Dalton Castle and The Boys (Boy 1 and Boy 2),1,,,RESEARCH
Dalton Castle and The Boys (Brandon Tate and Brent Tate),1,,,RESEARCH
Dalton Castle and The Outrunners (Truth Magnum and Turbo Floyd),1,,,RESEARCH
Damiancito El Guerrero,1,,,RESEARCH
Damiancito el Guerrero/Virus,1,,,RESEARCH
Damn OGs (Adam Revolver and Tony Gunn),1,,,RESEARCH
Dan Factor and David Flair,1,,,RESEARCH
Dan Miller and Frank Valois,1,,,RESEARCH
Dangan Yankies (Masato Tanaka and Takashi Sugiura),1,,,RESEARCH
Dani Mo,1,,,RESEARCH
Daniel Aldana,1,,,RESEARCH
Danny Collins,1,,,RESEARCH
Danny Doring and Roadkill,1,,,RESEARCH
Danny Hodge and Mario Milano (4),1,,,RESEARCH
Danny Hodge and Wilbur Snyder,1,,,RESEARCH
Danny Little Bear and Chief Thundercloud,1,,,RESEARCH
Danny McShain,1,,,RESEARCH
Danny Miller,1,,,RESEARCH
Dante Leon,1,,,RESEARCH
Daphanie LaShaunn,1,,,RESEARCH
Darby Allin and Sting,1,,,RESEARCH
Dardo Aguilar,1,,,RESEARCH
Dark Carnival (The Great Muta and Vampiro),1,,,RESEARCH
Dark Kingdom (Mitsuya Nagai and Takeshi Minamino),1,,,RESEARCH
DarkState (Dion Lennox and Osiris Griffin),1,,,RESEARCH
DarkState (Osiris Griffin and Dion Lennox/Saquon Shugars),1,,,RESEARCH
Darkness Dragon,1,,,RESEARCH
Darriel Kelly and Josh Lowry,1,,,RESEARCH
Dash and Dawson/The Revival (Dash Wilder and Scott Dawson),1,,,RESEARCH
Dave the Rave and Juan Hurtado,1,,,RESEARCH
Davey Andrews,1,,,RESEARCH
David Arquette,1,,,RESEARCH
David C.,1,,,RESEARCH
David Flair,1,,,RESEARCH
David Flair and Crowbar,1,,,RESEARCH
David Lee Lorenze III and Scott Cardinal,1,,,RESEARCH
David Lee Lorenze III and Shiloh Jonze,1,,,RESEARCH
David Schultz,1,,,RESEARCH
David Von Erich,1,,,RESEARCH
Dean Douglas,1,,,RESEARCH
Dean Ho and Tony Garea,1,,,RESEARCH
Death Yama-san,1,,,RESEARCH
Debra,1,,,RESEARCH
Decay (Abyss and Crazzy Steve),1,,,RESEARCH
Decay (Havok and Crazzy Steve),1,,,RESEARCH
Defunct,1,,,RESEARCH
"DemonXBunny (Allie, Rosemary, and Kiera Hogan)",1,,,RESEARCH
Dennis Condrey,1,,,RESEARCH
Dennis Condrey (11) and David Schultz (3),1,,,RESEARCH
Dennis Condrey (9) and Phil Hickerson (12),1,,,RESEARCH
Dennis Hall (4) and Johnny Walker (6),1,,,RESEARCH
Dennis Hall (6) and Johnny Long (6),1,,,RESEARCH
Dennis Hall (7) and Johnny Walker (7),1,,,RESEARCH
Dennis Hall (8) and Johnny Walker (10),1,,,RESEARCH
Derby City Destroyers (Big Zo and Gnarls Garvin),1,,,RESEARCH
Derrick Bateman and Johnny Curtis,1,,,RESEARCH
Derrick Dempsey,1,,,RESEARCH
Desiree Petersen and Velvet McIntyre,1,,,RESEARCH
Deuce 'n Domino,1,,,RESEARCH
Deuce Shade,1,,,RESEARCH
Devil Masami,1,,,RESEARCH
Devil Princess (Rina and Azusa Inaba),1,,,RESEARCH
Diabólico (2) and Rico Suave (5),1,,,RESEARCH
Diabólico and Rico Suave (4),1,,,RESEARCH
Diamante,1,,,RESEARCH
Diamante Azul (2) and Valiente (2),1,,,RESEARCH
Dick Beyer (2) and Len Rossi,1,,,RESEARCH
Dick Beyer and Tex Riley(4),1,,,RESEARCH
Dick Hutton,1,,,RESEARCH
Dick Slater (2) and Bunkhouse Buck,1,,,RESEARCH
Dick Togo,1,,,RESEARCH
Dick Togo and Taka Michinoku,1,,,RESEARCH
Dick the Bruiser and Crusher Lisowski,1,,,RESEARCH
Diluvio Negro I and Gato Volador[Note 2],1,,,RESEARCH
Diluvio Negro II †,1,,,RESEARCH
Dios Rojo and Dios Negro,1,,,RESEARCH
Dirtbike Kid,1,,,RESEARCH
Dirty Rhodes (Roger Smith),1,,,RESEARCH
Disobey (Takeshi Rikio and Muhammad Yone),1,,,RESEARCH
Disturbing Behavior (Jeff Daniels and Tim Renesto),1,,,RESEARCH
Divine Dominion (Megan Bayne and Lena Kross),1,,,RESEARCH
Doctor X,1,,,RESEARCH
Dominic DeNucci,1,,,RESEARCH
Dominic DeNucci and Victor Rivera/Pat Barrett,1,,,RESEARCH
Don Bass and Dirty Rhodes,1,,,RESEARCH
"Don Callis Family (Kazuchika Okada, Kyle Fletcher, and Mark Davis)",1,,,RESEARCH
Don Carson (3) and Dennis Condrey (10),1,,,RESEARCH
Don Fujii and Masaaki Mochizuki,1,,,RESEARCH
Don Garfield,1,,,RESEARCH
Don Greene (15) and Scorpion,1,,,RESEARCH
Don Joyce,1,,,RESEARCH
Don Kernodle (2) and Bob Orton Jr.,1,,,RESEARCH
Don Kernodle (3) and Ivan Koloff (2),1,,,RESEARCH
Don McClarity and Vittorio Apollo,1,,,RESEARCH
Donna Christanello and Kathy O'Day,1,,,RESEARCH
Doom Patrol (Cold & Deth Warrant),1,,,RESEARCH
Dory Dixon,1,,,RESEARCH
Dos Caras Jr.,1,,,RESEARCH
"Dos Caras, La Fiera and Héctor Garza",1,,,RESEARCH
Doug Basham and Flash Flanagan,1,,,RESEARCH
Doug Flutie,1,,,RESEARCH
Doug Lindsey and Treach Phillips,1,,,RESEARCH
Doug Masters (2) and Ron Starr (4),1,,,RESEARCH
Doug Masters (3) and Ron Starr (5),1,,,RESEARCH
"Dr. Britt Baker, D.M.D.",1,,,RESEARCH
Dr. D and Héctor Guerrero,1,,,RESEARCH
Dr. Jerry Graham (3) and Johnny Valentine,1,,,RESEARCH
Dr. Jerry Graham (6) and Luke Graham,1,,,RESEARCH
Dr. Klodied,1,,,RESEARCH
Dr. Wagner,1,,,RESEARCH
Dr. Wagner Jr. and Kendo Kashin,1,,,RESEARCH
"Dr. Wagner, Jr.",1,,,RESEARCH
Dragon Bane and Alejandro,1,,,RESEARCH
Dragon Kid,1,,,RESEARCH
Dream Machine(3) and Jim Mitchell,1,,,RESEARCH
"Dream Trine (Ami Sohrei, Hina and Lady C)",1,,,RESEARCH
Dutch Mantel (3) and Tommy Rich (4),1,,,RESEARCH
Dutch Mantel and David Schultz (2),1,,,RESEARCH
Dutch Mantell,1,,,RESEARCH
Dylan Bostic and The Mexicutioner,1,,,RESEARCH
Dylan James,1,,,RESEARCH
Dylan James and Ryoji Sai,1,,,RESEARCH
ELPIDA (Yuma Anzai and Rising Hayato),1,,,RESEARCH
Ed Francis,1,,,RESEARCH
Eddie Diamond,1,,,RESEARCH
Eddie Gilbert (2) and Ricky Morton (5),1,,,RESEARCH
Eddie Gilbert and Tommy Rich (3),1,,,RESEARCH
Eddie Gossett (2) and Tex Riley(2),1,,,RESEARCH
Eddie Gossett and Roy Welch,1,,,RESEARCH
Eddie Graham and Killer Karl Kox,1,,,RESEARCH
Eddie Knight,1,,,RESEARCH
Eddie Kraven & Mike Kruel,1,,,RESEARCH
Eddie Marlin (6) and Tojo Yamamoto (31),1,,,RESEARCH
"Eddie Marlin, Tommy Gilbert, and Ricky Gibson",1,,,RESEARCH
Eddie Orengo,1,,,RESEARCH
Eduardo Perez and Red Roberts (2),1,,,RESEARCH
Eita and Shuji Kondo,1,,,RESEARCH
Ejecutor and Mr. Secuestro,1,,,RESEARCH
El Aero Fuego (Formerly known as Seth Skyfire),1,,,RESEARCH
El Alebrije and Cuije,1,,,RESEARCH
El Bronco (2) and Invader I (12),1,,,RESEARCH
El Bronco (3) and Invader I (13),1,,,RESEARCH
El Bronco (4) and Ciclón Salvadoreño,1,,,RESEARCH
El Bronco (5) and Ray González (4),1,,,RESEARCH
El Bronco (6) and Ray González (5),1,,,RESEARCH
El Bronco (7) and Ray González (6),1,,,RESEARCH
El Bronco (8) and Super Gladiador,1,,,RESEARCH
El Bronco (9) and Diamante Dominicano (3),1,,,RESEARCH
El Bronco and Invader I (11),1,,,RESEARCH
"El Bufete del Amor (Marco Corleone, Máximo and Rush)",1,,,RESEARCH
El Bulldog,1,,,RESEARCH
El Canek and Dr. Wagner Jr.,1,,,RESEARCH
El Chicano,1,,,RESEARCH
El Cobarde,1,,,RESEARCH
El Cobarde †,1,,,RESEARCH
El Comandante,1,,,RESEARCH
"El Consejo (El Texano Jr., Máscara Año 2000 Jr., and Toscano)",1,,,RESEARCH
El Cuatrero,1,,,RESEARCH
El Cuervo (5) and El Hombre Bestia Angel (2),1,,,RESEARCH
El Desperado and Místico,1,,,RESEARCH
El Diabólico,1,,,RESEARCH
El Dragon Azteca Jr.,1,,,RESEARCH
El Egipcio,1,,,RESEARCH
El Engendro,1,,,RESEARCH
El Generico,1,,,RESEARCH
El Generico and Kevin Steen,1,,,RESEARCH
El Hijo de Dr. Wagner Jr.,1,,,RESEARCH
El Hijo de Ray González,1,,,RESEARCH
El Hijo de Ray González and Mike Mendoza,1,,,RESEARCH
El Jalisco,1,,,RESEARCH
El Khalifa,1,,,RESEARCH
El Lindaman,1,,,RESEARCH
El Marquez,1,,,RESEARCH
El Mesias,1,,,RESEARCH
El Mesías and Pagano,1,,,RESEARCH
El Modulo,1,,,RESEARCH
El Nazi,1,,,RESEARCH
El Nuevo Mando (Bolo the Red Bulldog and Diabolico (4)),1,,,RESEARCH
El Nuevo Mando (El Hombre Bestia Angel and Diabolico (5)),1,,,RESEARCH
"El Nuevo Poder del Norte (Carta Brava Jr., Mocho Cota Jr., and Soul Rocker)",1,,,RESEARCH
El Pantera,1,,,RESEARCH
El Pantera II,1,,,RESEARCH
El Patrón Alberto,1,,,RESEARCH
El Poder Supremo (Tim Arson (2) and Rico Suave (8)),1,,,RESEARCH
El Poder Supremo (Tim Arson and Rico Suave (7)),1,,,RESEARCH
El Pulpo †,1,,,RESEARCH
El Rojo Uno,1,,,RESEARCH
El Sagrado,1,,,RESEARCH
El Salsero,1,,,RESEARCH
El Samurai and Jushin Thunder Liger,1,,,RESEARCH
El Samurai and Koji Kanemoto,1,,,RESEARCH
El Samurai and Ryusuke Taguchi,1,,,RESEARCH
El Samurai §,1,,,RESEARCH
El Samurai †,1,,,RESEARCH
"El Sky Team (Máscara Dorada, Místico and Neón)",1,,,RESEARCH
El Sky Team (Místico and Máscara Dorada),1,,,RESEARCH
El Solar,1,,,RESEARCH
El Super Fénix,1,,,RESEARCH
El Talismán,1,,,RESEARCH
El Texano,1,,,RESEARCH
"El Texano, Jr.",1,,,RESEARCH
El Torero,1,,,RESEARCH
El Triangulo (El Hijo del Villano III and Villano III Jr.),1,,,RESEARCH
El Yunque,1,,,RESEARCH
Elio LeFleur,1,,,RESEARCH
Elix Skipper,1,,,RESEARCH
Elix Skipper and Kid Romeo,1,,,RESEARCH
Elvis Pridemoore,1,,,RESEARCH
Eléctrico,1,,,RESEARCH
"Embassy/Mogul Embassy (Brian Cage, Bishop Kaun, and Toa Liona)",1,,,RESEARCH
Emilio Charles,1,,,RESEARCH
Emilio Charles Jr. and Dr. Wagner Jr. (3),1,,,RESEARCH
"Emilio Charles Jr., Rey Bucanero and El Satánico",1,,,RESEARCH
"Emilio Charles, Jr.",1,,,RESEARCH
"Empress Nexus Venus (Maika, Mina Shirakawa and Xena)",1,,,RESEARCH
Enes Kanter,1,,,RESEARCH
Enrique Llanes,1,,,RESEARCH
Enrique Vera,1,,,RESEARCH
Epidemius and Transportador del Norte,1,,,RESEARCH
Eric Alexander,1,,,RESEARCH
Eric Alexander and Rico Suave (6),1,,,RESEARCH
Eric Bischoff,1,,,RESEARCH
Eric Escobar,1,,,RESEARCH
Eric The Red,1,,,RESEARCH
Eric Young and ODB,1,,,RESEARCH
Eric the Animal,1,,,RESEARCH
Erik,1,,,RESEARCH
Ernie Osiris,1,,,RESEARCH
Eruption (Hideki Okatani and Yukio Sakaguchi),1,,,RESEARCH
"Eruption (Yukio Sakaguchi, Saki Akai and Hideki Okatani)",1,,,RESEARCH
Esfinge & Fugaz,1,,,RESEARCH
Essa Rios,1,,,RESEARCH
Estrellita,1,,,RESEARCH
Euforia,1,,,RESEARCH
Evan Karagias,1,,,RESEARCH
Evelyn Stevens,1,,,RESEARCH
"Evolution (Dan Tamura, Hideki Suzuki and Suwama)",1,,,RESEARCH
Evolution (Suwama and Joe Doering),1,,,RESEARCH
Executioners (Executioner #1 and Executioner #2),1,,,RESEARCH
Exterminador,1,,,RESEARCH
Extreme Tiger and Jack Evans,1,,,RESEARCH
Faby Apache and Aero Star,1,,,RESEARCH
Faby Apache and Gran Apache,1,,,RESEARCH
Faby Apache and Pimpinela Escarlata,1,,,RESEARCH
Fang and Igotta Brewski,1,,,RESEARCH
Fantasma de la Quebrada,1,,,RESEARCH
Fatal Influence (Fallon Henley and Lainey Reid),1,,,RESEARCH
Felino Jr. & Polvora,1,,,RESEARCH
Fighting Spirit (Christopher Silvio and Raphael Constantine),1,,,RESEARCH
Fire and Flame,1,,,RESEARCH
Flammer,1,,,RESEARCH
Flammer and Abismo Negro Jr.,1,,,RESEARCH
Flash,1,,,RESEARCH
Flash Morgan Webster and Mark Andrews,1,,,RESEARCH
Flip Gordon,1,,,RESEARCH
Flying Tiger (Robbie Eagles and Tiger Mask),1,,,RESEARCH
Francis St. Claire and Dale Lewis (2),1,,,RESEARCH
Franco Columbo,1,,,RESEARCH
Frank Stojack,1,,,RESEARCH
Frankie Cain and Mike Clancy,1,,,RESEARCH
Frankie Laine,1,,,RESEARCH
Frazier and Terry Sawyer,1,,,RESEARCH
Fred Blassie,1,,,RESEARCH
Fred Rosser,1,,,RESEARCH
Fritz Von Erich and Hans Hermann,1,,,RESEARCH
Fritz Von Goehring and Mike Padosis,1,,,RESEARCH
Fuercita Guerrera,1,,,RESEARCH
Fuerza Guerrera (3) and Mosco de la Merced,1,,,RESEARCH
Full Blooded Italians (Little Guido (2) and Tony Mamaluke),1,,,RESEARCH
Full Blooded Italians (Little Guido and Tracy Smothers),1,,,RESEARCH
Fuminori Abe,1,,,RESEARCH
Furia Roja,1,,,RESEARCH
Furia Roja and Guerrero de la Muerte,1,,,RESEARCH
Futuro,1,,,RESEARCH
GO-KAI (Go Shiozaki and Kaito Kiyomiya),1,,,RESEARCH
GQ The Ravishing,1,,,RESEARCH
Gabe Tuft and Joe Hennig,1,,,RESEARCH
Gail Kim and Madison Rayne,1,,,RESEARCH
Galeno,1,,,RESEARCH
Gary Albright and Stan Hansen,1,,,RESEARCH
Gary Royal,1,,,RESEARCH
Gary Steele,1,,,RESEARCH
Garza Lozano and Jack Purdin,1,,,RESEARCH
Gavin Spears and Nic Nemeth,1,,,RESEARCH
Geeto Mongol (3) and Johnny DeFazio,1,,,RESEARCH
Gene Kiniski and Waldo Von Erich,1,,,RESEARCH
General's Jewel (Bad Luck Fale and Chase Owens),1,,,RESEARCH
Generation Next (Austin Aries and Roderick Strong),1,,,RESEARCH
Genki Horiguchi and Yasushi Kanda,1,,,RESEARCH
George Barnes,1,,,RESEARCH
George Barnes and Bill Dundee,1,,,RESEARCH
George Becker (2) and Jack Witzig,1,,,RESEARCH
"George Gulas (10), Ken Lucas and Prince Tonga",1,,,RESEARCH
"George Gulas (11), Ken Lucas (2) and Joey Rossi",1,,,RESEARCH
"George Gulas (12), Rocky Brewer and Mystery Man",1,,,RESEARCH
"George Gulas (6), Dennis Hall (4) and Charlie Cook",1,,,RESEARCH
George Steele,1,,,RESEARCH
George Takano and Super Strong Machine,1,,,RESEARCH
George and Bobby Becker,1,,,RESEARCH
George and Jack Curtis,1,,,RESEARCH
Giant Baba (10) and Jumbo Tsuruta,1,,,RESEARCH
Giant Baba (11) and Jumbo Tsuruta,1,,,RESEARCH
Giant Baba (12) and Jumbo Tsuruta,1,,,RESEARCH
Giant Baba (2) and Antonio Inoki,1,,,RESEARCH
Giant Baba (3) and Antonio Inoki,1,,,RESEARCH
Giant Baba (4) and Antonio Inoki,1,,,RESEARCH
Giant Baba (5) and Antonio Inoki,1,,,RESEARCH
Giant Baba (6) and Seiji Sakaguchi,1,,,RESEARCH
Giant Baba (7) and Jumbo Tsuruta,1,,,RESEARCH
Giant Baba (8) and Jumbo Tsuruta,1,,,RESEARCH
Giant Baba (9) and Jumbo Tsuruta,1,,,RESEARCH
Giant Hillbilly Elmer and Cousin Junior,1,,,RESEARCH
Gilbert and Pedro Portillo,1,,,RESEARCH
Gino Brito,1,,,RESEARCH
Gino Hernandez,1,,,RESEARCH
Gino and Tony Calza,1,,,RESEARCH
Gino de la Serra and Pierre Martel (3),1,,,RESEARCH
Gisele Shaw,1,,,RESEARCH
Glacier and Jason Sugarman,1,,,RESEARCH
Glamour Boy Shane (3) and Ricky Santana (7),1,,,RESEARCH
Go Shiozaki and Katsuhiko Nakajima,1,,,RESEARCH
Go Shiozaki and Maybach Taniguchi,1,,,RESEARCH
God's Eye (Syuri and Konami),1,,,RESEARCH
Godfather's Ho,1,,,RESEARCH
Golden Boy,1,,,RESEARCH
Golden Hawk and Johnny Kostas,1,,,RESEARCH
Golden Lions (Ca$h Flo and Mahabali Shera),1,,,RESEARCH
Golden☆Ace (Hiroshi Tanahashi and Kota Ibushi),1,,,RESEARCH
Golden☆Lovers (Kenny Omega and Kota Ibushi),1,,,RESEARCH
Good Looking Guys (Jack Morris and Anthony Greene),1,,,RESEARCH
Gorgeous George Jr.,1,,,RESEARCH
Gorgeous George Jr. and Porkchop Cash,1,,,RESEARCH
"Gorgeous George Jr., Tommy Gilbert (2) and Paul Orndorff",1,,,RESEARCH
Gran Apolo and Pierre Martel (4),1,,,RESEARCH
Gran Guerrero,1,,,RESEARCH
Gran Hamada †,1,,,RESEARCH
Gran Metalik,1,,,RESEARCH
Great Bash Heel (Togi Makabe and Tomoaki Honma),1,,,RESEARCH
Great Bolo and Joe McCarthy,1,,,RESEARCH
Great Goliath,1,,,RESEARCH
Great Kusatsu,1,,,RESEARCH
Guerrero Maya Jr.,1,,,RESEARCH
Guerrero Maya Jr. (2) and The Panther,1,,,RESEARCH
Guerrero de la Muerte,1,,,RESEARCH
Guerrillas of Destiny (El Phantasmo and Hikuleo),1,,,RESEARCH
Gungnir Of Anarchy (Masao Hanahata and Yusuke Kodama),1,,,RESEARCH
Gungnir of Anarchy (Shotaro Ashino and Ryuki Honda),1,,,RESEARCH
Gunner,1,,,RESEARCH
Gunner and James Storm,1,,,RESEARCH
Gypsy Joe,1,,,RESEARCH
"H.A.T.E. (Konami, Rina and Fukigen Death)",1,,,RESEARCH
HB Hollywood Blonds (Dale Roberts and Jerry Brown),1,,,RESEARCH
Hailey Hatred and Hamuko Hoshi,1,,,RESEARCH
Halcón Negro,1,,,RESEARCH
Halcón Ortiz,1,,,RESEARCH
Haley J,1,,,RESEARCH
Hamada and Taylor Wilde,1,,,RESEARCH
Hanako,1,,,RESEARCH
Hans Schmidt,1,,,RESEARCH
Hard Boiled Haggerty,1,,,RESEARCH
Hard Boiled Haggerty (3) and Bob Geigel,1,,,RESEARCH
Hard Boiled Haggerty and Gene Kiniski,1,,,RESEARCH
Hard Boiled Haggerty and Len Montana / Gene Kiniski,1,,,RESEARCH
Harlem Lewis,1,,,RESEARCH
Harley Lewis,1,,,RESEARCH
Harry Williams,1,,,RESEARCH
Hatanna and Katana/Tabata,1,,,RESEARCH
Hator,1,,,RESEARCH
Hator and The Panther,1,,,RESEARCH
Havana Brother I,1,,,RESEARCH
Havoc (Odyssey and Xyon),1,,,RESEARCH
Havok,1,,,RESEARCH
Hayden Backlund,1,,,RESEARCH
Haystacks Calhoun and Tony Garea,1,,,RESEARCH
Heartbreaker Adonis (4) and Doug Masters,1,,,RESEARCH
Heartthrob Romeo,1,,,RESEARCH
Heat,1,,,RESEARCH
Heath Miller,1,,,RESEARCH
Heath Miller/Sebastian Slater[Note 1] and Joe Hennig,1,,,RESEARCH
Heath and Rhino,1,,,RESEARCH
Heavy Metal †,1,,,RESEARCH
Hector Guerrero and Steve Regal,1,,,RESEARCH
Heidi Katrina,1,,,RESEARCH
Heidi Lovelace,1,,,RESEARCH
Henare,1,,,RESEARCH
Henry Harrell and Rex Mobley,1,,,RESEARCH
Henry Pilusso,1,,,RESEARCH
Herb (4) and Roy Welch (4),1,,,RESEARCH
Herb Freeman and Seymour Freeman,1,,,RESEARCH
Herb Welch (3) and Roy Welch (3),1,,,RESEARCH
Herb Welch (5) and Chris Belkas,1,,,RESEARCH
Herodes,1,,,RESEARCH
Hervina,1,,,RESEARCH
Hi69 and Minoru Tanaka,1,,,RESEARCH
Hideki Suzuki and Suwama,1,,,RESEARCH
Hideo Saito,1,,,RESEARCH
Hijo de Dr. Wagner Jr.,1,,,RESEARCH
Hijo del Dr. Wagner Jr.,1,,,RESEARCH
Hikaru Shida and Syuri,1,,,RESEARCH
Hikuleo,1,,,RESEARCH
Hina,1,,,RESEARCH
Hiro Matsuda and Masa Saito,1,,,RESEARCH
Hiro Matsuda and Michiaki Yoshimura,1,,,RESEARCH
Hiro Saito and Super Strong Machine,1,,,RESEARCH
Hiroka,1,,,RESEARCH
"Hiromi Mimura, Kairi Hojo and Konami",1,,,RESEARCH
Hirooki Goto and Minoru,1,,,RESEARCH
Hiroshi Tanahashi and Chaos (Tomohiro Ishii and Kazuchika Okada),1,,,RESEARCH
Hiroshi Tanahashi and Jushin Thunder Liger,1,,,RESEARCH
Hiroshi Tanahashi and Yutaka Yoshie,1,,,RESEARCH
Hiroshi Yamato,1,,,RESEARCH
Hiroyoshi Tenzan and Osamu Nishimura,1,,,RESEARCH
Ho-Show Tennyo (Kairi Hojo and Natsumi Showzuki),1,,,RESEARCH
"Hokuto-gun (Cyrus, Hokuto Omori and Kuma Arashi)",1,,,RESEARCH
"Hokuto-gun (Takashi Yoshida, Hokuto Omori and Kuma Arashi)",1,,,RESEARCH
Holly Blossom,1,,,RESEARCH
Hombre Bala Jr. and Robin,1,,,RESEARCH
Hooligans (Maybach Taniguchi and Yuji Hino),1,,,RESEARCH
Hotstuff Hernandez,1,,,RESEARCH
"House of Black (Malakai Black, Brody King, and Buddy Matthews)",1,,,RESEARCH
House of Torture (Douki and Sho),1,,,RESEARCH
"House of Torture (Sho, Yujiro Takahashi and Ren Narita)",1,,,RESEARCH
Huracán Castillo,1,,,RESEARCH
Huracán Castillo (Pedro Castillo),1,,,RESEARCH
Huracán Castillo and Pierre Martel,1,,,RESEARCH
"Huracán Castillo, Jr. (3) and Mohammed Hussein (4)",1,,,RESEARCH
"Huracán Castillo, Jr. (4) and Ray González (7)",1,,,RESEARCH
"Huracán Castillo, Jr. (5) and Ray González (8)",1,,,RESEARCH
"Huracán Castillo, Jr. (6) and Invader I (14)",1,,,RESEARCH
"Huracán Castillo, Jr. (7) and Ray González (9)",1,,,RESEARCH
Héctor Garza (2) and Místico (4),1,,,RESEARCH
Héctor Garza and Místico (3),1,,,RESEARCH
Idol Stevens,1,,,RESEARCH
Idol Stevens (4) and Abbad,1,,,RESEARCH
Igotta Brewski,1,,,RESEARCH
Intelecto 5 Estrellas & Gilbert (2),1,,,RESEARCH
Invader I (2) and José Rivera (3),1,,,RESEARCH
Invader I (3) and José Rivera (4),1,,,RESEARCH
Invader I (6) and Pierre Martel (2),1,,,RESEARCH
Invader I and José Rivera (2),1,,,RESEARCH
Invader III,1,,,RESEARCH
IronGodz (Jax Dane and Rob Conway),1,,,RESEARCH
"Isaiah ""Swerve"" Scott",1,,,RESEARCH
Ishin Gundan (Animal Hamaguchi and Isamu Teranishi),1,,,RESEARCH
Ivan Koloff and Nikita Koloff and Don Kernodle,1,,,RESEARCH
Ivan Koloff and Ray Stevens (3),1,,,RESEARCH
Ivan Malenkov and Tojo Yamamoto,1,,,RESEARCH
Ivan the Terrible,1,,,RESEARCH
Izzi Dame,1,,,RESEARCH
J.A.N. (Jungle Kyona and Natsuko Tora),1,,,RESEARCH
"J.A.N. (Jungle Kyona, Natsuko Tora and Kaori Yoneyama)",1,,,RESEARCH
J.B. Psycho,1,,,RESEARCH
J.D. Michaels,1,,,RESEARCH
Jack Evans,1,,,RESEARCH
Jack Morris,1,,,RESEARCH
Jackie Fargo (10) and Mario Milano (2),1,,,RESEARCH
Jackie Fargo (11) and The Masked Rebel,1,,,RESEARCH
Jackie Fargo (12) and Sonny Fargo,1,,,RESEARCH
Jackie Fargo (14) and Len Rossi (6),1,,,RESEARCH
Jackie Fargo (15) and Len Rossi (7),1,,,RESEARCH
Jackie Fargo (16) and Lou Thesz,1,,,RESEARCH
Jackie Fargo (17) and Dennis Hall (5),1,,,RESEARCH
Jackie Fargo (19) and Jerry Jarrett (6),1,,,RESEARCH
Jackie Fargo (2) and Lester Welch,1,,,RESEARCH
"Jackie Fargo (2), George Gulas (3) and Dennis Hall (3)",1,,,RESEARCH
Jackie Fargo (20) and Jerry Jarrett (7),1,,,RESEARCH
Jackie Fargo (21) and Roughhouse Sonny Fargo,1,,,RESEARCH
Jackie Fargo (22) and Roughhouse Fargo (2),1,,,RESEARCH
Jackie Fargo (24) and Jerry Jarrett (10),1,,,RESEARCH
Jackie Fargo (25) and Jerry Jarrett (11),1,,,RESEARCH
Jackie Fargo (26) and Jerry Jarrett (12),1,,,RESEARCH
Jackie Fargo (27) and Roughhouse Fargo (4),1,,,RESEARCH
Jackie Fargo (28) and Mr. Wrestling (13),1,,,RESEARCH
Jackie Fargo (29) and Don Greene (14),1,,,RESEARCH
Jackie Fargo (3) and Lester Welch (2),1,,,RESEARCH
Jackie Fargo (30) and Jerry Jarrett (16),1,,,RESEARCH
Jackie Fargo (31) and Randy Fargo,1,,,RESEARCH
Jackie Fargo (4) and Lester Welch (3),1,,,RESEARCH
Jackie Fargo (5) and Lester Welch (4),1,,,RESEARCH
Jackie Fargo (6) and Lester Welch (5),1,,,RESEARCH
Jackie Fargo (7) and Tex Riley(9),1,,,RESEARCH
Jackie Fargo (9) and Mario Milano (1),1,,,RESEARCH
"Jackie Fargo, George Gulas and Dennis Hall",1,,,RESEARCH
Jacob Duncan,1,,,RESEARCH
Jade Dawson,1,,,RESEARCH
Jado,1,,,RESEARCH
Jake Crist,1,,,RESEARCH
Jake Hager,1,,,RESEARCH
Jake Logan,1,,,RESEARCH
Jalisco Gonzalez,1,,,RESEARCH
James Curtis,1,,,RESEARCH
James Thomas,1,,,RESEARCH
Jamie Lynn,1,,,RESEARCH
Jamin Olivencia and T.J. Dalton,1,,,RESEARCH
Janai Kai,1,,,RESEARCH
Jaque Mate,1,,,RESEARCH
Jarochita Rivero,1,,,RESEARCH
Jason,1,,,RESEARCH
Jason Hotch,1,,,RESEARCH
Jason Kincaid,1,,,RESEARCH
Jason the Terrible,1,,,RESEARCH
Jason the Terrible and Steve Strong,1,,,RESEARCH
Jasper Troy,1,,,RESEARCH
Java Ruuk,1,,,RESEARCH
Javier Cruz,1,,,RESEARCH
Javier Escobedo,1,,,RESEARCH
Javier Llanes,1,,,RESEARCH
Jay DeNiro,1,,,RESEARCH
Jay Lethal and Consequences Creed,1,,,RESEARCH
Jebediah Blackhawk and Trailer Park Trash,1,,,RESEARCH
Jeremiah Plunkett,1,,,RESEARCH
Jericho Appreciation Society (Tay Conti/Melo and Sammy Guevara),1,,,RESEARCH
Jerrelle Clark,1,,,RESEARCH
Jerrito Estrada,1,,,RESEARCH
Jerry Barber and The Jet Set (George Gulas (7) and Bobby Eaton),1,,,RESEARCH
Jerry Brisco,1,,,RESEARCH
Jerry Estrada,1,,,RESEARCH
Jerry Flynn,1,,,RESEARCH
Jerry Jarrett (13) and Johnny Marlin,1,,,RESEARCH
Jerry Jarrett (15) and Tojo Yamamoto (28),1,,,RESEARCH
Jerry Jarrett (4) and Jackie Fargo (18),1,,,RESEARCH
Jerry Jarrett (8) and Jackie Fargo (23),1,,,RESEARCH
Jerry Jarrett and Tojo Yamamoto (18),1,,,RESEARCH
Jerry Jarrett and Tojo Yamamoto (19),1,,,RESEARCH
Jerry Jarrett and Tojo Yamamoto (20),1,,,RESEARCH
Jerry London,1,,,RESEARCH
Jerry Oske,1,,,RESEARCH
Jerry Stubbs,1,,,RESEARCH
Jesse Barr,1,,,RESEARCH
Jessie Godderz,1,,,RESEARCH
"Jet Set Rodeo (""Hangman"" Adam Page, Kevin Knight, and Mike Bailey)",1,,,RESEARCH
Jim Austeri and Tiny Mills,1,,,RESEARCH
Jim Steele,1,,,RESEARCH
Jimmy Garvin and Steve Regal,1,,,RESEARCH
Jimmy Golden and Tojo Yamamoto (33),1,,,RESEARCH
Jimmy Jack Funk,1,,,RESEARCH
"Jinetes del Aire (El Hijo del Vikingo, Golden Magic/Octagón Jr., and Myzteziz Jr.)",1,,,RESEARCH
"Jinetes del Aire (El Hijo del Vikingo, Laredo Kid, and Myzteziz Jr.)",1,,,RESEARCH
Jiro Kuroshio,1,,,RESEARCH
Joaquin Murrieta,1,,,RESEARCH
Joe Alonzo,1,,,RESEARCH
Joe Anthony,1,,,RESEARCH
Joe Bravo,1,,,RESEARCH
Joe Bravo (2) and Vengador Boricua (3),1,,,RESEARCH
Joe Bravo and Vengador Boricua (2),1,,,RESEARCH
Joe Carollo and Killer Karl Kox,1,,,RESEARCH
Joe Coffey,1,,,RESEARCH
Joe Coleman,1,,,RESEARCH
Joe Doering and Keiji Muto,1,,,RESEARCH
Joe Doering and Seiya Sanada,1,,,RESEARCH
Joe Hennig,1,,,RESEARCH
Joe Lightfoot,1,,,RESEARCH
Joe Líder and Vampiro,1,,,RESEARCH
Joe Marin,1,,,RESEARCH
Joe McCarthy,1,,,RESEARCH
Joe Plardy,1,,,RESEARCH
Joe Silva,1,,,RESEARCH
Joey Abs,1,,,RESEARCH
Joey Matthews,1,,,RESEARCH
Joey Nelson,1,,,RESEARCH
John (4) and Al Smith,1,,,RESEARCH
John Hawking,1,,,RESEARCH
John Hawkins,1,,,RESEARCH
John Hennigan,1,,,RESEARCH
John Smith (3) and Tosh Togo,1,,,RESEARCH
John Walters,1,,,RESEARCH
Johnny Ace and Steve Williams,1,,,RESEARCH
Johnny De Fazio,1,,,RESEARCH
Johnny Devine,1,,,RESEARCH
Johnny Hotbody (3) and Tony Stetson (2),1,,,RESEARCH
Johnny Impact,1,,,RESEARCH
Johnny Long (3) and Tojo Yamamoto (14),1,,,RESEARCH
Johnny Long (4) and Tojo Yamamoto (15),1,,,RESEARCH
Johnny Powers and Pat Patterson,1,,,RESEARCH
Johnny Punch,1,,,RESEARCH
Johnny Ringo,1,,,RESEARCH
Johnny Rougeau,1,,,RESEARCH
Johnny Walker (11) and Bearcat Brown (8),1,,,RESEARCH
Johnny Walker (3) and Bob Ramstead,1,,,RESEARCH
Johnny Walker (8) and Len Rossi (17),1,,,RESEARCH
Johnny Walker (9) and Tojo Yamamoto (17),1,,,RESEARCH
Johnny Weaver,1,,,RESEARCH
Jonetsu Hentai Baka (Hikaru Sato and Hiroshi Yamato),1,,,RESEARCH
Jonnie Stewart,1,,,RESEARCH
Jordan Clearwater,1,,,RESEARCH
Joseph Average,1,,,RESEARCH
Josh Mathews,1,,,RESEARCH
Josh Woods,1,,,RESEARCH
José Luis Mendieta,1,,,RESEARCH
José Rivera,1,,,RESEARCH
José Rivera Jr.,1,,,RESEARCH
Judo Suwa,1,,,RESEARCH
Julia Hart,1,,,RESEARCH
Jumbo Tsuruta (9) and Yoshiaki Yatsu (2),1,,,RESEARCH
Jun,1,,,RESEARCH
Jun Akiyama and Akitoshi Saito,1,,,RESEARCH
Jun Akiyama and Mitsuharu Misawa,1,,,RESEARCH
Jun Akiyama and Takeshi Rikio,1,,,RESEARCH
Jun Akiyama and Yuji Nagata,1,,,RESEARCH
Jun Kasai,1,,,RESEARCH
Jun Saito,1,,,RESEARCH
June Byers and Ethel Johnson,1,,,RESEARCH
Junji Hirata and Shinya Hashimoto,1,,,RESEARCH
Jurassic Express (Jungle Boy and Luchasaurus),1,,,RESEARCH
Jushin Liger,1,,,RESEARCH
Jushin Thunder Liger and Koji Kanemoto,1,,,RESEARCH
Jushin Thunder Liger and Minoru Tanaka,1,,,RESEARCH
Jushin Thunder Liger §,1,,,RESEARCH
Justin Angel,1,,,RESEARCH
Juventud Extrema (El Cuervo (2) and Mike Mendoza(2)),1,,,RESEARCH
Juventud Extrema (El Cuervo (3) and Mike Mendoza(3)),1,,,RESEARCH
Juventud Extrema (El Cuervo (4) and Mike Mendoza(4)),1,,,RESEARCH
Juventud Rebelde (Chris Joel (10) and Noriega (5)),1,,,RESEARCH
Juventud Rebelde (Chris Joel (11) and Noriega (6)),1,,,RESEARCH
Juventud Rebelde (Chris Joel (12) and Noriega (7)),1,,,RESEARCH
Juventud Rebelde (Chris Joel (7) and Noriega (2)),1,,,RESEARCH
Juventud Rebelde (Chris Joel (8) and Noriega (3)),1,,,RESEARCH
Juventud Rebelde (Chris Joel (9) and Noriega (4)),1,,,RESEARCH
Jōnetsu Max (Manabu Soya and Yuki Iino),1,,,RESEARCH
Kacee Carlisle,1,,,RESEARCH
Kagetsu,1,,,RESEARCH
Kaho Kobayashi,1,,,RESEARCH
Kai Fujimura,1,,,RESEARCH
Kai and Kengo Mashimo,1,,,RESEARCH
Kairi,1,,,RESEARCH
Kaitlyn,1,,,RESEARCH
Kaito Kiyomiya and Masa Kitamiya,1,,,RESEARCH
Kal Herro,1,,,RESEARCH
Kal Herro and Omar Amir,1,,,RESEARCH
Kali Armstrong,1,,,RESEARCH
Kamaitachi,1,,,RESEARCH
Kamala,1,,,RESEARCH
Kamille,1,,,RESEARCH
Kareem Mumhammad,1,,,RESEARCH
Karl Gotch,1,,,RESEARCH
Karl Gotch and Rene Goulet,1,,,RESEARCH
Karl Kowalski (2) and Ivan Kowalski,1,,,RESEARCH
Karl Kowalski (3) and Ivan Kowalski,1,,,RESEARCH
Karl Von Krupp,1,,,RESEARCH
Karl Von Schotz and Kurt Von Hess,1,,,RESEARCH
Kasey James and Roadkill,1,,,RESEARCH
Kato Kung Lee,1,,,RESEARCH
Katsuhiko Nakajima and Kensuke Sasaki,1,,,RESEARCH
"Kawasaki Katsushika Saikyou Densetsu (Act Yasukawa, Natsuki☆Taiyo and Saki Kashima)",1,,,RESEARCH
Kawasaki Katsushika Saikyou Densetsu (Natsuki☆Taiyo and Yoshiko),1,,,RESEARCH
Kawato-San,1,,,RESEARCH
Kay Noble,1,,,RESEARCH
Kay Noble and Lolita Martinez,1,,,RESEARCH
Kayla Kassidy,1,,,RESEARCH
Kaz and Eric Young/Super Eric,1,,,RESEARCH
Kazarian (2) and Michael Shane (2),1,,,RESEARCH
Kazuhiro Tamura,1,,,RESEARCH
Kazuo Yamazaki and Kensuke Sasaki,1,,,RESEARCH
Kazuo Yamazaki and Takashi Iizuka[N 3],1,,,RESEARCH
Kazuo Yamazaki and Yoshiaki Fujiwara,1,,,RESEARCH
Kazushi Miyamoto and Rob Terry,1,,,RESEARCH
KeMalito,1,,,RESEARCH
Keiji Muto and Shiro Koshinaka,1,,,RESEARCH
Keira,1,,,RESEARCH
Keisuke Ishii,1,,,RESEARCH
Ken Lucas,1,,,RESEARCH
Ken Lucas and Dennis Hall,1,,,RESEARCH
Ken Lucas and Ricky Morton,1,,,RESEARCH
Ken Lucas(4) and Johnny Walker,1,,,RESEARCH
Ken Lucas(5) and Johnny Walker (2),1,,,RESEARCH
Ken Lucasand Billy Robinson,1,,,RESEARCH
Ken Lucasand Ricky Morton (2),1,,,RESEARCH
Ken Lucasand Ricky Morton (3),1,,,RESEARCH
Ken Lucasand Ricky Morton (4),1,,,RESEARCH
Ken Mantell,1,,,RESEARCH
KenOhara (Hajime Ohara and Kenoh),1,,,RESEARCH
Kendo Kashin and Nosawa Rongai,1,,,RESEARCH
Kendo Kashin and Yuji Nagata,1,,,RESEARCH
Kendo Nagasaki,1,,,RESEARCH
Kendo Nagasaki (2) and Mr. Pogo (3),1,,,RESEARCH
Kendo Nagasaki (3) and Mr. Pogo (4),1,,,RESEARCH
Kendo Nagasaki (4) and Mr. Pogo (5),1,,,RESEARCH
Kendo Nagasaki and Mr. Pogo (2),1,,,RESEARCH
Kengo Kimura and Hiro Sasaki,1,,,RESEARCH
Kenoh and Masa Kitamiya,1,,,RESEARCH
Kenoh and Takashi Sugiura,1,,,RESEARCH
Kenoh and Ulka Sasaki,1,,,RESEARCH
Kenso,1,,,RESEARCH
Kensuke Sasaki and Riki Choshu,1,,,RESEARCH
Kensuke Sasaki and Shiro Koshinaka,1,,,RESEARCH
Kensuke Sasaki and Takeshi Morishima,1,,,RESEARCH
Kenta Kobashi and Tiger Mask II,1,,,RESEARCH
Kenta and Naomichi Marufuji,1,,,RESEARCH
Kentaro Shiga,1,,,RESEARCH
Kento Miyahara and Takuya Nomura,1,,,RESEARCH
Kenya and Kenyala Kondorie,1,,,RESEARCH
Kerry Morton,1,,,RESEARCH
Kerry Von Erich,1,,,RESEARCH
Kevin Douglas,1,,,RESEARCH
Kevin Knight,1,,,RESEARCH
Kevin Steen,1,,,RESEARCH
Kevin Sullivan and Wayne Ferris (4),1,,,RESEARCH
Keyra,1,,,RESEARCH
Khaos and Abaddon,1,,,RESEARCH
Khaos and Abbadon,1,,,RESEARCH
Khris Díaz,1,,,RESEARCH
Kiley McLean,1,,,RESEARCH
Killer Karl Kox and Ciclon Negro,1,,,RESEARCH
Killer Karl Krupp (2) and Fritz Von Erich,1,,,RESEARCH
Killer Karl Krupp (3) and Karl Von Steiger,1,,,RESEARCH
Killer Karl Krupp and El Mongol,1,,,RESEARCH
Killer Karl Krupp and Johnny Valentine,1,,,RESEARCH
Killer Tim Brooks,1,,,RESEARCH
Kim Nam-seok,1,,,RESEARCH
Kim Sung Ho,1,,,RESEARCH
Kimura Monster-gun (Alpha Female and Kyoko Kimura),1,,,RESEARCH
"Kimura Monster-gun (Alpha Female, The Female Predator Amazon and Kyoko Kimura)",1,,,RESEARCH
Kimura Monster-gun (Hailey Hatred and Kyoko Kimura),1,,,RESEARCH
King Cobra,1,,,RESEARCH
King Curtis Iaukea and Mikel Scicluna,1,,,RESEARCH
King Kong Czaya and Tiger Joginder Singh,1,,,RESEARCH
King Krow,1,,,RESEARCH
King Muertes,1,,,RESEARCH
King Nakamura,1,,,RESEARCH
Kings Ransom (Leonis Khan and Maximus Khan),1,,,RESEARCH
Kinji Shibuya and Mitsu Arakawa,1,,,RESEARCH
Kintaro Kanemura and Tetsuhiro Kuroda,1,,,RESEARCH
Kintarō Ōki (2) and Umanosuke Ueda,1,,,RESEARCH
Kintarō Ōki (3) and Kim Duk,1,,,RESEARCH
Kintarō Ōki (4) and Kim Duk,1,,,RESEARCH
Kintarō Ōki and Seiji Sakaguchi (2),1,,,RESEARCH
Kishin Kawabata,1,,,RESEARCH
Kishin Kawabata and Kentaro Shiga,1,,,RESEARCH
Klondike Bill and Skull Murphy,1,,,RESEARCH
Knock Out Brothers (Yuto-Ice and Oskar),1,,,RESEARCH
Knox and Murdoch,1,,,RESEARCH
Koji Kanemoto and Minoru Tanaka,1,,,RESEARCH
Koji Kanemoto and Tiger Mask,1,,,RESEARCH
Koji Kanemoto and Wataru Inoue,1,,,RESEARCH
Koji Kanemoto †,1,,,RESEARCH
Kojikaz (Kaz Hayashi and Satoshi Kojima),1,,,RESEARCH
Konami,1,,,RESEARCH
Konga The Barbarian,1,,,RESEARCH
Kongo (Hajime Ohara and Shuji Kondo),1,,,RESEARCH
Kongo (Kenoh and Manabu Soya),1,,,RESEARCH
Konnan El Barbaro,1,,,RESEARCH
Korstia Korchenko,1,,,RESEARCH
Kory Williams,1,,,RESEARCH
Kouki Amarei,1,,,RESEARCH
Kris Wolf,1,,,RESEARCH
Kuma Arashi,1,,,RESEARCH
"Kuma Arashi, Ryuki Honda and Seigo Tachibana",1,,,RESEARCH
Kuroshio Tokyo Japan,1,,,RESEARCH
Kurt Von Heidleberg,1,,,RESEARCH
Kyle Busch,1,,,RESEARCH
Kyle O'Reilly,1,,,RESEARCH
Kyoko Kimura and Sayaka Obihiro,1,,,RESEARCH
Kzy and Yo-Hey,1,,,RESEARCH
La Amenaza Ilegal (Chicano and Bryan),1,,,RESEARCH
La Artillería Ilegal (Chicano (8) & Lightning (30)),1,,,RESEARCH
La Briosa,1,,,RESEARCH
La Catalina,1,,,RESEARCH
La Comandante and Zeuxis,1,,,RESEARCH
La Conexión Comunista (Mohammad Hussein (6) and Fidel Sierra (2)),1,,,RESEARCH
La Conexión Cubana (Ricky Santana (5) and Fidel Sierra (3)),1,,,RESEARCH
La Conexión Cubana (Ricky Santana (9) and Fidel Sierra (4)),1,,,RESEARCH
La División del Norte (Kuas Extrem and Snaiper),1,,,RESEARCH
La Doble D Dominicana (Diabólico (3) and Diamante Dominicano (2)),1,,,RESEARCH
"La Empresa (DMT Azul, Puma King, and Sam Adonis)",1,,,RESEARCH
"La Evolución Hardcore (Huracán Castillo, Jr. (13) and Rico Suave (10))",1,,,RESEARCH
La Facción Ingobernable (Rush and Sammy Guevara),1,,,RESEARCH
La Facción Ingobernable (Sammy Guevara and The Beast Mortos),1,,,RESEARCH
La Familia de Tijuana (Halloween and Extreme Tiger),1,,,RESEARCH
La Fiebre Amarilla (Namajague and Okumura),1,,,RESEARCH
La Formula (Steve Joel & Jay Vélez),1,,,RESEARCH
"La Furia del Norte (Héctor Garza, Tarzan Boy and El Terrible)",1,,,RESEARCH
"La Generación Dorada (Máscara Dorada, La Sombra and La Máscara)",1,,,RESEARCH
La Hermandad 187 (Joe Líder and Nicho el Millonario),1,,,RESEARCH
La Hiedra and Laredo Kid,1,,,RESEARCH
La Legion del Armagedon (Greco and Romano),1,,,RESEARCH
La Legión Extranjera (Abyss and Chessman),1,,,RESEARCH
La Legión Extranjera (Christina Von Eerie and Alex Koslov),1,,,RESEARCH
La Legión Extranjera (Taiji Ishimori and Takeshi Morishima),1,,,RESEARCH
La Ley and Ray Gonzalez (11),1,,,RESEARCH
La Marquesa,1,,,RESEARCH
La Metálica,1,,,RESEARCH
La Momia and Virtual X,1,,,RESEARCH
La Nueva Ola Blanca (Gran Markus Jr. and El Hijo del Gladiador),1,,,RESEARCH
"La Nueva Ola Blanca (Gran Markus Jr., El Hijo del Gladiador and Dr. Wagner Jr.)",1,,,RESEARCH
"La Ola Amarilla (Okumura, Hiroshi Tanahashi and Taichi)",1,,,RESEARCH
"La Ola Azul (Atlantis, Lizmark and Mr. Niebla)",1,,,RESEARCH
La Ola Negra (Akuma and Espanto Jr.),1,,,RESEARCH
La Rebelión (Bestia 666 and Mecha Wolf 450),1,,,RESEARCH
La Rebelión (Bestia 666 and Mecha Wolf),1,,,RESEARCH
La Reina de Corazones,1,,,RESEARCH
La Revolución (La Revolucion I (2) and La Revolucion II (3)),1,,,RESEARCH
La Revolución (La Revolucion I (3) and La Revolucion II (4)),1,,,RESEARCH
La Revolución (La Revolucion I (4) and La Revolucion II (5)),1,,,RESEARCH
La Revolución (La Revolucion I (5) and La Revolucion II (6)),1,,,RESEARCH
La Revolución (La Revolucion I (6) and La Revolucion II (7)),1,,,RESEARCH
La Revolución (La Revolucion I (7) and La Revolucion II (8)),1,,,RESEARCH
La Revolución (La Revolucion I and La Revolucion II (2)),1,,,RESEARCH
La Revolución (Zcion RT1 & Julio Jimenez),1,,,RESEARCH
La Rosa Negra,1,,,RESEARCH
"La Secta del Mesias[ae] (Dark Cuervo (3), Dark Escoria (3), Dark Espíritu (2) and Dark Ozz (3))",1,,,RESEARCH
La Seguridad (Gevara & JP),1,,,RESEARCH
La Sociedad (Jennifer Blake and Alan Stone),1,,,RESEARCH
La Sociedad (Sexy Star and Pentagón Jr.),1,,,RESEARCH
La Vaquerita and Zeuxis,1,,,RESEARCH
Lady Apache and Electroshock,1,,,RESEARCH
Lady Maravilla and Villano III Jr.,1,,,RESEARCH
Lance Hoyt,1,,,RESEARCH
Lanny Poffo,1,,,RESEARCH
Lanzeloth,1,,,RESEARCH
Larry Hennig and Duke Hoffman,1,,,RESEARCH
Larry Tillman,1,,,RESEARCH
Larry Zbyszko and Tony Garea,1,,,RESEARCH
Lars Anderson and Larry Hennig,1,,,RESEARCH
Las Chicas Indomables (Lluvia and La Jarochita),1,,,RESEARCH
Laurel Van Ness,1,,,RESEARCH
Lazor Tron,1,,,RESEARCH
Leakee and Mike Dalton,1,,,RESEARCH
Lee Moriarty,1,,,RESEARCH
Leela Feist,1,,,RESEARCH
Legend (Akira and Jushin Thunder Liger),1,,,RESEARCH
Len Rossi (10) and Mario Milano (7),1,,,RESEARCH
Len Rossi (12) and Bad Boy Hines,1,,,RESEARCH
Len Rossi (13) and Tomayo Soto (2),1,,,RESEARCH
Len Rossi (15) and Bearcat Brown (2),1,,,RESEARCH
Len Rossi (18) and Bearcat Brown (4),1,,,RESEARCH
Len Rossi (19) and Bearcat Brown (5),1,,,RESEARCH
Len Rossi (21) and Kevin Sullivan,1,,,RESEARCH
Lenny Lane,1,,,RESEARCH
Leo Burke,1,,,RESEARCH
Leo Nomellini (3) and Verne Gagne (4),1,,,RESEARCH
Leo Nomellini and Verne Gagne (2),1,,,RESEARCH
Leo Nomellini and Wilbur Snyder,1,,,RESEARCH
Leo and Chick Garibaldi,1,,,RESEARCH
Leon Ruff,1,,,RESEARCH
Leroy McGuirk,1,,,RESEARCH
Lester Welch (10) and Eddie Graham (4),1,,,RESEARCH
Lester Welch (12) and Buddy Fuller,1,,,RESEARCH
Lester Welch (8) and Jackie Fargo (8),1,,,RESEARCH
Lester Welch (9) and Eddie Graham,1,,,RESEARCH
Leviathan,1,,,RESEARCH
Lex Lovett,1,,,RESEARCH
Lexie Fyfe,1,,,RESEARCH
Lieutenant Loco,1,,,RESEARCH
Lluvia,1,,,RESEARCH
Lluvia and Luna Mágica,1,,,RESEARCH
Lluvia and Tessa Blanchard,1,,,RESEARCH
Lobo Negro,1,,,RESEARCH
Loco Max,1,,,RESEARCH
Loco-MG (Raul LaMotta and Shiloh Jonze),1,,,RESEARCH
Logan Caine,1,,,RESEARCH
Lord Humongous,1,,,RESEARCH
Lorraine Johnson and Millie Stafford,1,,,RESEARCH
Lorraine Johnson and Penny Banner,1,,,RESEARCH
"Los Apaches (El Apache, Faby Apache, and Mary Apache)",1,,,RESEARCH
Los Arcángeles (El Cuervo and Tommy Diablo (2)),1,,,RESEARCH
Los Aéreos (Carlitos and Hiram Tua),1,,,RESEARCH
Los Bombardieros (Stuka Jr. and Flash / Fuego),1,,,RESEARCH
"Los Boricuas (Miguel Pérez Jr. (3) and Huracán Castillo, Jr. (14))",1,,,RESEARCH
"Los Boricuas (Miguel Pérez Jr. (4) and Huracán Castillo, Jr. (15))",1,,,RESEARCH
"Los Brazos (El Brazo, Brazo de Oro and Brazo de Plata)",1,,,RESEARCH
"Los Bárbaros (Dragón Rojo Jr., Bárbaro Cavernario and El Terrible)",1,,,RESEARCH
"Los Chacales (Bestia Salvaje, Emilio Charles Jr. and Sangre Chicana)",1,,,RESEARCH
Los Compadres (El Bronco (10) and Rico Suave (9)),1,,,RESEARCH
Los Consagrados (Pirata Morgan and El Texano),1,,,RESEARCH
Los Cowboys (Silver King and El Texano),1,,,RESEARCH
Los Depredadores (Magnus & Rugido),1,,,RESEARCH
Los Destructores (Tony Arce (4) and Rocco Valente),1,,,RESEARCH
"Los Estetas del Aire (Máscara Dorada, Místico, Valiente)",1,,,RESEARCH
Los Fugitivos de La Calle (Niche and Lynx),1,,,RESEARCH
Los Garza (Angel and Berto),1,,,RESEARCH
Los Golpeadores (Alpha Wolf and Dragon Bane),1,,,RESEARCH
Los Golpeadores (Dragon Bane and Alpha Wolf),1,,,RESEARCH
Los Guerreros Laguneros (Euforia and Gran Guerrero),1,,,RESEARCH
"Los Guerreros Laguneros (Euforia, Niebla Roja and Último Guerrero)",1,,,RESEARCH
"Los Guerreros Negros (Atlantis, Negro Casas and Último Guerrero)",1,,,RESEARCH
Los Guerreros de la Atlantida (Atlantis (4) and Último Guerrero (5)),1,,,RESEARCH
"Los Guerreros de la Atlantida (Atlantis, Tarzan Boy and Último Guerrero)",1,,,RESEARCH
Los Guerreros de la Atlantida (Dragón Rojo Jr. and Último Guerrero (6)),1,,,RESEARCH
Los Hell Brothers (Averno and Chessman),1,,,RESEARCH
Los Hermano Stone (Alan Stone and Chris Stone / Motorcross),1,,,RESEARCH
Los Hermanos Calavera (Calavera Jr. I and Calavera Jr. II),1,,,RESEARCH
Los Hermanos Chávez (Ángel de Oro and Niebla Roja),1,,,RESEARCH
Los Hermanos Dinamita (Cien Caras (2) and Máscara Año 2000),1,,,RESEARCH
Los Hijos del Averno (Averno and Mephisto),1,,,RESEARCH
"Los Hijos del Averno (Averno, Ephesto and Mephisto)",1,,,RESEARCH
"Los Infernales (Euforia, Averno and Mephisto)",1,,,RESEARCH
"Los Infernales (Euforia, Hechicero and Mephisto)",1,,,RESEARCH
Los Infernales (Masakre and MS-1),1,,,RESEARCH
Los Ingobernables (La Máscara and Rush),1,,,RESEARCH
Los Ingobernables (Rush (2) and El Terrible (2)),1,,,RESEARCH
Los Ingobernables de Japon (Tetsuya Naito and Hiromu Takahashi),1,,,RESEARCH
Los Ingobernables de Japón (Bushi and Shingo Takagi),1,,,RESEARCH
"Los Ingobernables de Japón (Bushi, Evil and Shingo Takagi)",1,,,RESEARCH
Los Ingobernables de Japón (Tetsuya Naito and Sanada),1,,,RESEARCH
"Los Ingobernables de Japón (Yota Tsuji, Bushi and Hiromu Takahashi)",1,,,RESEARCH
Los Intocables (Daga and Daiki Odashima),1,,,RESEARCH
Los Invasores (Mr. Águila and Héctor Garza (3)),1,,,RESEARCH
"Los Junior Atómicos[y] (Blue Demon Jr., La Parka Jr., Máscara Sagrada Jr. and Perro Aguayo Jr.)",1,,,RESEARCH
Los Locos (Anarquia and Raul LaMotta),1,,,RESEARCH
Los Locos (Ramón and Raúl),1,,,RESEARCH
Los Luchas (Phoenix Star and Zokre),1,,,RESEARCH
Los MVP (Chicano (9) & Mike Nice),1,,,RESEARCH
"Los Malditos (El Sagrado, Gemelo Diablo I & Gemelo Diablo II)",1,,,RESEARCH
Los Maniacos (Silver King and Último Gladiador),1,,,RESEARCH
Los Mercenarios (Cuban Assassin (2) and Ron Starr (3)),1,,,RESEARCH
Los Mercenarios (Cuban Assassin and Jerry Morrow),1,,,RESEARCH
Los Mercenarios (El Texano Jr. and Rey Escorpión),1,,,RESEARCH
"Los Mercenarios (La Hiedra, Rey Escorpion, Taurus, and Texano Jr.)",1,,,RESEARCH
Los Metálicos (Oro and Plata),1,,,RESEARCH
Los Nuevos Ingobernables (Ángel de Oro and Niebla Roja),1,,,RESEARCH
Los Nuevos Nenes De las Nenas (Chris Joel and Alex Montalvo ),1,,,RESEARCH
Los Nuevos Nenes De las Nenas (Chris Joel and Alex Montalvo),1,,,RESEARCH
Los Nuevos Nenes de las Nenas (Chris Joel (4) and Alex Montalvo (4)),1,,,RESEARCH
"Los OGT (Averno, Chessman, and Ricky Marvin)",1,,,RESEARCH
"Los OGT (Averno, Chessman, and Super Fly)",1,,,RESEARCH
"Los Oficiales (Guardia, Oficial and Vigilante)",1,,,RESEARCH
Los Originales Nenes de las Nenas (Ray González (10) and Ricky Santana (6)),1,,,RESEARCH
Los Originales Nenes de las Nenas (Ray González (2) and Ricky Santana (3)),1,,,RESEARCH
Los Originales Nenes de las Nenas (Ray González (3) and Ricky Santana (4)),1,,,RESEARCH
"Los Perros del Mal (Daga, Angel and Berto)",1,,,RESEARCH
"Los Perros del Mal (Damián 666, Halloween, and X-Fly)",1,,,RESEARCH
Los Perros del Mal (Joe Líder and Pentagón Jr.),1,,,RESEARCH
"Los Perros del Mal (Perro Aguayo Jr., Mr. Águila and Héctor Garza)",1,,,RESEARCH
Los Perros del Mal de Japón (Eita and Nosawa Rongai),1,,,RESEARCH
"Los Psycho Circus (Dave the Clown, Murder Clown, Panic Clown, and Psycho Clown)",1,,,RESEARCH
"Los Regio Guapos[ab] (Hator, Monje Negro Jr., Potro Jr. and Tigre Universitario)",1,,,RESEARCH
Los Renegados del Infierno (Renegade del Infierno I and Renegade del Infierno II),1,,,RESEARCH
Los Reyes de la Atlantida (Delta and Guerrero Maya Jr.),1,,,RESEARCH
Los Totalmente Traidores (Monster Clown and Murder Clown),1,,,RESEARCH
Los Tranquilos de Japon (Tetsuya Naito and Bushi),1,,,RESEARCH
"Los Vatos Locos[x] (Espíritu, Nygma (3), Picudo (3) and Silver Cat)",1,,,RESEARCH
Los Vipers (Chik Tormenta and Arez),1,,,RESEARCH
"Los Xinetez (Dark Cuervo, Dark Scoria, and El Zorro)",1,,,RESEARCH
Lotario,1,,,RESEARCH
Loud and Lawless (Jake Lawless and Von Rockit),1,,,RESEARCH
Louis Cerdan and Tony Parisi,1,,,RESEARCH
Lovely Miss Larkan,1,,,RESEARCH
Low-Ki,1,,,RESEARCH
Luchasaurus,1,,,RESEARCH
Lucky Cannon,1,,,RESEARCH
Luke Kurtis,1,,,RESEARCH
Luscious Lawrence and Omar Amir,1,,,RESEARCH
Luther Lindsay and Ricky Waldo,1,,,RESEARCH
M by Elegance,1,,,RESEARCH
M's Alliance (Keiji Muto and Naomichi Marufuji),1,,,RESEARCH
M95 (Madi Wrenkowski and Missa Kate),1,,,RESEARCH
MK Ultra (Killer Kelly and Masha Slamovich),1,,,RESEARCH
MK Ultra[a] (Killer Kelly and Masha Slamovich),1,,,RESEARCH
Madi Maxx,1,,,RESEARCH
Mads Krule Krügger,1,,,RESEARCH
Madusa,1,,,RESEARCH
Madusa Miceli,1,,,RESEARCH
Magia Blanca,1,,,RESEARCH
Magno,1,,,RESEARCH
Magnum Tokyo,1,,,RESEARCH
Magnus,1,,,RESEARCH
Mahabali Shera,1,,,RESEARCH
MaiHime (Himeka and Maika),1,,,RESEARCH
"MaiHimePoi (Himeka, Maika and Natsupoi)",1,,,RESEARCH
Makabro,1,,,RESEARCH
Makabro & Androide 787,1,,,RESEARCH
Malia Hosaka,1,,,RESEARCH
Manabu Nakanishi,1,,,RESEARCH
Manabu Nakanishi and Yuji Nagata,1,,,RESEARCH
Manabu Soya and RG,1,,,RESEARCH
Manik (T. J. Perkins),1,,,RESEARCH
Manik/TJP,1,,,RESEARCH
Manny Ferno,1,,,RESEARCH
Marco Corleone,1,,,RESEARCH
Mari Apache,1,,,RESEARCH
Mari Apache and Gran Apache,1,,,RESEARCH
Mari Apache and Halloween,1,,,RESEARCH
Mariah May,1,,,RESEARCH
Mariko Yoshida,1,,,RESEARCH
Mario Milano (3) and Len Rossi (5),1,,,RESEARCH
Mario Milano (5) and Len Rossi (8),1,,,RESEARCH
Mario Milano (6) and Len Rossi (9),1,,,RESEARCH
Mario Milano (8) and Len Rossi (11),1,,,RESEARCH
Mario Nuñez,1,,,RESEARCH
Mario Valenzuela,1,,,RESEARCH
Mark Coffey,1,,,RESEARCH
Mark Davis,1,,,RESEARCH
Mark Magnus,1,,,RESEARCH
Mark Starr and Billy Travis (3),1,,,RESEARCH
Mark Youngblood,1,,,RESEARCH
Marshmello,1,,,RESEARCH
Marty Martinez,1,,,RESEARCH
Marty The Moth,1,,,RESEARCH
Maruken (Kenoh and Naomichi Marufuji),1,,,RESEARCH
Mary Apache,1,,,RESEARCH
Masa Kitamiya and Daiki Inaba,1,,,RESEARCH
Masa Saito and Riki Choshu,1,,,RESEARCH
Masa Saito and Shinya Hashimoto,1,,,RESEARCH
Masahito Kakihara and Mitsuya Nagai,1,,,RESEARCH
Masakatsu Funaki and Keiji Muto,1,,,RESEARCH
Masao Ito,1,,,RESEARCH
Masato Yakushiji,1,,,RESEARCH
Masayoshi Motegi,1,,,RESEARCH
Masayuki Naruse,1,,,RESEARCH
Mascara Voladoras (Leon and Ray),1,,,RESEARCH
Mascarita Sagrada Jr.,1,,,RESEARCH
Mashio Koma,1,,,RESEARCH
Masked Bat and Finis Hall,1,,,RESEARCH
Masked Superstar,1,,,RESEARCH
Master Wato and Yoh,1,,,RESEARCH
Matanza Cueto,1,,,RESEARCH
Matt Cappotelli,1,,,RESEARCH
Matthew Justice,1,,,RESEARCH
Maunakea Mossman,1,,,RESEARCH
Max Abrams,1,,,RESEARCH
Maxwell Jacob Friedman,1,,,RESEARCH
Maya World,1,,,RESEARCH
Maybach Taniguchi and Naomichi Marufuji,1,,,RESEARCH
Mayor Glenn Jacobs,1,,,RESEARCH
Mazzerati,1,,,RESEARCH
Megan Bayne,1,,,RESEARCH
Meiko Satomura,1,,,RESEARCH
Meiyu Tag (Hirooki Goto and Katsuyori Shibata),1,,,RESEARCH
Melody,1,,,RESEARCH
Mercurio,1,,,RESEARCH
"MexiSquad (Bandido, Flamita, and Rey Horus)",1,,,RESEARCH
Mexican America (Anarquia and Hernandez),1,,,RESEARCH
Mexican Angel,1,,,RESEARCH
Michael Elgin and Masa Kitamiya,1,,,RESEARCH
Michael Giaccio,1,,,RESEARCH
Michael Modest,1,,,RESEARCH
Michael Shane,1,,,RESEARCH
Michael Washington Kruel,1,,,RESEARCH
Michel Dubois,1,,,RESEARCH
Mickie Knuckles,1,,,RESEARCH
Micro Gemelo Diablo I,1,,,RESEARCH
Mighty Igor,1,,,RESEARCH
"Miguel Perez, Jr.",1,,,RESEARCH
Mika Iwata,1,,,RESEARCH
Mike Bennett,1,,,RESEARCH
Mike Chacoma and Red Roberts,1,,,RESEARCH
Mike Clancy and Lester Welch (6),1,,,RESEARCH
Mike Dalton,1,,,RESEARCH
Mike DiBiase,1,,,RESEARCH
Mike DiBiase and Bob Orton,1,,,RESEARCH
Mike Kelly,1,,,RESEARCH
Mike Kruel,1,,,RESEARCH
Mike Mondo and Turcan Celik,1,,,RESEARCH
Mike Nice,1,,,RESEARCH
Mike Nice (2) & Oscar Benabe,1,,,RESEARCH
Mike Nice (3) & Oscar Benabe (2),1,,,RESEARCH
Mike Quackenbush,1,,,RESEARCH
Mike Rome,1,,,RESEARCH
Mike Sanders,1,,,RESEARCH
Mike Thunder,1,,,RESEARCH
Mike and Doc Gallagher,1,,,RESEARCH
Mil Muertes,1,,,RESEARCH
Mildred Burke,1,,,RESEARCH
Mima Shimoda and Zeuxis,1,,,RESEARCH
Mineo Fujita,1,,,RESEARCH
Mini Charly Manson,1,,,RESEARCH
Mini Psicosis,1,,,RESEARCH
Mini Psycho Clown,1,,,RESEARCH
Minoru Fujita and Ikuto Hidaka,1,,,RESEARCH
Minoru Suzuki and Nosawa Rongai,1,,,RESEARCH
Minoru Suzuki and Yoshihiro Takayama,1,,,RESEARCH
Miracle Violence Connection (Steve Williams (2) and Terry Gordy),1,,,RESEARCH
Miracle Violence Connection (Steve Williams and Terry Gordy),1,,,RESEARCH
Miro,1,,,RESEARCH
Mishima Ota,1,,,RESEARCH
Miss Janeth,1,,,RESEARCH
Misterioso,1,,,RESEARCH
Mitch Franklin,1,,,RESEARCH
Mitch Huff,1,,,RESEARCH
Mitsu Arakawa and Dr. Moto,1,,,RESEARCH
Mitsu Hirai (2) and Tojo Yamamoto (7),1,,,RESEARCH
Mitsu Hirai and Tojo Yamamoto (6),1,,,RESEARCH
Mitsuo Momota,1,,,RESEARCH
Mitsuya Nagai and Masayuki Naruse,1,,,RESEARCH
Miyu Amasaki,1,,,RESEARCH
"Mogul Embassy (Brian Cage, Bishop Kaun, and Toa Liona)",1,,,RESEARCH
Mogur,1,,,RESEARCH
Mohammed Hussein,1,,,RESEARCH
Mohammed Hussein (2) and Don Sanders,1,,,RESEARCH
Mohammed Hussein (3) and Dusty Wolfe,1,,,RESEARCH
Mohammed Hussein (5) and The Tahitian Warrior,1,,,RESEARCH
Mohammed Hussein (7) and The Tahitian Warrior (2),1,,,RESEARCH
Mohammed Hussein (8) and The Tahitian Warrior (3),1,,,RESEARCH
Mohammed Hussein and El Vigilante (4),1,,,RESEARCH
Momo Watanabe,1,,,RESEARCH
Monarca Cruz,1,,,RESEARCH
Monje Negro Jr. and Sergio Romo Jr.,1,,,RESEARCH
Monster Ripper,1,,,RESEARCH
Moondogs (Moondog Rex and Moondog King/Moondog Spot),1,,,RESEARCH
Moose Evans and Verne Gagne,1,,,RESEARCH
Moustache Mountain (Tyler Bate and Trent Seven),1,,,RESEARCH
Mr. Big (4) & Lightning (31),1,,,RESEARCH
Mr. Brodie Lee,1,,,RESEARCH
Mr. Gannosuke and Tarzan Goto,1,,,RESEARCH
Mr. Gannosuke and Tetsuhiro Kuroda,1,,,RESEARCH
Mr. McMahon,1,,,RESEARCH
Mr. Moto and Kinji Shibuya,1,,,RESEARCH
Mr. Niebla,1,,,RESEARCH
Mr. Niebla and Shocker,1,,,RESEARCH
Mr. Saito,1,,,RESEARCH
Mr. USA,1,,,RESEARCH
Mr. Wrestling II,1,,,RESEARCH
Mt. Khadeem,1,,,RESEARCH
Muhammad Yone,1,,,RESEARCH
Murciélago Velázquez,1,,,RESEARCH
Murder Incorporated (Jimmy James and Kevin Northcutt),1,,,RESEARCH
Murder Incorporated (Stan Kowalski and Tiny Mills (2)),1,,,RESEARCH
Murder Incorporated (Stan Kowalski and Tiny Mills (3)),1,,,RESEARCH
"Murder, Inc. (Stan Kowalski and Tiny Mills)",1,,,RESEARCH
Musashi,1,,,RESEARCH
Mushiking Terry,1,,,RESEARCH
Mustafa Saed,1,,,RESEARCH
Mustang Mike,1,,,RESEARCH
Myles Borne,1,,,RESEARCH
Myles Borne and Tavion Heights,1,,,RESEARCH
Máscara Dorada 2.0,1,,,RESEARCH
"Máscara Dorada, Star Jr. and Neón",1,,,RESEARCH
Máscara Sagrada Jr.,1,,,RESEARCH
Máscara Sagrada and La Parka Jr.,1,,,RESEARCH
Máscara Sagrada and Mascarita Sagrada 2000,1,,,RESEARCH
Máscarita Mágica,1,,,RESEARCH
Máximo/Máximo Sexy,1,,,RESEARCH
Místico (II),1,,,RESEARCH
Místico and JetSpeed (Kevin Knight and Mike Bailey),1,,,RESEARCH
NEXTREAM (Kento Miyahara and Yuma Aoyagi),1,,,RESEARCH
Nanae Takahashi,1,,,RESEARCH
Nanamiho (Miho Wakizawa and Nanae Takahashi),1,,,RESEARCH
Naoki Sano,1,,,RESEARCH
Naomi Knight,1,,,RESEARCH
Naomichi Marufuji and Akitoshi Saito,1,,,RESEARCH
Naomichi Marufuji and Masaaki Mochizuki,1,,,RESEARCH
Naomichi Marufuji and Minoru Suzuki,1,,,RESEARCH
Naomichi Marufuji and Takashi Sugiura,1,,,RESEARCH
Naomichi Marufuji and Toru Yano,1,,,RESEARCH
Naruki Doi and Masato Yoshino,1,,,RESEARCH
Naruki Doi and Shingo,1,,,RESEARCH
Natalia Markova,1,,,RESEARCH
Nathan Frazer,1,,,RESEARCH
Natsuko Tora,1,,,RESEARCH
Neftali,1,,,RESEARCH
Negro Casas (4) and Místico,1,,,RESEARCH
Negro Casas (5) and Místico (2),1,,,RESEARCH
Negro Casas (6) and Shocker (3),1,,,RESEARCH
Negro Casas and Psycho Clown,1,,,RESEARCH
Negro Navarro,1,,,RESEARCH
"Neo Genesis (Starlight Kid, AZM and Miyu Amasaki)",1,,,RESEARCH
New Generation Force (Manabu Soya and Seiya Sanada),1,,,RESEARCH
Next Generation Hart Foundation (DH Smith and TJ Wilson),1,,,RESEARCH
Nextream (Jake Lee and Naoya Nomura),1,,,RESEARCH
Nick Dinsmore and Flash Flanagan,1,,,RESEARCH
Nick Wayne,1,,,RESEARCH
Nihan,1,,,RESEARCH
Nikkita Lyons,1,,,RESEARCH
Ninja Mack,1,,,RESEARCH
No Limit (Tetsuya Naito and Yujiro Takahashi),1,,,RESEARCH
No Limit (Tetsuya Naito and Yujiro),1,,,RESEARCH
No Mercy (Genba Hirayanagi and Maybach Taniguchi Jr./Suwa),1,,,RESEARCH
No Mercy (Kenta and Maybach Taniguchi),1,,,RESEARCH
No Mercy (Kenta and Yoshinobu Kanemaru),1,,,RESEARCH
Noel Rodríguez,1,,,RESEARCH
"Noriega and Jose Rivera, Jr. (2)",1,,,RESEARCH
Norio Honaga and Isamu Teranishi,1,,,RESEARCH
Norvell Austin (3) and Bill Dundee (8),1,,,RESEARCH
"Nueva Generación Dinamita (El Cuatrero, Forastero and Sansón)",1,,,RESEARCH
"Nueva Generación Dinamita (El Cuatrero, Forastero, and Sansón)",1,,,RESEARCH
Nuevo Generacion Dinamitas (El Cuatrero and Sansón),1,,,RESEARCH
Nygma,1,,,RESEARCH
Nyla Rose,1,,,RESEARCH
"Oedo Tai (Andras Miyagi, Kagetsu and Sumire Natsu)",1,,,RESEARCH
Oedo Tai (Bea Priestley and Jamie Hayter),1,,,RESEARCH
Oedo Tai (Bea Priestley and Konami),1,,,RESEARCH
"Oedo Tai (Bea Priestley, Natsuko Tora and Saki Kashima)",1,,,RESEARCH
Oedo Tai (Hana Kimura and Kagetsu),1,,,RESEARCH
"Oedo Tai (Hana Kimura, Kagetsu and Kyoko Kimura)",1,,,RESEARCH
Oedo Tai (Kagetsu and Kyoko Kimura),1,,,RESEARCH
"Oedo Tai (Momo Watanabe, Saki Kashima and Starlight Kid)",1,,,RESEARCH
Oedo Tai/H.A.T.E. Supreme (Momo Watanabe and Thekla),1,,,RESEARCH
Ohio Versus Everything (Dave Crist and Jake Crist),1,,,RESEARCH
Oklahoma,1,,,RESEARCH
Ole Anderson (8) and Stan Hansen,1,,,RESEARCH
OneAtos Style (Esfinge and Tritón),1,,,RESEARCH
Oney Lorcan and Danny Burch,1,,,RESEARCH
Only Bros (Boy Toy Troy and Star Player Prime),1,,,RESEARCH
Operativo 209 †,1,,,RESEARCH
Orito,1,,,RESEARCH
Orlando Colon,1,,,RESEARCH
Oro,1,,,RESEARCH
Orville Brown,1,,,RESEARCH
Osamu Nishimura and Tatsumi Fujinami,1,,,RESEARCH
Otto Wanz,1,,,RESEARCH
Outlaw,1,,,RESEARCH
Overkill (Christopher Daniels and Kevin Quinn),1,,,RESEARCH
Ox Baker (3) and The Great Kusatsu,1,,,RESEARCH
Ox Baker and Rock Rogowski (2),1,,,RESEARCH
PJ Black,1,,,RESEARCH
Pac,1,,,RESEARCH
Pagano and Psycho Clown,1,,,RESEARCH
Pak Choo,1,,,RESEARCH
Pampero Firpo,1,,,RESEARCH
Pantera II,1,,,RESEARCH
Panterita del Ring Jr.,1,,,RESEARCH
Paredyse,1,,,RESEARCH
Paredyse (Formerly known as Kamikaze Kid),1,,,RESEARCH
Paredyse and Ryan Nemeth,1,,,RESEARCH
Pat Barrett,1,,,RESEARCH
Pat Kennedy and Dale Lewis,1,,,RESEARCH
Pat O'Brien and Karl Kowalski,1,,,RESEARCH
Pat O'Connor and Tony Baillargeon,1,,,RESEARCH
Pat O'Connor and Wilbur Snyder (2),1,,,RESEARCH
Pat Patterson and Ray Stevens (4),1,,,RESEARCH
Paul Burchill and Stu Sanders,1,,,RESEARCH
Paul DeGalles,1,,,RESEARCH
Paul Ellering,1,,,RESEARCH
Paul Ellering and Sheik Ali Hassan,1,,,RESEARCH
Paul Jones (3) and Baron Von Raschke (2),1,,,RESEARCH
Paul Jones (4) and Baron Von Raschke (3),1,,,RESEARCH
Paul Jones (5) and The Masked Superstar,1,,,RESEARCH
Paul Jones (6) and The Masked Superstar (2),1,,,RESEARCH
Paul Jones and Wahoo McDaniel,1,,,RESEARCH
Paul LeDuc,1,,,RESEARCH
Paul Stanlee and Jack Welch,1,,,RESEARCH
Pegasso I,1,,,RESEARCH
Peggy Lee Leather,1,,,RESEARCH
Pelle Primeau,1,,,RESEARCH
Penny Banner,1,,,RESEARCH
Penny Mitchell and Velvet McIntyre,1,,,RESEARCH
Pentagón (II),1,,,RESEARCH
Pepe Mendieta,1,,,RESEARCH
Pepper Parks,1,,,RESEARCH
Pequeño Damián 666,1,,,RESEARCH
Pequeño Olimpico,1,,,RESEARCH
Pequeño Olímpico,1,,,RESEARCH
Perro Aguayo Jr. (2) and Héctor Garza,1,,,RESEARCH
Perro Aguayo and Perro Aguayo Jr.,1,,,RESEARCH
Peter Maivia,1,,,RESEARCH
Peter Rosenberg,1,,,RESEARCH
Phil Hickerson (13) and The Spoiler,1,,,RESEARCH
Phil Hickerson (14) and The Spoiler,1,,,RESEARCH
Phil Shatter,1,,,RESEARCH
Piero-gun (Makoto and Rina Yamashita),1,,,RESEARCH
Pierre Lefebvre,1,,,RESEARCH
"Pierroth Jr. and Los Villanos (Villano III, Villano IV and Villano V)",1,,,RESEARCH
Pitbull #2,1,,,RESEARCH
Popitekus,1,,,RESEARCH
Pretty Empowered (Ella Envy and Kenzie Paige),1,,,RESEARCH
Pretty Empowered (Ella Envy and Kylie Paige),1,,,RESEARCH
Pretty Empowered (Kenzie Paige and Kylie Paige),1,,,RESEARCH
Pretty Empowered 2.0 (Ella Envy and Roxy),1,,,RESEARCH
Prince Iaukea,1,,,RESEARCH
Prince Maya,1,,,RESEARCH
Princesa Blanca,1,,,RESEARCH
Princess Victoria and Sabrina,1,,,RESEARCH
Princess Victoria and Velvet McIntyre,1,,,RESEARCH
Private Party (Isiah Kassidy and Marq Quen),1,,,RESEARCH
"Prominence (Hiragi Kurumi, Risa Sera and Suzu Suzuki)",1,,,RESEARCH
Psicosis II,1,,psicosis|psicosis|0.842,RESEARCH
Psycho Clown,1,,,RESEARCH
Pupe Jackson,1,,,RESEARCH
Purple Haze (Zeus and Izanagi),1,,,RESEARCH
Q.T. Marshall,1,,,RESEARCH
"Queen's Quest (AZM, Momo Watanabe and Utami Hayashishita)",1,,,RESEARCH
Queen's Quest (Momo Watanabe and Utami Hayashishita),1,,,RESEARCH
"REStart (Kairi, Natsupoi and Saori Anou)",1,,,RESEARCH
REStart (Natsupoi and Saori Anou),1,,,RESEARCH
RISE (Giant Bernard and Travis Tomko),1,,,RESEARCH
Rambo,1,,,RESEARCH
Randy Taylor,1,,,RESEARCH
Ranna Yagami,1,,,RESEARCH
Raquel Diaz,1,,,RESEARCH
Ratel's (Daisuke Harada and Tadasuke),1,,,RESEARCH
Ratel's (Manabu Soya and Daiki Inaba),1,,,RESEARCH
Raul Guerrero,1,,,RESEARCH
Raul Mata,1,,,RESEARCH
Raul Rojas,1,,,RESEARCH
Raul Romero,1,,,RESEARCH
Ray,1,,,RESEARCH
Ray Andrews and Eric Pomeroy (Stan Pulaski),1,,,RESEARCH
Ray Gonzalez,1,,raquel-rodriguez|reina gonzalez|0.846,RESEARCH
Ray González and Rex King (4),1,,,RESEARCH
Ray Lyn,1,,,RESEARCH
Ray Piret (2) and Tex Riley(3),1,,,RESEARCH
Ray Piret and Herb Welch (2),1,,,RESEARCH
Ray Steele,1,,,RESEARCH
Ray Stevens,1,,,RESEARCH
Rayo Metálico,1,,,RESEARCH
"Rayo de Jalisco, Jr.",1,,,RESEARCH
Raúl Mata,1,,,RESEARCH
Real (Timothy Thatcher and Saxon Huxley),1,,,RESEARCH
Rebel,1,,,RESEARCH
Red Bastien and Hercules Cortez / The Crusher (6),1,,,RESEARCH
Reggie Parks (5) and Stan Pulaski (5),1,,,RESEARCH
Reggie Parks (6) and Stan Pulaski (6),1,,,RESEARCH
Reggie Parks (7) and Stan Pulaski (7),1,,,RESEARCH
Reginald/Reggie,1,,,RESEARCH
Reina Jubuki,1,,,RESEARCH
Rene Guajardo,1,,,RESEARCH
Renegade Twins (Charlette Renegade and Robyn Renegade),1,,,RESEARCH
Reno,1,,,RESEARCH
Rex King,1,,,RESEARCH
Rex King (2) and Ricky Santana (2),1,,,RESEARCH
Rex King and Ricky Santana,1,,,RESEARCH
Rey Cometa,1,,,RESEARCH
Rey Dragon[Note 6] and Transportador del Norte,1,,,RESEARCH
Rey Misterio Jr.,1,,,RESEARCH
Rey Misterio Jr. and Billy Kidman,1,,,RESEARCH
Rey Pegasus,1,,,RESEARCH
Rey Wagner,1,,,RESEARCH
Reyna Gallegos,1,,,RESEARCH
Rice or Bread (Hanako and Waka Tsukiyama),1,,,RESEARCH
Richard Holliday,1,,,RESEARCH
Richie Steamboat,1,,,RESEARCH
Rick Casey,1,,,RESEARCH
Rickey Shane Page,1,,,RESEARCH
Ricky (4) and Robert Gibson (2),1,,,RESEARCH
Ricky (5) and Robert Gibson (3),1,,,RESEARCH
Ricky (6) and Robert Gibson (4),1,,,RESEARCH
Ricky Banderas,1,,,RESEARCH
Ricky Cruz,1,,,RESEARCH
Ricky Gibson (3) and Robert Gibson,1,,,RESEARCH
Ricky Gibson and Tommy Gilbert,1,,,RESEARCH
Ricky Marvin and Kotaro Suzuki,1,,,RESEARCH
Ricky Marvin and Taiji Ishimori,1,,,RESEARCH
Ricky Morton,1,,,RESEARCH
Ricky Santana (8) and Rico Suave (2),1,,,RESEARCH
Rico Casanova,1,,,RESEARCH
Rico Suave and Eddie Watts,1,,,RESEARCH
Riki Choshu and Seiji Sakaguchi (5),1,,,RESEARCH
Riki Choshu and Takayuki Iizuka[N 1],1,,,RESEARCH
Riki Choshu and Yoshiaki Yatsu,1,,,RESEARCH
Rina,1,,,RESEARCH
Rip and Tim Tyler,1,,,RESEARCH
Rising Hayato,1,,,RESEARCH
Rizado Ruiz,1,,,RESEARCH
Rob Stone,1,,,RESEARCH
Robbie Eagles,1,,,RESEARCH
Robbie Walker,1,,,RESEARCH
Robert Fuller and Bearcat Brown (6),1,,,RESEARCH
Robert Fuller and Toru Tanaka,1,,,RESEARCH
Robert Gibson,1,,,RESEARCH
Rock the Hunter,1,,,RESEARCH
Rockford 2000,1,,,RESEARCH
Rocky Johnson and Jimmy Valiant,1,,,RESEARCH
Rocky Johnson and Soul Train Jones,1,,,RESEARCH
Rocky Marvin,1,,rocky-maivia|rocky maivia|0.833,RESEARCH
Rod Steele,1,,,RESEARCH
Rodney,1,,,RESEARCH
Roger Kirby,1,,,RESEARCH
Roger Kirby (2) and Guy Mitchell,1,,,RESEARCH
Roger Kirby and David Schultz,1,,,RESEARCH
Roger Mason,1,,,RESEARCH
Rohit Raju,1,,,RESEARCH
Rolando Costa,1,,,RESEARCH
Rolando Vera,1,,,RESEARCH
Romeo,1,,,RESEARCH
Ron Garfield,1,,,RESEARCH
Rose Gold (Mariah May and Mina Shirakawa),1,,,RESEARCH
Rosemary,1,,,RESEARCH
Rosemary and Taya Valkyrie,1,,,RESEARCH
Roucka,1,,,RESEARCH
Rowdy (Kohei Sato and Hirotaka Yokoi),1,,,RESEARCH
"Roy McClarity, Pat O'Connor and Yukon Eric",1,,,RESEARCH
Ruaka,1,,,RESEARCH
Rufus R. Jones and Roughhouse Fargo (5),1,,,RESEARCH
Rufus R. Jones and Wahoo McDaniel (2),1,,,RESEARCH
Rump Thump,1,,,RESEARCH
Runaway Suplex (Shotaro Ashino and Suwama),1,,,RESEARCH
Russian Stomper,1,,,RESEARCH
"Russian Team (Ivan Koloff (3), Nikita Koloff and Krusher Krushchev)",1,,,RESEARCH
Russian Team (Ivan Koloff (4) and Nikita Koloff),1,,,RESEARCH
Rye Duran,1,,,RESEARCH
Ryo Saito,1,,,RESEARCH
Ryoji Sai,1,,,RESEARCH
Ryota Hama,1,,,RESEARCH
Ryota Hama and Koriki Choshu,1,,,RESEARCH
Ryuichi Kawakami and Kazumi Kikuta,1,,,RESEARCH
Ryuji Hijikata,1,,,RESEARCH
Ryuma Go,1,,,RESEARCH
"Ryusuke Taguchi, Togi Makabe and Toru Yano",1,,,RESEARCH
S.C.U.M. (Jimmy Jacobs and Steve Corino),1,,,RESEARCH
Sable,1,,,RESEARCH
Sailor White,1,,,RESEARCH
Sakurara (Aya Sakura and Sayaka Kurara),1,,,RESEARCH
Sal Rinauro and Tony Mamaluke,1,,,RESEARCH
Salman Hashimikov,1,,,RESEARCH
Salt 'n' Pepper (Derrick King and Stan Lee),1,,,RESEARCH
Salvatore Sincere,1,,,RESEARCH
Sam Thompson,1,,,RESEARCH
Sami Callihan,1,,,RESEARCH
Samson Kutsuwada and Akihisa Takachiho,1,,,RESEARCH
Sandy Parker and Susan Green,1,,,RESEARCH
Sanely,1,,,RESEARCH
Sangre Azteca,1,,,RESEARCH
Sanity (Eric Young and Alexander Wolfe),1,,,RESEARCH
Santa Claus,1,,,RESEARCH
Santo,1,,,RESEARCH
Saraya,1,,,RESEARCH
Sareee,1,,,RESEARCH
Sarita and Taylor Wilde,1,,,RESEARCH
Satoru Sayama,1,,,RESEARCH
Saya Iida,1,,,RESEARCH
Sayaka Kurara,1,,,RESEARCH
Scott Hall (6) and The Giant (3),1,,,RESEARCH
Scott Norton and Tony Halme,1,,,RESEARCH
Scotty Flamingo,1,,,RESEARCH
Seigigun (Wataru Inoue and Yuji Nagata),1,,,RESEARCH
Seiji Sakaguchi (3) and Strong Kobayashi,1,,,RESEARCH
Seiji Sakaguchi (4) and Strong Kobayashi,1,,,RESEARCH
Seiji Sakaguchi and Michiaki Yoshimura,1,,,RESEARCH
Seiji Sakaguchi and Strong Kobayashi,1,,,RESEARCH
Seishun Midori (Aoi Kizuki and Tsukushi),1,,,RESEARCH
Seiya Sanada,1,,,RESEARCH
Senshi,1,,,RESEARCH
Serena Deeb,1,,,RESEARCH
"Seth ""Freakin"" Rollins",1,,,RESEARCH
Seth Skyfire,1,,,RESEARCH
Shane Hagadorn,1,,,RESEARCH
Shane Haste,1,,,RESEARCH
Shane Helms,1,,,RESEARCH
Shane Strickland,1,,,RESEARCH
Shane Taylor,1,,,RESEARCH
"Shane Taylor Promotions (Moses, Kaun, and Shane Taylor)",1,,,RESEARCH
"Shane Taylor Promotions (Shane Taylor, Carlie Bravo, and Capt. Shawn Dean)",1,,,RESEARCH
Shane Twins (Mike Shane and Todd Shane),1,,,RESEARCH
Shanna,1,,,RESEARCH
Shawn Bennett,1,,,RESEARCH
Sheamus O'Shaunessy,1,,,RESEARCH
Sheik Abdul Bashir,1,,,RESEARCH
Sheriff,1,,,RESEARCH
Shigehiro Irie,1,,,RESEARCH
Shinichi Nagano and Akira Taue,1,,,RESEARCH
Shinichi Nakano,1,,,RESEARCH
Shinichi Nakano and Shunji Takano,1,,,RESEARCH
Shinjiro Otani §,1,,,RESEARCH
Shinjiro Otani †,1,,,RESEARCH
Shiritsu Puroresu Gakuen (Kaho Kobayashi and Makoto),1,,,RESEARCH
Sho,1,,,RESEARCH
Shockercito,1,,,RESEARCH
Shoko Nakajima,1,,,RESEARCH
Shota Chochishvili,1,,,RESEARCH
Shota Umino,1,,,RESEARCH
Shotaro Ashino,1,,,RESEARCH
Shuji Ishikawa and Team 200kg (Chihiro Hashimoto and Yuu),1,,,RESEARCH
"Shuji Kondo and ""brother"" Yasshi",1,,,RESEARCH
Sierra,1,,,RESEARCH
Sika,1,,,RESEARCH
Silas Mason,1,,,RESEARCH
Silueta and Syuri,1,,,RESEARCH
Silver King (2) and Dr. Wagner Jr. (2),1,,,RESEARCH
Silver King †,1,,,RESEARCH
Silvi-O-livencia (Chris Silvio and Jamin Olivencia),1,,,RESEARCH
Simon Diamond and Johnny Swinger,1,,,RESEARCH
Sirena Veil,1,,,RESEARCH
Six or Nine (Ryusuke Taguchi and Master Wato),1,,,RESEARCH
"Sky Team (Místico, Valiente and Volador Jr.)",1,,,RESEARCH
So Daimonji,1,,,RESEARCH
"SoCal Uncensored (Christopher Daniels, Frankie Kazarian, and Scorpio Sky)",1,,,RESEARCH
Soberano Jr.,1,,,RESEARCH
"Soberano, Jr.",1,,,RESEARCH
Solar I,1,,,RESEARCH
Solar II,1,,,RESEARCH
Soma Takao,1,,,RESEARCH
Sonny King and Ricky Morton,1,,,RESEARCH
Sonny Siaki,1,,,RESEARCH
Sophia Rose,1,,,RESEARCH
Soul Train Jones,1,,,RESEARCH
Special Assault Team (Akitoshi Saito and Go Shiozaki),1,,,RESEARCH
Special Assault Team (Jun Akiyama and Akitoshi Saito),1,,,RESEARCH
Special K (Dixie and Izzy),1,,,RESEARCH
Spencer Slade,1,,,RESEARCH
Sputnik Monroe,1,,,RESEARCH
Spyder,1,,,RESEARCH
Stagger Lee,1,,,RESEARCH
Stan Hansen and Danny Spivey,1,,,RESEARCH
Stan Lane and Sweet Brown Sugar,1,,,RESEARCH
Stan Pulaski (3) and Chris Tolos,1,,,RESEARCH
Stan Stasiak,1,,,RESEARCH
Star,1,,,RESEARCH
Star Fire,1,,,RESEARCH
Starboy Charlie,1,,,RESEARCH
Starr Corporation (Bouncer Bruno and Victor the Bodyguard (2)),1,,,RESEARCH
Starr Corporation (Chicky Starr (3) and Victor the Bodyguard),1,,,RESEARCH
Stars (Mayu Iwatani and Saki Kashima),1,,,RESEARCH
Stars and Stripes (Marcus Alexander Bagwell (2) and The Patriot),1,,,RESEARCH
Stars and Stripes (Marcus Alexander Bagwell (3) and The Patriot (2)),1,,,RESEARCH
"Stars/Cosmic Angels (Mina Shirakawa, Tam Nakano and Unagi Sayaka)",1,,,RESEARCH
Steele,1,,,RESEARCH
Steph De Lander,1,,,RESEARCH
Stephanie McMahon-Helmsley,1,,,RESEARCH
Steve Armstrong and Tracy Smothers,1,,,RESEARCH
Steve McMichael,1,,,RESEARCH
Steve Morgan,1,,,RESEARCH
Steve Olsonoski,1,,,RESEARCH
Steve Strong,1,,,RESEARCH
Steve Williams,1,,,RESEARCH
"Stevie ""J""",1,,,RESEARCH
Stevie Ray,1,,,RESEARCH
Stevie Richards,1,,,RESEARCH
Stigma,1,,,RESEARCH
Sting (2) and The Giant (2),1,,,RESEARCH
Stinger (Chris Ridgeway and Daga),1,,,RESEARCH
Stinger (Chris Ridgeway and Yoshinari Ogawa),1,,,RESEARCH
Stinger (Kotaro Suzuki and Atsushi Kotoge),1,,,RESEARCH
Stinger (Yoshinari Ogawa and Kotaro Suzuki),1,,,RESEARCH
Stone Mountain,1,,,RESEARCH
Strawberry Fields,1,,,RESEARCH
Strong BJ  (Daisuke Sekimoto and Yuji Okabayashi),1,,,RESEARCH
"Strong Style (Ren Narita, Minoru Suzuki and El Desperado)",1,,,RESEARCH
StrongHearts (El Lindaman and T-Hawk),1,,,RESEARCH
Stuka Jr.,1,,,RESEARCH
Subculture (Mark Andrews and Flash Morgan Webster),1,,,RESEARCH
Sugar Sato,1,,,RESEARCH
Sugiura-gun (Hideki Suzuki and Timothy Thatcher),1,,,RESEARCH
Sugiura-gun (Kazma Sakamoto and Takashi Sugiura),1,,,RESEARCH
Sugiura-gun (Takashi Sugiura and Hideki Suzuki),1,,,RESEARCH
Sugiura-gun (Takashi Sugiura and Kazushi Sakuraba),1,,,RESEARCH
Suicide (Christopher Daniels/Kazarian),1,,,RESEARCH
Sumie Sakai,1,,,RESEARCH
Super Black Ninja,1,,,RESEARCH
Super Destroyer Mark II,1,,,RESEARCH
Super Generation Army (Tsuyoshi Kikuchi and Kenta Kobashi),1,,,RESEARCH
Super Gladiador (2) and Vengador Boricua,1,,,RESEARCH
Super Gladiador (3) and Brent Dail (2),1,,,RESEARCH
Super Halcón,1,,,RESEARCH
Super Muñequito,1,,,RESEARCH
Super Sky Team (La Sombra and Volador Jr.),1,,,RESEARCH
"Super Villains (Marty Scurll, Matt Jackson and Nick Jackson)",1,,,RESEARCH
Susumu Mochizuki,1,,,RESEARCH
Susumu Yokosuka,1,,,RESEARCH
Suwa,1,,,RESEARCH
Suwama and Shuji Ishikawa,1,,,RESEARCH
"Suwama, Mayumi Ozaki and Maya Yukihi",1,,,RESEARCH
Suzu Suzuki,1,,,RESEARCH
Suzuki-gun  (El Desperado and Taka Michinoku),1,,,RESEARCH
Suzuki-gun (Taichi and Taka Michinoku),1,,,RESEARCH
Suzuki-gun (Taichi and Yoshinobu Kanemaru),1,,,RESEARCH
Sweet Brown Sugar,1,,,RESEARCH
Swerve Strickland,1,,,RESEARCH
Swerve Strickland and The New Level (Austin Creed and Kofi),1,,,RESEARCH
Símbolo,1,,,RESEARCH
T. J. Perkins,1,,,RESEARCH
T.O.P. (Gary Albright and Steve Williams),1,,,RESEARCH
"TMDK (Zack Sabre Jr., Ryohei Oiwa, and Hartley Jackson)",1,,,RESEARCH
TVMA (Tiffany Nieves and Valentina Rossi),1,,,RESEARCH
Tadao Yasuda,1,,,RESEARCH
"Taguchi Japan (Hiroshi Tanahashi, Manabu Nakanishi and Ryusuke Taguchi)",1,,,RESEARCH
Taichi and Tomohiro Ishii,1,,,RESEARCH
Taiji Ishimori and Kenta,1,,,RESEARCH
Taiyō Kea,1,,,RESEARCH
Taiyō Kea and Akebono,1,,,RESEARCH
Taiyō Kea and Johnny Smith,1,,,RESEARCH
Taiyō Kea and Keiji Muto,1,,,RESEARCH
Taiyō Kea and Minoru Suzuki,1,,,RESEARCH
Taiyō Kea and Satoshi Kojima,1,,,RESEARCH
TakaKoji (Takashi Sugiura and Satoshi Kojima),1,,,RESEARCH
Takashi,1,,,RESEARCH
Takashi Sugiura and Shuhei Taniguchi,1,,,RESEARCH
Takeshi Minamino,1,,,RESEARCH
Takeshi Rikio,1,,,RESEARCH
Takuma Sano and Yoshihiro Takayama,1,,,RESEARCH
Takumi Iroha,1,,,RESEARCH
Tamon Honda and Jun Izumida,1,,,RESEARCH
Tamon Honda and Masao Inoue,1,,,RESEARCH
Taras Bulba,1,,,RESEARCH
Taryn Shay,1,,,RESEARCH
Tarzan Boy,1,,,RESEARCH
Tarzan Tyler and Bill Watts,1,,,RESEARCH
Tasha Steelz,1,,,RESEARCH
Taurus,1,,,RESEARCH
"Tawashis (Hiroyo Matsumoto, Mayu Iwatani and Miho Wakizawa)",1,,,RESEARCH
Taylor Wilde,1,,,RESEARCH
Team 2000X (Jack Morris and Daga),1,,,RESEARCH
Team Dream Futures (Keisuke Ishii and Shigehiro Irie),1,,,RESEARCH
Team Ikko (Naomichi Marufuji and Takashi Sugiura),1,,,RESEARCH
Team India (Raj Dhesi and Satnam Singh),1,,,RESEARCH
Team Jungle (Hiroyo Matsumoto and Jungle Kyona),1,,,RESEARCH
"Team Jungle (Hiroyo Matsumoto, Jungle Kyona and Kaori Yoneyama)",1,,,RESEARCH
Team Next Level (Devin Driscoll and Tony Gunn),1,,,RESEARCH
Team Pacman (Adam Jones and Ron Killings),1,,,RESEARCH
Teddy Hart,1,,,RESEARCH
Tengu,1,,,RESEARCH
Terminal Velocity (Chet Jablonski and Steve Lewington),1,,,RESEARCH
Terri,1,,,RESEARCH
Terry Gibbs,1,,,RESEARCH
Terry Knight,1,,,RESEARCH
Tetsuya Endo,1,,,RESEARCH
Tex Mckenzie,1,,,RESEARCH
Tex Riley and Herb Welch,1,,,RESEARCH
Tex Riley(5) and Len Rossi (2),1,,,RESEARCH
Tex Riley(6) and Len Rossi (3),1,,,RESEARCH
Tex Riley(7) and Len Rossi (4),1,,,RESEARCH
Texas Hangmen (Killer (4) and Skull Von Krush),1,,,RESEARCH
The Acclaimed (Anthony Bowens and Max Caster),1,,,RESEARCH
The All Night Express (Kenny King and Rhett Titus),1,,,RESEARCH
The Andretti Express (Guido and Vito Andretti),1,,,RESEARCH
The Angel and Sonny King,1,,,RESEARCH
The Ascension (Conor O'Brian/Konnor and Rick Victor/Viktor),1,,,RESEARCH
The Atomic Blonds (Chet Wallick and Johnny Valentine),1,,,RESEARCH
The Babes of Wrath (Harley Cameron and Willow Nightingale),1,,,RESEARCH
The Backseat Boyz (Johnny Kashmere and Trent Acid),1,,,RESEARCH
The Baroness,1,,,RESEARCH
The Basham Brothers (Damaja and Doug Basham),1,,,RESEARCH
"The Beautiful People (Lacey Von Erich, Madison Rayne, and Velvet Sky)",1,,,RESEARCH
The Bicentennial Kings (Dennis Condrey (2) and Phil Hickerson (5)),1,,,RESEARCH
The Bicentennial Kings (Dennis Condrey (3) and Phil Hickerson (6)),1,,,RESEARCH
The Bicentennial Kings (Dennis Condrey (4) and Phil Hickerson (7)),1,,,RESEARCH
The Bicentennial Kings (Dennis Condrey (5) and Phil Hickerson (8)),1,,,RESEARCH
The Bicentennial Kings (Dennis Condrey (6) and Phil Hickerson (9)),1,,,RESEARCH
The Bicentennial Kings (Dennis Condrey (7) and Phil Hickerson (10)),1,,,RESEARCH
The Bicentennial Kings (Dennis Condrey (8) and Phil Hickerson (11)),1,,,RESEARCH
The Bicentennial Kings (Dennis Condrey and Phil Hickerson (4)),1,,,RESEARCH
The Blackjacks (Blackjack Lanza and Blackjack Mulligan),1,,,RESEARCH
The Blockbusters (Jordan Sparkes and Toby St. John),1,,,RESEARCH
The Blonde Bombers (Chad and Tank Toland),1,,,RESEARCH
The Bludgeon Brothers (Harper and Rowan),1,,,RESEARCH
The Bodyguy,1,,,RESEARCH
The Brawling Birds (Alex Windsor and Jamie Hayter),1,,,RESEARCH
The British Bruisers (The Dynamite Kid and Johnny Smith),1,,,RESEARCH
The Broken Hardys (Broken Matt and Brother Nero),1,,,RESEARCH
The Brotherhood (Dukes Dalton and Knuckles Nelson),1,,,RESEARCH
The Brotherhood (Eric Sbraccia and Knuckles Nelson),1,,,RESEARCH
The Brotherhood (Knuckles Nelson and Rick Fuller),1,,,RESEARCH
The Bull Powers (Manabu Nakanishi and Satoshi Kojima),1,,,RESEARCH
The Can-Am Express (Doug Furnas and Phil LaFon),1,,,RESEARCH
The Canadian Glamour Boys (Sean (3) and Shane (2)),1,,,RESEARCH
The Canadian Glamour Boys (Sean Morley (2) and Rex King (5)),1,,,RESEARCH
The Canadian Glamour Boys (Sean and Shane),1,,,RESEARCH
"The Cl4n (Ciber the Main Man, The Chris and Sharlie Rockstar)",1,,,RESEARCH
The Claw and Rock Rogowski,1,,,RESEARCH
The Claw[Note 5],1,,,RESEARCH
The Clones (Mike and Pat Kelly),1,,,RESEARCH
The Commonwealth Connection (Doug Williams and Harry Smith),1,,,RESEARCH
"The Conglomeration (Kyle O'Reilly, Orange Cassidy, and Roderick Strong)",1,,,RESEARCH
The Continental Dream (Lance Idol and Rick Valentine),1,,,RESEARCH
The Continental Warriors (Lorenzo Parente and Bobby Hart),1,,,RESEARCH
The Country Gentlemen (AJ Cazana and Anthony Andrews),1,,,RESEARCH
The Coven (KiLynn King and Taylor Wilde),1,,,RESEARCH
The Crusher (3) and Verne Gagne (2),1,,,RESEARCH
The Crusher (4) and Dick the Bruiser (3),1,,,RESEARCH
The Crusher (5) and Dick the Bruiser (4),1,,,RESEARCH
The Crusher (7) and Billy Robinson (2),1,,,RESEARCH
The Crusher (8) and Dick the Bruiser (5),1,,,RESEARCH
The Crusher (9) and Baron Von Raschke,1,,,RESEARCH
The Dark Patriot and Eddie Gilbert,1,,,RESEARCH
"The Death Dollz (Jessicka, Rosemary, and Taya Valkyrie)",1,,,RESEARCH
The Destroyer and Billy Red Lyons,1,,,RESEARCH
The Dirty Daltons (Frank Dalton and Jack Dalton),1,,,RESEARCH
"The Disciples of Death (Barrio Negro, El Sinestro de la Muerte and Trece)",1,,,RESEARCH
The Disciples of Synn (Seven and Travis Bane),1,,,RESEARCH
"The Dogs (Clark Connors, David Finlay, and Gabe Kidd)",1,,,RESEARCH
The Dude Busters (Caylen Croft and Trent Barreta),1,,,RESEARCH
The Eagle and The Patriot,1,,,RESEARCH
"The Elegance Brand (Ash by Elegance, Heather by Elegance, and M by Elegance)",1,,,RESEARCH
The Elegance Brand (Heather by Elegance and M by Elegance),1,,,RESEARCH
"The Elite (""Hangman"" Adam Page, Matt Jackson, and Nick Jackson)",1,,,RESEARCH
The Evans Family (Drew Hernandez and Tony Evans),1,,,RESEARCH
The Executioner,1,,,RESEARCH
The Fabulous Fargos (Don (2) and Jackie Fargo (13)),1,,,RESEARCH
The Fabulous Fargos (Don and Jackie Fargo),1,,,RESEARCH
"The Fabulous Freebirds (Badstreet, Jimmy Garvin and Michael Hayes)",1,,,RESEARCH
The Fabulous Freebirds (Michael Hayes and Jimmy Garvin),1,,,RESEARCH
The Fabulous Freebirds (Terry Gordy and Michael Hayes),1,,,RESEARCH
The Fabulous Moolah and Toni Rose,1,,,RESEARCH
The Fallen (D'Mone Solavino and Ronnie Roberts),1,,,RESEARCH
"The Family (Jessie Godderz, Rob Terry and Rudy Switchblade)",1,,,RESEARCH
The Fanny Pack Party (Dustin Jackson and Kal Herro),1,,,RESEARCH
The Filthy Animals (Konnan (2) and Billy Kidman (2)),1,,,RESEARCH
The Filthy Animals (Konnan and Rey Misterio Jr. (2)),1,,,RESEARCH
The Filthy Animals (Rey Misterio Jr. (3) and Juventud Guerrera),1,,,RESEARCH
The Fixers (Jay Bradley and Wrecking Ball Legursky),1,,,RESEARCH
The Flying Scotts  (George Scott and Sandy Scott),1,,,RESEARCH
The Fortunate Sons (Joe Hennig and Brett DiBiase),1,,,RESEARCH
The Foundation (Jay Lethal and Jonathan Gresham),1,,,RESEARCH
The Foundation (Rhett Titus and Tracy Williams),1,,,RESEARCH
The Gang Stars (The Neighborhoodie and Shad Gaspard),1,,,RESEARCH
The Gangstanators (Kronus (4) and New Jack (3)),1,,,RESEARCH
The Gobbledy Gooker,1,,,RESEARCH
The Golden Grahams (Dr. Jerry Graham (4) and Eddie Graham),1,,,RESEARCH
The Golden Grahams (Eddie and Dr. Jerry Graham (5)),1,,,RESEARCH
The Grapplers (Tony Anthony and Len Denton),1,,,RESEARCH
The Great Higami and Tojo Yamamoto (11),1,,,RESEARCH
The Great Kojika and Gentetsu Matsuoka,1,,,RESEARCH
The Great Kosuke and Shiryu,1,,,RESEARCH
The Great Muta and Kenso,1,,,RESEARCH
The Great Samu,1,,,RESEARCH
The Great Sasuke and Jushin Thunder Liger,1,,,RESEARCH
The Great Sasuke §,1,,,RESEARCH
The Great Togo,1,,,RESEARCH
The Gunns (Austin Gunn and Colten Gunn),1,,,RESEARCH
The Gutcheckers (Alex Silva and Sam Shaw),1,,,RESEARCH
The Gutcheckers/New School (Alex Silva and Sam Shaw),1,,,RESEARCH
The Hardway (Jack Vaughn and Dalton McKenzie),1,,,RESEARCH
The Heartbreakers (Joey Cagle and Rocky Sortor),1,,,RESEARCH
The Heavenly Bodies (Al (12) and Don Greene (9)),1,,,RESEARCH
The Heavenly Bodies (Al (13) and Don Greene (10)),1,,,RESEARCH
The Heavenly Bodies (Al (8) and Don Greene (5)),1,,,RESEARCH
The Heavenly Bodies (Al (9) and Don Greene (6)),1,,,RESEARCH
The Heavenly Bodies (Al Greene (15) and Don Greene (11)),1,,,RESEARCH
The Heavenly Bodies (Al Greene (16) and Don Greene (12)),1,,,RESEARCH
The Heavenly Bodies (Don Greene (7) and Al Greene (10)),1,,,RESEARCH
The Heavenly Bodies (Don Greene (8) and Al Greene (11)),1,,,RESEARCH
The Huertas Brothers/The Invaders (Maelo Huertas and Invader I (15)),1,,,RESEARCH
"The Hung Bucks (Adam Page, Matt Jackson, and Nick Jackson)",1,,,RESEARCH
The Hunters (Bob Brown and Dale Veasey),1,,,RESEARCH
The Insurgency (Ali Akbar and Omar Akbar),1,,,RESEARCH
The Invaders (Invader I (4) and Invader II),1,,,RESEARCH
The Invaders (Invader I (5) and Invader II (2)),1,,,RESEARCH
The Invaders (Invader I (7) and Invader III),1,,,RESEARCH
The Invaders (Invader I (8) and Invader III (2),1,,,RESEARCH
The Invaders (Invader I (9) and Invader III (3),1,,,RESEARCH
The Invincibles/Fighting Spirit (Fang and Sucio),1,,,RESEARCH
The Islanders (Kuhio and Tahiti (4)),1,,,RESEARCH
The It Girls (Ella Envy and Miss Star),1,,,RESEARCH
The Jurassic Powers (Hercules Hernandez and Scott Norton),1,,,RESEARCH
The Kalmikoffs (Ivan and Karol),1,,,RESEARCH
The Kat,1,,,RESEARCH
The King Bees (Charity King and Danni Bee),1,,,RESEARCH
The Kingdom (Matt Taven and Michael Bennett),1,,,RESEARCH
The Kingdom (Matt Taven and Mike Bennett),1,,,RESEARCH
The Kingdom (Mike Bennett and Matt Taven),1,,,RESEARCH
The Kingz of the Underground (Ryan Genesis and Scot Summers),1,,,RESEARCH
The Legacy of Brutality (Big Zo and Hy-Zaya),1,,,RESEARCH
"The Legacy of Brutality (Big Zo, Ca$h Flo, Hy-Zaya and Jay Bradley)",1,,,RESEARCH
"The Legacy of Brutality (Big Zo, Ca$h Flo, Hy-Zaya, Jay Bradley, and Steve Michaels)",1,,,RESEARCH
The Legacy of Brutality (Ca$h Flo and Dapper Dan),1,,,RESEARCH
"The Lethal Twist (Jay Lethal, Blake Christian, and Lee Johnson)",1,,,RESEARCH
The MFTs (Tama Tonga and Talla Tonga),1,,,RESEARCH
The MOD Squad (Spike and Basher),1,,,RESEARCH
The Mad Dogs (Michiyoshi Ohara and Tatsutoshi Goto),1,,,RESEARCH
The Major Brothers (Brett Major and Brian Major),1,,,RESEARCH
The Malisha[b] (Alisha Edwards and Masha Slamovich),1,,,RESEARCH
The Mascagni Family (Jessie Godderz and Marcus Anthony),1,,,RESEARCH
The Medics/The Super Médicos (Medic I and Medic II),1,,,RESEARCH
The Men of Iron (Pat Buck and Rob Conway),1,,,RESEARCH
The Mercenaries,1,,,RESEARCH
The Metal Master,1,,,RESEARCH
The Mexican Angel and The Jet Set (George Gulas (9) and Bobby Eaton (3)),1,,,RESEARCH
The Midnight Express (Bobby Eaton (2) and Stan Lane),1,,,RESEARCH
The Midnight Express (Bodacious Bart and Bombastic Bob),1,,,RESEARCH
The Midnight Express (Dennis Condrey and Bobby Eaton),1,,,RESEARCH
The Midnight Express (Dennis Condrey and Randy Rose),1,,,RESEARCH
"The Midnight Express (Norvell Austin (4), Dennis Condrey (12) and Randy Rose)",1,,,RESEARCH
"The Midnight Express (Norvell Austin (5), Dennis Condrey (13) and Randy Rose)",1,,,RESEARCH
The Mighty Yankees (Frank Morrell (3) and Eddie Sullivan (2)),1,,,RESEARCH
The Mighty Yankees (Frank Morrell (4) and Eddie Sullivan (3)),1,,,RESEARCH
The Mighty Yankees (Frank Morrell (5) and Eddie Sullivan (4)),1,,,RESEARCH
The Mighty Yankees (Frank Morrell (6) and Eddie Sullivan (5)),1,,,RESEARCH
The Mighty Yankees (Frank Morrell and Eddie Sullivan),1,,,RESEARCH
The Mighty Yankees (Mighty Yankee 1 and Mighty Yankee 2),1,,,RESEARCH
The Miller Brothers (Bill Miller and Dan Miller (wrestler)),1,,,RESEARCH
The Million Dollar Man,1,,,RESEARCH
"The Misfits (Harley Lewis, Derek Domino and Lupus)",1,,,RESEARCH
The Misfits in Action (Lieutenant Loco and Corporal Cajun),1,,,RESEARCH
The Mobile Homers (Adam Revolver and Ted McNaler),1,,,RESEARCH
The Mongols (Bepo and Geeto),1,,,RESEARCH
The Mongols (Bepo and Geto),1,,,RESEARCH
The Moondogs (Moondog Rex and Moondog Spot),1,,,RESEARCH
The Moondogs (Rex and Spot),1,,,RESEARCH
The Most Violent Players (Togi Makabe and Toru Yano),1,,,RESEARCH
The Mountie,1,,,RESEARCH
The Mysterious Medics,1,,,RESEARCH
The Máximos Bros. (Joel Máximo and Wil Máximo),1,,,RESEARCH
The Neilsons (Art Neilson and Stan Neilson),1,,,RESEARCH
The New Bounty Hunters (Tom Andrews and Jim Starr (10)),1,,,RESEARCH
The New Eras (Ami Sourei and Mirai),1,,,RESEARCH
"The New Starr Corporation (Huracán Castillo, Jr. (11) and Chris Joel (5))",1,,,RESEARCH
"The New Starr Corporation (Huracán Castillo, Jr. (12) and Chris Joel (6))",1,,,RESEARCH
The New Texas Outlaws (Bad Boy Bradley and Todd Dean (3)),1,,,RESEARCH
The New Texas Outlaws (Bad Boy Bradley and Todd Dean (4)),1,,,RESEARCH
The New York Rockers (Al Perez and Joe Savoldi),1,,,RESEARCH
The OGK (Matt Taven and Mike Bennett),1,,,RESEARCH
The Oates Brothers (Jerry Oates and Ted Oates),1,,,RESEARCH
The Olympians (Ken Patera (2) and Brad Rheingans),1,,,RESEARCH
The Outlaws (Bart Batten and Brad Batten),1,,,RESEARCH
The Overmen (Adam Revolver and Beau Amir),1,,,RESEARCH
The Overmen (Adam Revolver and Joe Mack),1,,,RESEARCH
The Overmen (Joe Mack and Luke Kurtis),1,,,RESEARCH
The Patriots (Firebreaker Chip and Todd Champion),1,,,RESEARCH
The Pitbull,1,,,RESEARCH
The Pitbulls (Pitbull #1 and Pitbull #2),1,,,RESEARCH
The Pretty Young Things (Norvell Austin (7) and Sweet Brown Sugar (7)),1,,,RESEARCH
The Prophecy (B. J. Whitmer and Dan Maff),1,,,RESEARCH
The Prophecy (Christopher Daniels and Donovan Morgan),1,,,RESEARCH
The Prototype,1,,,RESEARCH
The Rascalz (Trey Miguel and Zachary Wentz),1,,,RESEARCH
The Rastamen (Rastaman and Mustapha Saed),1,,,RESEARCH
The Red Shirt Security (Joe Legend and Kevin Northcutt),1,,,RESEARCH
The Renegade,1,,,RESEARCH
"The Reptile Tribe (Kobra Moon, Daga and Jeremiah Snake)",1,,,RESEARCH
The Revival (Scott Dawson and Dash Wilder),1,,,RESEARCH
The Revolution (AJZ and Dalton McKenzie),1,,,RESEARCH
The Revolution (Abyss and James Storm),1,,,RESEARCH
The Rising Suns (Mitsu Arakawa and Toru Tanaka),1,,,RESEARCH
The Rock 'n' Roll Express (Robert Gibson (5) and Ricky Morton (6)),1,,,RESEARCH
The Rock 'n' Roll Express (Robert Gibson (6) and Ricky Morton (7)),1,,,RESEARCH
The Rottweilers (Ricky Reyes and Rocky Romero),1,,,RESEARCH
The Rotundos (Bo Rotundo and Duke Rotundo),1,,,RESEARCH
"The Russians (Ivan Koloff (2), Nikita Koloff (2) and Krusher Khruschev)",1,,,RESEARCH
"The Russians (Ivan Koloff (4), Nikita Koloff (4) and Baron von Raschke)",1,,,RESEARCH
The Russians (Ivan Koloff and Krusher Khruschev),1,,,RESEARCH
The Sheepherders (Jonathan Boyd (3) and Rip Morgan),1,,,RESEARCH
The Sheepherders (Jonathan Boyd (4) and Rip Morgan),1,,,RESEARCH
The Sheepherders (Jonathan Boyd (5) and Rip Morgan),1,,,RESEARCH
The Sheepherders (Jonathan Boyd (6) and Rip Morgan),1,,,RESEARCH
The Sheepherders (Jonathan Boyd (7) and Bigfoot),1,,,RESEARCH
The Sheiks (Jerry Blackwell and Ken Patera),1,,,RESEARCH
The Sicilians (Lou Albano and Tony Altimore),1,,,RESEARCH
The Skullkrushers (Keith Walker and Rasche Brown),1,,,RESEARCH
The Skywalkers (Aaron Sky and Robbie Walker),1,,,RESEARCH
The Slimeballz (Sage Chantz and Tommy Rant),1,,,RESEARCH
The Sons of Samoa (Afa Jr. (2) and L.A. Smooth (8)),1,,,RESEARCH
The Sons of Samoa (Afa Jr. (3) and L.A. Smooth (9)),1,,,RESEARCH
The Sons of Samoa (Afa Jr. and L.A. Smooth (7)),1,,,RESEARCH
The Southern Rockers (Steve Doll and Rex King (3)),1,,,RESEARCH
The Southern Six (Alex Taylor and Kerry Morton),1,,,RESEARCH
"The Starr Corporation (Huracán Castillo, Jr. (10) and Chicky Starr (6))",1,,,RESEARCH
"The Starr Corporation (Huracán Castillo, Jr. (8) and Chicky Starr (4))",1,,,RESEARCH
"The Starr Corporation (Huracán Castillo, Jr. (9) and Chicky Starr (5))",1,,,RESEARCH
The Suicide Blondes (Jason Lee and Rip Rogers),1,,,RESEARCH
The Sundown Kid and Johnny Walker (5),1,,,RESEARCH
The Super Destroyer,1,,,RESEARCH
The Super Médicos (Medic I (2) and Medic II (2)),1,,,RESEARCH
The Super Médicos (Medic I (3) and Medic III),1,,,RESEARCH
The Super Médicos (Super Medic I (5) and Super Medic III (2)),1,,,RESEARCH
The Super Médicos (Super Medic I (6) and Super Medic III (3)),1,,,RESEARCH
The Super Médicos (Super Medic I (7) and Super Medic III (4)),1,,,RESEARCH
The Tahitians (The Tahitian Prince and The Tahitian Warrior (5)),1,,,RESEARCH
The Tazmaniac,1,,,RESEARCH
The Texas Hangmen (Killer (3) and Strangler),1,,,RESEARCH
The Thrillseekers (Johnny Jeter and Matt Cappotelli),1,,,RESEARCH
The Tolos Brothers (John Tolos and Chris Tolos),1,,,RESEARCH
The Troublemakers (Canaan Kristopher and Glenn Spectre),1,,,RESEARCH
The Undisputed Era (Bobby Fish and Kyle O'Reilly),1,,,RESEARCH
The Undisputed Era (Kyle O'Reilly and Roderick Strong),1,,,RESEARCH
The Undisputed Kingdom (Matt Taven and Mike Bennett),1,,,RESEARCH
The Usual Suspects (A.J. Steele and Murder One),1,,,RESEARCH
The Vachons (Butcher and Mad Dog),1,,,RESEARCH
The Van Zandt Family Circus (Dapper Dan Van Zandt and Mad Man Pondo),1,,,RESEARCH
The Varsity Club (Kevin Sullivan and Steve Williams),1,,,RESEARCH
The Von Brauners (Kurt Von Brauner and Karl Von Brauner),1,,,RESEARCH
The Von Erichs (David and Kevin Von Erich),1,,,RESEARCH
The Wagner Brothers (El Hijo de Dr. Wagner Jr. and Galeno),1,,,RESEARCH
The West Texas Rednecks (Barry Windham (4) and Kendall Windham),1,,,RESEARCH
The Wild Cards (Royce Isaacs and Thomas Latimer),1,,,RESEARCH
The Windham Brothers (Barry Windham and Kendall Windham),1,,,RESEARCH
The Wyatt Sicks (Dexter Lumis and Joe Gacy),1,,,RESEARCH
"The York Foundation (Richard Morton (2), Thomas Rich (2) and Terrance Taylor)",1,,,RESEARCH
The Young Pistols (Steve Armstrong and Tracy Smothers),1,,,RESEARCH
The Yukon Lumberjacks (Yukon Eric and Yukon Pierre),1,,,RESEARCH
Thea Hail,1,,,RESEARCH
Thunder,1,,,RESEARCH
Tiffany Roxx,1,,,RESEARCH
Tiffany and Chessman,1,,,RESEARCH
Tiger Jeet Singh and Umanosuke Ueda (2),1,,,RESEARCH
Tiger Mask (II),1,,,RESEARCH
Tigre Blanco,1,,,RESEARCH
Tigre Uno,1,,,RESEARCH
Tim Storm,1,,toni-storm|toni storm|0.842,RESEARCH
Titans Of Calamity (Ren Ayabe and Talos),1,,,RESEARCH
Titán and Volador Jr. (3),1,,,RESEARCH
Tojo Yamamoto,1,,,RESEARCH
Tojo Yamamoto (12) and Johnny Long,1,,,RESEARCH
Tojo Yamamoto (13) and Johnny Long (2),1,,,RESEARCH
Tojo Yamamoto (16) and Johnny Long (5),1,,,RESEARCH
"Tojo Yamamoto (2), George Gulas (4) and Tommy Rich",1,,,RESEARCH
Tojo Yamamoto (21) and Jerry Jarrett,1,,,RESEARCH
Tojo Yamamoto (22) and Robert Fuller,1,,,RESEARCH
Tojo Yamamoto (23) and Robert Fuller,1,,,RESEARCH
Tojo Yamamoto (25) and Jerry Jarrett (9),1,,,RESEARCH
Tojo Yamamoto (26) and Roughhouse Fargo (3),1,,,RESEARCH
Tojo Yamamoto (27) and Jerry Jarrett (14),1,,,RESEARCH
Tojo Yamamoto (3) and Alex Perez,1,,,RESEARCH
"Tojo Yamamoto (3), George Gulas (5) and Tommy Rich (2)",1,,,RESEARCH
Tojo Yamamoto (32) and Jimmy Golden,1,,,RESEARCH
Tojo Yamamoto (34) and Bill Dundee (6),1,,,RESEARCH
"Tojo Yamamoto (4), Gypsy Joe and The Beast",1,,,RESEARCH
"Tojo Yamamoto (5), Dennis Condrey (2) and Chris Colt",1,,,RESEARCH
"Tojo Yamamoto (6), The Great Togo and David Schultz",1,,,RESEARCH
"Tojo Yamamoto (7), Bobby Eaton (4) and The Secret Weapon",1,,,RESEARCH
"Tojo Yamamoto, George Gulas (2) and Dennis Hall (2)",1,,,RESEARCH
Tokimitsu Ishizawa/Kendo Kashin,1,,,RESEARCH
"Tokyo Cyber Squad (Hana Kimura, Jungle Kyona and Konami)",1,,,RESEARCH
Tokyo Cyber Squad (Jungle Kyona and Konami),1,,,RESEARCH
Tom Branch,1,,,RESEARCH
Tom Lawlor,1,,,RESEARCH
Tom Zenk,1,,,RESEARCH
Tomayo Soto and The Great Yamaha,1,,,RESEARCH
Tommy Cairo,1,,,RESEARCH
Tommy Diablo,1,,,RESEARCH
Tommy Diablo and Johnny Ringo,1,,,RESEARCH
Tommy Gilbert,1,,,RESEARCH
Tommy Gilbert (2) and Bearcat Brown (13),1,,,RESEARCH
Tommy Gilbert and Tommy Rich,1,,,RESEARCH
Tommy McNaler,1,,,RESEARCH
Tommy Williams,1,,,RESEARCH
"Tomodachi Mania (Hatsuhinode Kamen, Kaori Yoneyama and Tsubasa Kuragaki)",1,,,RESEARCH
Tony Benetto,1,,,RESEARCH
Tony Benetto and Rayo de Jalisco Jr.,1,,,RESEARCH
Tony Deppen,1,,,RESEARCH
Tony Evans,1,,,RESEARCH
Tony Marino and Víctor Rivera,1,,,RESEARCH
Tony Nese,1,,,RESEARCH
Tony Parisi,1,,,RESEARCH
Tony Stetson,1,,,RESEARCH
Tony Stetson and Larry Winters,1,,,RESEARCH
Top Shelf Talent (JD Maverick and Pat Buck),1,,,RESEARCH
Tor Kamata (2) and Tojo Yamamoto (9),1,,,RESEARCH
Tor Yamata,1,,,RESEARCH
Toru Tanaka,1,,,RESEARCH
Toru Yano and Master Wato and Yoh,1,,,RESEARCH
Tosh Togo,1,,,RESEARCH
Toshiaki Kawada and Taiyō Kea,1,,,RESEARCH
Toshie Uematsu,1,,,RESEARCH
Toshizo,1,,,RESEARCH
Total Eclipse (Yusuke Kodama and Hokuto Omori),1,,,RESEARCH
Toyonobori and Michiaki Yoshimura,1,,,RESEARCH
Trailer Park Trash,1,,,RESEARCH
Trevor Steele,1,,,RESEARCH
"Triangle of Madness (Thekla, Julia Hart and Skye Blue)",1,,,RESEARCH
Trina Thompson,1,,,RESEARCH
Trinity,1,,,RESEARCH
Tsuyoshi Kikuchi,1,,,RESEARCH
Tsuyoshi Kikuchi and Yoshinobu Kanemaru,1,,,RESEARCH
Tusk and Chains (Donovan Cecil and TW3),1,,,RESEARCH
Twin Towers (Shuji Ishikawa and Kohei Sato),1,,,RESEARCH
Tyler Black,1,,,RESEARCH
Ulises,1,,,RESEARCH
Ulka Sasaki,1,,,RESEARCH
Ultimo Samuray,1,,,RESEARCH
Ultraman,1,,,RESEARCH
Ultraman 2000,1,,,RESEARCH
Ultratumbita,1,,,RESEARCH
Unbound Co. (Taiji Ishimori and Robbie X),1,,,RESEARCH
Uncle Elmer and Dennis Hall (9),1,,,RESEARCH
Unholy Alliance Yoshihiro Tajiri and Mikey Whipwreck (3),1,,,RESEARCH
United Empire (Callum Newman and Great-O-Khan),1,,,RESEARCH
United Empire (Jeff Cobb and Callum Newman),1,,,RESEARCH
United Empire (TJP and Templario),1,,,RESEARCH
"United Empire (Will Ospreay, Henare, and Great-O-Khan)",1,,,RESEARCH
Untouchables (Mitsuharu Misawa and Yoshinari Ogawa),1,,,RESEARCH
Valiant Brothers (Jerry Valiant and Johnny Valiant),1,,,RESEARCH
Valiant Brothers (Jimmy Valiant and Johnny Valiant),1,,,RESEARCH
Valiente,1,,emma|valentine|0.824,RESEARCH
Valiente and Volador Jr. (2),1,,,RESEARCH
Vampiro,1,,,RESEARCH
Vampiro Canadiense,1,,,RESEARCH
Velvet McIntyre,1,,,RESEARCH
Velveteen Dream,1,,,RESEARCH
Vento Castella,1,,,RESEARCH
Verne Gagne (3) and Billy Robinson,1,,,RESEARCH
Verne Gagne (4) and Mad Dog Vachon (3),1,,,RESEARCH
Vicky Carranza,1,,,RESEARCH
Victor The Bodyguard,1,,,RESEARCH
"Villain Enterprises (Brody King, Marty Scurll, and PCO)",1,,,RESEARCH
Villano I,1,,,RESEARCH
Vince Russo,1,,,RESEARCH
Violence Unlimited (Chris Dickinson and Homicide),1,,,RESEARCH
"Violent By Design (Eric Young, Joe Doering, and Deaner)",1,,,RESEARCH
"Violent By Design (Eric Young, Rhino, Joe Doering, and Deaner)",1,,,RESEARCH
Violent Giants (Suwama and Shuji Ishikawa),1,,,RESEARCH
Vivian Vachon,1,,,RESEARCH
Voodoo Murders (Joe Doering and Kono),1,,,RESEARCH
Voodoo Murders (Kono and Suwama),1,,,RESEARCH
Voodoo Murders (Minoru and Toshizo),1,,,RESEARCH
Voodoo Murders (Satoshi Kojima and Taru),1,,,RESEARCH
Voodoo Murders (Taru and Big Daddy Voodoo),1,,,RESEARCH
Vordell Walker,1,,,RESEARCH
Wahoo McDaniel (3) and Mark Youngblood,1,,,RESEARCH
Wahoo McDaniel (4) and Mark Youngblood,1,,,RESEARCH
Walk on the Wylde side (Adam Wylde and Robbie Walker),1,,,RESEARCH
War Machine (Eric Locker and Big Jon),1,,,RESEARCH
War Machine (Eric Locker and Shiloh Jonze),1,,,RESEARCH
Wataru Inoue,1,,,RESEARCH
Wayne Farris(3) and Tojo Yamamoto (35),1,,,RESEARCH
Wayne Farris(5) and Kevin Sullivan (2),1,,,RESEARCH
Wendy Choo,1,,,RESEARCH
Wes Lee,1,,,RESEARCH
Whipper Billy Watson,1,,,RESEARCH
Whipper Watson Jr.,1,,,RESEARCH
Wild Bill Canny and Carlos Rodriguez Cortez,1,,,RESEARCH
Wild Bill Canny(2) and Buddy Knox,1,,,RESEARCH
Wild II (Takeshi Morishima and Takeshi Rikio),1,,,RESEARCH
William Lutz,1,,,RESEARCH
Willie Mack,1,,,RESEARCH
"Willie Mack, Killshot and Dante Fox",1,,,RESEARCH
"Willie Mack, Killshot and Son of Havoc",1,,,RESEARCH
Wolf Hawkfield and Johnny Smith,1,,,RESEARCH
Woody Farmer and Reggie Parks (4),1,,,RESEARCH
World Class Tag Team (Jado and Gedo),1,,,RESEARCH
World Class Wrecking Crew (Royce Isaacs and Jorel Nelson),1,,,RESEARCH
"Worldwide Underground (Johnny Mundo, Jack Evans and P. J. Black)",1,,,RESEARCH
Wren Sinclair,1,,,RESEARCH
Wylde and Reckless (Adam Wylde and Robbie Walker),1,,,RESEARCH
X-Fly,1,,,RESEARCH
Xavier,1,,,RESEARCH
Xceed (Go Shiozaki and Kento Miyahara),1,,,RESEARCH
Xceed (Kotaro Suzuki and Kento Miyahara),1,,,RESEARCH
Xia Brookside,1,,,RESEARCH
Xix Xavant,1,,,RESEARCH
Yankee Two Kenju (Isami Kodaka and Yuko Miyamoto),1,,,RESEARCH
Yankii Nichokenju (Isami Kodaka and Yuko Miyamoto),1,,,RESEARCH
Yo-Hey,1,,,RESEARCH
Yoh,1,,,RESEARCH
Yoko Bito,1,,,RESEARCH
Yoshiki Inamura,1,,,RESEARCH
Yoshiko,1,,,RESEARCH
Yoshiko Tamura,1,,,RESEARCH
Yoshinari Ogawa and Eita,1,,,RESEARCH
Yoshinari Ogawa and Minoru Tanaka,1,,,RESEARCH
Yoshinobu Kanemaru and Kotaro Suzuki,1,,,RESEARCH
Yossino,1,,,RESEARCH
Yuji Nagata and Hiroshi Tanahashi,1,,,RESEARCH
Yujiro Takahashi,1,,,RESEARCH
Yukiko Tomoe,1,,,RESEARCH
Yuko Miyamoto,1,,,RESEARCH
Yuma Anzai,1,,,RESEARCH
Yuma Aoyagi and Naoya Nomura,1,,,RESEARCH
Yuna Mizumori,1,,,RESEARCH
Yuzuki Aikawa,1,,,RESEARCH
Z Force (Kid Colossus and Super Z),1,,,RESEARCH
Z&E (Andrew Everett and DJZ),1,,,RESEARCH
Zachary Wentz,1,,,RESEARCH
Zandokan,1,,,RESEARCH
Zaria,1,,,RESEARCH
Zcion RT1,1,,,RESEARCH
Zema Ion,1,,,RESEARCH
Zen Nisshin Jidai (Kento Miyahara and Yuma Aoyagi),1,,,RESEARCH
Zeus,1,,,RESEARCH
Zeus and Ryoji Sai,1,,,RESEARCH
Zicky Dice,1,,,RESEARCH
Zona 101 (Chicano (5) and Abbad (2)),1,,,RESEARCH
Zona Urbana (BJ (2) and Chicano (4)),1,,,RESEARCH
Zona Urbana (BJ and Chicano (3)),1,,,RESEARCH
Zumbido,1,,,RESEARCH
es (Manabu Soya and Seiya Sanada),1,,,RESEARCH
meltear (Natsupoi and Tam Nakano),1,,,RESEARCH
Ángel Azteca and Atlantis,1,,,RESEARCH
Ángel Azteca and Volador,1,,,RESEARCH
Ángel Mexicano and Fidel Sierra,1,,,RESEARCH
Ángel de Oro,1,,,RESEARCH
Édouard Carpentier,1,,,RESEARCH
Último Dragón and Yoshinobu Kanemaru,1,,,RESEARCH
Último Guerrero (4) and Dr. Wagner Jr. (4),1,,,RESEARCH
“Cowboy” Bob Ellis and Johnny Valentine (3),1,,,RESEARCH
