event_id,wrestler_id,changed_fields,current_champion_title,championship_level,championship_partner,reign_number,title_won_date,days_into_reign_at_event,title_defended_same_card,title_lost_same_card,source_ids
RR1988M,bret-hart,current_champion_title;championship_level;championship_partner;reign_number;title_won_date;days_into_reign_at_event;source_ids,N/A,N/A,N/A,N/A,N/A,N/A,FALSE,FALSE,S001;S004;S008;S448;S1700
RR1988M,tito-santana,source_ids,WWF Tag Team Champion (Strike Force),Tag Team,Rick Martel,1,1987-10-27,89,FALSE,FALSE,S001;S004;S008;S446;S455;S1700
RR1988M,butch-reed,current_champion_title;championship_level;championship_partner;reign_number;title_won_date;days_into_reign_at_event;source_ids,N/A,N/A,N/A,N/A,N/A,N/A,FALSE,FALSE,S001;S004;S008;S449;S1700
RR1988M,jim-neidhart,current_champion_title;championship_level;championship_partner;reign_number;title_won_date;days_into_reign_at_event;source_ids,N/A,N/A,N/A,N/A,N/A,N/A,FALSE,FALSE,S001;S004;S008;S448;S1700
RR1988M,jake-roberts,current_champion_title;championship_level;championship_partner;reign_number;title_won_date;days_into_reign_at_event;source_ids,N/A,N/A,N/A,N/A,N/A,N/A,FALSE,FALSE,S001;S004;S008;S447;S1700
RR1988M,harley-race,current_champion_title;championship_level;championship_partner;reign_number;title_won_date;days_into_reign_at_event;source_ids,N/A,N/A,N/A,N/A,N/A,N/A,FALSE,FALSE,S001;S004;S008;S451;S1700
RR1988M,jim-brunzell,current_champion_title;championship_level;championship_partner;reign_number;title_won_date;days_into_reign_at_event;source_ids,N/A,N/A,N/A,N/A,N/A,N/A,FALSE,FALSE,S001;S004;S008;S456;S1700
RR1988M,sam-houston,current_champion_title;championship_level;championship_partner;reign_number;title_won_date;days_into_reign_at_event;source_ids,N/A,N/A,N/A,N/A,N/A,N/A,FALSE,FALSE,S001;S004;S008;S1700
RR1988M,danny-davis,current_champion_title;championship_level;championship_partner;reign_number;title_won_date;days_into_reign_at_event;source_ids,N/A,N/A,N/A,N/A,N/A,N/A,FALSE,FALSE,S001;S004;S008;S450;S1700
RR1988M,boris-zhukov,current_champion_title;championship_level;championship_partner;reign_number;title_won_date;days_into_reign_at_event;source_ids,N/A,N/A,N/A,N/A,N/A,N/A,FALSE,FALSE,S001;S004;S008;S454;S1700
RR1988M,don-muraco,current_champion_title;championship_level;championship_partner;reign_number;title_won_date;days_into_reign_at_event;source_ids,N/A,N/A,N/A,N/A,N/A,N/A,FALSE,FALSE,S001;S004;S008;S447;S1700
RR1988M,nikolai-volkoff,current_champion_title;championship_level;championship_partner;reign_number;title_won_date;days_into_reign_at_event;source_ids,N/A,N/A,N/A,N/A,N/A,N/A,FALSE,FALSE,S001;S004;S008;S454;S1700
RR1988M,jim-duggan,current_champion_title;championship_level;championship_partner;reign_number;title_won_date;days_into_reign_at_event;source_ids,N/A,N/A,N/A,N/A,N/A,N/A,FALSE,FALSE,S001;S004;S008;S447;S1700
RR1988M,ron-bass,current_champion_title;championship_level;championship_partner;reign_number;title_won_date;days_into_reign_at_event;source_ids,N/A,N/A,N/A,N/A,N/A,N/A,FALSE,FALSE,S001;S004;S008;S1700
RR1988M,b-brian-blair,current_champion_title;championship_level;championship_partner;reign_number;title_won_date;days_into_reign_at_event;source_ids,N/A,N/A,N/A,N/A,N/A,N/A,FALSE,FALSE,S001;S004;S008;S456;S1700
RR1988M,hillbilly-jim,current_champion_title;championship_level;championship_partner;reign_number;title_won_date;days_into_reign_at_event;source_ids,N/A,N/A,N/A,N/A,N/A,N/A,FALSE,FALSE,S001;S004;S008;S1700
RR1988M,dino-bravo,current_champion_title;championship_level;championship_partner;reign_number;title_won_date;days_into_reign_at_event;source_ids,N/A,N/A,N/A,N/A,N/A,N/A,FALSE,FALSE,S001;S004;S008;S446;S452;S1700
RR1988M,the-ultimate-warrior,current_champion_title;championship_level;championship_partner;reign_number;title_won_date;days_into_reign_at_event;source_ids,N/A,N/A,N/A,N/A,N/A,N/A,FALSE,FALSE,S001;S004;S008;S129;S1700
RR1988M,one-man-gang,current_champion_title;championship_level;championship_partner;reign_number;title_won_date;days_into_reign_at_event;source_ids,N/A,N/A,N/A,N/A,N/A,N/A,FALSE,FALSE,S001;S004;S008;S453;S1700
RR1988M,junkyard-dog,current_champion_title;championship_level;championship_partner;reign_number;title_won_date;days_into_reign_at_event;source_ids,N/A,N/A,N/A,N/A,N/A,N/A,FALSE,FALSE,S001;S004;S008;S1700
RR1989M,ax,reign_number;title_won_date;days_into_reign_at_event;source_ids,WWF World Tag Team Champion (Demolition),Tag Team,Smash,1,1988-03-27,294,FALSE,FALSE,S014;S015;S1700;S1701;S1702
RR1989M,smash,reign_number;title_won_date;days_into_reign_at_event;source_ids,WWF World Tag Team Champion (Demolition),Tag Team,Ax,1,1988-03-27,294,FALSE,FALSE,S014;S015;S1700;S1701;S1702
RR1989M,andre-the-giant,current_champion_title;championship_level;championship_partner;reign_number;title_won_date;days_into_reign_at_event;source_ids,N/A,N/A,N/A,N/A,N/A,N/A,FALSE,FALSE,S014;S015;S457;S461;S1700
RR1989M,mr-perfect,current_champion_title;championship_level;championship_partner;reign_number;title_won_date;days_into_reign_at_event;source_ids,N/A,N/A,N/A,N/A,N/A,N/A,FALSE,FALSE,S014;S015;S461;S1700
RR1989M,ronnie-garvin,current_champion_title;championship_level;championship_partner;reign_number;title_won_date;days_into_reign_at_event;source_ids,N/A,N/A,N/A,N/A,N/A,N/A,FALSE,FALSE,S014;S015;S1700
RR1989M,greg-valentine,current_champion_title;championship_level;championship_partner;reign_number;title_won_date;days_into_reign_at_event;source_ids,N/A,N/A,N/A,N/A,N/A,N/A,FALSE,FALSE,S014;S015;S461;S1700
RR1989M,jake-roberts,current_champion_title;championship_level;championship_partner;reign_number;title_won_date;days_into_reign_at_event;source_ids,N/A,N/A,N/A,N/A,N/A,N/A,FALSE,FALSE,S014;S015;S461;S1700
RR1989M,ron-bass,current_champion_title;championship_level;championship_partner;reign_number;title_won_date;days_into_reign_at_event;source_ids,N/A,N/A,N/A,N/A,N/A,N/A,FALSE,FALSE,S014;S015;S1700
RR1989M,shawn-michaels,current_champion_title;championship_level;championship_partner;reign_number;title_won_date;days_into_reign_at_event;source_ids,N/A,N/A,N/A,N/A,N/A,N/A,FALSE,FALSE,S014;S015;S1098;S1700
RR1989M,butch-miller,current_champion_title;championship_level;championship_partner;reign_number;title_won_date;days_into_reign_at_event;source_ids,N/A,N/A,N/A,N/A,N/A,N/A,FALSE,FALSE,S014;S015;S1700
RR1989M,the-honky-tonk-man,current_champion_title;championship_level;championship_partner;reign_number;title_won_date;days_into_reign_at_event;source_ids,N/A,N/A,N/A,N/A,N/A,N/A,FALSE,FALSE,S014;S015;S461;S1700
RR1989M,tito-santana,current_champion_title;championship_level;championship_partner;reign_number;title_won_date;days_into_reign_at_event;source_ids,N/A,N/A,N/A,N/A,N/A,N/A,FALSE,FALSE,S014;S015;S1700
RR1989M,bad-news-brown,current_champion_title;championship_level;championship_partner;reign_number;title_won_date;days_into_reign_at_event;source_ids,N/A,N/A,N/A,N/A,N/A,N/A,FALSE,FALSE,S014;S015;S1700
RR1989M,marty-jannetty,current_champion_title;championship_level;championship_partner;reign_number;title_won_date;days_into_reign_at_event;source_ids,N/A,N/A,N/A,N/A,N/A,N/A,FALSE,FALSE,S014;S015;S1700
RR1989M,randy-savage,championship_partner;reign_number;title_won_date;days_into_reign_at_event;source_ids,WWF World Heavyweight Championship,World,N/A,1,1988-03-27,294,FALSE,FALSE,S014;S015;S461;S1700;S1703
RR1989M,arn-anderson,current_champion_title;championship_level;championship_partner;reign_number;title_won_date;days_into_reign_at_event;source_ids,N/A,N/A,N/A,N/A,N/A,N/A,FALSE,FALSE,S014;S015;S1700
RR1989M,tully-blanchard,current_champion_title;championship_level;championship_partner;reign_number;title_won_date;days_into_reign_at_event;source_ids,N/A,N/A,N/A,N/A,N/A,N/A,FALSE,FALSE,S014;S015;S1700
RR1989M,hulk-hogan,current_champion_title;championship_level;championship_partner;reign_number;title_won_date;days_into_reign_at_event;source_ids,N/A,N/A,N/A,N/A,N/A,N/A,FALSE,FALSE,S014;S015;S1700
RR1989M,luke-williams,current_champion_title;championship_level;championship_partner;reign_number;title_won_date;days_into_reign_at_event;source_ids,N/A,N/A,N/A,N/A,N/A,N/A,FALSE,FALSE,S014;S015;S1700
RR1989M,koko-b-ware,current_champion_title;championship_level;championship_partner;reign_number;title_won_date;days_into_reign_at_event;source_ids,N/A,N/A,N/A,N/A,N/A,N/A,FALSE,FALSE,S014;S015;S1700
RR1989M,the-warlord,current_champion_title;championship_level;championship_partner;reign_number;title_won_date;days_into_reign_at_event;source_ids,N/A,N/A,N/A,N/A,N/A,N/A,FALSE,FALSE,S014;S015;S1700
RR1989M,big-bossman,current_champion_title;championship_level;championship_partner;reign_number;title_won_date;days_into_reign_at_event;source_ids,N/A,N/A,N/A,N/A,N/A,N/A,FALSE,FALSE,S014;S015;S461;S1700
RR1989M,one-man-gang,current_champion_title;championship_level;championship_partner;reign_number;title_won_date;days_into_reign_at_event;source_ids,N/A,N/A,N/A,N/A,N/A,N/A,FALSE,FALSE,S014;S015;S1700
RR1989M,brutus-beefcake,current_champion_title;championship_level;championship_partner;reign_number;title_won_date;days_into_reign_at_event;source_ids,N/A,N/A,N/A,N/A,N/A,N/A,FALSE,FALSE,S014;S015;S461;S1700
RR1989M,red-rooster,current_champion_title;championship_level;championship_partner;reign_number;title_won_date;days_into_reign_at_event;source_ids,N/A,N/A,N/A,N/A,N/A,N/A,FALSE,FALSE,S014;S015;S461;S1700
RR1989M,the-barbarian,current_champion_title;championship_level;championship_partner;reign_number;title_won_date;days_into_reign_at_event;source_ids,N/A,N/A,N/A,N/A,N/A,N/A,FALSE,FALSE,S014;S015;S1700
RR1989M,big-john-studd,current_champion_title;championship_level;championship_partner;reign_number;title_won_date;days_into_reign_at_event;source_ids,N/A,N/A,N/A,N/A,N/A,N/A,FALSE,FALSE,S014;S015;S1700
RR1989M,hercules,current_champion_title;championship_level;championship_partner;reign_number;title_won_date;days_into_reign_at_event;source_ids,N/A,N/A,N/A,N/A,N/A,N/A,FALSE,FALSE,S014;S015;S1700
RR1989M,rick-martel,current_champion_title;championship_level;championship_partner;reign_number;title_won_date;days_into_reign_at_event;source_ids,N/A,N/A,N/A,N/A,N/A,N/A,FALSE,FALSE,S014;S015;S1700
RR1989M,ted-dibiase,current_champion_title;championship_level;championship_partner;reign_number;title_won_date;days_into_reign_at_event;source_ids,N/A,N/A,N/A,N/A,N/A,N/A,FALSE,FALSE,S014;S015;S461;S1700
RR1990M,ted-dibiase,current_champion_title;championship_level;championship_partner;reign_number;title_won_date;days_into_reign_at_event;source_ids,N/A,N/A,N/A,N/A,N/A,N/A,FALSE,FALSE,S016;S017;S462;S458;S1131;S1700
RR1990M,koko-b-ware,current_champion_title;championship_level;championship_partner;reign_number;title_won_date;days_into_reign_at_event;source_ids,N/A,N/A,N/A,N/A,N/A,N/A,FALSE,FALSE,S016;S017;S462;S1108;S1700
RR1990M,marty-jannetty,current_champion_title;championship_level;championship_partner;reign_number;title_won_date;days_into_reign_at_event;source_ids,N/A,N/A,N/A,N/A,N/A,N/A,FALSE,FALSE,S016;S017;S462;S1102;S1700
RR1990M,jake-roberts,current_champion_title;championship_level;championship_partner;reign_number;title_won_date;days_into_reign_at_event;source_ids,N/A,N/A,N/A,N/A,N/A,N/A,FALSE,FALSE,S016;S017;S462;S1080;S1700
RR1990M,randy-savage,current_champion_title;championship_level;championship_partner;reign_number;title_won_date;days_into_reign_at_event;source_ids,N/A,N/A,N/A,N/A,N/A,N/A,FALSE,FALSE,S016;S017;S462;S1103;S1700
RR1990M,roddy-piper,current_champion_title;championship_level;championship_partner;reign_number;title_won_date;days_into_reign_at_event;source_ids,N/A,N/A,N/A,N/A,N/A,N/A,FALSE,FALSE,S016;S017;S022;S131;S132;S462;S534;S1114;S1700
RR1990M,the-warlord,current_champion_title;championship_level;championship_partner;reign_number;title_won_date;days_into_reign_at_event;source_ids,N/A,N/A,N/A,N/A,N/A,N/A,FALSE,FALSE,S016;S017;S462;S1131;S1700
RR1990M,bret-hart,current_champion_title;championship_level;championship_partner;reign_number;title_won_date;days_into_reign_at_event;source_ids,N/A,N/A,N/A,N/A,N/A,N/A,FALSE,FALSE,S016;S017;S462;S1076;S1700
RR1990M,bad-news-brown,current_champion_title;championship_level;championship_partner;reign_number;title_won_date;days_into_reign_at_event;source_ids,N/A,N/A,N/A,N/A,N/A,N/A,FALSE,FALSE,S016;S017;S462;S1101;S1700
RR1990M,dusty-rhodes,current_champion_title;championship_level;championship_partner;reign_number;title_won_date;days_into_reign_at_event;source_ids,N/A,N/A,N/A,N/A,N/A,N/A,FALSE,FALSE,S016;S017;S022;S024;S131;S132;S535;S1115;S1700
RR1990M,andre-the-giant,source_ids,WWF World Tag Team Champion (Colossal Connection),Tag Team,Haku,1,1989-12-30,22,FALSE,FALSE,S016;S017;S462;S458;S1094;S1700
RR1990M,red-rooster,current_champion_title;championship_level;championship_partner;reign_number;title_won_date;days_into_reign_at_event;source_ids,N/A,N/A,N/A,N/A,N/A,N/A,FALSE,FALSE,S016;S017;S462;S1131;S1700
RR1990M,ax,current_champion_title;championship_level;championship_partner;reign_number;title_won_date;days_into_reign_at_event;source_ids,N/A,N/A,N/A,N/A,N/A,N/A,FALSE,FALSE,S016;S017;S462;S1093;S1700
RR1990M,haku,source_ids,WWF World Tag Team Champion (Colossal Connection),Tag Team,Andre the Giant,1,1989-12-30,22,FALSE,FALSE,S016;S017;S462;S458;S536;S022;S1116;S1700
RR1990M,smash,current_champion_title;championship_level;championship_partner;reign_number;title_won_date;days_into_reign_at_event;source_ids,N/A,N/A,N/A,N/A,N/A,N/A,FALSE,FALSE,S016;S017;S462;S1131;S1700
RR1990M,one-man-gang,current_champion_title;championship_level;championship_partner;reign_number;title_won_date;days_into_reign_at_event;source_ids,N/A,N/A,N/A,N/A,N/A,N/A,FALSE,FALSE,S016;S017;S462;S1091;S1700
RR1990M,jimmy-snuka,current_champion_title;championship_level;championship_partner;reign_number;title_won_date;days_into_reign_at_event;source_ids,N/A,N/A,N/A,N/A,N/A,N/A,FALSE,FALSE,S016;S017;S022;S024;S131;S132;S537;S1131;S1700
RR1990M,dino-bravo,current_champion_title;championship_level;championship_partner;reign_number;title_won_date;days_into_reign_at_event;source_ids,N/A,N/A,N/A,N/A,N/A,N/A,FALSE,FALSE,S016;S017;S462;S1089;S1700
RR1990M,earthquake,current_champion_title;championship_level;championship_partner;reign_number;title_won_date;days_into_reign_at_event;source_ids,N/A,N/A,N/A,N/A,N/A,N/A,FALSE,FALSE,S016;S017;S022;S024;S131;S538;S1117;S1700
RR1990M,jim-neidhart,current_champion_title;championship_level;championship_partner;reign_number;title_won_date;days_into_reign_at_event;source_ids,N/A,N/A,N/A,N/A,N/A,N/A,FALSE,FALSE,S016;S017;S462;S1079;S1700
RR1990M,the-ultimate-warrior,championship_partner;source_ids,WWF Intercontinental Championship,Intercontinental,N/A,2,1989-08-28,146,FALSE,FALSE,S016;S017;S462;S458;S1090;S1700
RR1990M,rick-martel,current_champion_title;championship_level;championship_partner;reign_number;title_won_date;days_into_reign_at_event;source_ids,N/A,N/A,N/A,N/A,N/A,N/A,FALSE,FALSE,S016;S017;S462;S1113;S1700
RR1990M,tito-santana,current_champion_title;championship_level;championship_partner;reign_number;title_won_date;days_into_reign_at_event;source_ids,N/A,N/A,N/A,N/A,N/A,N/A,FALSE,FALSE,S016;S017;S462;S1077;S1700
RR1990M,the-honky-tonk-man,current_champion_title;championship_level;championship_partner;reign_number;title_won_date;days_into_reign_at_event;source_ids,N/A,N/A,N/A,N/A,N/A,N/A,FALSE,FALSE,S016;S017;S462;S1100;S1700
RR1990M,hulk-hogan,championship_partner;source_ids,WWF World Heavyweight Championship,World,N/A,2,1989-04-02,294,FALSE,FALSE,S016;S017;S462;S458;S1106;S1700
RR1990M,shawn-michaels,current_champion_title;championship_level;championship_partner;reign_number;title_won_date;days_into_reign_at_event;source_ids,N/A,N/A,N/A,N/A,N/A,N/A,FALSE,FALSE,S016;S017;S462;S1098;S1700
RR1990M,the-barbarian,current_champion_title;championship_level;championship_partner;reign_number;title_won_date;days_into_reign_at_event;source_ids,N/A,N/A,N/A,N/A,N/A,N/A,FALSE,FALSE,S016;S017;S462;S1131;S1700
RR1990M,rick-rude,current_champion_title;championship_level;championship_partner;reign_number;title_won_date;days_into_reign_at_event;source_ids,N/A,N/A,N/A,N/A,N/A,N/A,FALSE,FALSE,S016;S017;S462;S539;S022;S1131;S1700
RR1990M,hercules,current_champion_title;championship_level;championship_partner;reign_number;title_won_date;days_into_reign_at_event;source_ids,N/A,N/A,N/A,N/A,N/A,N/A,FALSE,FALSE,S016;S017;S462;S1112;S1700
RR1990M,mr-perfect,current_champion_title;championship_level;championship_partner;reign_number;title_won_date;days_into_reign_at_event;source_ids,N/A,N/A,N/A,N/A,N/A,N/A,FALSE,FALSE,S016;S017;S462;S1095;S1700
RR1991M,bret-hart,source_ids,WWF World Tag Team Champion (Hart Foundation),Tag Team,Jim Neidhart,2,1990-08-27,145,FALSE,FALSE,S018;S019;S004;S022;S463;S459;S1076;S1700
RR1991M,dino-bravo,current_champion_title;championship_level;championship_partner;reign_number;title_won_date;days_into_reign_at_event;source_ids,N/A,N/A,N/A,N/A,N/A,N/A,FALSE,FALSE,S018;S019;S004;S022;S463;S1089;S1700
RR1991M,greg-valentine,current_champion_title;championship_level;championship_partner;reign_number;title_won_date;days_into_reign_at_event;source_ids,N/A,N/A,N/A,N/A,N/A,N/A,FALSE,FALSE,S018;S019;S015;S022;S130;S463;S1097;S1700
RR1991M,paul-roma,current_champion_title;championship_level;championship_partner;reign_number;title_won_date;days_into_reign_at_event;source_ids,N/A,N/A,N/A,N/A,N/A,N/A,FALSE,FALSE,S018;S019;S004;S022;S463;S540;S1118;S1700
RR1991M,texas-tornado,current_champion_title;championship_level;championship_partner;reign_number;title_won_date;days_into_reign_at_event;source_ids,N/A,N/A,N/A,N/A,N/A,N/A,FALSE,FALSE,S018;S019;S022;S024;S123;S124;S131;S541;S1132;S1700
RR1991M,rick-martel,current_champion_title;championship_level;championship_partner;reign_number;title_won_date;days_into_reign_at_event;source_ids,N/A,N/A,N/A,N/A,N/A,N/A,FALSE,FALSE,S018;S019;S015;S022;S463;S1113;S1700
RR1991M,saba-simba,current_champion_title;championship_level;championship_partner;reign_number;title_won_date;days_into_reign_at_event;source_ids,N/A,N/A,N/A,N/A,N/A,N/A,FALSE,FALSE,S018;S019;S022;S024;S542;S1132;S1700
RR1991M,butch-miller,current_champion_title;championship_level;championship_partner;reign_number;title_won_date;days_into_reign_at_event;source_ids,N/A,N/A,N/A,N/A,N/A,N/A,FALSE,FALSE,S018;S019;S015;S022;S131;S463;S1099;S1700
RR1991M,jake-roberts,current_champion_title;championship_level;championship_partner;reign_number;title_won_date;days_into_reign_at_event;source_ids,N/A,N/A,N/A,N/A,N/A,N/A,FALSE,FALSE,S018;S019;S004;S022;S463;S1080;S1700
RR1991M,hercules,current_champion_title;championship_level;championship_partner;reign_number;title_won_date;days_into_reign_at_event;source_ids,N/A,N/A,N/A,N/A,N/A,N/A,FALSE,FALSE,S018;S019;S015;S022;S463;S1112;S1700
RR1991M,tito-santana,current_champion_title;championship_level;championship_partner;reign_number;title_won_date;days_into_reign_at_event;source_ids,N/A,N/A,N/A,N/A,N/A,N/A,FALSE,FALSE,S018;S019;S004;S022;S463;S1077;S1700
RR1991M,the-undertaker,current_champion_title;championship_level;championship_partner;reign_number;title_won_date;days_into_reign_at_event;source_ids,N/A,N/A,N/A,N/A,N/A,N/A,FALSE,FALSE,S018;S019;S022;S024;S123;S124;S543;S1120;S1700
RR1991M,jimmy-snuka,current_champion_title;championship_level;championship_partner;reign_number;title_won_date;days_into_reign_at_event;source_ids,N/A,N/A,N/A,N/A,N/A,N/A,FALSE,FALSE,S018;S019;S017;S022;S024;S131;S132;S537;S1132;S1700
RR1991M,british-bulldog,current_champion_title;championship_level;championship_partner;reign_number;title_won_date;days_into_reign_at_event;source_ids,N/A,N/A,N/A,N/A,N/A,N/A,FALSE,FALSE,S018;S019;S022;S024;S123;S124;S131;S544;S1132;S1700
RR1991M,smash,current_champion_title;championship_level;championship_partner;reign_number;title_won_date;days_into_reign_at_event;source_ids,N/A,N/A,N/A,N/A,N/A,N/A,FALSE,FALSE,S018;S019;S015;S463;S1132;S1700
RR1991M,hawk,current_champion_title;championship_level;championship_partner;reign_number;title_won_date;days_into_reign_at_event;source_ids,N/A,N/A,N/A,N/A,N/A,N/A,FALSE,FALSE,S018;S019;S022;S024;S123;S124;S131;S545;S1121;S1700
RR1991M,shane-douglas,current_champion_title;championship_level;championship_partner;reign_number;title_won_date;days_into_reign_at_event;source_ids,N/A,N/A,N/A,N/A,N/A,N/A,FALSE,FALSE,S018;S019;S022;S024;S546;S1122;S1700
RR1991M,animal,current_champion_title;championship_level;championship_partner;reign_number;title_won_date;days_into_reign_at_event;source_ids,N/A,N/A,N/A,N/A,N/A,N/A,FALSE,FALSE,S018;S019;S022;S024;S123;S124;S131;S547;S1123;S1700
RR1991M,demolition-crush,current_champion_title;championship_level;championship_partner;reign_number;title_won_date;days_into_reign_at_event;source_ids,N/A,N/A,N/A,N/A,N/A,N/A,FALSE,FALSE,S018;S019;S022;S024;S124;S131;S463;S548;S1124;S1700
RR1991M,jim-duggan,current_champion_title;championship_level;championship_partner;reign_number;title_won_date;days_into_reign_at_event;source_ids,N/A,N/A,N/A,N/A,N/A,N/A,FALSE,FALSE,S018;S019;S004;S006;S463;S1086;S1700
RR1991M,earthquake,current_champion_title;championship_level;championship_partner;reign_number;title_won_date;days_into_reign_at_event;source_ids,N/A,N/A,N/A,N/A,N/A,N/A,FALSE,FALSE,S018;S019;S017;S022;S024;S131;S538;S1117;S1700
RR1991M,mr-perfect,championship_partner;source_ids,WWF Intercontinental Championship,Intercontinental,N/A,2,1990-11-19,61,FALSE,FALSE,S018;S019;S015;S022;S064;S463;S459;S1095;S1700
RR1991M,hulk-hogan,current_champion_title;championship_level;championship_partner;reign_number;title_won_date;days_into_reign_at_event;source_ids,N/A,N/A,N/A,N/A,N/A,N/A,FALSE,FALSE,S018;S019;S004;S022;S126;S127;S463;S1106;S1700
RR1991M,haku,current_champion_title;championship_level;championship_partner;reign_number;title_won_date;days_into_reign_at_event;source_ids,N/A,N/A,N/A,N/A,N/A,N/A,FALSE,FALSE,S018;S019;S004;S022;S536;S1116;S1700
RR1991M,jim-neidhart,source_ids,WWF World Tag Team Champion (Hart Foundation),Tag Team,Bret Hart,2,1990-08-27,145,FALSE,FALSE,S018;S019;S004;S022;S131;S132;S463;S459;S1079;S1700
RR1991M,luke-williams,current_champion_title;championship_level;championship_partner;reign_number;title_won_date;days_into_reign_at_event;source_ids,N/A,N/A,N/A,N/A,N/A,N/A,FALSE,FALSE,S018;S019;S015;S463;S1107;S1700
RR1991M,brian-knobbs,current_champion_title;championship_level;championship_partner;reign_number;title_won_date;days_into_reign_at_event;source_ids,N/A,N/A,N/A,N/A,N/A,N/A,FALSE,FALSE,S018;S019;S022;S024;S463;S549;S1125;S1700
RR1991M,the-warlord,current_champion_title;championship_level;championship_partner;reign_number;title_won_date;days_into_reign_at_event;source_ids,N/A,N/A,N/A,N/A,N/A,N/A,FALSE,FALSE,S018;S019;S015;S022;S463;S1132;S1700
RR1991M,tugboat,current_champion_title;championship_level;championship_partner;reign_number;title_won_date;days_into_reign_at_event;source_ids,N/A,N/A,N/A,N/A,N/A,N/A,FALSE,FALSE,S018;S019;S022;S024;S550;S551;S1132;S1700
RR1991M,randy-savage,current_champion_title;championship_level;championship_partner;reign_number;title_won_date;days_into_reign_at_event;source_ids,N/A,N/A,N/A,N/A,N/A,N/A,FALSE,FALSE,S018;S019;S015;S022;S463;S459;S1103;S1700
RR1992M,british-bulldog,current_champion_title;championship_level;championship_partner;reign_number;title_won_date;days_into_reign_at_event;source_ids,N/A,N/A,N/A,N/A,N/A,N/A,FALSE,FALSE,S020;S021;S018;S019;S022;S024;S123;S124;S131;S544;S1133;S1700
RR1992M,ted-dibiase,current_champion_title;championship_level;championship_partner;reign_number;title_won_date;days_into_reign_at_event;source_ids,N/A,N/A,N/A,N/A,N/A,N/A,FALSE,FALSE,S020;S021;S004;S022;S464;S1133;S1700
RR1992M,ric-flair,current_champion_title;championship_level;championship_partner;reign_number;title_won_date;days_into_reign_at_event;source_ids,N/A,N/A,N/A,N/A,N/A,N/A,FALSE,FALSE,S020;S021;S022;S024;S025;S123;S124;S464;S552;S1126;S1700
RR1992M,jerry-sags,current_champion_title;championship_level;championship_partner;reign_number;title_won_date;days_into_reign_at_event;source_ids,N/A,N/A,N/A,N/A,N/A,N/A,FALSE,FALSE,S020;S021;S022;S124;S464;S553;S1127;S1700
RR1992M,haku,current_champion_title;championship_level;championship_partner;reign_number;title_won_date;days_into_reign_at_event;source_ids,N/A,N/A,N/A,N/A,N/A,N/A,FALSE,FALSE,S020;S021;S004;S022;S536;S1116;S1700
RR1992M,shawn-michaels,current_champion_title;championship_level;championship_partner;reign_number;title_won_date;days_into_reign_at_event;source_ids,N/A,N/A,N/A,N/A,N/A,N/A,FALSE,FALSE,S020;S021;S015;S022;S464;S1098;S1700
RR1992M,tito-santana,current_champion_title;championship_level;championship_partner;reign_number;title_won_date;days_into_reign_at_event;source_ids,N/A,N/A,N/A,N/A,N/A,N/A,FALSE,FALSE,S020;S021;S004;S022;S464;S1077;S1700
RR1992M,the-barbarian,current_champion_title;championship_level;championship_partner;reign_number;title_won_date;days_into_reign_at_event;source_ids,N/A,N/A,N/A,N/A,N/A,N/A,FALSE,FALSE,S020;S021;S015;S022;S023;S464;S1133;S1700
RR1992M,texas-tornado,current_champion_title;championship_level;championship_partner;reign_number;title_won_date;days_into_reign_at_event;source_ids,N/A,N/A,N/A,N/A,N/A,N/A,FALSE,FALSE,S020;S021;S018;S019;S022;S024;S123;S124;S131;S541;S1133;S1700
RR1992M,smash,current_champion_title;championship_level;championship_partner;reign_number;title_won_date;days_into_reign_at_event;source_ids,N/A,N/A,N/A,N/A,N/A,N/A,FALSE,FALSE,S020;S021;S015;S554;S1133;S1700
RR1992M,greg-valentine,current_champion_title;championship_level;championship_partner;reign_number;title_won_date;days_into_reign_at_event;source_ids,N/A,N/A,N/A,N/A,N/A,N/A,FALSE,FALSE,S020;S021;S015;S022;S130;S464;S1097;S1700
RR1992M,nikolai-volkoff,current_champion_title;championship_level;championship_partner;reign_number;title_won_date;days_into_reign_at_event;source_ids,N/A,N/A,N/A,N/A,N/A,N/A,FALSE,FALSE,S020;S021;S004;S022;S464;S1085;S1700
RR1992M,big-bossman,current_champion_title;championship_level;championship_partner;reign_number;title_won_date;days_into_reign_at_event;source_ids,N/A,N/A,N/A,N/A,N/A,N/A,FALSE,FALSE,S020;S021;S015;S022;S131;S464;S1109;S1700
RR1992M,hercules,current_champion_title;championship_level;championship_partner;reign_number;title_won_date;days_into_reign_at_event;source_ids,N/A,N/A,N/A,N/A,N/A,N/A,FALSE,FALSE,S020;S021;S015;S022;S464;S1112;S1700
RR1992M,roddy-piper,championship_partner;source_ids,WWF Intercontinental Championship,Intercontinental,N/A,1,1992-01-19,0,FALSE,FALSE,S020;S021;S017;S022;S131;S132;S464;S460;S534;S1114;S1700
RR1992M,jake-roberts,current_champion_title;championship_level;championship_partner;reign_number;title_won_date;days_into_reign_at_event;source_ids,N/A,N/A,N/A,N/A,N/A,N/A,FALSE,FALSE,S020;S021;S004;S022;S464;S1080;S1700
RR1992M,jim-duggan,current_champion_title;championship_level;championship_partner;reign_number;title_won_date;days_into_reign_at_event;source_ids,N/A,N/A,N/A,N/A,N/A,N/A,FALSE,FALSE,S020;S021;S004;S006;S464;S1086;S1700
RR1992M,irwin-r-schyster,current_champion_title;championship_level;championship_partner;reign_number;title_won_date;days_into_reign_at_event;source_ids,N/A,N/A,N/A,N/A,N/A,N/A,FALSE,FALSE,S020;S021;S022;S024;S124;S464;S555;S1133;S1700
RR1992M,jimmy-snuka,current_champion_title;championship_level;championship_partner;reign_number;title_won_date;days_into_reign_at_event;source_ids,N/A,N/A,N/A,N/A,N/A,N/A,FALSE,FALSE,S020;S021;S017;S022;S024;S131;S132;S537;S1133;S1700
RR1992M,the-undertaker,current_champion_title;championship_level;championship_partner;reign_number;title_won_date;days_into_reign_at_event;source_ids,N/A,N/A,N/A,N/A,N/A,N/A,FALSE,FALSE,S020;S021;S018;S019;S022;S024;S123;S124;S543;S1120;S1700
RR1992M,randy-savage,current_champion_title;championship_level;championship_partner;reign_number;title_won_date;days_into_reign_at_event;source_ids,N/A,N/A,N/A,N/A,N/A,N/A,FALSE,FALSE,S020;S021;S015;S022;S464;S1103;S1700
RR1992M,the-berzerker,current_champion_title;championship_level;championship_partner;reign_number;title_won_date;days_into_reign_at_event;source_ids,N/A,N/A,N/A,N/A,N/A,N/A,FALSE,FALSE,S020;S021;S022;S024;S025;S124;S556;S1133;S1700
RR1992M,virgil,current_champion_title;championship_level;championship_partner;reign_number;title_won_date;days_into_reign_at_event;source_ids,N/A,N/A,N/A,N/A,N/A,N/A,FALSE,FALSE,S020;S021;S004;S022;S557;S1128;S1700
RR1992M,col-mustafa,current_champion_title;championship_level;championship_partner;reign_number;title_won_date;days_into_reign_at_event;source_ids,N/A,N/A,N/A,N/A,N/A,N/A,FALSE,FALSE,S020;S021;S022;S023;S130;S131;S132;S464;S558;S1133;S1700
RR1992M,rick-martel,current_champion_title;championship_level;championship_partner;reign_number;title_won_date;days_into_reign_at_event;source_ids,N/A,N/A,N/A,N/A,N/A,N/A,FALSE,FALSE,S020;S021;S015;S022;S464;S1113;S1700
RR1992M,hulk-hogan,current_champion_title;championship_level;championship_partner;reign_number;title_won_date;days_into_reign_at_event;source_ids,N/A,N/A,N/A,N/A,N/A,N/A,FALSE,FALSE,S020;S021;S004;S022;S126;S127;S464;S1106;S1700
RR1992M,skinner,current_champion_title;championship_level;championship_partner;reign_number;title_won_date;days_into_reign_at_event;source_ids,N/A,N/A,N/A,N/A,N/A,N/A,FALSE,FALSE,S020;S021;S022;S024;S559;S1133;S1700
RR1992M,sgt-slaughter,current_champion_title;championship_level;championship_partner;reign_number;title_won_date;days_into_reign_at_event;source_ids,N/A,N/A,N/A,N/A,N/A,N/A,FALSE,FALSE,S020;S021;S019;S022;S024;S560;S561;S1129;S1700
RR1992M,sid-justice,current_champion_title;championship_level;championship_partner;reign_number;title_won_date;days_into_reign_at_event;source_ids,N/A,N/A,N/A,N/A,N/A,N/A,FALSE,FALSE,S020;S021;S022;S024;S562;S1130;S1700
RR1992M,the-warlord,current_champion_title;championship_level;championship_partner;reign_number;title_won_date;days_into_reign_at_event;source_ids,N/A,N/A,N/A,N/A,N/A,N/A,FALSE,FALSE,S020;S021;S015;S022;S464;S1133;S1700
RR1993M,ric-flair,current_champion_title;championship_level;championship_partner;reign_number;title_won_date;days_into_reign_at_event;source_ids,N/A,N/A,N/A,N/A,N/A,N/A,FALSE,FALSE,S027;S028;S469;S552;S1134;S1700
RR1993M,bob-backlund,current_champion_title;championship_level;championship_partner;reign_number;title_won_date;days_into_reign_at_event;source_ids,N/A,N/A,N/A,N/A,N/A,N/A,FALSE,FALSE,S027;S028;S564;S1135;S1700
RR1993M,papa-shango,current_champion_title;championship_level;championship_partner;reign_number;title_won_date;days_into_reign_at_event;source_ids,N/A,N/A,N/A,N/A,N/A,N/A,FALSE,FALSE,S027;S028;S565;S1192;S1700
RR1993M,ted-dibiase,source_ids,WWF World Tag Team Champion (Money Inc.),Tag Team,Irwin R. Schyster,2,1992-10-13,103,FALSE,FALSE,S027;S028;S469;S465;S1192;S1700
RR1993M,brian-knobbs,current_champion_title;championship_level;championship_partner;reign_number;title_won_date;days_into_reign_at_event;source_ids,N/A,N/A,N/A,N/A,N/A,N/A,FALSE,FALSE,S027;S028;S469;S549;S1136;S1700
RR1993M,virgil,current_champion_title;championship_level;championship_partner;reign_number;title_won_date;days_into_reign_at_event;source_ids,N/A,N/A,N/A,N/A,N/A,N/A,FALSE,FALSE,S027;S028;S557;S1137;S1700
RR1993M,jerry-lawler,current_champion_title;championship_level;championship_partner;reign_number;title_won_date;days_into_reign_at_event;source_ids,N/A,N/A,N/A,N/A,N/A,N/A,FALSE,FALSE,S027;S028;S469;S566;S1138;S1700
RR1993M,max-moon,current_champion_title;championship_level;championship_partner;reign_number;title_won_date;days_into_reign_at_event;source_ids,N/A,N/A,N/A,N/A,N/A,N/A,FALSE,FALSE,S027;S028;S567;S1192;S1700
RR1993M,genichiro-tenryu,current_champion_title;championship_level;championship_partner;reign_number;title_won_date;days_into_reign_at_event;source_ids,N/A,N/A,N/A,N/A,N/A,N/A,FALSE,FALSE,S027;S028;S568;S1139;S1700
RR1993M,mr-perfect,current_champion_title;championship_level;championship_partner;reign_number;title_won_date;days_into_reign_at_event;source_ids,N/A,N/A,N/A,N/A,N/A,N/A,FALSE,FALSE,S024;S027;S028;S035;S469;S1140;S1700
RR1993M,skinner,current_champion_title;championship_level;championship_partner;reign_number;title_won_date;days_into_reign_at_event;source_ids,N/A,N/A,N/A,N/A,N/A,N/A,FALSE,FALSE,S027;S028;S559;S1192;S1700
RR1993M,koko-b-ware,current_champion_title;championship_level;championship_partner;reign_number;title_won_date;days_into_reign_at_event;source_ids,N/A,N/A,N/A,N/A,N/A,N/A,FALSE,FALSE,S027;S028;S469;S1141;S1700
RR1993M,samu,current_champion_title;championship_level;championship_partner;reign_number;title_won_date;days_into_reign_at_event;source_ids,N/A,N/A,N/A,N/A,N/A,N/A,FALSE,FALSE,S027;S028;S469;S569;S1142;S1700
RR1993M,the-berzerker,current_champion_title;championship_level;championship_partner;reign_number;title_won_date;days_into_reign_at_event;source_ids,N/A,N/A,N/A,N/A,N/A,N/A,FALSE,FALSE,S027;S028;S556;S1192;S1700
RR1993M,the-undertaker,current_champion_title;championship_level;championship_partner;reign_number;title_won_date;days_into_reign_at_event;source_ids,N/A,N/A,N/A,N/A,N/A,N/A,FALSE,FALSE,S027;S028;S465;S469;S543;S1192;S1700
RR1993M,red-rooster,current_champion_title;championship_level;championship_partner;reign_number;title_won_date;days_into_reign_at_event;source_ids,N/A,N/A,N/A,N/A,N/A,N/A,FALSE,FALSE,S027;S028;S463;S1192;S1700
RR1993M,damien-demento,current_champion_title;championship_level;championship_partner;reign_number;title_won_date;days_into_reign_at_event;source_ids,N/A,N/A,N/A,N/A,N/A,N/A,FALSE,FALSE,S027;S028;S570;S1192;S1700
RR1993M,irwin-r-schyster,source_ids,WWF World Tag Team Champion (Money Inc.),Tag Team,Ted DiBiase,2,1992-10-13,103,FALSE,FALSE,S027;S028;S469;S465;S555;S1192;S1700
RR1993M,tatanka,current_champion_title;championship_level;championship_partner;reign_number;title_won_date;days_into_reign_at_event;source_ids,N/A,N/A,N/A,N/A,N/A,N/A,FALSE,FALSE,S027;S028;S571;S1143;S1700
RR1993M,jerry-sags,current_champion_title;championship_level;championship_partner;reign_number;title_won_date;days_into_reign_at_event;source_ids,N/A,N/A,N/A,N/A,N/A,N/A,FALSE,FALSE,S027;S028;S469;S553;S1144;S1700
RR1993M,tugboat,current_champion_title;championship_level;championship_partner;reign_number;title_won_date;days_into_reign_at_event;source_ids,N/A,N/A,N/A,N/A,N/A,N/A,FALSE,FALSE,S027;S028;S469;S550;S551;S1192;S1700
RR1993M,fatu,current_champion_title;championship_level;championship_partner;reign_number;title_won_date;days_into_reign_at_event;source_ids,N/A,N/A,N/A,N/A,N/A,N/A,FALSE,FALSE,S027;S028;S469;S572;S667;S1192;S1700
RR1993M,earthquake,current_champion_title;championship_level;championship_partner;reign_number;title_won_date;days_into_reign_at_event;source_ids,N/A,N/A,N/A,N/A,N/A,N/A,FALSE,FALSE,S027;S028;S469;S538;S1192;S1700
RR1993M,carlos-colon,current_champion_title;championship_level;championship_partner;reign_number;title_won_date;days_into_reign_at_event;source_ids,N/A,N/A,N/A,N/A,N/A,N/A,FALSE,FALSE,S027;S028;S573;S1146;S1700
RR1993M,tito-santana,current_champion_title;championship_level;championship_partner;reign_number;title_won_date;days_into_reign_at_event;source_ids,N/A,N/A,N/A,N/A,N/A,N/A,FALSE,FALSE,S027;S028;S469;S574;S1147;S1700
RR1993M,rick-martel,current_champion_title;championship_level;championship_partner;reign_number;title_won_date;days_into_reign_at_event;source_ids,N/A,N/A,N/A,N/A,N/A,N/A,FALSE,FALSE,S027;S028;S469;S1148;S1700
RR1993M,yokozuna,current_champion_title;championship_level;championship_partner;reign_number;title_won_date;days_into_reign_at_event;source_ids,N/A,N/A,N/A,N/A,N/A,N/A,FALSE,FALSE,S027;S028;S465;S469;S575;S576;S1149;S1700
RR1993M,owen-hart,current_champion_title;championship_level;championship_partner;reign_number;title_won_date;days_into_reign_at_event;source_ids,N/A,N/A,N/A,N/A,N/A,N/A,FALSE,FALSE,S027;S028;S577;S1150;S1700
RR1993M,smash,current_champion_title;championship_level;championship_partner;reign_number;title_won_date;days_into_reign_at_event;source_ids,N/A,N/A,N/A,N/A,N/A,N/A,FALSE,FALSE,S027;S028;S469;S554;S1192;S1700
RR1993M,randy-savage,current_champion_title;championship_level;championship_partner;reign_number;title_won_date;days_into_reign_at_event;source_ids,N/A,N/A,N/A,N/A,N/A,N/A,FALSE,FALSE,S027;S028;S469;S1192;S1700
RR1994M,bob-backlund,current_champion_title;championship_level;championship_partner;reign_number;title_won_date;days_into_reign_at_event;source_ids,N/A,N/A,N/A,N/A,N/A,N/A,FALSE,FALSE,S024;S029;S035;S466;S481;S564;S1135;S1700
RR1994M,bam-bam-bigelow,current_champion_title;championship_level;championship_partner;reign_number;title_won_date;days_into_reign_at_event;source_ids,N/A,N/A,N/A,N/A,N/A,N/A,FALSE,FALSE,S024;S029;S035;S466;S481;S582;S1151;S1700
RR1994M,adam-bomb,current_champion_title;championship_level;championship_partner;reign_number;title_won_date;days_into_reign_at_event;source_ids,N/A,N/A,N/A,N/A,N/A,N/A,FALSE,FALSE,S024;S029;S035;S466;S481;S583;S1193;S1700
RR1994M,demolition-crush,current_champion_title;championship_level;championship_partner;reign_number;title_won_date;days_into_reign_at_event;source_ids,N/A,N/A,N/A,N/A,N/A,N/A,FALSE,FALSE,S024;S029;S035;S466;S481;S560;S1152;S1700
RR1994M,doink,current_champion_title;championship_level;championship_partner;reign_number;title_won_date;days_into_reign_at_event;source_ids,N/A,N/A,N/A,N/A,N/A,N/A,FALSE,FALSE,S024;S029;S035;S466;S481;S584;S1193;S1700
RR1994M,diesel,current_champion_title;championship_level;championship_partner;reign_number;title_won_date;days_into_reign_at_event;source_ids,N/A,N/A,N/A,N/A,N/A,N/A,FALSE,FALSE,S024;S029;S035;S466;S481;S585;S1193;S1700
RR1994M,fatu,current_champion_title;championship_level;championship_partner;reign_number;title_won_date;days_into_reign_at_event;source_ids,N/A,N/A,N/A,N/A,N/A,N/A,FALSE,FALSE,S024;S029;S035;S470;S466;S481;S572;S667;S1193;S1700
RR1994M,great-kabuki,current_champion_title;championship_level;championship_partner;reign_number;title_won_date;days_into_reign_at_event;source_ids,N/A,N/A,N/A,N/A,N/A,N/A,FALSE,FALSE,S024;S029;S035;S466;S481;S586;S1193;S1700
RR1994M,owen-hart,current_champion_title;championship_level;championship_partner;reign_number;title_won_date;days_into_reign_at_event;source_ids,N/A,N/A,N/A,N/A,N/A,N/A,FALSE,FALSE,S024;S029;S035;S466;S481;S577;S1150;S1700
RR1994M,marty-jannetty,current_champion_title;championship_level;championship_partner;reign_number;title_won_date;days_into_reign_at_event;source_ids,N/A,N/A,N/A,N/A,N/A,N/A,FALSE,FALSE,S024;S029;S035;S470;S466;S481;S1153;S1700
RR1994M,jeff-jarrett,current_champion_title;championship_level;championship_partner;reign_number;title_won_date;days_into_reign_at_event;source_ids,N/A,N/A,N/A,N/A,N/A,N/A,FALSE,FALSE,S024;S029;S035;S470;S466;S481;S587;S1154;S1700
RR1994M,kwang,current_champion_title;championship_level;championship_partner;reign_number;title_won_date;days_into_reign_at_event;source_ids,N/A,N/A,N/A,N/A,N/A,N/A,FALSE,FALSE,S024;S029;S035;S466;S470;S481;S588;S1193;S1700
RR1994M,rick-martel,current_champion_title;championship_level;championship_partner;reign_number;title_won_date;days_into_reign_at_event;source_ids,N/A,N/A,N/A,N/A,N/A,N/A,FALSE,FALSE,S024;S029;S035;S470;S466;S481;S1148;S1700
RR1994M,mo,current_champion_title;championship_level;championship_partner;reign_number;title_won_date;days_into_reign_at_event;source_ids,N/A,N/A,N/A,N/A,N/A,N/A,FALSE,FALSE,S024;S029;S035;S470;S466;S481;S589;S590;S1155;S1700
RR1994M,mabel,current_champion_title;championship_level;championship_partner;reign_number;title_won_date;days_into_reign_at_event;source_ids,N/A,N/A,N/A,N/A,N/A,N/A,FALSE,FALSE,S024;S029;S035;S470;S466;S481;S589;S591;S1193;S1700
RR1994M,shawn-michaels,current_champion_title;championship_level;championship_partner;reign_number;title_won_date;days_into_reign_at_event;source_ids,N/A,N/A,N/A,N/A,N/A,N/A,FALSE,FALSE,S024;S029;S035;S470;S466;S481;S1156;S1700
RR1994M,sparky-plugg,current_champion_title;championship_level;championship_partner;reign_number;title_won_date;days_into_reign_at_event;source_ids,N/A,N/A,N/A,N/A,N/A,N/A,FALSE,FALSE,S024;S029;S035;S470;S466;S481;S592;S1157;S1700
RR1994M,samu,current_champion_title;championship_level;championship_partner;reign_number;title_won_date;days_into_reign_at_event;source_ids,N/A,N/A,N/A,N/A,N/A,N/A,FALSE,FALSE,S024;S029;S035;S470;S466;S481;S569;S1142;S1700
RR1994M,randy-savage,current_champion_title;championship_level;championship_partner;reign_number;title_won_date;days_into_reign_at_event;source_ids,N/A,N/A,N/A,N/A,N/A,N/A,FALSE,FALSE,S024;S029;S035;S470;S466;S481;S1193;S1700
RR1994M,billy-gunn,current_champion_title;championship_level;championship_partner;reign_number;title_won_date;days_into_reign_at_event;source_ids,N/A,N/A,N/A,N/A,N/A,N/A,FALSE,FALSE,S024;S029;S035;S470;S466;S481;S593;S595;S1158;S1700
RR1994M,bart-gunn,current_champion_title;championship_level;championship_partner;reign_number;title_won_date;days_into_reign_at_event;source_ids,N/A,N/A,N/A,N/A,N/A,N/A,FALSE,FALSE,S024;S029;S035;S470;S466;S481;S593;S594;S1159;S1700
RR1994M,rick-steiner,current_champion_title;championship_level;championship_partner;reign_number;title_won_date;days_into_reign_at_event;source_ids,N/A,N/A,N/A,N/A,N/A,N/A,FALSE,FALSE,S024;S029;S035;S470;S466;S481;S596;S1160;S1700
RR1994M,scott-steiner,current_champion_title;championship_level;championship_partner;reign_number;title_won_date;days_into_reign_at_event;source_ids,N/A,N/A,N/A,N/A,N/A,N/A,FALSE,FALSE,S024;S029;S035;S470;S466;S481;S597;S1161;S1700
RR1994M,tatanka,current_champion_title;championship_level;championship_partner;reign_number;title_won_date;days_into_reign_at_event;source_ids,N/A,N/A,N/A,N/A,N/A,N/A,FALSE,FALSE,S024;S029;S035;S466;S481;S571;S1143;S1700
RR1994M,genichiro-tenryu,current_champion_title;championship_level;championship_partner;reign_number;title_won_date;days_into_reign_at_event;source_ids,N/A,N/A,N/A,N/A,N/A,N/A,FALSE,FALSE,S024;S029;S035;S466;S481;S568;S1139;S1700
RR1994M,greg-valentine,current_champion_title;championship_level;championship_partner;reign_number;title_won_date;days_into_reign_at_event;source_ids,N/A,N/A,N/A,N/A,N/A,N/A,FALSE,FALSE,S024;S029;S035;S470;S466;S481;S1193;S1700
RR1994M,virgil,current_champion_title;championship_level;championship_partner;reign_number;title_won_date;days_into_reign_at_event;source_ids,N/A,N/A,N/A,N/A,N/A,N/A,FALSE,FALSE,S024;S029;S035;S466;S481;S557;S1137;S1700
RR1994M,bret-hart,current_champion_title;championship_level;championship_partner;reign_number;title_won_date;days_into_reign_at_event;source_ids,N/A,N/A,N/A,N/A,N/A,N/A,FALSE,FALSE,S024;S029;S035;S470;S1163;S1700
RR1994M,lex-luger,current_champion_title;championship_level;championship_partner;reign_number;title_won_date;days_into_reign_at_event;source_ids,N/A,N/A,N/A,N/A,N/A,N/A,FALSE,FALSE,S024;S029;S035;S598;S599;S1164;S1700
RR1995M,shawn-michaels,current_champion_title;championship_level;championship_partner;reign_number;title_won_date;days_into_reign_at_event;source_ids,N/A,N/A,N/A,N/A,N/A,N/A,FALSE,FALSE,S030;S031;S471;S1156;S1700
RR1995M,british-bulldog,current_champion_title;championship_level;championship_partner;reign_number;title_won_date;days_into_reign_at_event;source_ids,N/A,N/A,N/A,N/A,N/A,N/A,FALSE,FALSE,S030;S031;S020;S021;S018;S019;S022;S024;S123;S124;S131;S544;S1194;S1700
RR1995M,eli-blu,current_champion_title;championship_level;championship_partner;reign_number;title_won_date;days_into_reign_at_event;source_ids,N/A,N/A,N/A,N/A,N/A,N/A,FALSE,FALSE,S030;S031;S471;S467;S601;S667;S1194;S1700
RR1995M,duke-droese,current_champion_title;championship_level;championship_partner;reign_number;title_won_date;days_into_reign_at_event;source_ids,N/A,N/A,N/A,N/A,N/A,N/A,FALSE,FALSE,S030;S031;S471;S602;S1165;S1700
RR1995M,jimmy-del-ray,current_champion_title;championship_level;championship_partner;reign_number;title_won_date;days_into_reign_at_event;source_ids,N/A,N/A,N/A,N/A,N/A,N/A,FALSE,FALSE,S030;S031;S471;S603;S667;S1166;S1700
RR1995M,headshrinker-sione,current_champion_title;championship_level;championship_partner;reign_number;title_won_date;days_into_reign_at_event;source_ids,N/A,N/A,N/A,N/A,N/A,N/A,FALSE,FALSE,S030;S031;S471;S604;S1194;S1530;S1700
RR1995M,tom-prichard,current_champion_title;championship_level;championship_partner;reign_number;title_won_date;days_into_reign_at_event;source_ids,N/A,N/A,N/A,N/A,N/A,N/A,FALSE,FALSE,S030;S031;S471;S605;S1194;S1700
RR1995M,doink-1995,current_champion_title;championship_level;championship_partner;reign_number;title_won_date;days_into_reign_at_event;source_ids,N/A,N/A,N/A,N/A,N/A,N/A,FALSE,FALSE,S030;S031;S606;S1167;S1700
RR1995M,kwang,current_champion_title;championship_level;championship_partner;reign_number;title_won_date;days_into_reign_at_event;source_ids,N/A,N/A,N/A,N/A,N/A,N/A,FALSE,FALSE,S030;S031;S024;S029;S035;S466;S470;S481;S588;S1194;S1700
RR1995M,rick-martel,current_champion_title;championship_level;championship_partner;reign_number;title_won_date;days_into_reign_at_event;source_ids,N/A,N/A,N/A,N/A,N/A,N/A,FALSE,FALSE,S030;S031;S471;S1148;S1700
RR1995M,owen-hart,current_champion_title;championship_level;championship_partner;reign_number;title_won_date;days_into_reign_at_event;source_ids,N/A,N/A,N/A,N/A,N/A,N/A,FALSE,FALSE,S030;S031;S467;S471;S024;S029;S035;S466;S481;S577;S1150;S1700
RR1995M,timothy-well,current_champion_title;championship_level;championship_partner;reign_number;title_won_date;days_into_reign_at_event;source_ids,N/A,N/A,N/A,N/A,N/A,N/A,FALSE,FALSE,S030;S031;S471;S607;S667;S1194;S1700
RR1995M,luke-williams,current_champion_title;championship_level;championship_partner;reign_number;title_won_date;days_into_reign_at_event;source_ids,N/A,N/A,N/A,N/A,N/A,N/A,FALSE,FALSE,S030;S031;S471;S018;S019;S015;S463;S1194;S1700
RR1995M,jacob-blu,current_champion_title;championship_level;championship_partner;reign_number;title_won_date;days_into_reign_at_event;source_ids,N/A,N/A,N/A,N/A,N/A,N/A,FALSE,FALSE,S030;S031;S471;S467;S601;S667;S1194;S1700
RR1995M,king-kong-bundy,current_champion_title;championship_level;championship_partner;reign_number;title_won_date;days_into_reign_at_event;source_ids,N/A,N/A,N/A,N/A,N/A,N/A,FALSE,FALSE,S030;S031;S471;S608;S1168;S1700
RR1995M,mo,current_champion_title;championship_level;championship_partner;reign_number;title_won_date;days_into_reign_at_event;source_ids,N/A,N/A,N/A,N/A,N/A,N/A,FALSE,FALSE,S030;S031;S471;S024;S029;S035;S470;S466;S481;S589;S590;S1155;S1700
RR1995M,mabel,current_champion_title;championship_level;championship_partner;reign_number;title_won_date;days_into_reign_at_event;source_ids,N/A,N/A,N/A,N/A,N/A,N/A,FALSE,FALSE,S030;S031;S471;S024;S029;S035;S470;S466;S481;S589;S591;S1194;S1700
RR1995M,butch-miller,current_champion_title;championship_level;championship_partner;reign_number;title_won_date;days_into_reign_at_event;source_ids,N/A,N/A,N/A,N/A,N/A,N/A,FALSE,FALSE,S030;S031;S471;S018;S019;S015;S022;S131;S463;S1194;S1700
RR1995M,lex-luger,current_champion_title;championship_level;championship_partner;reign_number;title_won_date;days_into_reign_at_event;source_ids,N/A,N/A,N/A,N/A,N/A,N/A,FALSE,FALSE,S030;S031;S024;S029;S035;S598;S599;S1164;S1700
RR1995M,mantaur,current_champion_title;championship_level;championship_partner;reign_number;title_won_date;days_into_reign_at_event;source_ids,N/A,N/A,N/A,N/A,N/A,N/A,FALSE,FALSE,S030;S031;S467;S471;S609;S1194;S1700
RR1995M,aldo-montoya,current_champion_title;championship_level;championship_partner;reign_number;title_won_date;days_into_reign_at_event;source_ids,N/A,N/A,N/A,N/A,N/A,N/A,FALSE,FALSE,S030;S031;S610;S1194;S1700
RR1995M,henry-godwinn,current_champion_title;championship_level;championship_partner;reign_number;title_won_date;days_into_reign_at_event;source_ids,N/A,N/A,N/A,N/A,N/A,N/A,FALSE,FALSE,S030;S031;S611;S1169;S1700
RR1995M,billy-gunn,current_champion_title;championship_level;championship_partner;reign_number;title_won_date;days_into_reign_at_event;source_ids,N/A,N/A,N/A,N/A,N/A,N/A,FALSE,FALSE,S030;S031;S471;S024;S029;S035;S470;S466;S481;S593;S595;S1158;S1700
RR1995M,bart-gunn,current_champion_title;championship_level;championship_partner;reign_number;title_won_date;days_into_reign_at_event;source_ids,N/A,N/A,N/A,N/A,N/A,N/A,FALSE,FALSE,S030;S031;S471;S024;S029;S035;S470;S466;S481;S593;S594;S1159;S1700
RR1995M,bob-backlund,current_champion_title;championship_level;championship_partner;reign_number;title_won_date;days_into_reign_at_event;source_ids,N/A,N/A,N/A,N/A,N/A,N/A,FALSE,FALSE,S024;S030;S031;S035;S042;S029;S466;S481;S564;S1135;S1700
RR1995M,steven-dunn,current_champion_title;championship_level;championship_partner;reign_number;title_won_date;days_into_reign_at_event;source_ids,N/A,N/A,N/A,N/A,N/A,N/A,FALSE,FALSE,S024;S030;S031;S035;S042;S471;S612;S1194;S1700
RR1995M,dick-murdoch,current_champion_title;championship_level;championship_partner;reign_number;title_won_date;days_into_reign_at_event;source_ids,N/A,N/A,N/A,N/A,N/A,N/A,FALSE,FALSE,S030;S031;S613;S1170;S1700
RR1995M,adam-bomb,current_champion_title;championship_level;championship_partner;reign_number;title_won_date;days_into_reign_at_event;source_ids,N/A,N/A,N/A,N/A,N/A,N/A,FALSE,FALSE,S030;S031;S024;S029;S035;S466;S481;S583;S1194;S1700
RR1995M,fatu,current_champion_title;championship_level;championship_partner;reign_number;title_won_date;days_into_reign_at_event;source_ids,N/A,N/A,N/A,N/A,N/A,N/A,FALSE,FALSE,S030;S031;S471;S614;S667;S1194;S1700
RR1995M,demolition-crush,current_champion_title;championship_level;championship_partner;reign_number;title_won_date;days_into_reign_at_event;source_ids,N/A,N/A,N/A,N/A,N/A,N/A,FALSE,FALSE,S030;S031;S024;S029;S035;S466;S481;S560;S1152;S1700
RR1996M,1-2-3-kid,current_champion_title;championship_level;championship_partner;reign_number;title_won_date;days_into_reign_at_event;source_ids,N/A,N/A,N/A,N/A,N/A,N/A,FALSE,FALSE,S032;S035;S468;S472;S615;S1171;S1700
RR1996M,bob-backlund,current_champion_title;championship_level;championship_partner;reign_number;title_won_date;days_into_reign_at_event;source_ids,N/A,N/A,N/A,N/A,N/A,N/A,FALSE,FALSE,S032;S035;S024;S029;S466;S481;S564;S1135;S1700
RR1996M,diesel,current_champion_title;championship_level;championship_partner;reign_number;title_won_date;days_into_reign_at_event;source_ids,N/A,N/A,N/A,N/A,N/A,N/A,FALSE,FALSE,S032;S035;S024;S029;S466;S481;S585;S1195;S1700
RR1996M,duke-droese,current_champion_title;championship_level;championship_partner;reign_number;title_won_date;days_into_reign_at_event;source_ids,N/A,N/A,N/A,N/A,N/A,N/A,FALSE,FALSE,S032;S035;S472;S602;S1165;S1700
RR1996M,fatu,current_champion_title;championship_level;championship_partner;reign_number;title_won_date;days_into_reign_at_event;source_ids,N/A,N/A,N/A,N/A,N/A,N/A,FALSE,FALSE,S032;S035;S614;S667;S1195;S1700
RR1996M,dory-funk-jr,current_champion_title;championship_level;championship_partner;reign_number;title_won_date;days_into_reign_at_event;source_ids,N/A,N/A,N/A,N/A,N/A,N/A,FALSE,FALSE,S032;S035;S616;S1172;S1700
RR1996M,doug-gilbert,current_champion_title;championship_level;championship_partner;reign_number;title_won_date;days_into_reign_at_event;source_ids,N/A,N/A,N/A,N/A,N/A,N/A,FALSE,FALSE,S032;S035;S617;S1195;S1700
RR1996M,henry-godwinn,current_champion_title;championship_level;championship_partner;reign_number;title_won_date;days_into_reign_at_event;source_ids,N/A,N/A,N/A,N/A,N/A,N/A,FALSE,FALSE,S032;S035;S611;S1169;S1700
RR1996M,hakushi,current_champion_title;championship_level;championship_partner;reign_number;title_won_date;days_into_reign_at_event;source_ids,N/A,N/A,N/A,N/A,N/A,N/A,FALSE,FALSE,S032;S035;S618;S1195;S1700
RR1996M,owen-hart,current_champion_title;championship_level;championship_partner;reign_number;title_won_date;days_into_reign_at_event;source_ids,N/A,N/A,N/A,N/A,N/A,N/A,FALSE,FALSE,S032;S035;S468;S472;S024;S029;S466;S481;S577;S1150;S1700
RR1996M,hunter-hearst-helmsley,current_champion_title;championship_level;championship_partner;reign_number;title_won_date;days_into_reign_at_event;source_ids,N/A,N/A,N/A,N/A,N/A,N/A,FALSE,FALSE,S032;S035;S619;S1173;S1700
RR1996M,bob-holly,current_champion_title;championship_level;championship_partner;reign_number;title_won_date;days_into_reign_at_event;source_ids,N/A,N/A,N/A,N/A,N/A,N/A,FALSE,FALSE,S032;S035;S620;S1174;S1700
RR1996M,barry-horowitz,current_champion_title;championship_level;championship_partner;reign_number;title_won_date;days_into_reign_at_event;source_ids,N/A,N/A,N/A,N/A,N/A,N/A,FALSE,FALSE,S032;S035;S621;S1175;S1685;S1700
RR1996M,marty-jannetty,current_champion_title;championship_level;championship_partner;reign_number;title_won_date;days_into_reign_at_event;source_ids,N/A,N/A,N/A,N/A,N/A,N/A,FALSE,FALSE,S032;S035;S472;S1153;S1700
RR1996M,kama,current_champion_title;championship_level;championship_partner;reign_number;title_won_date;days_into_reign_at_event;source_ids,N/A,N/A,N/A,N/A,N/A,N/A,FALSE,FALSE,S032;S035;S468;S472;S622;S1195;S1700
RR1996M,jerry-lawler,current_champion_title;championship_level;championship_partner;reign_number;title_won_date;days_into_reign_at_event;source_ids,N/A,N/A,N/A,N/A,N/A,N/A,FALSE,FALSE,S032;S035;S472;S027;S028;S469;S566;S1138;S1700
RR1996M,mabel,current_champion_title;championship_level;championship_partner;reign_number;title_won_date;days_into_reign_at_event;source_ids,N/A,N/A,N/A,N/A,N/A,N/A,FALSE,FALSE,S032;S035;S472;S024;S029;S470;S466;S481;S589;S591;S1195;S1700
RR1996M,aldo-montoya,current_champion_title;championship_level;championship_partner;reign_number;title_won_date;days_into_reign_at_event;source_ids,N/A,N/A,N/A,N/A,N/A,N/A,FALSE,FALSE,S032;S035;S610;S1195;S1700
RR1996M,takao-omori,current_champion_title;championship_level;championship_partner;reign_number;title_won_date;days_into_reign_at_event;source_ids,N/A,N/A,N/A,N/A,N/A,N/A,FALSE,FALSE,S032;S035;S623;S1176;S1700
RR1996M,steve-austin,championship_partner;source_ids,Million Dollar Championship,Other,N/A,1,1996-01-08,13,FALSE,FALSE,S032;S035;S472;S468;S624;S1177;S1700
RR1996M,jake-roberts,current_champion_title;championship_level;championship_partner;reign_number;title_won_date;days_into_reign_at_event;source_ids,N/A,N/A,N/A,N/A,N/A,N/A,FALSE,FALSE,S032;S035;S472;S1178;S1700
RR1996M,british-bulldog,current_champion_title;championship_level;championship_partner;reign_number;title_won_date;days_into_reign_at_event;source_ids,N/A,N/A,N/A,N/A,N/A,N/A,FALSE,FALSE,S032;S035;S468;S472;S020;S021;S018;S019;S022;S024;S123;S124;S131;S544;S1195;S1700
RR1996M,headhunter-1,current_champion_title;championship_level;championship_partner;reign_number;title_won_date;days_into_reign_at_event;source_ids,N/A,N/A,N/A,N/A,N/A,N/A,FALSE,FALSE,S032;S035;S625;S1195;S1700
RR1996M,headhunter-2,current_champion_title;championship_level;championship_partner;reign_number;title_won_date;days_into_reign_at_event;source_ids,N/A,N/A,N/A,N/A,N/A,N/A,FALSE,FALSE,S032;S035;S625;S1195;S1700
RR1996M,tatanka,current_champion_title;championship_level;championship_partner;reign_number;title_won_date;days_into_reign_at_event;source_ids,N/A,N/A,N/A,N/A,N/A,N/A,FALSE,FALSE,S032;S035;S468;S472;S024;S029;S466;S481;S571;S1143;S1700
RR1996M,vader,current_champion_title;championship_level;championship_partner;reign_number;title_won_date;days_into_reign_at_event;source_ids,N/A,N/A,N/A,N/A,N/A,N/A,FALSE,FALSE,S032;S035;S468;S472;S626;S1179;S1700
RR1996M,savio-vega,current_champion_title;championship_level;championship_partner;reign_number;title_won_date;days_into_reign_at_event;source_ids,N/A,N/A,N/A,N/A,N/A,N/A,FALSE,FALSE,S032;S035;S627;S1180;S588;S1700
RR1996M,isaac-yankem,current_champion_title;championship_level;championship_partner;reign_number;title_won_date;days_into_reign_at_event;source_ids,N/A,N/A,N/A,N/A,N/A,N/A,FALSE,FALSE,S032;S035;S628;S1181;S1700
RR1996M,yokozuna,current_champion_title;championship_level;championship_partner;reign_number;title_won_date;days_into_reign_at_event;source_ids,N/A,N/A,N/A,N/A,N/A,N/A,FALSE,FALSE,S032;S035;S468;S472;S027;S028;S465;S469;S575;S576;S1149;S1700
RR1996M,shawn-michaels,current_champion_title;championship_level;championship_partner;reign_number;title_won_date;days_into_reign_at_event;source_ids,N/A,N/A,N/A,N/A,N/A,N/A,FALSE,FALSE,S032;S035;S472;S1156;S1700
RR1997M,demolition-crush,current_champion_title;championship_level;championship_partner;reign_number;title_won_date;days_into_reign_at_event;source_ids,N/A,N/A,N/A,N/A,N/A,N/A,FALSE,FALSE,S033;S034;S477;S024;S029;S035;S466;S481;S560;S1152;S1700
RR1997M,ahmed-johnson,current_champion_title;championship_level;championship_partner;reign_number;title_won_date;days_into_reign_at_event;source_ids,N/A,N/A,N/A,N/A,N/A,N/A,FALSE,FALSE,S033;S034;S103;S116;S629;S1182;S1700
RR1997M,fake-razor-ramon,current_champion_title;championship_level;championship_partner;reign_number;title_won_date;days_into_reign_at_event;source_ids,N/A,N/A,N/A,N/A,N/A,N/A,FALSE,FALSE,S033;S034;S477;S630;S1196;S1694;S1700
RR1997M,phineas-godwinn,current_champion_title;championship_level;championship_partner;reign_number;title_won_date;days_into_reign_at_event;source_ids,N/A,N/A,N/A,N/A,N/A,N/A,FALSE,FALSE,S033;S034;S477;S631;S1196;S1700
RR1997M,steve-austin,current_champion_title;championship_level;championship_partner;reign_number;title_won_date;days_into_reign_at_event;source_ids,N/A,N/A,N/A,N/A,N/A,N/A,FALSE,FALSE,S033;S034;S477;S624;S1177;S1700
RR1997M,bart-gunn,current_champion_title;championship_level;championship_partner;reign_number;title_won_date;days_into_reign_at_event;source_ids,N/A,N/A,N/A,N/A,N/A,N/A,FALSE,FALSE,S033;S034;S024;S029;S035;S470;S466;S481;S593;S594;S1159;S1700
RR1997M,jake-roberts,current_champion_title;championship_level;championship_partner;reign_number;title_won_date;days_into_reign_at_event;source_ids,N/A,N/A,N/A,N/A,N/A,N/A,FALSE,FALSE,S033;S034;S032;S035;S472;S1178;S1700
RR1997M,british-bulldog,reign_number;source_ids,WWF Tag Team Champion (Owen Hart & British Bulldog),Tag Team,Owen Hart,1,1996-09-22,119,TRUE,FALSE,S033;S034;S020;S021;S018;S019;S022;S024;S123;S124;S131;S544;S1196;S1700
RR1997M,pierroth-jr,current_champion_title;championship_level;championship_partner;reign_number;title_won_date;days_into_reign_at_event;source_ids,N/A,N/A,N/A,N/A,N/A,N/A,FALSE,FALSE,S033;S034;S632;S1196;S1700
RR1997M,the-sultan,current_champion_title;championship_level;championship_partner;reign_number;title_won_date;days_into_reign_at_event;source_ids,N/A,N/A,N/A,N/A,N/A,N/A,FALSE,FALSE,S033;S034;S473;S477;S614;S1183;S1700
RR1997M,mil-mascaras,current_champion_title;championship_level;championship_partner;reign_number;title_won_date;days_into_reign_at_event;source_ids,N/A,N/A,N/A,N/A,N/A,N/A,FALSE,FALSE,S033;S034;S633;S1184;S1700
RR1997M,hunter-hearst-helmsley,championship_partner;source_ids,WWF Intercontinental Championship,Intercontinental,N/A,1,1996-10-21,90,FALSE,FALSE,S033;S034;S477;S473;S619;S1173;S1700
RR1997M,owen-hart,reign_number;source_ids,WWF Tag Team Champion (Owen Hart & British Bulldog),Tag Team,British Bulldog,1,1996-09-22,119,TRUE,FALSE,S033;S034;S024;S029;S035;S466;S481;S577;S1150;S1196;S1700
RR1997M,goldust,current_champion_title;championship_level;championship_partner;reign_number;title_won_date;days_into_reign_at_event;source_ids,N/A,N/A,N/A,N/A,N/A,N/A,FALSE,FALSE,S033;S034;S473;S477;S634;S1196;S1700
RR1997M,cibernetico,current_champion_title;championship_level;championship_partner;reign_number;title_won_date;days_into_reign_at_event;source_ids,N/A,N/A,N/A,N/A,N/A,N/A,FALSE,FALSE,S033;S034;S635;S1185;S1700
RR1997M,marc-mero,current_champion_title;championship_level;championship_partner;reign_number;title_won_date;days_into_reign_at_event;source_ids,N/A,N/A,N/A,N/A,N/A,N/A,FALSE,FALSE,S033;S034;S473;S477;S636;S1196;S1700
RR1997M,latin-lover,current_champion_title;championship_level;championship_partner;reign_number;title_won_date;days_into_reign_at_event;source_ids,N/A,N/A,N/A,N/A,N/A,N/A,FALSE,FALSE,S033;S034;S637;S1196;S1700
RR1997M,faarooq,current_champion_title;championship_level;championship_partner;reign_number;title_won_date;days_into_reign_at_event;source_ids,N/A,N/A,N/A,N/A,N/A,N/A,FALSE,FALSE,S033;S034;S103;S116;S477;S638;S1186;S1700
RR1997M,savio-vega,current_champion_title;championship_level;championship_partner;reign_number;title_won_date;days_into_reign_at_event;source_ids,N/A,N/A,N/A,N/A,N/A,N/A,FALSE,FALSE,S033;S034;S627;S1180;S588;S1700
RR1997M,jesse-james,current_champion_title;championship_level;championship_partner;reign_number;title_won_date;days_into_reign_at_event;source_ids,N/A,N/A,N/A,N/A,N/A,N/A,FALSE,FALSE,S033;S034;S477;S639;S1187;S1700
RR1997M,bret-hart,current_champion_title;championship_level;championship_partner;reign_number;title_won_date;days_into_reign_at_event;source_ids,N/A,N/A,N/A,N/A,N/A,N/A,FALSE,FALSE,S033;S034;S477;S1163;S1700
RR1997M,jerry-lawler,current_champion_title;championship_level;championship_partner;reign_number;title_won_date;days_into_reign_at_event;source_ids,N/A,N/A,N/A,N/A,N/A,N/A,FALSE,FALSE,S033;S034;S477;S027;S028;S469;S566;S1138;S1700
RR1997M,fake-diesel,current_champion_title;championship_level;championship_partner;reign_number;title_won_date;days_into_reign_at_event;source_ids,N/A,N/A,N/A,N/A,N/A,N/A,FALSE,FALSE,S033;S034;S477;S628;S1188;S1693;S1700
RR1997M,terry-funk,current_champion_title;championship_level;championship_partner;reign_number;title_won_date;days_into_reign_at_event;source_ids,N/A,N/A,N/A,N/A,N/A,N/A,FALSE,FALSE,S033;S034;S640;S1189;S1700
RR1997M,rocky-maivia,current_champion_title;championship_level;championship_partner;reign_number;title_won_date;days_into_reign_at_event;source_ids,N/A,N/A,N/A,N/A,N/A,N/A,FALSE,FALSE,S033;S034;S477;S641;S1190;S1700
RR1997M,mankind,current_champion_title;championship_level;championship_partner;reign_number;title_won_date;days_into_reign_at_event;source_ids,N/A,N/A,N/A,N/A,N/A,N/A,FALSE,FALSE,S033;S034;S473;S477;S642;S1191;S1700
RR1997M,flash-funk,current_champion_title;championship_level;championship_partner;reign_number;title_won_date;days_into_reign_at_event;source_ids,N/A,N/A,N/A,N/A,N/A,N/A,FALSE,FALSE,S033;S034;S477;S473;S643;S1196;S1700
RR1997M,vader,current_champion_title;championship_level;championship_partner;reign_number;title_won_date;days_into_reign_at_event;source_ids,N/A,N/A,N/A,N/A,N/A,N/A,FALSE,FALSE,S033;S034;S626;S1179;S1700
RR1997M,henry-godwinn,current_champion_title;championship_level;championship_partner;reign_number;title_won_date;days_into_reign_at_event;source_ids,N/A,N/A,N/A,N/A,N/A,N/A,FALSE,FALSE,S033;S034;S477;S611;S1169;S1700
RR1997M,the-undertaker,current_champion_title;championship_level;championship_partner;reign_number;title_won_date;days_into_reign_at_event;source_ids,N/A,N/A,N/A,N/A,N/A,N/A,FALSE,FALSE,S033;S034;S027;S028;S465;S469;S543;S1196;S1700
RR1994M,bastion-booger,current_champion_title;championship_level;championship_partner;reign_number;title_won_date;days_into_reign_at_event;title_defended_same_card;title_lost_same_card;source_ids,N/A,N/A,N/A,N/A,N/A,N/A,N/A,N/A,S035;S022;S466;S481;S600;S1193;S1699;S1700
RR1998M,cactus-jack,current_champion_title;championship_level;championship_partner;reign_number;title_won_date;days_into_reign_at_event;source_ids,N/A,N/A,N/A,N/A,N/A,N/A,FALSE,FALSE,S024;S043;S050;S478;S474;S481;S642;S1197;S1700
RR1998M,terry-funk,current_champion_title;championship_level;championship_partner;reign_number;title_won_date;days_into_reign_at_event;source_ids,N/A,N/A,N/A,N/A,N/A,N/A,FALSE,FALSE,S024;S043;S050;S478;S474;S481;S640;S1198;S1700
RR1998M,steve-blackman,current_champion_title;championship_level;championship_partner;reign_number;title_won_date;days_into_reign_at_event;source_ids,N/A,N/A,N/A,N/A,N/A,N/A,FALSE,FALSE,S024;S043;S050;S474;S481;S644;S1199;S1700
RR1998M,rocky-maivia,championship_partner;source_ids,WWF Intercontinental Championship,Intercontinental,N/A,1,1997-12-08,41,TRUE,FALSE,S024;S043;S050;S478;S474;S481;S641;S1200;S1700
RR1998M,bradshaw,current_champion_title;championship_level;championship_partner;reign_number;title_won_date;days_into_reign_at_event;source_ids,N/A,N/A,N/A,N/A,N/A,N/A,FALSE,FALSE,S024;S043;S050;S474;S481;S645;S1308;S1700
RR1998M,tom-brandi,current_champion_title;championship_level;championship_partner;reign_number;title_won_date;days_into_reign_at_event;source_ids,N/A,N/A,N/A,N/A,N/A,N/A,FALSE,FALSE,S024;S043;S050;S474;S481;S646;S1308;S1700
RR1998M,d-lo-brown,current_champion_title;championship_level;championship_partner;reign_number;title_won_date;days_into_reign_at_event;source_ids,N/A,N/A,N/A,N/A,N/A,N/A,FALSE,FALSE,S024;S043;S050;S478;S474;S481;S647;S1201;S1700
RR1998M,chainz,current_champion_title;championship_level;championship_partner;reign_number;title_won_date;days_into_reign_at_event;source_ids,N/A,N/A,N/A,N/A,N/A,N/A,FALSE,FALSE,S024;S043;S050;S478;S474;S481;S648;S1308;S1700
RR1998M,eight-ball,current_champion_title;championship_level;championship_partner;reign_number;title_won_date;days_into_reign_at_event;source_ids,N/A,N/A,N/A,N/A,N/A,N/A,FALSE,FALSE,S024;S043;S050;S478;S474;S481;S601;S1308;S1700
RR1998M,faarooq,current_champion_title;championship_level;championship_partner;reign_number;title_won_date;days_into_reign_at_event;source_ids,N/A,N/A,N/A,N/A,N/A,N/A,FALSE,FALSE,S024;S043;S050;S478;S474;S481;S638;S1202;S1700
RR1998M,henry-godwinn,current_champion_title;championship_level;championship_partner;reign_number;title_won_date;days_into_reign_at_event;source_ids,N/A,N/A,N/A,N/A,N/A,N/A,FALSE,FALSE,S024;S043;S050;S478;S474;S481;S611;S1203;S1700
RR1998M,phineas-godwinn,current_champion_title;championship_level;championship_partner;reign_number;title_won_date;days_into_reign_at_event;source_ids,N/A,N/A,N/A,N/A,N/A,N/A,FALSE,FALSE,S024;S043;S050;S478;S474;S481;S631;S1308;S1700
RR1998M,goldust,current_champion_title;championship_level;championship_partner;reign_number;title_won_date;days_into_reign_at_event;source_ids,N/A,N/A,N/A,N/A,N/A,N/A,FALSE,FALSE,S024;S043;S050;S474;S478;S481;S634;S1308;S1700
RR1998M,owen-hart,current_champion_title;championship_level;championship_partner;reign_number;title_won_date;days_into_reign_at_event;source_ids,N/A,N/A,N/A,N/A,N/A,N/A,FALSE,FALSE,S024;S043;S050;S474;S481;S029;S035;S466;S577;S1204;S1700
RR1998M,mark-henry,current_champion_title;championship_level;championship_partner;reign_number;title_won_date;days_into_reign_at_event;source_ids,N/A,N/A,N/A,N/A,N/A,N/A,FALSE,FALSE,S024;S043;S050;S478;S474;S481;S649;S1205;S1700
RR1998M,the-honky-tonk-man,current_champion_title;championship_level;championship_partner;reign_number;title_won_date;days_into_reign_at_event;source_ids,N/A,N/A,N/A,N/A,N/A,N/A,FALSE,FALSE,S024;S043;S050;S478;S474;S481;S1308;S1700
RR1998M,jeff-jarrett,current_champion_title;championship_level;championship_partner;reign_number;title_won_date;days_into_reign_at_event;source_ids,N/A,N/A,N/A,N/A,N/A,N/A,FALSE,FALSE,S024;S043;S050;S474;S478;S481;S029;S035;S470;S466;S587;S1206;S1700
RR1998M,ahmed-johnson,current_champion_title;championship_level;championship_partner;reign_number;title_won_date;days_into_reign_at_event;source_ids,N/A,N/A,N/A,N/A,N/A,N/A,FALSE,FALSE,S024;S043;S050;S474;S481;S629;S1207;S1700
RR1998M,kurrgan,current_champion_title;championship_level;championship_partner;reign_number;title_won_date;days_into_reign_at_event;source_ids,N/A,N/A,N/A,N/A,N/A,N/A,FALSE,FALSE,S024;S043;S050;S474;S478;S481;S650;S667;S1308;S1700
RR1998M,dude-love,current_champion_title;championship_level;championship_partner;reign_number;title_won_date;days_into_reign_at_event;source_ids,N/A,N/A,N/A,N/A,N/A,N/A,FALSE,FALSE,S024;S043;S050;S478;S474;S481;S642;S1208;S1700
RR1998M,mankind,current_champion_title;championship_level;championship_partner;reign_number;title_won_date;days_into_reign_at_event;source_ids,N/A,N/A,N/A,N/A,N/A,N/A,FALSE,FALSE,S024;S043;S050;S478;S474;S481;S642;S1209;S1700
RR1998M,marc-mero,current_champion_title;championship_level;championship_partner;reign_number;title_won_date;days_into_reign_at_event;source_ids,N/A,N/A,N/A,N/A,N/A,N/A,FALSE,FALSE,S024;S043;S050;S474;S478;S481;S636;S1308;S1700
RR1998M,mosh,current_champion_title;championship_level;championship_partner;reign_number;title_won_date;days_into_reign_at_event;source_ids,N/A,N/A,N/A,N/A,N/A,N/A,FALSE,FALSE,S024;S043;S050;S478;S474;S481;S651;S1210;S1700
RR1998M,kama,current_champion_title;championship_level;championship_partner;reign_number;title_won_date;days_into_reign_at_event;source_ids,N/A,N/A,N/A,N/A,N/A,N/A,FALSE,FALSE,S024;S043;S050;S478;S474;S481;S622;S1308;S1700
RR1998M,ken-shamrock,current_champion_title;championship_level;championship_partner;reign_number;title_won_date;days_into_reign_at_event;source_ids,N/A,N/A,N/A,N/A,N/A,N/A,FALSE,FALSE,S024;S043;S050;S474;S481;S652;S1211;S1700
RR1998M,thrasher,current_champion_title;championship_level;championship_partner;reign_number;title_won_date;days_into_reign_at_event;source_ids,N/A,N/A,N/A,N/A,N/A,N/A,FALSE,FALSE,S024;S043;S050;S478;S474;S481;S651;S1212;S1700
RR1998M,savio-vega,current_champion_title;championship_level;championship_partner;reign_number;title_won_date;days_into_reign_at_event;source_ids,N/A,N/A,N/A,N/A,N/A,N/A,FALSE,FALSE,S024;S043;S050;S478;S474;S481;S627;S1213;S588;S1700
RR1998M,steve-austin,current_champion_title;championship_level;championship_partner;reign_number;title_won_date;days_into_reign_at_event;source_ids,N/A,N/A,N/A,N/A,N/A,N/A,FALSE,FALSE,S024;S043;S050;S478;S624;S1214;S1700
RR1999M,steve-austin,current_champion_title;championship_level;championship_partner;reign_number;title_won_date;days_into_reign_at_event;source_ids,N/A,N/A,N/A,N/A,N/A,N/A,FALSE,FALSE,S044;S045;S479;S624;S1214;S1700
RR1999M,vince-mcmahon,current_champion_title;championship_level;championship_partner;reign_number;title_won_date;days_into_reign_at_event;source_ids,N/A,N/A,N/A,N/A,N/A,N/A,FALSE,FALSE,S044;S045;S479;S653;S1215;S1700
RR1999M,golga,current_champion_title;championship_level;championship_partner;reign_number;title_won_date;days_into_reign_at_event;source_ids,N/A,N/A,N/A,N/A,N/A,N/A,FALSE,FALSE,S044;S045;S479;S654;S667;S1309;S1700
RR1999M,droz,current_champion_title;championship_level;championship_partner;reign_number;title_won_date;days_into_reign_at_event;source_ids,N/A,N/A,N/A,N/A,N/A,N/A,FALSE,FALSE,S044;S045;S655;S667;S1309;S1700
RR1999M,edge,current_champion_title;championship_level;championship_partner;reign_number;title_won_date;days_into_reign_at_event;source_ids,N/A,N/A,N/A,N/A,N/A,N/A,FALSE,FALSE,S044;S045;S479;S656;S1216;S1700
RR1999M,gillberg,current_champion_title;championship_level;championship_partner;reign_number;title_won_date;days_into_reign_at_event;source_ids,N/A,N/A,N/A,N/A,N/A,N/A,FALSE,FALSE,S044;S045;S479;S657;S1217;S1700
RR1999M,steve-blackman,current_champion_title;championship_level;championship_partner;reign_number;title_won_date;days_into_reign_at_event;source_ids,N/A,N/A,N/A,N/A,N/A,N/A,FALSE,FALSE,S044;S045;S644;S1199;S1700
RR1999M,dan-severn,current_champion_title;championship_level;championship_partner;reign_number;title_won_date;days_into_reign_at_event;source_ids,N/A,N/A,N/A,N/A,N/A,N/A,FALSE,FALSE,S044;S045;S658;S1218;S1700
RR1999M,tiger-ali-singh,current_champion_title;championship_level;championship_partner;reign_number;title_won_date;days_into_reign_at_event;source_ids,N/A,N/A,N/A,N/A,N/A,N/A,FALSE,FALSE,S044;S045;S475;S479;S659;S1219;S1700
RR1999M,blue-meanie,current_champion_title;championship_level;championship_partner;reign_number;title_won_date;days_into_reign_at_event;source_ids,N/A,N/A,N/A,N/A,N/A,N/A,FALSE,FALSE,S044;S045;S479;S660;S667;S1309;S1700
RR1999M,mabel,current_champion_title;championship_level;championship_partner;reign_number;title_won_date;days_into_reign_at_event;source_ids,N/A,N/A,N/A,N/A,N/A,N/A,FALSE,FALSE,S044;S045;S479;S024;S029;S035;S470;S466;S481;S589;S591;S1309;S1700
RR1999M,jesse-james,championship_partner;source_ids,WWF Hardcore Championship,Other,N/A,1,1998-12-15,40,FALSE,FALSE,S044;S045;S479;S475;S639;S1220;S1700
RR1999M,gangrel,current_champion_title;championship_level;championship_partner;reign_number;title_won_date;days_into_reign_at_event;source_ids,N/A,N/A,N/A,N/A,N/A,N/A,FALSE,FALSE,S044;S045;S479;S661;S1221;S1700
RR1999M,kurrgan,current_champion_title;championship_level;championship_partner;reign_number;title_won_date;days_into_reign_at_event;source_ids,N/A,N/A,N/A,N/A,N/A,N/A,FALSE,FALSE,S044;S045;S479;S650;S667;S1309;S1700
RR1999M,al-snow,current_champion_title;championship_level;championship_partner;reign_number;title_won_date;days_into_reign_at_event;source_ids,N/A,N/A,N/A,N/A,N/A,N/A,FALSE,FALSE,S044;S045;S479;S662;S1222;S1700
RR1999M,goldust,current_champion_title;championship_level;championship_partner;reign_number;title_won_date;days_into_reign_at_event;source_ids,N/A,N/A,N/A,N/A,N/A,N/A,FALSE,FALSE,S044;S045;S634;S1309;S1700
RR1999M,the-godfather,current_champion_title;championship_level;championship_partner;reign_number;title_won_date;days_into_reign_at_event;source_ids,N/A,N/A,N/A,N/A,N/A,N/A,FALSE,FALSE,S044;S045;S479;S622;S1309;S1700
RR1999M,kane,current_champion_title;championship_level;championship_partner;reign_number;title_won_date;days_into_reign_at_event;source_ids,N/A,N/A,N/A,N/A,N/A,N/A,FALSE,FALSE,S044;S045;S479;S628;S1223;S1700
RR1999M,ken-shamrock,championship_partner;source_ids,WWF Intercontinental Championship,Intercontinental,N/A,1,1998-10-12,104,TRUE,FALSE,S044;S045;S479;S475;S652;S1211;S1700
RR1999M,billy-gunn,current_champion_title;championship_level;championship_partner;reign_number;title_won_date;days_into_reign_at_event;source_ids,N/A,N/A,N/A,N/A,N/A,N/A,FALSE,FALSE,S044;S045;S479;S024;S029;S035;S470;S466;S481;S593;S595;S1224;S1700
RR1999M,test,current_champion_title;championship_level;championship_partner;reign_number;title_won_date;days_into_reign_at_event;source_ids,N/A,N/A,N/A,N/A,N/A,N/A,FALSE,FALSE,S044;S045;S479;S663;S1225;S1700
RR1999M,big-boss-man,current_champion_title;championship_level;championship_partner;reign_number;title_won_date;days_into_reign_at_event;source_ids,N/A,N/A,N/A,N/A,N/A,N/A,FALSE,FALSE,S044;S045;S479;S664;S1226;S1700
RR1999M,hunter-hearst-helmsley,current_champion_title;championship_level;championship_partner;reign_number;title_won_date;days_into_reign_at_event;source_ids,N/A,N/A,N/A,N/A,N/A,N/A,FALSE,FALSE,S044;S045;S479;S619;S1227;S1700
RR1999M,val-venis,current_champion_title;championship_level;championship_partner;reign_number;title_won_date;days_into_reign_at_event;source_ids,N/A,N/A,N/A,N/A,N/A,N/A,FALSE,FALSE,S044;S045;S665;S1228;S1700
RR1999M,1-2-3-kid,championship_partner;source_ids,WWF European Championship,Other,N/A,2,1998-10-18,98,FALSE,FALSE,S044;S045;S479;S475;S615;S1229;S1700
RR1999M,mark-henry,current_champion_title;championship_level;championship_partner;reign_number;title_won_date;days_into_reign_at_event;source_ids,N/A,N/A,N/A,N/A,N/A,N/A,FALSE,FALSE,S044;S045;S649;S1205;S1700
RR1999M,jeff-jarrett,current_champion_title;championship_level;championship_partner;reign_number;title_won_date;days_into_reign_at_event;source_ids,N/A,N/A,N/A,N/A,N/A,N/A,FALSE,FALSE,S044;S045;S479;S475;S024;S029;S035;S470;S466;S481;S587;S1206;S1700
RR1999M,d-lo-brown,current_champion_title;championship_level;championship_partner;reign_number;title_won_date;days_into_reign_at_event;source_ids,N/A,N/A,N/A,N/A,N/A,N/A,FALSE,FALSE,S044;S045;S647;S1201;S1700
RR1999M,owen-hart,current_champion_title;championship_level;championship_partner;reign_number;title_won_date;days_into_reign_at_event;source_ids,N/A,N/A,N/A,N/A,N/A,N/A,FALSE,FALSE,S044;S045;S479;S475;S024;S029;S035;S466;S481;S577;S1204;S1700
RR1999M,chyna,current_champion_title;championship_level;championship_partner;reign_number;title_won_date;days_into_reign_at_event;source_ids,N/A,N/A,N/A,N/A,N/A,N/A,FALSE,FALSE,S044;S045;S479;S666;S1230;S1700
RR2000M,d-lo-brown,current_champion_title;championship_level;championship_partner;reign_number;title_won_date;days_into_reign_at_event;source_ids,N/A,N/A,N/A,N/A,N/A,N/A,FALSE,FALSE,S024;S046;S050;S058;S476;S481;S044;S045;S647;S024;S046;S050;S058;S476;S481;S044;S045;S647;S024;S046;S050;S058;S476;S481;S044;S045;S647;S024;S046;S050;S058;S476;S481;S044;S045;S647;S024;S046;S050;S058;S476;S481;S044;S045;S647;S024;S046;S050;S058;S476;S481;S044;S045;S647;S024;S046;S050;S058;S476;S481;S044;S045;S647;S024;S046;S050;S058;S476;S481;S044;S045;S647;S1201;S1700
RR2000M,brian-christopher,current_champion_title;championship_level;championship_partner;reign_number;title_won_date;days_into_reign_at_event;source_ids,N/A,N/A,N/A,N/A,N/A,N/A,FALSE,FALSE,S024;S046;S050;S058;S480;S476;S481;S668;S1231;S1700
RR2000M,mosh,current_champion_title;championship_level;championship_partner;reign_number;title_won_date;days_into_reign_at_event;source_ids,N/A,N/A,N/A,N/A,N/A,N/A,FALSE,FALSE,S024;S046;S050;S058;S480;S476;S481;S024;S043;S050;S478;S474;S481;S651;S024;S046;S050;S058;S480;S476;S481;S024;S043;S050;S478;S474;S481;S651;S024;S046;S050;S058;S480;S476;S481;S024;S043;S050;S478;S474;S481;S651;S024;S046;S050;S058;S480;S476;S481;S024;S043;S050;S478;S474;S481;S651;S024;S046;S050;S058;S480;S476;S481;S024;S043;S050;S478;S474;S481;S651;S024;S046;S050;S058;S480;S476;S481;S024;S043;S050;S478;S474;S481;S651;S024;S046;S050;S058;S480;S476;S481;S024;S043;S050;S478;S474;S481;S651;S024;S046;S050;S058;S480;S476;S481;S024;S043;S050;S478;S474;S481;S651;S1210;S1700
RR2000M,christian,current_champion_title;championship_level;championship_partner;reign_number;title_won_date;days_into_reign_at_event;source_ids,N/A,N/A,N/A,N/A,N/A,N/A,FALSE,FALSE,S024;S046;S050;S058;S476;S481;S669;S1232;S1700
RR2000M,rikishi,current_champion_title;championship_level;championship_partner;reign_number;title_won_date;days_into_reign_at_event;source_ids,N/A,N/A,N/A,N/A,N/A,N/A,FALSE,FALSE,S024;S046;S050;S058;S480;S476;S481;S670;S1233;S1700
RR2000M,test,current_champion_title;championship_level;championship_partner;reign_number;title_won_date;days_into_reign_at_event;source_ids,N/A,N/A,N/A,N/A,N/A,N/A,FALSE,FALSE,S024;S046;S050;S058;S476;S481;S044;S045;S479;S663;S067;S044;S045;S479;S663;S067;S044;S045;S479;S663;S067;S044;S045;S479;S663;S067;S044;S045;S479;S663;S067;S044;S045;S479;S663;S067;S044;S045;S479;S663;S067;S044;S045;S479;S663;S1225;S1700
RR2000M,big-boss-man,current_champion_title;championship_level;championship_partner;reign_number;title_won_date;days_into_reign_at_event;source_ids,N/A,N/A,N/A,N/A,N/A,N/A,FALSE,FALSE,S024;S046;S050;S058;S480;S476;S481;S044;S045;S479;S664;S040;S049;S050;S481;S044;S045;S479;S664;S040;S049;S050;S481;S044;S045;S479;S664;S040;S049;S050;S481;S044;S045;S479;S664;S040;S049;S050;S481;S044;S045;S479;S664;S040;S049;S050;S481;S044;S045;S479;S664;S040;S049;S050;S481;S044;S045;S479;S664;S040;S049;S050;S481;S044;S045;S479;S664;S1226;S1700
RR2000M,edge,current_champion_title;championship_level;championship_partner;reign_number;title_won_date;days_into_reign_at_event;source_ids,N/A,N/A,N/A,N/A,N/A,N/A,FALSE,FALSE,S024;S046;S050;S058;S476;S481;S044;S045;S479;S656;S068;S069;S436;S044;S045;S479;S656;S068;S069;S436;S044;S045;S479;S656;S068;S069;S436;S044;S045;S479;S656;S068;S069;S436;S044;S045;S479;S656;S068;S069;S436;S044;S045;S479;S656;S068;S069;S436;S044;S045;S479;S656;S068;S069;S436;S044;S045;S479;S656;S1216;S1700
RR2000M,gangrel,current_champion_title;championship_level;championship_partner;reign_number;title_won_date;days_into_reign_at_event;source_ids,N/A,N/A,N/A,N/A,N/A,N/A,FALSE,FALSE,S024;S046;S050;S058;S476;S481;S044;S045;S479;S661;S024;S046;S050;S058;S476;S481;S044;S045;S479;S661;S024;S046;S050;S058;S476;S481;S044;S045;S479;S661;S024;S046;S050;S058;S476;S481;S044;S045;S479;S661;S024;S046;S050;S058;S476;S481;S044;S045;S479;S661;S024;S046;S050;S058;S476;S481;S044;S045;S479;S661;S024;S046;S050;S058;S476;S481;S044;S045;S479;S661;S024;S046;S050;S058;S476;S481;S044;S045;S479;S661;S1221;S1700
RR2000M,british-bulldog,current_champion_title;championship_level;championship_partner;reign_number;title_won_date;days_into_reign_at_event;source_ids,N/A,N/A,N/A,N/A,N/A,N/A,FALSE,FALSE,S024;S046;S050;S058;S476;S481;S033;S034;S020;S021;S018;S019;S022;S024;S123;S124;S131;S544;S024;S046;S050;S058;S476;S481;S033;S034;S020;S021;S018;S019;S022;S024;S123;S124;S131;S544;S024;S046;S050;S058;S476;S481;S033;S034;S020;S021;S018;S019;S022;S024;S123;S124;S131;S544;S024;S046;S050;S058;S476;S481;S033;S034;S020;S021;S018;S019;S022;S024;S123;S124;S131;S544;S024;S046;S050;S058;S476;S481;S033;S034;S020;S021;S018;S019;S022;S024;S123;S124;S131;S544;S024;S046;S050;S058;S476;S481;S033;S034;S020;S021;S018;S019;S022;S024;S123;S124;S131;S544;S024;S046;S050;S058;S476;S481;S033;S034;S020;S021;S018;S019;S022;S024;S123;S124;S131;S544;S024;S046;S050;S058;S476;S481;S033;S034;S020;S021;S018;S019;S022;S024;S123;S124;S131;S544;S1310;S1700
RR2000M,bob-backlund,current_champion_title;championship_level;championship_partner;reign_number;title_won_date;days_into_reign_at_event;source_ids,N/A,N/A,N/A,N/A,N/A,N/A,FALSE,FALSE,S024;S046;S050;S058;S476;S481;S032;S035;S024;S029;S466;S481;S564;S024;S046;S050;S058;S476;S481;S032;S035;S024;S029;S466;S481;S564;S024;S046;S050;S058;S476;S481;S032;S035;S024;S029;S466;S481;S564;S024;S046;S050;S058;S476;S481;S032;S035;S024;S029;S466;S481;S564;S024;S046;S050;S058;S476;S481;S032;S035;S024;S029;S466;S481;S564;S024;S046;S050;S058;S476;S481;S032;S035;S024;S029;S466;S481;S564;S024;S046;S050;S058;S476;S481;S032;S035;S024;S029;S466;S481;S564;S024;S046;S050;S058;S476;S481;S032;S035;S024;S029;S466;S481;S564;S1234;S1700
RR2000M,scott-taylor,current_champion_title;championship_level;championship_partner;reign_number;title_won_date;days_into_reign_at_event;source_ids,N/A,N/A,N/A,N/A,N/A,N/A,FALSE,FALSE,S024;S046;S050;S058;S480;S476;S481;S729;S1310;S1700
RR2000M,steve-blackman,current_champion_title;championship_level;championship_partner;reign_number;title_won_date;days_into_reign_at_event;source_ids,N/A,N/A,N/A,N/A,N/A,N/A,FALSE,FALSE,S024;S046;S050;S058;S480;S476;S481;S044;S045;S644;S047;S048;S044;S045;S644;S047;S048;S044;S045;S644;S047;S048;S044;S045;S644;S047;S048;S044;S045;S644;S047;S048;S044;S045;S644;S047;S048;S044;S045;S644;S047;S048;S044;S045;S644;S1199;S1700
RR2000M,mabel,current_champion_title;championship_level;championship_partner;reign_number;title_won_date;days_into_reign_at_event;source_ids,N/A,N/A,N/A,N/A,N/A,N/A,FALSE,FALSE,S024;S046;S050;S058;S480;S476;S481;S044;S045;S479;S024;S029;S035;S470;S466;S481;S589;S591;S068;S069;S494;S044;S045;S479;S024;S029;S035;S470;S466;S481;S589;S591;S068;S069;S494;S044;S045;S479;S024;S029;S035;S470;S466;S481;S589;S591;S068;S069;S494;S044;S045;S479;S024;S029;S035;S470;S466;S481;S589;S591;S068;S069;S494;S044;S045;S479;S024;S029;S035;S470;S466;S481;S589;S591;S068;S069;S494;S044;S045;S479;S024;S029;S035;S470;S466;S481;S589;S591;S068;S069;S494;S044;S045;S479;S024;S029;S035;S470;S466;S481;S589;S591;S068;S069;S494;S044;S045;S479;S024;S029;S035;S470;S466;S481;S589;S591;S1310;S1700
RR2000M,chris-jericho,championship_partner;source_ids,WWF Intercontinental Championship,Intercontinental,N/A,1,1999-12-12,42,FALSE,FALSE,S024;S046;S050;S058;S480;S476;S481;S671;S1235;S1700
RR2000M,crash-holly,current_champion_title;championship_level;championship_partner;reign_number;title_won_date;days_into_reign_at_event;source_ids,N/A,N/A,N/A,N/A,N/A,N/A,FALSE,FALSE,S024;S046;S050;S058;S480;S476;S481;S672;S1236;S1688;S1700
RR2000M,chyna,current_champion_title;championship_level;championship_partner;reign_number;title_won_date;days_into_reign_at_event;source_ids,N/A,N/A,N/A,N/A,N/A,N/A,FALSE,FALSE,S024;S046;S050;S058;S476;S481;S044;S045;S479;S666;S024;S046;S050;S058;S476;S481;S044;S045;S479;S666;S024;S046;S050;S058;S476;S481;S044;S045;S479;S666;S024;S046;S050;S058;S476;S481;S044;S045;S479;S666;S024;S046;S050;S058;S476;S481;S044;S045;S479;S666;S024;S046;S050;S058;S476;S481;S044;S045;S479;S666;S024;S046;S050;S058;S476;S481;S044;S045;S479;S666;S024;S046;S050;S058;S476;S481;S044;S045;S479;S666;S1230;S1700
RR2000M,faarooq,current_champion_title;championship_level;championship_partner;reign_number;title_won_date;days_into_reign_at_event;source_ids,N/A,N/A,N/A,N/A,N/A,N/A,FALSE,FALSE,S024;S046;S050;S058;S480;S476;S481;S024;S043;S050;S478;S474;S481;S638;S024;S037;S040;S049;S050;S051;S481;S487;S024;S043;S050;S478;S474;S481;S638;S024;S037;S040;S049;S050;S051;S481;S487;S024;S043;S050;S478;S474;S481;S638;S024;S037;S040;S049;S050;S051;S481;S487;S024;S043;S050;S478;S474;S481;S638;S024;S037;S040;S049;S050;S051;S481;S487;S024;S043;S050;S478;S474;S481;S638;S024;S037;S040;S049;S050;S051;S481;S487;S024;S043;S050;S478;S474;S481;S638;S024;S037;S040;S049;S050;S051;S481;S487;S024;S043;S050;S478;S474;S481;S638;S024;S037;S040;S049;S050;S051;S481;S487;S024;S043;S050;S478;S474;S481;S638;S1202;S1700
RR2000M,jesse-james,source_ids,WWF World Tag Team Championship,Tag Team,Billy Gunn,5,1999-11-08,76,TRUE,FALSE,S024;S046;S050;S058;S480;S476;S481;S044;S045;S479;S475;S639;S024;S046;S050;S058;S480;S476;S481;S044;S045;S479;S475;S639;S024;S046;S050;S058;S480;S476;S481;S044;S045;S479;S475;S639;S024;S046;S050;S058;S480;S476;S481;S044;S045;S479;S475;S639;S024;S046;S050;S058;S480;S476;S481;S044;S045;S479;S475;S639;S024;S046;S050;S058;S480;S476;S481;S044;S045;S479;S475;S639;S024;S046;S050;S058;S480;S476;S481;S044;S045;S479;S475;S639;S024;S046;S050;S058;S480;S476;S481;S044;S045;S479;S475;S639;S1220;S1700
RR2000M,al-snow,current_champion_title;championship_level;championship_partner;reign_number;title_won_date;days_into_reign_at_event;source_ids,N/A,N/A,N/A,N/A,N/A,N/A,FALSE,FALSE,S024;S046;S050;S058;S480;S476;S481;S044;S045;S479;S662;S040;S049;S050;S481;S044;S045;S479;S662;S040;S049;S050;S481;S044;S045;S479;S662;S040;S049;S050;S481;S044;S045;S479;S662;S040;S049;S050;S481;S044;S045;S479;S662;S040;S049;S050;S481;S044;S045;S479;S662;S040;S049;S050;S481;S044;S045;S479;S662;S040;S049;S050;S481;S044;S045;S479;S662;S1222;S1700
RR2000M,val-venis,current_champion_title;championship_level;championship_partner;reign_number;title_won_date;days_into_reign_at_event;source_ids,N/A,N/A,N/A,N/A,N/A,N/A,FALSE,FALSE,S024;S046;S050;S058;S476;S481;S044;S045;S665;S040;S049;S050;S481;S044;S045;S665;S040;S049;S050;S481;S044;S045;S665;S040;S049;S050;S481;S044;S045;S665;S040;S049;S050;S481;S044;S045;S665;S040;S049;S050;S481;S044;S045;S665;S040;S049;S050;S481;S044;S045;S665;S040;S049;S050;S481;S044;S045;S665;S1228;S1700
RR2000M,prince-albert,current_champion_title;championship_level;championship_partner;reign_number;title_won_date;days_into_reign_at_event;source_ids,N/A,N/A,N/A,N/A,N/A,N/A,FALSE,FALSE,S024;S046;S050;S058;S480;S476;S481;S673;S1310;S1700
RR2000M,hardcore-holly,current_champion_title;championship_level;championship_partner;reign_number;title_won_date;days_into_reign_at_event;source_ids,N/A,N/A,N/A,N/A,N/A,N/A,FALSE,FALSE,S024;S046;S050;S058;S480;S476;S481;S674;S1237;S592;S1700
RR2000M,billy-gunn,source_ids,WWF World Tag Team Championship,Tag Team,Road Dogg,5,1999-11-08,76,TRUE,FALSE,S024;S046;S050;S058;S480;S476;S481;S044;S045;S479;S024;S029;S035;S470;S466;S481;S593;S595;S067;S073;S040;S052;S042;S481;S044;S045;S479;S024;S029;S035;S470;S466;S481;S593;S595;S067;S073;S040;S052;S042;S481;S044;S045;S479;S024;S029;S035;S470;S466;S481;S593;S595;S067;S073;S040;S052;S042;S481;S044;S045;S479;S024;S029;S035;S470;S466;S481;S593;S595;S067;S073;S040;S052;S042;S481;S044;S045;S479;S024;S029;S035;S470;S466;S481;S593;S595;S067;S073;S040;S052;S042;S481;S044;S045;S479;S024;S029;S035;S470;S466;S481;S593;S595;S067;S073;S040;S052;S042;S481;S044;S045;S479;S024;S029;S035;S470;S466;S481;S593;S595;S067;S073;S040;S052;S042;S481;S044;S045;S479;S024;S029;S035;S470;S466;S481;S593;S595;S1224;S1700
RR2000M,big-show,current_champion_title;championship_level;championship_partner;reign_number;title_won_date;days_into_reign_at_event;source_ids,N/A,N/A,N/A,N/A,N/A,N/A,FALSE,FALSE,S024;S046;S050;S058;S476;S481;S675;S1238;S1700
RR2000M,bradshaw,current_champion_title;championship_level;championship_partner;reign_number;title_won_date;days_into_reign_at_event;source_ids,N/A,N/A,N/A,N/A,N/A,N/A,FALSE,FALSE,S024;S037;S046;S050;S058;S059;S480;S476;S481;S024;S043;S050;S474;S481;S645;S067;S073;S040;S052;S042;S481;S024;S043;S050;S474;S481;S645;S067;S073;S040;S052;S042;S481;S024;S043;S050;S474;S481;S645;S067;S073;S040;S052;S042;S481;S024;S043;S050;S474;S481;S645;S067;S073;S040;S052;S042;S481;S024;S043;S050;S474;S481;S645;S067;S073;S040;S052;S042;S481;S024;S043;S050;S474;S481;S645;S067;S073;S040;S052;S042;S481;S024;S043;S050;S474;S481;S645;S067;S073;S040;S052;S042;S481;S024;S043;S050;S474;S481;S645;S1310;S1700
RR2000M,kane,current_champion_title;championship_level;championship_partner;reign_number;title_won_date;days_into_reign_at_event;source_ids,N/A,N/A,N/A,N/A,N/A,N/A,FALSE,FALSE,S024;S037;S046;S050;S058;S059;S476;S481;S044;S045;S479;S628;S068;S069;S044;S045;S479;S628;S068;S069;S044;S045;S479;S628;S068;S069;S044;S045;S479;S628;S068;S069;S044;S045;S479;S628;S068;S069;S044;S045;S479;S628;S068;S069;S044;S045;S479;S628;S068;S069;S044;S045;S479;S628;S1223;S1700
RR2000M,the-godfather,current_champion_title;championship_level;championship_partner;reign_number;title_won_date;days_into_reign_at_event;source_ids,N/A,N/A,N/A,N/A,N/A,N/A,FALSE,FALSE,S024;S046;S050;S058;S480;S476;S481;S044;S045;S479;S622;S040;S049;S050;S481;S044;S045;S479;S622;S040;S049;S050;S481;S044;S045;S479;S622;S040;S049;S050;S481;S044;S045;S479;S622;S040;S049;S050;S481;S044;S045;S479;S622;S040;S049;S050;S481;S044;S045;S479;S622;S040;S049;S050;S481;S044;S045;S479;S622;S040;S049;S050;S481;S044;S045;S479;S622;S1310;S1700
RR2000M,1-2-3-kid,current_champion_title;championship_level;championship_partner;reign_number;title_won_date;days_into_reign_at_event;source_ids,N/A,N/A,N/A,N/A,N/A,N/A,FALSE,FALSE,S024;S046;S050;S058;S480;S476;S481;S044;S045;S479;S475;S615;S024;S046;S050;S058;S480;S476;S481;S044;S045;S479;S475;S615;S024;S046;S050;S058;S480;S476;S481;S044;S045;S479;S475;S615;S024;S046;S050;S058;S480;S476;S481;S044;S045;S479;S475;S615;S024;S046;S050;S058;S480;S476;S481;S044;S045;S479;S475;S615;S024;S046;S050;S058;S480;S476;S481;S044;S045;S479;S475;S615;S024;S046;S050;S058;S480;S476;S481;S044;S045;S479;S475;S615;S024;S046;S050;S058;S480;S476;S481;S044;S045;S479;S475;S615;S1229;S1700
RR2000M,rocky-maivia,current_champion_title;championship_level;championship_partner;reign_number;title_won_date;days_into_reign_at_event;source_ids,N/A,N/A,N/A,N/A,N/A,N/A,FALSE,FALSE,S024;S046;S050;S058;S480;S024;S043;S050;S478;S474;S481;S641;S047;S048;S486;S024;S043;S050;S478;S474;S481;S641;S047;S048;S486;S024;S043;S050;S478;S474;S481;S641;S047;S048;S486;S024;S043;S050;S478;S474;S481;S641;S047;S048;S486;S024;S043;S050;S478;S474;S481;S641;S047;S048;S486;S024;S043;S050;S478;S474;S481;S641;S047;S048;S486;S024;S043;S050;S478;S474;S481;S641;S047;S048;S486;S024;S043;S050;S478;S474;S481;S641;S1200;S1700
RR2001M,jeff-hardy,current_champion_title;championship_level;championship_partner;reign_number;title_won_date;days_into_reign_at_event;source_ids,N/A,N/A,N/A,N/A,N/A,N/A,FALSE,FALSE,S047;S048;S486;S482;S676;S1239;S1700
RR2001M,bull-buchanan,current_champion_title;championship_level;championship_partner;reign_number;title_won_date;days_into_reign_at_event;source_ids,N/A,N/A,N/A,N/A,N/A,N/A,FALSE,FALSE,S047;S048;S482;S486;S677;S1311;S1700
RR2001M,matt-hardy,current_champion_title;championship_level;championship_partner;reign_number;title_won_date;days_into_reign_at_event;source_ids,N/A,N/A,N/A,N/A,N/A,N/A,FALSE,FALSE,S047;S048;S486;S482;S678;S1241;S1700
RR2001M,faarooq,current_champion_title;championship_level;championship_partner;reign_number;title_won_date;days_into_reign_at_event;source_ids,N/A,N/A,N/A,N/A,N/A,N/A,FALSE,FALSE,S047;S048;S434;S486;S024;S043;S050;S478;S474;S481;S638;S024;S037;S040;S049;S050;S051;S481;S487;S024;S043;S050;S478;S474;S481;S638;S024;S037;S040;S049;S050;S051;S481;S487;S024;S043;S050;S478;S474;S481;S638;S024;S037;S040;S049;S050;S051;S481;S487;S024;S043;S050;S478;S474;S481;S638;S024;S037;S040;S049;S050;S051;S481;S487;S024;S043;S050;S478;S474;S481;S638;S024;S037;S040;S049;S050;S051;S481;S487;S024;S043;S050;S478;S474;S481;S638;S024;S037;S040;S049;S050;S051;S481;S487;S024;S043;S050;S478;S474;S481;S638;S024;S037;S040;S049;S050;S051;S481;S487;S024;S043;S050;S478;S474;S481;S638;S1202;S1700
RR2001M,drew-carey,current_champion_title;championship_level;championship_partner;reign_number;title_won_date;days_into_reign_at_event;source_ids,N/A,N/A,N/A,N/A,N/A,N/A,FALSE,FALSE,S047;S048;S679;S1311;S1700
RR2001M,kane,current_champion_title;championship_level;championship_partner;reign_number;title_won_date;days_into_reign_at_event;source_ids,N/A,N/A,N/A,N/A,N/A,N/A,FALSE,FALSE,S047;S048;S486;S044;S045;S479;S628;S068;S069;S044;S045;S479;S628;S068;S069;S044;S045;S479;S628;S068;S069;S044;S045;S479;S628;S068;S069;S044;S045;S479;S628;S068;S069;S044;S045;S479;S628;S068;S069;S044;S045;S479;S628;S068;S069;S044;S045;S479;S628;S1223;S1700
RR2001M,raven,championship_partner;source_ids,WWF Hardcore Championship,Other,N/A,1,2000-12-22,30,FALSE,FALSE,S047;S048;S486;S482;S680;S1243;S1700
RR2001M,al-snow,current_champion_title;championship_level;championship_partner;reign_number;title_won_date;days_into_reign_at_event;source_ids,N/A,N/A,N/A,N/A,N/A,N/A,FALSE,FALSE,S047;S048;S044;S045;S479;S662;S040;S049;S050;S481;S044;S045;S479;S662;S040;S049;S050;S481;S044;S045;S479;S662;S040;S049;S050;S481;S044;S045;S479;S662;S040;S049;S050;S481;S044;S045;S479;S662;S040;S049;S050;S481;S044;S045;S479;S662;S040;S049;S050;S481;S044;S045;S479;S662;S040;S049;S050;S481;S044;S045;S479;S662;S1222;S1700
RR2001M,perry-saturn,current_champion_title;championship_level;championship_partner;reign_number;title_won_date;days_into_reign_at_event;source_ids,N/A,N/A,N/A,N/A,N/A,N/A,FALSE,FALSE,S047;S048;S486;S681;S1244;S1700
RR2001M,steve-blackman,current_champion_title;championship_level;championship_partner;reign_number;title_won_date;days_into_reign_at_event;source_ids,N/A,N/A,N/A,N/A,N/A,N/A,FALSE,FALSE,S047;S048;S044;S045;S644;S047;S048;S044;S045;S644;S047;S048;S044;S045;S644;S047;S048;S044;S045;S644;S047;S048;S044;S045;S644;S047;S048;S044;S045;S644;S047;S048;S044;S045;S644;S047;S048;S044;S045;S644;S1199;S1700
RR2001M,brian-christopher,current_champion_title;championship_level;championship_partner;reign_number;title_won_date;days_into_reign_at_event;source_ids,N/A,N/A,N/A,N/A,N/A,N/A,FALSE,FALSE,S047;S048;S486;S668;S1231;S1700
RR2001M,the-honky-tonk-man,current_champion_title;championship_level;championship_partner;reign_number;title_won_date;days_into_reign_at_event;source_ids,N/A,N/A,N/A,N/A,N/A,N/A,FALSE,FALSE,S047;S048;S486;S047;S048;S486;S047;S048;S486;S047;S048;S486;S047;S048;S486;S047;S048;S486;S047;S048;S486;S047;S048;S486;S047;S048;S486;S047;S048;S486;S047;S048;S486;S047;S048;S486;S047;S048;S486;S047;S048;S486;S047;S048;S486;S047;S048;S486;S1311;S1700
RR2001M,rocky-maivia,current_champion_title;championship_level;championship_partner;reign_number;title_won_date;days_into_reign_at_event;source_ids,N/A,N/A,N/A,N/A,N/A,N/A,FALSE,FALSE,S047;S048;S486;S024;S043;S050;S478;S474;S481;S641;S047;S048;S486;S024;S043;S050;S478;S474;S481;S641;S047;S048;S486;S024;S043;S050;S478;S474;S481;S641;S047;S048;S486;S024;S043;S050;S478;S474;S481;S641;S047;S048;S486;S024;S043;S050;S478;S474;S481;S641;S047;S048;S486;S024;S043;S050;S478;S474;S481;S641;S047;S048;S486;S024;S043;S050;S478;S474;S481;S641;S047;S048;S486;S024;S043;S050;S478;S474;S481;S641;S1200;S1700
RR2001M,the-godfather,current_champion_title;championship_level;championship_partner;reign_number;title_won_date;days_into_reign_at_event;source_ids,N/A,N/A,N/A,N/A,N/A,N/A,FALSE,FALSE,S047;S048;S434;S486;S482;S044;S045;S479;S622;S040;S049;S050;S481;S044;S045;S479;S622;S040;S049;S050;S481;S044;S045;S479;S622;S040;S049;S050;S481;S044;S045;S479;S622;S040;S049;S050;S481;S044;S045;S479;S622;S040;S049;S050;S481;S044;S045;S479;S622;S040;S049;S050;S481;S044;S045;S479;S622;S040;S049;S050;S481;S044;S045;S479;S622;S1311;S1700
RR2001M,tazz,current_champion_title;championship_level;championship_partner;reign_number;title_won_date;days_into_reign_at_event;source_ids,N/A,N/A,N/A,N/A,N/A,N/A,FALSE,FALSE,S047;S048;S682;S1245;S1700
RR2001M,bradshaw,current_champion_title;championship_level;championship_partner;reign_number;title_won_date;days_into_reign_at_event;source_ids,N/A,N/A,N/A,N/A,N/A,N/A,FALSE,FALSE,S047;S048;S434;S486;S024;S043;S050;S474;S481;S645;S067;S073;S040;S052;S042;S481;S024;S043;S050;S474;S481;S645;S067;S073;S040;S052;S042;S481;S024;S043;S050;S474;S481;S645;S067;S073;S040;S052;S042;S481;S024;S043;S050;S474;S481;S645;S067;S073;S040;S052;S042;S481;S024;S043;S050;S474;S481;S645;S067;S073;S040;S052;S042;S481;S024;S043;S050;S474;S481;S645;S067;S073;S040;S052;S042;S481;S024;S043;S050;S474;S481;S645;S067;S073;S040;S052;S042;S481;S024;S043;S050;S474;S481;S645;S1311;S1700
RR2001M,prince-albert,current_champion_title;championship_level;championship_partner;reign_number;title_won_date;days_into_reign_at_event;source_ids,N/A,N/A,N/A,N/A,N/A,N/A,FALSE,FALSE,S047;S048;S673;S1311;S1700
RR2001M,hardcore-holly,current_champion_title;championship_level;championship_partner;reign_number;title_won_date;days_into_reign_at_event;source_ids,N/A,N/A,N/A,N/A,N/A,N/A,FALSE,FALSE,S047;S048;S434;S674;S1237;S592;S1700
RR2001M,k-kwik,current_champion_title;championship_level;championship_partner;reign_number;title_won_date;days_into_reign_at_event;source_ids,N/A,N/A,N/A,N/A,N/A,N/A,FALSE,FALSE,S047;S048;S434;S486;S683;S1311;S1700
RR2001M,val-venis,current_champion_title;championship_level;championship_partner;reign_number;title_won_date;days_into_reign_at_event;source_ids,N/A,N/A,N/A,N/A,N/A,N/A,FALSE,FALSE,S047;S048;S434;S482;S486;S044;S045;S665;S040;S049;S050;S481;S044;S045;S665;S040;S049;S050;S481;S044;S045;S665;S040;S049;S050;S481;S044;S045;S665;S040;S049;S050;S481;S044;S045;S665;S040;S049;S050;S481;S044;S045;S665;S040;S049;S050;S481;S044;S045;S665;S040;S049;S050;S481;S044;S045;S665;S1228;S1700
RR2001M,william-regal,championship_partner;source_ids,WWF European Championship,Other,N/A,2,2000-12-04,48,FALSE,FALSE,S047;S048;S434;S486;S482;S684;S1246;S1700
RR2001M,test,current_champion_title;championship_level;championship_partner;reign_number;title_won_date;days_into_reign_at_event;source_ids,N/A,N/A,N/A,N/A,N/A,N/A,FALSE,FALSE,S047;S048;S434;S044;S045;S479;S663;S067;S044;S045;S479;S663;S067;S044;S045;S479;S663;S067;S044;S045;S479;S663;S067;S044;S045;S479;S663;S067;S044;S045;S479;S663;S067;S044;S045;S479;S663;S067;S044;S045;S479;S663;S1225;S1700
RR2001M,big-show,current_champion_title;championship_level;championship_partner;reign_number;title_won_date;days_into_reign_at_event;source_ids,N/A,N/A,N/A,N/A,N/A,N/A,FALSE,FALSE,S047;S048;S675;S1238;S1700
RR2001M,crash-holly,current_champion_title;championship_level;championship_partner;reign_number;title_won_date;days_into_reign_at_event;source_ids,N/A,N/A,N/A,N/A,N/A,N/A,FALSE,FALSE,S047;S048;S672;S1236;S1688;S1700
RR2001M,the-undertaker,current_champion_title;championship_level;championship_partner;reign_number;title_won_date;days_into_reign_at_event;source_ids,N/A,N/A,N/A,N/A,N/A,N/A,FALSE,FALSE,S047;S048;S486;S033;S034;S027;S028;S465;S469;S543;S065;S066;S488;S033;S034;S027;S028;S465;S469;S543;S065;S066;S488;S033;S034;S027;S028;S465;S469;S543;S065;S066;S488;S033;S034;S027;S028;S465;S469;S543;S065;S066;S488;S033;S034;S027;S028;S465;S469;S543;S065;S066;S488;S033;S034;S027;S028;S465;S469;S543;S065;S066;S488;S033;S034;S027;S028;S465;S469;S543;S065;S066;S488;S033;S034;S027;S028;S465;S469;S543;S1311;S1700
RR2001M,scott-taylor,current_champion_title;championship_level;championship_partner;reign_number;title_won_date;days_into_reign_at_event;source_ids,N/A,N/A,N/A,N/A,N/A,N/A,FALSE,FALSE,S047;S048;S486;S729;S1311;S1700
RR2001M,steve-austin,current_champion_title;championship_level;championship_partner;reign_number;title_won_date;days_into_reign_at_event;source_ids,N/A,N/A,N/A,N/A,N/A,N/A,FALSE,FALSE,S025;S036;S040;S047;S048;S050;S486;S044;S045;S479;S624;S040;S049;S050;S481;S487;S044;S045;S479;S624;S040;S049;S050;S481;S487;S044;S045;S479;S624;S040;S049;S050;S481;S487;S044;S045;S479;S624;S040;S049;S050;S481;S487;S044;S045;S479;S624;S040;S049;S050;S481;S487;S044;S045;S479;S624;S040;S049;S050;S481;S487;S044;S045;S479;S624;S040;S049;S050;S481;S487;S044;S045;S479;S624;S1214;S1700
RR2001M,billy-gunn,current_champion_title;championship_level;championship_partner;reign_number;title_won_date;days_into_reign_at_event;source_ids,N/A,N/A,N/A,N/A,N/A,N/A,FALSE,FALSE,S047;S048;S044;S045;S479;S024;S029;S035;S470;S466;S481;S593;S595;S067;S073;S040;S052;S042;S481;S044;S045;S479;S024;S029;S035;S470;S466;S481;S593;S595;S067;S073;S040;S052;S042;S481;S044;S045;S479;S024;S029;S035;S470;S466;S481;S593;S595;S067;S073;S040;S052;S042;S481;S044;S045;S479;S024;S029;S035;S470;S466;S481;S593;S595;S067;S073;S040;S052;S042;S481;S044;S045;S479;S024;S029;S035;S470;S466;S481;S593;S595;S067;S073;S040;S052;S042;S481;S044;S045;S479;S024;S029;S035;S470;S466;S481;S593;S595;S067;S073;S040;S052;S042;S481;S044;S045;S479;S024;S029;S035;S470;S466;S481;S593;S595;S067;S073;S040;S052;S042;S481;S044;S045;S479;S024;S029;S035;S470;S466;S481;S593;S595;S1224;S1700
RR2001M,haku,current_champion_title;championship_level;championship_partner;reign_number;title_won_date;days_into_reign_at_event;source_ids,N/A,N/A,N/A,N/A,N/A,N/A,FALSE,FALSE,S047;S048;S434;S486;S685;S1247;S1700
RR2001M,rikishi,current_champion_title;championship_level;championship_partner;reign_number;title_won_date;days_into_reign_at_event;source_ids,N/A,N/A,N/A,N/A,N/A,N/A,FALSE,FALSE,S047;S048;S670;S1233;S1700
RR2002M,al-snow,current_champion_title;championship_level;championship_partner;reign_number;title_won_date;days_into_reign_at_event;source_ids,N/A,N/A,N/A,N/A,N/A,N/A,FALSE,FALSE,S040;S049;S050;S481;S044;S045;S479;S662;S040;S049;S050;S481;S044;S045;S479;S662;S040;S049;S050;S481;S044;S045;S479;S662;S040;S049;S050;S481;S044;S045;S479;S662;S040;S049;S050;S481;S044;S045;S479;S662;S040;S049;S050;S481;S044;S045;S479;S662;S040;S049;S050;S481;S044;S045;S479;S662;S040;S049;S050;S481;S044;S045;S479;S662;S1222;S1700
RR2002M,prince-albert,current_champion_title;championship_level;championship_partner;reign_number;title_won_date;days_into_reign_at_event;source_ids,N/A,N/A,N/A,N/A,N/A,N/A,FALSE,FALSE,S040;S049;S050;S481;S673;S1312;S1700
RR2002M,big-show,current_champion_title;championship_level;championship_partner;reign_number;title_won_date;days_into_reign_at_event;source_ids,N/A,N/A,N/A,N/A,N/A,N/A,FALSE,FALSE,S040;S049;S050;S481;S675;S1238;S1700
RR2002M,billy-gunn,current_champion_title;championship_level;championship_partner;reign_number;title_won_date;days_into_reign_at_event;source_ids,N/A,N/A,N/A,N/A,N/A,N/A,FALSE,FALSE,S040;S049;S050;S481;S487;S483;S044;S045;S479;S024;S029;S035;S470;S466;S481;S593;S595;S067;S073;S040;S052;S042;S481;S044;S045;S479;S024;S029;S035;S470;S466;S481;S593;S595;S067;S073;S040;S052;S042;S481;S044;S045;S479;S024;S029;S035;S470;S466;S481;S593;S595;S067;S073;S040;S052;S042;S481;S044;S045;S479;S024;S029;S035;S470;S466;S481;S593;S595;S067;S073;S040;S052;S042;S481;S044;S045;S479;S024;S029;S035;S470;S466;S481;S593;S595;S067;S073;S040;S052;S042;S481;S044;S045;S479;S024;S029;S035;S470;S466;S481;S593;S595;S067;S073;S040;S052;S042;S481;S044;S045;S479;S024;S029;S035;S470;S466;S481;S593;S595;S067;S073;S040;S052;S042;S481;S044;S045;S479;S024;S029;S035;S470;S466;S481;S593;S595;S1224;S1700
RR2002M,booker-t,current_champion_title;championship_level;championship_partner;reign_number;title_won_date;days_into_reign_at_event;source_ids,N/A,N/A,N/A,N/A,N/A,N/A,FALSE,FALSE,S040;S049;S050;S481;S686;S1248;S1700
RR2002M,big-boss-man,current_champion_title;championship_level;championship_partner;reign_number;title_won_date;days_into_reign_at_event;source_ids,N/A,N/A,N/A,N/A,N/A,N/A,FALSE,FALSE,S040;S049;S050;S481;S044;S045;S479;S664;S040;S049;S050;S481;S044;S045;S479;S664;S040;S049;S050;S481;S044;S045;S479;S664;S040;S049;S050;S481;S044;S045;S479;S664;S040;S049;S050;S481;S044;S045;S479;S664;S040;S049;S050;S481;S044;S045;S479;S664;S040;S049;S050;S481;S044;S045;S479;S664;S040;S049;S050;S481;S044;S045;S479;S664;S1226;S1700
RR2002M,bradshaw,current_champion_title;championship_level;championship_partner;reign_number;title_won_date;days_into_reign_at_event;source_ids,N/A,N/A,N/A,N/A,N/A,N/A,FALSE,FALSE,S040;S049;S050;S481;S487;S024;S043;S050;S474;S481;S645;S067;S073;S040;S052;S042;S481;S024;S043;S050;S474;S481;S645;S067;S073;S040;S052;S042;S481;S024;S043;S050;S474;S481;S645;S067;S073;S040;S052;S042;S481;S024;S043;S050;S474;S481;S645;S067;S073;S040;S052;S042;S481;S024;S043;S050;S474;S481;S645;S067;S073;S040;S052;S042;S481;S024;S043;S050;S474;S481;S645;S067;S073;S040;S052;S042;S481;S024;S043;S050;S474;S481;S645;S067;S073;S040;S052;S042;S481;S024;S043;S050;S474;S481;S645;S1312;S1700
RR2002M,christian,championship_partner;source_ids,WWF European Championship,Other,N/A,1,2001-11-01,80,FALSE,FALSE,S040;S049;S050;S481;S487;S483;S669;S1232;S1700
RR2002M,chuck-palumbo,current_champion_title;championship_level;championship_partner;reign_number;title_won_date;days_into_reign_at_event;source_ids,N/A,N/A,N/A,N/A,N/A,N/A,FALSE,FALSE,S040;S049;S050;S481;S487;S483;S687;S1249;S1700
RR2002M,diamond-dallas-page,current_champion_title;championship_level;championship_partner;reign_number;title_won_date;days_into_reign_at_event;source_ids,N/A,N/A,N/A,N/A,N/A,N/A,FALSE,FALSE,S040;S049;S050;S481;S688;S1250;S1700
RR2002M,faarooq,current_champion_title;championship_level;championship_partner;reign_number;title_won_date;days_into_reign_at_event;source_ids,N/A,N/A,N/A,N/A,N/A,N/A,FALSE,FALSE,S024;S037;S040;S049;S050;S051;S481;S487;S024;S043;S050;S478;S474;S481;S638;S024;S037;S040;S049;S050;S051;S481;S487;S024;S043;S050;S478;S474;S481;S638;S024;S037;S040;S049;S050;S051;S481;S487;S024;S043;S050;S478;S474;S481;S638;S024;S037;S040;S049;S050;S051;S481;S487;S024;S043;S050;S478;S474;S481;S638;S024;S037;S040;S049;S050;S051;S481;S487;S024;S043;S050;S478;S474;S481;S638;S024;S037;S040;S049;S050;S051;S481;S487;S024;S043;S050;S478;S474;S481;S638;S024;S037;S040;S049;S050;S051;S481;S487;S024;S043;S050;S478;S474;S481;S638;S024;S037;S040;S049;S050;S051;S481;S487;S024;S043;S050;S478;S474;S481;S638;S1202;S1700
RR2002M,the-godfather,current_champion_title;championship_level;championship_partner;reign_number;title_won_date;days_into_reign_at_event;source_ids,N/A,N/A,N/A,N/A,N/A,N/A,FALSE,FALSE,S040;S049;S050;S481;S044;S045;S479;S622;S040;S049;S050;S481;S044;S045;S479;S622;S040;S049;S050;S481;S044;S045;S479;S622;S040;S049;S050;S481;S044;S045;S479;S622;S040;S049;S050;S481;S044;S045;S479;S622;S040;S049;S050;S481;S044;S045;S479;S622;S040;S049;S050;S481;S044;S045;S479;S622;S040;S049;S050;S481;S044;S045;S479;S622;S1312;S1700
RR2002M,goldust,current_champion_title;championship_level;championship_partner;reign_number;title_won_date;days_into_reign_at_event;source_ids,N/A,N/A,N/A,N/A,N/A,N/A,FALSE,FALSE,S040;S049;S050;S481;S487;S044;S045;S634;S065;S066;S488;S044;S045;S634;S065;S066;S488;S044;S045;S634;S065;S066;S488;S044;S045;S634;S065;S066;S488;S044;S045;S634;S065;S066;S488;S044;S045;S634;S065;S066;S488;S044;S045;S634;S065;S066;S488;S044;S045;S634;S1312;S1700
RR2002M,jeff-hardy,current_champion_title;championship_level;championship_partner;reign_number;title_won_date;days_into_reign_at_event;source_ids,N/A,N/A,N/A,N/A,N/A,N/A,FALSE,FALSE,S040;S049;S050;S481;S487;S676;S1239;S1700
RR2002M,kane,current_champion_title;championship_level;championship_partner;reign_number;title_won_date;days_into_reign_at_event;source_ids,N/A,N/A,N/A,N/A,N/A,N/A,FALSE,FALSE,S040;S049;S050;S481;S487;S044;S045;S479;S628;S068;S069;S044;S045;S479;S628;S068;S069;S044;S045;S479;S628;S068;S069;S044;S045;S479;S628;S068;S069;S044;S045;S479;S628;S068;S069;S044;S045;S479;S628;S068;S069;S044;S045;S479;S628;S068;S069;S044;S045;S479;S628;S1223;S1700
RR2002M,kurt-angle,current_champion_title;championship_level;championship_partner;reign_number;title_won_date;days_into_reign_at_event;source_ids,N/A,N/A,N/A,N/A,N/A,N/A,FALSE,FALSE,S040;S049;S050;S481;S689;S1251;S1700
RR2002M,lance-storm,current_champion_title;championship_level;championship_partner;reign_number;title_won_date;days_into_reign_at_event;source_ids,N/A,N/A,N/A,N/A,N/A,N/A,FALSE,FALSE,S040;S049;S050;S481;S690;S1252;S1700
RR2002M,matt-hardy,current_champion_title;championship_level;championship_partner;reign_number;title_won_date;days_into_reign_at_event;source_ids,N/A,N/A,N/A,N/A,N/A,N/A,FALSE,FALSE,S040;S049;S050;S481;S487;S678;S1241;S1700
RR2002M,maven,current_champion_title;championship_level;championship_partner;reign_number;title_won_date;days_into_reign_at_event;source_ids,N/A,N/A,N/A,N/A,N/A,N/A,FALSE,FALSE,S049;S050;S481;S691;S1253;S1700
RR2002M,mr-perfect,current_champion_title;championship_level;championship_partner;reign_number;title_won_date;days_into_reign_at_event;source_ids,N/A,N/A,N/A,N/A,N/A,N/A,FALSE,FALSE,S040;S049;S050;S481;S487;S040;S049;S050;S481;S487;S040;S049;S050;S481;S487;S040;S049;S050;S481;S487;S040;S049;S050;S481;S487;S040;S049;S050;S481;S487;S040;S049;S050;S481;S487;S040;S049;S050;S481;S487;S040;S049;S050;S481;S487;S040;S049;S050;S481;S487;S040;S049;S050;S481;S487;S040;S049;S050;S481;S487;S040;S049;S050;S481;S487;S040;S049;S050;S481;S487;S040;S049;S050;S481;S487;S040;S049;S050;S481;S487;S1254;S1700
RR2002M,perry-saturn,current_champion_title;championship_level;championship_partner;reign_number;title_won_date;days_into_reign_at_event;source_ids,N/A,N/A,N/A,N/A,N/A,N/A,FALSE,FALSE,S040;S049;S050;S481;S681;S1244;S1700
RR2002M,rikishi,current_champion_title;championship_level;championship_partner;reign_number;title_won_date;days_into_reign_at_event;source_ids,N/A,N/A,N/A,N/A,N/A,N/A,FALSE,FALSE,S040;S049;S050;S481;S670;S1233;S1700
RR2002M,rob-van-dam,current_champion_title;championship_level;championship_partner;reign_number;title_won_date;days_into_reign_at_event;source_ids,N/A,N/A,N/A,N/A,N/A,N/A,FALSE,FALSE,S040;S049;S050;S481;S692;S1255;S1700
RR2002M,scott-taylor,current_champion_title;championship_level;championship_partner;reign_number;title_won_date;days_into_reign_at_event;source_ids,N/A,N/A,N/A,N/A,N/A,N/A,FALSE,FALSE,S040;S049;S050;S481;S729;S1312;S1700
RR2002M,steve-austin,current_champion_title;championship_level;championship_partner;reign_number;title_won_date;days_into_reign_at_event;source_ids,N/A,N/A,N/A,N/A,N/A,N/A,FALSE,FALSE,S040;S049;S050;S481;S487;S044;S045;S479;S624;S040;S049;S050;S481;S487;S044;S045;S479;S624;S040;S049;S050;S481;S487;S044;S045;S479;S624;S040;S049;S050;S481;S487;S044;S045;S479;S624;S040;S049;S050;S481;S487;S044;S045;S479;S624;S040;S049;S050;S481;S487;S044;S045;S479;S624;S040;S049;S050;S481;S487;S044;S045;S479;S624;S040;S049;S050;S481;S487;S044;S045;S479;S624;S1214;S1700
RR2002M,test,current_champion_title;championship_level;championship_partner;reign_number;title_won_date;days_into_reign_at_event;source_ids,N/A,N/A,N/A,N/A,N/A,N/A,FALSE,FALSE,S040;S049;S050;S481;S044;S045;S479;S663;S067;S044;S045;S479;S663;S067;S044;S045;S479;S663;S067;S044;S045;S479;S663;S067;S044;S045;S479;S663;S067;S044;S045;S479;S663;S067;S044;S045;S479;S663;S067;S044;S045;S479;S663;S1225;S1700
RR2002M,the-hurricane,current_champion_title;championship_level;championship_partner;reign_number;title_won_date;days_into_reign_at_event;source_ids,N/A,N/A,N/A,N/A,N/A,N/A,FALSE,FALSE,S040;S049;S050;S481;S487;S693;S1256;S1700
RR2002M,hunter-hearst-helmsley,current_champion_title;championship_level;championship_partner;reign_number;title_won_date;days_into_reign_at_event;source_ids,N/A,N/A,N/A,N/A,N/A,N/A,FALSE,FALSE,S024;S037;S040;S049;S050;S051;S044;S045;S479;S619;S024;S037;S040;S049;S050;S051;S044;S045;S479;S619;S024;S037;S040;S049;S050;S051;S044;S045;S479;S619;S024;S037;S040;S049;S050;S051;S044;S045;S479;S619;S024;S037;S040;S049;S050;S051;S044;S045;S479;S619;S024;S037;S040;S049;S050;S051;S044;S045;S479;S619;S024;S037;S040;S049;S050;S051;S044;S045;S479;S619;S024;S037;S040;S049;S050;S051;S044;S045;S479;S619;S1227;S1700
RR2002M,the-undertaker,championship_partner;source_ids,WWF Hardcore Championship,Other,N/A,1,2001-12-09,42,FALSE,FALSE,S040;S049;S050;S481;S487;S483;S033;S034;S027;S028;S465;S469;S543;S065;S066;S488;S033;S034;S027;S028;S465;S469;S543;S065;S066;S488;S033;S034;S027;S028;S465;S469;S543;S065;S066;S488;S033;S034;S027;S028;S465;S469;S543;S065;S066;S488;S033;S034;S027;S028;S465;S469;S543;S065;S066;S488;S033;S034;S027;S028;S465;S469;S543;S065;S066;S488;S033;S034;S027;S028;S465;S469;S543;S065;S066;S488;S033;S034;S027;S028;S465;S469;S543;S1312;S1700
RR2002M,val-venis,current_champion_title;championship_level;championship_partner;reign_number;title_won_date;days_into_reign_at_event;source_ids,N/A,N/A,N/A,N/A,N/A,N/A,FALSE,FALSE,S040;S049;S050;S481;S044;S045;S665;S040;S049;S050;S481;S044;S045;S665;S040;S049;S050;S481;S044;S045;S665;S040;S049;S050;S481;S044;S045;S665;S040;S049;S050;S481;S044;S045;S665;S040;S049;S050;S481;S044;S045;S665;S040;S049;S050;S481;S044;S045;S665;S040;S049;S050;S481;S044;S045;S665;S1228;S1700
RR1998M,skull,current_champion_title;championship_level;championship_partner;reign_number;title_won_date;days_into_reign_at_event;title_defended_same_card;title_lost_same_card;source_ids,N/A,N/A,N/A,N/A,N/A,N/A,N/A,N/A,S050;S053;S478;S601;S1308;S1700
RR1998M,vader,current_champion_title;championship_level;championship_partner;reign_number;title_won_date;days_into_reign_at_event;title_defended_same_card;title_lost_same_card;source_ids,N/A,N/A,N/A,N/A,N/A,N/A,N/A,N/A,S024;S050;S053;S474;S481;S626;S1257;S1700
RR2003M,shawn-michaels,current_champion_title;championship_level;championship_partner;reign_number;title_won_date;days_into_reign_at_event;source_ids,N/A,N/A,N/A,N/A,N/A,N/A,FALSE,FALSE,S065;S066;S488;S085;S086;S087;S088;S089;S090;S091;S092;S504;S499;S085;S086;S087;S088;S089;S090;S091;S092;S504;S499;S085;S086;S087;S088;S089;S090;S091;S092;S504;S499;S085;S086;S087;S088;S089;S090;S091;S092;S504;S499;S1258;S1700
RR2003M,chris-jericho,current_champion_title;championship_level;championship_partner;reign_number;title_won_date;days_into_reign_at_event;source_ids,N/A,N/A,N/A,N/A,N/A,N/A,FALSE,FALSE,S065;S066;S488;S671;S1235;S1700
RR2003M,chris-nowinski,current_champion_title;championship_level;championship_partner;reign_number;title_won_date;days_into_reign_at_event;source_ids,N/A,N/A,N/A,N/A,N/A,N/A,FALSE,FALSE,S065;S066;S694;S1259;S1700
RR2003M,rey-mysterio,current_champion_title;championship_level;championship_partner;reign_number;title_won_date;days_into_reign_at_event;source_ids,N/A,N/A,N/A,N/A,N/A,N/A,FALSE,FALSE,S065;S066;S488;S695;S1313;S1700
RR2003M,edge,current_champion_title;championship_level;championship_partner;reign_number;title_won_date;days_into_reign_at_event;source_ids,N/A,N/A,N/A,N/A,N/A,N/A,FALSE,FALSE,S065;S066;S488;S044;S045;S479;S656;S068;S069;S436;S044;S045;S479;S656;S068;S069;S436;S044;S045;S479;S656;S068;S069;S436;S044;S045;S479;S656;S068;S069;S436;S044;S045;S479;S656;S068;S069;S436;S044;S045;S479;S656;S068;S069;S436;S044;S045;S479;S656;S068;S069;S436;S044;S045;S479;S656;S1216;S1700
RR2003M,christian,current_champion_title;championship_level;championship_partner;reign_number;title_won_date;days_into_reign_at_event;source_ids,N/A,N/A,N/A,N/A,N/A,N/A,FALSE,FALSE,S065;S066;S488;S669;S1232;S1700
RR2003M,chavo-guerrero,source_ids,WWE Tag Team Championship,Tag Team,Eddie Guerrero,1,2002-11-17,63,FALSE,FALSE,S065;S066;S488;S484;S696;S1261;S1700
RR2003M,yoshihiro-tajiri,current_champion_title;championship_level;championship_partner;reign_number;title_won_date;days_into_reign_at_event;source_ids,N/A,N/A,N/A,N/A,N/A,N/A,FALSE,FALSE,S065;S066;S697;S1313;S1700
RR2003M,bill-demott,current_champion_title;championship_level;championship_partner;reign_number;title_won_date;days_into_reign_at_event;source_ids,N/A,N/A,N/A,N/A,N/A,N/A,FALSE,FALSE,S065;S066;S698;S1262;S1700
RR2003M,tommy-dreamer,current_champion_title;championship_level;championship_partner;reign_number;title_won_date;days_into_reign_at_event;source_ids,N/A,N/A,N/A,N/A,N/A,N/A,FALSE,FALSE,S065;S066;S699;S1263;S1700
RR2003M,bull-buchanan,current_champion_title;championship_level;championship_partner;reign_number;title_won_date;days_into_reign_at_event;source_ids,N/A,N/A,N/A,N/A,N/A,N/A,FALSE,FALSE,S065;S066;S488;S484;S677;S1313;S1700
RR2003M,rob-van-dam,current_champion_title;championship_level;championship_partner;reign_number;title_won_date;days_into_reign_at_event;source_ids,N/A,N/A,N/A,N/A,N/A,N/A,FALSE,FALSE,S065;S066;S692;S1255;S1700
RR2003M,matt-hardy,current_champion_title;championship_level;championship_partner;reign_number;title_won_date;days_into_reign_at_event;source_ids,N/A,N/A,N/A,N/A,N/A,N/A,FALSE,FALSE,S065;S066;S488;S484;S678;S1241;S1700
RR2003M,eddie-guerrero,source_ids,WWE Tag Team Championship,Tag Team,Chavo Guerrero,1,2002-11-17,63,FALSE,FALSE,S065;S066;S488;S484;S700;S1264;S1700
RR2003M,jeff-hardy,current_champion_title;championship_level;championship_partner;reign_number;title_won_date;days_into_reign_at_event;source_ids,N/A,N/A,N/A,N/A,N/A,N/A,FALSE,FALSE,S065;S066;S676;S1239;S1700
RR2003M,rosey,current_champion_title;championship_level;championship_partner;reign_number;title_won_date;days_into_reign_at_event;source_ids,N/A,N/A,N/A,N/A,N/A,N/A,FALSE,FALSE,S065;S066;S488;S484;S701;S1265;S1700
RR2003M,test,current_champion_title;championship_level;championship_partner;reign_number;title_won_date;days_into_reign_at_event;source_ids,N/A,N/A,N/A,N/A,N/A,N/A,FALSE,FALSE,S065;S066;S044;S045;S479;S663;S067;S044;S045;S479;S663;S067;S044;S045;S479;S663;S067;S044;S045;S479;S663;S067;S044;S045;S479;S663;S067;S044;S045;S479;S663;S067;S044;S045;S479;S663;S067;S044;S045;S479;S663;S1225;S1700
RR2003M,john-cena,current_champion_title;championship_level;championship_partner;reign_number;title_won_date;days_into_reign_at_event;source_ids,N/A,N/A,N/A,N/A,N/A,N/A,FALSE,FALSE,S065;S066;S488;S484;S702;S1266;S1700
RR2003M,charlie-haas,current_champion_title;championship_level;championship_partner;reign_number;title_won_date;days_into_reign_at_event;source_ids,N/A,N/A,N/A,N/A,N/A,N/A,FALSE,FALSE,S065;S066;S488;S484;S703;S1267;S1700
RR2003M,rikishi,current_champion_title;championship_level;championship_partner;reign_number;title_won_date;days_into_reign_at_event;source_ids,N/A,N/A,N/A,N/A,N/A,N/A,FALSE,FALSE,S065;S066;S670;S1233;S1700
RR2003M,jamal,current_champion_title;championship_level;championship_partner;reign_number;title_won_date;days_into_reign_at_event;source_ids,N/A,N/A,N/A,N/A,N/A,N/A,FALSE,FALSE,S065;S066;S488;S484;S704;S1313;S1700
RR2003M,kane,current_champion_title;championship_level;championship_partner;reign_number;title_won_date;days_into_reign_at_event;source_ids,N/A,N/A,N/A,N/A,N/A,N/A,FALSE,FALSE,S065;S066;S044;S045;S479;S628;S068;S069;S044;S045;S479;S628;S068;S069;S044;S045;S479;S628;S068;S069;S044;S045;S479;S628;S068;S069;S044;S045;S479;S628;S068;S069;S044;S045;S479;S628;S068;S069;S044;S045;S479;S628;S068;S069;S044;S045;S479;S628;S1223;S1700
RR2003M,shelton-benjamin,current_champion_title;championship_level;championship_partner;reign_number;title_won_date;days_into_reign_at_event;source_ids,N/A,N/A,N/A,N/A,N/A,N/A,FALSE,FALSE,S065;S066;S488;S484;S705;S1268;S1700
RR2003M,booker-t,current_champion_title;championship_level;championship_partner;reign_number;title_won_date;days_into_reign_at_event;source_ids,N/A,N/A,N/A,N/A,N/A,N/A,FALSE,FALSE,S065;S066;S488;S686;S1248;S1700
RR2003M,prince-albert,current_champion_title;championship_level;championship_partner;reign_number;title_won_date;days_into_reign_at_event;source_ids,N/A,N/A,N/A,N/A,N/A,N/A,FALSE,FALSE,S065;S066;S488;S673;S1313;S1700
RR2003M,maven,current_champion_title;championship_level;championship_partner;reign_number;title_won_date;days_into_reign_at_event;source_ids,N/A,N/A,N/A,N/A,N/A,N/A,FALSE,FALSE,S065;S066;S691;S1253;S1700
RR2003M,goldust,current_champion_title;championship_level;championship_partner;reign_number;title_won_date;days_into_reign_at_event;source_ids,N/A,N/A,N/A,N/A,N/A,N/A,FALSE,FALSE,S065;S066;S488;S044;S045;S634;S065;S066;S488;S044;S045;S634;S065;S066;S488;S044;S045;S634;S065;S066;S488;S044;S045;S634;S065;S066;S488;S044;S045;S634;S065;S066;S488;S044;S045;S634;S065;S066;S488;S044;S045;S634;S065;S066;S488;S044;S045;S634;S1313;S1700
RR2003M,batista,current_champion_title;championship_level;championship_partner;reign_number;title_won_date;days_into_reign_at_event;source_ids,N/A,N/A,N/A,N/A,N/A,N/A,FALSE,FALSE,S065;S066;S706;S1269;S1700
RR2003M,brock-lesnar,current_champion_title;championship_level;championship_partner;reign_number;title_won_date;days_into_reign_at_event;source_ids,N/A,N/A,N/A,N/A,N/A,N/A,FALSE,FALSE,S065;S066;S707;S1270;S1700
RR2003M,the-undertaker,current_champion_title;championship_level;championship_partner;reign_number;title_won_date;days_into_reign_at_event;source_ids,N/A,N/A,N/A,N/A,N/A,N/A,FALSE,FALSE,S065;S066;S488;S033;S034;S027;S028;S465;S469;S543;S065;S066;S488;S033;S034;S027;S028;S465;S469;S543;S065;S066;S488;S033;S034;S027;S028;S465;S469;S543;S065;S066;S488;S033;S034;S027;S028;S465;S469;S543;S065;S066;S488;S033;S034;S027;S028;S465;S469;S543;S065;S066;S488;S033;S034;S027;S028;S465;S469;S543;S065;S066;S488;S033;S034;S027;S028;S465;S469;S543;S065;S066;S488;S033;S034;S027;S028;S465;S469;S543;S1313;S1700
RR2004M,chris-benoit,current_champion_title;championship_level;championship_partner;reign_number;title_won_date;days_into_reign_at_event;source_ids,N/A,N/A,N/A,N/A,N/A,N/A,FALSE,FALSE,S067;S073;S040;S052;S042;S708;S1271;S1700
RR2004M,randy-orton,championship_partner;source_ids,WWE Intercontinental Championship,Intercontinental,N/A,1,2003-12-14,42,FALSE,FALSE,S067;S073;S040;S052;S042;S481;S489;S485;S709;S1272;S1700
RR2004M,mark-henry,current_champion_title;championship_level;championship_partner;reign_number;title_won_date;days_into_reign_at_event;source_ids,N/A,N/A,N/A,N/A,N/A,N/A,FALSE,FALSE,S067;S073;S040;S052;S042;S481;S044;S045;S649;S067;S073;S040;S052;S042;S481;S044;S045;S649;S067;S073;S040;S052;S042;S481;S044;S045;S649;S067;S073;S040;S052;S042;S481;S044;S045;S649;S067;S073;S040;S052;S042;S481;S044;S045;S649;S067;S073;S040;S052;S042;S481;S044;S045;S649;S067;S073;S040;S052;S042;S481;S044;S045;S649;S067;S073;S040;S052;S042;S481;S044;S045;S649;S1205;S1700
RR2004M,yoshihiro-tajiri,current_champion_title;championship_level;championship_partner;reign_number;title_won_date;days_into_reign_at_event;source_ids,N/A,N/A,N/A,N/A,N/A,N/A,FALSE,FALSE,S067;S073;S040;S052;S042;S481;S485;S489;S697;S1314;S1700
RR2004M,rhyno,current_champion_title;championship_level;championship_partner;reign_number;title_won_date;days_into_reign_at_event;source_ids,N/A,N/A,N/A,N/A,N/A,N/A,FALSE,FALSE,S067;S073;S040;S052;S042;S481;S710;S1273;S1700
RR2004M,bradshaw,current_champion_title;championship_level;championship_partner;reign_number;title_won_date;days_into_reign_at_event;source_ids,N/A,N/A,N/A,N/A,N/A,N/A,FALSE,FALSE,S067;S073;S040;S052;S042;S481;S024;S043;S050;S474;S481;S645;S067;S073;S040;S052;S042;S481;S024;S043;S050;S474;S481;S645;S067;S073;S040;S052;S042;S481;S024;S043;S050;S474;S481;S645;S067;S073;S040;S052;S042;S481;S024;S043;S050;S474;S481;S645;S067;S073;S040;S052;S042;S481;S024;S043;S050;S474;S481;S645;S067;S073;S040;S052;S042;S481;S024;S043;S050;S474;S481;S645;S067;S073;S040;S052;S042;S481;S024;S043;S050;S474;S481;S645;S067;S073;S040;S052;S042;S481;S024;S043;S050;S474;S481;S645;S1314;S1700
RR2004M,matt-hardy,current_champion_title;championship_level;championship_partner;reign_number;title_won_date;days_into_reign_at_event;source_ids,N/A,N/A,N/A,N/A,N/A,N/A,FALSE,FALSE,S067;S073;S040;S052;S042;S481;S678;S1241;S1700
RR2004M,scott-steiner,current_champion_title;championship_level;championship_partner;reign_number;title_won_date;days_into_reign_at_event;source_ids,N/A,N/A,N/A,N/A,N/A,N/A,FALSE,FALSE,S067;S073;S040;S052;S042;S481;S024;S029;S035;S470;S466;S481;S597;S067;S073;S040;S052;S042;S481;S024;S029;S035;S470;S466;S481;S597;S067;S073;S040;S052;S042;S481;S024;S029;S035;S470;S466;S481;S597;S067;S073;S040;S052;S042;S481;S024;S029;S035;S470;S466;S481;S597;S067;S073;S040;S052;S042;S481;S024;S029;S035;S470;S466;S481;S597;S067;S073;S040;S052;S042;S481;S024;S029;S035;S470;S466;S481;S597;S067;S073;S040;S052;S042;S481;S024;S029;S035;S470;S466;S481;S597;S067;S073;S040;S052;S042;S481;S024;S029;S035;S470;S466;S481;S597;S1274;S1700
RR2004M,matt-morgan,current_champion_title;championship_level;championship_partner;reign_number;title_won_date;days_into_reign_at_event;source_ids,N/A,N/A,N/A,N/A,N/A,N/A,FALSE,FALSE,S067;S073;S040;S052;S042;S481;S711;S1275;S1700
RR2004M,the-hurricane,current_champion_title;championship_level;championship_partner;reign_number;title_won_date;days_into_reign_at_event;source_ids,N/A,N/A,N/A,N/A,N/A,N/A,FALSE,FALSE,S067;S073;S040;S052;S042;S481;S489;S693;S1256;S1700
RR2004M,booker-t,current_champion_title;championship_level;championship_partner;reign_number;title_won_date;days_into_reign_at_event;source_ids,N/A,N/A,N/A,N/A,N/A,N/A,FALSE,FALSE,S067;S073;S040;S052;S042;S481;S686;S1248;S1700
RR2004M,spike-dudley,current_champion_title;championship_level;championship_partner;reign_number;title_won_date;days_into_reign_at_event;source_ids,N/A,N/A,N/A,N/A,N/A,N/A,FALSE,FALSE,S040;S042;S052;S067;S073;S073;S040;S712;S1276;S1697;S1700
RR2004M,kane,current_champion_title;championship_level;championship_partner;reign_number;title_won_date;days_into_reign_at_event;source_ids,N/A,N/A,N/A,N/A,N/A,N/A,FALSE,FALSE,S067;S073;S040;S052;S042;S481;S044;S045;S479;S628;S068;S069;S044;S045;S479;S628;S068;S069;S044;S045;S479;S628;S068;S069;S044;S045;S479;S628;S068;S069;S044;S045;S479;S628;S068;S069;S044;S045;S479;S628;S068;S069;S044;S045;S479;S628;S068;S069;S044;S045;S479;S628;S1223;S1700
RR2004M,rikishi,current_champion_title;championship_level;championship_partner;reign_number;title_won_date;days_into_reign_at_event;source_ids,N/A,N/A,N/A,N/A,N/A,N/A,FALSE,FALSE,S067;S073;S040;S052;S042;S481;S670;S1233;S1700
RR2004M,renee-dupree,current_champion_title;championship_level;championship_partner;reign_number;title_won_date;days_into_reign_at_event;source_ids,N/A,N/A,N/A,N/A,N/A,N/A,FALSE,FALSE,S067;S073;S040;S052;S042;S481;S489;S713;S1314;S1700
RR2004M,prince-albert,current_champion_title;championship_level;championship_partner;reign_number;title_won_date;days_into_reign_at_event;source_ids,N/A,N/A,N/A,N/A,N/A,N/A,FALSE,FALSE,S067;S073;S040;S052;S042;S481;S489;S673;S1314;S1700
RR2004M,shelton-benjamin,current_champion_title;championship_level;championship_partner;reign_number;title_won_date;days_into_reign_at_event;source_ids,N/A,N/A,N/A,N/A,N/A,N/A,FALSE,FALSE,S067;S073;S040;S052;S042;S481;S489;S705;S1268;S1700
RR2004M,ernest-miller,current_champion_title;championship_level;championship_partner;reign_number;title_won_date;days_into_reign_at_event;source_ids,N/A,N/A,N/A,N/A,N/A,N/A,FALSE,FALSE,S067;S073;S040;S052;S042;S481;S485;S489;S714;S1314;S1700
RR2004M,kurt-angle,current_champion_title;championship_level;championship_partner;reign_number;title_won_date;days_into_reign_at_event;source_ids,N/A,N/A,N/A,N/A,N/A,N/A,FALSE,FALSE,S067;S073;S040;S052;S042;S481;S689;S1251;S1700
RR2004M,rico,current_champion_title;championship_level;championship_partner;reign_number;title_won_date;days_into_reign_at_event;source_ids,N/A,N/A,N/A,N/A,N/A,N/A,FALSE,FALSE,S067;S073;S040;S052;S042;S481;S715;S1278;S1700
RR2004M,mick-foley,current_champion_title;championship_level;championship_partner;reign_number;title_won_date;days_into_reign_at_event;source_ids,N/A,N/A,N/A,N/A,N/A,N/A,FALSE,FALSE,S067;S073;S040;S052;S042;S481;S489;S716;S1279;S1700
RR2004M,christian,current_champion_title;championship_level;championship_partner;reign_number;title_won_date;days_into_reign_at_event;source_ids,N/A,N/A,N/A,N/A,N/A,N/A,FALSE,FALSE,S067;S073;S040;S052;S042;S481;S489;S669;S1232;S1700
RR2004M,nunzio,current_champion_title;championship_level;championship_partner;reign_number;title_won_date;days_into_reign_at_event;source_ids,N/A,N/A,N/A,N/A,N/A,N/A,FALSE,FALSE,S067;S073;S040;S052;S042;S481;S489;S717;S1314;S1700
RR2004M,big-show,championship_partner;source_ids,WWE United States Championship,Intercontinental/United States,N/A,1,2003-10-19,98,FALSE,FALSE,S067;S073;S040;S052;S042;S481;S489;S485;S675;S1238;S1700
RR2004M,chris-jericho,current_champion_title;championship_level;championship_partner;reign_number;title_won_date;days_into_reign_at_event;source_ids,N/A,N/A,N/A,N/A,N/A,N/A,FALSE,FALSE,S067;S073;S040;S052;S042;S481;S489;S671;S1235;S1700
RR2004M,charlie-haas,current_champion_title;championship_level;championship_partner;reign_number;title_won_date;days_into_reign_at_event;source_ids,N/A,N/A,N/A,N/A,N/A,N/A,FALSE,FALSE,S067;S073;S040;S052;S042;S481;S489;S703;S1267;S1700
RR2004M,billy-gunn,current_champion_title;championship_level;championship_partner;reign_number;title_won_date;days_into_reign_at_event;source_ids,N/A,N/A,N/A,N/A,N/A,N/A,FALSE,FALSE,S067;S073;S040;S052;S042;S481;S044;S045;S479;S024;S029;S035;S470;S466;S481;S593;S595;S067;S073;S040;S052;S042;S481;S044;S045;S479;S024;S029;S035;S470;S466;S481;S593;S595;S067;S073;S040;S052;S042;S481;S044;S045;S479;S024;S029;S035;S470;S466;S481;S593;S595;S067;S073;S040;S052;S042;S481;S044;S045;S479;S024;S029;S035;S470;S466;S481;S593;S595;S067;S073;S040;S052;S042;S481;S044;S045;S479;S024;S029;S035;S470;S466;S481;S593;S595;S067;S073;S040;S052;S042;S481;S044;S045;S479;S024;S029;S035;S470;S466;S481;S593;S595;S067;S073;S040;S052;S042;S481;S044;S045;S479;S024;S029;S035;S470;S466;S481;S593;S595;S067;S073;S040;S052;S042;S481;S044;S045;S479;S024;S029;S035;S470;S466;S481;S593;S595;S1224;S1700
RR2004M,john-cena,current_champion_title;championship_level;championship_partner;reign_number;title_won_date;days_into_reign_at_event;source_ids,N/A,N/A,N/A,N/A,N/A,N/A,FALSE,FALSE,S067;S073;S040;S052;S042;S481;S702;S1266;S1700
RR2004M,rob-van-dam,current_champion_title;championship_level;championship_partner;reign_number;title_won_date;days_into_reign_at_event;source_ids,N/A,N/A,N/A,N/A,N/A,N/A,FALSE,FALSE,S067;S073;S040;S052;S042;S481;S692;S1255;S1700
RR2004M,bill-goldberg,current_champion_title;championship_level;championship_partner;reign_number;title_won_date;days_into_reign_at_event;source_ids,N/A,N/A,N/A,N/A,N/A,N/A,FALSE,FALSE,S067;S073;S040;S052;S042;S481;S718;S1314;S1700
RR2004M,test,current_champion_title;championship_level;championship_partner;reign_number;title_won_date;days_into_reign_at_event;source_ids,N/A,N/A,N/A,N/A,N/A,N/A,FALSE,FALSE,S067;S044;S045;S479;S663;S067;S044;S045;S479;S663;S067;S044;S045;S479;S663;S067;S044;S045;S479;S663;S067;S044;S045;S479;S663;S067;S044;S045;S479;S663;S067;S044;S045;S479;S663;S067;S044;S045;S479;S663;S1225;S1700
RR2005M,eddie-guerrero,current_champion_title;championship_level;championship_partner;reign_number;title_won_date;days_into_reign_at_event;source_ids,N/A,N/A,N/A,N/A,N/A,N/A,FALSE,FALSE,S068;S069;S700;S1264;S1700
RR2005M,chris-benoit,current_champion_title;championship_level;championship_partner;reign_number;title_won_date;days_into_reign_at_event;source_ids,N/A,N/A,N/A,N/A,N/A,N/A,FALSE,FALSE,S068;S069;S436;S708;S1271;S1700
RR2005M,daniel-puder,current_champion_title;championship_level;championship_partner;reign_number;title_won_date;days_into_reign_at_event;source_ids,N/A,N/A,N/A,N/A,N/A,N/A,FALSE,FALSE,S068;S069;S719;S1281;S1700
RR2005M,hardcore-holly,current_champion_title;championship_level;championship_partner;reign_number;title_won_date;days_into_reign_at_event;source_ids,N/A,N/A,N/A,N/A,N/A,N/A,FALSE,FALSE,S068;S069;S674;S1237;S592;S1700
RR2005M,the-hurricane,current_champion_title;championship_level;championship_partner;reign_number;title_won_date;days_into_reign_at_event;source_ids,N/A,N/A,N/A,N/A,N/A,N/A,FALSE,FALSE,S068;S069;S494;S693;S1256;S1700
RR2005M,kenzo-suzuki,current_champion_title;championship_level;championship_partner;reign_number;title_won_date;days_into_reign_at_event;source_ids,N/A,N/A,N/A,N/A,N/A,N/A,FALSE,FALSE,S068;S069;S494;S490;S720;S1315;S1700
RR2005M,edge,current_champion_title;championship_level;championship_partner;reign_number;title_won_date;days_into_reign_at_event;source_ids,N/A,N/A,N/A,N/A,N/A,N/A,FALSE,FALSE,S068;S069;S436;S044;S045;S479;S656;S068;S069;S436;S044;S045;S479;S656;S068;S069;S436;S044;S045;S479;S656;S068;S069;S436;S044;S045;S479;S656;S068;S069;S436;S044;S045;S479;S656;S068;S069;S436;S044;S045;S479;S656;S068;S069;S436;S044;S045;S479;S656;S068;S069;S436;S044;S045;S479;S656;S1216;S1700
RR2005M,rey-mysterio,current_champion_title;championship_level;championship_partner;reign_number;title_won_date;days_into_reign_at_event;source_ids,N/A,N/A,N/A,N/A,N/A,N/A,FALSE,FALSE,S068;S069;S436;S695;S1315;S1700
RR2005M,shelton-benjamin,championship_partner;source_ids,WWE Intercontinental Championship,Intercontinental,N/A,1,2004-10-19,103,FALSE,FALSE,S068;S069;S494;S490;S705;S1268;S1700
RR2005M,booker-t,current_champion_title;championship_level;championship_partner;reign_number;title_won_date;days_into_reign_at_event;source_ids,N/A,N/A,N/A,N/A,N/A,N/A,FALSE,FALSE,S068;S069;S686;S1248;S1700
RR2005M,chris-jericho,current_champion_title;championship_level;championship_partner;reign_number;title_won_date;days_into_reign_at_event;source_ids,N/A,N/A,N/A,N/A,N/A,N/A,FALSE,FALSE,S068;S069;S436;S671;S1235;S1700
RR2005M,luther-reigns,current_champion_title;championship_level;championship_partner;reign_number;title_won_date;days_into_reign_at_event;source_ids,N/A,N/A,N/A,N/A,N/A,N/A,FALSE,FALSE,S068;S069;S494;S721;S1283;S1700
RR2005M,muhammad-hassan,current_champion_title;championship_level;championship_partner;reign_number;title_won_date;days_into_reign_at_event;source_ids,N/A,N/A,N/A,N/A,N/A,N/A,FALSE,FALSE,S068;S069;S490;S494;S722;S1284;S1700
RR2005M,orlando-jordan,current_champion_title;championship_level;championship_partner;reign_number;title_won_date;days_into_reign_at_event;source_ids,N/A,N/A,N/A,N/A,N/A,N/A,FALSE,FALSE,S068;S069;S494;S723;S1285;S1700
RR2005M,scott-taylor,current_champion_title;championship_level;championship_partner;reign_number;title_won_date;days_into_reign_at_event;source_ids,N/A,N/A,N/A,N/A,N/A,N/A,FALSE,FALSE,S068;S069;S729;S1315;S1700
RR2005M,charlie-haas,current_champion_title;championship_level;championship_partner;reign_number;title_won_date;days_into_reign_at_event;source_ids,N/A,N/A,N/A,N/A,N/A,N/A,FALSE,FALSE,S068;S069;S703;S1267;S1700
RR2005M,renee-dupree,current_champion_title;championship_level;championship_partner;reign_number;title_won_date;days_into_reign_at_event;source_ids,N/A,N/A,N/A,N/A,N/A,N/A,FALSE,FALSE,S068;S069;S494;S490;S713;S1315;S1700
RR2005M,simon-dean,current_champion_title;championship_level;championship_partner;reign_number;title_won_date;days_into_reign_at_event;source_ids,N/A,N/A,N/A,N/A,N/A,N/A,FALSE,FALSE,S068;S069;S494;S724;S1286;S1700
RR2005M,shawn-michaels,current_champion_title;championship_level;championship_partner;reign_number;title_won_date;days_into_reign_at_event;source_ids,N/A,N/A,N/A,N/A,N/A,N/A,FALSE,FALSE,S068;S069;S494;S085;S086;S087;S088;S089;S090;S091;S092;S504;S499;S085;S086;S087;S088;S089;S090;S091;S092;S504;S499;S085;S086;S087;S088;S089;S090;S091;S092;S504;S499;S085;S086;S087;S088;S089;S090;S091;S092;S504;S499;S1258;S1700
RR2005M,kurt-angle,current_champion_title;championship_level;championship_partner;reign_number;title_won_date;days_into_reign_at_event;source_ids,N/A,N/A,N/A,N/A,N/A,N/A,FALSE,FALSE,S068;S069;S689;S1251;S1700
RR2005M,jonathan-coachman,current_champion_title;championship_level;championship_partner;reign_number;title_won_date;days_into_reign_at_event;source_ids,N/A,N/A,N/A,N/A,N/A,N/A,FALSE,FALSE,S068;S069;S725;S1287;S1700
RR2005M,mark-jindrak,current_champion_title;championship_level;championship_partner;reign_number;title_won_date;days_into_reign_at_event;source_ids,N/A,N/A,N/A,N/A,N/A,N/A,FALSE,FALSE,S068;S069;S494;S726;S1288;S1700
RR2005M,mabel,current_champion_title;championship_level;championship_partner;reign_number;title_won_date;days_into_reign_at_event;source_ids,N/A,N/A,N/A,N/A,N/A,N/A,FALSE,FALSE,S068;S069;S494;S044;S045;S479;S024;S029;S035;S470;S466;S481;S589;S591;S068;S069;S494;S044;S045;S479;S024;S029;S035;S470;S466;S481;S589;S591;S068;S069;S494;S044;S045;S479;S024;S029;S035;S470;S466;S481;S589;S591;S068;S069;S494;S044;S045;S479;S024;S029;S035;S470;S466;S481;S589;S591;S068;S069;S494;S044;S045;S479;S024;S029;S035;S470;S466;S481;S589;S591;S068;S069;S494;S044;S045;S479;S024;S029;S035;S470;S466;S481;S589;S591;S068;S069;S494;S044;S045;S479;S024;S029;S035;S470;S466;S481;S589;S591;S068;S069;S494;S044;S045;S479;S024;S029;S035;S470;S466;S481;S589;S591;S1315;S1700
RR2005M,paul-london,current_champion_title;championship_level;championship_partner;reign_number;title_won_date;days_into_reign_at_event;source_ids,N/A,N/A,N/A,N/A,N/A,N/A,FALSE,FALSE,S068;S069;S727;S1289;S1700
RR2005M,john-cena,championship_partner;source_ids,WWE United States Championship,Intercontinental/United States,N/A,2,2004-11-18,73,FALSE,FALSE,S068;S069;S494;S490;S702;S1266;S1700
RR2005M,gene-snitsky,current_champion_title;championship_level;championship_partner;reign_number;title_won_date;days_into_reign_at_event;source_ids,N/A,N/A,N/A,N/A,N/A,N/A,FALSE,FALSE,S068;S069;S728;S1290;S1700
RR2005M,kane,current_champion_title;championship_level;championship_partner;reign_number;title_won_date;days_into_reign_at_event;source_ids,N/A,N/A,N/A,N/A,N/A,N/A,FALSE,FALSE,S068;S069;S044;S045;S479;S628;S068;S069;S044;S045;S479;S628;S068;S069;S044;S045;S479;S628;S068;S069;S044;S045;S479;S628;S068;S069;S044;S045;S479;S628;S068;S069;S044;S045;S479;S628;S068;S069;S044;S045;S479;S628;S068;S069;S044;S045;S479;S628;S1223;S1700
RR2005M,batista,current_champion_title;championship_level;championship_partner;reign_number;title_won_date;days_into_reign_at_event;source_ids,N/A,N/A,N/A,N/A,N/A,N/A,FALSE,FALSE,S068;S069;S494;S706;S1269;S1700
RR2005M,christian,current_champion_title;championship_level;championship_partner;reign_number;title_won_date;days_into_reign_at_event;source_ids,N/A,N/A,N/A,N/A,N/A,N/A,FALSE,FALSE,S068;S069;S490;S494;S669;S1232;S1700
RR2005M,ric-flair,current_champion_title;championship_level;championship_partner;reign_number;title_won_date;days_into_reign_at_event;source_ids,N/A,N/A,N/A,N/A,N/A,N/A,FALSE,FALSE,S068;S069;S494;S027;S028;S469;S552;S068;S069;S494;S027;S028;S469;S552;S068;S069;S494;S027;S028;S469;S552;S068;S069;S494;S027;S028;S469;S552;S068;S069;S494;S027;S028;S469;S552;S068;S069;S494;S027;S028;S469;S552;S068;S069;S494;S027;S028;S469;S552;S068;S069;S494;S027;S028;S469;S552;S1291;S1700
RR2006M,hunter-hearst-helmsley,current_champion_title;championship_level;championship_partner;reign_number;title_won_date;days_into_reign_at_event;source_ids,N/A,N/A,N/A,N/A,N/A,N/A,FALSE,FALSE,S070;S073;S075;S076;S077;S037;S481;S495;S024;S040;S049;S050;S051;S044;S045;S479;S619;S1227;S1700
RR2006M,rey-mysterio,current_champion_title;championship_level;championship_partner;reign_number;title_won_date;days_into_reign_at_event;source_ids,N/A,N/A,N/A,N/A,N/A,N/A,FALSE,FALSE,S070;S073;S075;S076;S077;S037;S068;S069;S436;S695;S1316;S1700
RR2006M,simon-dean,current_champion_title;championship_level;championship_partner;reign_number;title_won_date;days_into_reign_at_event;source_ids,N/A,N/A,N/A,N/A,N/A,N/A,FALSE,FALSE,S070;S073;S075;S076;S077;S037;S481;S068;S069;S494;S724;S1286;S1700
RR2006M,psicosis,current_champion_title;championship_level;championship_partner;reign_number;title_won_date;days_into_reign_at_event;source_ids,N/A,N/A,N/A,N/A,N/A,N/A,FALSE,FALSE,S070;S073;S075;S076;S077;S037;S481;S495;S730;S1316;S1700
RR2006M,ric-flair,championship_partner;source_ids,WWE Intercontinental Championship,Intercontinental,N/A,1,2005-09-18,133,FALSE,FALSE,S070;S073;S075;S076;S077;S037;S481;S495;S491;S068;S069;S494;S027;S028;S469;S552;S1291;S1700
RR2006M,big-show,source_ids,World Tag Team Championship,Tag Team,Kane,1,2005-11-01,89,FALSE,FALSE,S070;S073;S075;S076;S077;S037;S481;S495;S491;S067;S040;S052;S042;S489;S485;S675;S1238;S1700
RR2006M,sylvan-grenier,current_champion_title;championship_level;championship_partner;reign_number;title_won_date;days_into_reign_at_event;source_ids,N/A,N/A,N/A,N/A,N/A,N/A,FALSE,FALSE,S070;S073;S075;S076;S077;S037;S481;S731;S1316;S1700
RR2006M,bobby-lashley,current_champion_title;championship_level;championship_partner;reign_number;title_won_date;days_into_reign_at_event;source_ids,N/A,N/A,N/A,N/A,N/A,N/A,FALSE,FALSE,S070;S073;S075;S076;S077;S037;S481;S732;S1292;S1700
RR2006M,kane,source_ids,World Tag Team Championship,Tag Team,Big Show,1,2005-11-01,89,FALSE,FALSE,S070;S073;S075;S076;S077;S037;S481;S495;S491;S068;S069;S044;S045;S479;S628;S1223;S1700
RR2006M,carlito,current_champion_title;championship_level;championship_partner;reign_number;title_won_date;days_into_reign_at_event;source_ids,N/A,N/A,N/A,N/A,N/A,N/A,FALSE,FALSE,S070;S073;S075;S076;S077;S037;S481;S495;S733;S1293;S1700
RR2006M,booker-t,championship_partner;source_ids,WWE United States Championship,Intercontinental/United States,N/A,3,2005-10-21,100,FALSE,FALSE,S070;S073;S075;S076;S077;S037;S481;S495;S491;S068;S069;S686;S1248;S1700
RR2006M,joey-mercury,source_ids,WWE Tag Team Championship,Tag Team,Johnny Nitro,2,2005-12-16,44,FALSE,FALSE,S070;S073;S075;S076;S077;S037;S481;S495;S491;S734;S1294;S1700
RR2006M,road-warrior-animal,current_champion_title;championship_level;championship_partner;reign_number;title_won_date;days_into_reign_at_event;source_ids,N/A,N/A,N/A,N/A,N/A,N/A,FALSE,FALSE,S070;S073;S075;S076;S077;S037;S481;S735;S1295;S1700
RR2006M,orlando-jordan,current_champion_title;championship_level;championship_partner;reign_number;title_won_date;days_into_reign_at_event;source_ids,N/A,N/A,N/A,N/A,N/A,N/A,FALSE,FALSE,S070;S073;S075;S076;S077;S037;S481;S068;S069;S494;S723;S1285;S1700
RR2006M,chavo-guerrero,current_champion_title;championship_level;championship_partner;reign_number;title_won_date;days_into_reign_at_event;source_ids,N/A,N/A,N/A,N/A,N/A,N/A,FALSE,FALSE,S070;S073;S075;S076;S077;S037;S481;S065;S066;S488;S484;S696;S1261;S1700
RR2006M,matt-hardy,current_champion_title;championship_level;championship_partner;reign_number;title_won_date;days_into_reign_at_event;source_ids,N/A,N/A,N/A,N/A,N/A,N/A,FALSE,FALSE,S070;S073;S075;S076;S077;S037;S481;S067;S040;S052;S042;S678;S1241;S1700
RR2006M,tatanka,current_champion_title;championship_level;championship_partner;reign_number;title_won_date;days_into_reign_at_event;source_ids,N/A,N/A,N/A,N/A,N/A,N/A,FALSE,FALSE,S070;S073;S075;S076;S077;S037;S481;S032;S035;S468;S472;S024;S029;S466;S571;S1296;S1700
RR2006M,super-crazy,current_champion_title;championship_level;championship_partner;reign_number;title_won_date;days_into_reign_at_event;source_ids,N/A,N/A,N/A,N/A,N/A,N/A,FALSE,FALSE,S070;S073;S075;S076;S077;S037;S481;S495;S736;S1297;S1700
RR2006M,trevor-murdoch,current_champion_title;championship_level;championship_partner;reign_number;title_won_date;days_into_reign_at_event;source_ids,N/A,N/A,N/A,N/A,N/A,N/A,FALSE,FALSE,S070;S073;S075;S076;S077;S037;S481;S737;S1298;S1700
RR2006M,chris-masters,current_champion_title;championship_level;championship_partner;reign_number;title_won_date;days_into_reign_at_event;source_ids,N/A,N/A,N/A,N/A,N/A,N/A,FALSE,FALSE,S070;S073;S075;S076;S077;S037;S481;S495;S738;S1299;S1700
RR2006M,shelton-benjamin,current_champion_title;championship_level;championship_partner;reign_number;title_won_date;days_into_reign_at_event;source_ids,N/A,N/A,N/A,N/A,N/A,N/A,FALSE,FALSE,S070;S073;S075;S076;S077;S037;S481;S491;S495;S068;S069;S494;S490;S705;S1268;S1700
RR2006M,eugene,current_champion_title;championship_level;championship_partner;reign_number;title_won_date;days_into_reign_at_event;source_ids,N/A,N/A,N/A,N/A,N/A,N/A,FALSE,FALSE,S070;S073;S075;S076;S077;S037;S481;S739;S1300;S1700
RR2006M,goldust,current_champion_title;championship_level;championship_partner;reign_number;title_won_date;days_into_reign_at_event;source_ids,N/A,N/A,N/A,N/A,N/A,N/A,FALSE,FALSE,S070;S073;S075;S076;S077;S037;S481;S495;S065;S066;S488;S044;S045;S634;S1316;S1700
RR2006M,chris-benoit,current_champion_title;championship_level;championship_partner;reign_number;title_won_date;days_into_reign_at_event;source_ids,N/A,N/A,N/A,N/A,N/A,N/A,FALSE,FALSE,S070;S073;S075;S076;S077;S037;S481;S068;S069;S436;S708;S1271;S1700
RR2006M,mabel,current_champion_title;championship_level;championship_partner;reign_number;title_won_date;days_into_reign_at_event;source_ids,N/A,N/A,N/A,N/A,N/A,N/A,FALSE,FALSE,S070;S073;S075;S076;S077;S037;S481;S495;S068;S069;S494;S044;S045;S479;S024;S029;S035;S470;S466;S589;S591;S1316;S1700
RR2006M,randy-orton,current_champion_title;championship_level;championship_partner;reign_number;title_won_date;days_into_reign_at_event;source_ids,N/A,N/A,N/A,N/A,N/A,N/A,FALSE,FALSE,S070;S073;S075;S076;S077;S037;S481;S067;S040;S052;S042;S489;S485;S709;S1272;S1700
RR2006M,johnny-nitro,source_ids,WWE Tag Team Championship,Tag Team,Joey Mercury,2,2005-12-16,44,FALSE,FALSE,S070;S073;S075;S076;S077;S037;S481;S495;S491;S740;S1316;S1700
RR2006M,shawn-michaels,current_champion_title;championship_level;championship_partner;reign_number;title_won_date;days_into_reign_at_event;source_ids,N/A,N/A,N/A,N/A,N/A,N/A,FALSE,FALSE,S070;S073;S075;S076;S077;S037;S481;S495;S085;S086;S087;S088;S089;S090;S091;S092;S504;S499;S1258;S1700
RR2006M,rob-van-dam,current_champion_title;championship_level;championship_partner;reign_number;title_won_date;days_into_reign_at_event;source_ids,N/A,N/A,N/A,N/A,N/A,N/A,FALSE,FALSE,S070;S073;S075;S076;S077;S037;S481;S067;S040;S052;S042;S692;S1255;S1700
RR2007M,ric-flair,current_champion_title;championship_level;championship_partner;reign_number;title_won_date;days_into_reign_at_event;source_ids,N/A,N/A,N/A,N/A,N/A,N/A,FALSE,FALSE,S071;S072;S068;S069;S494;S027;S028;S469;S552;S1291;S1700
RR2007M,finlay,current_champion_title;championship_level;championship_partner;reign_number;title_won_date;days_into_reign_at_event;source_ids,N/A,N/A,N/A,N/A,N/A,N/A,FALSE,FALSE,S071;S072;S492;S496;S741;S1317;S1700
RR2007M,kenny-dykstra,current_champion_title;championship_level;championship_partner;reign_number;title_won_date;days_into_reign_at_event;source_ids,N/A,N/A,N/A,N/A,N/A,N/A,FALSE,FALSE,S071;S072;S742;S1301;S1700
RR2007M,matt-hardy,current_champion_title;championship_level;championship_partner;reign_number;title_won_date;days_into_reign_at_event;source_ids,N/A,N/A,N/A,N/A,N/A,N/A,FALSE,FALSE,S071;S072;S496;S067;S073;S040;S052;S042;S481;S678;S1241;S1700
RR2007M,edge,source_ids,World Tag Team Championship,Tag Team,Randy Orton,11,2006-11-13,76,FALSE,FALSE,S071;S072;S496;S492;S068;S069;S436;S044;S045;S479;S656;S1216;S1700
RR2007M,tommy-dreamer,current_champion_title;championship_level;championship_partner;reign_number;title_won_date;days_into_reign_at_event;source_ids,N/A,N/A,N/A,N/A,N/A,N/A,FALSE,FALSE,S071;S072;S065;S066;S699;S1263;S1700
RR2007M,sabu,current_champion_title;championship_level;championship_partner;reign_number;title_won_date;days_into_reign_at_event;source_ids,N/A,N/A,N/A,N/A,N/A,N/A,FALSE,FALSE,S071;S072;S743;S1302;S1700
RR2007M,the-hurricane,championship_partner;source_ids,WWE Cruiserweight Championship,Other,N/A,1,2006-01-29,364,FALSE,FALSE,S071;S072;S496;S492;S068;S069;S494;S693;S1256;S1700
RR2007M,shelton-benjamin,current_champion_title;championship_level;championship_partner;reign_number;title_won_date;days_into_reign_at_event;source_ids,N/A,N/A,N/A,N/A,N/A,N/A,FALSE,FALSE,S071;S072;S068;S069;S494;S490;S705;S1268;S1700
RR2007M,kane,current_champion_title;championship_level;championship_partner;reign_number;title_won_date;days_into_reign_at_event;source_ids,N/A,N/A,N/A,N/A,N/A,N/A,FALSE,FALSE,S071;S072;S437;S068;S069;S044;S045;S479;S628;S1223;S1700
RR2007M,cm-punk,current_champion_title;championship_level;championship_partner;reign_number;title_won_date;days_into_reign_at_event;source_ids,N/A,N/A,N/A,N/A,N/A,N/A,FALSE,FALSE,S071;S072;S744;S1303;S1700
RR2007M,booker-t,current_champion_title;championship_level;championship_partner;reign_number;title_won_date;days_into_reign_at_event;source_ids,N/A,N/A,N/A,N/A,N/A,N/A,FALSE,FALSE,S071;S072;S481;S073;S496;S492;S068;S069;S686;S1248;S1700
RR2007M,super-crazy,current_champion_title;championship_level;championship_partner;reign_number;title_won_date;days_into_reign_at_event;source_ids,N/A,N/A,N/A,N/A,N/A,N/A,FALSE,FALSE,S071;S072;S736;S1297;S1700
RR2007M,jeff-hardy,championship_partner;source_ids,WWE Intercontinental Championship,Intercontinental,N/A,2,2006-11-13,76,FALSE,FALSE,S071;S072;S437;S496;S492;S065;S066;S676;S1239;S1700
RR2007M,the-sandman,current_champion_title;championship_level;championship_partner;reign_number;title_won_date;days_into_reign_at_event;source_ids,N/A,N/A,N/A,N/A,N/A,N/A,FALSE,FALSE,S071;S072;S745;S1304;S1700
RR2007M,randy-orton,source_ids,World Tag Team Championship,Tag Team,Edge,1,2006-11-13,76,FALSE,FALSE,S071;S072;S496;S492;S067;S073;S040;S052;S042;S481;S489;S485;S709;S1272;S1700
RR2007M,chris-benoit,championship_partner;source_ids,WWE United States Championship,Intercontinental/United States,N/A,5,2006-10-08,112,FALSE,FALSE,S071;S072;S496;S492;S068;S069;S436;S708;S1271;S1700
RR2007M,rob-van-dam,current_champion_title;championship_level;championship_partner;reign_number;title_won_date;days_into_reign_at_event;source_ids,N/A,N/A,N/A,N/A,N/A,N/A,FALSE,FALSE,S071;S072;S067;S073;S040;S052;S042;S481;S692;S1255;S1700
RR2007M,mabel,current_champion_title;championship_level;championship_partner;reign_number;title_won_date;days_into_reign_at_event;source_ids,N/A,N/A,N/A,N/A,N/A,N/A,FALSE,FALSE,S071;S072;S496;S068;S069;S494;S044;S045;S479;S024;S029;S035;S470;S466;S481;S589;S591;S1317;S1700
RR2007M,johnny-nitro,current_champion_title;championship_level;championship_partner;reign_number;title_won_date;days_into_reign_at_event;source_ids,N/A,N/A,N/A,N/A,N/A,N/A,FALSE,FALSE,S071;S072;S496;S492;S740;S1317;S1700
RR2007M,kevin-thorn,current_champion_title;championship_level;championship_partner;reign_number;title_won_date;days_into_reign_at_event;source_ids,N/A,N/A,N/A,N/A,N/A,N/A,FALSE,FALSE,S071;S072;S746;S1317;S1700
RR2007M,hardcore-holly,current_champion_title;championship_level;championship_partner;reign_number;title_won_date;days_into_reign_at_event;source_ids,N/A,N/A,N/A,N/A,N/A,N/A,FALSE,FALSE,S071;S072;S068;S069;S674;S1237;S592;S1700
RR2007M,shawn-michaels,current_champion_title;championship_level;championship_partner;reign_number;title_won_date;days_into_reign_at_event;source_ids,N/A,N/A,N/A,N/A,N/A,N/A,FALSE,FALSE,S071;S072;S496;S085;S086;S087;S088;S089;S090;S091;S092;S504;S499;S1258;S1700
RR2007M,chris-masters,current_champion_title;championship_level;championship_partner;reign_number;title_won_date;days_into_reign_at_event;source_ids,N/A,N/A,N/A,N/A,N/A,N/A,FALSE,FALSE,S071;S072;S738;S1299;S1700
RR2007M,chavo-guerrero,current_champion_title;championship_level;championship_partner;reign_number;title_won_date;days_into_reign_at_event;source_ids,N/A,N/A,N/A,N/A,N/A,N/A,FALSE,FALSE,S071;S072;S065;S066;S488;S484;S696;S1261;S1700
RR2007M,mvp,current_champion_title;championship_level;championship_partner;reign_number;title_won_date;days_into_reign_at_event;source_ids,N/A,N/A,N/A,N/A,N/A,N/A,FALSE,FALSE,S071;S072;S747;S1306;S1700
RR2007M,carlito,current_champion_title;championship_level;championship_partner;reign_number;title_won_date;days_into_reign_at_event;source_ids,N/A,N/A,N/A,N/A,N/A,N/A,FALSE,FALSE,S071;S072;S492;S496;S733;S1293;S1700
RR2007M,the-great-khali,current_champion_title;championship_level;championship_partner;reign_number;title_won_date;days_into_reign_at_event;source_ids,N/A,N/A,N/A,N/A,N/A,N/A,FALSE,FALSE,S071;S072;S492;S496;S748;S1317;S1700
RR2007M,the-miz,current_champion_title;championship_level;championship_partner;reign_number;title_won_date;days_into_reign_at_event;source_ids,N/A,N/A,N/A,N/A,N/A,N/A,FALSE,FALSE,S071;S072;S749;S1307;S1700
RR2007M,the-undertaker,current_champion_title;championship_level;championship_partner;reign_number;title_won_date;days_into_reign_at_event;source_ids,N/A,N/A,N/A,N/A,N/A,N/A,FALSE,FALSE,S071;S072;S065;S066;S488;S033;S034;S027;S028;S465;S469;S543;S1317;S1700
RR2006M,jonathan-coachman,current_champion_title;championship_level;championship_partner;reign_number;title_won_date;days_into_reign_at_event;title_defended_same_card;title_lost_same_card;source_ids,N/A,N/A,N/A,N/A,N/A,N/A,N/A,N/A,S074;S076;S075;S077;S037;S073;S481;S068;S069;S725;S1287;S1700
RR2008M,the-undertaker,current_champion_title;championship_level;championship_partner;reign_number;title_won_date;days_into_reign_at_event;source_ids,N/A,N/A,N/A,N/A,N/A,N/A,FALSE,FALSE,S080;S081;S065;S066;S488;S033;S034;S027;S028;S465;S469;S543;S1429;S1700
RR2008M,shawn-michaels,current_champion_title;championship_level;championship_partner;reign_number;title_won_date;days_into_reign_at_event;source_ids,N/A,N/A,N/A,N/A,N/A,N/A,FALSE,FALSE,S080;S081;S497;S085;S086;S087;S088;S089;S090;S091;S092;S504;S499;S1318;S1700
RR2008M,santino-marella,current_champion_title;championship_level;championship_partner;reign_number;title_won_date;days_into_reign_at_event;source_ids,N/A,N/A,N/A,N/A,N/A,N/A,FALSE,FALSE,S080;S081;S750;S1319;S1700
RR2008M,the-great-khali,current_champion_title;championship_level;championship_partner;reign_number;title_won_date;days_into_reign_at_event;source_ids,N/A,N/A,N/A,N/A,N/A,N/A,FALSE,FALSE,S080;S081;S493;S497;S748;S1320;S1700
RR2008M,hardcore-holly,source_ids,World Tag Team Championship,Tag Team,Cody Rhodes,1,2007-12-10,48,FALSE,FALSE,S080;S081;S497;S493;S068;S069;S674;S1321;S592;S1700
RR2008M,johnny-nitro,source_ids,WWE Tag Team Championship,Tag Team,The Miz,1,2007-11-16,72,FALSE,FALSE,S080;S081;S497;S493;S740;S1429;S1700
RR2008M,tommy-dreamer,current_champion_title;championship_level;championship_partner;reign_number;title_won_date;days_into_reign_at_event;source_ids,N/A,N/A,N/A,N/A,N/A,N/A,FALSE,FALSE,S080;S081;S065;S066;S699;S1322;S1700
RR2008M,batista,current_champion_title;championship_level;championship_partner;reign_number;title_won_date;days_into_reign_at_event;source_ids,N/A,N/A,N/A,N/A,N/A,N/A,FALSE,FALSE,S080;S081;S068;S069;S494;S706;S1323;S1700
RR2008M,hornswoggle,current_champion_title;championship_level;championship_partner;reign_number;title_won_date;days_into_reign_at_event;source_ids,N/A,N/A,N/A,N/A,N/A,N/A,FALSE,FALSE,S080;S081;S497;S493;S751;S1324;S1700
RR2008M,chuck-palumbo,current_champion_title;championship_level;championship_partner;reign_number;title_won_date;days_into_reign_at_event;source_ids,N/A,N/A,N/A,N/A,N/A,N/A,FALSE,FALSE,S080;S081;S040;S049;S050;S481;S487;S483;S687;S1325;S1700
RR2008M,jamie-noble,current_champion_title;championship_level;championship_partner;reign_number;title_won_date;days_into_reign_at_event;source_ids,N/A,N/A,N/A,N/A,N/A,N/A,FALSE,FALSE,S080;S081;S752;S1326;S1700
RR2008M,cm-punk,current_champion_title;championship_level;championship_partner;reign_number;title_won_date;days_into_reign_at_event;source_ids,N/A,N/A,N/A,N/A,N/A,N/A,FALSE,FALSE,S080;S081;S744;S1327;S1700
RR2008M,cody-rhodes,source_ids,World Tag Team Championship,Tag Team,Hardcore Holly,1,2007-12-10,48,FALSE,FALSE,S080;S081;S497;S493;S753;S1328;S1700
RR2008M,jamal,current_champion_title;championship_level;championship_partner;reign_number;title_won_date;days_into_reign_at_event;source_ids,N/A,N/A,N/A,N/A,N/A,N/A,FALSE,FALSE,S080;S081;S497;S065;S066;S488;S484;S704;S1429;S1700
RR2008M,gene-snitsky,current_champion_title;championship_level;championship_partner;reign_number;title_won_date;days_into_reign_at_event;source_ids,N/A,N/A,N/A,N/A,N/A,N/A,FALSE,FALSE,S080;S081;S068;S069;S728;S1329;S1700
RR2008M,the-miz,source_ids,WWE Tag Team Championship,Tag Team,John Morrison,1,2007-11-16,72,FALSE,FALSE,S080;S081;S497;S493;S749;S1330;S1700
RR2008M,shelton-benjamin,current_champion_title;championship_level;championship_partner;reign_number;title_won_date;days_into_reign_at_event;source_ids,N/A,N/A,N/A,N/A,N/A,N/A,FALSE,FALSE,S080;S081;S068;S069;S494;S490;S705;S1331;S1700
RR2008M,jimmy-snuka,current_champion_title;championship_level;championship_partner;reign_number;title_won_date;days_into_reign_at_event;source_ids,N/A,N/A,N/A,N/A,N/A,N/A,FALSE,FALSE,S080;S081;S020;S021;S017;S022;S024;S131;S132;S537;S1332;S1700
RR2008M,roddy-piper,current_champion_title;championship_level;championship_partner;reign_number;title_won_date;days_into_reign_at_event;source_ids,N/A,N/A,N/A,N/A,N/A,N/A,FALSE,FALSE,S080;S081;S020;S021;S017;S022;S131;S132;S464;S460;S534;S1333;S1700
RR2008M,kane,current_champion_title;championship_level;championship_partner;reign_number;title_won_date;days_into_reign_at_event;source_ids,N/A,N/A,N/A,N/A,N/A,N/A,FALSE,FALSE,S080;S081;S068;S069;S044;S045;S479;S628;S1334;S1700
RR2008M,carlito,current_champion_title;championship_level;championship_partner;reign_number;title_won_date;days_into_reign_at_event;source_ids,N/A,N/A,N/A,N/A,N/A,N/A,FALSE,FALSE,S080;S081;S733;S1335;S1700
RR2008M,mick-foley,current_champion_title;championship_level;championship_partner;reign_number;title_won_date;days_into_reign_at_event;source_ids,N/A,N/A,N/A,N/A,N/A,N/A,FALSE,FALSE,S080;S081;S497;S067;S073;S040;S052;S042;S481;S489;S716;S1336;S1700
RR2008M,mr-kennedy,current_champion_title;championship_level;championship_partner;reign_number;title_won_date;days_into_reign_at_event;source_ids,N/A,N/A,N/A,N/A,N/A,N/A,FALSE,FALSE,S080;S081;S754;S1337;S1700
RR2008M,mabel,current_champion_title;championship_level;championship_partner;reign_number;title_won_date;days_into_reign_at_event;source_ids,N/A,N/A,N/A,N/A,N/A,N/A,FALSE,FALSE,S080;S081;S497;S068;S069;S494;S044;S045;S479;S024;S029;S035;S470;S466;S481;S589;S591;S1429;S1700
RR2008M,mark-henry,current_champion_title;championship_level;championship_partner;reign_number;title_won_date;days_into_reign_at_event;source_ids,N/A,N/A,N/A,N/A,N/A,N/A,FALSE,FALSE,S080;S081;S497;S067;S073;S040;S052;S042;S481;S044;S045;S649;S1338;S1700
RR2008M,chavo-guerrero,championship_partner;source_ids,ECW Championship,World,N/A,1,2008-01-22,5,FALSE,FALSE,S080;S081;S493;S497;S065;S066;S488;S484;S696;S1339;S1700
RR2008M,finlay,current_champion_title;championship_level;championship_partner;reign_number;title_won_date;days_into_reign_at_event;source_ids,N/A,N/A,N/A,N/A,N/A,N/A,FALSE,FALSE,S080;S081;S497;S493;S741;S1429;S1700
RR2008M,elijah-burke,current_champion_title;championship_level;championship_partner;reign_number;title_won_date;days_into_reign_at_event;source_ids,N/A,N/A,N/A,N/A,N/A,N/A,FALSE,FALSE,S080;S081;S755;S1340;S1700
RR2008M,hunter-hearst-helmsley,current_champion_title;championship_level;championship_partner;reign_number;title_won_date;days_into_reign_at_event;source_ids,N/A,N/A,N/A,N/A,N/A,N/A,FALSE,FALSE,S080;S081;S497;S024;S037;S040;S049;S050;S051;S044;S045;S479;S619;S1341;S1700
RR2008M,john-cena,current_champion_title;championship_level;championship_partner;reign_number;title_won_date;days_into_reign_at_event;source_ids,N/A,N/A,N/A,N/A,N/A,N/A,FALSE,FALSE,S080;S081;S068;S069;S494;S490;S702;S1342;S1700
RR2009M,rey-mysterio,current_champion_title;championship_level;championship_partner;reign_number;title_won_date;days_into_reign_at_event;source_ids,N/A,N/A,N/A,N/A,N/A,N/A,FALSE,FALSE,S082;S068;S069;S436;S695;S1430;S1700
RR2009M,johnny-nitro,source_ids,World Tag Team Championship,Tag Team,The Miz,1,2008-12-13,43,FALSE,FALSE,S082;S503;S498;S740;S1430;S1700
RR2009M,carlito,current_champion_title;championship_level;championship_partner;reign_number;title_won_date;days_into_reign_at_event;source_ids,N/A,N/A,N/A,N/A,N/A,N/A,FALSE,FALSE,S082;S733;S1335;S1700
RR2009M,mvp,current_champion_title;championship_level;championship_partner;reign_number;title_won_date;days_into_reign_at_event;source_ids,N/A,N/A,N/A,N/A,N/A,N/A,FALSE,FALSE,S082;S747;S1344;S1700
RR2009M,the-great-khali,current_champion_title;championship_level;championship_partner;reign_number;title_won_date;days_into_reign_at_event;source_ids,N/A,N/A,N/A,N/A,N/A,N/A,FALSE,FALSE,S082;S498;S503;S748;S1320;S1700
RR2009M,vladimir-kozlov,current_champion_title;championship_level;championship_partner;reign_number;title_won_date;days_into_reign_at_event;source_ids,N/A,N/A,N/A,N/A,N/A,N/A,FALSE,FALSE,S082;S438;S444;S756;S1345;S1700
RR2009M,hunter-hearst-helmsley,current_champion_title;championship_level;championship_partner;reign_number;title_won_date;days_into_reign_at_event;source_ids,N/A,N/A,N/A,N/A,N/A,N/A,FALSE,FALSE,S082;S503;S024;S037;S040;S049;S050;S051;S044;S045;S479;S619;S1341;S1700
RR2009M,randy-orton,current_champion_title;championship_level;championship_partner;reign_number;title_won_date;days_into_reign_at_event;source_ids,N/A,N/A,N/A,N/A,N/A,N/A,FALSE,FALSE,S082;S503;S067;S073;S040;S052;S042;S481;S489;S485;S709;S1346;S1700
RR2009M,jtg,current_champion_title;championship_level;championship_partner;reign_number;title_won_date;days_into_reign_at_event;source_ids,N/A,N/A,N/A,N/A,N/A,N/A,FALSE,FALSE,S082;S503;S757;S1347;S1700
RR2009M,ted-dibiase-jr,current_champion_title;championship_level;championship_partner;reign_number;title_won_date;days_into_reign_at_event;source_ids,N/A,N/A,N/A,N/A,N/A,N/A,FALSE,FALSE,S082;S503;S758;S1348;S1700
RR2009M,chris-jericho,current_champion_title;championship_level;championship_partner;reign_number;title_won_date;days_into_reign_at_event;source_ids,N/A,N/A,N/A,N/A,N/A,N/A,FALSE,FALSE,S082;S068;S069;S436;S671;S1349;S1700
RR2009M,mike-knox,current_champion_title;championship_level;championship_partner;reign_number;title_won_date;days_into_reign_at_event;source_ids,N/A,N/A,N/A,N/A,N/A,N/A,FALSE,FALSE,S082;S759;S1350;S1700
RR2009M,the-miz,source_ids,World Tag Team Championship,Tag Team,John Morrison,1,2008-12-13,43,FALSE,FALSE,S082;S503;S498;S749;S1330;S1700
RR2009M,finlay,current_champion_title;championship_level;championship_partner;reign_number;title_won_date;days_into_reign_at_event;source_ids,N/A,N/A,N/A,N/A,N/A,N/A,FALSE,FALSE,S082;S498;S503;S741;S1430;S1700
RR2009M,cody-rhodes,current_champion_title;championship_level;championship_partner;reign_number;title_won_date;days_into_reign_at_event;source_ids,N/A,N/A,N/A,N/A,N/A,N/A,FALSE,FALSE,S082;S503;S753;S1328;S1700
RR2009M,the-undertaker,current_champion_title;championship_level;championship_partner;reign_number;title_won_date;days_into_reign_at_event;source_ids,N/A,N/A,N/A,N/A,N/A,N/A,FALSE,FALSE,S082;S065;S066;S488;S033;S034;S027;S028;S465;S469;S543;S1430;S1700
RR2009M,goldust,current_champion_title;championship_level;championship_partner;reign_number;title_won_date;days_into_reign_at_event;source_ids,N/A,N/A,N/A,N/A,N/A,N/A,FALSE,FALSE,S082;S065;S066;S488;S044;S045;S634;S1430;S1700
RR2009M,cm-punk,current_champion_title;championship_level;championship_partner;reign_number;title_won_date;days_into_reign_at_event;source_ids,N/A,N/A,N/A,N/A,N/A,N/A,FALSE,FALSE,S082;S744;S1327;S1700
RR2009M,mark-henry,current_champion_title;championship_level;championship_partner;reign_number;title_won_date;days_into_reign_at_event;source_ids,N/A,N/A,N/A,N/A,N/A,N/A,FALSE,FALSE,S082;S498;S503;S067;S073;S040;S052;S042;S481;S044;S045;S649;S1338;S1700
RR2009M,shelton-benjamin,championship_partner;source_ids,WWE United States Championship,Intercontinental/United States,N/A,1,2008-07-20,189,FALSE,FALSE,S082;S503;S498;S068;S069;S494;S490;S705;S1331;S1700
RR2009M,william-regal,championship_partner;source_ids,WWE Intercontinental Championship,Intercontinental,N/A,2,2008-11-10,76,FALSE,FALSE,S082;S498;S503;S047;S048;S434;S486;S482;S684;S1351;S1700
RR2009M,kofi-kingston,current_champion_title;championship_level;championship_partner;reign_number;title_won_date;days_into_reign_at_event;source_ids,N/A,N/A,N/A,N/A,N/A,N/A,FALSE,FALSE,S082;S760;S1352;S1700
RR2009M,kane,current_champion_title;championship_level;championship_partner;reign_number;title_won_date;days_into_reign_at_event;source_ids,N/A,N/A,N/A,N/A,N/A,N/A,FALSE,FALSE,S082;S068;S069;S044;S045;S479;S628;S1334;S1700
RR2009M,r-truth,current_champion_title;championship_level;championship_partner;reign_number;title_won_date;days_into_reign_at_event;source_ids,N/A,N/A,N/A,N/A,N/A,N/A,FALSE,FALSE,S082;S761;S1353;S1700
RR2009M,rob-van-dam,current_champion_title;championship_level;championship_partner;reign_number;title_won_date;days_into_reign_at_event;source_ids,N/A,N/A,N/A,N/A,N/A,N/A,FALSE,FALSE,S082;S067;S073;S040;S052;S042;S481;S692;S1354;S1700
RR2009M,the-brian-kendrick,current_champion_title;championship_level;championship_partner;reign_number;title_won_date;days_into_reign_at_event;source_ids,N/A,N/A,N/A,N/A,N/A,N/A,FALSE,FALSE,S082;S503;S498;S762;S1355;S1700
RR2009M,dolph-ziggler,current_champion_title;championship_level;championship_partner;reign_number;title_won_date;days_into_reign_at_event;source_ids,N/A,N/A,N/A,N/A,N/A,N/A,FALSE,FALSE,S082;S763;S1356;S1700
RR2009M,santino-marella,current_champion_title;championship_level;championship_partner;reign_number;title_won_date;days_into_reign_at_event;source_ids,N/A,N/A,N/A,N/A,N/A,N/A,FALSE,FALSE,S082;S750;S1319;S1700
RR2009M,jim-duggan,current_champion_title;championship_level;championship_partner;reign_number;title_won_date;days_into_reign_at_event;source_ids,N/A,N/A,N/A,N/A,N/A,N/A,FALSE,FALSE,S082;S503;S084;S506;S1357;S1700
RR2009M,big-show,current_champion_title;championship_level;championship_partner;reign_number;title_won_date;days_into_reign_at_event;source_ids,N/A,N/A,N/A,N/A,N/A,N/A,FALSE,FALSE,S082;S067;S073;S040;S052;S042;S481;S489;S485;S675;S1358;S1700
RR2011M,cm-punk,current_champion_title;championship_level;championship_partner;reign_number;title_won_date;days_into_reign_at_event;source_ids,N/A,N/A,N/A,N/A,N/A,N/A,FALSE,FALSE,S083;S505;S744;S1327;S1700
RR2011M,daniel-bryan,championship_partner;source_ids,WWE United States Championship,Intercontinental/United States,N/A,1,2010-09-19,133,FALSE,FALSE,S083;S505;S500;S764;S1359;S1700
RR2011M,justin-gabriel,current_champion_title;championship_level;championship_partner;reign_number;title_won_date;days_into_reign_at_event;source_ids,N/A,N/A,N/A,N/A,N/A,N/A,FALSE,FALSE,S083;S505;S765;S1360;S1700
RR2011M,zack-ryder,current_champion_title;championship_level;championship_partner;reign_number;title_won_date;days_into_reign_at_event;source_ids,N/A,N/A,N/A,N/A,N/A,N/A,FALSE,FALSE,S083;S766;S1361;S1700
RR2011M,william-regal,current_champion_title;championship_level;championship_partner;reign_number;title_won_date;days_into_reign_at_event;source_ids,N/A,N/A,N/A,N/A,N/A,N/A,FALSE,FALSE,S083;S047;S048;S434;S486;S482;S684;S1351;S1700
RR2011M,ted-dibiase-jr,current_champion_title;championship_level;championship_partner;reign_number;title_won_date;days_into_reign_at_event;source_ids,N/A,N/A,N/A,N/A,N/A,N/A,FALSE,FALSE,S083;S758;S1348;S1700
RR2011M,johnny-nitro,current_champion_title;championship_level;championship_partner;reign_number;title_won_date;days_into_reign_at_event;source_ids,N/A,N/A,N/A,N/A,N/A,N/A,FALSE,FALSE,S083;S740;S1432;S1700
RR2011M,yoshi-tatsu,current_champion_title;championship_level;championship_partner;reign_number;title_won_date;days_into_reign_at_event;source_ids,N/A,N/A,N/A,N/A,N/A,N/A,FALSE,FALSE,S083;S767;S1362;S1700
RR2011M,husky-harris,current_champion_title;championship_level;championship_partner;reign_number;title_won_date;days_into_reign_at_event;source_ids,N/A,N/A,N/A,N/A,N/A,N/A,FALSE,FALSE,S083;S505;S768;S1432;S1700
RR2011M,chavo-guerrero,current_champion_title;championship_level;championship_partner;reign_number;title_won_date;days_into_reign_at_event;source_ids,N/A,N/A,N/A,N/A,N/A,N/A,FALSE,FALSE,S083;S065;S066;S488;S484;S696;S1339;S1700
RR2011M,mark-henry,current_champion_title;championship_level;championship_partner;reign_number;title_won_date;days_into_reign_at_event;source_ids,N/A,N/A,N/A,N/A,N/A,N/A,FALSE,FALSE,S083;S067;S073;S040;S052;S042;S481;S044;S045;S649;S1338;S1700
RR2011M,jtg,current_champion_title;championship_level;championship_partner;reign_number;title_won_date;days_into_reign_at_event;source_ids,N/A,N/A,N/A,N/A,N/A,N/A,FALSE,FALSE,S083;S757;S1347;S1700
RR2011M,michael-mcgillicutty,current_champion_title;championship_level;championship_partner;reign_number;title_won_date;days_into_reign_at_event;source_ids,N/A,N/A,N/A,N/A,N/A,N/A,FALSE,FALSE,S083;S505;S769;S1432;S1700
RR2011M,chris-masters,current_champion_title;championship_level;championship_partner;reign_number;title_won_date;days_into_reign_at_event;source_ids,N/A,N/A,N/A,N/A,N/A,N/A,FALSE,FALSE,S083;S738;S1363;S1700
RR2011M,david-otunga,current_champion_title;championship_level;championship_partner;reign_number;title_won_date;days_into_reign_at_event;source_ids,N/A,N/A,N/A,N/A,N/A,N/A,FALSE,FALSE,S083;S505;S770;S1364;S1700
RR2011M,tyler-reks,current_champion_title;championship_level;championship_partner;reign_number;title_won_date;days_into_reign_at_event;source_ids,N/A,N/A,N/A,N/A,N/A,N/A,FALSE,FALSE,S083;S771;S1365;S1700
RR2011M,vladimir-kozlov,source_ids,WWE Tag Team Championship,Tag Team,Santino Marella,1,2010-12-06,55,FALSE,FALSE,S083;S505;S500;S756;S1345;S1700
RR2011M,r-truth,current_champion_title;championship_level;championship_partner;reign_number;title_won_date;days_into_reign_at_event;source_ids,N/A,N/A,N/A,N/A,N/A,N/A,FALSE,FALSE,S083;S761;S1353;S1700
RR2011M,the-great-khali,current_champion_title;championship_level;championship_partner;reign_number;title_won_date;days_into_reign_at_event;source_ids,N/A,N/A,N/A,N/A,N/A,N/A,FALSE,FALSE,S083;S748;S1320;S1700
RR2011M,mason-ryan,current_champion_title;championship_level;championship_partner;reign_number;title_won_date;days_into_reign_at_event;source_ids,N/A,N/A,N/A,N/A,N/A,N/A,FALSE,FALSE,S083;S505;S772;S1366;S1700
RR2011M,booker-t,current_champion_title;championship_level;championship_partner;reign_number;title_won_date;days_into_reign_at_event;source_ids,N/A,N/A,N/A,N/A,N/A,N/A,FALSE,FALSE,S083;S068;S069;S686;S1432;S1700
RR2011M,john-cena,current_champion_title;championship_level;championship_partner;reign_number;title_won_date;days_into_reign_at_event;source_ids,N/A,N/A,N/A,N/A,N/A,N/A,FALSE,FALSE,S083;S068;S069;S494;S490;S702;S1342;S1700
RR2011M,hornswoggle,current_champion_title;championship_level;championship_partner;reign_number;title_won_date;days_into_reign_at_event;source_ids,N/A,N/A,N/A,N/A,N/A,N/A,FALSE,FALSE,S083;S751;S1324;S1700
RR2011M,tyson-kidd,current_champion_title;championship_level;championship_partner;reign_number;title_won_date;days_into_reign_at_event;source_ids,N/A,N/A,N/A,N/A,N/A,N/A,FALSE,FALSE,S083;S773;S1368;S1700
RR2011M,heath-slater,current_champion_title;championship_level;championship_partner;reign_number;title_won_date;days_into_reign_at_event;source_ids,N/A,N/A,N/A,N/A,N/A,N/A,FALSE,FALSE,S083;S505;S774;S1369;S1700
RR2011M,kofi-kingston,championship_partner;source_ids,WWE Intercontinental Championship,Intercontinental,N/A,3,2011-01-04,26,FALSE,FALSE,S083;S505;S500;S760;S1352;S1700
RR2011M,jack-swagger,current_champion_title;championship_level;championship_partner;reign_number;title_won_date;days_into_reign_at_event;source_ids,N/A,N/A,N/A,N/A,N/A,N/A,FALSE,FALSE,S083;S775;S1370;S1700
RR2011M,sheamus,current_champion_title;championship_level;championship_partner;reign_number;title_won_date;days_into_reign_at_event;source_ids,N/A,N/A,N/A,N/A,N/A,N/A,FALSE,FALSE,S083;S505;S776;S1371;S1700
RR2011M,rey-mysterio,current_champion_title;championship_level;championship_partner;reign_number;title_won_date;days_into_reign_at_event;source_ids,N/A,N/A,N/A,N/A,N/A,N/A,FALSE,FALSE,S083;S068;S069;S436;S695;S1432;S1700
RR2011M,wade-barrett,current_champion_title;championship_level;championship_partner;reign_number;title_won_date;days_into_reign_at_event;source_ids,N/A,N/A,N/A,N/A,N/A,N/A,FALSE,FALSE,S083;S505;S777;S1372;S1700
RR2011M,dolph-ziggler,current_champion_title;championship_level;championship_partner;reign_number;title_won_date;days_into_reign_at_event;source_ids,N/A,N/A,N/A,N/A,N/A,N/A,FALSE,FALSE,S083;S500;S505;S763;S1356;S1700
RR2011M,diesel,current_champion_title;championship_level;championship_partner;reign_number;title_won_date;days_into_reign_at_event;source_ids,N/A,N/A,N/A,N/A,N/A,N/A,FALSE,FALSE,S083;S505;S032;S035;S024;S029;S466;S481;S585;S1432;S1700
RR2011M,drew-mcintyre,current_champion_title;championship_level;championship_partner;reign_number;title_won_date;days_into_reign_at_event;source_ids,N/A,N/A,N/A,N/A,N/A,N/A,FALSE,FALSE,S083;S778;S1373;S1700
RR2011M,alex-riley,current_champion_title;championship_level;championship_partner;reign_number;title_won_date;days_into_reign_at_event;source_ids,N/A,N/A,N/A,N/A,N/A,N/A,FALSE,FALSE,S083;S500;S505;S779;S1374;S1700
RR2011M,big-show,current_champion_title;championship_level;championship_partner;reign_number;title_won_date;days_into_reign_at_event;source_ids,N/A,N/A,N/A,N/A,N/A,N/A,FALSE,FALSE,S083;S067;S073;S040;S052;S042;S481;S489;S485;S675;S1358;S1700
RR2011M,ezekiel-jackson,current_champion_title;championship_level;championship_partner;reign_number;title_won_date;days_into_reign_at_event;source_ids,N/A,N/A,N/A,N/A,N/A,N/A,FALSE,FALSE,S083;S505;S780;S1375;S1700
RR2011M,santino-marella,source_ids,WWE Tag Team Championship,Tag Team,Vladimir Kozlov,1,2010-12-06,55,FALSE,FALSE,S083;S505;S500;S750;S1432;S1700
RR2011M,alberto-del-rio,current_champion_title;championship_level;championship_partner;reign_number;title_won_date;days_into_reign_at_event;source_ids,N/A,N/A,N/A,N/A,N/A,N/A,FALSE,FALSE,S083;S500;S505;S781;S1376;S1700
RR2011M,randy-orton,current_champion_title;championship_level;championship_partner;reign_number;title_won_date;days_into_reign_at_event;source_ids,N/A,N/A,N/A,N/A,N/A,N/A,FALSE,FALSE,S083;S067;S073;S040;S052;S042;S481;S489;S485;S709;S1346;S1700
RR2011M,kane,current_champion_title;championship_level;championship_partner;reign_number;title_won_date;days_into_reign_at_event;source_ids,N/A,N/A,N/A,N/A,N/A,N/A,FALSE,FALSE,S083;S068;S069;S044;S045;S479;S628;S1334;S1700
RR2012M,the-miz,current_champion_title;championship_level;championship_partner;reign_number;title_won_date;days_into_reign_at_event;source_ids,N/A,N/A,N/A,N/A,N/A,N/A,FALSE,FALSE,S084;S506;S749;S1330;S1700
RR2012M,alex-riley,current_champion_title;championship_level;championship_partner;reign_number;title_won_date;days_into_reign_at_event;source_ids,N/A,N/A,N/A,N/A,N/A,N/A,FALSE,FALSE,S084;S779;S1374;S1700
RR2012M,r-truth,current_champion_title;championship_level;championship_partner;reign_number;title_won_date;days_into_reign_at_event;source_ids,N/A,N/A,N/A,N/A,N/A,N/A,FALSE,FALSE,S084;S761;S1433;S1700
RR2012M,cody-rhodes,championship_partner;source_ids,WWE Intercontinental Championship,Intercontinental,N/A,1,2011-08-12,170,FALSE,FALSE,S084;S506;S501;S753;S1328;S1700
RR2012M,justin-gabriel,current_champion_title;championship_level;championship_partner;reign_number;title_won_date;days_into_reign_at_event;source_ids,N/A,N/A,N/A,N/A,N/A,N/A,FALSE,FALSE,S084;S765;S1360;S1700
RR2012M,primo,source_ids,WWE Tag Team Championship,Tag Team,Epico,1,2012-01-15,14,FALSE,FALSE,S084;S506;S501;S782;S1433;S1700
RR2012M,mick-foley,current_champion_title;championship_level;championship_partner;reign_number;title_won_date;days_into_reign_at_event;source_ids,N/A,N/A,N/A,N/A,N/A,N/A,FALSE,FALSE,S084;S506;S067;S073;S040;S052;S042;S481;S489;S716;S1336;S1700
RR2012M,ricardo-rodriguez,current_champion_title;championship_level;championship_partner;reign_number;title_won_date;days_into_reign_at_event;source_ids,N/A,N/A,N/A,N/A,N/A,N/A,FALSE,FALSE,S084;S501;S506;S783;S1377;S1700
RR2012M,santino-marella,current_champion_title;championship_level;championship_partner;reign_number;title_won_date;days_into_reign_at_event;source_ids,N/A,N/A,N/A,N/A,N/A,N/A,FALSE,FALSE,S084;S750;S1433;S1700
RR2012M,epico,source_ids,WWE Tag Team Championship,Tag Team,Primo,1,2012-01-15,14,FALSE,FALSE,S084;S506;S501;S784;S1378;S1700
RR2012M,kofi-kingston,current_champion_title;championship_level;championship_partner;reign_number;title_won_date;days_into_reign_at_event;source_ids,N/A,N/A,N/A,N/A,N/A,N/A,FALSE,FALSE,S084;S760;S1352;S1700
RR2012M,jerry-lawler,current_champion_title;championship_level;championship_partner;reign_number;title_won_date;days_into_reign_at_event;source_ids,N/A,N/A,N/A,N/A,N/A,N/A,FALSE,FALSE,S084;S033;S034;S477;S027;S028;S469;S566;S1379;S1700
RR2012M,ezekiel-jackson,current_champion_title;championship_level;championship_partner;reign_number;title_won_date;days_into_reign_at_event;source_ids,N/A,N/A,N/A,N/A,N/A,N/A,FALSE,FALSE,S084;S780;S1375;S1700
RR2012M,jinder-mahal,current_champion_title;championship_level;championship_partner;reign_number;title_won_date;days_into_reign_at_event;source_ids,N/A,N/A,N/A,N/A,N/A,N/A,FALSE,FALSE,S084;S785;S1380;S1700
RR2012M,the-great-khali,current_champion_title;championship_level;championship_partner;reign_number;title_won_date;days_into_reign_at_event;source_ids,N/A,N/A,N/A,N/A,N/A,N/A,FALSE,FALSE,S084;S748;S1320;S1700
RR2012M,hunico,current_champion_title;championship_level;championship_partner;reign_number;title_won_date;days_into_reign_at_event;source_ids,N/A,N/A,N/A,N/A,N/A,N/A,FALSE,FALSE,S084;S501;S506;S786;S1381;S1700
RR2012M,booker-t,current_champion_title;championship_level;championship_partner;reign_number;title_won_date;days_into_reign_at_event;source_ids,N/A,N/A,N/A,N/A,N/A,N/A,FALSE,FALSE,S084;S068;S069;S686;S1433;S1700
RR2012M,dolph-ziggler,current_champion_title;championship_level;championship_partner;reign_number;title_won_date;days_into_reign_at_event;source_ids,N/A,N/A,N/A,N/A,N/A,N/A,FALSE,FALSE,S084;S506;S501;S763;S1356;S1700
RR2012M,jim-duggan,current_champion_title;championship_level;championship_partner;reign_number;title_won_date;days_into_reign_at_event;source_ids,N/A,N/A,N/A,N/A,N/A,N/A,FALSE,FALSE,S084;S506;S1357;S1700
RR2012M,michael-cole,current_champion_title;championship_level;championship_partner;reign_number;title_won_date;days_into_reign_at_event;source_ids,N/A,N/A,N/A,N/A,N/A,N/A,FALSE,FALSE,S084;S787;S1382;S1700
RR2012M,kharma,current_champion_title;championship_level;championship_partner;reign_number;title_won_date;days_into_reign_at_event;source_ids,N/A,N/A,N/A,N/A,N/A,N/A,FALSE,FALSE,S084;S788;S1383;S1700
RR2012M,sheamus,current_champion_title;championship_level;championship_partner;reign_number;title_won_date;days_into_reign_at_event;source_ids,N/A,N/A,N/A,N/A,N/A,N/A,FALSE,FALSE,S084;S776;S1371;S1700
RR2012M,road-dogg,current_champion_title;championship_level;championship_partner;reign_number;title_won_date;days_into_reign_at_event;source_ids,N/A,N/A,N/A,N/A,N/A,N/A,FALSE,FALSE,S084;S506;S789;S1384;S1700
RR2012M,jey-uso,current_champion_title;championship_level;championship_partner;reign_number;title_won_date;days_into_reign_at_event;source_ids,N/A,N/A,N/A,N/A,N/A,N/A,FALSE,FALSE,S084;S790;S1385;S1700
RR2012M,jack-swagger,championship_partner;source_ids,WWE United States Championship,Intercontinental/United States,N/A,1,2012-01-16,13,FALSE,FALSE,S084;S506;S501;S775;S1370;S1700
RR2012M,wade-barrett,current_champion_title;championship_level;championship_partner;reign_number;title_won_date;days_into_reign_at_event;source_ids,N/A,N/A,N/A,N/A,N/A,N/A,FALSE,FALSE,S084;S777;S1372;S1700
RR2012M,david-otunga,current_champion_title;championship_level;championship_partner;reign_number;title_won_date;days_into_reign_at_event;source_ids,N/A,N/A,N/A,N/A,N/A,N/A,FALSE,FALSE,S084;S770;S1364;S1700
RR2012M,randy-orton,current_champion_title;championship_level;championship_partner;reign_number;title_won_date;days_into_reign_at_event;source_ids,N/A,N/A,N/A,N/A,N/A,N/A,FALSE,FALSE,S084;S067;S073;S040;S052;S042;S481;S489;S485;S709;S1346;S1700
RR2012M,chris-jericho,current_champion_title;championship_level;championship_partner;reign_number;title_won_date;days_into_reign_at_event;source_ids,N/A,N/A,N/A,N/A,N/A,N/A,FALSE,FALSE,S084;S068;S069;S436;S671;S1349;S1700
RR2012M,big-show,current_champion_title;championship_level;championship_partner;reign_number;title_won_date;days_into_reign_at_event;source_ids,N/A,N/A,N/A,N/A,N/A,N/A,FALSE,FALSE,S084;S439;S442;S067;S073;S040;S052;S042;S481;S489;S485;S675;S1358;S1700
RR2010M,dolph-ziggler,current_champion_title;championship_level;championship_partner;reign_number;title_won_date;days_into_reign_at_event;source_ids,N/A,N/A,N/A,N/A,N/A,N/A,FALSE,FALSE,S085;S086;S087;S088;S089;S090;S091;S092;S763;S1356;S1700
RR2010M,evan-bourne,current_champion_title;championship_level;championship_partner;reign_number;title_won_date;days_into_reign_at_event;source_ids,N/A,N/A,N/A,N/A,N/A,N/A,FALSE,FALSE,S085;S086;S087;S088;S089;S090;S091;S092;S791;S1386;S1692;S1700
RR2010M,cm-punk,current_champion_title;championship_level;championship_partner;reign_number;title_won_date;days_into_reign_at_event;source_ids,N/A,N/A,N/A,N/A,N/A,N/A,FALSE,FALSE,S085;S086;S087;S088;S089;S090;S091;S092;S499;S504;S744;S1327;S1700
RR2010M,jtg,current_champion_title;championship_level;championship_partner;reign_number;title_won_date;days_into_reign_at_event;source_ids,N/A,N/A,N/A,N/A,N/A,N/A,FALSE,FALSE,S085;S086;S087;S088;S089;S090;S091;S092;S757;S1347;S1700
RR2010M,the-great-khali,current_champion_title;championship_level;championship_partner;reign_number;title_won_date;days_into_reign_at_event;source_ids,N/A,N/A,N/A,N/A,N/A,N/A,FALSE,FALSE,S085;S086;S087;S088;S089;S090;S091;S092;S499;S504;S748;S1320;S1700
RR2010M,beth-phoenix,current_champion_title;championship_level;championship_partner;reign_number;title_won_date;days_into_reign_at_event;source_ids,N/A,N/A,N/A,N/A,N/A,N/A,FALSE,FALSE,S085;S086;S087;S088;S089;S090;S091;S092;S504;S792;S1387;S1700
RR2010M,zack-ryder,current_champion_title;championship_level;championship_partner;reign_number;title_won_date;days_into_reign_at_event;source_ids,N/A,N/A,N/A,N/A,N/A,N/A,FALSE,FALSE,S085;S086;S087;S088;S089;S090;S091;S092;S766;S1361;S1700
RR2010M,hunter-hearst-helmsley,source_ids,Unified WWE Tag Team Championship,Tag Team,Shawn Michaels,1,2009-12-13,49,FALSE,FALSE,S085;S086;S087;S088;S089;S090;S091;S092;S504;S499;S024;S037;S040;S049;S050;S051;S044;S045;S479;S619;S1341;S1700
RR2010M,drew-mcintyre,championship_partner;source_ids,WWE Intercontinental Championship,Intercontinental,N/A,1,2009-12-13,49,FALSE,FALSE,S085;S086;S087;S088;S089;S090;S091;S092;S504;S499;S778;S1373;S1700
RR2010M,ted-dibiase-jr,current_champion_title;championship_level;championship_partner;reign_number;title_won_date;days_into_reign_at_event;source_ids,N/A,N/A,N/A,N/A,N/A,N/A,FALSE,FALSE,S085;S086;S087;S088;S089;S090;S091;S092;S504;S758;S1348;S1700
RR2010M,johnny-nitro,current_champion_title;championship_level;championship_partner;reign_number;title_won_date;days_into_reign_at_event;source_ids,N/A,N/A,N/A,N/A,N/A,N/A,FALSE,FALSE,S085;S086;S087;S088;S089;S090;S091;S092;S740;S1431;S1700
RR2010M,kane,current_champion_title;championship_level;championship_partner;reign_number;title_won_date;days_into_reign_at_event;source_ids,N/A,N/A,N/A,N/A,N/A,N/A,FALSE,FALSE,S085;S086;S087;S088;S089;S090;S091;S092;S068;S069;S044;S045;S479;S628;S1334;S1700
RR2010M,cody-rhodes,current_champion_title;championship_level;championship_partner;reign_number;title_won_date;days_into_reign_at_event;source_ids,N/A,N/A,N/A,N/A,N/A,N/A,FALSE,FALSE,S085;S086;S087;S088;S089;S090;S091;S092;S504;S753;S1328;S1700
RR2010M,mvp,current_champion_title;championship_level;championship_partner;reign_number;title_won_date;days_into_reign_at_event;source_ids,N/A,N/A,N/A,N/A,N/A,N/A,FALSE,FALSE,S085;S086;S087;S088;S089;S090;S091;S092;S747;S1344;S1700
RR2010M,carlito,current_champion_title;championship_level;championship_partner;reign_number;title_won_date;days_into_reign_at_event;source_ids,N/A,N/A,N/A,N/A,N/A,N/A,FALSE,FALSE,S085;S086;S087;S088;S089;S090;S091;S092;S733;S1335;S1700
RR2010M,the-miz,championship_partner;source_ids,WWE United States Championship,Intercontinental/United States,N/A,1,2009-10-05,118,FALSE,FALSE,S085;S086;S087;S088;S089;S090;S091;S092;S504;S499;S749;S1330;S1700
RR2010M,matt-hardy,current_champion_title;championship_level;championship_partner;reign_number;title_won_date;days_into_reign_at_event;source_ids,N/A,N/A,N/A,N/A,N/A,N/A,FALSE,FALSE,S085;S086;S087;S088;S089;S090;S091;S092;S067;S073;S040;S052;S042;S481;S678;S1388;S1700
RR2010M,shawn-michaels,source_ids,Unified WWE Tag Team Championship,Tag Team,Triple H,1,2009-12-13,49,FALSE,FALSE,S085;S086;S087;S088;S089;S090;S091;S092;S504;S499;S1318;S1700
RR2010M,john-cena,current_champion_title;championship_level;championship_partner;reign_number;title_won_date;days_into_reign_at_event;source_ids,N/A,N/A,N/A,N/A,N/A,N/A,FALSE,FALSE,S085;S086;S087;S088;S089;S090;S091;S092;S068;S069;S494;S490;S702;S1342;S1700
RR2010M,shelton-benjamin,current_champion_title;championship_level;championship_partner;reign_number;title_won_date;days_into_reign_at_event;source_ids,N/A,N/A,N/A,N/A,N/A,N/A,FALSE,FALSE,S085;S086;S087;S088;S089;S090;S091;S092;S068;S069;S494;S490;S705;S1331;S1700
RR2010M,yoshi-tatsu,current_champion_title;championship_level;championship_partner;reign_number;title_won_date;days_into_reign_at_event;source_ids,N/A,N/A,N/A,N/A,N/A,N/A,FALSE,FALSE,S085;S086;S087;S088;S089;S090;S091;S092;S767;S1362;S1700
RR2010M,big-show,current_champion_title;championship_level;championship_partner;reign_number;title_won_date;days_into_reign_at_event;source_ids,N/A,N/A,N/A,N/A,N/A,N/A,FALSE,FALSE,S085;S086;S087;S088;S089;S090;S091;S092;S067;S073;S040;S052;S042;S481;S489;S485;S675;S1358;S1700
RR2010M,mark-henry,current_champion_title;championship_level;championship_partner;reign_number;title_won_date;days_into_reign_at_event;source_ids,N/A,N/A,N/A,N/A,N/A,N/A,FALSE,FALSE,S085;S086;S087;S088;S089;S090;S091;S092;S067;S073;S040;S052;S042;S481;S044;S045;S649;S1338;S1700
RR2010M,chris-masters,current_champion_title;championship_level;championship_partner;reign_number;title_won_date;days_into_reign_at_event;source_ids,N/A,N/A,N/A,N/A,N/A,N/A,FALSE,FALSE,S085;S086;S087;S088;S089;S090;S091;S092;S738;S1363;S1700
RR2010M,r-truth,current_champion_title;championship_level;championship_partner;reign_number;title_won_date;days_into_reign_at_event;source_ids,N/A,N/A,N/A,N/A,N/A,N/A,FALSE,FALSE,S085;S086;S087;S088;S089;S090;S091;S092;S761;S1353;S1700
RR2010M,jack-swagger,current_champion_title;championship_level;championship_partner;reign_number;title_won_date;days_into_reign_at_event;source_ids,N/A,N/A,N/A,N/A,N/A,N/A,FALSE,FALSE,S085;S086;S087;S088;S089;S090;S091;S092;S775;S1370;S1700
RR2010M,kofi-kingston,current_champion_title;championship_level;championship_partner;reign_number;title_won_date;days_into_reign_at_event;source_ids,N/A,N/A,N/A,N/A,N/A,N/A,FALSE,FALSE,S085;S086;S087;S088;S089;S090;S091;S092;S760;S1352;S1700
RR2010M,chris-jericho,current_champion_title;championship_level;championship_partner;reign_number;title_won_date;days_into_reign_at_event;source_ids,N/A,N/A,N/A,N/A,N/A,N/A,FALSE,FALSE,S085;S086;S087;S088;S089;S090;S091;S092;S068;S069;S436;S671;S1349;S1700
RR2010M,edge,current_champion_title;championship_level;championship_partner;reign_number;title_won_date;days_into_reign_at_event;source_ids,N/A,N/A,N/A,N/A,N/A,N/A,FALSE,FALSE,S085;S086;S087;S088;S089;S090;S091;S092;S068;S069;S436;S044;S045;S479;S656;S1389;S1700
RR2010M,batista,current_champion_title;championship_level;championship_partner;reign_number;title_won_date;days_into_reign_at_event;source_ids,N/A,N/A,N/A,N/A,N/A,N/A,FALSE,FALSE,S085;S086;S087;S088;S089;S090;S091;S092;S068;S069;S494;S706;S1323;S1700
RR2013M,dolph-ziggler,current_champion_title;championship_level;championship_partner;reign_number;title_won_date;days_into_reign_at_event;source_ids,N/A,N/A,N/A,N/A,N/A,N/A,FALSE,FALSE,S040;S101;S109;S502;S507;S763;S1356;S1700
RR2013M,chris-jericho,current_champion_title;championship_level;championship_partner;reign_number;title_won_date;days_into_reign_at_event;source_ids,N/A,N/A,N/A,N/A,N/A,N/A,FALSE,FALSE,S040;S101;S109;S068;S069;S436;S671;S1349;S1700
RR2013M,sheamus,current_champion_title;championship_level;championship_partner;reign_number;title_won_date;days_into_reign_at_event;source_ids,N/A,N/A,N/A,N/A,N/A,N/A,FALSE,FALSE,S040;S101;S109;S776;S1371;S1700
RR2013M,cody-rhodes,current_champion_title;championship_level;championship_partner;reign_number;title_won_date;days_into_reign_at_event;source_ids,N/A,N/A,N/A,N/A,N/A,N/A,FALSE,FALSE,S040;S101;S109;S507;S753;S1328;S1700
RR2013M,john-cena,current_champion_title;championship_level;championship_partner;reign_number;title_won_date;days_into_reign_at_event;source_ids,N/A,N/A,N/A,N/A,N/A,N/A,FALSE,FALSE,S040;S101;S102;S103;S109;S068;S069;S494;S490;S702;S1342;S1700
RR2013M,bo-dallas,current_champion_title;championship_level;championship_partner;reign_number;title_won_date;days_into_reign_at_event;source_ids,N/A,N/A,N/A,N/A,N/A,N/A,FALSE,FALSE,S039;S040;S101;S109;S121;S128;S793;S1390;S1700
RR2013M,kofi-kingston,current_champion_title;championship_level;championship_partner;reign_number;title_won_date;days_into_reign_at_event;source_ids,N/A,N/A,N/A,N/A,N/A,N/A,FALSE,FALSE,S040;S101;S109;S760;S1352;S1700
RR2013M,wade-barrett,championship_partner;source_ids,WWE Intercontinental Championship,Intercontinental,N/A,2,2012-12-29,29,FALSE,FALSE,S040;S101;S109;S507;S502;S777;S1372;S1700
RR2013M,damien-sandow,current_champion_title;championship_level;championship_partner;reign_number;title_won_date;days_into_reign_at_event;source_ids,N/A,N/A,N/A,N/A,N/A,N/A,FALSE,FALSE,S040;S101;S109;S507;S794;S1434;S1519;S1700
RR2013M,heath-slater,current_champion_title;championship_level;championship_partner;reign_number;title_won_date;days_into_reign_at_event;source_ids,N/A,N/A,N/A,N/A,N/A,N/A,FALSE,FALSE,S040;S101;S109;S507;S774;S1369;S1700
RR2013M,rey-mysterio,current_champion_title;championship_level;championship_partner;reign_number;title_won_date;days_into_reign_at_event;source_ids,N/A,N/A,N/A,N/A,N/A,N/A,FALSE,FALSE,S040;S101;S109;S068;S069;S436;S695;S1434;S1700
RR2013M,randy-orton,current_champion_title;championship_level;championship_partner;reign_number;title_won_date;days_into_reign_at_event;source_ids,N/A,N/A,N/A,N/A,N/A,N/A,FALSE,FALSE,S040;S101;S109;S067;S073;S052;S042;S481;S489;S485;S709;S1346;S1700
RR2013M,goldust,current_champion_title;championship_level;championship_partner;reign_number;title_won_date;days_into_reign_at_event;source_ids,N/A,N/A,N/A,N/A,N/A,N/A,FALSE,FALSE,S040;S101;S109;S065;S066;S488;S044;S045;S634;S1434;S1700
RR2013M,ryback,current_champion_title;championship_level;championship_partner;reign_number;title_won_date;days_into_reign_at_event;source_ids,N/A,N/A,N/A,N/A,N/A,N/A,FALSE,FALSE,S040;S101;S109;S795;S1391;S1700
RR2013M,cesaro,championship_partner;source_ids,WWE United States Championship,Intercontinental/United States,N/A,1,2012-08-19,161,FALSE,FALSE,S040;S101;S109;S507;S502;S796;S1392;S1687;S1700
RR2013M,titus-oneil,current_champion_title;championship_level;championship_partner;reign_number;title_won_date;days_into_reign_at_event;source_ids,N/A,N/A,N/A,N/A,N/A,N/A,FALSE,FALSE,S040;S101;S109;S507;S797;S1434;S1700
RR2013M,daniel-bryan,source_ids,WWE Tag Team Championship,Tag Team,Kane,1,2012-09-16,133,FALSE,FALSE,S040;S101;S109;S507;S502;S764;S1359;S1700
RR2013M,prince-albert,current_champion_title;championship_level;championship_partner;reign_number;title_won_date;days_into_reign_at_event;source_ids,N/A,N/A,N/A,N/A,N/A,N/A,FALSE,FALSE,S024;S039;S040;S078;S101;S109;S128;S507;S067;S073;S052;S042;S481;S489;S673;S1434;S1700
RR2013M,the-miz,current_champion_title;championship_level;championship_partner;reign_number;title_won_date;days_into_reign_at_event;source_ids,N/A,N/A,N/A,N/A,N/A,N/A,FALSE,FALSE,S040;S101;S109;S749;S1330;S1700
RR2013M,david-otunga,current_champion_title;championship_level;championship_partner;reign_number;title_won_date;days_into_reign_at_event;source_ids,N/A,N/A,N/A,N/A,N/A,N/A,FALSE,FALSE,S040;S101;S109;S770;S1364;S1700
RR2013M,brodus-clay,current_champion_title;championship_level;championship_partner;reign_number;title_won_date;days_into_reign_at_event;source_ids,N/A,N/A,N/A,N/A,N/A,N/A,FALSE,FALSE,S040;S101;S109;S481;S507;S798;S1393;S1686;S1700
RR2013M,hunico,current_champion_title;championship_level;championship_partner;reign_number;title_won_date;days_into_reign_at_event;source_ids,N/A,N/A,N/A,N/A,N/A,N/A,FALSE,FALSE,S024;S039;S040;S101;S109;S128;S507;S786;S1381;S1700
RR2013M,the-great-khali,current_champion_title;championship_level;championship_partner;reign_number;title_won_date;days_into_reign_at_event;source_ids,N/A,N/A,N/A,N/A,N/A,N/A,FALSE,FALSE,S040;S101;S109;S502;S507;S748;S1320;S1700
RR2013M,darren-young,current_champion_title;championship_level;championship_partner;reign_number;title_won_date;days_into_reign_at_event;source_ids,N/A,N/A,N/A,N/A,N/A,N/A,FALSE,FALSE,S040;S101;S109;S507;S799;S1394;S1689;S1700
RR2013M,drew-mcintyre,current_champion_title;championship_level;championship_partner;reign_number;title_won_date;days_into_reign_at_event;source_ids,N/A,N/A,N/A,N/A,N/A,N/A,FALSE,FALSE,S040;S101;S109;S507;S778;S1373;S1700
RR2013M,zack-ryder,current_champion_title;championship_level;championship_partner;reign_number;title_won_date;days_into_reign_at_event;source_ids,N/A,N/A,N/A,N/A,N/A,N/A,FALSE,FALSE,S040;S101;S109;S766;S1361;S1700
RR2013M,jinder-mahal,current_champion_title;championship_level;championship_partner;reign_number;title_won_date;days_into_reign_at_event;source_ids,N/A,N/A,N/A,N/A,N/A,N/A,FALSE,FALSE,S040;S101;S109;S507;S785;S1380;S1700
RR2013M,kane,source_ids,WWE Tag Team Championship,Tag Team,Daniel Bryan,1,2012-09-16,133,FALSE,FALSE,S040;S101;S109;S507;S502;S068;S069;S044;S045;S479;S628;S1334;S1700
RR2013M,santino-marella,current_champion_title;championship_level;championship_partner;reign_number;title_won_date;days_into_reign_at_event;source_ids,N/A,N/A,N/A,N/A,N/A,N/A,FALSE,FALSE,S039;S040;S078;S101;S109;S750;S1434;S1700
RR2013M,the-godfather,current_champion_title;championship_level;championship_partner;reign_number;title_won_date;days_into_reign_at_event;source_ids,N/A,N/A,N/A,N/A,N/A,N/A,FALSE,FALSE,S040;S101;S109;S507;S049;S050;S481;S044;S045;S479;S622;S1434;S1700
RR2014M,cm-punk,current_champion_title;championship_level;championship_partner;reign_number;title_won_date;days_into_reign_at_event;source_ids,N/A,N/A,N/A,N/A,N/A,N/A,FALSE,FALSE,S104;S105;S109;S110;S744;S1327;S1700
RR2014M,seth-rollins,current_champion_title;championship_level;championship_partner;reign_number;title_won_date;days_into_reign_at_event;source_ids,N/A,N/A,N/A,N/A,N/A,N/A,FALSE,FALSE,S104;S105;S109;S110;S513;S800;S1395;S1700
RR2014M,damien-sandow,current_champion_title;championship_level;championship_partner;reign_number;title_won_date;days_into_reign_at_event;source_ids,N/A,N/A,N/A,N/A,N/A,N/A,FALSE,FALSE,S104;S105;S109;S110;S794;S1435;S1519;S1700
RR2014M,cody-rhodes,current_champion_title;championship_level;championship_partner;reign_number;title_won_date;days_into_reign_at_event;source_ids,N/A,N/A,N/A,N/A,N/A,N/A,FALSE,FALSE,S104;S105;S109;S110;S440;S443;S445;S513;S753;S1328;S1700
RR2014M,kane,current_champion_title;championship_level;championship_partner;reign_number;title_won_date;days_into_reign_at_event;source_ids,N/A,N/A,N/A,N/A,N/A,N/A,FALSE,FALSE,S104;S105;S109;S110;S068;S069;S044;S045;S479;S628;S1334;S1700
RR2014M,rusev,current_champion_title;championship_level;championship_partner;reign_number;title_won_date;days_into_reign_at_event;source_ids,N/A,N/A,N/A,N/A,N/A,N/A,FALSE,FALSE,S104;S105;S109;S110;S513;S508;S801;S1396;S1700
RR2014M,jack-swagger,current_champion_title;championship_level;championship_partner;reign_number;title_won_date;days_into_reign_at_event;source_ids,N/A,N/A,N/A,N/A,N/A,N/A,FALSE,FALSE,S104;S105;S109;S110;S513;S508;S775;S1370;S1700
RR2014M,kofi-kingston,current_champion_title;championship_level;championship_partner;reign_number;title_won_date;days_into_reign_at_event;source_ids,N/A,N/A,N/A,N/A,N/A,N/A,FALSE,FALSE,S104;S105;S109;S110;S760;S1352;S1700
RR2014M,jimmy-uso,current_champion_title;championship_level;championship_partner;reign_number;title_won_date;days_into_reign_at_event;source_ids,N/A,N/A,N/A,N/A,N/A,N/A,FALSE,FALSE,S104;S105;S109;S110;S513;S802;S1397;S1700
RR2014M,goldust,current_champion_title;championship_level;championship_partner;reign_number;title_won_date;days_into_reign_at_event;source_ids,N/A,N/A,N/A,N/A,N/A,N/A,FALSE,FALSE,S104;S105;S109;S110;S513;S065;S066;S488;S044;S045;S634;S1435;S1700
RR2014M,dean-ambrose,championship_partner;source_ids,WWE United States Championship,Intercontinental/United States,N/A,1,2013-05-19,252,FALSE,FALSE,S104;S105;S109;S110;S513;S508;S803;S1398;S1690;S1700
RR2014M,dolph-ziggler,current_champion_title;championship_level;championship_partner;reign_number;title_won_date;days_into_reign_at_event;source_ids,N/A,N/A,N/A,N/A,N/A,N/A,FALSE,FALSE,S104;S105;S109;S110;S763;S1356;S1700
RR2014M,r-truth,current_champion_title;championship_level;championship_partner;reign_number;title_won_date;days_into_reign_at_event;source_ids,N/A,N/A,N/A,N/A,N/A,N/A,FALSE,FALSE,S104;S105;S109;S110;S761;S1435;S1700
RR2014M,diesel,current_champion_title;championship_level;championship_partner;reign_number;title_won_date;days_into_reign_at_event;source_ids,N/A,N/A,N/A,N/A,N/A,N/A,FALSE,FALSE,S104;S105;S109;S110;S513;S032;S035;S024;S029;S466;S481;S585;S1435;S1700
RR2014M,roman-reigns,current_champion_title;championship_level;championship_partner;reign_number;title_won_date;days_into_reign_at_event;source_ids,N/A,N/A,N/A,N/A,N/A,N/A,FALSE,FALSE,S104;S105;S109;S110;S513;S804;S1399;S1700
RR2014M,the-great-khali,current_champion_title;championship_level;championship_partner;reign_number;title_won_date;days_into_reign_at_event;source_ids,N/A,N/A,N/A,N/A,N/A,N/A,FALSE,FALSE,S104;S105;S109;S110;S748;S1320;S1700
RR2014M,sheamus,current_champion_title;championship_level;championship_partner;reign_number;title_won_date;days_into_reign_at_event;source_ids,N/A,N/A,N/A,N/A,N/A,N/A,FALSE,FALSE,S104;S105;S109;S110;S776;S1371;S1700
RR2014M,the-miz,current_champion_title;championship_level;championship_partner;reign_number;title_won_date;days_into_reign_at_event;source_ids,N/A,N/A,N/A,N/A,N/A,N/A,FALSE,FALSE,S104;S105;S109;S110;S749;S1330;S1700
RR2014M,fandango,current_champion_title;championship_level;championship_partner;reign_number;title_won_date;days_into_reign_at_event;source_ids,N/A,N/A,N/A,N/A,N/A,N/A,FALSE,FALSE,S104;S105;S109;S110;S805;S1400;S1700
RR2014M,el-torito,current_champion_title;championship_level;championship_partner;reign_number;title_won_date;days_into_reign_at_event;source_ids,N/A,N/A,N/A,N/A,N/A,N/A,FALSE,FALSE,S104;S105;S109;S110;S513;S806;S1401;S1691;S1700
RR2014M,cesaro,current_champion_title;championship_level;championship_partner;reign_number;title_won_date;days_into_reign_at_event;source_ids,N/A,N/A,N/A,N/A,N/A,N/A,FALSE,FALSE,S104;S105;S109;S110;S513;S508;S796;S1392;S1687;S1700
RR2014M,luke-harper,current_champion_title;championship_level;championship_partner;reign_number;title_won_date;days_into_reign_at_event;source_ids,N/A,N/A,N/A,N/A,N/A,N/A,FALSE,FALSE,S104;S105;S109;S110;S513;S807;S1402;S1695;S1700
RR2014M,jey-uso,current_champion_title;championship_level;championship_partner;reign_number;title_won_date;days_into_reign_at_event;source_ids,N/A,N/A,N/A,N/A,N/A,N/A,FALSE,FALSE,S104;S105;S109;S110;S513;S790;S1385;S1700
RR2014M,bradshaw,current_champion_title;championship_level;championship_partner;reign_number;title_won_date;days_into_reign_at_event;source_ids,N/A,N/A,N/A,N/A,N/A,N/A,FALSE,FALSE,S104;S105;S109;S110;S513;S067;S073;S040;S052;S042;S481;S024;S043;S050;S474;S645;S1403;S1700
RR2014M,erick-rowan,current_champion_title;championship_level;championship_partner;reign_number;title_won_date;days_into_reign_at_event;source_ids,N/A,N/A,N/A,N/A,N/A,N/A,FALSE,FALSE,S104;S105;S109;S110;S513;S808;S1404;S1700
RR2014M,ryback,current_champion_title;championship_level;championship_partner;reign_number;title_won_date;days_into_reign_at_event;source_ids,N/A,N/A,N/A,N/A,N/A,N/A,FALSE,FALSE,S104;S105;S109;S110;S513;S795;S1391;S1700
RR2014M,alberto-del-rio,current_champion_title;championship_level;championship_partner;reign_number;title_won_date;days_into_reign_at_event;source_ids,N/A,N/A,N/A,N/A,N/A,N/A,FALSE,FALSE,S104;S105;S109;S110;S781;S1376;S1700
RR2014M,batista,current_champion_title;championship_level;championship_partner;reign_number;title_won_date;days_into_reign_at_event;source_ids,N/A,N/A,N/A,N/A,N/A,N/A,FALSE,FALSE,S104;S105;S109;S110;S068;S069;S494;S706;S1323;S1700
RR2014M,big-e,championship_partner;source_ids,WWE Intercontinental Championship,Intercontinental,N/A,1,2013-11-18,69,FALSE,FALSE,S104;S105;S109;S110;S513;S508;S809;S1405;S1700
RR2014M,rey-mysterio,current_champion_title;championship_level;championship_partner;reign_number;title_won_date;days_into_reign_at_event;source_ids,N/A,N/A,N/A,N/A,N/A,N/A,FALSE,FALSE,S078;S098;S104;S105;S109;S110;S111;S113;S068;S069;S436;S695;S1435;S1700
RR2015M,the-miz,current_champion_title;championship_level;championship_partner;reign_number;title_won_date;days_into_reign_at_event;source_ids,N/A,N/A,N/A,N/A,N/A,N/A,FALSE,FALSE,S106;S514;S749;S1330;S1700
RR2015M,r-truth,current_champion_title;championship_level;championship_partner;reign_number;title_won_date;days_into_reign_at_event;source_ids,N/A,N/A,N/A,N/A,N/A,N/A,FALSE,FALSE,S106;S481;S109;S761;S1436;S1700
RR2015M,bubba-ray-dudley,current_champion_title;championship_level;championship_partner;reign_number;title_won_date;days_into_reign_at_event;source_ids,N/A,N/A,N/A,N/A,N/A,N/A,FALSE,FALSE,S106;S810;S1406;S1700
RR2015M,luke-harper,current_champion_title;championship_level;championship_partner;reign_number;title_won_date;days_into_reign_at_event;source_ids,N/A,N/A,N/A,N/A,N/A,N/A,FALSE,FALSE,S106;S481;S109;S807;S1402;S1695;S1700
RR2015M,bray-wyatt,current_champion_title;championship_level;championship_partner;reign_number;title_won_date;days_into_reign_at_event;source_ids,N/A,N/A,N/A,N/A,N/A,N/A,FALSE,FALSE,S106;S481;S109;S811;S1407;S1700
RR2015M,curtis-axel,current_champion_title;championship_level;championship_partner;reign_number;title_won_date;days_into_reign_at_event;source_ids,N/A,N/A,N/A,N/A,N/A,N/A,FALSE,FALSE,S106;S481;S109;S812;S1408;S769;S1700
RR2015M,the-boogeyman,current_champion_title;championship_level;championship_partner;reign_number;title_won_date;days_into_reign_at_event;source_ids,N/A,N/A,N/A,N/A,N/A,N/A,FALSE,FALSE,S106;S813;S1436;S1700
RR2015M,hunico,current_champion_title;championship_level;championship_partner;reign_number;title_won_date;days_into_reign_at_event;source_ids,N/A,N/A,N/A,N/A,N/A,N/A,FALSE,FALSE,S024;S106;S109;S481;S514;S786;S1436;S1700
RR2015M,zack-ryder,current_champion_title;championship_level;championship_partner;reign_number;title_won_date;days_into_reign_at_event;source_ids,N/A,N/A,N/A,N/A,N/A,N/A,FALSE,FALSE,S106;S481;S109;S766;S1361;S1700
RR2015M,daniel-bryan,current_champion_title;championship_level;championship_partner;reign_number;title_won_date;days_into_reign_at_event;source_ids,N/A,N/A,N/A,N/A,N/A,N/A,FALSE,FALSE,S106;S481;S109;S764;S1359;S1700
RR2015M,fandango,current_champion_title;championship_level;championship_partner;reign_number;title_won_date;days_into_reign_at_event;source_ids,N/A,N/A,N/A,N/A,N/A,N/A,FALSE,FALSE,S106;S805;S1400;S1700
RR2015M,tyson-kidd,current_champion_title;championship_level;championship_partner;reign_number;title_won_date;days_into_reign_at_event;source_ids,N/A,N/A,N/A,N/A,N/A,N/A,FALSE,FALSE,S106;S514;S509;S773;S1368;S1700
RR2015M,cody-rhodes,current_champion_title;championship_level;championship_partner;reign_number;title_won_date;days_into_reign_at_event;source_ids,N/A,N/A,N/A,N/A,N/A,N/A,FALSE,FALSE,S106;S514;S753;S1328;S1700
RR2015M,diamond-dallas-page,current_champion_title;championship_level;championship_partner;reign_number;title_won_date;days_into_reign_at_event;source_ids,N/A,N/A,N/A,N/A,N/A,N/A,FALSE,FALSE,S106;S040;S049;S050;S481;S688;S1410;S1700
RR2015M,rusev,championship_partner;source_ids,WWE United States Championship,Intercontinental/United States,N/A,1,2014-11-03,83,FALSE,FALSE,S106;S509;S514;S801;S1396;S1700
RR2015M,goldust,current_champion_title;championship_level;championship_partner;reign_number;title_won_date;days_into_reign_at_event;source_ids,N/A,N/A,N/A,N/A,N/A,N/A,FALSE,FALSE,S106;S481;S109;S514;S065;S066;S488;S044;S045;S634;S1436;S1700
RR2015M,kofi-kingston,current_champion_title;championship_level;championship_partner;reign_number;title_won_date;days_into_reign_at_event;source_ids,N/A,N/A,N/A,N/A,N/A,N/A,FALSE,FALSE,S106;S514;S760;S1352;S1700
RR2015M,adam-rose,current_champion_title;championship_level;championship_partner;reign_number;title_won_date;days_into_reign_at_event;source_ids,N/A,N/A,N/A,N/A,N/A,N/A,FALSE,FALSE,S106;S814;S1411;S1684;S1700
RR2015M,roman-reigns,current_champion_title;championship_level;championship_partner;reign_number;title_won_date;days_into_reign_at_event;source_ids,N/A,N/A,N/A,N/A,N/A,N/A,FALSE,FALSE,S106;S804;S1399;S1700
RR2015M,big-e,current_champion_title;championship_level;championship_partner;reign_number;title_won_date;days_into_reign_at_event;source_ids,N/A,N/A,N/A,N/A,N/A,N/A,FALSE,FALSE,S106;S514;S809;S1405;S1700
RR2015M,damien-sandow,current_champion_title;championship_level;championship_partner;reign_number;title_won_date;days_into_reign_at_event;source_ids,N/A,N/A,N/A,N/A,N/A,N/A,FALSE,FALSE,S106;S481;S109;S514;S794;S1436;S1519;S1700
RR2015M,jack-swagger,current_champion_title;championship_level;championship_partner;reign_number;title_won_date;days_into_reign_at_event;source_ids,N/A,N/A,N/A,N/A,N/A,N/A,FALSE,FALSE,S106;S775;S1370;S1700
RR2015M,ryback,current_champion_title;championship_level;championship_partner;reign_number;title_won_date;days_into_reign_at_event;source_ids,N/A,N/A,N/A,N/A,N/A,N/A,FALSE,FALSE,S106;S795;S1391;S1700
RR2015M,kane,current_champion_title;championship_level;championship_partner;reign_number;title_won_date;days_into_reign_at_event;source_ids,N/A,N/A,N/A,N/A,N/A,N/A,FALSE,FALSE,S106;S514;S068;S069;S044;S045;S479;S628;S1334;S1700
RR2015M,dean-ambrose,current_champion_title;championship_level;championship_partner;reign_number;title_won_date;days_into_reign_at_event;source_ids,N/A,N/A,N/A,N/A,N/A,N/A,FALSE,FALSE,S106;S481;S109;S803;S1398;S1690;S1700
RR2015M,titus-oneil,current_champion_title;championship_level;championship_partner;reign_number;title_won_date;days_into_reign_at_event;source_ids,N/A,N/A,N/A,N/A,N/A,N/A,FALSE,FALSE,S106;S797;S1436;S1700
RR2015M,wade-barrett,championship_partner;source_ids,WWE Intercontinental Championship,Intercontinental,N/A,5,2015-01-05,20,FALSE,FALSE,S106;S514;S509;S777;S1372;S1700
RR2015M,cesaro,current_champion_title;championship_level;championship_partner;reign_number;title_won_date;days_into_reign_at_event;source_ids,N/A,N/A,N/A,N/A,N/A,N/A,FALSE,FALSE,S106;S481;S109;S514;S509;S796;S1392;S1687;S1700
RR2015M,big-show,current_champion_title;championship_level;championship_partner;reign_number;title_won_date;days_into_reign_at_event;source_ids,N/A,N/A,N/A,N/A,N/A,N/A,FALSE,FALSE,S106;S514;S067;S073;S040;S052;S042;S481;S489;S485;S675;S1358;S1700
RR2015M,dolph-ziggler,current_champion_title;championship_level;championship_partner;reign_number;title_won_date;days_into_reign_at_event;source_ids,N/A,N/A,N/A,N/A,N/A,N/A,FALSE,FALSE,S106;S763;S1356;S1700
RR2016M,roman-reigns,championship_partner;source_ids,WWE Championship,World,N/A,2,2015-12-14,41,FALSE,FALSE,S036;S040;S107;S109;S113;S481;S515;S510;S804;S1399;S1700
RR2016M,rusev,current_champion_title;championship_level;championship_partner;reign_number;title_won_date;days_into_reign_at_event;source_ids,N/A,N/A,N/A,N/A,N/A,N/A,FALSE,FALSE,S040;S107;S109;S510;S515;S801;S1396;S1700
RR2016M,aj-styles,current_champion_title;championship_level;championship_partner;reign_number;title_won_date;days_into_reign_at_event;source_ids,N/A,N/A,N/A,N/A,N/A,N/A,FALSE,FALSE,S040;S107;S109;S815;S1412;S1700
RR2016M,tyler-breeze,current_champion_title;championship_level;championship_partner;reign_number;title_won_date;days_into_reign_at_event;source_ids,N/A,N/A,N/A,N/A,N/A,N/A,FALSE,FALSE,S040;S107;S109;S816;S1413;S1700
RR2016M,curtis-axel,current_champion_title;championship_level;championship_partner;reign_number;title_won_date;days_into_reign_at_event;source_ids,N/A,N/A,N/A,N/A,N/A,N/A,FALSE,FALSE,S040;S107;S109;S515;S812;S1408;S769;S1700
RR2016M,chris-jericho,current_champion_title;championship_level;championship_partner;reign_number;title_won_date;days_into_reign_at_event;source_ids,N/A,N/A,N/A,N/A,N/A,N/A,FALSE,FALSE,S040;S107;S109;S068;S069;S436;S671;S1349;S1700
RR2016M,kane,current_champion_title;championship_level;championship_partner;reign_number;title_won_date;days_into_reign_at_event;source_ids,N/A,N/A,N/A,N/A,N/A,N/A,FALSE,FALSE,S040;S107;S109;S068;S069;S044;S045;S479;S628;S1334;S1700
RR2016M,goldust,current_champion_title;championship_level;championship_partner;reign_number;title_won_date;days_into_reign_at_event;source_ids,N/A,N/A,N/A,N/A,N/A,N/A,FALSE,FALSE,S040;S107;S109;S065;S066;S488;S044;S045;S634;S1437;S1700
RR2016M,ryback,current_champion_title;championship_level;championship_partner;reign_number;title_won_date;days_into_reign_at_event;source_ids,N/A,N/A,N/A,N/A,N/A,N/A,FALSE,FALSE,S040;S107;S109;S795;S1391;S1700
RR2016M,kofi-kingston,source_ids,WWE Tag Team Championship,Tag Team,Big E and Xavier Woods,2,2015-08-23,154,FALSE,FALSE,S037;S039;S040;S107;S109;S515;S510;S760;S1352;S1700
RR2016M,titus-oneil,current_champion_title;championship_level;championship_partner;reign_number;title_won_date;days_into_reign_at_event;source_ids,N/A,N/A,N/A,N/A,N/A,N/A,FALSE,FALSE,S040;S107;S109;S797;S1437;S1700
RR2016M,r-truth,current_champion_title;championship_level;championship_partner;reign_number;title_won_date;days_into_reign_at_event;source_ids,N/A,N/A,N/A,N/A,N/A,N/A,FALSE,FALSE,S040;S107;S109;S761;S1437;S1700
RR2016M,luke-harper,current_champion_title;championship_level;championship_partner;reign_number;title_won_date;days_into_reign_at_event;source_ids,N/A,N/A,N/A,N/A,N/A,N/A,FALSE,FALSE,S040;S107;S109;S515;S807;S1402;S1695;S1700
RR2016M,cody-rhodes,current_champion_title;championship_level;championship_partner;reign_number;title_won_date;days_into_reign_at_event;source_ids,N/A,N/A,N/A,N/A,N/A,N/A,FALSE,FALSE,S040;S107;S109;S515;S753;S1328;S1700
RR2016M,big-show,current_champion_title;championship_level;championship_partner;reign_number;title_won_date;days_into_reign_at_event;source_ids,N/A,N/A,N/A,N/A,N/A,N/A,FALSE,FALSE,S040;S107;S109;S067;S073;S052;S042;S481;S489;S485;S675;S1358;S1700
RR2016M,neville,current_champion_title;championship_level;championship_partner;reign_number;title_won_date;days_into_reign_at_event;source_ids,N/A,N/A,N/A,N/A,N/A,N/A,FALSE,FALSE,S040;S107;S109;S817;S1437;S1696;S1700
RR2016M,braun-strowman,current_champion_title;championship_level;championship_partner;reign_number;title_won_date;days_into_reign_at_event;source_ids,N/A,N/A,N/A,N/A,N/A,N/A,FALSE,FALSE,S040;S107;S109;S113;S515;S818;S1414;S1700
RR2016M,kevin-owens,current_champion_title;championship_level;championship_partner;reign_number;title_won_date;days_into_reign_at_event;source_ids,N/A,N/A,N/A,N/A,N/A,N/A,FALSE,FALSE,S040;S107;S109;S481;S819;S1415;S1700
RR2016M,dean-ambrose,championship_partner;source_ids,WWE Intercontinental Championship,Intercontinental,N/A,1,2015-12-13,42,FALSE,FALSE,S040;S107;S109;S515;S510;S803;S1398;S1690;S1700
RR2016M,sami-zayn,current_champion_title;championship_level;championship_partner;reign_number;title_won_date;days_into_reign_at_event;source_ids,N/A,N/A,N/A,N/A,N/A,N/A,FALSE,FALSE,S040;S107;S109;S820;S1416;S1700
RR2016M,erick-rowan,current_champion_title;championship_level;championship_partner;reign_number;title_won_date;days_into_reign_at_event;source_ids,N/A,N/A,N/A,N/A,N/A,N/A,FALSE,FALSE,S040;S107;S109;S515;S808;S1404;S1700
RR2016M,mark-henry,current_champion_title;championship_level;championship_partner;reign_number;title_won_date;days_into_reign_at_event;source_ids,N/A,N/A,N/A,N/A,N/A,N/A,FALSE,FALSE,S040;S107;S109;S481;S067;S073;S052;S042;S044;S045;S649;S1338;S1700
RR2016M,brock-lesnar,current_champion_title;championship_level;championship_partner;reign_number;title_won_date;days_into_reign_at_event;source_ids,N/A,N/A,N/A,N/A,N/A,N/A,FALSE,FALSE,S040;S107;S109;S510;S515;S065;S066;S707;S1417;S1700
RR2016M,jack-swagger,current_champion_title;championship_level;championship_partner;reign_number;title_won_date;days_into_reign_at_event;source_ids,N/A,N/A,N/A,N/A,N/A,N/A,FALSE,FALSE,S040;S107;S109;S775;S1370;S1700
RR2016M,the-miz,current_champion_title;championship_level;championship_partner;reign_number;title_won_date;days_into_reign_at_event;source_ids,N/A,N/A,N/A,N/A,N/A,N/A,FALSE,FALSE,S040;S107;S109;S515;S749;S1330;S1700
RR2016M,alberto-del-rio,championship_partner;source_ids,WWE United States Championship,Intercontinental/United States,N/A,2,2016-01-14,10,FALSE,FALSE,S040;S107;S109;S510;S515;S781;S1376;S1700
RR2016M,bray-wyatt,current_champion_title;championship_level;championship_partner;reign_number;title_won_date;days_into_reign_at_event;source_ids,N/A,N/A,N/A,N/A,N/A,N/A,FALSE,FALSE,S040;S107;S109;S481;S515;S811;S1407;S1700
RR2016M,dolph-ziggler,current_champion_title;championship_level;championship_partner;reign_number;title_won_date;days_into_reign_at_event;source_ids,N/A,N/A,N/A,N/A,N/A,N/A,FALSE,FALSE,S040;S107;S109;S763;S1356;S1700
RR2016M,sheamus,current_champion_title;championship_level;championship_partner;reign_number;title_won_date;days_into_reign_at_event;source_ids,N/A,N/A,N/A,N/A,N/A,N/A,FALSE,FALSE,S040;S107;S109;S510;S515;S776;S1371;S1700
RR2016M,hunter-hearst-helmsley,current_champion_title;championship_level;championship_partner;reign_number;title_won_date;days_into_reign_at_event;source_ids,N/A,N/A,N/A,N/A,N/A,N/A,FALSE,FALSE,S040;S107;S109;S024;S037;S049;S050;S051;S044;S045;S479;S619;S1341;S1700
RR2017M,big-cass,current_champion_title;championship_level;championship_partner;reign_number;title_won_date;days_into_reign_at_event;source_ids,N/A,N/A,N/A,N/A,N/A,N/A,FALSE,FALSE,S140;S141;S142;S143;S516;S821;S1418;S1700
RR2017M,chris-jericho,championship_partner;source_ids,WWE United States Championship,Intercontinental/United States,N/A,1,2017-01-09,20,FALSE,FALSE,S140;S141;S142;S143;S516;S511;S068;S069;S436;S671;S1349;S1700
RR2017M,kalisto,current_champion_title;championship_level;championship_partner;reign_number;title_won_date;days_into_reign_at_event;source_ids,N/A,N/A,N/A,N/A,N/A,N/A,FALSE,FALSE,S140;S141;S142;S143;S822;S1438;S1700
RR2017M,mojo-rawley,current_champion_title;championship_level;championship_partner;reign_number;title_won_date;days_into_reign_at_event;source_ids,N/A,N/A,N/A,N/A,N/A,N/A,FALSE,FALSE,S140;S141;S142;S143;S823;S1420;S1700
RR2017M,jack-gallagher,current_champion_title;championship_level;championship_partner;reign_number;title_won_date;days_into_reign_at_event;source_ids,N/A,N/A,N/A,N/A,N/A,N/A,FALSE,FALSE,S140;S141;S142;S143;S516;S824;S1421;S1700
RR2017M,mark-henry,current_champion_title;championship_level;championship_partner;reign_number;title_won_date;days_into_reign_at_event;source_ids,N/A,N/A,N/A,N/A,N/A,N/A,FALSE,FALSE,S140;S141;S142;S143;S067;S073;S040;S052;S042;S481;S044;S045;S649;S1338;S1700
RR2017M,braun-strowman,current_champion_title;championship_level;championship_partner;reign_number;title_won_date;days_into_reign_at_event;source_ids,N/A,N/A,N/A,N/A,N/A,N/A,FALSE,FALSE,S140;S141;S142;S143;S818;S1414;S1700
RR2017M,sami-zayn,current_champion_title;championship_level;championship_partner;reign_number;title_won_date;days_into_reign_at_event;source_ids,N/A,N/A,N/A,N/A,N/A,N/A,FALSE,FALSE,S140;S141;S142;S143;S820;S1416;S1700
RR2017M,big-show,current_champion_title;championship_level;championship_partner;reign_number;title_won_date;days_into_reign_at_event;source_ids,N/A,N/A,N/A,N/A,N/A,N/A,FALSE,FALSE,S140;S141;S142;S143;S067;S073;S040;S052;S042;S481;S489;S485;S675;S1358;S1700
RR2017M,tye-dillinger,current_champion_title;championship_level;championship_partner;reign_number;title_won_date;days_into_reign_at_event;source_ids,N/A,N/A,N/A,N/A,N/A,N/A,FALSE,FALSE,S140;S141;S142;S143;S516;S825;S1422;S1700
RR2017M,james-ellsworth,current_champion_title;championship_level;championship_partner;reign_number;title_won_date;days_into_reign_at_event;source_ids,N/A,N/A,N/A,N/A,N/A,N/A,FALSE,FALSE,S140;S141;S142;S143;S826;S1423;S1700
RR2017M,dean-ambrose,championship_partner;source_ids,WWE Intercontinental Championship,Intercontinental,N/A,2,2017-01-03,26,FALSE,FALSE,S140;S141;S142;S143;S516;S511;S803;S1398;S1690;S1700
RR2017M,baron-corbin,current_champion_title;championship_level;championship_partner;reign_number;title_won_date;days_into_reign_at_event;source_ids,N/A,N/A,N/A,N/A,N/A,N/A,FALSE,FALSE,S140;S141;S142;S143;S827;S1424;S1700
RR2017M,kofi-kingston,current_champion_title;championship_level;championship_partner;reign_number;title_won_date;days_into_reign_at_event;source_ids,N/A,N/A,N/A,N/A,N/A,N/A,FALSE,FALSE,S140;S141;S142;S143;S516;S760;S1352;S1700
RR2017M,the-miz,current_champion_title;championship_level;championship_partner;reign_number;title_won_date;days_into_reign_at_event;source_ids,N/A,N/A,N/A,N/A,N/A,N/A,FALSE,FALSE,S140;S141;S142;S143;S511;S516;S749;S1330;S1700
RR2017M,sheamus,source_ids,WWE Raw Tag Team Championship,Tag Team,Cesaro,1,2016-12-18,42,FALSE,FALSE,S140;S141;S142;S143;S516;S511;S776;S1371;S1700
RR2017M,big-e,current_champion_title;championship_level;championship_partner;reign_number;title_won_date;days_into_reign_at_event;source_ids,N/A,N/A,N/A,N/A,N/A,N/A,FALSE,FALSE,S140;S141;S142;S143;S516;S809;S1405;S1700
RR2017M,rusev,current_champion_title;championship_level;championship_partner;reign_number;title_won_date;days_into_reign_at_event;source_ids,N/A,N/A,N/A,N/A,N/A,N/A,FALSE,FALSE,S140;S141;S142;S143;S511;S516;S801;S1396;S1700
RR2017M,cesaro,source_ids,WWE Raw Tag Team Championship,Tag Team,Sheamus,1,2016-12-18,42,FALSE,FALSE,S140;S141;S142;S143;S516;S511;S796;S1392;S1687;S1700
RR2017M,xavier-woods,current_champion_title;championship_level;championship_partner;reign_number;title_won_date;days_into_reign_at_event;source_ids,N/A,N/A,N/A,N/A,N/A,N/A,FALSE,FALSE,S140;S141;S142;S143;S516;S828;S1425;S1700
RR2017M,bray-wyatt,current_champion_title;championship_level;championship_partner;reign_number;title_won_date;days_into_reign_at_event;source_ids,N/A,N/A,N/A,N/A,N/A,N/A,FALSE,FALSE,S140;S141;S142;S143;S516;S811;S1407;S1700
RR2017M,apollo-crews,current_champion_title;championship_level;championship_partner;reign_number;title_won_date;days_into_reign_at_event;source_ids,N/A,N/A,N/A,N/A,N/A,N/A,FALSE,FALSE,S140;S141;S142;S143;S829;S1426;S1700
RR2017M,randy-orton,current_champion_title;championship_level;championship_partner;reign_number;title_won_date;days_into_reign_at_event;source_ids,N/A,N/A,N/A,N/A,N/A,N/A,FALSE,FALSE,S140;S141;S142;S143;S516;S067;S073;S040;S052;S042;S481;S489;S485;S709;S1346;S1700
RR2017M,dolph-ziggler,current_champion_title;championship_level;championship_partner;reign_number;title_won_date;days_into_reign_at_event;source_ids,N/A,N/A,N/A,N/A,N/A,N/A,FALSE,FALSE,S140;S141;S142;S143;S763;S1356;S1700
RR2017M,luke-harper,current_champion_title;championship_level;championship_partner;reign_number;title_won_date;days_into_reign_at_event;source_ids,N/A,N/A,N/A,N/A,N/A,N/A,FALSE,FALSE,S140;S141;S142;S143;S516;S807;S1402;S1695;S1700
RR2017M,brock-lesnar,current_champion_title;championship_level;championship_partner;reign_number;title_won_date;days_into_reign_at_event;source_ids,N/A,N/A,N/A,N/A,N/A,N/A,FALSE,FALSE,S140;S141;S142;S143;S511;S516;S065;S066;S707;S1417;S1700
RR2017M,enzo-amore,current_champion_title;championship_level;championship_partner;reign_number;title_won_date;days_into_reign_at_event;source_ids,N/A,N/A,N/A,N/A,N/A,N/A,FALSE,FALSE,S140;S141;S142;S143;S516;S830;S1427;S1700
RR2017M,goldberg,current_champion_title;championship_level;championship_partner;reign_number;title_won_date;days_into_reign_at_event;source_ids,N/A,N/A,N/A,N/A,N/A,N/A,FALSE,FALSE,S140;S141;S142;S143;S831;S1428;S1700
RR2017M,the-undertaker,current_champion_title;championship_level;championship_partner;reign_number;title_won_date;days_into_reign_at_event;source_ids,N/A,N/A,N/A,N/A,N/A,N/A,FALSE,FALSE,S140;S141;S142;S143;S065;S066;S488;S033;S034;S027;S028;S465;S469;S543;S1438;S1700
RR2017M,roman-reigns,current_champion_title;championship_level;championship_partner;reign_number;title_won_date;days_into_reign_at_event;source_ids,N/A,N/A,N/A,N/A,N/A,N/A,FALSE,TRUE,S140;S141;S142;S143;S804;S1399;S1700
RR2018M,rusev,current_champion_title;championship_level;championship_partner;reign_number;title_won_date;days_into_reign_at_event;source_ids,N/A,N/A,N/A,N/A,N/A,N/A,FALSE,FALSE,S144;S145;S146;S517;S512;S801;S1439;S1700
RR2018M,finn-balor,current_champion_title;championship_level;championship_partner;reign_number;title_won_date;days_into_reign_at_event;source_ids,N/A,N/A,N/A,N/A,N/A,N/A,FALSE,FALSE,S144;S145;S146;S832;S1440;S1700
RR2018M,rhyno,current_champion_title;championship_level;championship_partner;reign_number;title_won_date;days_into_reign_at_event;source_ids,N/A,N/A,N/A,N/A,N/A,N/A,FALSE,FALSE,S144;S145;S146;S067;S073;S040;S052;S042;S481;S710;S1441;S1700
RR2018M,baron-corbin,current_champion_title;championship_level;championship_partner;reign_number;title_won_date;days_into_reign_at_event;source_ids,N/A,N/A,N/A,N/A,N/A,N/A,FALSE,FALSE,S144;S145;S146;S827;S1442;S1700
RR2018M,heath-slater,current_champion_title;championship_level;championship_partner;reign_number;title_won_date;days_into_reign_at_event;source_ids,N/A,N/A,N/A,N/A,N/A,N/A,FALSE,FALSE,S144;S145;S146;S774;S1510;S1700
RR2018M,elias,current_champion_title;championship_level;championship_partner;reign_number;title_won_date;days_into_reign_at_event;source_ids,N/A,N/A,N/A,N/A,N/A,N/A,FALSE,FALSE,S144;S145;S146;S833;S898;S1444;S1700
RR2018M,andrade,current_champion_title;championship_level;championship_partner;reign_number;title_won_date;days_into_reign_at_event;source_ids,N/A,N/A,N/A,N/A,N/A,N/A,FALSE,FALSE,S144;S145;S146;S517;S512;S834;S1445;S1700
RR2018M,bray-wyatt,current_champion_title;championship_level;championship_partner;reign_number;title_won_date;days_into_reign_at_event;source_ids,N/A,N/A,N/A,N/A,N/A,N/A,FALSE,FALSE,S144;S145;S146;S811;S1446;S1700
RR2018M,big-e,current_champion_title;championship_level;championship_partner;reign_number;title_won_date;days_into_reign_at_event;source_ids,N/A,N/A,N/A,N/A,N/A,N/A,FALSE,FALSE,S144;S145;S146;S517;S809;S1447;S1700
RR2018M,sami-zayn,current_champion_title;championship_level;championship_partner;reign_number;title_won_date;days_into_reign_at_event;source_ids,N/A,N/A,N/A,N/A,N/A,N/A,FALSE,FALSE,S144;S145;S146;S820;S1448;S1700
RR2018M,sheamus,reign_number;source_ids,Raw Tag Team Championship,world_tag_team,cesaro,4,2018-01-28,0,FALSE,FALSE,S144;S145;S146;S517;S776;S1449;S1700;S1704;S1705
RR2018M,xavier-woods,current_champion_title;championship_level;championship_partner;reign_number;title_won_date;days_into_reign_at_event;source_ids,N/A,N/A,N/A,N/A,N/A,N/A,FALSE,FALSE,S144;S145;S146;S517;S828;S1450;S1700
RR2018M,apollo-crews,current_champion_title;championship_level;championship_partner;reign_number;title_won_date;days_into_reign_at_event;source_ids,N/A,N/A,N/A,N/A,N/A,N/A,FALSE,FALSE,S144;S145;S146;S517;S829;S1451;S1700
RR2018M,shinsuke-nakamura,current_champion_title;championship_level;championship_partner;reign_number;title_won_date;days_into_reign_at_event;source_ids,N/A,N/A,N/A,N/A,N/A,N/A,FALSE,FALSE,S144;S145;S146;S835;S1452;S1700
RR2018M,cesaro,reign_number;source_ids,Raw Tag Team Championship,world_tag_team,sheamus,4,2018-01-28,0,FALSE,FALSE,S144;S145;S146;S517;S796;S1453;S1687;S1700;S1704;S1705
RR2018M,kofi-kingston,current_champion_title;championship_level;championship_partner;reign_number;title_won_date;days_into_reign_at_event;source_ids,N/A,N/A,N/A,N/A,N/A,N/A,FALSE,FALSE,S144;S145;S146;S517;S760;S1454;S1700
RR2018M,jinder-mahal,current_champion_title;championship_level;championship_partner;reign_number;title_won_date;days_into_reign_at_event;source_ids,N/A,N/A,N/A,N/A,N/A,N/A,FALSE,FALSE,S144;S145;S146;S785;S1455;S1700
RR2018M,seth-rollins,current_champion_title;championship_level;championship_partner;reign_number;title_won_date;days_into_reign_at_event;source_ids,N/A,N/A,N/A,N/A,N/A,N/A,FALSE,TRUE,S144;S145;S146;S800;S1456;S1700
RR2018M,matt-hardy,current_champion_title;championship_level;championship_partner;reign_number;title_won_date;days_into_reign_at_event;source_ids,N/A,N/A,N/A,N/A,N/A,N/A,FALSE,FALSE,S144;S145;S146;S517;S067;S073;S040;S052;S042;S481;S678;S1457;S1700
RR2018M,john-cena,current_champion_title;championship_level;championship_partner;reign_number;title_won_date;days_into_reign_at_event;source_ids,N/A,N/A,N/A,N/A,N/A,N/A,FALSE,FALSE,S144;S145;S146;S068;S069;S494;S490;S702;S1458;S1700
RR2018M,the-hurricane,current_champion_title;championship_level;championship_partner;reign_number;title_won_date;days_into_reign_at_event;source_ids,N/A,N/A,N/A,N/A,N/A,N/A,FALSE,FALSE,S144;S145;S146;S517;S068;S069;S494;S693;S1459;S1700
RR2018M,aiden-english,current_champion_title;championship_level;championship_partner;reign_number;title_won_date;days_into_reign_at_event;source_ids,N/A,N/A,N/A,N/A,N/A,N/A,FALSE,FALSE,S144;S145;S146;S517;S512;S836;S1460;S1700
RR2018M,adam-cole,current_champion_title;championship_level;championship_partner;reign_number;title_won_date;days_into_reign_at_event;source_ids,N/A,N/A,N/A,N/A,N/A,N/A,FALSE,FALSE,S144;S145;S146;S517;S837;S1461;S1700
RR2018M,randy-orton,current_champion_title;championship_level;championship_partner;reign_number;title_won_date;days_into_reign_at_event;source_ids,N/A,N/A,N/A,N/A,N/A,N/A,FALSE,FALSE,S144;S145;S146;S067;S073;S040;S052;S042;S481;S489;S485;S709;S1462;S1700
RR2018M,titus-oneil,current_champion_title;championship_level;championship_partner;reign_number;title_won_date;days_into_reign_at_event;source_ids,N/A,N/A,N/A,N/A,N/A,N/A,FALSE,FALSE,S144;S145;S146;S517;S797;S1510;S1700
RR2018M,the-miz,championship_partner;source_ids,WWE Intercontinental Championship,Intercontinental,N/A,8,2018-01-22,6,FALSE,FALSE,S144;S145;S146;S512;S517;S749;S1463;S1700
RR2018M,rey-mysterio,current_champion_title;championship_level;championship_partner;reign_number;title_won_date;days_into_reign_at_event;source_ids,N/A,N/A,N/A,N/A,N/A,N/A,FALSE,FALSE,S144;S145;S146;S068;S069;S436;S695;S1510;S1700
RR2018M,roman-reigns,current_champion_title;championship_level;championship_partner;reign_number;title_won_date;days_into_reign_at_event;source_ids,N/A,N/A,N/A,N/A,N/A,N/A,FALSE,FALSE,S144;S145;S146;S804;S1465;S1700
RR2018M,goldust,current_champion_title;championship_level;championship_partner;reign_number;title_won_date;days_into_reign_at_event;source_ids,N/A,N/A,N/A,N/A,N/A,N/A,FALSE,FALSE,S144;S145;S146;S065;S066;S488;S044;S045;S634;S1510;S1700
RR2018M,dolph-ziggler,current_champion_title;championship_level;championship_partner;reign_number;title_won_date;days_into_reign_at_event;source_ids,N/A,N/A,N/A,N/A,N/A,N/A,FALSE,FALSE,S144;S145;S146;S763;S1466;S1700
RR2018W,sasha-banks,current_champion_title;championship_level;championship_partner;reign_number;title_won_date;days_into_reign_at_event;source_ids,N/A,N/A,N/A,N/A,N/A,N/A,FALSE,FALSE,S144;S152;S903;S990;S1597;S1700
RR2018W,becky-lynch,current_champion_title;championship_level;championship_partner;reign_number;title_won_date;days_into_reign_at_event;source_ids,N/A,N/A,N/A,N/A,N/A,N/A,FALSE,FALSE,S144;S152;S904;S991;S1598;S1700
RR2018W,sarah-logan,current_champion_title;championship_level;championship_partner;reign_number;title_won_date;days_into_reign_at_event;source_ids,N/A,N/A,N/A,N/A,N/A,N/A,FALSE,FALSE,S144;S152;S517;S905;S992;S1599;S1700
RR2018W,mandy-rose,current_champion_title;championship_level;championship_partner;reign_number;title_won_date;days_into_reign_at_event;source_ids,N/A,N/A,N/A,N/A,N/A,N/A,FALSE,FALSE,S144;S152;S517;S906;S993;S1600;S1700
RR2018W,lita,current_champion_title;championship_level;championship_partner;reign_number;title_won_date;days_into_reign_at_event;source_ids,N/A,N/A,N/A,N/A,N/A,N/A,FALSE,FALSE,S144;S152;S907;S994;S1601;S1700
RR2018W,kairi-sane,current_champion_title;championship_level;championship_partner;reign_number;title_won_date;days_into_reign_at_event;source_ids,N/A,N/A,N/A,N/A,N/A,N/A,FALSE,FALSE,S144;S152;S908;S995;S1602;S1700
RR2018W,tamina,current_champion_title;championship_level;championship_partner;reign_number;title_won_date;days_into_reign_at_event;source_ids,N/A,N/A,N/A,N/A,N/A,N/A,FALSE,FALSE,S144;S152;S909;S996;S1603;S1700
RR2018W,dana-brooke,current_champion_title;championship_level;championship_partner;reign_number;title_won_date;days_into_reign_at_event;source_ids,N/A,N/A,N/A,N/A,N/A,N/A,FALSE,FALSE,S144;S152;S910;S997;S1604;S1700
RR2018W,torrie-wilson,current_champion_title;championship_level;championship_partner;reign_number;title_won_date;days_into_reign_at_event;source_ids,N/A,N/A,N/A,N/A,N/A,N/A,FALSE,FALSE,S144;S152;S911;S998;S1675;S1700
RR2018W,sonya-deville,current_champion_title;championship_level;championship_partner;reign_number;title_won_date;days_into_reign_at_event;source_ids,N/A,N/A,N/A,N/A,N/A,N/A,FALSE,FALSE,S144;S152;S517;S912;S999;S1606;S1700
RR2018W,liv-morgan,current_champion_title;championship_level;championship_partner;reign_number;title_won_date;days_into_reign_at_event;source_ids,N/A,N/A,N/A,N/A,N/A,N/A,FALSE,FALSE,S144;S152;S517;S913;S1000;S1607;S1700
RR2018W,molly-holly,current_champion_title;championship_level;championship_partner;reign_number;title_won_date;days_into_reign_at_event;source_ids,N/A,N/A,N/A,N/A,N/A,N/A,FALSE,FALSE,S144;S152;S914;S1001;S1675;S1700
RR2018W,lana,current_champion_title;championship_level;championship_partner;reign_number;title_won_date;days_into_reign_at_event;source_ids,N/A,N/A,N/A,N/A,N/A,N/A,FALSE,FALSE,S144;S152;S915;S1002;S1609;S1700
RR2018W,michelle-mccool,current_champion_title;championship_level;championship_partner;reign_number;title_won_date;days_into_reign_at_event;source_ids,N/A,N/A,N/A,N/A,N/A,N/A,FALSE,FALSE,S144;S152;S916;S1003;S1675;S1700
RR2018W,ruby-riott,current_champion_title;championship_level;championship_partner;reign_number;title_won_date;days_into_reign_at_event;source_ids,N/A,N/A,N/A,N/A,N/A,N/A,FALSE,FALSE,S144;S152;S517;S917;S1004;S1675;S1700
RR2018W,vickie-guerrero,current_champion_title;championship_level;championship_partner;reign_number;title_won_date;days_into_reign_at_event;source_ids,N/A,N/A,N/A,N/A,N/A,N/A,FALSE,FALSE,S144;S152;S918;S1005;S1675;S1700
RR2018W,carmella,current_champion_title;championship_level;championship_partner;reign_number;title_won_date;days_into_reign_at_event;source_ids,N/A,N/A,N/A,N/A,N/A,N/A,FALSE,FALSE,S144;S152;S919;S1006;S1612;S1700
RR2018W,natalya,current_champion_title;championship_level;championship_partner;reign_number;title_won_date;days_into_reign_at_event;source_ids,N/A,N/A,N/A,N/A,N/A,N/A,FALSE,FALSE,S144;S152;S920;S1007;S1613;S1700
RR2018W,kelly-kelly,current_champion_title;championship_level;championship_partner;reign_number;title_won_date;days_into_reign_at_event;source_ids,N/A,N/A,N/A,N/A,N/A,N/A,FALSE,FALSE,S144;S152;S921;S1008;S1675;S1700
RR2018W,naomi,current_champion_title;championship_level;championship_partner;reign_number;title_won_date;days_into_reign_at_event;source_ids,N/A,N/A,N/A,N/A,N/A,N/A,FALSE,FALSE,S144;S152;S922;S1009;S1615;S1700
RR2018W,jacqueline,current_champion_title;championship_level;championship_partner;reign_number;title_won_date;days_into_reign_at_event;source_ids,N/A,N/A,N/A,N/A,N/A,N/A,FALSE,FALSE,S144;S152;S923;S1010;S1675;S1700
RR2018W,nia-jax,current_champion_title;championship_level;championship_partner;reign_number;title_won_date;days_into_reign_at_event;source_ids,N/A,N/A,N/A,N/A,N/A,N/A,FALSE,FALSE,S144;S152;S924;S1011;S1617;S1700
RR2018W,ember-moon,current_champion_title;championship_level;championship_partner;reign_number;title_won_date;days_into_reign_at_event;source_ids,N/A,N/A,N/A,N/A,N/A,N/A,FALSE,FALSE,S144;S152;S925;S1012;S1618;S1700
RR2018W,beth-phoenix,current_champion_title;championship_level;championship_partner;reign_number;title_won_date;days_into_reign_at_event;source_ids,N/A,N/A,N/A,N/A,N/A,N/A,FALSE,FALSE,S144;S152;S926;S1013;S1619;S792;S1700
RR2018W,asuka,current_champion_title;championship_level;championship_partner;reign_number;title_won_date;days_into_reign_at_event;source_ids,N/A,N/A,N/A,N/A,N/A,N/A,FALSE,FALSE,S144;S152;S927;S1014;S1620;S1700
RR2018W,mickie-james,current_champion_title;championship_level;championship_partner;reign_number;title_won_date;days_into_reign_at_event;source_ids,N/A,N/A,N/A,N/A,N/A,N/A,FALSE,FALSE,S144;S152;S928;S1015;S1621;S1700
RR2018W,nikki-bella,current_champion_title;championship_level;championship_partner;reign_number;title_won_date;days_into_reign_at_event;source_ids,N/A,N/A,N/A,N/A,N/A,N/A,FALSE,FALSE,S144;S152;S517;S929;S1016;S1622;S1700
RR2018W,brie-bella,current_champion_title;championship_level;championship_partner;reign_number;title_won_date;days_into_reign_at_event;source_ids,N/A,N/A,N/A,N/A,N/A,N/A,FALSE,FALSE,S144;S152;S517;S930;S1017;S1623;S1700
RR2018W,bayley,current_champion_title;championship_level;championship_partner;reign_number;title_won_date;days_into_reign_at_event;source_ids,N/A,N/A,N/A,N/A,N/A,N/A,FALSE,FALSE,S144;S152;S931;S1018;S1624;S1700
RR2018W,trish-stratus,current_champion_title;championship_level;championship_partner;reign_number;title_won_date;days_into_reign_at_event;source_ids,N/A,N/A,N/A,N/A,N/A,N/A,FALSE,FALSE,S144;S152;S932;S1019;S1625;S1700
RR2019M,elias,current_champion_title;championship_level;championship_partner;reign_number;title_won_date;days_into_reign_at_event;source_ids,N/A,N/A,N/A,N/A,N/A,N/A,FALSE,FALSE,S161;S162;S164;S833;S898;S1444;S1700
RR2019M,jeff-jarrett,current_champion_title;championship_level;championship_partner;reign_number;title_won_date;days_into_reign_at_event;source_ids,N/A,N/A,N/A,N/A,N/A,N/A,FALSE,FALSE,S161;S162;S164;S044;S045;S479;S475;S024;S029;S035;S470;S466;S481;S587;S1467;S1700
RR2019M,shinsuke-nakamura,championship_partner;source_ids,United States Championship,Intercontinental/United States,N/A,2,2019-01-27,0,FALSE,FALSE,S161;S162;S164;S523;S518;S835;S1452;S1700
RR2019M,kurt-angle,current_champion_title;championship_level;championship_partner;reign_number;title_won_date;days_into_reign_at_event;source_ids,N/A,N/A,N/A,N/A,N/A,N/A,FALSE,FALSE,S161;S162;S164;S068;S069;S689;S1468;S1700
RR2019M,big-e,current_champion_title;championship_level;championship_partner;reign_number;title_won_date;days_into_reign_at_event;source_ids,N/A,N/A,N/A,N/A,N/A,N/A,FALSE,FALSE,S161;S162;S164;S523;S809;S1447;S1700
RR2019M,johnny-gargano,championship_partner;source_ids,NXT North American Championship,NXT secondary,N/A,1,2019-01-26,1,FALSE,FALSE,S161;S162;S164;S523;S518;S838;S1469;S1700
RR2019M,jinder-mahal,current_champion_title;championship_level;championship_partner;reign_number;title_won_date;days_into_reign_at_event;source_ids,N/A,N/A,N/A,N/A,N/A,N/A,FALSE,FALSE,S161;S162;S164;S785;S1455;S1700
RR2019M,samoa-joe,current_champion_title;championship_level;championship_partner;reign_number;title_won_date;days_into_reign_at_event;source_ids,N/A,N/A,N/A,N/A,N/A,N/A,FALSE,FALSE,S161;S162;S164;S839;S1470;S1700
RR2019M,curt-hawkins,current_champion_title;championship_level;championship_partner;reign_number;title_won_date;days_into_reign_at_event;source_ids,N/A,N/A,N/A,N/A,N/A,N/A,FALSE,FALSE,S161;S162;S164;S840;S1471;S1700
RR2019M,seth-rollins,current_champion_title;championship_level;championship_partner;reign_number;title_won_date;days_into_reign_at_event;source_ids,N/A,N/A,N/A,N/A,N/A,N/A,FALSE,FALSE,S161;S162;S164;S800;S1456;S1700
RR2019M,titus-oneil,current_champion_title;championship_level;championship_partner;reign_number;title_won_date;days_into_reign_at_event;source_ids,N/A,N/A,N/A,N/A,N/A,N/A,FALSE,FALSE,S161;S162;S164;S523;S797;S1511;S1700
RR2019M,kofi-kingston,current_champion_title;championship_level;championship_partner;reign_number;title_won_date;days_into_reign_at_event;source_ids,N/A,N/A,N/A,N/A,N/A,N/A,FALSE,FALSE,S161;S162;S164;S523;S760;S1454;S1700
RR2019M,mustafa-ali,current_champion_title;championship_level;championship_partner;reign_number;title_won_date;days_into_reign_at_event;source_ids,N/A,N/A,N/A,N/A,N/A,N/A,FALSE,FALSE,S161;S162;S164;S841;S1472;S1700
RR2019M,dean-ambrose,current_champion_title;championship_level;championship_partner;reign_number;title_won_date;days_into_reign_at_event;source_ids,N/A,N/A,N/A,N/A,N/A,N/A,FALSE,FALSE,S161;S162;S164;S803;S1473;S1690;S1700
RR2019M,no-way-jose,current_champion_title;championship_level;championship_partner;reign_number;title_won_date;days_into_reign_at_event;source_ids,N/A,N/A,N/A,N/A,N/A,N/A,FALSE,FALSE,S161;S162;S164;S842;S897;S1511;S1700
RR2019M,drew-mcintyre,current_champion_title;championship_level;championship_partner;reign_number;title_won_date;days_into_reign_at_event;source_ids,N/A,N/A,N/A,N/A,N/A,N/A,FALSE,FALSE,S161;S162;S164;S778;S1475;S1700
RR2019M,xavier-woods,current_champion_title;championship_level;championship_partner;reign_number;title_won_date;days_into_reign_at_event;source_ids,N/A,N/A,N/A,N/A,N/A,N/A,FALSE,FALSE,S161;S162;S164;S523;S828;S1450;S1700
RR2019M,pete-dunne,championship_partner;source_ids,NXT UK Championship,NXT UK,N/A,1,2017-05-20,617,FALSE,FALSE,S161;S162;S164;S523;S518;S843;S1476;S1700
RR2019M,andrade,current_champion_title;championship_level;championship_partner;reign_number;title_won_date;days_into_reign_at_event;source_ids,N/A,N/A,N/A,N/A,N/A,N/A,FALSE,FALSE,S161;S162;S164;S518;S523;S834;S1445;S1700
RR2019M,apollo-crews,current_champion_title;championship_level;championship_partner;reign_number;title_won_date;days_into_reign_at_event;source_ids,N/A,N/A,N/A,N/A,N/A,N/A,FALSE,FALSE,S161;S162;S164;S523;S829;S1451;S1700
RR2019M,aleister-black,current_champion_title;championship_level;championship_partner;reign_number;title_won_date;days_into_reign_at_event;source_ids,N/A,N/A,N/A,N/A,N/A,N/A,FALSE,FALSE,S161;S162;S164;S844;S1511;S1700
RR2019M,shelton-benjamin,current_champion_title;championship_level;championship_partner;reign_number;title_won_date;days_into_reign_at_event;source_ids,N/A,N/A,N/A,N/A,N/A,N/A,FALSE,FALSE,S161;S162;S164;S068;S069;S494;S490;S705;S1477;S1700
RR2019M,baron-corbin,current_champion_title;championship_level;championship_partner;reign_number;title_won_date;days_into_reign_at_event;source_ids,N/A,N/A,N/A,N/A,N/A,N/A,FALSE,FALSE,S161;S162;S164;S827;S1442;S1700
RR2019M,jeff-hardy,current_champion_title;championship_level;championship_partner;reign_number;title_won_date;days_into_reign_at_event;source_ids,N/A,N/A,N/A,N/A,N/A,N/A,FALSE,FALSE,S161;S162;S164;S065;S066;S676;S1511;S1700
RR2019M,rey-mysterio,current_champion_title;championship_level;championship_partner;reign_number;title_won_date;days_into_reign_at_event;source_ids,N/A,N/A,N/A,N/A,N/A,N/A,FALSE,FALSE,S161;S162;S164;S068;S069;S436;S695;S1511;S1700
RR2019M,bobby-lashley,championship_partner;source_ids,Intercontinental Championship,Intercontinental/United States,N/A,1,2019-01-14,13,FALSE,FALSE,S161;S162;S164;S518;S523;S732;S1479;S1700
RR2019M,braun-strowman,current_champion_title;championship_level;championship_partner;reign_number;title_won_date;days_into_reign_at_event;source_ids,N/A,N/A,N/A,N/A,N/A,N/A,FALSE,FALSE,S161;S162;S164;S818;S1480;S1700
RR2019M,dolph-ziggler,current_champion_title;championship_level;championship_partner;reign_number;title_won_date;days_into_reign_at_event;source_ids,N/A,N/A,N/A,N/A,N/A,N/A,FALSE,FALSE,S161;S162;S164;S763;S1466;S1700
RR2019M,randy-orton,current_champion_title;championship_level;championship_partner;reign_number;title_won_date;days_into_reign_at_event;source_ids,N/A,N/A,N/A,N/A,N/A,N/A,FALSE,FALSE,S161;S162;S164;S067;S073;S040;S052;S042;S481;S489;S485;S709;S1462;S1700
RR2019M,nia-jax,current_champion_title;championship_level;championship_partner;reign_number;title_won_date;days_into_reign_at_event;source_ids,N/A,N/A,N/A,N/A,N/A,N/A,FALSE,FALSE,S161;S162;S164;S845;S1481;S1700
RR2019W,lacey-evans,current_champion_title;championship_level;championship_partner;reign_number;title_won_date;days_into_reign_at_event;source_ids,N/A,N/A,N/A,N/A,N/A,N/A,FALSE,FALSE,S173;S174;S177;S933;S1020;S1626;S1700
RR2019W,natalya,current_champion_title;championship_level;championship_partner;reign_number;title_won_date;days_into_reign_at_event;source_ids,N/A,N/A,N/A,N/A,N/A,N/A,FALSE,FALSE,S173;S174;S177;S920;S1007;S1613;S1700
RR2019W,mandy-rose,current_champion_title;championship_level;championship_partner;reign_number;title_won_date;days_into_reign_at_event;source_ids,N/A,N/A,N/A,N/A,N/A,N/A,FALSE,FALSE,S173;S174;S177;S523;S906;S993;S1600;S1700
RR2019W,liv-morgan,current_champion_title;championship_level;championship_partner;reign_number;title_won_date;days_into_reign_at_event;source_ids,N/A,N/A,N/A,N/A,N/A,N/A,FALSE,FALSE,S173;S174;S177;S523;S913;S1000;S1607;S1700
RR2019W,mickie-james,current_champion_title;championship_level;championship_partner;reign_number;title_won_date;days_into_reign_at_event;source_ids,N/A,N/A,N/A,N/A,N/A,N/A,FALSE,FALSE,S173;S174;S177;S928;S1015;S1621;S1700
RR2019W,ember-moon,current_champion_title;championship_level;championship_partner;reign_number;title_won_date;days_into_reign_at_event;source_ids,N/A,N/A,N/A,N/A,N/A,N/A,FALSE,FALSE,S173;S174;S177;S925;S1012;S1618;S1700
RR2019W,billie-kay,current_champion_title;championship_level;championship_partner;reign_number;title_won_date;days_into_reign_at_event;source_ids,N/A,N/A,N/A,N/A,N/A,N/A,FALSE,FALSE,S173;S174;S177;S523;S934;S1021;S1627;S1700
RR2019W,nikki-cross,current_champion_title;championship_level;championship_partner;reign_number;title_won_date;days_into_reign_at_event;source_ids,N/A,N/A,N/A,N/A,N/A,N/A,FALSE,FALSE,S173;S174;S177;S935;S1022;S1628;S1700
RR2019W,peyton-royce,current_champion_title;championship_level;championship_partner;reign_number;title_won_date;days_into_reign_at_event;source_ids,N/A,N/A,N/A,N/A,N/A,N/A,FALSE,FALSE,S173;S174;S177;S523;S936;S1023;S1629;S1700
RR2019W,tamina,current_champion_title;championship_level;championship_partner;reign_number;title_won_date;days_into_reign_at_event;source_ids,N/A,N/A,N/A,N/A,N/A,N/A,FALSE,FALSE,S173;S174;S177;S909;S996;S1603;S1700
RR2019W,xia-li,current_champion_title;championship_level;championship_partner;reign_number;title_won_date;days_into_reign_at_event;source_ids,N/A,N/A,N/A,N/A,N/A,N/A,FALSE,FALSE,S173;S174;S177;S937;S1024;S1676;S1700
RR2019W,sarah-logan,current_champion_title;championship_level;championship_partner;reign_number;title_won_date;days_into_reign_at_event;source_ids,N/A,N/A,N/A,N/A,N/A,N/A,FALSE,FALSE,S173;S174;S177;S523;S905;S992;S1599;S1700
RR2019W,charlotte-flair,current_champion_title;championship_level;championship_partner;reign_number;title_won_date;days_into_reign_at_event;source_ids,N/A,N/A,N/A,N/A,N/A,N/A,FALSE,FALSE,S173;S174;S177;S938;S1025;S1631;S1700
RR2019W,kairi-sane,current_champion_title;championship_level;championship_partner;reign_number;title_won_date;days_into_reign_at_event;source_ids,N/A,N/A,N/A,N/A,N/A,N/A,FALSE,FALSE,S173;S174;S177;S908;S995;S1602;S1700
RR2019W,maria-kanellis,current_champion_title;championship_level;championship_partner;reign_number;title_won_date;days_into_reign_at_event;source_ids,N/A,N/A,N/A,N/A,N/A,N/A,FALSE,FALSE,S173;S174;S177;S939;S1026;S1632;S1700
RR2019W,naomi,current_champion_title;championship_level;championship_partner;reign_number;title_won_date;days_into_reign_at_event;source_ids,N/A,N/A,N/A,N/A,N/A,N/A,FALSE,FALSE,S173;S174;S177;S922;S1009;S1615;S1700
RR2019W,candice-lerae,current_champion_title;championship_level;championship_partner;reign_number;title_won_date;days_into_reign_at_event;source_ids,N/A,N/A,N/A,N/A,N/A,N/A,FALSE,FALSE,S173;S174;S177;S940;S1027;S1633;S1700
RR2019W,alicia-fox,current_champion_title;championship_level;championship_partner;reign_number;title_won_date;days_into_reign_at_event;source_ids,N/A,N/A,N/A,N/A,N/A,N/A,FALSE,FALSE,S173;S174;S177;S941;S1028;S1634;S1700
RR2019W,kacy-catanzaro,current_champion_title;championship_level;championship_partner;reign_number;title_won_date;days_into_reign_at_event;source_ids,N/A,N/A,N/A,N/A,N/A,N/A,FALSE,FALSE,S173;S174;S177;S942;S1029;S1635;S1700
RR2019W,zelina-vega,current_champion_title;championship_level;championship_partner;reign_number;title_won_date;days_into_reign_at_event;source_ids,N/A,N/A,N/A,N/A,N/A,N/A,FALSE,FALSE,S173;S174;S177;S943;S1075;S1676;S1700
RR2019W,ruby-riott,current_champion_title;championship_level;championship_partner;reign_number;title_won_date;days_into_reign_at_event;source_ids,N/A,N/A,N/A,N/A,N/A,N/A,FALSE,FALSE,S173;S174;S177;S523;S917;S1004;S1676;S1700
RR2019W,dana-brooke,current_champion_title;championship_level;championship_partner;reign_number;title_won_date;days_into_reign_at_event;source_ids,N/A,N/A,N/A,N/A,N/A,N/A,FALSE,FALSE,S173;S174;S177;S910;S997;S1604;S1700
RR2019W,io-shirai,current_champion_title;championship_level;championship_partner;reign_number;title_won_date;days_into_reign_at_event;source_ids,N/A,N/A,N/A,N/A,N/A,N/A,FALSE,FALSE,S173;S174;S177;S944;S1030;S1636;S1700
RR2019W,rhea-ripley,current_champion_title;championship_level;championship_partner;reign_number;title_won_date;days_into_reign_at_event;source_ids,N/A,N/A,N/A,N/A,N/A,N/A,FALSE,FALSE,S173;S174;S177;S945;S1031;S1637;S1700
RR2019W,sonya-deville,current_champion_title;championship_level;championship_partner;reign_number;title_won_date;days_into_reign_at_event;source_ids,N/A,N/A,N/A,N/A,N/A,N/A,FALSE,FALSE,S173;S174;S177;S523;S912;S999;S1606;S1700
RR2019W,alexa-bliss,current_champion_title;championship_level;championship_partner;reign_number;title_won_date;days_into_reign_at_event;source_ids,N/A,N/A,N/A,N/A,N/A,N/A,FALSE,FALSE,S173;S174;S177;S946;S1032;S1638;S1700
RR2019W,bayley,current_champion_title;championship_level;championship_partner;reign_number;title_won_date;days_into_reign_at_event;source_ids,N/A,N/A,N/A,N/A,N/A,N/A,FALSE,FALSE,S173;S174;S177;S931;S1018;S1624;S1700
RR2019W,becky-lynch,current_champion_title;championship_level;championship_partner;reign_number;title_won_date;days_into_reign_at_event;source_ids,N/A,N/A,N/A,N/A,N/A,N/A,FALSE,FALSE,S173;S174;S177;S904;S991;S1598;S1700
RR2019W,nia-jax,current_champion_title;championship_level;championship_partner;reign_number;title_won_date;days_into_reign_at_event;source_ids,N/A,N/A,N/A,N/A,N/A,N/A,FALSE,FALSE,S173;S174;S177;S924;S1011;S1617;S1700
RR2019W,carmella,current_champion_title;championship_level;championship_partner;reign_number;title_won_date;days_into_reign_at_event;source_ids,N/A,N/A,N/A,N/A,N/A,N/A,FALSE,FALSE,S173;S174;S177;S919;S1006;S1612;S1700
RR2020M,brock-lesnar,championship_partner;source_ids,WWE Championship,World,N/A,5,2019-10-04,114,FALSE,FALSE,S184;S185;S186;S519;S524;S065;S066;S707;S1482;S1700
RR2020M,elias,current_champion_title;championship_level;championship_partner;reign_number;title_won_date;days_into_reign_at_event;source_ids,N/A,N/A,N/A,N/A,N/A,N/A,FALSE,FALSE,S184;S185;S186;S833;S898;S1444;S1700
RR2020M,erick-rowan,current_champion_title;championship_level;championship_partner;reign_number;title_won_date;days_into_reign_at_event;source_ids,N/A,N/A,N/A,N/A,N/A,N/A,FALSE,FALSE,S184;S185;S186;S808;S1483;S1700
RR2020M,robert-roode,current_champion_title;championship_level;championship_partner;reign_number;title_won_date;days_into_reign_at_event;source_ids,N/A,N/A,N/A,N/A,N/A,N/A,FALSE,FALSE,S184;S185;S186;S524;S846;S1484;S1700
RR2020M,john-morrison,current_champion_title;championship_level;championship_partner;reign_number;title_won_date;days_into_reign_at_event;source_ids,N/A,N/A,N/A,N/A,N/A,N/A,FALSE,FALSE,S184;S185;S186;S524;S847;S1512;S1700
RR2020M,kofi-kingston,source_ids,SmackDown Tag Team Championship,Tag Team,Big E,5,2019-11-08,79,FALSE,FALSE,S184;S185;S186;S524;S519;S760;S1454;S1700
RR2020M,rey-mysterio,current_champion_title;championship_level;championship_partner;reign_number;title_won_date;days_into_reign_at_event;source_ids,N/A,N/A,N/A,N/A,N/A,N/A,FALSE,FALSE,S184;S185;S186;S068;S069;S436;S695;S1512;S1700
RR2020M,big-e,source_ids,SmackDown Tag Team Championship,Tag Team,Kofi Kingston,5,2019-11-08,79,FALSE,FALSE,S184;S185;S186;S524;S519;S809;S1447;S1700
RR2020M,cesaro,current_champion_title;championship_level;championship_partner;reign_number;title_won_date;days_into_reign_at_event;source_ids,N/A,N/A,N/A,N/A,N/A,N/A,FALSE,FALSE,S184;S185;S186;S524;S796;S1453;S1687;S1700
RR2020M,shelton-benjamin,current_champion_title;championship_level;championship_partner;reign_number;title_won_date;days_into_reign_at_event;source_ids,N/A,N/A,N/A,N/A,N/A,N/A,FALSE,FALSE,S184;S185;S186;S068;S069;S494;S490;S705;S1477;S1700
RR2020M,shinsuke-nakamura,championship_partner;source_ids,Intercontinental Championship,Intercontinental/United States,N/A,1,2019-07-14,196,FALSE,FALSE,S184;S185;S186;S524;S519;S835;S1452;S1700
RR2020M,mvp,current_champion_title;championship_level;championship_partner;reign_number;title_won_date;days_into_reign_at_event;source_ids,N/A,N/A,N/A,N/A,N/A,N/A,FALSE,FALSE,S184;S185;S186;S747;S1485;S1700
RR2020M,keith-lee,championship_partner;source_ids,NXT North American Championship,NXT secondary,N/A,1,2020-01-22,4,FALSE,FALSE,S184;S185;S186;S524;S519;S848;S900;S1486;S1700
RR2020M,braun-strowman,current_champion_title;championship_level;championship_partner;reign_number;title_won_date;days_into_reign_at_event;source_ids,N/A,N/A,N/A,N/A,N/A,N/A,FALSE,FALSE,S184;S185;S186;S818;S1480;S1700
RR2020M,ricochet,current_champion_title;championship_level;championship_partner;reign_number;title_won_date;days_into_reign_at_event;source_ids,N/A,N/A,N/A,N/A,N/A,N/A,FALSE,FALSE,S184;S185;S186;S849;S899;S1487;S1700
RR2020M,drew-mcintyre,current_champion_title;championship_level;championship_partner;reign_number;title_won_date;days_into_reign_at_event;source_ids,N/A,N/A,N/A,N/A,N/A,N/A,FALSE,FALSE,S184;S185;S186;S778;S1475;S1700
RR2020M,the-miz,current_champion_title;championship_level;championship_partner;reign_number;title_won_date;days_into_reign_at_event;source_ids,N/A,N/A,N/A,N/A,N/A,N/A,FALSE,FALSE,S184;S185;S186;S524;S749;S1463;S1700
RR2020M,aj-styles,current_champion_title;championship_level;championship_partner;reign_number;title_won_date;days_into_reign_at_event;source_ids,N/A,N/A,N/A,N/A,N/A,N/A,FALSE,FALSE,S184;S185;S186;S524;S815;S1488;S1700
RR2020M,dolph-ziggler,current_champion_title;championship_level;championship_partner;reign_number;title_won_date;days_into_reign_at_event;source_ids,N/A,N/A,N/A,N/A,N/A,N/A,FALSE,FALSE,S184;S185;S186;S524;S763;S1466;S1700
RR2020M,karl-anderson,current_champion_title;championship_level;championship_partner;reign_number;title_won_date;days_into_reign_at_event;source_ids,N/A,N/A,N/A,N/A,N/A,N/A,FALSE,FALSE,S184;S185;S186;S524;S850;S1489;S1700
RR2020M,edge,current_champion_title;championship_level;championship_partner;reign_number;title_won_date;days_into_reign_at_event;source_ids,N/A,N/A,N/A,N/A,N/A,N/A,FALSE,FALSE,S184;S185;S186;S068;S069;S436;S044;S045;S479;S656;S1490;S1700
RR2020M,baron-corbin,current_champion_title;championship_level;championship_partner;reign_number;title_won_date;days_into_reign_at_event;source_ids,N/A,N/A,N/A,N/A,N/A,N/A,FALSE,FALSE,S184;S185;S186;S524;S827;S1442;S1700
RR2020M,matt-riddle,current_champion_title;championship_level;championship_partner;reign_number;title_won_date;days_into_reign_at_event;source_ids,N/A,N/A,N/A,N/A,N/A,N/A,FALSE,FALSE,S184;S185;S186;S524;S851;S1512;S1700
RR2020M,luke-gallows,current_champion_title;championship_level;championship_partner;reign_number;title_won_date;days_into_reign_at_event;source_ids,N/A,N/A,N/A,N/A,N/A,N/A,FALSE,FALSE,S184;S185;S186;S524;S852;S1491;S1700
RR2020M,randy-orton,current_champion_title;championship_level;championship_partner;reign_number;title_won_date;days_into_reign_at_event;source_ids,N/A,N/A,N/A,N/A,N/A,N/A,FALSE,FALSE,S184;S185;S186;S067;S073;S040;S052;S042;S481;S489;S485;S709;S1462;S1700
RR2020M,roman-reigns,current_champion_title;championship_level;championship_partner;reign_number;title_won_date;days_into_reign_at_event;source_ids,N/A,N/A,N/A,N/A,N/A,N/A,FALSE,FALSE,S184;S185;S186;S804;S1465;S1700
RR2020M,kevin-owens,current_champion_title;championship_level;championship_partner;reign_number;title_won_date;days_into_reign_at_event;source_ids,N/A,N/A,N/A,N/A,N/A,N/A,FALSE,FALSE,S184;S185;S186;S819;S1492;S1700
RR2020M,aleister-black,current_champion_title;championship_level;championship_partner;reign_number;title_won_date;days_into_reign_at_event;source_ids,N/A,N/A,N/A,N/A,N/A,N/A,FALSE,FALSE,S184;S185;S186;S844;S1512;S1700
RR2020M,samoa-joe,current_champion_title;championship_level;championship_partner;reign_number;title_won_date;days_into_reign_at_event;source_ids,N/A,N/A,N/A,N/A,N/A,N/A,FALSE,FALSE,S184;S185;S186;S839;S1470;S1700
RR2020M,seth-rollins,current_champion_title;championship_level;championship_partner;reign_number;title_won_date;days_into_reign_at_event;source_ids,N/A,N/A,N/A,N/A,N/A,N/A,FALSE,FALSE,S184;S185;S186;S800;S1456;S1700
RR2020W,alexa-bliss,current_champion_title;championship_level;championship_partner;reign_number;title_won_date;days_into_reign_at_event;source_ids,N/A,N/A,N/A,N/A,N/A,N/A,FALSE,FALSE,S197;S198;S199;S524;S946;S1032;S1638;S1700
RR2020W,bianca-belair,current_champion_title;championship_level;championship_partner;reign_number;title_won_date;days_into_reign_at_event;source_ids,N/A,N/A,N/A,N/A,N/A,N/A,FALSE,FALSE,S197;S198;S199;S947;S1033;S1639;S1700
RR2020W,molly-holly,current_champion_title;championship_level;championship_partner;reign_number;title_won_date;days_into_reign_at_event;source_ids,N/A,N/A,N/A,N/A,N/A,N/A,FALSE,FALSE,S197;S198;S199;S914;S1001;S1677;S1700
RR2020W,nikki-cross,current_champion_title;championship_level;championship_partner;reign_number;title_won_date;days_into_reign_at_event;source_ids,N/A,N/A,N/A,N/A,N/A,N/A,FALSE,FALSE,S197;S198;S199;S524;S935;S1022;S1628;S1700
RR2020W,lana,current_champion_title;championship_level;championship_partner;reign_number;title_won_date;days_into_reign_at_event;source_ids,N/A,N/A,N/A,N/A,N/A,N/A,FALSE,FALSE,S197;S198;S199;S915;S1002;S1609;S1700
RR2020W,mercedes-martinez,current_champion_title;championship_level;championship_partner;reign_number;title_won_date;days_into_reign_at_event;source_ids,N/A,N/A,N/A,N/A,N/A,N/A,FALSE,FALSE,S197;S198;S199;S948;S1034;S1640;S1700
RR2020W,liv-morgan,current_champion_title;championship_level;championship_partner;reign_number;title_won_date;days_into_reign_at_event;source_ids,N/A,N/A,N/A,N/A,N/A,N/A,FALSE,FALSE,S197;S198;S199;S913;S1000;S1607;S1700
RR2020W,mandy-rose,current_champion_title;championship_level;championship_partner;reign_number;title_won_date;days_into_reign_at_event;source_ids,N/A,N/A,N/A,N/A,N/A,N/A,FALSE,FALSE,S197;S198;S199;S524;S906;S993;S1600;S1700
RR2020W,candice-lerae,current_champion_title;championship_level;championship_partner;reign_number;title_won_date;days_into_reign_at_event;source_ids,N/A,N/A,N/A,N/A,N/A,N/A,FALSE,FALSE,S197;S198;S199;S940;S1027;S1633;S1700
RR2020W,sonya-deville,current_champion_title;championship_level;championship_partner;reign_number;title_won_date;days_into_reign_at_event;source_ids,N/A,N/A,N/A,N/A,N/A,N/A,FALSE,FALSE,S197;S198;S199;S524;S912;S999;S1606;S1700
RR2020W,kairi-sane,source_ids,WWE Women's Tag Team Championship,Women's Tag Team,Asuka,1,2019-10-06,112,FALSE,FALSE,S197;S198;S199;S524;S519;S908;S995;S1602;S1700
RR2020W,mia-yim,current_champion_title;championship_level;championship_partner;reign_number;title_won_date;days_into_reign_at_event;source_ids,N/A,N/A,N/A,N/A,N/A,N/A,FALSE,FALSE,S197;S198;S199;S949;S1035;S1641;S1700
RR2020W,dana-brooke,current_champion_title;championship_level;championship_partner;reign_number;title_won_date;days_into_reign_at_event;source_ids,N/A,N/A,N/A,N/A,N/A,N/A,FALSE,FALSE,S197;S198;S199;S910;S997;S1604;S1700
RR2020W,tamina,current_champion_title;championship_level;championship_partner;reign_number;title_won_date;days_into_reign_at_event;source_ids,N/A,N/A,N/A,N/A,N/A,N/A,FALSE,FALSE,S197;S198;S199;S909;S996;S1603;S1700
RR2020W,dakota-kai,current_champion_title;championship_level;championship_partner;reign_number;title_won_date;days_into_reign_at_event;source_ids,N/A,N/A,N/A,N/A,N/A,N/A,FALSE,FALSE,S197;S198;S199;S950;S1036;S1642;S1700
RR2020W,chelsea-green,current_champion_title;championship_level;championship_partner;reign_number;title_won_date;days_into_reign_at_event;source_ids,N/A,N/A,N/A,N/A,N/A,N/A,FALSE,FALSE,S197;S198;S199;S951;S1037;S1643;S1700
RR2020W,charlotte-flair,current_champion_title;championship_level;championship_partner;reign_number;title_won_date;days_into_reign_at_event;source_ids,N/A,N/A,N/A,N/A,N/A,N/A,FALSE,FALSE,S197;S198;S199;S938;S1025;S1631;S1700
RR2020W,naomi,current_champion_title;championship_level;championship_partner;reign_number;title_won_date;days_into_reign_at_event;source_ids,N/A,N/A,N/A,N/A,N/A,N/A,FALSE,FALSE,S197;S198;S199;S922;S1009;S1615;S1700
RR2020W,beth-phoenix,current_champion_title;championship_level;championship_partner;reign_number;title_won_date;days_into_reign_at_event;source_ids,N/A,N/A,N/A,N/A,N/A,N/A,FALSE,FALSE,S197;S198;S199;S926;S1013;S1619;S792;S1700
RR2020W,toni-storm,current_champion_title;championship_level;championship_partner;reign_number;title_won_date;days_into_reign_at_event;source_ids,N/A,N/A,N/A,N/A,N/A,N/A,FALSE,FALSE,S197;S198;S199;S952;S1038;S1644;S1700
RR2020W,kelly-kelly,current_champion_title;championship_level;championship_partner;reign_number;title_won_date;days_into_reign_at_event;source_ids,N/A,N/A,N/A,N/A,N/A,N/A,FALSE,FALSE,S197;S198;S199;S921;S1008;S1677;S1700
RR2020W,sarah-logan,current_champion_title;championship_level;championship_partner;reign_number;title_won_date;days_into_reign_at_event;source_ids,N/A,N/A,N/A,N/A,N/A,N/A,FALSE,FALSE,S197;S198;S199;S905;S992;S1599;S1700
RR2020W,natalya,current_champion_title;championship_level;championship_partner;reign_number;title_won_date;days_into_reign_at_event;source_ids,N/A,N/A,N/A,N/A,N/A,N/A,FALSE,FALSE,S197;S198;S199;S920;S1007;S1613;S1700
RR2020W,xia-li,current_champion_title;championship_level;championship_partner;reign_number;title_won_date;days_into_reign_at_event;source_ids,N/A,N/A,N/A,N/A,N/A,N/A,FALSE,FALSE,S197;S198;S199;S937;S1024;S1630;S1700
RR2020W,zelina-vega,current_champion_title;championship_level;championship_partner;reign_number;title_won_date;days_into_reign_at_event;source_ids,N/A,N/A,N/A,N/A,N/A,N/A,FALSE,FALSE,S197;S198;S199;S943;S1075;S1677;S1700
RR2020W,shotzi-blackheart,current_champion_title;championship_level;championship_partner;reign_number;title_won_date;days_into_reign_at_event;source_ids,N/A,N/A,N/A,N/A,N/A,N/A,FALSE,FALSE,S197;S198;S199;S953;S1039;S1645;S1700
RR2020W,carmella,current_champion_title;championship_level;championship_partner;reign_number;title_won_date;days_into_reign_at_event;source_ids,N/A,N/A,N/A,N/A,N/A,N/A,FALSE,FALSE,S197;S198;S199;S919;S1006;S1612;S1700
RR2020W,tegan-nox,current_champion_title;championship_level;championship_partner;reign_number;title_won_date;days_into_reign_at_event;source_ids,N/A,N/A,N/A,N/A,N/A,N/A,FALSE,FALSE,S197;S198;S199;S954;S1040;S1646;S1700
RR2020W,santino-marella,current_champion_title;championship_level;championship_partner;reign_number;title_won_date;days_into_reign_at_event;source_ids,N/A,N/A,N/A,N/A,N/A,N/A,FALSE,FALSE,S197;S198;S199;S955;S1041;S1677;S1700
RR2020W,shayna-baszler,current_champion_title;championship_level;championship_partner;reign_number;title_won_date;days_into_reign_at_event;source_ids,N/A,N/A,N/A,N/A,N/A,N/A,FALSE,FALSE,S197;S198;S199;S956;S1042;S1648;S1700
RR2021M,edge,current_champion_title;championship_level;championship_partner;reign_number;title_won_date;days_into_reign_at_event;source_ids,N/A,N/A,N/A,N/A,N/A,N/A,FALSE,FALSE,S212;S213;S214;S215;S068;S069;S436;S044;S045;S479;S656;S1490;S1700
RR2021M,randy-orton,current_champion_title;championship_level;championship_partner;reign_number;title_won_date;days_into_reign_at_event;source_ids,N/A,N/A,N/A,N/A,N/A,N/A,FALSE,FALSE,S212;S213;S214;S215;S067;S073;S040;S052;S042;S481;S489;S485;S709;S1462;S1700
RR2021M,sami-zayn,current_champion_title;championship_level;championship_partner;reign_number;title_won_date;days_into_reign_at_event;source_ids,N/A,N/A,N/A,N/A,N/A,N/A,FALSE,FALSE,S212;S213;S214;S215;S820;S1448;S1700
RR2021M,mustafa-ali,current_champion_title;championship_level;championship_partner;reign_number;title_won_date;days_into_reign_at_event;source_ids,N/A,N/A,N/A,N/A,N/A,N/A,FALSE,FALSE,S212;S213;S214;S215;S525;S841;S1472;S1700
RR2021M,jeff-hardy,current_champion_title;championship_level;championship_partner;reign_number;title_won_date;days_into_reign_at_event;source_ids,N/A,N/A,N/A,N/A,N/A,N/A,FALSE,FALSE,S212;S213;S214;S215;S065;S066;S676;S1513;S1700
RR2021M,dolph-ziggler,current_champion_title;championship_level;championship_partner;reign_number;title_won_date;days_into_reign_at_event;source_ids,N/A,N/A,N/A,N/A,N/A,N/A,FALSE,FALSE,S212;S213;S214;S215;S763;S1466;S1700
RR2021M,shinsuke-nakamura,current_champion_title;championship_level;championship_partner;reign_number;title_won_date;days_into_reign_at_event;source_ids,N/A,N/A,N/A,N/A,N/A,N/A,FALSE,FALSE,S212;S213;S214;S215;S835;S1452;S1700
RR2021M,carlito,current_champion_title;championship_level;championship_partner;reign_number;title_won_date;days_into_reign_at_event;source_ids,N/A,N/A,N/A,N/A,N/A,N/A,FALSE,FALSE,S212;S213;S214;S215;S733;S1493;S1700
RR2021M,xavier-woods,current_champion_title;championship_level;championship_partner;reign_number;title_won_date;days_into_reign_at_event;source_ids,N/A,N/A,N/A,N/A,N/A,N/A,FALSE,FALSE,S212;S213;S214;S215;S525;S828;S1450;S1700
RR2021M,big-e,championship_partner;source_ids,Intercontinental Championship,Intercontinental/United States,N/A,2,2020-12-25,37,FALSE,FALSE,S212;S213;S214;S215;S525;S520;S809;S1447;S1700
RR2021M,john-morrison,current_champion_title;championship_level;championship_partner;reign_number;title_won_date;days_into_reign_at_event;source_ids,N/A,N/A,N/A,N/A,N/A,N/A,FALSE,FALSE,S212;S213;S214;S215;S525;S847;S1513;S1700
RR2021M,ricochet,current_champion_title;championship_level;championship_partner;reign_number;title_won_date;days_into_reign_at_event;source_ids,N/A,N/A,N/A,N/A,N/A,N/A,FALSE,FALSE,S212;S213;S214;S215;S849;S899;S1487;S1700
RR2021M,elias,current_champion_title;championship_level;championship_partner;reign_number;title_won_date;days_into_reign_at_event;source_ids,N/A,N/A,N/A,N/A,N/A,N/A,FALSE,FALSE,S212;S213;S214;S215;S833;S898;S1444;S1700
RR2021M,damian-priest,current_champion_title;championship_level;championship_partner;reign_number;title_won_date;days_into_reign_at_event;source_ids,N/A,N/A,N/A,N/A,N/A,N/A,FALSE,FALSE,S212;S213;S214;S215;S853;S1494;S1700
RR2021M,the-miz,current_champion_title;championship_level;championship_partner;reign_number;title_won_date;days_into_reign_at_event;source_ids,N/A,N/A,N/A,N/A,N/A,N/A,FALSE,FALSE,S212;S213;S214;S215;S525;S749;S1463;S1700
RR2021M,matt-riddle,current_champion_title;championship_level;championship_partner;reign_number;title_won_date;days_into_reign_at_event;source_ids,N/A,N/A,N/A,N/A,N/A,N/A,FALSE,FALSE,S212;S213;S214;S215;S525;S851;S1513;S1700
RR2021M,daniel-bryan,current_champion_title;championship_level;championship_partner;reign_number;title_won_date;days_into_reign_at_event;source_ids,N/A,N/A,N/A,N/A,N/A,N/A,FALSE,FALSE,S212;S213;S214;S215;S764;S1495;S1700
RR2021M,kane,current_champion_title;championship_level;championship_partner;reign_number;title_won_date;days_into_reign_at_event;source_ids,N/A,N/A,N/A,N/A,N/A,N/A,FALSE,FALSE,S212;S213;S214;S215;S068;S069;S044;S045;S479;S628;S1513;S1700
RR2021M,baron-corbin,current_champion_title;championship_level;championship_partner;reign_number;title_won_date;days_into_reign_at_event;source_ids,N/A,N/A,N/A,N/A,N/A,N/A,FALSE,FALSE,S212;S213;S214;S215;S525;S827;S1442;S1700
RR2021M,otis,current_champion_title;championship_level;championship_partner;reign_number;title_won_date;days_into_reign_at_event;source_ids,N/A,N/A,N/A,N/A,N/A,N/A,FALSE,FALSE,S212;S213;S214;S215;S525;S854;S1497;S1700
RR2021M,dominik-mysterio,current_champion_title;championship_level;championship_partner;reign_number;title_won_date;days_into_reign_at_event;source_ids,N/A,N/A,N/A,N/A,N/A,N/A,FALSE,FALSE,S212;S213;S214;S215;S525;S855;S1498;S1700
RR2021M,bobby-lashley,championship_partner;source_ids,United States Championship,Intercontinental/United States,N/A,2,2020-08-30,154,FALSE,FALSE,S212;S213;S214;S215;S525;S520;S732;S1479;S1700
RR2021M,the-hurricane,current_champion_title;championship_level;championship_partner;reign_number;title_won_date;days_into_reign_at_event;source_ids,N/A,N/A,N/A,N/A,N/A,N/A,FALSE,FALSE,S212;S213;S214;S215;S525;S068;S069;S494;S693;S1513;S1700
RR2021M,christian,current_champion_title;championship_level;championship_partner;reign_number;title_won_date;days_into_reign_at_event;source_ids,N/A,N/A,N/A,N/A,N/A,N/A,FALSE,FALSE,S212;S213;S214;S215;S068;S069;S490;S494;S669;S1499;S1700
RR2021M,aj-styles,current_champion_title;championship_level;championship_partner;reign_number;title_won_date;days_into_reign_at_event;source_ids,N/A,N/A,N/A,N/A,N/A,N/A,FALSE,FALSE,S212;S213;S214;S215;S520;S525;S815;S1488;S1700
RR2021M,rey-mysterio,current_champion_title;championship_level;championship_partner;reign_number;title_won_date;days_into_reign_at_event;source_ids,N/A,N/A,N/A,N/A,N/A,N/A,FALSE,FALSE,S212;S213;S214;S215;S525;S068;S069;S436;S695;S1513;S1700
RR2021M,sheamus,current_champion_title;championship_level;championship_partner;reign_number;title_won_date;days_into_reign_at_event;source_ids,N/A,N/A,N/A,N/A,N/A,N/A,FALSE,FALSE,S212;S213;S214;S215;S776;S1449;S1700
RR2021M,cesaro,current_champion_title;championship_level;championship_partner;reign_number;title_won_date;days_into_reign_at_event;source_ids,N/A,N/A,N/A,N/A,N/A,N/A,FALSE,FALSE,S212;S213;S214;S215;S796;S1453;S1687;S1700
RR2021M,seth-rollins,current_champion_title;championship_level;championship_partner;reign_number;title_won_date;days_into_reign_at_event;source_ids,N/A,N/A,N/A,N/A,N/A,N/A,FALSE,FALSE,S212;S213;S214;S215;S800;S1456;S1700
RR2021M,braun-strowman,current_champion_title;championship_level;championship_partner;reign_number;title_won_date;days_into_reign_at_event;source_ids,N/A,N/A,N/A,N/A,N/A,N/A,FALSE,FALSE,S212;S213;S214;S215;S818;S1480;S1700
RR2021W,bayley,current_champion_title;championship_level;championship_partner;reign_number;title_won_date;days_into_reign_at_event;source_ids,N/A,N/A,N/A,N/A,N/A,N/A,FALSE,FALSE,S224;S225;S226;S227;S931;S1018;S1624;S1700
RR2021W,naomi,current_champion_title;championship_level;championship_partner;reign_number;title_won_date;days_into_reign_at_event;source_ids,N/A,N/A,N/A,N/A,N/A,N/A,FALSE,FALSE,S224;S225;S226;S227;S922;S1009;S1615;S1700
RR2021W,bianca-belair,current_champion_title;championship_level;championship_partner;reign_number;title_won_date;days_into_reign_at_event;source_ids,N/A,N/A,N/A,N/A,N/A,N/A,FALSE,FALSE,S224;S225;S226;S227;S947;S1033;S1678;S1700
RR2021W,billie-kay,current_champion_title;championship_level;championship_partner;reign_number;title_won_date;days_into_reign_at_event;source_ids,N/A,N/A,N/A,N/A,N/A,N/A,FALSE,FALSE,S224;S225;S226;S227;S934;S1021;S1627;S1700
RR2021W,shotzi-blackheart,current_champion_title;championship_level;championship_partner;reign_number;title_won_date;days_into_reign_at_event;source_ids,N/A,N/A,N/A,N/A,N/A,N/A,FALSE,FALSE,S224;S225;S226;S227;S953;S1039;S1645;S1700
RR2021W,shayna-baszler,source_ids,WWE Women’s Tag Team Championship,Tag Team,nia-jax,2,2021-01-31,0,FALSE,FALSE,S224;S225;S226;S227;S525;S520;S956;S1042;S1648;S1700
RR2021W,toni-storm,current_champion_title;championship_level;championship_partner;reign_number;title_won_date;days_into_reign_at_event;source_ids,N/A,N/A,N/A,N/A,N/A,N/A,FALSE,FALSE,S224;S225;S226;S227;S952;S1038;S1644;S1700
RR2021W,jillian-hall,current_champion_title;championship_level;championship_partner;reign_number;title_won_date;days_into_reign_at_event;source_ids,N/A,N/A,N/A,N/A,N/A,N/A,FALSE,FALSE,S224;S225;S226;S227;S957;S1043;S1678;S1700
RR2021W,ruby-riott,current_champion_title;championship_level;championship_partner;reign_number;title_won_date;days_into_reign_at_event;source_ids,N/A,N/A,N/A,N/A,N/A,N/A,FALSE,FALSE,S224;S225;S226;S227;S525;S917;S1004;S1678;S1700
RR2021W,victoria,current_champion_title;championship_level;championship_partner;reign_number;title_won_date;days_into_reign_at_event;source_ids,N/A,N/A,N/A,N/A,N/A,N/A,FALSE,FALSE,S224;S225;S226;S227;S958;S1044;S1678;S1700
RR2021W,peyton-royce,current_champion_title;championship_level;championship_partner;reign_number;title_won_date;days_into_reign_at_event;source_ids,N/A,N/A,N/A,N/A,N/A,N/A,FALSE,FALSE,S224;S225;S226;S227;S936;S1023;S1629;S1700
RR2021W,santana-garrett,current_champion_title;championship_level;championship_partner;reign_number;title_won_date;days_into_reign_at_event;source_ids,N/A,N/A,N/A,N/A,N/A,N/A,FALSE,FALSE,S224;S225;S226;S227;S959;S1045;S1678;S1700
RR2021W,liv-morgan,current_champion_title;championship_level;championship_partner;reign_number;title_won_date;days_into_reign_at_event;source_ids,N/A,N/A,N/A,N/A,N/A,N/A,FALSE,FALSE,S224;S225;S226;S227;S525;S913;S1000;S1607;S1700
RR2021W,rhea-ripley,current_champion_title;championship_level;championship_partner;reign_number;title_won_date;days_into_reign_at_event;source_ids,N/A,N/A,N/A,N/A,N/A,N/A,FALSE,FALSE,S224;S225;S226;S227;S945;S1031;S1637;S1700
RR2021W,charlotte-flair,current_champion_title;championship_level;championship_partner;reign_number;title_won_date;days_into_reign_at_event;source_ids,N/A,N/A,N/A,N/A,N/A,N/A,FALSE,FALSE,S224;S225;S226;S227;S938;S1025;S1631;S1700
RR2021W,dana-brooke,current_champion_title;championship_level;championship_partner;reign_number;title_won_date;days_into_reign_at_event;source_ids,N/A,N/A,N/A,N/A,N/A,N/A,FALSE,FALSE,S224;S225;S226;S227;S525;S910;S997;S1604;S1700
RR2021W,torrie-wilson,current_champion_title;championship_level;championship_partner;reign_number;title_won_date;days_into_reign_at_event;source_ids,N/A,N/A,N/A,N/A,N/A,N/A,FALSE,FALSE,S224;S225;S226;S227;S911;S998;S1678;S1700
RR2021W,lacey-evans,current_champion_title;championship_level;championship_partner;reign_number;title_won_date;days_into_reign_at_event;source_ids,N/A,N/A,N/A,N/A,N/A,N/A,FALSE,FALSE,S224;S225;S226;S227;S933;S1020;S1626;S1700
RR2021W,mickie-james,current_champion_title;championship_level;championship_partner;reign_number;title_won_date;days_into_reign_at_event;source_ids,N/A,N/A,N/A,N/A,N/A,N/A,FALSE,FALSE,S224;S225;S226;S227;S928;S1015;S1621;S1700
RR2021W,nikki-cross,current_champion_title;championship_level;championship_partner;reign_number;title_won_date;days_into_reign_at_event;source_ids,N/A,N/A,N/A,N/A,N/A,N/A,FALSE,FALSE,S224;S225;S226;S227;S935;S1022;S1628;S1700
RR2021W,alicia-fox,current_champion_title;championship_level;championship_partner;reign_number;title_won_date;days_into_reign_at_event;source_ids,N/A,N/A,N/A,N/A,N/A,N/A,FALSE,FALSE,S224;S225;S226;S227;S941;S1028;S1678;S1700
RR2021W,mandy-rose,current_champion_title;championship_level;championship_partner;reign_number;title_won_date;days_into_reign_at_event;source_ids,N/A,N/A,N/A,N/A,N/A,N/A,FALSE,FALSE,S224;S225;S226;S227;S525;S906;S993;S1600;S1700
RR2021W,dakota-kai,current_champion_title;championship_level;championship_partner;reign_number;title_won_date;days_into_reign_at_event;source_ids,N/A,N/A,N/A,N/A,N/A,N/A,FALSE,FALSE,S224;S225;S226;S227;S950;S1036;S1642;S1700
RR2021W,carmella,current_champion_title;championship_level;championship_partner;reign_number;title_won_date;days_into_reign_at_event;source_ids,N/A,N/A,N/A,N/A,N/A,N/A,FALSE,FALSE,S224;S225;S226;S227;S919;S1006;S1612;S1700
RR2021W,tamina,current_champion_title;championship_level;championship_partner;reign_number;title_won_date;days_into_reign_at_event;source_ids,N/A,N/A,N/A,N/A,N/A,N/A,FALSE,FALSE,S224;S225;S226;S227;S909;S996;S1603;S1700
RR2021W,lana,current_champion_title;championship_level;championship_partner;reign_number;title_won_date;days_into_reign_at_event;source_ids,N/A,N/A,N/A,N/A,N/A,N/A,FALSE,FALSE,S224;S225;S226;S227;S915;S1002;S1609;S1700
RR2021W,alexa-bliss,current_champion_title;championship_level;championship_partner;reign_number;title_won_date;days_into_reign_at_event;source_ids,N/A,N/A,N/A,N/A,N/A,N/A,FALSE,FALSE,S224;S225;S226;S227;S946;S1032;S1638;S1700
RR2021W,ember-moon,current_champion_title;championship_level;championship_partner;reign_number;title_won_date;days_into_reign_at_event;source_ids,N/A,N/A,N/A,N/A,N/A,N/A,FALSE,FALSE,S224;S225;S226;S227;S925;S1012;S1618;S1700
RR2021W,nia-jax,source_ids,WWE Women’s Tag Team Championship,Tag Team,shayna-baszler,2,2021-01-31,0,FALSE,FALSE,S224;S225;S226;S227;S525;S520;S924;S1011;S1617;S1700
RR2021W,natalya,current_champion_title;championship_level;championship_partner;reign_number;title_won_date;days_into_reign_at_event;source_ids,N/A,N/A,N/A,N/A,N/A,N/A,FALSE,FALSE,S224;S225;S226;S227;S920;S1007;S1613;S1700
RR2022M,aj-styles,current_champion_title;championship_level;championship_partner;reign_number;title_won_date;days_into_reign_at_event;title_defended_same_card;title_lost_same_card;source_ids,N/A,N/A,N/A,N/A,N/A,N/A,N/A,N/A,S232;S233;S815;S1488;S1700
RR2022M,shinsuke-nakamura,championship_partner;title_defended_same_card;title_lost_same_card;source_ids,Intercontinental Championship,Intercontinental/United States,N/A,2,2021-08-13,169,FALSE,FALSE,S232;S233;S526;S521;S835;S1452;S1700
RR2022M,austin-theory,current_champion_title;championship_level;championship_partner;reign_number;title_won_date;days_into_reign_at_event;title_defended_same_card;title_lost_same_card;source_ids,N/A,N/A,N/A,N/A,N/A,N/A,N/A,N/A,S232;S233;S856;S901;S1514;S1700
RR2022M,robert-roode,current_champion_title;championship_level;championship_partner;reign_number;title_won_date;days_into_reign_at_event;title_defended_same_card;title_lost_same_card;source_ids,N/A,N/A,N/A,N/A,N/A,N/A,N/A,N/A,S232;S233;S526;S846;S1484;S1700
RR2022M,ridge-holland,current_champion_title;championship_level;championship_partner;reign_number;title_won_date;days_into_reign_at_event;title_defended_same_card;title_lost_same_card;source_ids,N/A,N/A,N/A,N/A,N/A,N/A,N/A,N/A,S232;S233;S526;S857;S1501;S1700
RR2022M,montez-ford,current_champion_title;championship_level;championship_partner;reign_number;title_won_date;days_into_reign_at_event;title_defended_same_card;title_lost_same_card;source_ids,N/A,N/A,N/A,N/A,N/A,N/A,N/A,N/A,S232;S233;S526;S858;S1502;S1700
RR2022M,damian-priest,championship_partner;title_defended_same_card;title_lost_same_card;source_ids,United States Championship,Intercontinental/United States,N/A,1,2021-08-21,161,FALSE,FALSE,S232;S233;S526;S521;S853;S1494;S1700
RR2022M,sami-zayn,current_champion_title;championship_level;championship_partner;reign_number;title_won_date;days_into_reign_at_event;title_defended_same_card;title_lost_same_card;source_ids,N/A,N/A,N/A,N/A,N/A,N/A,N/A,N/A,S232;S233;S820;S1448;S1700
RR2022M,johnny-knoxville,current_champion_title;championship_level;championship_partner;reign_number;title_won_date;days_into_reign_at_event;title_defended_same_card;title_lost_same_card;source_ids,N/A,N/A,N/A,N/A,N/A,N/A,N/A,N/A,S232;S233;S859;S1503;S1700
RR2022M,angelo-dawkins,current_champion_title;championship_level;championship_partner;reign_number;title_won_date;days_into_reign_at_event;title_defended_same_card;title_lost_same_card;source_ids,N/A,N/A,N/A,N/A,N/A,N/A,N/A,N/A,S232;S233;S526;S860;S1504;S1700
RR2022M,omos,current_champion_title;championship_level;championship_partner;reign_number;title_won_date;days_into_reign_at_event;title_defended_same_card;title_lost_same_card;source_ids,N/A,N/A,N/A,N/A,N/A,N/A,N/A,N/A,S232;S233;S861;S1514;S1700
RR2022M,ricochet,current_champion_title;championship_level;championship_partner;reign_number;title_won_date;days_into_reign_at_event;title_defended_same_card;title_lost_same_card;source_ids,N/A,N/A,N/A,N/A,N/A,N/A,N/A,N/A,S232;S233;S849;S899;S1487;S1700
RR2022M,chad-gable,title_defended_same_card;title_lost_same_card;source_ids,Raw Tag Team Championship,Tag Team,Otis,1,2022-01-10,19,FALSE,FALSE,S232;S233;S526;S521;S862;S1505;S1700
RR2022M,dominik-mysterio,current_champion_title;championship_level;championship_partner;reign_number;title_won_date;days_into_reign_at_event;title_defended_same_card;title_lost_same_card;source_ids,N/A,N/A,N/A,N/A,N/A,N/A,N/A,N/A,S232;S233;S526;S855;S1498;S1700
RR2022M,baron-corbin,current_champion_title;championship_level;championship_partner;reign_number;title_won_date;days_into_reign_at_event;title_defended_same_card;title_lost_same_card;source_ids,N/A,N/A,N/A,N/A,N/A,N/A,N/A,N/A,S232;S233;S526;S827;S1442;S1700
RR2022M,dolph-ziggler,current_champion_title;championship_level;championship_partner;reign_number;title_won_date;days_into_reign_at_event;title_defended_same_card;title_lost_same_card;source_ids,N/A,N/A,N/A,N/A,N/A,N/A,N/A,N/A,S232;S233;S526;S763;S1466;S1700
RR2022M,sheamus,current_champion_title;championship_level;championship_partner;reign_number;title_won_date;days_into_reign_at_event;title_defended_same_card;title_lost_same_card;source_ids,N/A,N/A,N/A,N/A,N/A,N/A,N/A,N/A,S232;S233;S526;S776;S1449;S1700
RR2022M,rick-boogs,current_champion_title;championship_level;championship_partner;reign_number;title_won_date;days_into_reign_at_event;title_defended_same_card;title_lost_same_card;source_ids,N/A,N/A,N/A,N/A,N/A,N/A,N/A,N/A,S232;S233;S526;S863;S1506;S1700
RR2022M,riddick-moss,current_champion_title;championship_level;championship_partner;reign_number;title_won_date;days_into_reign_at_event;title_defended_same_card;title_lost_same_card;source_ids,N/A,N/A,N/A,N/A,N/A,N/A,N/A,N/A,S232;S233;S526;S864;S1507;S1700
RR2022M,matt-riddle,current_champion_title;championship_level;championship_partner;reign_number;title_won_date;days_into_reign_at_event;title_defended_same_card;title_lost_same_card;source_ids,N/A,N/A,N/A,N/A,N/A,N/A,N/A,N/A,S232;S233;S526;S851;S1514;S1700
RR2022M,drew-mcintyre,current_champion_title;championship_level;championship_partner;reign_number;title_won_date;days_into_reign_at_event;title_defended_same_card;title_lost_same_card;source_ids,N/A,N/A,N/A,N/A,N/A,N/A,N/A,N/A,S232;S233;S778;S1475;S1700
RR2022M,kevin-owens,current_champion_title;championship_level;championship_partner;reign_number;title_won_date;days_into_reign_at_event;title_defended_same_card;title_lost_same_card;source_ids,N/A,N/A,N/A,N/A,N/A,N/A,N/A,N/A,S232;S233;S819;S1492;S1700
RR2022M,rey-mysterio,current_champion_title;championship_level;championship_partner;reign_number;title_won_date;days_into_reign_at_event;title_defended_same_card;title_lost_same_card;source_ids,N/A,N/A,N/A,N/A,N/A,N/A,N/A,N/A,S232;S233;S526;S068;S069;S436;S695;S1514;S1700
RR2022M,kofi-kingston,current_champion_title;championship_level;championship_partner;reign_number;title_won_date;days_into_reign_at_event;title_defended_same_card;title_lost_same_card;source_ids,N/A,N/A,N/A,N/A,N/A,N/A,N/A,N/A,S232;S233;S526;S760;S1454;S1700
RR2022M,otis,title_defended_same_card;title_lost_same_card;source_ids,Raw Tag Team Championship,Tag Team,Chad Gable,1,2022-01-10,19,FALSE,FALSE,S232;S233;S526;S521;S854;S1497;S1700
RR2022M,big-e,current_champion_title;championship_level;championship_partner;reign_number;title_won_date;days_into_reign_at_event;title_defended_same_card;title_lost_same_card;source_ids,N/A,N/A,N/A,N/A,N/A,N/A,N/A,N/A,S232;S233;S526;S809;S1447;S1700
RR2022M,bad-bunny,current_champion_title;championship_level;championship_partner;reign_number;title_won_date;days_into_reign_at_event;title_defended_same_card;title_lost_same_card;source_ids,N/A,N/A,N/A,N/A,N/A,N/A,N/A,N/A,S232;S233;S865;S1514;S1508;S1700
RR2022M,shane-mcmahon,current_champion_title;championship_level;championship_partner;reign_number;title_won_date;days_into_reign_at_event;title_defended_same_card;title_lost_same_card;source_ids,N/A,N/A,N/A,N/A,N/A,N/A,N/A,N/A,S232;S233;S866;S1509;S1700
RR2022M,randy-orton,current_champion_title;championship_level;championship_partner;reign_number;title_won_date;days_into_reign_at_event;title_defended_same_card;title_lost_same_card;source_ids,N/A,N/A,N/A,N/A,N/A,N/A,N/A,N/A,S232;S233;S526;S067;S073;S040;S052;S042;S481;S489;S485;S709;S1462;S1700
RR2022M,brock-lesnar,current_champion_title;championship_level;championship_partner;reign_number;title_won_date;days_into_reign_at_event;title_defended_same_card;title_lost_same_card;source_ids,N/A,N/A,N/A,N/A,N/A,N/A,N/A,N/A,S232;S233;S065;S066;S707;S1482;S1700
RR2022W,sasha-banks,current_champion_title;championship_level;championship_partner;reign_number;title_won_date;days_into_reign_at_event;title_defended_same_card;title_lost_same_card;source_ids,N/A,N/A,N/A,N/A,N/A,N/A,N/A,N/A,S243;S244;S903;S990;S1597;S1700
RR2022W,melina,current_champion_title;championship_level;championship_partner;reign_number;title_won_date;days_into_reign_at_event;title_defended_same_card;title_lost_same_card;source_ids,N/A,N/A,N/A,N/A,N/A,N/A,N/A,N/A,S243;S244;S960;S1046;S1652;S1700
RR2022W,tamina,current_champion_title;championship_level;championship_partner;reign_number;title_won_date;days_into_reign_at_event;title_defended_same_card;title_lost_same_card;source_ids,N/A,N/A,N/A,N/A,N/A,N/A,N/A,N/A,S243;S244;S909;S996;S1603;S1700
RR2022W,kelly-kelly,current_champion_title;championship_level;championship_partner;reign_number;title_won_date;days_into_reign_at_event;title_defended_same_card;title_lost_same_card;source_ids,N/A,N/A,N/A,N/A,N/A,N/A,N/A,N/A,S243;S244;S921;S1008;S1679;S1700
RR2022W,aliyah,current_champion_title;championship_level;championship_partner;reign_number;title_won_date;days_into_reign_at_event;title_defended_same_card;title_lost_same_card;source_ids,N/A,N/A,N/A,N/A,N/A,N/A,N/A,N/A,S243;S244;S961;S1047;S1679;S1700
RR2022W,liv-morgan,current_champion_title;championship_level;championship_partner;reign_number;title_won_date;days_into_reign_at_event;title_defended_same_card;title_lost_same_card;source_ids,N/A,N/A,N/A,N/A,N/A,N/A,N/A,N/A,S243;S244;S913;S1000;S1607;S1700
RR2022W,zelina-vega,title_defended_same_card;title_lost_same_card;source_ids,WWE Women's Tag Team Championship,Tag Team,Carmella,1,2021-11-22,68,FALSE,FALSE,S243;S244;S526;S521;S943;S1075;S1679;S1700
RR2022W,bianca-belair,current_champion_title;championship_level;championship_partner;reign_number;title_won_date;days_into_reign_at_event;title_defended_same_card;title_lost_same_card;source_ids,N/A,N/A,N/A,N/A,N/A,N/A,N/A,N/A,S243;S244;S947;S1033;S1679;S1700
RR2022W,dana-brooke,current_champion_title;championship_level;championship_partner;reign_number;title_won_date;days_into_reign_at_event;title_defended_same_card;title_lost_same_card;source_ids,N/A,N/A,N/A,N/A,N/A,N/A,N/A,N/A,S243;S244;S910;S997;S1604;S1700
RR2022W,michelle-mccool,current_champion_title;championship_level;championship_partner;reign_number;title_won_date;days_into_reign_at_event;title_defended_same_card;title_lost_same_card;source_ids,N/A,N/A,N/A,N/A,N/A,N/A,N/A,N/A,S243;S244;S916;S1003;S1679;S1700
RR2022W,sonya-deville,current_champion_title;championship_level;championship_partner;reign_number;title_won_date;days_into_reign_at_event;title_defended_same_card;title_lost_same_card;source_ids,N/A,N/A,N/A,N/A,N/A,N/A,N/A,N/A,S243;S244;S912;S999;S1606;S1700
RR2022W,natalya,current_champion_title;championship_level;championship_partner;reign_number;title_won_date;days_into_reign_at_event;title_defended_same_card;title_lost_same_card;source_ids,N/A,N/A,N/A,N/A,N/A,N/A,N/A,N/A,S243;S244;S920;S1007;S1613;S1700
RR2022W,cameron,current_champion_title;championship_level;championship_partner;reign_number;title_won_date;days_into_reign_at_event;title_defended_same_card;title_lost_same_card;source_ids,N/A,N/A,N/A,N/A,N/A,N/A,N/A,N/A,S243;S244;S962;S1048;S1679;S1700
RR2022W,naomi,current_champion_title;championship_level;championship_partner;reign_number;title_won_date;days_into_reign_at_event;title_defended_same_card;title_lost_same_card;source_ids,N/A,N/A,N/A,N/A,N/A,N/A,N/A,N/A,S243;S244;S922;S1009;S1615;S1700
RR2022W,carmella,title_defended_same_card;title_lost_same_card;source_ids,WWE Women's Tag Team Championship,Tag Team,Queen Zelina,1,2021-11-22,68,FALSE,FALSE,S243;S244;S526;S521;S919;S1006;S1612;S1700
RR2022W,rhea-ripley,current_champion_title;championship_level;championship_partner;reign_number;title_won_date;days_into_reign_at_event;title_defended_same_card;title_lost_same_card;source_ids,N/A,N/A,N/A,N/A,N/A,N/A,N/A,N/A,S243;S244;S945;S1031;S1637;S1700
RR2022W,charlotte-flair,championship_partner;title_defended_same_card;title_lost_same_card;source_ids,SmackDown Women's Championship,World,N/A,6,2021-10-22,99,FALSE,FALSE,S243;S244;S521;S526;S938;S1025;S1631;S1700
RR2022W,ivory,current_champion_title;championship_level;championship_partner;reign_number;title_won_date;days_into_reign_at_event;title_defended_same_card;title_lost_same_card;source_ids,N/A,N/A,N/A,N/A,N/A,N/A,N/A,N/A,S243;S244;S526;S963;S1049;S1679;S1700
RR2022W,brie-bella,current_champion_title;championship_level;championship_partner;reign_number;title_won_date;days_into_reign_at_event;title_defended_same_card;title_lost_same_card;source_ids,N/A,N/A,N/A,N/A,N/A,N/A,N/A,N/A,S243;S244;S526;S930;S1017;S1679;S1700
RR2022W,mickie-james,championship_partner;title_defended_same_card;title_lost_same_card;source_ids,Impact Knockouts World Championship,Other promotion world,N/A,4,2022-01-08,21,FALSE,FALSE,S243;S244;S521;S526;S928;S1015;S1621;S1700
RR2022W,alicia-fox,current_champion_title;championship_level;championship_partner;reign_number;title_won_date;days_into_reign_at_event;title_defended_same_card;title_lost_same_card;source_ids,N/A,N/A,N/A,N/A,N/A,N/A,N/A,N/A,S243;S244;S941;S1028;S1679;S1700
RR2022W,nikki-cross,current_champion_title;championship_level;championship_partner;reign_number;title_won_date;days_into_reign_at_event;title_defended_same_card;title_lost_same_card;source_ids,N/A,N/A,N/A,N/A,N/A,N/A,N/A,N/A,S243;S244;S526;S935;S1022;S1628;S1700
RR2022W,summer-rae,current_champion_title;championship_level;championship_partner;reign_number;title_won_date;days_into_reign_at_event;title_defended_same_card;title_lost_same_card;source_ids,N/A,N/A,N/A,N/A,N/A,N/A,N/A,N/A,S243;S244;S964;S1050;S1679;S1700
RR2022W,nikki-bella,current_champion_title;championship_level;championship_partner;reign_number;title_won_date;days_into_reign_at_event;title_defended_same_card;title_lost_same_card;source_ids,N/A,N/A,N/A,N/A,N/A,N/A,N/A,N/A,S243;S244;S526;S929;S1016;S1679;S1700
RR2022W,sarah-logan,current_champion_title;championship_level;championship_partner;reign_number;title_won_date;days_into_reign_at_event;title_defended_same_card;title_lost_same_card;source_ids,N/A,N/A,N/A,N/A,N/A,N/A,N/A,N/A,S243;S244;S905;S992;S1599;S1700
RR2022W,lita,current_champion_title;championship_level;championship_partner;reign_number;title_won_date;days_into_reign_at_event;title_defended_same_card;title_lost_same_card;source_ids,N/A,N/A,N/A,N/A,N/A,N/A,N/A,N/A,S243;S244;S907;S994;S1601;S1700
RR2022W,molly-holly,current_champion_title;championship_level;championship_partner;reign_number;title_won_date;days_into_reign_at_event;title_defended_same_card;title_lost_same_card;source_ids,N/A,N/A,N/A,N/A,N/A,N/A,N/A,N/A,S243;S244;S526;S914;S1001;S1679;S1700
RR2022W,ronda-rousey,current_champion_title;championship_level;championship_partner;reign_number;title_won_date;days_into_reign_at_event;title_defended_same_card;title_lost_same_card;source_ids,N/A,N/A,N/A,N/A,N/A,N/A,N/A,N/A,S243;S244;S965;S1051;S1657;S1700
RR2022W,shotzi-blackheart,current_champion_title;championship_level;championship_partner;reign_number;title_won_date;days_into_reign_at_event;title_defended_same_card;title_lost_same_card;source_ids,N/A,N/A,N/A,N/A,N/A,N/A,N/A,N/A,S243;S244;S953;S1039;S1645;S1700
RR2022W,shayna-baszler,current_champion_title;championship_level;championship_partner;reign_number;title_won_date;days_into_reign_at_event;title_defended_same_card;title_lost_same_card;source_ids,N/A,N/A,N/A,N/A,N/A,N/A,N/A,N/A,S243;S244;S956;S1042;S1648;S1700
RR2023M,gunther,championship_partner;title_defended_same_card;title_lost_same_card;source_ids,Intercontinental Championship,Intercontinental/United States,N/A,1,2022-06-10,232,FALSE,FALSE,S251;S252;S527;S522;S867;S1593;S1700
RR2023M,sheamus,current_champion_title;championship_level;championship_partner;reign_number;title_won_date;days_into_reign_at_event;title_defended_same_card;title_lost_same_card;source_ids,N/A,N/A,N/A,N/A,N/A,N/A,N/A,N/A,S251;S252;S776;S1593;S1700
RR2023M,the-miz,current_champion_title;championship_level;championship_partner;reign_number;title_won_date;days_into_reign_at_event;title_defended_same_card;title_lost_same_card;source_ids,N/A,N/A,N/A,N/A,N/A,N/A,N/A,N/A,S251;S252;S749;S1535;S1700
RR2023M,kofi-kingston,current_champion_title;championship_level;championship_partner;reign_number;title_won_date;days_into_reign_at_event;title_defended_same_card;title_lost_same_card;source_ids,N/A,N/A,N/A,N/A,N/A,N/A,N/A,N/A,S251;S252;S527;S760;S1536;S1700
RR2023M,johnny-gargano,current_champion_title;championship_level;championship_partner;reign_number;title_won_date;days_into_reign_at_event;title_defended_same_card;title_lost_same_card;source_ids,N/A,N/A,N/A,N/A,N/A,N/A,N/A,N/A,S251;S252;S838;S1537;S1700
RR2023M,xavier-woods,current_champion_title;championship_level;championship_partner;reign_number;title_won_date;days_into_reign_at_event;title_defended_same_card;title_lost_same_card;source_ids,N/A,N/A,N/A,N/A,N/A,N/A,N/A,N/A,S251;S252;S527;S828;S1538;S1700
RR2023M,karrion-kross,current_champion_title;championship_level;championship_partner;reign_number;title_won_date;days_into_reign_at_event;title_defended_same_card;title_lost_same_card;source_ids,N/A,N/A,N/A,N/A,N/A,N/A,N/A,N/A,S251;S252;S522;S527;S868;S1593;S1700
RR2023M,chad-gable,current_champion_title;championship_level;championship_partner;reign_number;title_won_date;days_into_reign_at_event;title_defended_same_card;title_lost_same_card;source_ids,N/A,N/A,N/A,N/A,N/A,N/A,N/A,N/A,S251;S252;S527;S862;S1539;S1700
RR2023M,drew-mcintyre,current_champion_title;championship_level;championship_partner;reign_number;title_won_date;days_into_reign_at_event;title_defended_same_card;title_lost_same_card;source_ids,N/A,N/A,N/A,N/A,N/A,N/A,N/A,N/A,S251;S252;S778;S1540;S1700
RR2023M,santos-escobar,current_champion_title;championship_level;championship_partner;reign_number;title_won_date;days_into_reign_at_event;title_defended_same_card;title_lost_same_card;source_ids,N/A,N/A,N/A,N/A,N/A,N/A,N/A,N/A,S251;S252;S527;S869;S1541;S1700
RR2023M,angelo-dawkins,current_champion_title;championship_level;championship_partner;reign_number;title_won_date;days_into_reign_at_event;title_defended_same_card;title_lost_same_card;source_ids,N/A,N/A,N/A,N/A,N/A,N/A,N/A,N/A,S251;S252;S527;S860;S1542;S1700
RR2023M,brock-lesnar,current_champion_title;championship_level;championship_partner;reign_number;title_won_date;days_into_reign_at_event;title_defended_same_card;title_lost_same_card;source_ids,N/A,N/A,N/A,N/A,N/A,N/A,N/A,N/A,S251;S252;S065;S066;S707;S1543;S1700
RR2023M,bobby-lashley,current_champion_title;championship_level;championship_partner;reign_number;title_won_date;days_into_reign_at_event;title_defended_same_card;title_lost_same_card;source_ids,N/A,N/A,N/A,N/A,N/A,N/A,N/A,N/A,S251;S252;S732;S1544;S1700
RR2023M,baron-corbin,current_champion_title;championship_level;championship_partner;reign_number;title_won_date;days_into_reign_at_event;title_defended_same_card;title_lost_same_card;source_ids,N/A,N/A,N/A,N/A,N/A,N/A,N/A,N/A,S251;S252;S827;S1545;S1700
RR2023M,seth-rollins,current_champion_title;championship_level;championship_partner;reign_number;title_won_date;days_into_reign_at_event;title_defended_same_card;title_lost_same_card;source_ids,N/A,N/A,N/A,N/A,N/A,N/A,N/A,N/A,S251;S252;S800;S1546;S1700
RR2023M,otis,current_champion_title;championship_level;championship_partner;reign_number;title_won_date;days_into_reign_at_event;title_defended_same_card;title_lost_same_card;source_ids,N/A,N/A,N/A,N/A,N/A,N/A,N/A,N/A,S251;S252;S527;S854;S1547;S1700
RR2023M,rey-mysterio,current_champion_title;championship_level;championship_partner;reign_number;title_won_date;days_into_reign_at_event;title_defended_same_card;title_lost_same_card;source_ids,N/A,N/A,N/A,N/A,N/A,N/A,N/A,N/A,S251;S252;S068;S069;S436;S695;S1593;S1700
RR2023M,dominik-mysterio,current_champion_title;championship_level;championship_partner;reign_number;title_won_date;days_into_reign_at_event;title_defended_same_card;title_lost_same_card;source_ids,N/A,N/A,N/A,N/A,N/A,N/A,N/A,N/A,S251;S252;S527;S855;S1549;S1700
RR2023M,elias,current_champion_title;championship_level;championship_partner;reign_number;title_won_date;days_into_reign_at_event;title_defended_same_card;title_lost_same_card;source_ids,N/A,N/A,N/A,N/A,N/A,N/A,N/A,N/A,S251;S252;S833;S898;S1550;S1700
RR2023M,finn-balor,current_champion_title;championship_level;championship_partner;reign_number;title_won_date;days_into_reign_at_event;title_defended_same_card;title_lost_same_card;source_ids,N/A,N/A,N/A,N/A,N/A,N/A,N/A,N/A,S251;S252;S527;S832;S1551;S1700
RR2023M,booker-t,current_champion_title;championship_level;championship_partner;reign_number;title_won_date;days_into_reign_at_event;title_defended_same_card;title_lost_same_card;source_ids,N/A,N/A,N/A,N/A,N/A,N/A,N/A,N/A,S251;S252;S068;S069;S686;S1593;S1700
RR2023M,damian-priest,current_champion_title;championship_level;championship_partner;reign_number;title_won_date;days_into_reign_at_event;title_defended_same_card;title_lost_same_card;source_ids,N/A,N/A,N/A,N/A,N/A,N/A,N/A,N/A,S251;S252;S527;S853;S1553;S1700
RR2023M,montez-ford,current_champion_title;championship_level;championship_partner;reign_number;title_won_date;days_into_reign_at_event;title_defended_same_card;title_lost_same_card;source_ids,N/A,N/A,N/A,N/A,N/A,N/A,N/A,N/A,S251;S252;S527;S858;S1593;S1700
RR2023M,edge,current_champion_title;championship_level;championship_partner;reign_number;title_won_date;days_into_reign_at_event;title_defended_same_card;title_lost_same_card;source_ids,N/A,N/A,N/A,N/A,N/A,N/A,N/A,N/A,S251;S252;S068;S069;S436;S044;S045;S479;S656;S1593;S1700
RR2023M,austin-theory,championship_partner;title_defended_same_card;title_lost_same_card;source_ids,United States Championship,Intercontinental/United States,N/A,2,2022-11-26,63,FALSE,FALSE,S251;S252;S527;S522;S856;S901;S1593;S1700
RR2023M,omos,current_champion_title;championship_level;championship_partner;reign_number;title_won_date;days_into_reign_at_event;title_defended_same_card;title_lost_same_card;source_ids,N/A,N/A,N/A,N/A,N/A,N/A,N/A,N/A,S251;S252;S522;S527;S861;S1593;S1700
RR2023M,braun-strowman,current_champion_title;championship_level;championship_partner;reign_number;title_won_date;days_into_reign_at_event;title_defended_same_card;title_lost_same_card;source_ids,N/A,N/A,N/A,N/A,N/A,N/A,N/A,N/A,S251;S252;S527;S818;S1557;S1700
RR2023M,ricochet,current_champion_title;championship_level;championship_partner;reign_number;title_won_date;days_into_reign_at_event;title_defended_same_card;title_lost_same_card;source_ids,N/A,N/A,N/A,N/A,N/A,N/A,N/A,N/A,S251;S252;S527;S849;S899;S1558;S1700
RR2023M,logan-paul,current_champion_title;championship_level;championship_partner;reign_number;title_won_date;days_into_reign_at_event;title_defended_same_card;title_lost_same_card;source_ids,N/A,N/A,N/A,N/A,N/A,N/A,N/A,N/A,S251;S252;S870;S1559;S1700
RR2023M,cody-rhodes,current_champion_title;championship_level;championship_partner;reign_number;title_won_date;days_into_reign_at_event;title_defended_same_card;title_lost_same_card;source_ids,N/A,N/A,N/A,N/A,N/A,N/A,N/A,N/A,S251;S252;S753;S1560;S1593;S1700
RR2023W,rhea-ripley,current_champion_title;championship_level;championship_partner;reign_number;title_won_date;days_into_reign_at_event;title_defended_same_card;title_lost_same_card;source_ids,N/A,N/A,N/A,N/A,N/A,N/A,N/A,N/A,S260;S261;S527;S945;S1031;S1637;S1700
RR2023W,liv-morgan,current_champion_title;championship_level;championship_partner;reign_number;title_won_date;days_into_reign_at_event;title_defended_same_card;title_lost_same_card;source_ids,N/A,N/A,N/A,N/A,N/A,N/A,N/A,N/A,S260;S261;S913;S1000;S1607;S1700
RR2023W,dana-brooke,current_champion_title;championship_level;championship_partner;reign_number;title_won_date;days_into_reign_at_event;title_defended_same_card;title_lost_same_card;source_ids,N/A,N/A,N/A,N/A,N/A,N/A,N/A,N/A,S260;S261;S910;S997;S1604;S1700
RR2023W,emma,current_champion_title;championship_level;championship_partner;reign_number;title_won_date;days_into_reign_at_event;title_defended_same_card;title_lost_same_card;source_ids,N/A,N/A,N/A,N/A,N/A,N/A,N/A,N/A,S260;S261;S966;S1052;S1680;S1700
RR2023W,shayna-baszler,current_champion_title;championship_level;championship_partner;reign_number;title_won_date;days_into_reign_at_event;title_defended_same_card;title_lost_same_card;source_ids,N/A,N/A,N/A,N/A,N/A,N/A,N/A,N/A,S260;S261;S956;S1042;S1648;S1700
RR2023W,bayley,current_champion_title;championship_level;championship_partner;reign_number;title_won_date;days_into_reign_at_event;title_defended_same_card;title_lost_same_card;source_ids,N/A,N/A,N/A,N/A,N/A,N/A,N/A,N/A,S260;S261;S527;S931;S1018;S1624;S1700
RR2023W,b-fab,current_champion_title;championship_level;championship_partner;reign_number;title_won_date;days_into_reign_at_event;title_defended_same_card;title_lost_same_card;source_ids,N/A,N/A,N/A,N/A,N/A,N/A,N/A,N/A,S260;S261;S527;S967;S1053;S1680;S1700
RR2023W,roxanne-perez,championship_partner;title_defended_same_card;title_lost_same_card;source_ids,NXT Women's Championship,NXT World,N/A,1,2022-12-13,46,FALSE,FALSE,S260;S261;S522;S527;S968;S1054;S1680;S1700
RR2023W,dakota-kai,current_champion_title;championship_level;championship_partner;reign_number;title_won_date;days_into_reign_at_event;title_defended_same_card;title_lost_same_card;source_ids,N/A,N/A,N/A,N/A,N/A,N/A,N/A,N/A,S260;S261;S527;S950;S1036;S1642;S1700
RR2023W,io-shirai,current_champion_title;championship_level;championship_partner;reign_number;title_won_date;days_into_reign_at_event;title_defended_same_card;title_lost_same_card;source_ids,N/A,N/A,N/A,N/A,N/A,N/A,N/A,N/A,S260;S261;S527;S944;S1030;S1636;S1700
RR2023W,natalya,current_champion_title;championship_level;championship_partner;reign_number;title_won_date;days_into_reign_at_event;title_defended_same_card;title_lost_same_card;source_ids,N/A,N/A,N/A,N/A,N/A,N/A,N/A,N/A,S260;S261;S920;S1007;S1613;S1700
RR2023W,candice-lerae,current_champion_title;championship_level;championship_partner;reign_number;title_won_date;days_into_reign_at_event;title_defended_same_card;title_lost_same_card;source_ids,N/A,N/A,N/A,N/A,N/A,N/A,N/A,N/A,S260;S261;S940;S1027;S1633;S1700
RR2023W,zoey-stark,current_champion_title;championship_level;championship_partner;reign_number;title_won_date;days_into_reign_at_event;title_defended_same_card;title_lost_same_card;source_ids,N/A,N/A,N/A,N/A,N/A,N/A,N/A,N/A,S260;S261;S969;S1055;S1680;S1700
RR2023W,xia-li,current_champion_title;championship_level;championship_partner;reign_number;title_won_date;days_into_reign_at_event;title_defended_same_card;title_lost_same_card;source_ids,N/A,N/A,N/A,N/A,N/A,N/A,N/A,N/A,S260;S261;S937;S1024;S1630;S1700
RR2023W,becky-lynch,current_champion_title;championship_level;championship_partner;reign_number;title_won_date;days_into_reign_at_event;title_defended_same_card;title_lost_same_card;source_ids,N/A,N/A,N/A,N/A,N/A,N/A,N/A,N/A,S260;S261;S904;S991;S1598;S1700
RR2023W,tegan-nox,current_champion_title;championship_level;championship_partner;reign_number;title_won_date;days_into_reign_at_event;title_defended_same_card;title_lost_same_card;source_ids,N/A,N/A,N/A,N/A,N/A,N/A,N/A,N/A,S260;S261;S954;S1040;S1646;S1700
RR2023W,asuka,current_champion_title;championship_level;championship_partner;reign_number;title_won_date;days_into_reign_at_event;title_defended_same_card;title_lost_same_card;source_ids,N/A,N/A,N/A,N/A,N/A,N/A,N/A,N/A,S260;S261;S927;S1014;S1620;S1700
RR2023W,piper-niven,current_champion_title;championship_level;championship_partner;reign_number;title_won_date;days_into_reign_at_event;title_defended_same_card;title_lost_same_card;source_ids,N/A,N/A,N/A,N/A,N/A,N/A,N/A,N/A,S260;S261;S970;S1056;S1680;S1700
RR2023W,tamina,current_champion_title;championship_level;championship_partner;reign_number;title_won_date;days_into_reign_at_event;title_defended_same_card;title_lost_same_card;source_ids,N/A,N/A,N/A,N/A,N/A,N/A,N/A,N/A,S260;S261;S909;S996;S1603;S1700
RR2023W,chelsea-green,current_champion_title;championship_level;championship_partner;reign_number;title_won_date;days_into_reign_at_event;title_defended_same_card;title_lost_same_card;source_ids,N/A,N/A,N/A,N/A,N/A,N/A,N/A,N/A,S260;S261;S951;S1037;S1643;S1700
RR2023W,zelina-vega,current_champion_title;championship_level;championship_partner;reign_number;title_won_date;days_into_reign_at_event;title_defended_same_card;title_lost_same_card;source_ids,N/A,N/A,N/A,N/A,N/A,N/A,N/A,N/A,S260;S261;S943;S1075;S1680;S1700
RR2023W,raquel-rodriguez,current_champion_title;championship_level;championship_partner;reign_number;title_won_date;days_into_reign_at_event;title_defended_same_card;title_lost_same_card;source_ids,N/A,N/A,N/A,N/A,N/A,N/A,N/A,N/A,S260;S261;S1057;S971;S1680;S1700
RR2023W,mia-yim,current_champion_title;championship_level;championship_partner;reign_number;title_won_date;days_into_reign_at_event;title_defended_same_card;title_lost_same_card;source_ids,N/A,N/A,N/A,N/A,N/A,N/A,N/A,N/A,S260;S261;S527;S949;S1035;S1641;S1700
RR2023W,lacey-evans,current_champion_title;championship_level;championship_partner;reign_number;title_won_date;days_into_reign_at_event;title_defended_same_card;title_lost_same_card;source_ids,N/A,N/A,N/A,N/A,N/A,N/A,N/A,N/A,S260;S261;S933;S1020;S1626;S1700
RR2023W,michelle-mccool,current_champion_title;championship_level;championship_partner;reign_number;title_won_date;days_into_reign_at_event;title_defended_same_card;title_lost_same_card;source_ids,N/A,N/A,N/A,N/A,N/A,N/A,N/A,N/A,S260;S261;S916;S1003;S1680;S1700
RR2023W,indi-hartwell,current_champion_title;championship_level;championship_partner;reign_number;title_won_date;days_into_reign_at_event;title_defended_same_card;title_lost_same_card;source_ids,N/A,N/A,N/A,N/A,N/A,N/A,N/A,N/A,S260;S261;S972;S1058;S1659;S1700
RR2023W,sonya-deville,current_champion_title;championship_level;championship_partner;reign_number;title_won_date;days_into_reign_at_event;title_defended_same_card;title_lost_same_card;source_ids,N/A,N/A,N/A,N/A,N/A,N/A,N/A,N/A,S260;S261;S912;S999;S1606;S1700
RR2023W,shotzi-blackheart,current_champion_title;championship_level;championship_partner;reign_number;title_won_date;days_into_reign_at_event;title_defended_same_card;title_lost_same_card;source_ids,N/A,N/A,N/A,N/A,N/A,N/A,N/A,N/A,S260;S261;S953;S1039;S1680;S1700
RR2023W,nikki-cross,current_champion_title;championship_level;championship_partner;reign_number;title_won_date;days_into_reign_at_event;title_defended_same_card;title_lost_same_card;source_ids,N/A,N/A,N/A,N/A,N/A,N/A,N/A,N/A,S260;S261;S935;S1022;S1628;S1700
RR2023W,nia-jax,current_champion_title;championship_level;championship_partner;reign_number;title_won_date;days_into_reign_at_event;title_defended_same_card;title_lost_same_card;source_ids,N/A,N/A,N/A,N/A,N/A,N/A,N/A,N/A,S260;S261;S924;S1011;S1680;S1700
RR2024M,jey-uso,current_champion_title;championship_level;championship_partner;reign_number;title_won_date;days_into_reign_at_event;title_defended_same_card;title_lost_same_card;source_ids,N/A,N/A,N/A,N/A,N/A,N/A,N/A,N/A,S270;S271;S272;S790;S1561;S1700
RR2024M,jimmy-uso,current_champion_title;championship_level;championship_partner;reign_number;title_won_date;days_into_reign_at_event;title_defended_same_card;title_lost_same_card;source_ids,N/A,N/A,N/A,N/A,N/A,N/A,N/A,N/A,S270;S271;S272;S802;S1562;S1700
RR2024M,grayson-waller,current_champion_title;championship_level;championship_partner;reign_number;title_won_date;days_into_reign_at_event;title_defended_same_card;title_lost_same_card;source_ids,N/A,N/A,N/A,N/A,N/A,N/A,N/A,N/A,S270;S271;S272;S531;S871;S1594;S1700
RR2024M,andrade,current_champion_title;championship_level;championship_partner;reign_number;title_won_date;days_into_reign_at_event;title_defended_same_card;title_lost_same_card;source_ids,N/A,N/A,N/A,N/A,N/A,N/A,N/A,N/A,S270;S271;S272;S834;S1564;S1700
RR2024M,carmelo-hayes,current_champion_title;championship_level;championship_partner;reign_number;title_won_date;days_into_reign_at_event;title_defended_same_card;title_lost_same_card;source_ids,N/A,N/A,N/A,N/A,N/A,N/A,N/A,N/A,S270;S271;S272;S872;S1565;S1700
RR2024M,shinsuke-nakamura,current_champion_title;championship_level;championship_partner;reign_number;title_won_date;days_into_reign_at_event;title_defended_same_card;title_lost_same_card;source_ids,N/A,N/A,N/A,N/A,N/A,N/A,N/A,N/A,S270;S271;S272;S835;S1566;S1700
RR2024M,santos-escobar,current_champion_title;championship_level;championship_partner;reign_number;title_won_date;days_into_reign_at_event;title_defended_same_card;title_lost_same_card;source_ids,N/A,N/A,N/A,N/A,N/A,N/A,N/A,N/A,S270;S271;S272;S531;S869;S1594;S1700
RR2024M,karrion-kross,current_champion_title;championship_level;championship_partner;reign_number;title_won_date;days_into_reign_at_event;title_defended_same_card;title_lost_same_card;source_ids,N/A,N/A,N/A,N/A,N/A,N/A,N/A,N/A,S270;S271;S272;S531;S528;S868;S1594;S1700
RR2024M,dominik-mysterio,current_champion_title;championship_level;championship_partner;reign_number;title_won_date;days_into_reign_at_event;title_defended_same_card;title_lost_same_card;source_ids,N/A,N/A,N/A,N/A,N/A,N/A,N/A,N/A,S270;S271;S272;S531;S855;S1549;S1700
RR2024M,carlito,current_champion_title;championship_level;championship_partner;reign_number;title_won_date;days_into_reign_at_event;title_defended_same_card;title_lost_same_card;source_ids,N/A,N/A,N/A,N/A,N/A,N/A,N/A,N/A,S270;S271;S272;S531;S733;S1567;S1700
RR2024M,bobby-lashley,current_champion_title;championship_level;championship_partner;reign_number;title_won_date;days_into_reign_at_event;title_defended_same_card;title_lost_same_card;source_ids,N/A,N/A,N/A,N/A,N/A,N/A,N/A,N/A,S270;S271;S272;S531;S732;S1544;S1700
RR2024M,ludwig-kaiser,current_champion_title;championship_level;championship_partner;reign_number;title_won_date;days_into_reign_at_event;title_defended_same_card;title_lost_same_card;source_ids,N/A,N/A,N/A,N/A,N/A,N/A,N/A,N/A,S270;S271;S272;S531;S873;S1594;S1700
RR2024M,austin-theory,current_champion_title;championship_level;championship_partner;reign_number;title_won_date;days_into_reign_at_event;title_defended_same_card;title_lost_same_card;source_ids,N/A,N/A,N/A,N/A,N/A,N/A,N/A,N/A,S270;S271;S272;S531;S856;S901;S1594;S1700
RR2024M,finn-balor,reign_number;title_defended_same_card;title_lost_same_card;source_ids,Undisputed WWE Tag Team Championship,Tag Team,damian-priest,2,2023-10-16,103,FALSE,FALSE,S270;S271;S272;S274;S275;S531;S832;S1551;S1700;S1704
RR2024M,cody-rhodes,current_champion_title;championship_level;championship_partner;reign_number;title_won_date;days_into_reign_at_event;title_defended_same_card;title_lost_same_card;source_ids,N/A,N/A,N/A,N/A,N/A,N/A,N/A,N/A,S270;S271;S272;S753;S1560;S1594;S1700
RR2024M,bronson-reed,current_champion_title;championship_level;championship_partner;reign_number;title_won_date;days_into_reign_at_event;title_defended_same_card;title_lost_same_card;source_ids,N/A,N/A,N/A,N/A,N/A,N/A,N/A,N/A,S270;S271;S272;S874;S1594;S1700
RR2024M,kofi-kingston,current_champion_title;championship_level;championship_partner;reign_number;title_won_date;days_into_reign_at_event;title_defended_same_card;title_lost_same_card;source_ids,N/A,N/A,N/A,N/A,N/A,N/A,N/A,N/A,S270;S271;S272;S531;S760;S1536;S1700
RR2024M,gunther,championship_partner;reign_number;title_defended_same_card;title_lost_same_card;source_ids,Intercontinental Championship,Intercontinental/United States,N/A,1,2022-06-10,596,FALSE,FALSE,S270;S271;S272;S274;S275;S531;S867;S1594;S1700
RR2024M,ivar,current_champion_title;championship_level;championship_partner;reign_number;title_won_date;days_into_reign_at_event;title_defended_same_card;title_lost_same_card;source_ids,N/A,N/A,N/A,N/A,N/A,N/A,N/A,N/A,S270;S271;S272;S875;S1594;S1700
RR2024M,bron-breakker,current_champion_title;championship_level;championship_partner;reign_number;title_won_date;days_into_reign_at_event;title_defended_same_card;title_lost_same_card;source_ids,N/A,N/A,N/A,N/A,N/A,N/A,N/A,N/A,S270;S271;S272;S876;S1569;S1700
RR2024M,omos,current_champion_title;championship_level;championship_partner;reign_number;title_won_date;days_into_reign_at_event;title_defended_same_card;title_lost_same_card;source_ids,N/A,N/A,N/A,N/A,N/A,N/A,N/A,N/A,S270;S271;S272;S528;S531;S861;S1594;S1700
RR2024M,pat-mcafee,current_champion_title;championship_level;championship_partner;reign_number;title_won_date;days_into_reign_at_event;title_defended_same_card;title_lost_same_card;source_ids,N/A,N/A,N/A,N/A,N/A,N/A,N/A,N/A,S270;S271;S272;S877;S1570;S1700
RR2024M,jd-mcdonagh,current_champion_title;championship_level;championship_partner;reign_number;title_won_date;days_into_reign_at_event;title_defended_same_card;title_lost_same_card;source_ids,N/A,N/A,N/A,N/A,N/A,N/A,N/A,N/A,S270;S271;S272;S531;S878;S1594;S1700
RR2024M,r-truth,current_champion_title;championship_level;championship_partner;reign_number;title_won_date;days_into_reign_at_event;title_defended_same_card;title_lost_same_card;source_ids,N/A,N/A,N/A,N/A,N/A,N/A,N/A,N/A,S270;S271;S272;S761;S1594;S1700
RR2024M,the-miz,current_champion_title;championship_level;championship_partner;reign_number;title_won_date;days_into_reign_at_event;title_defended_same_card;title_lost_same_card;source_ids,N/A,N/A,N/A,N/A,N/A,N/A,N/A,N/A,S270;S271;S272;S749;S1535;S1700
RR2024M,damian-priest,reign_number;title_defended_same_card;title_lost_same_card;source_ids,Undisputed WWE Tag Team Championship,Tag Team,finn-balor,2,2023-10-16,103,FALSE,FALSE,S270;S271;S272;S274;S275;S531;S853;S1553;S1700;S1704
RR2024M,cm-punk,current_champion_title;championship_level;championship_partner;reign_number;title_won_date;days_into_reign_at_event;title_defended_same_card;title_lost_same_card;source_ids,N/A,N/A,N/A,N/A,N/A,N/A,N/A,N/A,S270;S271;S272;S744;S1594;S1700
RR2024M,ricochet,current_champion_title;championship_level;championship_partner;reign_number;title_won_date;days_into_reign_at_event;title_defended_same_card;title_lost_same_card;source_ids,N/A,N/A,N/A,N/A,N/A,N/A,N/A,N/A,S270;S271;S272;S849;S899;S1558;S1700
RR2024M,drew-mcintyre,current_champion_title;championship_level;championship_partner;reign_number;title_won_date;days_into_reign_at_event;title_defended_same_card;title_lost_same_card;source_ids,N/A,N/A,N/A,N/A,N/A,N/A,N/A,N/A,S270;S271;S272;S778;S1594;S1700
RR2024M,sami-zayn,current_champion_title;championship_level;championship_partner;reign_number;title_won_date;days_into_reign_at_event;title_defended_same_card;title_lost_same_card;source_ids,N/A,N/A,N/A,N/A,N/A,N/A,N/A,N/A,S270;S271;S272;S820;S1573;S1700
RR2024W,natalya,current_champion_title;championship_level;championship_partner;reign_number;title_won_date;days_into_reign_at_event;title_defended_same_card;title_lost_same_card;source_ids,N/A,N/A,N/A,N/A,N/A,N/A,N/A,N/A,S292;S293;S294;S920;S1007;S1613;S1700
RR2024W,naomi,current_champion_title;championship_level;championship_partner;reign_number;title_won_date;days_into_reign_at_event;title_defended_same_card;title_lost_same_card;source_ids,N/A,N/A,N/A,N/A,N/A,N/A,N/A,N/A,S292;S293;S294;S922;S1009;S1615;S1700
RR2024W,bayley,current_champion_title;championship_level;championship_partner;reign_number;title_won_date;days_into_reign_at_event;title_defended_same_card;title_lost_same_card;source_ids,N/A,N/A,N/A,N/A,N/A,N/A,N/A,N/A,S292;S293;S294;S531;S931;S1018;S1624;S1700
RR2024W,candice-lerae,current_champion_title;championship_level;championship_partner;reign_number;title_won_date;days_into_reign_at_event;title_defended_same_card;title_lost_same_card;source_ids,N/A,N/A,N/A,N/A,N/A,N/A,N/A,N/A,S292;S293;S294;S531;S940;S1027;S1633;S1700
RR2024W,jordynne-grace,championship_partner;reign_number;title_defended_same_card;title_lost_same_card;source_ids,TNA Knockouts World Championship,World,N/A,3,2024-01-13,14,FALSE,FALSE,S292;S293;S294;S296;S297;S973;S1059;S1681;S1700
RR2024W,indi-hartwell,current_champion_title;championship_level;championship_partner;reign_number;title_won_date;days_into_reign_at_event;title_defended_same_card;title_lost_same_card;source_ids,N/A,N/A,N/A,N/A,N/A,N/A,N/A,N/A,S292;S293;S294;S531;S972;S1058;S1659;S1700
RR2024W,asuka,reign_number;title_defended_same_card;title_lost_same_card;source_ids,WWE Women's Tag Team Championship,Tag Team,kairi-sane,4,2024-01-26,1,FALSE,FALSE,S292;S293;S294;S296;S297;S531;S927;S1014;S1620;S1700
RR2024W,ivy-nile,current_champion_title;championship_level;championship_partner;reign_number;title_won_date;days_into_reign_at_event;title_defended_same_card;title_lost_same_card;source_ids,N/A,N/A,N/A,N/A,N/A,N/A,N/A,N/A,S292;S293;S294;S531;S974;S1060;S1661;S1700
RR2024W,kacy-catanzaro,current_champion_title;championship_level;championship_partner;reign_number;title_won_date;days_into_reign_at_event;title_defended_same_card;title_lost_same_card;source_ids,N/A,N/A,N/A,N/A,N/A,N/A,N/A,N/A,S292;S293;S294;S531;S942;S1029;S1681;S1700
RR2024W,bianca-belair,current_champion_title;championship_level;championship_partner;reign_number;title_won_date;days_into_reign_at_event;title_defended_same_card;title_lost_same_card;source_ids,N/A,N/A,N/A,N/A,N/A,N/A,N/A,N/A,S292;S293;S294;S947;S1033;S1681;S1700
RR2024W,kairi-sane,reign_number;title_defended_same_card;title_lost_same_card;source_ids,WWE Women's Tag Team Championship,Tag Team,asuka,2,2024-01-26,1,FALSE,FALSE,S292;S293;S294;S296;S297;S531;S908;S995;S1602;S1700
RR2024W,tegan-nox,current_champion_title;championship_level;championship_partner;reign_number;title_won_date;days_into_reign_at_event;title_defended_same_card;title_lost_same_card;source_ids,N/A,N/A,N/A,N/A,N/A,N/A,N/A,N/A,S292;S293;S294;S954;S1040;S1681;S1700
RR2024W,kayden-carter,current_champion_title;championship_level;championship_partner;reign_number;title_won_date;days_into_reign_at_event;title_defended_same_card;title_lost_same_card;source_ids,N/A,N/A,N/A,N/A,N/A,N/A,N/A,N/A,S292;S293;S294;S531;S975;S1061;S1681;S1700
RR2024W,chelsea-green,current_champion_title;championship_level;championship_partner;reign_number;title_won_date;days_into_reign_at_event;title_defended_same_card;title_lost_same_card;source_ids,N/A,N/A,N/A,N/A,N/A,N/A,N/A,N/A,S292;S293;S294;S531;S951;S1037;S1643;S1700
RR2024W,piper-niven,current_champion_title;championship_level;championship_partner;reign_number;title_won_date;days_into_reign_at_event;title_defended_same_card;title_lost_same_card;source_ids,N/A,N/A,N/A,N/A,N/A,N/A,N/A,N/A,S292;S293;S294;S531;S970;S1056;S1681;S1700
RR2024W,xia-li,current_champion_title;championship_level;championship_partner;reign_number;title_won_date;days_into_reign_at_event;title_defended_same_card;title_lost_same_card;source_ids,N/A,N/A,N/A,N/A,N/A,N/A,N/A,N/A,S292;S293;S294;S937;S1024;S1630;S1700
RR2024W,zelina-vega,current_champion_title;championship_level;championship_partner;reign_number;title_won_date;days_into_reign_at_event;title_defended_same_card;title_lost_same_card;source_ids,N/A,N/A,N/A,N/A,N/A,N/A,N/A,N/A,S292;S293;S294;S531;S943;S1075;S1681;S1700
RR2024W,maxxine-dupri,current_champion_title;championship_level;championship_partner;reign_number;title_won_date;days_into_reign_at_event;title_defended_same_card;title_lost_same_card;source_ids,N/A,N/A,N/A,N/A,N/A,N/A,N/A,N/A,S292;S293;S294;S531;S976;S1062;S1663;S1700
RR2024W,nia-jax,current_champion_title;championship_level;championship_partner;reign_number;title_won_date;days_into_reign_at_event;title_defended_same_card;title_lost_same_card;source_ids,N/A,N/A,N/A,N/A,N/A,N/A,N/A,N/A,S292;S293;S294;S924;S1011;S1681;S1700
RR2024W,shotzi-blackheart,current_champion_title;championship_level;championship_partner;reign_number;title_won_date;days_into_reign_at_event;title_defended_same_card;title_lost_same_card;source_ids,N/A,N/A,N/A,N/A,N/A,N/A,N/A,N/A,S292;S293;S294;S953;S1039;S1681;S1700
RR2024W,becky-lynch,current_champion_title;championship_level;championship_partner;reign_number;title_won_date;days_into_reign_at_event;title_defended_same_card;title_lost_same_card;source_ids,N/A,N/A,N/A,N/A,N/A,N/A,N/A,N/A,S292;S293;S294;S904;S991;S1598;S1700
RR2024W,alba-fyre,current_champion_title;championship_level;championship_partner;reign_number;title_won_date;days_into_reign_at_event;title_defended_same_card;title_lost_same_card;source_ids,N/A,N/A,N/A,N/A,N/A,N/A,N/A,N/A,S292;S293;S294;S977;S1681;S1700
RR2024W,shayna-baszler,current_champion_title;championship_level;championship_partner;reign_number;title_won_date;days_into_reign_at_event;title_defended_same_card;title_lost_same_card;source_ids,N/A,N/A,N/A,N/A,N/A,N/A,N/A,N/A,S292;S293;S294;S956;S1042;S1648;S1700
RR2024W,sarah-logan,current_champion_title;championship_level;championship_partner;reign_number;title_won_date;days_into_reign_at_event;title_defended_same_card;title_lost_same_card;source_ids,N/A,N/A,N/A,N/A,N/A,N/A,N/A,N/A,S292;S293;S294;S531;S905;S992;S1074;S1599;S1700
RR2024W,mia-yim,current_champion_title;championship_level;championship_partner;reign_number;title_won_date;days_into_reign_at_event;title_defended_same_card;title_lost_same_card;source_ids,N/A,N/A,N/A,N/A,N/A,N/A,N/A,N/A,S292;S293;S294;S531;S949;S1035;S1641;S1700
RR2024W,zoey-stark,current_champion_title;championship_level;championship_partner;reign_number;title_won_date;days_into_reign_at_event;title_defended_same_card;title_lost_same_card;source_ids,N/A,N/A,N/A,N/A,N/A,N/A,N/A,N/A,S292;S293;S294;S969;S1055;S1681;S1700
RR2024W,roxanne-perez,current_champion_title;championship_level;championship_partner;reign_number;title_won_date;days_into_reign_at_event;title_defended_same_card;title_lost_same_card;source_ids,N/A,N/A,N/A,N/A,N/A,N/A,N/A,N/A,S292;S293;S294;S968;S1054;S1681;S1700
RR2024W,jade-cargill,current_champion_title;championship_level;championship_partner;reign_number;title_won_date;days_into_reign_at_event;title_defended_same_card;title_lost_same_card;source_ids,N/A,N/A,N/A,N/A,N/A,N/A,N/A,N/A,S292;S293;S294;S978;S1063;S1664;S1700
RR2024W,tiffany-stratton,current_champion_title;championship_level;championship_partner;reign_number;title_won_date;days_into_reign_at_event;title_defended_same_card;title_lost_same_card;source_ids,N/A,N/A,N/A,N/A,N/A,N/A,N/A,N/A,S292;S293;S294;S979;S1064;S1665;S1700
RR2024W,liv-morgan,current_champion_title;championship_level;championship_partner;reign_number;title_won_date;days_into_reign_at_event;title_defended_same_card;title_lost_same_card;source_ids,N/A,N/A,N/A,N/A,N/A,N/A,N/A,N/A,S292;S293;S294;S913;S1000;S1607;S1700
RR2025M,rey-mysterio,current_champion_title;championship_level;championship_partner;reign_number;title_won_date;days_into_reign_at_event;title_defended_same_card;title_lost_same_card;source_ids,N/A,N/A,N/A,N/A,N/A,N/A,N/A,N/A,S314;S317;S316;S068;S069;S436;S695;S1595;S1700
RR2025M,penta,current_champion_title;championship_level;championship_partner;reign_number;title_won_date;days_into_reign_at_event;title_defended_same_card;title_lost_same_card;source_ids,N/A,N/A,N/A,N/A,N/A,N/A,N/A,N/A,S314;S317;S316;S879;S1595;S1700
RR2025M,chad-gable,current_champion_title;championship_level;championship_partner;reign_number;title_won_date;days_into_reign_at_event;title_defended_same_card;title_lost_same_card;source_ids,N/A,N/A,N/A,N/A,N/A,N/A,N/A,N/A,S314;S317;S316;S532;S529;S862;S1539;S1700
RR2025M,carmelo-hayes,current_champion_title;championship_level;championship_partner;reign_number;title_won_date;days_into_reign_at_event;title_defended_same_card;title_lost_same_card;source_ids,N/A,N/A,N/A,N/A,N/A,N/A,N/A,N/A,S314;S317;S316;S872;S1565;S1700
RR2025M,santos-escobar,current_champion_title;championship_level;championship_partner;reign_number;title_won_date;days_into_reign_at_event;title_defended_same_card;title_lost_same_card;source_ids,N/A,N/A,N/A,N/A,N/A,N/A,N/A,N/A,S314;S317;S316;S532;S869;S1595;S1700
RR2025M,otis,current_champion_title;championship_level;championship_partner;reign_number;title_won_date;days_into_reign_at_event;title_defended_same_card;title_lost_same_card;source_ids,N/A,N/A,N/A,N/A,N/A,N/A,N/A,N/A,S314;S317;S316;S532;S854;S1595;S1700
RR2025M,bron-breakker,championship_partner;reign_number;title_defended_same_card;title_lost_same_card;source_ids,Intercontinental Championship,Intercontinental/United States,N/A,2,2024-10-21,103,FALSE,FALSE,S314;S317;S316;S320;S321;S322;S876;S1569;S1700
RR2025M,ishowspeed,current_champion_title;championship_level;championship_partner;reign_number;title_won_date;days_into_reign_at_event;title_defended_same_card;title_lost_same_card;source_ids,N/A,N/A,N/A,N/A,N/A,N/A,N/A,N/A,S314;S317;S316;S880;S1595;S1574;S1700
RR2025M,sheamus,current_champion_title;championship_level;championship_partner;reign_number;title_won_date;days_into_reign_at_event;title_defended_same_card;title_lost_same_card;source_ids,N/A,N/A,N/A,N/A,N/A,N/A,N/A,N/A,S314;S317;S316;S776;S1595;S1700
RR2025M,jimmy-uso,current_champion_title;championship_level;championship_partner;reign_number;title_won_date;days_into_reign_at_event;title_defended_same_card;title_lost_same_card;source_ids,N/A,N/A,N/A,N/A,N/A,N/A,N/A,N/A,S314;S317;S316;S802;S1562;S1700
RR2025M,andrade,current_champion_title;championship_level;championship_partner;reign_number;title_won_date;days_into_reign_at_event;title_defended_same_card;title_lost_same_card;source_ids,N/A,N/A,N/A,N/A,N/A,N/A,N/A,N/A,S314;S317;S316;S834;S1564;S1700
RR2025M,jacob-fatu,current_champion_title;championship_level;championship_partner;reign_number;title_won_date;days_into_reign_at_event;title_defended_same_card;title_lost_same_card;source_ids,N/A,N/A,N/A,N/A,N/A,N/A,N/A,N/A,S314;S317;S316;S532;S529;S881;S1575;S1700
RR2025M,ludwig-kaiser,current_champion_title;championship_level;championship_partner;reign_number;title_won_date;days_into_reign_at_event;title_defended_same_card;title_lost_same_card;source_ids,N/A,N/A,N/A,N/A,N/A,N/A,N/A,N/A,S314;S317;S316;S873;S1595;S1700
RR2025M,the-miz,current_champion_title;championship_level;championship_partner;reign_number;title_won_date;days_into_reign_at_event;title_defended_same_card;title_lost_same_card;source_ids,N/A,N/A,N/A,N/A,N/A,N/A,N/A,N/A,S314;S317;S316;S749;S1595;S1700
RR2025M,joe-hendry,championship_partner;reign_number;title_defended_same_card;title_lost_same_card;source_ids,TNA World Championship,World,N/A,1,2025-01-19,13,FALSE,FALSE,S314;S317;S316;S320;S321;S322;S882;S1595;S1700
RR2025M,roman-reigns,current_champion_title;championship_level;championship_partner;reign_number;title_won_date;days_into_reign_at_event;title_defended_same_card;title_lost_same_card;source_ids,N/A,N/A,N/A,N/A,N/A,N/A,N/A,N/A,S314;S317;S316;S804;S1577;S1700
RR2025M,drew-mcintyre,current_champion_title;championship_level;championship_partner;reign_number;title_won_date;days_into_reign_at_event;title_defended_same_card;title_lost_same_card;source_ids,N/A,N/A,N/A,N/A,N/A,N/A,N/A,N/A,S314;S317;S316;S778;S1595;S1700
RR2025M,finn-balor,current_champion_title;championship_level;championship_partner;reign_number;title_won_date;days_into_reign_at_event;title_defended_same_card;title_lost_same_card;source_ids,N/A,N/A,N/A,N/A,N/A,N/A,N/A,N/A,S314;S317;S316;S532;S832;S1551;S1700
RR2025M,shinsuke-nakamura,championship_partner;reign_number;title_defended_same_card;title_lost_same_card;source_ids,United States Championship,Intercontinental/United States,N/A,3,2024-11-30,63,FALSE,FALSE,S314;S317;S316;S320;S321;S322;S835;S1566;S1700
RR2025M,jey-uso,current_champion_title;championship_level;championship_partner;reign_number;title_won_date;days_into_reign_at_event;title_defended_same_card;title_lost_same_card;source_ids,N/A,N/A,N/A,N/A,N/A,N/A,N/A,N/A,S314;S317;S316;S790;S1561;S1700
RR2025M,aj-styles,current_champion_title;championship_level;championship_partner;reign_number;title_won_date;days_into_reign_at_event;title_defended_same_card;title_lost_same_card;source_ids,N/A,N/A,N/A,N/A,N/A,N/A,N/A,N/A,S314;S317;S316;S815;S1578;S1700
RR2025M,braun-strowman,current_champion_title;championship_level;championship_partner;reign_number;title_won_date;days_into_reign_at_event;title_defended_same_card;title_lost_same_card;source_ids,N/A,N/A,N/A,N/A,N/A,N/A,N/A,N/A,S314;S317;S316;S818;S1557;S1700
RR2025M,john-cena,current_champion_title;championship_level;championship_partner;reign_number;title_won_date;days_into_reign_at_event;title_defended_same_card;title_lost_same_card;source_ids,N/A,N/A,N/A,N/A,N/A,N/A,N/A,N/A,S314;S317;S316;S068;S069;S494;S490;S702;S1579;S1700
RR2025M,cm-punk,current_champion_title;championship_level;championship_partner;reign_number;title_won_date;days_into_reign_at_event;title_defended_same_card;title_lost_same_card;source_ids,N/A,N/A,N/A,N/A,N/A,N/A,N/A,N/A,S314;S317;S316;S744;S1595;S1700
RR2025M,seth-rollins,current_champion_title;championship_level;championship_partner;reign_number;title_won_date;days_into_reign_at_event;title_defended_same_card;title_lost_same_card;source_ids,N/A,N/A,N/A,N/A,N/A,N/A,N/A,N/A,S314;S317;S316;S800;S1546;S1700
RR2025M,dominik-mysterio,current_champion_title;championship_level;championship_partner;reign_number;title_won_date;days_into_reign_at_event;title_defended_same_card;title_lost_same_card;source_ids,N/A,N/A,N/A,N/A,N/A,N/A,N/A,N/A,S314;S317;S316;S532;S855;S1549;S1700
RR2025M,sami-zayn,current_champion_title;championship_level;championship_partner;reign_number;title_won_date;days_into_reign_at_event;title_defended_same_card;title_lost_same_card;source_ids,N/A,N/A,N/A,N/A,N/A,N/A,N/A,N/A,S314;S317;S316;S820;S1573;S1700
RR2025M,damian-priest,current_champion_title;championship_level;championship_partner;reign_number;title_won_date;days_into_reign_at_event;title_defended_same_card;title_lost_same_card;source_ids,N/A,N/A,N/A,N/A,N/A,N/A,N/A,N/A,S314;S317;S316;S853;S1553;S1700
RR2025M,la-knight,current_champion_title;championship_level;championship_partner;reign_number;title_won_date;days_into_reign_at_event;title_defended_same_card;title_lost_same_card;source_ids,N/A,N/A,N/A,N/A,N/A,N/A,N/A,N/A,S314;S317;S316;S883;S1595;S1700
RR2025M,logan-paul,current_champion_title;championship_level;championship_partner;reign_number;title_won_date;days_into_reign_at_event;title_defended_same_card;title_lost_same_card;source_ids,N/A,N/A,N/A,N/A,N/A,N/A,N/A,N/A,S314;S317;S316;S870;S1559;S1700
RR2025M,akira-tozawa,current_champion_title;championship_level;championship_partner;reign_number;title_won_date;days_into_reign_at_event;title_defended_same_card;title_lost_same_card;source_ids,N/A,N/A,N/A,N/A,N/A,N/A,N/A,N/A,S314;S317;S316;S532;S884;S1595;S1700
RR2025W,io-shirai,current_champion_title;championship_level;championship_partner;reign_number;title_won_date;days_into_reign_at_event;title_defended_same_card;title_lost_same_card;source_ids,N/A,N/A,N/A,N/A,N/A,N/A,N/A,N/A,S337;S340;S339;S944;S1030;S1682;S1700
RR2025W,liv-morgan,current_champion_title;championship_level;championship_partner;reign_number;title_won_date;days_into_reign_at_event;title_defended_same_card;title_lost_same_card;source_ids,N/A,N/A,N/A,N/A,N/A,N/A,N/A,N/A,S337;S340;S339;S532;S913;S1000;S1682;S1700
RR2025W,roxanne-perez,current_champion_title;championship_level;championship_partner;reign_number;title_won_date;days_into_reign_at_event;title_defended_same_card;title_lost_same_card;source_ids,N/A,N/A,N/A,N/A,N/A,N/A,N/A,N/A,S337;S340;S339;S968;S1054;S1682;S1700
RR2025W,lyra-valkyria,championship_partner;reign_number;title_defended_same_card;title_lost_same_card;source_ids,Women's Intercontinental Championship,Intercontinental/United States,N/A,1,2025-01-13,19,FALSE,FALSE,S337;S340;S339;S356;S357;S358;S359;S360;S361;S362;S980;S1682;S1700
RR2025W,chelsea-green,championship_partner;reign_number;title_defended_same_card;title_lost_same_card;source_ids,Women's United States Championship,Intercontinental/United States,N/A,1,2024-12-14,49,FALSE,FALSE,S337;S340;S339;S356;S357;S358;S359;S360;S361;S362;S532;S951;S1037;S1643;S1700
RR2025W,b-fab,current_champion_title;championship_level;championship_partner;reign_number;title_won_date;days_into_reign_at_event;title_defended_same_card;title_lost_same_card;source_ids,N/A,N/A,N/A,N/A,N/A,N/A,N/A,N/A,S337;S340;S339;S532;S967;S1053;S1682;S1700
RR2025W,ivy-nile,current_champion_title;championship_level;championship_partner;reign_number;title_won_date;days_into_reign_at_event;title_defended_same_card;title_lost_same_card;source_ids,N/A,N/A,N/A,N/A,N/A,N/A,N/A,N/A,S337;S340;S339;S974;S1060;S1682;S1700
RR2025W,zoey-stark,current_champion_title;championship_level;championship_partner;reign_number;title_won_date;days_into_reign_at_event;title_defended_same_card;title_lost_same_card;source_ids,N/A,N/A,N/A,N/A,N/A,N/A,N/A,N/A,S337;S340;S339;S532;S969;S1055;S1682;S1700
RR2025W,lash-legend,current_champion_title;championship_level;championship_partner;reign_number;title_won_date;days_into_reign_at_event;title_defended_same_card;title_lost_same_card;source_ids,N/A,N/A,N/A,N/A,N/A,N/A,N/A,N/A,S337;S340;S339;S532;S981;S1065;S1666;S1700
RR2025W,bianca-belair,reign_number;title_defended_same_card;title_lost_same_card;source_ids,WWE Women's Tag Team Championship,Tag Team,naomi,2,2024-08-31,154,FALSE,FALSE,S337;S340;S339;S356;S357;S358;S359;S360;S361;S362;S532;S947;S1033;S1682;S1700
RR2025W,shayna-baszler,current_champion_title;championship_level;championship_partner;reign_number;title_won_date;days_into_reign_at_event;title_defended_same_card;title_lost_same_card;source_ids,N/A,N/A,N/A,N/A,N/A,N/A,N/A,N/A,S337;S340;S339;S532;S956;S1042;S1682;S1700
RR2025W,bayley,current_champion_title;championship_level;championship_partner;reign_number;title_won_date;days_into_reign_at_event;title_defended_same_card;title_lost_same_card;source_ids,N/A,N/A,N/A,N/A,N/A,N/A,N/A,N/A,S337;S340;S339;S931;S1018;S1624;S1700
RR2025W,sonya-deville,current_champion_title;championship_level;championship_partner;reign_number;title_won_date;days_into_reign_at_event;title_defended_same_card;title_lost_same_card;source_ids,N/A,N/A,N/A,N/A,N/A,N/A,N/A,N/A,S337;S340;S339;S532;S912;S999;S1606;S1700
RR2025W,maxxine-dupri,current_champion_title;championship_level;championship_partner;reign_number;title_won_date;days_into_reign_at_event;title_defended_same_card;title_lost_same_card;source_ids,N/A,N/A,N/A,N/A,N/A,N/A,N/A,N/A,S337;S340;S339;S976;S1062;S1663;S1700
RR2025W,naomi,reign_number;title_defended_same_card;title_lost_same_card;source_ids,WWE Women's Tag Team Championship,Tag Team,bianca-belair,2,2024-12-20,43,FALSE,FALSE,S337;S340;S339;S356;S357;S358;S359;S360;S361;S362;S532;S922;S1009;S1615;S1700
RR2025W,jaida-parker,current_champion_title;championship_level;championship_partner;reign_number;title_won_date;days_into_reign_at_event;title_defended_same_card;title_lost_same_card;source_ids,N/A,N/A,N/A,N/A,N/A,N/A,N/A,N/A,S337;S340;S339;S982;S1066;S1667;S1700
RR2025W,piper-niven,current_champion_title;championship_level;championship_partner;reign_number;title_won_date;days_into_reign_at_event;title_defended_same_card;title_lost_same_card;source_ids,N/A,N/A,N/A,N/A,N/A,N/A,N/A,N/A,S337;S340;S339;S532;S970;S1056;S1682;S1700
RR2025W,natalya,current_champion_title;championship_level;championship_partner;reign_number;title_won_date;days_into_reign_at_event;title_defended_same_card;title_lost_same_card;source_ids,N/A,N/A,N/A,N/A,N/A,N/A,N/A,N/A,S337;S340;S339;S920;S1007;S1613;S1700
RR2025W,jordynne-grace,current_champion_title;championship_level;championship_partner;reign_number;title_won_date;days_into_reign_at_event;title_defended_same_card;title_lost_same_card;source_ids,N/A,N/A,N/A,N/A,N/A,N/A,N/A,N/A,S337;S340;S339;S973;S1059;S1682;S1700
RR2025W,mia-yim,current_champion_title;championship_level;championship_partner;reign_number;title_won_date;days_into_reign_at_event;title_defended_same_card;title_lost_same_card;source_ids,N/A,N/A,N/A,N/A,N/A,N/A,N/A,N/A,S337;S340;S339;S532;S949;S1035;S1641;S1700
RR2025W,alexa-bliss,current_champion_title;championship_level;championship_partner;reign_number;title_won_date;days_into_reign_at_event;title_defended_same_card;title_lost_same_card;source_ids,N/A,N/A,N/A,N/A,N/A,N/A,N/A,N/A,S337;S340;S339;S946;S1032;S1682;S1700
RR2025W,zelina-vega,current_champion_title;championship_level;championship_partner;reign_number;title_won_date;days_into_reign_at_event;title_defended_same_card;title_lost_same_card;source_ids,N/A,N/A,N/A,N/A,N/A,N/A,N/A,N/A,S337;S340;S339;S943;S1075;S1682;S1700
RR2025W,candice-lerae,championship_partner;reign_number;title_defended_same_card;title_lost_same_card;source_ids,WWE Women's Speed Championship,Other,N/A,1,2024-10-04,120,FALSE,FALSE,S337;S340;S339;S356;S357;S358;S359;S360;S361;S362;S940;S1027;S1633;S1700
RR2025W,stephanie-vaquer,current_champion_title;championship_level;championship_partner;reign_number;title_won_date;days_into_reign_at_event;title_defended_same_card;title_lost_same_card;source_ids,N/A,N/A,N/A,N/A,N/A,N/A,N/A,N/A,S337;S340;S339;S983;S1067;S1682;S1700
RR2025W,trish-stratus,current_champion_title;championship_level;championship_partner;reign_number;title_won_date;days_into_reign_at_event;title_defended_same_card;title_lost_same_card;source_ids,N/A,N/A,N/A,N/A,N/A,N/A,N/A,N/A,S337;S340;S339;S932;S1019;S1625;S1700
RR2025W,raquel-rodriguez,current_champion_title;championship_level;championship_partner;reign_number;title_won_date;days_into_reign_at_event;title_defended_same_card;title_lost_same_card;source_ids,N/A,N/A,N/A,N/A,N/A,N/A,N/A,N/A,S337;S340;S339;S532;S1057;S971;S1682;S1700
RR2025W,charlotte-flair,current_champion_title;championship_level;championship_partner;reign_number;title_won_date;days_into_reign_at_event;title_defended_same_card;title_lost_same_card;source_ids,N/A,N/A,N/A,N/A,N/A,N/A,N/A,N/A,S337;S340;S339;S938;S1025;S1631;S1700
RR2025W,giulia,championship_partner;reign_number;title_defended_same_card;title_lost_same_card;source_ids,NXT Women's Championship,NXT,N/A,1,2025-01-07,25,FALSE,FALSE,S337;S340;S339;S356;S357;S358;S359;S360;S361;S362;S984;S1068;S1669;S1700
RR2025W,nia-jax,current_champion_title;championship_level;championship_partner;reign_number;title_won_date;days_into_reign_at_event;title_defended_same_card;title_lost_same_card;source_ids,N/A,N/A,N/A,N/A,N/A,N/A,N/A,N/A,S337;S340;S339;S924;S1011;S1682;S1700
RR2025W,nikki-bella,current_champion_title;championship_level;championship_partner;reign_number;title_won_date;days_into_reign_at_event;title_defended_same_card;title_lost_same_card;source_ids,N/A,N/A,N/A,N/A,N/A,N/A,N/A,N/A,S337;S340;S339;S929;S1016;S1622;S1700
RR2026M,oba-femi,current_champion_title;championship_level;championship_partner;reign_number;title_won_date;days_into_reign_at_event;title_defended_same_card;title_lost_same_card;source_ids,N/A,N/A,N/A,N/A,N/A,N/A,N/A,N/A,S363;S364;S365;S366;S885;S1596;S1700
RR2026M,bron-breakker,current_champion_title;championship_level;championship_partner;reign_number;title_won_date;days_into_reign_at_event;title_defended_same_card;title_lost_same_card;source_ids,N/A,N/A,N/A,N/A,N/A,N/A,N/A,N/A,S363;S364;S365;S366;S533;S876;S1596;S1700
RR2026M,solo-sikoa,current_champion_title;championship_level;championship_partner;reign_number;title_won_date;days_into_reign_at_event;title_defended_same_card;title_lost_same_card;source_ids,N/A,N/A,N/A,N/A,N/A,N/A,N/A,N/A,S363;S364;S365;S366;S533;S886;S1583;S1700
RR2026M,rey-mysterio,current_champion_title;championship_level;championship_partner;reign_number;title_won_date;days_into_reign_at_event;title_defended_same_card;title_lost_same_card;source_ids,N/A,N/A,N/A,N/A,N/A,N/A,N/A,N/A,S363;S364;S365;S366;S068;S069;S436;S695;S1596;S1700
RR2026M,rusev,current_champion_title;championship_level;championship_partner;reign_number;title_won_date;days_into_reign_at_event;title_defended_same_card;title_lost_same_card;source_ids,N/A,N/A,N/A,N/A,N/A,N/A,N/A,N/A,S363;S364;S365;S366;S801;S1596;S1700
RR2026M,zack-ryder,current_champion_title;championship_level;championship_partner;reign_number;title_won_date;days_into_reign_at_event;title_defended_same_card;title_lost_same_card;source_ids,N/A,N/A,N/A,N/A,N/A,N/A,N/A,N/A,S363;S364;S365;S366;S533;S766;S1596;S1700
RR2026M,damian-priest,current_champion_title;championship_level;championship_partner;reign_number;title_won_date;days_into_reign_at_event;title_defended_same_card;title_lost_same_card;source_ids,N/A,N/A,N/A,N/A,N/A,N/A,N/A,N/A,S363;S364;S365;S366;S853;S1553;S1700
RR2026M,jevon-evans,current_champion_title;championship_level;championship_partner;reign_number;title_won_date;days_into_reign_at_event;title_defended_same_card;title_lost_same_card;source_ids,N/A,N/A,N/A,N/A,N/A,N/A,N/A,N/A,S363;S364;S365;S366;S887;S1596;S1700
RR2026M,mr-iguana,current_champion_title;championship_level;championship_partner;reign_number;title_won_date;days_into_reign_at_event;title_defended_same_card;title_lost_same_card;source_ids,N/A,N/A,N/A,N/A,N/A,N/A,N/A,N/A,S363;S364;S365;S366;S888;S1596;S1700
RR2026M,trick-williams,current_champion_title;championship_level;championship_partner;reign_number;title_won_date;days_into_reign_at_event;title_defended_same_card;title_lost_same_card;source_ids,N/A,N/A,N/A,N/A,N/A,N/A,N/A,N/A,S363;S364;S365;S366;S889;S902;S1587;S1700
RR2026M,cody-rhodes,current_champion_title;championship_level;championship_partner;reign_number;title_won_date;days_into_reign_at_event;title_defended_same_card;title_lost_same_card;source_ids,N/A,N/A,N/A,N/A,N/A,N/A,N/A,N/A,S363;S364;S365;S366;S753;S1560;S1596;S1700
RR2026M,el-grande-americano-ii,current_champion_title;championship_level;championship_partner;reign_number;title_won_date;days_into_reign_at_event;title_defended_same_card;title_lost_same_card;source_ids,N/A,N/A,N/A,N/A,N/A,N/A,N/A,N/A,S363;S364;S365;S366;S533;S890;S1596;S1700
RR2026M,el-grande-americano-i,current_champion_title;championship_level;championship_partner;reign_number;title_won_date;days_into_reign_at_event;title_defended_same_card;title_lost_same_card;source_ids,N/A,N/A,N/A,N/A,N/A,N/A,N/A,N/A,S363;S364;S365;S366;S533;S891;S1596;S1700
RR2026M,powerhouse-hobbs,current_champion_title;championship_level;championship_partner;reign_number;title_won_date;days_into_reign_at_event;title_defended_same_card;title_lost_same_card;source_ids,N/A,N/A,N/A,N/A,N/A,N/A,N/A,N/A,S363;S364;S365;S366;S533;S892;S1588;S1700
RR2026M,austin-theory,current_champion_title;championship_level;championship_partner;reign_number;title_won_date;days_into_reign_at_event;title_defended_same_card;title_lost_same_card;source_ids,N/A,N/A,N/A,N/A,N/A,N/A,N/A,N/A,S363;S364;S365;S366;S533;S856;S901;S1596;S1700
RR2026M,bronson-reed,current_champion_title;championship_level;championship_partner;reign_number;title_won_date;days_into_reign_at_event;title_defended_same_card;title_lost_same_card;source_ids,N/A,N/A,N/A,N/A,N/A,N/A,N/A,N/A,S363;S364;S365;S366;S533;S874;S1596;S1700
RR2026M,ilja-dragunov,current_champion_title;championship_level;championship_partner;reign_number;title_won_date;days_into_reign_at_event;title_defended_same_card;title_lost_same_card;source_ids,N/A,N/A,N/A,N/A,N/A,N/A,N/A,N/A,S363;S364;S365;S366;S893;S1596;S1700
RR2026M,la-parka-iii,current_champion_title;championship_level;championship_partner;reign_number;title_won_date;days_into_reign_at_event;title_defended_same_card;title_lost_same_card;source_ids,N/A,N/A,N/A,N/A,N/A,N/A,N/A,N/A,S363;S364;S365;S366;S533;S1596;S1698;S1700
RR2026M,dragon-lee,current_champion_title;championship_level;championship_partner;reign_number;title_won_date;days_into_reign_at_event;title_defended_same_card;title_lost_same_card;source_ids,N/A,N/A,N/A,N/A,N/A,N/A,N/A,N/A,S363;S364;S365;S366;S895;S1596;S1700
RR2026M,logan-paul,current_champion_title;championship_level;championship_partner;reign_number;title_won_date;days_into_reign_at_event;title_defended_same_card;title_lost_same_card;source_ids,N/A,N/A,N/A,N/A,N/A,N/A,N/A,N/A,S363;S364;S365;S366;S533;S870;S1596;S1700
RR2026M,la-knight,current_champion_title;championship_level;championship_partner;reign_number;title_won_date;days_into_reign_at_event;title_defended_same_card;title_lost_same_card;source_ids,N/A,N/A,N/A,N/A,N/A,N/A,N/A,N/A,S363;S364;S365;S366;S883;S1596;S1700
RR2026M,brock-lesnar,current_champion_title;championship_level;championship_partner;reign_number;title_won_date;days_into_reign_at_event;title_defended_same_card;title_lost_same_card;source_ids,N/A,N/A,N/A,N/A,N/A,N/A,N/A,N/A,S363;S364;S365;S366;S065;S066;S707;S1543;S1700
RR2026M,the-miz,current_champion_title;championship_level;championship_partner;reign_number;title_won_date;days_into_reign_at_event;title_defended_same_card;title_lost_same_card;source_ids,N/A,N/A,N/A,N/A,N/A,N/A,N/A,N/A,S363;S364;S365;S366;S749;S1596;S1700
RR2026M,rey-fenix,current_champion_title;championship_level;championship_partner;reign_number;title_won_date;days_into_reign_at_event;title_defended_same_card;title_lost_same_card;source_ids,N/A,N/A,N/A,N/A,N/A,N/A,N/A,N/A,S363;S364;S365;S366;S896;S1596;S1700
RR2026M,jey-uso,reign_number;title_defended_same_card;title_lost_same_card;source_ids,World Tag Team Championship,Tag Team,jimmy-uso,3,2025-12-29,33,FALSE,FALSE,S363;S364;S365;S366;S396;S397;S398;S399;S401;S790;S1561;S1700;S1704;S1709
RR2026M,roman-reigns,current_champion_title;championship_level;championship_partner;reign_number;title_won_date;days_into_reign_at_event;title_defended_same_card;title_lost_same_card;source_ids,N/A,N/A,N/A,N/A,N/A,N/A,N/A,N/A,S363;S364;S365;S366;S804;S1577;S1700
RR2026M,jacob-fatu,current_champion_title;championship_level;championship_partner;reign_number;title_won_date;days_into_reign_at_event;title_defended_same_card;title_lost_same_card;source_ids,N/A,N/A,N/A,N/A,N/A,N/A,N/A,N/A,S363;S364;S365;S366;S881;S1575;S1700
RR2026M,penta,current_champion_title;championship_level;championship_partner;reign_number;title_won_date;days_into_reign_at_event;title_defended_same_card;title_lost_same_card;source_ids,N/A,N/A,N/A,N/A,N/A,N/A,N/A,N/A,S363;S364;S365;S366;S879;S1596;S1700
RR2026M,randy-orton,current_champion_title;championship_level;championship_partner;reign_number;title_won_date;days_into_reign_at_event;title_defended_same_card;title_lost_same_card;source_ids,N/A,N/A,N/A,N/A,N/A,N/A,N/A,N/A,S363;S364;S365;S366;S067;S073;S040;S052;S042;S481;S489;S485;S709;S1592;S1700
RR2026M,gunther,current_champion_title;championship_level;championship_partner;reign_number;title_won_date;days_into_reign_at_event;title_defended_same_card;title_lost_same_card;source_ids,N/A,N/A,N/A,N/A,N/A,N/A,N/A,N/A,S363;S364;S365;S366;S867;S1596;S1700
RR2026W,charlotte-flair,current_champion_title;championship_level;championship_partner;reign_number;title_won_date;days_into_reign_at_event;title_defended_same_card;title_lost_same_card;source_ids,N/A,N/A,N/A,N/A,N/A,N/A,N/A,N/A,S403;S404;S405;S406;S533;S938;S1025;S1683;S1700
RR2026W,alexa-bliss,current_champion_title;championship_level;championship_partner;reign_number;title_won_date;days_into_reign_at_event;title_defended_same_card;title_lost_same_card;source_ids,N/A,N/A,N/A,N/A,N/A,N/A,N/A,N/A,S403;S404;S405;S406;S533;S946;S1032;S1683;S1700
RR2026W,kiana-james,current_champion_title;championship_level;championship_partner;reign_number;title_won_date;days_into_reign_at_event;title_defended_same_card;title_lost_same_card;source_ids,N/A,N/A,N/A,N/A,N/A,N/A,N/A,N/A,S403;S404;S405;S406;S985;S1069;S1683;S1700
RR2026W,nia-jax,current_champion_title;championship_level;championship_partner;reign_number;title_won_date;days_into_reign_at_event;title_defended_same_card;title_lost_same_card;source_ids,N/A,N/A,N/A,N/A,N/A,N/A,N/A,N/A,S403;S404;S405;S406;S924;S1011;S1683;S1700
RR2026W,ivy-nile,current_champion_title;championship_level;championship_partner;reign_number;title_won_date;days_into_reign_at_event;title_defended_same_card;title_lost_same_card;source_ids,N/A,N/A,N/A,N/A,N/A,N/A,N/A,N/A,S403;S404;S405;S406;S974;S1060;S1683;S1700
RR2026W,lola-vice,current_champion_title;championship_level;championship_partner;reign_number;title_won_date;days_into_reign_at_event;title_defended_same_card;title_lost_same_card;source_ids,N/A,N/A,N/A,N/A,N/A,N/A,N/A,N/A,S403;S404;S405;S406;S986;S1070;S1683;S1700
RR2026W,candice-lerae,current_champion_title;championship_level;championship_partner;reign_number;title_won_date;days_into_reign_at_event;title_defended_same_card;title_lost_same_card;source_ids,N/A,N/A,N/A,N/A,N/A,N/A,N/A,N/A,S403;S404;S405;S406;S940;S1027;S1633;S1700
RR2026W,jordynne-grace,current_champion_title;championship_level;championship_partner;reign_number;title_won_date;days_into_reign_at_event;title_defended_same_card;title_lost_same_card;source_ids,N/A,N/A,N/A,N/A,N/A,N/A,N/A,N/A,S403;S404;S405;S406;S973;S1059;S1683;S1700
RR2026W,becky-lynch,championship_partner;reign_number;title_defended_same_card;title_lost_same_card;source_ids,Women's Intercontinental Championship,Intercontinental/United States,N/A,2,2026-01-05,26,FALSE,FALSE,S403;S404;S405;S406;S425;S426;S427;S429;S430;S904;S991;S1598;S1700;S1706;S1707
RR2026W,sol-ruca,current_champion_title;championship_level;championship_partner;reign_number;title_won_date;days_into_reign_at_event;title_defended_same_card;title_lost_same_card;source_ids,N/A,N/A,N/A,N/A,N/A,N/A,N/A,N/A,S403;S404;S405;S406;S987;S1071;S1683;S1700
RR2026W,roxanne-perez,current_champion_title;championship_level;championship_partner;reign_number;title_won_date;days_into_reign_at_event;title_defended_same_card;title_lost_same_card;source_ids,N/A,N/A,N/A,N/A,N/A,N/A,N/A,N/A,S403;S404;S405;S406;S533;S968;S1054;S1683;S1700
RR2026W,maxxine-dupri,current_champion_title;championship_level;championship_partner;reign_number;title_won_date;days_into_reign_at_event;title_defended_same_card;title_lost_same_card;source_ids,N/A,N/A,N/A,N/A,N/A,N/A,N/A,N/A,S403;S404;S405;S406;S976;S1062;S1663;S1700
RR2026W,natalya,current_champion_title;championship_level;championship_partner;reign_number;title_won_date;days_into_reign_at_event;title_defended_same_card;title_lost_same_card;source_ids,N/A,N/A,N/A,N/A,N/A,N/A,N/A,N/A,S403;S404;S405;S406;S533;S920;S1007;S1683;S1700
RR2026W,liv-morgan,current_champion_title;championship_level;championship_partner;reign_number;title_won_date;days_into_reign_at_event;title_defended_same_card;title_lost_same_card;source_ids,N/A,N/A,N/A,N/A,N/A,N/A,N/A,N/A,S403;S404;S405;S406;S533;S913;S1000;S1683;S1700
RR2026W,lash-legend,current_champion_title;championship_level;championship_partner;reign_number;title_won_date;days_into_reign_at_event;title_defended_same_card;title_lost_same_card;source_ids,N/A,N/A,N/A,N/A,N/A,N/A,N/A,N/A,S403;S404;S405;S406;S981;S1065;S1683;S1700
RR2026W,zelina-vega,current_champion_title;championship_level;championship_partner;reign_number;title_won_date;days_into_reign_at_event;title_defended_same_card;title_lost_same_card;source_ids,N/A,N/A,N/A,N/A,N/A,N/A,N/A,N/A,S403;S404;S405;S406;S533;S943;S1075;S1683;S1700
RR2026W,raquel-rodriguez,current_champion_title;championship_level;championship_partner;reign_number;title_won_date;days_into_reign_at_event;title_defended_same_card;title_lost_same_card;source_ids,N/A,N/A,N/A,N/A,N/A,N/A,N/A,N/A,S403;S404;S405;S406;S533;S1057;S971;S1683;S1700
RR2026W,chelsea-green,reign_number;title_defended_same_card;title_lost_same_card;source_ids,AAA World Mixed Tag Team Championship,Other,Ethan Page,1,2025-11-02,90,FALSE,FALSE,S403;S404;S405;S406;S425;S426;S427;S429;S430;S951;S1037;S1643;S1700;S1710
RR2026W,giulia,championship_partner;reign_number;title_defended_same_card;title_lost_same_card;source_ids,Women's United States Championship,Intercontinental/United States,N/A,2,2026-01-02,29,FALSE,FALSE,S403;S404;S405;S406;S425;S426;S427;S429;S430;S984;S1068;S1669;S1700
RR2026W,io-shirai,reign_number;title_defended_same_card;title_lost_same_card;source_ids,WWE Women's Tag Team Championship,Tag Team,rhea-ripley,3,2026-01-05,26,FALSE,FALSE,S403;S404;S405;S406;S425;S426;S427;S429;S430;S533;S944;S1030;S1683;S1700;S1706
RR2026W,asuka,current_champion_title;championship_level;championship_partner;reign_number;title_won_date;days_into_reign_at_event;title_defended_same_card;title_lost_same_card;source_ids,N/A,N/A,N/A,N/A,N/A,N/A,N/A,N/A,S403;S404;S405;S406;S927;S1014;S1620;S1700
RR2026W,rhea-ripley,reign_number;title_defended_same_card;title_lost_same_card;source_ids,WWE Women's Tag Team Championship,Tag Team,io-shirai,1,2026-01-05,26,FALSE,FALSE,S403;S404;S405;S406;S425;S426;S427;S429;S430;S533;S945;S1031;S1683;S1700;S1706
RR2026W,bayley,current_champion_title;championship_level;championship_partner;reign_number;title_won_date;days_into_reign_at_event;title_defended_same_card;title_lost_same_card;source_ids,N/A,N/A,N/A,N/A,N/A,N/A,N/A,N/A,S403;S404;S405;S406;S931;S1018;S1683;S1700
RR2026W,jacy-jayne,championship_partner;reign_number;title_defended_same_card;title_lost_same_card;source_ids,NXT Women's Championship,NXT,N/A,2,2025-11-18,74,FALSE,FALSE,S403;S404;S405;S406;S425;S426;S427;S429;S430;S988;S1072;S1683;S1700;S1708;S1710
RR2026W,nikki-bella,current_champion_title;championship_level;championship_partner;reign_number;title_won_date;days_into_reign_at_event;title_defended_same_card;title_lost_same_card;source_ids,N/A,N/A,N/A,N/A,N/A,N/A,N/A,N/A,S403;S404;S405;S406;S929;S1016;S1622;S1700
RR2026W,lyra-valkyria,current_champion_title;championship_level;championship_partner;reign_number;title_won_date;days_into_reign_at_event;title_defended_same_card;title_lost_same_card;source_ids,N/A,N/A,N/A,N/A,N/A,N/A,N/A,N/A,S403;S404;S405;S406;S980;S1683;S1700
RR2026W,kelani-jordan,current_champion_title;championship_level;championship_partner;reign_number;title_won_date;days_into_reign_at_event;title_defended_same_card;title_lost_same_card;source_ids,N/A,N/A,N/A,N/A,N/A,N/A,N/A,N/A,S403;S404;S405;S406;S989;S1073;S1683;S1700
RR2026W,kairi-sane,current_champion_title;championship_level;championship_partner;reign_number;title_won_date;days_into_reign_at_event;title_defended_same_card;title_lost_same_card;source_ids,N/A,N/A,N/A,N/A,N/A,N/A,N/A,N/A,S403;S404;S405;S406;S908;S995;S1683;S1700
RR2026W,brie-bella,current_champion_title;championship_level;championship_partner;reign_number;title_won_date;days_into_reign_at_event;title_defended_same_card;title_lost_same_card;source_ids,N/A,N/A,N/A,N/A,N/A,N/A,N/A,N/A,S403;S404;S405;S406;S930;S1017;S1623;S1700
RR2026W,tiffany-stratton,current_champion_title;championship_level;championship_partner;reign_number;title_won_date;days_into_reign_at_event;title_defended_same_card;title_lost_same_card;source_ids,N/A,N/A,N/A,N/A,N/A,N/A,N/A,N/A,S403;S404;S405;S406;S979;S1064;S1683;S1700
