event_id,wrestler_id,ring_name_at_time,before_is_company_debut,before_company_debut_date,before_is_returning_wrestler,before_absence_length,before_source_ids,after_is_company_debut,after_company_debut_date,after_is_returning_wrestler,after_absence_length,after_source_ids
RR1988M,bret-hart,Bret Hart,UNKNOWN,,FALSE,,S001;S004;S008;S448;S1700,FALSE,N/A,FALSE,N/A,S001;S004;S008;S448;S1700
RR1988M,tito-santana,Tito Santana,UNKNOWN,,FALSE,,S001;S004;S008;S446;S455;S1700,FALSE,N/A,FALSE,N/A,S001;S004;S008;S446;S455;S1700
RR1988M,butch-reed,Butch Reed,UNKNOWN,,FALSE,,S001;S004;S008;S449;S1700,FALSE,N/A,FALSE,N/A,S001;S004;S008;S449;S1700
RR1988M,jim-neidhart,Jim Neidhart,UNKNOWN,,FALSE,,S001;S004;S008;S448;S1700,FALSE,N/A,FALSE,N/A,S001;S004;S008;S448;S1700
RR1988M,jake-roberts,Jake Roberts,UNKNOWN,,FALSE,,S001;S004;S008;S447;S1700,FALSE,N/A,FALSE,N/A,S001;S004;S008;S447;S1700
RR1988M,harley-race,Harley Race,UNKNOWN,,FALSE,,S001;S004;S008;S451;S1700,FALSE,N/A,FALSE,N/A,S001;S004;S008;S451;S1700
RR1988M,jim-brunzell,Jim Brunzell,UNKNOWN,,FALSE,,S001;S004;S008;S456;S1700,FALSE,N/A,FALSE,N/A,S001;S004;S008;S456;S1700
RR1988M,sam-houston,Sam Houston,UNKNOWN,,FALSE,,S001;S004;S008;S1700,FALSE,N/A,FALSE,N/A,S001;S004;S008;S1700
RR1988M,danny-davis,Danny Davis,UNKNOWN,,FALSE,,S001;S004;S008;S450;S1700,FALSE,N/A,FALSE,N/A,S001;S004;S008;S450;S1700
RR1988M,boris-zhukov,Boris Zhukov,UNKNOWN,,FALSE,,S001;S004;S008;S454;S1700,FALSE,N/A,FALSE,N/A,S001;S004;S008;S454;S1700
RR1988M,don-muraco,Don Muraco,UNKNOWN,,FALSE,,S001;S004;S008;S447;S1700,FALSE,N/A,FALSE,N/A,S001;S004;S008;S447;S1700
RR1988M,nikolai-volkoff,Nikolai Volkoff,UNKNOWN,,FALSE,,S001;S004;S008;S454;S1700,FALSE,N/A,FALSE,N/A,S001;S004;S008;S454;S1700
RR1988M,jim-duggan,Jim Duggan,UNKNOWN,,FALSE,,S001;S004;S008;S447;S1700,FALSE,N/A,FALSE,N/A,S001;S004;S008;S447;S1700
RR1988M,ron-bass,Ron Bass,UNKNOWN,,FALSE,,S001;S004;S008;S1700,FALSE,N/A,FALSE,N/A,S001;S004;S008;S1700
RR1988M,b-brian-blair,B. Brian Blair,UNKNOWN,,FALSE,,S001;S004;S008;S456;S1700,FALSE,N/A,FALSE,N/A,S001;S004;S008;S456;S1700
RR1988M,hillbilly-jim,Hillbilly Jim,UNKNOWN,,FALSE,,S001;S004;S008;S1700,FALSE,N/A,FALSE,N/A,S001;S004;S008;S1700
RR1988M,dino-bravo,Dino Bravo,UNKNOWN,,FALSE,,S001;S004;S008;S446;S452;S1700,FALSE,N/A,FALSE,N/A,S001;S004;S008;S446;S452;S1700
RR1988M,the-ultimate-warrior,The Ultimate Warrior,UNKNOWN,,FALSE,,S001;S004;S008;S129;S1700,FALSE,N/A,FALSE,N/A,S001;S004;S008;S129;S1700
RR1988M,one-man-gang,One Man Gang,UNKNOWN,,FALSE,,S001;S004;S008;S453;S1700,FALSE,N/A,FALSE,N/A,S001;S004;S008;S453;S1700
RR1988M,junkyard-dog,Junkyard Dog,UNKNOWN,,FALSE,,S001;S004;S008;S1700,FALSE,N/A,FALSE,N/A,S001;S004;S008;S1700
RR1989M,ax,Ax,UNKNOWN,,FALSE,,S014;S015;S1700;S1701;S1702,FALSE,N/A,FALSE,N/A,S014;S015;S1700;S1701;S1702
RR1989M,smash,Smash,UNKNOWN,,FALSE,,S014;S015;S1700;S1701;S1702,FALSE,N/A,FALSE,N/A,S014;S015;S1700;S1701;S1702
RR1989M,andre-the-giant,Andre the Giant,UNKNOWN,,FALSE,,S014;S015;S457;S461;S1700,FALSE,N/A,FALSE,N/A,S014;S015;S457;S461;S1700
RR1989M,mr-perfect,Mr. Perfect,UNKNOWN,,FALSE,,S014;S015;S461;S1700,FALSE,N/A,FALSE,N/A,S014;S015;S461;S1700
RR1989M,ronnie-garvin,Ronnie Garvin,UNKNOWN,,FALSE,,S014;S015;S1700,FALSE,N/A,FALSE,N/A,S014;S015;S1700
RR1989M,greg-valentine,Greg Valentine,UNKNOWN,,FALSE,,S014;S015;S461;S1700,FALSE,N/A,FALSE,N/A,S014;S015;S461;S1700
RR1989M,jake-roberts,Jake Roberts,UNKNOWN,,TRUE,0 years (consecutive),S014;S015;S461;S1700,FALSE,N/A,FALSE,N/A,S014;S015;S461;S1700
RR1989M,ron-bass,Ron Bass,UNKNOWN,,TRUE,0 years (consecutive),S014;S015;S1700,FALSE,N/A,FALSE,N/A,S014;S015;S1700
RR1989M,shawn-michaels,Shawn Michaels,UNKNOWN,,FALSE,,S014;S015;S1098;S1700,FALSE,N/A,FALSE,N/A,S014;S015;S1098;S1700
RR1989M,butch-miller,Butch Miller,UNKNOWN,,FALSE,,S014;S015;S1700,FALSE,N/A,FALSE,N/A,S014;S015;S1700
RR1989M,the-honky-tonk-man,The Honky Tonk Man,UNKNOWN,,FALSE,,S014;S015;S461;S1700,FALSE,N/A,FALSE,N/A,S014;S015;S461;S1700
RR1989M,tito-santana,Tito Santana,UNKNOWN,,TRUE,0 years (consecutive),S014;S015;S1700,FALSE,N/A,FALSE,N/A,S014;S015;S1700
RR1989M,bad-news-brown,Bad News Brown,UNKNOWN,,FALSE,,S014;S015;S1700,FALSE,N/A,FALSE,N/A,S014;S015;S1700
RR1989M,marty-jannetty,Marty Jannetty,UNKNOWN,,FALSE,,S014;S015;S1700,FALSE,N/A,FALSE,N/A,S014;S015;S1700
RR1989M,randy-savage,Randy Savage,UNKNOWN,,FALSE,,S014;S015;S461;S1700;S1703,FALSE,N/A,FALSE,N/A,S014;S015;S461;S1700;S1703
RR1989M,arn-anderson,Arn Anderson,UNKNOWN,,FALSE,,S014;S015;S1700,FALSE,N/A,FALSE,N/A,S014;S015;S1700
RR1989M,tully-blanchard,Tully Blanchard,UNKNOWN,,FALSE,,S014;S015;S1700,FALSE,N/A,FALSE,N/A,S014;S015;S1700
RR1989M,hulk-hogan,Hulk Hogan,UNKNOWN,,FALSE,,S014;S015;S1700,FALSE,N/A,FALSE,N/A,S014;S015;S1700
RR1989M,luke-williams,Luke Williams,UNKNOWN,,FALSE,,S014;S015;S1700,FALSE,N/A,FALSE,N/A,S014;S015;S1700
RR1989M,koko-b-ware,Koko B. Ware,UNKNOWN,,FALSE,,S014;S015;S1700,FALSE,N/A,FALSE,N/A,S014;S015;S1700
RR1989M,the-warlord,The Warlord,UNKNOWN,,FALSE,,S014;S015;S1700,FALSE,N/A,FALSE,N/A,S014;S015;S1700
RR1989M,big-bossman,Big Bossman,UNKNOWN,,FALSE,,S014;S015;S461;S1700,FALSE,N/A,FALSE,N/A,S014;S015;S461;S1700
RR1989M,one-man-gang,Akeem,UNKNOWN,,TRUE,0 years (consecutive),S014;S015;S1700,FALSE,N/A,FALSE,N/A,S014;S015;S1700
RR1989M,brutus-beefcake,Brutus Beefcake,UNKNOWN,,FALSE,,S014;S015;S461;S1700,FALSE,N/A,FALSE,N/A,S014;S015;S461;S1700
RR1989M,red-rooster,Red Rooster,UNKNOWN,,FALSE,,S014;S015;S461;S1700,FALSE,N/A,FALSE,N/A,S014;S015;S461;S1700
RR1989M,the-barbarian,The Barbarian,UNKNOWN,,FALSE,,S014;S015;S1700,FALSE,N/A,FALSE,N/A,S014;S015;S1700
RR1989M,big-john-studd,Big John Studd,UNKNOWN,,FALSE,,S014;S015;S1700,FALSE,N/A,FALSE,N/A,S014;S015;S1700
RR1989M,hercules,Hercules,UNKNOWN,,FALSE,,S014;S015;S1700,FALSE,N/A,FALSE,N/A,S014;S015;S1700
RR1989M,rick-martel,Rick Martel,UNKNOWN,,FALSE,,S014;S015;S1700,FALSE,N/A,FALSE,N/A,S014;S015;S1700
RR1989M,ted-dibiase,Ted DiBiase,UNKNOWN,,FALSE,,S014;S015;S461;S1700,FALSE,N/A,FALSE,N/A,S014;S015;S461;S1700
RR1990M,ted-dibiase,Ted DiBiase,UNKNOWN,,TRUE,,S016;S017;S462;S458;S1131;S1700,FALSE,N/A,FALSE,N/A,S016;S017;S462;S458;S1131;S1700
RR1990M,koko-b-ware,Koko B. Ware,UNKNOWN,,TRUE,,S016;S017;S462;S1108;S1700,FALSE,N/A,FALSE,N/A,S016;S017;S462;S1108;S1700
RR1990M,marty-jannetty,Marty Jannetty,UNKNOWN,,TRUE,,S016;S017;S462;S1102;S1700,FALSE,N/A,FALSE,N/A,S016;S017;S462;S1102;S1700
RR1990M,jake-roberts,Jake Roberts,UNKNOWN,,TRUE,,S016;S017;S462;S1080;S1700,FALSE,N/A,FALSE,N/A,S016;S017;S462;S1080;S1700
RR1990M,randy-savage,Randy Savage,UNKNOWN,,TRUE,,S016;S017;S462;S1103;S1700,FALSE,N/A,FALSE,N/A,S016;S017;S462;S1103;S1700
RR1990M,roddy-piper,Roddy Piper,UNKNOWN,,FALSE,,S016;S017;S022;S131;S132;S462;S534;S1114;S1700,FALSE,N/A,FALSE,N/A,S016;S017;S022;S131;S132;S462;S534;S1114;S1700
RR1990M,the-warlord,The Warlord,UNKNOWN,,TRUE,,S016;S017;S462;S1131;S1700,FALSE,N/A,FALSE,N/A,S016;S017;S462;S1131;S1700
RR1990M,bret-hart,Bret Hart,UNKNOWN,,TRUE,,S016;S017;S462;S1076;S1700,FALSE,N/A,FALSE,N/A,S016;S017;S462;S1076;S1700
RR1990M,bad-news-brown,Bad News Brown,UNKNOWN,,TRUE,,S016;S017;S462;S1101;S1700,FALSE,N/A,FALSE,N/A,S016;S017;S462;S1101;S1700
RR1990M,dusty-rhodes,Dusty Rhodes,UNKNOWN,,FALSE,,S016;S017;S022;S024;S131;S132;S535;S1115;S1700,FALSE,N/A,FALSE,N/A,S016;S017;S022;S024;S131;S132;S535;S1115;S1700
RR1990M,andre-the-giant,Andre the Giant,UNKNOWN,,TRUE,,S016;S017;S462;S458;S1094;S1700,FALSE,N/A,FALSE,N/A,S016;S017;S462;S458;S1094;S1700
RR1990M,red-rooster,Red Rooster,UNKNOWN,,TRUE,,S016;S017;S462;S1131;S1700,FALSE,N/A,FALSE,N/A,S016;S017;S462;S1131;S1700
RR1990M,ax,Demolition Ax,UNKNOWN,,TRUE,,S016;S017;S462;S1093;S1700,FALSE,N/A,FALSE,N/A,S016;S017;S462;S1093;S1700
RR1990M,haku,Haku,UNKNOWN,,FALSE,,S016;S017;S462;S458;S536;S022;S1116;S1700,FALSE,N/A,FALSE,N/A,S016;S017;S462;S458;S536;S022;S1116;S1700
RR1990M,smash,Demolition Smash,UNKNOWN,,TRUE,,S016;S017;S462;S1131;S1700,FALSE,N/A,FALSE,N/A,S016;S017;S462;S1131;S1700
RR1990M,one-man-gang,Akeem,UNKNOWN,,TRUE,,S016;S017;S462;S1091;S1700,FALSE,N/A,FALSE,N/A,S016;S017;S462;S1091;S1700
RR1990M,jimmy-snuka,Jimmy Snuka,UNKNOWN,,FALSE,,S016;S017;S022;S024;S131;S132;S537;S1131;S1700,FALSE,N/A,FALSE,N/A,S016;S017;S022;S024;S131;S132;S537;S1131;S1700
RR1990M,dino-bravo,Dino Bravo,UNKNOWN,,TRUE,,S016;S017;S462;S1089;S1700,FALSE,N/A,FALSE,N/A,S016;S017;S462;S1089;S1700
RR1990M,earthquake,Earthquake,UNKNOWN,,FALSE,,S016;S017;S022;S024;S131;S538;S1117;S1700,FALSE,N/A,FALSE,N/A,S016;S017;S022;S024;S131;S538;S1117;S1700
RR1990M,jim-neidhart,Jim Neidhart,UNKNOWN,,TRUE,,S016;S017;S462;S1079;S1700,FALSE,N/A,FALSE,N/A,S016;S017;S462;S1079;S1700
RR1990M,the-ultimate-warrior,Ultimate Warrior,UNKNOWN,,TRUE,,S016;S017;S462;S458;S1090;S1700,FALSE,N/A,FALSE,N/A,S016;S017;S462;S458;S1090;S1700
RR1990M,rick-martel,Rick Martel,UNKNOWN,,TRUE,,S016;S017;S462;S1113;S1700,FALSE,N/A,FALSE,N/A,S016;S017;S462;S1113;S1700
RR1990M,tito-santana,Tito Santana,UNKNOWN,,TRUE,,S016;S017;S462;S1077;S1700,FALSE,N/A,FALSE,N/A,S016;S017;S462;S1077;S1700
RR1990M,the-honky-tonk-man,Honkytonk Man,UNKNOWN,,TRUE,,S016;S017;S462;S1100;S1700,FALSE,N/A,FALSE,N/A,S016;S017;S462;S1100;S1700
RR1990M,hulk-hogan,Hulk Hogan,UNKNOWN,,TRUE,,S016;S017;S462;S458;S1106;S1700,FALSE,N/A,FALSE,N/A,S016;S017;S462;S458;S1106;S1700
RR1990M,shawn-michaels,Shawn Michaels,UNKNOWN,,TRUE,,S016;S017;S462;S1098;S1700,FALSE,N/A,FALSE,N/A,S016;S017;S462;S1098;S1700
RR1990M,the-barbarian,The Barbarian,UNKNOWN,,TRUE,,S016;S017;S462;S1131;S1700,FALSE,N/A,FALSE,N/A,S016;S017;S462;S1131;S1700
RR1990M,rick-rude,Rick Rude,UNKNOWN,,FALSE,,S016;S017;S462;S539;S022;S1131;S1700,FALSE,N/A,FALSE,N/A,S016;S017;S462;S539;S022;S1131;S1700
RR1990M,hercules,Hercules,UNKNOWN,,TRUE,,S016;S017;S462;S1112;S1700,FALSE,N/A,FALSE,N/A,S016;S017;S462;S1112;S1700
RR1990M,mr-perfect,Mr. Perfect,UNKNOWN,,TRUE,,S016;S017;S462;S1095;S1700,FALSE,N/A,FALSE,N/A,S016;S017;S462;S1095;S1700
RR1991M,bret-hart,Bret Hart,UNKNOWN,,,,S018;S019;S004;S022;S463;S459;S1076;S1700,FALSE,N/A,FALSE,N/A,S018;S019;S004;S022;S463;S459;S1076;S1700
RR1991M,dino-bravo,Dino Bravo,UNKNOWN,,,,S018;S019;S004;S022;S463;S1089;S1700,FALSE,N/A,FALSE,N/A,S018;S019;S004;S022;S463;S1089;S1700
RR1991M,greg-valentine,Greg Valentine,UNKNOWN,,,,S018;S019;S015;S022;S130;S463;S1097;S1700,FALSE,N/A,FALSE,N/A,S018;S019;S015;S022;S130;S463;S1097;S1700
RR1991M,paul-roma,Paul Roma,UNKNOWN,,,,S018;S019;S004;S022;S463;S540;S1118;S1700,FALSE,N/A,FALSE,N/A,S018;S019;S004;S022;S463;S540;S1118;S1700
RR1991M,texas-tornado,Texas Tornado,UNKNOWN,,,,S018;S019;S022;S024;S123;S124;S131;S541;S1132;S1700,FALSE,N/A,FALSE,N/A,S018;S019;S022;S024;S123;S124;S131;S541;S1132;S1700
RR1991M,rick-martel,Rick Martel,UNKNOWN,,,,S018;S019;S015;S022;S463;S1113;S1700,FALSE,N/A,FALSE,N/A,S018;S019;S015;S022;S463;S1113;S1700
RR1991M,saba-simba,Saba Simba,UNKNOWN,,,,S018;S019;S022;S024;S542;S1132;S1700,FALSE,N/A,FALSE,N/A,S018;S019;S022;S024;S542;S1132;S1700
RR1991M,butch-miller,Bushwhacker Butch,UNKNOWN,,,,S018;S019;S015;S022;S131;S463;S1099;S1700,FALSE,N/A,FALSE,N/A,S018;S019;S015;S022;S131;S463;S1099;S1700
RR1991M,jake-roberts,Jake Roberts,UNKNOWN,,,,S018;S019;S004;S022;S463;S1080;S1700,FALSE,N/A,FALSE,N/A,S018;S019;S004;S022;S463;S1080;S1700
RR1991M,hercules,Hercules,UNKNOWN,,,,S018;S019;S015;S022;S463;S1112;S1700,FALSE,N/A,FALSE,N/A,S018;S019;S015;S022;S463;S1112;S1700
RR1991M,tito-santana,Tito Santana,UNKNOWN,,,,S018;S019;S004;S022;S463;S1077;S1700,FALSE,N/A,FALSE,N/A,S018;S019;S004;S022;S463;S1077;S1700
RR1991M,the-undertaker,The Undertaker,UNKNOWN,,,,S018;S019;S022;S024;S123;S124;S543;S1120;S1700,FALSE,N/A,FALSE,N/A,S018;S019;S022;S024;S123;S124;S543;S1120;S1700
RR1991M,jimmy-snuka,Jimmy Snuka,UNKNOWN,,,,S018;S019;S017;S022;S024;S131;S132;S537;S1132;S1700,FALSE,N/A,FALSE,N/A,S018;S019;S017;S022;S024;S131;S132;S537;S1132;S1700
RR1991M,british-bulldog,British Bulldog,UNKNOWN,,,,S018;S019;S022;S024;S123;S124;S131;S544;S1132;S1700,FALSE,N/A,FALSE,N/A,S018;S019;S022;S024;S123;S124;S131;S544;S1132;S1700
RR1991M,smash,Demolition Smash,UNKNOWN,,,,S018;S019;S015;S463;S1132;S1700,FALSE,N/A,FALSE,N/A,S018;S019;S015;S463;S1132;S1700
RR1991M,hawk,Hawk,UNKNOWN,,,,S018;S019;S022;S024;S123;S124;S131;S545;S1121;S1700,FALSE,N/A,FALSE,N/A,S018;S019;S022;S024;S123;S124;S131;S545;S1121;S1700
RR1991M,shane-douglas,Shane Douglas,UNKNOWN,,,,S018;S019;S022;S024;S546;S1122;S1700,FALSE,N/A,FALSE,N/A,S018;S019;S022;S024;S546;S1122;S1700
RR1991M,animal,Animal,UNKNOWN,,,,S018;S019;S022;S024;S123;S124;S131;S547;S1123;S1700,FALSE,N/A,FALSE,N/A,S018;S019;S022;S024;S123;S124;S131;S547;S1123;S1700
RR1991M,demolition-crush,Demolition Crush,UNKNOWN,,,,S018;S019;S022;S024;S124;S131;S463;S548;S1124;S1700,FALSE,N/A,FALSE,N/A,S018;S019;S022;S024;S124;S131;S463;S548;S1124;S1700
RR1991M,jim-duggan,Jim Duggan,UNKNOWN,,,,S018;S019;S004;S006;S463;S1086;S1700,FALSE,N/A,FALSE,N/A,S018;S019;S004;S006;S463;S1086;S1700
RR1991M,earthquake,Earthquake,UNKNOWN,,,,S018;S019;S017;S022;S024;S131;S538;S1117;S1700,FALSE,N/A,FALSE,N/A,S018;S019;S017;S022;S024;S131;S538;S1117;S1700
RR1991M,mr-perfect,Mr. Perfect,UNKNOWN,,,,S018;S019;S015;S022;S064;S463;S459;S1095;S1700,FALSE,N/A,FALSE,N/A,S018;S019;S015;S022;S064;S463;S459;S1095;S1700
RR1991M,hulk-hogan,Hulk Hogan,UNKNOWN,,,,S018;S019;S004;S022;S126;S127;S463;S1106;S1700,FALSE,N/A,FALSE,N/A,S018;S019;S004;S022;S126;S127;S463;S1106;S1700
RR1991M,haku,Haku,UNKNOWN,,,,S018;S019;S004;S022;S536;S1116;S1700,FALSE,N/A,FALSE,N/A,S018;S019;S004;S022;S536;S1116;S1700
RR1991M,jim-neidhart,Jim Neidhart,UNKNOWN,,,,S018;S019;S004;S022;S131;S132;S463;S459;S1079;S1700,FALSE,N/A,FALSE,N/A,S018;S019;S004;S022;S131;S132;S463;S459;S1079;S1700
RR1991M,luke-williams,Bushwhacker Luke,UNKNOWN,,,,S018;S019;S015;S463;S1107;S1700,FALSE,N/A,FALSE,N/A,S018;S019;S015;S463;S1107;S1700
RR1991M,brian-knobbs,Brian Knobbs,UNKNOWN,,,,S018;S019;S022;S024;S463;S549;S1125;S1700,FALSE,N/A,FALSE,N/A,S018;S019;S022;S024;S463;S549;S1125;S1700
RR1991M,the-warlord,The Warlord,UNKNOWN,,,,S018;S019;S015;S022;S463;S1132;S1700,FALSE,N/A,FALSE,N/A,S018;S019;S015;S022;S463;S1132;S1700
RR1991M,tugboat,Tugboat,UNKNOWN,,,,S018;S019;S022;S024;S550;S551;S1132;S1700,FALSE,N/A,FALSE,N/A,S018;S019;S022;S024;S550;S551;S1132;S1700
RR1991M,randy-savage,Randy Savage,UNKNOWN,,,,S018;S019;S015;S022;S463;S459;S1103;S1700,FALSE,N/A,FALSE,N/A,S018;S019;S015;S022;S463;S459;S1103;S1700
RR1992M,british-bulldog,British Bulldog,UNKNOWN,,,,S020;S021;S018;S019;S022;S024;S123;S124;S131;S544;S1133;S1700,FALSE,N/A,FALSE,N/A,S020;S021;S018;S019;S022;S024;S123;S124;S131;S544;S1133;S1700
RR1992M,ted-dibiase,Ted DiBiase,UNKNOWN,,,,S020;S021;S004;S022;S464;S1133;S1700,FALSE,N/A,FALSE,N/A,S020;S021;S004;S022;S464;S1133;S1700
RR1992M,ric-flair,Ric Flair,UNKNOWN,,,,S020;S021;S022;S024;S025;S123;S124;S464;S552;S1126;S1700,FALSE,N/A,FALSE,N/A,S020;S021;S022;S024;S025;S123;S124;S464;S552;S1126;S1700
RR1992M,jerry-sags,Jerry Sags,UNKNOWN,,,,S020;S021;S022;S124;S464;S553;S1127;S1700,FALSE,N/A,FALSE,N/A,S020;S021;S022;S124;S464;S553;S1127;S1700
RR1992M,haku,Haku,UNKNOWN,,,,S020;S021;S004;S022;S536;S1116;S1700,FALSE,N/A,FALSE,N/A,S020;S021;S004;S022;S536;S1116;S1700
RR1992M,shawn-michaels,Shawn Michaels,UNKNOWN,,,,S020;S021;S015;S022;S464;S1098;S1700,FALSE,N/A,FALSE,N/A,S020;S021;S015;S022;S464;S1098;S1700
RR1992M,tito-santana,Tito Santana,UNKNOWN,,,,S020;S021;S004;S022;S464;S1077;S1700,FALSE,N/A,FALSE,N/A,S020;S021;S004;S022;S464;S1077;S1700
RR1992M,the-barbarian,The Barbarian,UNKNOWN,,,,S020;S021;S015;S022;S023;S464;S1133;S1700,FALSE,N/A,FALSE,N/A,S020;S021;S015;S022;S023;S464;S1133;S1700
RR1992M,texas-tornado,Texas Tornado,UNKNOWN,,,,S020;S021;S018;S019;S022;S024;S123;S124;S131;S541;S1133;S1700,FALSE,N/A,FALSE,N/A,S020;S021;S018;S019;S022;S024;S123;S124;S131;S541;S1133;S1700
RR1992M,smash,Repo Man,UNKNOWN,,,,S020;S021;S015;S554;S1133;S1700,FALSE,N/A,FALSE,N/A,S020;S021;S015;S554;S1133;S1700
RR1992M,greg-valentine,Greg Valentine,UNKNOWN,,,,S020;S021;S015;S022;S130;S464;S1097;S1700,FALSE,N/A,FALSE,N/A,S020;S021;S015;S022;S130;S464;S1097;S1700
RR1992M,nikolai-volkoff,Nikolai Volkoff,UNKNOWN,,,,S020;S021;S004;S022;S464;S1085;S1700,FALSE,N/A,FALSE,N/A,S020;S021;S004;S022;S464;S1085;S1700
RR1992M,big-bossman,Big Boss Man,UNKNOWN,,,,S020;S021;S015;S022;S131;S464;S1109;S1700,FALSE,N/A,FALSE,N/A,S020;S021;S015;S022;S131;S464;S1109;S1700
RR1992M,hercules,Hercules,UNKNOWN,,,,S020;S021;S015;S022;S464;S1112;S1700,FALSE,N/A,FALSE,N/A,S020;S021;S015;S022;S464;S1112;S1700
RR1992M,roddy-piper,Roddy Piper,UNKNOWN,,,,S020;S021;S017;S022;S131;S132;S464;S460;S534;S1114;S1700,FALSE,N/A,FALSE,N/A,S020;S021;S017;S022;S131;S132;S464;S460;S534;S1114;S1700
RR1992M,jake-roberts,Jake Roberts,UNKNOWN,,,,S020;S021;S004;S022;S464;S1080;S1700,FALSE,N/A,FALSE,N/A,S020;S021;S004;S022;S464;S1080;S1700
RR1992M,jim-duggan,Jim Duggan,UNKNOWN,,,,S020;S021;S004;S006;S464;S1086;S1700,FALSE,N/A,FALSE,N/A,S020;S021;S004;S006;S464;S1086;S1700
RR1992M,irwin-r-schyster,Irwin R. Schyster,UNKNOWN,,,,S020;S021;S022;S024;S124;S464;S555;S1133;S1700,FALSE,N/A,FALSE,N/A,S020;S021;S022;S024;S124;S464;S555;S1133;S1700
RR1992M,jimmy-snuka,Jimmy Snuka,UNKNOWN,,,,S020;S021;S017;S022;S024;S131;S132;S537;S1133;S1700,FALSE,N/A,FALSE,N/A,S020;S021;S017;S022;S024;S131;S132;S537;S1133;S1700
RR1992M,the-undertaker,The Undertaker,UNKNOWN,,,,S020;S021;S018;S019;S022;S024;S123;S124;S543;S1120;S1700,FALSE,N/A,FALSE,N/A,S020;S021;S018;S019;S022;S024;S123;S124;S543;S1120;S1700
RR1992M,randy-savage,Randy Savage,UNKNOWN,,,,S020;S021;S015;S022;S464;S1103;S1700,FALSE,N/A,FALSE,N/A,S020;S021;S015;S022;S464;S1103;S1700
RR1992M,the-berzerker,The Berzerker,UNKNOWN,,,,S020;S021;S022;S024;S025;S124;S556;S1133;S1700,FALSE,N/A,FALSE,N/A,S020;S021;S022;S024;S025;S124;S556;S1133;S1700
RR1992M,virgil,Virgil,UNKNOWN,,,,S020;S021;S004;S022;S557;S1128;S1700,FALSE,N/A,FALSE,N/A,S020;S021;S004;S022;S557;S1128;S1700
RR1992M,col-mustafa,Col. Mustafa,UNKNOWN,,,,S020;S021;S022;S023;S130;S131;S132;S464;S558;S1133;S1700,FALSE,N/A,FALSE,N/A,S020;S021;S022;S023;S130;S131;S132;S464;S558;S1133;S1700
RR1992M,rick-martel,Rick Martel,UNKNOWN,,,,S020;S021;S015;S022;S464;S1113;S1700,FALSE,N/A,FALSE,N/A,S020;S021;S015;S022;S464;S1113;S1700
RR1992M,hulk-hogan,Hulk Hogan,UNKNOWN,,,,S020;S021;S004;S022;S126;S127;S464;S1106;S1700,FALSE,N/A,FALSE,N/A,S020;S021;S004;S022;S126;S127;S464;S1106;S1700
RR1992M,skinner,Skinner,UNKNOWN,,,,S020;S021;S022;S024;S559;S1133;S1700,FALSE,N/A,FALSE,N/A,S020;S021;S022;S024;S559;S1133;S1700
RR1992M,sgt-slaughter,Sgt. Slaughter,UNKNOWN,,,,S020;S021;S019;S022;S024;S560;S561;S1129;S1700,FALSE,N/A,FALSE,N/A,S020;S021;S019;S022;S024;S560;S561;S1129;S1700
RR1992M,sid-justice,Sid Justice,UNKNOWN,,,,S020;S021;S022;S024;S562;S1130;S1700,FALSE,N/A,FALSE,N/A,S020;S021;S022;S024;S562;S1130;S1700
RR1992M,the-warlord,The Warlord,UNKNOWN,,,,S020;S021;S015;S022;S464;S1133;S1700,FALSE,N/A,FALSE,N/A,S020;S021;S015;S022;S464;S1133;S1700
RR1993M,ric-flair,Ric Flair,UNKNOWN,,,,S027;S028;S469;S552;S1134;S1700,FALSE,N/A,FALSE,N/A,S027;S028;S469;S552;S1134;S1700
RR1993M,bob-backlund,Bob Backlund,UNKNOWN,,,,S027;S028;S564;S1135;S1700,FALSE,N/A,FALSE,N/A,S027;S028;S564;S1135;S1700
RR1993M,papa-shango,Papa Shango,UNKNOWN,,,,S027;S028;S565;S1192;S1700,FALSE,N/A,FALSE,N/A,S027;S028;S565;S1192;S1700
RR1993M,ted-dibiase,Ted DiBiase,UNKNOWN,,,,S027;S028;S469;S465;S1192;S1700,FALSE,N/A,FALSE,N/A,S027;S028;S469;S465;S1192;S1700
RR1993M,brian-knobbs,Brian Knobbs,UNKNOWN,,,,S027;S028;S469;S549;S1136;S1700,FALSE,N/A,FALSE,N/A,S027;S028;S469;S549;S1136;S1700
RR1993M,virgil,Virgil,UNKNOWN,,,,S027;S028;S557;S1137;S1700,FALSE,N/A,FALSE,N/A,S027;S028;S557;S1137;S1700
RR1993M,jerry-lawler,Jerry Lawler,UNKNOWN,,,,S027;S028;S469;S566;S1138;S1700,FALSE,N/A,FALSE,N/A,S027;S028;S469;S566;S1138;S1700
RR1993M,max-moon,Max Moon,UNKNOWN,,,,S027;S028;S567;S1192;S1700,FALSE,N/A,FALSE,N/A,S027;S028;S567;S1192;S1700
RR1993M,genichiro-tenryu,Genichiro Tenryu,UNKNOWN,,,,S027;S028;S568;S1139;S1700,FALSE,N/A,FALSE,N/A,S027;S028;S568;S1139;S1700
RR1993M,mr-perfect,Mr. Perfect,UNKNOWN,,,,S024;S027;S028;S035;S469;S1140;S1700,FALSE,N/A,FALSE,N/A,S024;S027;S028;S035;S469;S1140;S1700
RR1993M,skinner,Skinner,UNKNOWN,,,,S027;S028;S559;S1192;S1700,FALSE,N/A,FALSE,N/A,S027;S028;S559;S1192;S1700
RR1993M,koko-b-ware,Koko B. Ware,UNKNOWN,,,,S027;S028;S469;S1141;S1700,FALSE,N/A,FALSE,N/A,S027;S028;S469;S1141;S1700
RR1993M,samu,Samu,UNKNOWN,,,,S027;S028;S469;S569;S1142;S1700,FALSE,N/A,FALSE,N/A,S027;S028;S469;S569;S1142;S1700
RR1993M,the-berzerker,Berzerker,UNKNOWN,,,,S027;S028;S556;S1192;S1700,FALSE,N/A,FALSE,N/A,S027;S028;S556;S1192;S1700
RR1993M,the-undertaker,Undertaker,UNKNOWN,,,,S027;S028;S465;S469;S543;S1192;S1700,FALSE,N/A,FALSE,N/A,S027;S028;S465;S469;S543;S1192;S1700
RR1993M,red-rooster,Taylor,UNKNOWN,,,,S027;S028;S463;S1192;S1700,FALSE,N/A,FALSE,N/A,S027;S028;S463;S1192;S1700
RR1993M,damien-demento,Damien Demento,UNKNOWN,,,,S027;S028;S570;S1192;S1700,FALSE,N/A,FALSE,N/A,S027;S028;S570;S1192;S1700
RR1993M,irwin-r-schyster,Irwin R. Schyster,UNKNOWN,,,,S027;S028;S469;S465;S555;S1192;S1700,FALSE,N/A,FALSE,N/A,S027;S028;S469;S465;S555;S1192;S1700
RR1993M,tatanka,Tatanka,UNKNOWN,,,,S027;S028;S571;S1143;S1700,FALSE,N/A,FALSE,N/A,S027;S028;S571;S1143;S1700
RR1993M,jerry-sags,Jerry Sags,UNKNOWN,,,,S027;S028;S469;S553;S1144;S1700,FALSE,N/A,FALSE,N/A,S027;S028;S469;S553;S1144;S1700
RR1993M,tugboat,Typhoon,UNKNOWN,,,,S027;S028;S469;S550;S551;S1192;S1700,FALSE,N/A,FALSE,N/A,S027;S028;S469;S550;S551;S1192;S1700
RR1993M,fatu,Fatu,UNKNOWN,,,,S027;S028;S469;S572;S667;S1192;S1700,FALSE,N/A,FALSE,N/A,S027;S028;S469;S572;S667;S1192;S1700
RR1993M,earthquake,Earthquake,UNKNOWN,,,,S027;S028;S469;S538;S1192;S1700,FALSE,N/A,FALSE,N/A,S027;S028;S469;S538;S1192;S1700
RR1993M,carlos-colon,Carlos Colon,UNKNOWN,,,,S027;S028;S573;S1146;S1700,FALSE,N/A,FALSE,N/A,S027;S028;S573;S1146;S1700
RR1993M,tito-santana,El Matador,UNKNOWN,,,,S027;S028;S469;S574;S1147;S1700,FALSE,N/A,FALSE,N/A,S027;S028;S469;S574;S1147;S1700
RR1993M,rick-martel,Rick Martel,UNKNOWN,,,,S027;S028;S469;S1148;S1700,FALSE,N/A,FALSE,N/A,S027;S028;S469;S1148;S1700
RR1993M,yokozuna,Yokozuna,UNKNOWN,,,,S027;S028;S465;S469;S575;S576;S1149;S1700,FALSE,N/A,FALSE,N/A,S027;S028;S465;S469;S575;S576;S1149;S1700
RR1993M,owen-hart,Owen Hart,UNKNOWN,,,,S027;S028;S577;S1150;S1700,FALSE,N/A,FALSE,N/A,S027;S028;S577;S1150;S1700
RR1993M,smash,Repo Man,UNKNOWN,,,,S027;S028;S469;S554;S1192;S1700,FALSE,N/A,FALSE,N/A,S027;S028;S469;S554;S1192;S1700
RR1993M,randy-savage,Randy Savage,UNKNOWN,,,,S027;S028;S469;S1192;S1700,FALSE,N/A,FALSE,N/A,S027;S028;S469;S1192;S1700
RR1994M,bob-backlund,Bob Backlund,UNKNOWN,,,,S024;S029;S035;S466;S481;S564;S1135;S1700,FALSE,N/A,FALSE,N/A,S024;S029;S035;S466;S481;S564;S1135;S1700
RR1994M,bam-bam-bigelow,Bam Bam Bigelow,UNKNOWN,,,,S024;S029;S035;S466;S481;S582;S1151;S1700,FALSE,N/A,FALSE,N/A,S024;S029;S035;S466;S481;S582;S1151;S1700
RR1994M,adam-bomb,Adam Bomb,UNKNOWN,,,,S024;S029;S035;S466;S481;S583;S1193;S1700,FALSE,N/A,FALSE,N/A,S024;S029;S035;S466;S481;S583;S1193;S1700
RR1994M,demolition-crush,Crush,UNKNOWN,,,,S024;S029;S035;S466;S481;S560;S1152;S1700,FALSE,N/A,FALSE,N/A,S024;S029;S035;S466;S481;S560;S1152;S1700
RR1994M,doink,Doink,UNKNOWN,,,,S024;S029;S035;S466;S481;S584;S1193;S1700,FALSE,N/A,FALSE,N/A,S024;S029;S035;S466;S481;S584;S1193;S1700
RR1994M,diesel,Diesel,UNKNOWN,,,,S024;S029;S035;S466;S481;S585;S1193;S1700,FALSE,N/A,FALSE,N/A,S024;S029;S035;S466;S481;S585;S1193;S1700
RR1994M,fatu,Fatu,UNKNOWN,,,,S024;S029;S035;S470;S466;S481;S572;S667;S1193;S1700,FALSE,N/A,FALSE,N/A,S024;S029;S035;S470;S466;S481;S572;S667;S1193;S1700
RR1994M,great-kabuki,Great Kabuki,UNKNOWN,,,,S024;S029;S035;S466;S481;S586;S1193;S1700,FALSE,N/A,FALSE,N/A,S024;S029;S035;S466;S481;S586;S1193;S1700
RR1994M,owen-hart,Owen Hart,UNKNOWN,,,,S024;S029;S035;S466;S481;S577;S1150;S1700,FALSE,N/A,FALSE,N/A,S024;S029;S035;S466;S481;S577;S1150;S1700
RR1994M,marty-jannetty,Marty Jannetty,UNKNOWN,,,,S024;S029;S035;S470;S466;S481;S1153;S1700,FALSE,N/A,FALSE,N/A,S024;S029;S035;S470;S466;S481;S1153;S1700
RR1994M,jeff-jarrett,Jeff Jarrett,UNKNOWN,,,,S024;S029;S035;S470;S466;S481;S587;S1154;S1700,FALSE,N/A,FALSE,N/A,S024;S029;S035;S470;S466;S481;S587;S1154;S1700
RR1994M,kwang,Kwang,UNKNOWN,,,,S024;S029;S035;S466;S470;S481;S588;S1193;S1700,FALSE,N/A,FALSE,N/A,S024;S029;S035;S466;S470;S481;S588;S1193;S1700
RR1994M,rick-martel,Rick Martel,UNKNOWN,,,,S024;S029;S035;S470;S466;S481;S1148;S1700,FALSE,N/A,FALSE,N/A,S024;S029;S035;S470;S466;S481;S1148;S1700
RR1994M,mo,Mo,UNKNOWN,,,,S024;S029;S035;S470;S466;S481;S589;S590;S1155;S1700,FALSE,N/A,FALSE,N/A,S024;S029;S035;S470;S466;S481;S589;S590;S1155;S1700
RR1994M,mabel,Mabel,UNKNOWN,,,,S024;S029;S035;S470;S466;S481;S589;S591;S1193;S1700,FALSE,N/A,FALSE,N/A,S024;S029;S035;S470;S466;S481;S589;S591;S1193;S1700
RR1994M,shawn-michaels,Shawn Michaels,UNKNOWN,,,,S024;S029;S035;S470;S466;S481;S1156;S1700,FALSE,N/A,FALSE,N/A,S024;S029;S035;S470;S466;S481;S1156;S1700
RR1994M,sparky-plugg,Sparky Plugg,UNKNOWN,,,,S024;S029;S035;S470;S466;S481;S592;S1157;S1700,FALSE,N/A,FALSE,N/A,S024;S029;S035;S470;S466;S481;S592;S1157;S1700
RR1994M,samu,Samu,UNKNOWN,,,,S024;S029;S035;S470;S466;S481;S569;S1142;S1700,FALSE,N/A,FALSE,N/A,S024;S029;S035;S470;S466;S481;S569;S1142;S1700
RR1994M,randy-savage,Randy Savage,UNKNOWN,,,,S024;S029;S035;S470;S466;S481;S1193;S1700,FALSE,N/A,FALSE,N/A,S024;S029;S035;S470;S466;S481;S1193;S1700
RR1994M,billy-gunn,Billy Gunn,UNKNOWN,,,,S024;S029;S035;S470;S466;S481;S593;S595;S1158;S1700,FALSE,N/A,FALSE,N/A,S024;S029;S035;S470;S466;S481;S593;S595;S1158;S1700
RR1994M,bart-gunn,Bart Gunn,UNKNOWN,,,,S024;S029;S035;S470;S466;S481;S593;S594;S1159;S1700,FALSE,N/A,FALSE,N/A,S024;S029;S035;S470;S466;S481;S593;S594;S1159;S1700
RR1994M,rick-steiner,Rick Steiner,UNKNOWN,,,,S024;S029;S035;S470;S466;S481;S596;S1160;S1700,FALSE,N/A,FALSE,N/A,S024;S029;S035;S470;S466;S481;S596;S1160;S1700
RR1994M,scott-steiner,Scott Steiner,UNKNOWN,,,,S024;S029;S035;S470;S466;S481;S597;S1161;S1700,FALSE,N/A,FALSE,N/A,S024;S029;S035;S470;S466;S481;S597;S1161;S1700
RR1994M,tatanka,Tatanka,UNKNOWN,,,,S024;S029;S035;S466;S481;S571;S1143;S1700,FALSE,N/A,FALSE,N/A,S024;S029;S035;S466;S481;S571;S1143;S1700
RR1994M,genichiro-tenryu,Genichiro Tenryu,UNKNOWN,,,,S024;S029;S035;S466;S481;S568;S1139;S1700,FALSE,N/A,FALSE,N/A,S024;S029;S035;S466;S481;S568;S1139;S1700
RR1994M,greg-valentine,Greg Valentine,UNKNOWN,,,,S024;S029;S035;S470;S466;S481;S1193;S1700,FALSE,N/A,FALSE,N/A,S024;S029;S035;S470;S466;S481;S1193;S1700
RR1994M,virgil,Virgil,UNKNOWN,,,,S024;S029;S035;S466;S481;S557;S1137;S1700,FALSE,N/A,FALSE,N/A,S024;S029;S035;S466;S481;S557;S1137;S1700
RR1994M,bret-hart,Bret Hart,UNKNOWN,,,,S024;S029;S035;S470;S1163;S1700,FALSE,N/A,FALSE,N/A,S024;S029;S035;S470;S1163;S1700
RR1994M,lex-luger,Lex Luger,UNKNOWN,,,,S024;S029;S035;S598;S599;S1164;S1700,FALSE,N/A,FALSE,N/A,S024;S029;S035;S598;S599;S1164;S1700
RR1995M,shawn-michaels,Shawn Michaels,UNKNOWN,,,,S030;S031;S471;S1156;S1700,FALSE,N/A,FALSE,N/A,S030;S031;S471;S1156;S1700
RR1995M,british-bulldog,British Bulldog,UNKNOWN,,,,S030;S031;S020;S021;S018;S019;S022;S024;S123;S124;S131;S544;S1194;S1700,FALSE,N/A,FALSE,N/A,S030;S031;S020;S021;S018;S019;S022;S024;S123;S124;S131;S544;S1194;S1700
RR1995M,eli-blu,Eli Blu,UNKNOWN,,,,S030;S031;S471;S467;S601;S667;S1194;S1700,FALSE,N/A,FALSE,N/A,S030;S031;S471;S467;S601;S667;S1194;S1700
RR1995M,duke-droese,Duke Droese,UNKNOWN,,,,S030;S031;S471;S602;S1165;S1700,FALSE,N/A,FALSE,N/A,S030;S031;S471;S602;S1165;S1700
RR1995M,jimmy-del-ray,Jimmy Del Ray,UNKNOWN,,,,S030;S031;S471;S603;S667;S1166;S1700,FALSE,N/A,FALSE,N/A,S030;S031;S471;S603;S667;S1166;S1700
RR1995M,headshrinker-sione,Headshrinker Sione,UNKNOWN,,,,S030;S031;S471;S604;S1194;S1530;S1700,FALSE,N/A,FALSE,N/A,S030;S031;S471;S604;S1194;S1530;S1700
RR1995M,tom-prichard,Tom Prichard,UNKNOWN,,,,S030;S031;S471;S605;S1194;S1700,FALSE,N/A,FALSE,N/A,S030;S031;S471;S605;S1194;S1700
RR1995M,doink-1995,Doink-1995,UNKNOWN,,,,S030;S031;S606;S1167;S1700,FALSE,N/A,FALSE,N/A,S030;S031;S606;S1167;S1700
RR1995M,kwang,Kwang,UNKNOWN,,,,S030;S031;S024;S029;S035;S466;S470;S481;S588;S1194;S1700,FALSE,N/A,FALSE,N/A,S030;S031;S024;S029;S035;S466;S470;S481;S588;S1194;S1700
RR1995M,rick-martel,Rick Martel,UNKNOWN,,,,S030;S031;S471;S1148;S1700,FALSE,N/A,FALSE,N/A,S030;S031;S471;S1148;S1700
RR1995M,owen-hart,Owen Hart,UNKNOWN,,,,S030;S031;S467;S471;S024;S029;S035;S466;S481;S577;S1150;S1700,FALSE,N/A,FALSE,N/A,S030;S031;S467;S471;S024;S029;S035;S466;S481;S577;S1150;S1700
RR1995M,timothy-well,Timothy Well,UNKNOWN,,,,S030;S031;S471;S607;S667;S1194;S1700,FALSE,N/A,FALSE,N/A,S030;S031;S471;S607;S667;S1194;S1700
RR1995M,luke-williams,Bushwhacker Luke,UNKNOWN,,,,S030;S031;S471;S018;S019;S015;S463;S1194;S1700,FALSE,N/A,FALSE,N/A,S030;S031;S471;S018;S019;S015;S463;S1194;S1700
RR1995M,jacob-blu,Jacob Blu,UNKNOWN,,,,S030;S031;S471;S467;S601;S667;S1194;S1700,FALSE,N/A,FALSE,N/A,S030;S031;S471;S467;S601;S667;S1194;S1700
RR1995M,king-kong-bundy,King Kong Bundy,UNKNOWN,,,,S030;S031;S471;S608;S1168;S1700,FALSE,N/A,FALSE,N/A,S030;S031;S471;S608;S1168;S1700
RR1995M,mo,Mo,UNKNOWN,,,,S030;S031;S471;S024;S029;S035;S470;S466;S481;S589;S590;S1155;S1700,FALSE,N/A,FALSE,N/A,S030;S031;S471;S024;S029;S035;S470;S466;S481;S589;S590;S1155;S1700
RR1995M,mabel,Mabel,UNKNOWN,,,,S030;S031;S471;S024;S029;S035;S470;S466;S481;S589;S591;S1194;S1700,FALSE,N/A,FALSE,N/A,S030;S031;S471;S024;S029;S035;S470;S466;S481;S589;S591;S1194;S1700
RR1995M,butch-miller,Bushwhacker Butch,UNKNOWN,,,,S030;S031;S471;S018;S019;S015;S022;S131;S463;S1194;S1700,FALSE,N/A,FALSE,N/A,S030;S031;S471;S018;S019;S015;S022;S131;S463;S1194;S1700
RR1995M,lex-luger,Lex Luger,UNKNOWN,,,,S030;S031;S024;S029;S035;S598;S599;S1164;S1700,FALSE,N/A,FALSE,N/A,S030;S031;S024;S029;S035;S598;S599;S1164;S1700
RR1995M,mantaur,Mantaur,UNKNOWN,,,,S030;S031;S467;S471;S609;S1194;S1700,FALSE,N/A,FALSE,N/A,S030;S031;S467;S471;S609;S1194;S1700
RR1995M,aldo-montoya,Aldo Montoya,UNKNOWN,,,,S030;S031;S610;S1194;S1700,FALSE,N/A,FALSE,N/A,S030;S031;S610;S1194;S1700
RR1995M,henry-godwinn,Henry Godwinn,UNKNOWN,,,,S030;S031;S611;S1169;S1700,FALSE,N/A,FALSE,N/A,S030;S031;S611;S1169;S1700
RR1995M,billy-gunn,Billy Gunn,UNKNOWN,,,,S030;S031;S471;S024;S029;S035;S470;S466;S481;S593;S595;S1158;S1700,FALSE,N/A,FALSE,N/A,S030;S031;S471;S024;S029;S035;S470;S466;S481;S593;S595;S1158;S1700
RR1995M,bart-gunn,Bart Gunn,UNKNOWN,,,,S030;S031;S471;S024;S029;S035;S470;S466;S481;S593;S594;S1159;S1700,FALSE,N/A,FALSE,N/A,S030;S031;S471;S024;S029;S035;S470;S466;S481;S593;S594;S1159;S1700
RR1995M,bob-backlund,Bob Backlund,UNKNOWN,,,,S024;S030;S031;S035;S042;S029;S466;S481;S564;S1135;S1700,FALSE,N/A,FALSE,N/A,S024;S030;S031;S035;S042;S029;S466;S481;S564;S1135;S1700
RR1995M,steven-dunn,Steven Dunn,UNKNOWN,,,,S024;S030;S031;S035;S042;S471;S612;S1194;S1700,FALSE,N/A,FALSE,N/A,S024;S030;S031;S035;S042;S471;S612;S1194;S1700
RR1995M,dick-murdoch,Dick Murdoch,UNKNOWN,,,,S030;S031;S613;S1170;S1700,FALSE,N/A,FALSE,N/A,S030;S031;S613;S1170;S1700
RR1995M,adam-bomb,Adam Bomb,UNKNOWN,,,,S030;S031;S024;S029;S035;S466;S481;S583;S1194;S1700,FALSE,N/A,FALSE,N/A,S030;S031;S024;S029;S035;S466;S481;S583;S1194;S1700
RR1995M,fatu,Fatu,UNKNOWN,,,,S030;S031;S471;S614;S667;S1194;S1700,FALSE,N/A,FALSE,N/A,S030;S031;S471;S614;S667;S1194;S1700
RR1995M,demolition-crush,Crush,UNKNOWN,,,,S030;S031;S024;S029;S035;S466;S481;S560;S1152;S1700,FALSE,N/A,FALSE,N/A,S030;S031;S024;S029;S035;S466;S481;S560;S1152;S1700
RR1996M,1-2-3-kid,1-2-3 Kid,UNKNOWN,,,,S032;S035;S468;S472;S615;S1171;S1700,FALSE,N/A,FALSE,N/A,S032;S035;S468;S472;S615;S1171;S1700
RR1996M,bob-backlund,Bob Backlund,UNKNOWN,,,,S032;S035;S024;S029;S466;S481;S564;S1135;S1700,FALSE,N/A,FALSE,N/A,S032;S035;S024;S029;S466;S481;S564;S1135;S1700
RR1996M,diesel,Diesel,UNKNOWN,,,,S032;S035;S024;S029;S466;S481;S585;S1195;S1700,FALSE,N/A,FALSE,N/A,S032;S035;S024;S029;S466;S481;S585;S1195;S1700
RR1996M,duke-droese,Duke Droese,UNKNOWN,,,,S032;S035;S472;S602;S1165;S1700,FALSE,N/A,FALSE,N/A,S032;S035;S472;S602;S1165;S1700
RR1996M,fatu,Fatu,UNKNOWN,,,,S032;S035;S614;S667;S1195;S1700,FALSE,N/A,FALSE,N/A,S032;S035;S614;S667;S1195;S1700
RR1996M,dory-funk-jr,Dory Funk Jr.,UNKNOWN,,,,S032;S035;S616;S1172;S1700,FALSE,N/A,FALSE,N/A,S032;S035;S616;S1172;S1700
RR1996M,doug-gilbert,Doug Gilbert,UNKNOWN,,,,S032;S035;S617;S1195;S1700,FALSE,N/A,FALSE,N/A,S032;S035;S617;S1195;S1700
RR1996M,henry-godwinn,Henry Godwinn,UNKNOWN,,,,S032;S035;S611;S1169;S1700,FALSE,N/A,FALSE,N/A,S032;S035;S611;S1169;S1700
RR1996M,hakushi,Hakushi,UNKNOWN,,,,S032;S035;S618;S1195;S1700,FALSE,N/A,FALSE,N/A,S032;S035;S618;S1195;S1700
RR1996M,owen-hart,Owen Hart,UNKNOWN,,,,S032;S035;S468;S472;S024;S029;S466;S481;S577;S1150;S1700,FALSE,N/A,FALSE,N/A,S032;S035;S468;S472;S024;S029;S466;S481;S577;S1150;S1700
RR1996M,hunter-hearst-helmsley,Hunter Hearst Helmsley,UNKNOWN,,,,S032;S035;S619;S1173;S1700,FALSE,N/A,FALSE,N/A,S032;S035;S619;S1173;S1700
RR1996M,bob-holly,Bob Holly,UNKNOWN,,,,S032;S035;S620;S1174;S1700,FALSE,N/A,FALSE,N/A,S032;S035;S620;S1174;S1700
RR1996M,barry-horowitz,Barry Horowitz,UNKNOWN,,,,S032;S035;S621;S1175;S1685;S1700,FALSE,N/A,FALSE,N/A,S032;S035;S621;S1175;S1685;S1700
RR1996M,marty-jannetty,Marty Jannetty,UNKNOWN,,,,S032;S035;S472;S1153;S1700,FALSE,N/A,FALSE,N/A,S032;S035;S472;S1153;S1700
RR1996M,kama,Kama,UNKNOWN,,,,S032;S035;S468;S472;S622;S1195;S1700,FALSE,N/A,FALSE,N/A,S032;S035;S468;S472;S622;S1195;S1700
RR1996M,jerry-lawler,Jerry Lawler,UNKNOWN,,,,S032;S035;S472;S027;S028;S469;S566;S1138;S1700,FALSE,N/A,FALSE,N/A,S032;S035;S472;S027;S028;S469;S566;S1138;S1700
RR1996M,mabel,Mabel,UNKNOWN,,,,S032;S035;S472;S024;S029;S470;S466;S481;S589;S591;S1195;S1700,FALSE,N/A,FALSE,N/A,S032;S035;S472;S024;S029;S470;S466;S481;S589;S591;S1195;S1700
RR1996M,aldo-montoya,Aldo Montoya,UNKNOWN,,,,S032;S035;S610;S1195;S1700,FALSE,N/A,FALSE,N/A,S032;S035;S610;S1195;S1700
RR1996M,takao-omori,Takao Omori,UNKNOWN,,,,S032;S035;S623;S1176;S1700,FALSE,N/A,FALSE,N/A,S032;S035;S623;S1176;S1700
RR1996M,steve-austin,The Ringmaster,UNKNOWN,,,,S032;S035;S472;S468;S624;S1177;S1700,FALSE,N/A,FALSE,N/A,S032;S035;S472;S468;S624;S1177;S1700
RR1996M,jake-roberts,Jake Roberts,UNKNOWN,,,,S032;S035;S472;S1178;S1700,FALSE,N/A,FALSE,N/A,S032;S035;S472;S1178;S1700
RR1996M,british-bulldog,Davey Boy Smith,UNKNOWN,,,,S032;S035;S468;S472;S020;S021;S018;S019;S022;S024;S123;S124;S131;S544;S1195;S1700,FALSE,N/A,FALSE,N/A,S032;S035;S468;S472;S020;S021;S018;S019;S022;S024;S123;S124;S131;S544;S1195;S1700
RR1996M,headhunter-1,Headhunter #1,UNKNOWN,,,,S032;S035;S625;S1195;S1700,FALSE,N/A,FALSE,N/A,S032;S035;S625;S1195;S1700
RR1996M,headhunter-2,Headhunter #2,UNKNOWN,,,,S032;S035;S625;S1195;S1700,FALSE,N/A,FALSE,N/A,S032;S035;S625;S1195;S1700
RR1996M,tatanka,Tatanka,UNKNOWN,,,,S032;S035;S468;S472;S024;S029;S466;S481;S571;S1143;S1700,FALSE,N/A,FALSE,N/A,S032;S035;S468;S472;S024;S029;S466;S481;S571;S1143;S1700
RR1996M,vader,Vader,UNKNOWN,,,,S032;S035;S468;S472;S626;S1179;S1700,TRUE,1996-01-21,FALSE,N/A,S032;S035;S468;S472;S626;S1179;S1700;S1719;S1720
RR1996M,savio-vega,Savio Vega,UNKNOWN,,,,S032;S035;S627;S1180;S588;S1700,FALSE,N/A,FALSE,N/A,S032;S035;S627;S1180;S588;S1700
RR1996M,isaac-yankem,Isaac Yankem,UNKNOWN,,,,S032;S035;S628;S1181;S1700,FALSE,N/A,FALSE,N/A,S032;S035;S628;S1181;S1700
RR1996M,yokozuna,Yokozuna,UNKNOWN,,,,S032;S035;S468;S472;S027;S028;S465;S469;S575;S576;S1149;S1700,FALSE,N/A,FALSE,N/A,S032;S035;S468;S472;S027;S028;S465;S469;S575;S576;S1149;S1700
RR1996M,shawn-michaels,Shawn Michaels,UNKNOWN,,,,S032;S035;S472;S1156;S1700,FALSE,N/A,FALSE,N/A,S032;S035;S472;S1156;S1700
RR1997M,demolition-crush,Crush,UNKNOWN,,,,S033;S034;S477;S024;S029;S035;S466;S481;S560;S1152;S1700,FALSE,N/A,FALSE,N/A,S033;S034;S477;S024;S029;S035;S466;S481;S560;S1152;S1700
RR1997M,ahmed-johnson,Ahmed Johnson,UNKNOWN,,,,S033;S034;S103;S116;S629;S1182;S1700,FALSE,N/A,FALSE,N/A,S033;S034;S103;S116;S629;S1182;S1700
RR1997M,fake-razor-ramon,Fake Razor Ramon,UNKNOWN,,,,S033;S034;S477;S630;S1196;S1694;S1700,FALSE,N/A,FALSE,N/A,S033;S034;S477;S630;S1196;S1694;S1700
RR1997M,phineas-godwinn,Phineas Godwinn,UNKNOWN,,,,S033;S034;S477;S631;S1196;S1700,FALSE,N/A,FALSE,N/A,S033;S034;S477;S631;S1196;S1700
RR1997M,steve-austin,Austin,UNKNOWN,,,,S033;S034;S477;S624;S1177;S1700,FALSE,N/A,FALSE,N/A,S033;S034;S477;S624;S1177;S1700
RR1997M,bart-gunn,Bart Gunn,UNKNOWN,,,,S033;S034;S024;S029;S035;S470;S466;S481;S593;S594;S1159;S1700,FALSE,N/A,FALSE,N/A,S033;S034;S024;S029;S035;S470;S466;S481;S593;S594;S1159;S1700
RR1997M,jake-roberts,Roberts,UNKNOWN,,,,S033;S034;S032;S035;S472;S1178;S1700,FALSE,N/A,FALSE,N/A,S033;S034;S032;S035;S472;S1178;S1700
RR1997M,british-bulldog,Bulldog,UNKNOWN,,,,S033;S034;S020;S021;S018;S019;S022;S024;S123;S124;S131;S544;S1196;S1700,FALSE,N/A,FALSE,N/A,S033;S034;S020;S021;S018;S019;S022;S024;S123;S124;S131;S544;S1196;S1700
RR1997M,pierroth-jr,Pierroth Jr.,UNKNOWN,,,,S033;S034;S632;S1196;S1700,FALSE,N/A,FALSE,N/A,S033;S034;S632;S1196;S1700
RR1997M,the-sultan,The Sultan,UNKNOWN,,,,S033;S034;S473;S477;S614;S1183;S1700,FALSE,N/A,FALSE,N/A,S033;S034;S473;S477;S614;S1183;S1700
RR1997M,mil-mascaras,Mil Mascaras,UNKNOWN,,,,S033;S034;S633;S1184;S1700,FALSE,N/A,FALSE,N/A,S033;S034;S633;S1184;S1700
RR1997M,hunter-hearst-helmsley,Helmsley,UNKNOWN,,,,S033;S034;S477;S473;S619;S1173;S1700,FALSE,N/A,FALSE,N/A,S033;S034;S477;S473;S619;S1173;S1700
RR1997M,owen-hart,Owen Hart,UNKNOWN,,,,S033;S034;S024;S029;S035;S466;S481;S577;S1150;S1196;S1700,FALSE,N/A,FALSE,N/A,S033;S034;S024;S029;S035;S466;S481;S577;S1150;S1196;S1700
RR1997M,goldust,Goldust,UNKNOWN,,,,S033;S034;S473;S477;S634;S1196;S1700,FALSE,N/A,FALSE,N/A,S033;S034;S473;S477;S634;S1196;S1700
RR1997M,cibernetico,Cibernetico,UNKNOWN,,,,S033;S034;S635;S1185;S1700,FALSE,N/A,FALSE,N/A,S033;S034;S635;S1185;S1700
RR1997M,marc-mero,Marc Mero,UNKNOWN,,,,S033;S034;S473;S477;S636;S1196;S1700,FALSE,N/A,FALSE,N/A,S033;S034;S473;S477;S636;S1196;S1700
RR1997M,latin-lover,Latin Lover,UNKNOWN,,,,S033;S034;S637;S1196;S1700,FALSE,N/A,FALSE,N/A,S033;S034;S637;S1196;S1700
RR1997M,faarooq,Faarooq,UNKNOWN,,,,S033;S034;S103;S116;S477;S638;S1186;S1700,FALSE,N/A,FALSE,N/A,S033;S034;S103;S116;S477;S638;S1186;S1700
RR1997M,savio-vega,Savio,UNKNOWN,,,,S033;S034;S627;S1180;S588;S1700,FALSE,N/A,FALSE,N/A,S033;S034;S627;S1180;S588;S1700
RR1997M,jesse-james,Jesse James,UNKNOWN,,,,S033;S034;S477;S639;S1187;S1700,FALSE,N/A,FALSE,N/A,S033;S034;S477;S639;S1187;S1700
RR1997M,bret-hart,Bret Hart,UNKNOWN,,,,S033;S034;S477;S1163;S1700,FALSE,N/A,FALSE,N/A,S033;S034;S477;S1163;S1700
RR1997M,jerry-lawler,Lawler,UNKNOWN,,,,S033;S034;S477;S027;S028;S469;S566;S1138;S1700,FALSE,N/A,FALSE,N/A,S033;S034;S477;S027;S028;S469;S566;S1138;S1700
RR1997M,fake-diesel,Fake Diesel,UNKNOWN,,,,S033;S034;S477;S628;S1188;S1693;S1700,FALSE,N/A,FALSE,N/A,S033;S034;S477;S628;S1188;S1693;S1700
RR1997M,terry-funk,Terry Funk,UNKNOWN,,,,S033;S034;S640;S1189;S1700,FALSE,N/A,FALSE,N/A,S033;S034;S640;S1189;S1700
RR1997M,rocky-maivia,Rocky Maivia,UNKNOWN,,,,S033;S034;S477;S641;S1190;S1700,FALSE,N/A,FALSE,N/A,S033;S034;S477;S641;S1190;S1700
RR1997M,mankind,Mankind,UNKNOWN,,,,S033;S034;S473;S477;S642;S1191;S1700,FALSE,N/A,FALSE,N/A,S033;S034;S473;S477;S642;S1191;S1700
RR1997M,flash-funk,Flash Funk,UNKNOWN,,,,S033;S034;S477;S473;S643;S1196;S1700,FALSE,N/A,FALSE,N/A,S033;S034;S477;S473;S643;S1196;S1700
RR1997M,vader,Vader,UNKNOWN,,,,S033;S034;S626;S1179;S1700,FALSE,N/A,FALSE,N/A,S033;S034;S626;S1179;S1700
RR1997M,henry-godwinn,Henry Godwinn,UNKNOWN,,,,S033;S034;S477;S611;S1169;S1700,FALSE,N/A,FALSE,N/A,S033;S034;S477;S611;S1169;S1700
RR1997M,the-undertaker,Undertaker,UNKNOWN,,,,S033;S034;S027;S028;S465;S469;S543;S1196;S1700,FALSE,N/A,FALSE,N/A,S033;S034;S027;S028;S465;S469;S543;S1196;S1700
RR1994M,bastion-booger,Bastion Booger,,,,,S035;S022;S466;S481;S600;S1193;S1699;S1700,FALSE,N/A,FALSE,N/A,S035;S022;S466;S481;S600;S1193;S1699;S1700
RR1998M,cactus-jack,Cactus Jack,UNKNOWN,,,,S024;S043;S050;S478;S474;S481;S642;S1197;S1700,FALSE,N/A,FALSE,N/A,S024;S043;S050;S478;S474;S481;S642;S1197;S1700
RR1998M,terry-funk,Chainsaw Charlie,UNKNOWN,,,,S024;S043;S050;S478;S474;S481;S640;S1198;S1700,FALSE,N/A,FALSE,N/A,S024;S043;S050;S478;S474;S481;S640;S1198;S1700
RR1998M,steve-blackman,Steve Blackman,UNKNOWN,,,,S024;S043;S050;S474;S481;S644;S1199;S1700,FALSE,N/A,FALSE,N/A,S024;S043;S050;S474;S481;S644;S1199;S1700
RR1998M,rocky-maivia,The Rock,UNKNOWN,,,,S024;S043;S050;S478;S474;S481;S641;S1200;S1700,FALSE,N/A,FALSE,N/A,S024;S043;S050;S478;S474;S481;S641;S1200;S1700
RR1998M,bradshaw,Bradshaw,UNKNOWN,,,,S024;S043;S050;S474;S481;S645;S1308;S1700,FALSE,N/A,FALSE,N/A,S024;S043;S050;S474;S481;S645;S1308;S1700
RR1998M,tom-brandi,Tom Brandi,UNKNOWN,,,,S024;S043;S050;S474;S481;S646;S1308;S1700,FALSE,N/A,FALSE,N/A,S024;S043;S050;S474;S481;S646;S1308;S1700
RR1998M,d-lo-brown,D-Lo Brown,UNKNOWN,,,,S024;S043;S050;S478;S474;S481;S647;S1201;S1700,FALSE,N/A,FALSE,N/A,S024;S043;S050;S478;S474;S481;S647;S1201;S1700
RR1998M,chainz,Chainz,UNKNOWN,,,,S024;S043;S050;S478;S474;S481;S648;S1308;S1700,FALSE,N/A,FALSE,N/A,S024;S043;S050;S478;S474;S481;S648;S1308;S1700
RR1998M,eight-ball,Eight-Ball,UNKNOWN,,,,S024;S043;S050;S478;S474;S481;S601;S1308;S1700,FALSE,N/A,FALSE,N/A,S024;S043;S050;S478;S474;S481;S601;S1308;S1700
RR1998M,faarooq,Farooq,UNKNOWN,,,,S024;S043;S050;S478;S474;S481;S638;S1202;S1700,FALSE,N/A,FALSE,N/A,S024;S043;S050;S478;S474;S481;S638;S1202;S1700
RR1998M,henry-godwinn,Henry Godwinn,UNKNOWN,,,,S024;S043;S050;S478;S474;S481;S611;S1203;S1700,FALSE,N/A,FALSE,N/A,S024;S043;S050;S478;S474;S481;S611;S1203;S1700
RR1998M,phineas-godwinn,Phinneus Godwinn,UNKNOWN,,,,S024;S043;S050;S478;S474;S481;S631;S1308;S1700,FALSE,N/A,FALSE,N/A,S024;S043;S050;S478;S474;S481;S631;S1308;S1700
RR1998M,goldust,Goldust,UNKNOWN,,,,S024;S043;S050;S474;S478;S481;S634;S1308;S1700,FALSE,N/A,FALSE,N/A,S024;S043;S050;S474;S478;S481;S634;S1308;S1700
RR1998M,owen-hart,Owen Hart,UNKNOWN,,,,S024;S043;S050;S474;S481;S029;S035;S466;S577;S1204;S1700,FALSE,N/A,FALSE,N/A,S024;S043;S050;S474;S481;S029;S035;S466;S577;S1204;S1700
RR1998M,mark-henry,Mark Henry,UNKNOWN,,,,S024;S043;S050;S478;S474;S481;S649;S1205;S1700,FALSE,N/A,FALSE,N/A,S024;S043;S050;S478;S474;S481;S649;S1205;S1700
RR1998M,the-honky-tonk-man,Honky Tonk Man,UNKNOWN,,TRUE,,S024;S043;S050;S478;S474;S481;S1308;S1700,FALSE,N/A,TRUE,UNKNOWN,S024;S043;S050;S478;S474;S481;S1308;S1700;S1725
RR1998M,jeff-jarrett,Jeff Jarrett,UNKNOWN,,,,S024;S043;S050;S474;S478;S481;S029;S035;S470;S466;S587;S1206;S1700,FALSE,N/A,FALSE,N/A,S024;S043;S050;S474;S478;S481;S029;S035;S470;S466;S587;S1206;S1700
RR1998M,ahmed-johnson,Ahmed Johnson,UNKNOWN,,,,S024;S043;S050;S474;S481;S629;S1207;S1700,FALSE,N/A,FALSE,N/A,S024;S043;S050;S474;S481;S629;S1207;S1700
RR1998M,kurrgan,Kurrgan,UNKNOWN,,,,S024;S043;S050;S474;S478;S481;S650;S667;S1308;S1700,FALSE,N/A,FALSE,N/A,S024;S043;S050;S474;S478;S481;S650;S667;S1308;S1700
RR1998M,dude-love,Dude Love,UNKNOWN,,,,S024;S043;S050;S478;S474;S481;S642;S1208;S1700,FALSE,N/A,FALSE,N/A,S024;S043;S050;S478;S474;S481;S642;S1208;S1700
RR1998M,mankind,Mankind,UNKNOWN,,,,S024;S043;S050;S478;S474;S481;S642;S1209;S1700,FALSE,N/A,FALSE,N/A,S024;S043;S050;S478;S474;S481;S642;S1209;S1700
RR1998M,marc-mero,Mark Mero,UNKNOWN,,,,S024;S043;S050;S474;S478;S481;S636;S1308;S1700,FALSE,N/A,FALSE,N/A,S024;S043;S050;S474;S478;S481;S636;S1308;S1700
RR1998M,mosh,Mosh,UNKNOWN,,,,S024;S043;S050;S478;S474;S481;S651;S1210;S1700,FALSE,N/A,FALSE,N/A,S024;S043;S050;S478;S474;S481;S651;S1210;S1700
RR1998M,kama,Kama Mustafa,UNKNOWN,,,,S024;S043;S050;S478;S474;S481;S622;S1308;S1700,FALSE,N/A,FALSE,N/A,S024;S043;S050;S478;S474;S481;S622;S1308;S1700
RR1998M,ken-shamrock,Ken Shamrock,UNKNOWN,,,,S024;S043;S050;S474;S481;S652;S1211;S1700,FALSE,N/A,FALSE,N/A,S024;S043;S050;S474;S481;S652;S1211;S1700
RR1998M,thrasher,Thrasher,UNKNOWN,,,,S024;S043;S050;S478;S474;S481;S651;S1212;S1700,FALSE,N/A,FALSE,N/A,S024;S043;S050;S478;S474;S481;S651;S1212;S1700
RR1998M,savio-vega,Savio Vega,UNKNOWN,,,,S024;S043;S050;S478;S474;S481;S627;S1213;S588;S1700,FALSE,N/A,FALSE,N/A,S024;S043;S050;S478;S474;S481;S627;S1213;S588;S1700
RR1998M,steve-austin,Steve Austin,UNKNOWN,,,,S024;S043;S050;S478;S624;S1214;S1700,FALSE,N/A,FALSE,N/A,S024;S043;S050;S478;S624;S1214;S1700
RR1999M,steve-austin,Steve Austin,UNKNOWN,,,,S044;S045;S479;S624;S1214;S1700,FALSE,N/A,FALSE,N/A,S044;S045;S479;S624;S1214;S1700
RR1999M,vince-mcmahon,Vince McMahon,UNKNOWN,,,,S044;S045;S479;S653;S1215;S1700,FALSE,N/A,FALSE,N/A,S044;S045;S479;S653;S1215;S1700
RR1999M,golga,Golga,UNKNOWN,,,,S044;S045;S479;S654;S667;S1309;S1700,FALSE,N/A,FALSE,N/A,S044;S045;S479;S654;S667;S1309;S1700
RR1999M,droz,Droz,UNKNOWN,,,,S044;S045;S655;S667;S1309;S1700,FALSE,N/A,FALSE,N/A,S044;S045;S655;S667;S1309;S1700
RR1999M,edge,Edge,UNKNOWN,,,,S044;S045;S479;S656;S1216;S1700,FALSE,N/A,FALSE,N/A,S044;S045;S479;S656;S1216;S1700
RR1999M,gillberg,Gillberg,UNKNOWN,,,,S044;S045;S479;S657;S1217;S1700,FALSE,N/A,FALSE,N/A,S044;S045;S479;S657;S1217;S1700
RR1999M,steve-blackman,Steve Blackman,UNKNOWN,,,,S044;S045;S644;S1199;S1700,FALSE,N/A,FALSE,N/A,S044;S045;S644;S1199;S1700
RR1999M,dan-severn,Dan Severn,UNKNOWN,,,,S044;S045;S658;S1218;S1700,FALSE,N/A,FALSE,N/A,S044;S045;S658;S1218;S1700
RR1999M,tiger-ali-singh,Tiger Ali Singh,UNKNOWN,,,,S044;S045;S475;S479;S659;S1219;S1700,FALSE,N/A,FALSE,N/A,S044;S045;S475;S479;S659;S1219;S1700
RR1999M,blue-meanie,Blue Meanie,UNKNOWN,,,,S044;S045;S479;S660;S667;S1309;S1700,FALSE,N/A,FALSE,N/A,S044;S045;S479;S660;S667;S1309;S1700
RR1999M,mabel,Mabel,UNKNOWN,,,,S044;S045;S479;S024;S029;S035;S470;S466;S481;S589;S591;S1309;S1700,FALSE,N/A,FALSE,N/A,S044;S045;S479;S024;S029;S035;S470;S466;S481;S589;S591;S1309;S1700
RR1999M,jesse-james,Road Dogg,UNKNOWN,,,,S044;S045;S479;S475;S639;S1220;S1700,FALSE,N/A,FALSE,N/A,S044;S045;S479;S475;S639;S1220;S1700
RR1999M,gangrel,Gangrel,UNKNOWN,,,,S044;S045;S479;S661;S1221;S1700,FALSE,N/A,FALSE,N/A,S044;S045;S479;S661;S1221;S1700
RR1999M,kurrgan,Kurrgan,UNKNOWN,,,,S044;S045;S479;S650;S667;S1309;S1700,FALSE,N/A,FALSE,N/A,S044;S045;S479;S650;S667;S1309;S1700
RR1999M,al-snow,Al Snow,UNKNOWN,,,,S044;S045;S479;S662;S1222;S1700,FALSE,N/A,FALSE,N/A,S044;S045;S479;S662;S1222;S1700
RR1999M,goldust,Goldust,UNKNOWN,,,,S044;S045;S634;S1309;S1700,FALSE,N/A,FALSE,N/A,S044;S045;S634;S1309;S1700
RR1999M,the-godfather,Godfather,UNKNOWN,,,,S044;S045;S479;S622;S1309;S1700,FALSE,N/A,FALSE,N/A,S044;S045;S479;S622;S1309;S1700
RR1999M,kane,Kane,UNKNOWN,,,,S044;S045;S479;S628;S1223;S1700,FALSE,N/A,FALSE,N/A,S044;S045;S479;S628;S1223;S1700
RR1999M,ken-shamrock,Ken Shamrock,UNKNOWN,,,,S044;S045;S479;S475;S652;S1211;S1700,FALSE,N/A,FALSE,N/A,S044;S045;S479;S475;S652;S1211;S1700
RR1999M,billy-gunn,Billy Gunn,UNKNOWN,,,,S044;S045;S479;S024;S029;S035;S470;S466;S481;S593;S595;S1224;S1700,FALSE,N/A,FALSE,N/A,S044;S045;S479;S024;S029;S035;S470;S466;S481;S593;S595;S1224;S1700
RR1999M,test,Test,UNKNOWN,,,,S044;S045;S479;S663;S1225;S1700,FALSE,N/A,FALSE,N/A,S044;S045;S479;S663;S1225;S1700
RR1999M,big-boss-man,Big Boss Man,UNKNOWN,,,,S044;S045;S479;S664;S1226;S1700,FALSE,N/A,FALSE,N/A,S044;S045;S479;S664;S1226;S1700
RR1999M,hunter-hearst-helmsley,Triple H,UNKNOWN,,,,S044;S045;S479;S619;S1227;S1700,FALSE,N/A,FALSE,N/A,S044;S045;S479;S619;S1227;S1700
RR1999M,val-venis,Val Venis,UNKNOWN,,,,S044;S045;S665;S1228;S1700,FALSE,N/A,FALSE,N/A,S044;S045;S665;S1228;S1700
RR1999M,1-2-3-kid,X-Pac,UNKNOWN,,,,S044;S045;S479;S475;S615;S1229;S1700,FALSE,N/A,FALSE,N/A,S044;S045;S479;S475;S615;S1229;S1700
RR1999M,mark-henry,Mark Henry,UNKNOWN,,,,S044;S045;S649;S1205;S1700,FALSE,N/A,FALSE,N/A,S044;S045;S649;S1205;S1700
RR1999M,jeff-jarrett,Jeff Jarrett,UNKNOWN,,,,S044;S045;S479;S475;S024;S029;S035;S470;S466;S481;S587;S1206;S1700,FALSE,N/A,FALSE,N/A,S044;S045;S479;S475;S024;S029;S035;S470;S466;S481;S587;S1206;S1700
RR1999M,d-lo-brown,D-Lo Brown,UNKNOWN,,,,S044;S045;S647;S1201;S1700,FALSE,N/A,FALSE,N/A,S044;S045;S647;S1201;S1700
RR1999M,owen-hart,Owen Hart,UNKNOWN,,,,S044;S045;S479;S475;S024;S029;S035;S466;S481;S577;S1204;S1700,FALSE,N/A,FALSE,N/A,S044;S045;S479;S475;S024;S029;S035;S466;S481;S577;S1204;S1700
RR1999M,chyna,Chyna,UNKNOWN,,,,S044;S045;S479;S666;S1230;S1700,FALSE,N/A,FALSE,N/A,S044;S045;S479;S666;S1230;S1700
RR2000M,d-lo-brown,D'Lo Brown,UNKNOWN,,,,S024;S046;S050;S058;S476;S481;S044;S045;S647;S024;S046;S050;S058;S476;S481;S044;S045;S647;S024;S046;S050;S058;S476;S481;S044;S045;S647;S024;S046;S050;S058;S476;S481;S044;S045;S647;S024;S046;S050;S058;S476;S481;S044;S045;S647;S024;S046;S050;S058;S476;S481;S044;S045;S647;S024;S046;S050;S058;S476;S481;S044;S045;S647;S024;S046;S050;S058;S476;S481;S044;S045;S647;S1201;S1700,FALSE,N/A,FALSE,N/A,S024;S046;S050;S058;S476;S481;S044;S045;S647;S024;S046;S050;S058;S476;S481;S044;S045;S647;S024;S046;S050;S058;S476;S481;S044;S045;S647;S024;S046;S050;S058;S476;S481;S044;S045;S647;S024;S046;S050;S058;S476;S481;S044;S045;S647;S024;S046;S050;S058;S476;S481;S044;S045;S647;S024;S046;S050;S058;S476;S481;S044;S045;S647;S024;S046;S050;S058;S476;S481;S044;S045;S647;S1201;S1700
RR2000M,brian-christopher,Brian Christopher,UNKNOWN,,,,S024;S046;S050;S058;S480;S476;S481;S668;S1231;S1700,FALSE,N/A,FALSE,N/A,S024;S046;S050;S058;S480;S476;S481;S668;S1231;S1700
RR2000M,mosh,Headbanger Mosh,UNKNOWN,,,,S024;S046;S050;S058;S480;S476;S481;S024;S043;S050;S478;S474;S481;S651;S024;S046;S050;S058;S480;S476;S481;S024;S043;S050;S478;S474;S481;S651;S024;S046;S050;S058;S480;S476;S481;S024;S043;S050;S478;S474;S481;S651;S024;S046;S050;S058;S480;S476;S481;S024;S043;S050;S478;S474;S481;S651;S024;S046;S050;S058;S480;S476;S481;S024;S043;S050;S478;S474;S481;S651;S024;S046;S050;S058;S480;S476;S481;S024;S043;S050;S478;S474;S481;S651;S024;S046;S050;S058;S480;S476;S481;S024;S043;S050;S478;S474;S481;S651;S024;S046;S050;S058;S480;S476;S481;S024;S043;S050;S478;S474;S481;S651;S1210;S1700,FALSE,N/A,FALSE,N/A,S024;S046;S050;S058;S480;S476;S481;S024;S043;S050;S478;S474;S481;S651;S024;S046;S050;S058;S480;S476;S481;S024;S043;S050;S478;S474;S481;S651;S024;S046;S050;S058;S480;S476;S481;S024;S043;S050;S478;S474;S481;S651;S024;S046;S050;S058;S480;S476;S481;S024;S043;S050;S478;S474;S481;S651;S024;S046;S050;S058;S480;S476;S481;S024;S043;S050;S478;S474;S481;S651;S024;S046;S050;S058;S480;S476;S481;S024;S043;S050;S478;S474;S481;S651;S024;S046;S050;S058;S480;S476;S481;S024;S043;S050;S478;S474;S481;S651;S024;S046;S050;S058;S480;S476;S481;S024;S043;S050;S478;S474;S481;S651;S1210;S1700
RR2000M,christian,Christian,UNKNOWN,,,,S024;S046;S050;S058;S476;S481;S669;S1232;S1700,FALSE,N/A,FALSE,N/A,S024;S046;S050;S058;S476;S481;S669;S1232;S1700
RR2000M,rikishi,Rikishi,UNKNOWN,,,,S024;S046;S050;S058;S480;S476;S481;S670;S1233;S1700,FALSE,N/A,FALSE,N/A,S024;S046;S050;S058;S480;S476;S481;S670;S1233;S1700
RR2000M,test,Test,UNKNOWN,,,,S024;S046;S050;S058;S476;S481;S044;S045;S479;S663;S067;S044;S045;S479;S663;S067;S044;S045;S479;S663;S067;S044;S045;S479;S663;S067;S044;S045;S479;S663;S067;S044;S045;S479;S663;S067;S044;S045;S479;S663;S067;S044;S045;S479;S663;S1225;S1700,FALSE,N/A,FALSE,N/A,S024;S046;S050;S058;S476;S481;S044;S045;S479;S663;S067;S044;S045;S479;S663;S067;S044;S045;S479;S663;S067;S044;S045;S479;S663;S067;S044;S045;S479;S663;S067;S044;S045;S479;S663;S067;S044;S045;S479;S663;S067;S044;S045;S479;S663;S1225;S1700
RR2000M,big-boss-man,Big Boss Man,UNKNOWN,,,,S024;S046;S050;S058;S480;S476;S481;S044;S045;S479;S664;S040;S049;S050;S481;S044;S045;S479;S664;S040;S049;S050;S481;S044;S045;S479;S664;S040;S049;S050;S481;S044;S045;S479;S664;S040;S049;S050;S481;S044;S045;S479;S664;S040;S049;S050;S481;S044;S045;S479;S664;S040;S049;S050;S481;S044;S045;S479;S664;S040;S049;S050;S481;S044;S045;S479;S664;S1226;S1700,FALSE,N/A,FALSE,N/A,S024;S046;S050;S058;S480;S476;S481;S044;S045;S479;S664;S040;S049;S050;S481;S044;S045;S479;S664;S040;S049;S050;S481;S044;S045;S479;S664;S040;S049;S050;S481;S044;S045;S479;S664;S040;S049;S050;S481;S044;S045;S479;S664;S040;S049;S050;S481;S044;S045;S479;S664;S040;S049;S050;S481;S044;S045;S479;S664;S040;S049;S050;S481;S044;S045;S479;S664;S1226;S1700
RR2000M,edge,Edge,UNKNOWN,,,,S024;S046;S050;S058;S476;S481;S044;S045;S479;S656;S068;S069;S436;S044;S045;S479;S656;S068;S069;S436;S044;S045;S479;S656;S068;S069;S436;S044;S045;S479;S656;S068;S069;S436;S044;S045;S479;S656;S068;S069;S436;S044;S045;S479;S656;S068;S069;S436;S044;S045;S479;S656;S068;S069;S436;S044;S045;S479;S656;S1216;S1700,FALSE,N/A,FALSE,N/A,S024;S046;S050;S058;S476;S481;S044;S045;S479;S656;S068;S069;S436;S044;S045;S479;S656;S068;S069;S436;S044;S045;S479;S656;S068;S069;S436;S044;S045;S479;S656;S068;S069;S436;S044;S045;S479;S656;S068;S069;S436;S044;S045;S479;S656;S068;S069;S436;S044;S045;S479;S656;S068;S069;S436;S044;S045;S479;S656;S1216;S1700
RR2000M,gangrel,Gangrel,UNKNOWN,,,,S024;S046;S050;S058;S476;S481;S044;S045;S479;S661;S024;S046;S050;S058;S476;S481;S044;S045;S479;S661;S024;S046;S050;S058;S476;S481;S044;S045;S479;S661;S024;S046;S050;S058;S476;S481;S044;S045;S479;S661;S024;S046;S050;S058;S476;S481;S044;S045;S479;S661;S024;S046;S050;S058;S476;S481;S044;S045;S479;S661;S024;S046;S050;S058;S476;S481;S044;S045;S479;S661;S024;S046;S050;S058;S476;S481;S044;S045;S479;S661;S1221;S1700,FALSE,N/A,FALSE,N/A,S024;S046;S050;S058;S476;S481;S044;S045;S479;S661;S024;S046;S050;S058;S476;S481;S044;S045;S479;S661;S024;S046;S050;S058;S476;S481;S044;S045;S479;S661;S024;S046;S050;S058;S476;S481;S044;S045;S479;S661;S024;S046;S050;S058;S476;S481;S044;S045;S479;S661;S024;S046;S050;S058;S476;S481;S044;S045;S479;S661;S024;S046;S050;S058;S476;S481;S044;S045;S479;S661;S024;S046;S050;S058;S476;S481;S044;S045;S479;S661;S1221;S1700
RR2000M,british-bulldog,The British Bulldog,UNKNOWN,,,,S024;S046;S050;S058;S476;S481;S033;S034;S020;S021;S018;S019;S022;S024;S123;S124;S131;S544;S024;S046;S050;S058;S476;S481;S033;S034;S020;S021;S018;S019;S022;S024;S123;S124;S131;S544;S024;S046;S050;S058;S476;S481;S033;S034;S020;S021;S018;S019;S022;S024;S123;S124;S131;S544;S024;S046;S050;S058;S476;S481;S033;S034;S020;S021;S018;S019;S022;S024;S123;S124;S131;S544;S024;S046;S050;S058;S476;S481;S033;S034;S020;S021;S018;S019;S022;S024;S123;S124;S131;S544;S024;S046;S050;S058;S476;S481;S033;S034;S020;S021;S018;S019;S022;S024;S123;S124;S131;S544;S024;S046;S050;S058;S476;S481;S033;S034;S020;S021;S018;S019;S022;S024;S123;S124;S131;S544;S024;S046;S050;S058;S476;S481;S033;S034;S020;S021;S018;S019;S022;S024;S123;S124;S131;S544;S1310;S1700,FALSE,N/A,FALSE,N/A,S024;S046;S050;S058;S476;S481;S033;S034;S020;S021;S018;S019;S022;S024;S123;S124;S131;S544;S024;S046;S050;S058;S476;S481;S033;S034;S020;S021;S018;S019;S022;S024;S123;S124;S131;S544;S024;S046;S050;S058;S476;S481;S033;S034;S020;S021;S018;S019;S022;S024;S123;S124;S131;S544;S024;S046;S050;S058;S476;S481;S033;S034;S020;S021;S018;S019;S022;S024;S123;S124;S131;S544;S024;S046;S050;S058;S476;S481;S033;S034;S020;S021;S018;S019;S022;S024;S123;S124;S131;S544;S024;S046;S050;S058;S476;S481;S033;S034;S020;S021;S018;S019;S022;S024;S123;S124;S131;S544;S024;S046;S050;S058;S476;S481;S033;S034;S020;S021;S018;S019;S022;S024;S123;S124;S131;S544;S024;S046;S050;S058;S476;S481;S033;S034;S020;S021;S018;S019;S022;S024;S123;S124;S131;S544;S1310;S1700
RR2000M,bob-backlund,Bob Backlund,UNKNOWN,,,,S024;S046;S050;S058;S476;S481;S032;S035;S024;S029;S466;S481;S564;S024;S046;S050;S058;S476;S481;S032;S035;S024;S029;S466;S481;S564;S024;S046;S050;S058;S476;S481;S032;S035;S024;S029;S466;S481;S564;S024;S046;S050;S058;S476;S481;S032;S035;S024;S029;S466;S481;S564;S024;S046;S050;S058;S476;S481;S032;S035;S024;S029;S466;S481;S564;S024;S046;S050;S058;S476;S481;S032;S035;S024;S029;S466;S481;S564;S024;S046;S050;S058;S476;S481;S032;S035;S024;S029;S466;S481;S564;S024;S046;S050;S058;S476;S481;S032;S035;S024;S029;S466;S481;S564;S1234;S1700,FALSE,N/A,TRUE,UNKNOWN,S024;S046;S050;S058;S476;S481;S032;S035;S024;S029;S466;S481;S564;S024;S046;S050;S058;S476;S481;S032;S035;S024;S029;S466;S481;S564;S024;S046;S050;S058;S476;S481;S032;S035;S024;S029;S466;S481;S564;S024;S046;S050;S058;S476;S481;S032;S035;S024;S029;S466;S481;S564;S024;S046;S050;S058;S476;S481;S032;S035;S024;S029;S466;S481;S564;S024;S046;S050;S058;S476;S481;S032;S035;S024;S029;S466;S481;S564;S024;S046;S050;S058;S476;S481;S032;S035;S024;S029;S466;S481;S564;S024;S046;S050;S058;S476;S481;S032;S035;S024;S029;S466;S481;S564;S1234;S1700;S1725
RR2000M,scott-taylor,Scott Taylor,UNKNOWN,,,,S024;S046;S050;S058;S480;S476;S481;S729;S1310;S1700,FALSE,N/A,FALSE,N/A,S024;S046;S050;S058;S480;S476;S481;S729;S1310;S1700
RR2000M,steve-blackman,Steve Blackman,UNKNOWN,,,,S024;S046;S050;S058;S480;S476;S481;S044;S045;S644;S047;S048;S044;S045;S644;S047;S048;S044;S045;S644;S047;S048;S044;S045;S644;S047;S048;S044;S045;S644;S047;S048;S044;S045;S644;S047;S048;S044;S045;S644;S047;S048;S044;S045;S644;S1199;S1700,FALSE,N/A,FALSE,N/A,S024;S046;S050;S058;S480;S476;S481;S044;S045;S644;S047;S048;S044;S045;S644;S047;S048;S044;S045;S644;S047;S048;S044;S045;S644;S047;S048;S044;S045;S644;S047;S048;S044;S045;S644;S047;S048;S044;S045;S644;S047;S048;S044;S045;S644;S1199;S1700
RR2000M,mabel,Viscera,UNKNOWN,,,,S024;S046;S050;S058;S480;S476;S481;S044;S045;S479;S024;S029;S035;S470;S466;S481;S589;S591;S068;S069;S494;S044;S045;S479;S024;S029;S035;S470;S466;S481;S589;S591;S068;S069;S494;S044;S045;S479;S024;S029;S035;S470;S466;S481;S589;S591;S068;S069;S494;S044;S045;S479;S024;S029;S035;S470;S466;S481;S589;S591;S068;S069;S494;S044;S045;S479;S024;S029;S035;S470;S466;S481;S589;S591;S068;S069;S494;S044;S045;S479;S024;S029;S035;S470;S466;S481;S589;S591;S068;S069;S494;S044;S045;S479;S024;S029;S035;S470;S466;S481;S589;S591;S068;S069;S494;S044;S045;S479;S024;S029;S035;S470;S466;S481;S589;S591;S1310;S1700,FALSE,N/A,FALSE,N/A,S024;S046;S050;S058;S480;S476;S481;S044;S045;S479;S024;S029;S035;S470;S466;S481;S589;S591;S068;S069;S494;S044;S045;S479;S024;S029;S035;S470;S466;S481;S589;S591;S068;S069;S494;S044;S045;S479;S024;S029;S035;S470;S466;S481;S589;S591;S068;S069;S494;S044;S045;S479;S024;S029;S035;S470;S466;S481;S589;S591;S068;S069;S494;S044;S045;S479;S024;S029;S035;S470;S466;S481;S589;S591;S068;S069;S494;S044;S045;S479;S024;S029;S035;S470;S466;S481;S589;S591;S068;S069;S494;S044;S045;S479;S024;S029;S035;S470;S466;S481;S589;S591;S068;S069;S494;S044;S045;S479;S024;S029;S035;S470;S466;S481;S589;S591;S1310;S1700
RR2000M,chris-jericho,Chris Jericho,UNKNOWN,,,,S024;S046;S050;S058;S480;S476;S481;S671;S1235;S1700,FALSE,N/A,FALSE,N/A,S024;S046;S050;S058;S480;S476;S481;S671;S1235;S1700
RR2000M,crash-holly,Crash Holly,UNKNOWN,,,,S024;S046;S050;S058;S480;S476;S481;S672;S1236;S1688;S1700,FALSE,N/A,FALSE,N/A,S024;S046;S050;S058;S480;S476;S481;S672;S1236;S1688;S1700
RR2000M,chyna,Chyna,UNKNOWN,,,,S024;S046;S050;S058;S476;S481;S044;S045;S479;S666;S024;S046;S050;S058;S476;S481;S044;S045;S479;S666;S024;S046;S050;S058;S476;S481;S044;S045;S479;S666;S024;S046;S050;S058;S476;S481;S044;S045;S479;S666;S024;S046;S050;S058;S476;S481;S044;S045;S479;S666;S024;S046;S050;S058;S476;S481;S044;S045;S479;S666;S024;S046;S050;S058;S476;S481;S044;S045;S479;S666;S024;S046;S050;S058;S476;S481;S044;S045;S479;S666;S1230;S1700,FALSE,N/A,FALSE,N/A,S024;S046;S050;S058;S476;S481;S044;S045;S479;S666;S024;S046;S050;S058;S476;S481;S044;S045;S479;S666;S024;S046;S050;S058;S476;S481;S044;S045;S479;S666;S024;S046;S050;S058;S476;S481;S044;S045;S479;S666;S024;S046;S050;S058;S476;S481;S044;S045;S479;S666;S024;S046;S050;S058;S476;S481;S044;S045;S479;S666;S024;S046;S050;S058;S476;S481;S044;S045;S479;S666;S024;S046;S050;S058;S476;S481;S044;S045;S479;S666;S1230;S1700
RR2000M,faarooq,Faarooq,UNKNOWN,,,,S024;S046;S050;S058;S480;S476;S481;S024;S043;S050;S478;S474;S481;S638;S024;S037;S040;S049;S050;S051;S481;S487;S024;S043;S050;S478;S474;S481;S638;S024;S037;S040;S049;S050;S051;S481;S487;S024;S043;S050;S478;S474;S481;S638;S024;S037;S040;S049;S050;S051;S481;S487;S024;S043;S050;S478;S474;S481;S638;S024;S037;S040;S049;S050;S051;S481;S487;S024;S043;S050;S478;S474;S481;S638;S024;S037;S040;S049;S050;S051;S481;S487;S024;S043;S050;S478;S474;S481;S638;S024;S037;S040;S049;S050;S051;S481;S487;S024;S043;S050;S478;S474;S481;S638;S024;S037;S040;S049;S050;S051;S481;S487;S024;S043;S050;S478;S474;S481;S638;S1202;S1700,FALSE,N/A,FALSE,N/A,S024;S046;S050;S058;S480;S476;S481;S024;S043;S050;S478;S474;S481;S638;S024;S037;S040;S049;S050;S051;S481;S487;S024;S043;S050;S478;S474;S481;S638;S024;S037;S040;S049;S050;S051;S481;S487;S024;S043;S050;S478;S474;S481;S638;S024;S037;S040;S049;S050;S051;S481;S487;S024;S043;S050;S478;S474;S481;S638;S024;S037;S040;S049;S050;S051;S481;S487;S024;S043;S050;S478;S474;S481;S638;S024;S037;S040;S049;S050;S051;S481;S487;S024;S043;S050;S478;S474;S481;S638;S024;S037;S040;S049;S050;S051;S481;S487;S024;S043;S050;S478;S474;S481;S638;S024;S037;S040;S049;S050;S051;S481;S487;S024;S043;S050;S478;S474;S481;S638;S1202;S1700
RR2000M,jesse-james,Jesse James,UNKNOWN,,,,S024;S046;S050;S058;S480;S476;S481;S044;S045;S479;S475;S639;S024;S046;S050;S058;S480;S476;S481;S044;S045;S479;S475;S639;S024;S046;S050;S058;S480;S476;S481;S044;S045;S479;S475;S639;S024;S046;S050;S058;S480;S476;S481;S044;S045;S479;S475;S639;S024;S046;S050;S058;S480;S476;S481;S044;S045;S479;S475;S639;S024;S046;S050;S058;S480;S476;S481;S044;S045;S479;S475;S639;S024;S046;S050;S058;S480;S476;S481;S044;S045;S479;S475;S639;S024;S046;S050;S058;S480;S476;S481;S044;S045;S479;S475;S639;S1220;S1700,FALSE,N/A,FALSE,N/A,S024;S046;S050;S058;S480;S476;S481;S044;S045;S479;S475;S639;S024;S046;S050;S058;S480;S476;S481;S044;S045;S479;S475;S639;S024;S046;S050;S058;S480;S476;S481;S044;S045;S479;S475;S639;S024;S046;S050;S058;S480;S476;S481;S044;S045;S479;S475;S639;S024;S046;S050;S058;S480;S476;S481;S044;S045;S479;S475;S639;S024;S046;S050;S058;S480;S476;S481;S044;S045;S479;S475;S639;S024;S046;S050;S058;S480;S476;S481;S044;S045;S479;S475;S639;S024;S046;S050;S058;S480;S476;S481;S044;S045;S479;S475;S639;S1220;S1700
RR2000M,al-snow,Al Snow,UNKNOWN,,,,S024;S046;S050;S058;S480;S476;S481;S044;S045;S479;S662;S040;S049;S050;S481;S044;S045;S479;S662;S040;S049;S050;S481;S044;S045;S479;S662;S040;S049;S050;S481;S044;S045;S479;S662;S040;S049;S050;S481;S044;S045;S479;S662;S040;S049;S050;S481;S044;S045;S479;S662;S040;S049;S050;S481;S044;S045;S479;S662;S040;S049;S050;S481;S044;S045;S479;S662;S1222;S1700,FALSE,N/A,FALSE,N/A,S024;S046;S050;S058;S480;S476;S481;S044;S045;S479;S662;S040;S049;S050;S481;S044;S045;S479;S662;S040;S049;S050;S481;S044;S045;S479;S662;S040;S049;S050;S481;S044;S045;S479;S662;S040;S049;S050;S481;S044;S045;S479;S662;S040;S049;S050;S481;S044;S045;S479;S662;S040;S049;S050;S481;S044;S045;S479;S662;S040;S049;S050;S481;S044;S045;S479;S662;S1222;S1700
RR2000M,val-venis,Val Venis,UNKNOWN,,,,S024;S046;S050;S058;S476;S481;S044;S045;S665;S040;S049;S050;S481;S044;S045;S665;S040;S049;S050;S481;S044;S045;S665;S040;S049;S050;S481;S044;S045;S665;S040;S049;S050;S481;S044;S045;S665;S040;S049;S050;S481;S044;S045;S665;S040;S049;S050;S481;S044;S045;S665;S040;S049;S050;S481;S044;S045;S665;S1228;S1700,FALSE,N/A,FALSE,N/A,S024;S046;S050;S058;S476;S481;S044;S045;S665;S040;S049;S050;S481;S044;S045;S665;S040;S049;S050;S481;S044;S045;S665;S040;S049;S050;S481;S044;S045;S665;S040;S049;S050;S481;S044;S045;S665;S040;S049;S050;S481;S044;S045;S665;S040;S049;S050;S481;S044;S045;S665;S040;S049;S050;S481;S044;S045;S665;S1228;S1700
RR2000M,prince-albert,Prince Albert,UNKNOWN,,,,S024;S046;S050;S058;S480;S476;S481;S673;S1310;S1700,FALSE,N/A,FALSE,N/A,S024;S046;S050;S058;S480;S476;S481;S673;S1310;S1700
RR2000M,hardcore-holly,Hardcore Holly,UNKNOWN,,,,S024;S046;S050;S058;S480;S476;S481;S674;S1237;S592;S1700,FALSE,N/A,FALSE,N/A,S024;S046;S050;S058;S480;S476;S481;S674;S1237;S592;S1700
RR2000M,billy-gunn,Billy Gunn,UNKNOWN,,,,S024;S046;S050;S058;S480;S476;S481;S044;S045;S479;S024;S029;S035;S470;S466;S481;S593;S595;S067;S073;S040;S052;S042;S481;S044;S045;S479;S024;S029;S035;S470;S466;S481;S593;S595;S067;S073;S040;S052;S042;S481;S044;S045;S479;S024;S029;S035;S470;S466;S481;S593;S595;S067;S073;S040;S052;S042;S481;S044;S045;S479;S024;S029;S035;S470;S466;S481;S593;S595;S067;S073;S040;S052;S042;S481;S044;S045;S479;S024;S029;S035;S470;S466;S481;S593;S595;S067;S073;S040;S052;S042;S481;S044;S045;S479;S024;S029;S035;S470;S466;S481;S593;S595;S067;S073;S040;S052;S042;S481;S044;S045;S479;S024;S029;S035;S470;S466;S481;S593;S595;S067;S073;S040;S052;S042;S481;S044;S045;S479;S024;S029;S035;S470;S466;S481;S593;S595;S1224;S1700,FALSE,N/A,FALSE,N/A,S024;S046;S050;S058;S480;S476;S481;S044;S045;S479;S024;S029;S035;S470;S466;S481;S593;S595;S067;S073;S040;S052;S042;S481;S044;S045;S479;S024;S029;S035;S470;S466;S481;S593;S595;S067;S073;S040;S052;S042;S481;S044;S045;S479;S024;S029;S035;S470;S466;S481;S593;S595;S067;S073;S040;S052;S042;S481;S044;S045;S479;S024;S029;S035;S470;S466;S481;S593;S595;S067;S073;S040;S052;S042;S481;S044;S045;S479;S024;S029;S035;S470;S466;S481;S593;S595;S067;S073;S040;S052;S042;S481;S044;S045;S479;S024;S029;S035;S470;S466;S481;S593;S595;S067;S073;S040;S052;S042;S481;S044;S045;S479;S024;S029;S035;S470;S466;S481;S593;S595;S067;S073;S040;S052;S042;S481;S044;S045;S479;S024;S029;S035;S470;S466;S481;S593;S595;S1224;S1700
RR2000M,big-show,Big Show,UNKNOWN,,,,S024;S046;S050;S058;S476;S481;S675;S1238;S1700,FALSE,N/A,FALSE,N/A,S024;S046;S050;S058;S476;S481;S675;S1238;S1700
RR2000M,bradshaw,Bradshaw,UNKNOWN,,,,S024;S037;S046;S050;S058;S059;S480;S476;S481;S024;S043;S050;S474;S481;S645;S067;S073;S040;S052;S042;S481;S024;S043;S050;S474;S481;S645;S067;S073;S040;S052;S042;S481;S024;S043;S050;S474;S481;S645;S067;S073;S040;S052;S042;S481;S024;S043;S050;S474;S481;S645;S067;S073;S040;S052;S042;S481;S024;S043;S050;S474;S481;S645;S067;S073;S040;S052;S042;S481;S024;S043;S050;S474;S481;S645;S067;S073;S040;S052;S042;S481;S024;S043;S050;S474;S481;S645;S067;S073;S040;S052;S042;S481;S024;S043;S050;S474;S481;S645;S1310;S1700,FALSE,N/A,FALSE,N/A,S024;S037;S046;S050;S058;S059;S480;S476;S481;S024;S043;S050;S474;S481;S645;S067;S073;S040;S052;S042;S481;S024;S043;S050;S474;S481;S645;S067;S073;S040;S052;S042;S481;S024;S043;S050;S474;S481;S645;S067;S073;S040;S052;S042;S481;S024;S043;S050;S474;S481;S645;S067;S073;S040;S052;S042;S481;S024;S043;S050;S474;S481;S645;S067;S073;S040;S052;S042;S481;S024;S043;S050;S474;S481;S645;S067;S073;S040;S052;S042;S481;S024;S043;S050;S474;S481;S645;S067;S073;S040;S052;S042;S481;S024;S043;S050;S474;S481;S645;S1310;S1700
RR2000M,kane,Kane,UNKNOWN,,,,S024;S037;S046;S050;S058;S059;S476;S481;S044;S045;S479;S628;S068;S069;S044;S045;S479;S628;S068;S069;S044;S045;S479;S628;S068;S069;S044;S045;S479;S628;S068;S069;S044;S045;S479;S628;S068;S069;S044;S045;S479;S628;S068;S069;S044;S045;S479;S628;S068;S069;S044;S045;S479;S628;S1223;S1700,FALSE,N/A,FALSE,N/A,S024;S037;S046;S050;S058;S059;S476;S481;S044;S045;S479;S628;S068;S069;S044;S045;S479;S628;S068;S069;S044;S045;S479;S628;S068;S069;S044;S045;S479;S628;S068;S069;S044;S045;S479;S628;S068;S069;S044;S045;S479;S628;S068;S069;S044;S045;S479;S628;S068;S069;S044;S045;S479;S628;S1223;S1700
RR2000M,the-godfather,The Godfather,UNKNOWN,,,,S024;S046;S050;S058;S480;S476;S481;S044;S045;S479;S622;S040;S049;S050;S481;S044;S045;S479;S622;S040;S049;S050;S481;S044;S045;S479;S622;S040;S049;S050;S481;S044;S045;S479;S622;S040;S049;S050;S481;S044;S045;S479;S622;S040;S049;S050;S481;S044;S045;S479;S622;S040;S049;S050;S481;S044;S045;S479;S622;S040;S049;S050;S481;S044;S045;S479;S622;S1310;S1700,FALSE,N/A,FALSE,N/A,S024;S046;S050;S058;S480;S476;S481;S044;S045;S479;S622;S040;S049;S050;S481;S044;S045;S479;S622;S040;S049;S050;S481;S044;S045;S479;S622;S040;S049;S050;S481;S044;S045;S479;S622;S040;S049;S050;S481;S044;S045;S479;S622;S040;S049;S050;S481;S044;S045;S479;S622;S040;S049;S050;S481;S044;S045;S479;S622;S040;S049;S050;S481;S044;S045;S479;S622;S1310;S1700
RR2000M,1-2-3-kid,X-Pac,UNKNOWN,,,,S024;S046;S050;S058;S480;S476;S481;S044;S045;S479;S475;S615;S024;S046;S050;S058;S480;S476;S481;S044;S045;S479;S475;S615;S024;S046;S050;S058;S480;S476;S481;S044;S045;S479;S475;S615;S024;S046;S050;S058;S480;S476;S481;S044;S045;S479;S475;S615;S024;S046;S050;S058;S480;S476;S481;S044;S045;S479;S475;S615;S024;S046;S050;S058;S480;S476;S481;S044;S045;S479;S475;S615;S024;S046;S050;S058;S480;S476;S481;S044;S045;S479;S475;S615;S024;S046;S050;S058;S480;S476;S481;S044;S045;S479;S475;S615;S1229;S1700,FALSE,N/A,FALSE,N/A,S024;S046;S050;S058;S480;S476;S481;S044;S045;S479;S475;S615;S024;S046;S050;S058;S480;S476;S481;S044;S045;S479;S475;S615;S024;S046;S050;S058;S480;S476;S481;S044;S045;S479;S475;S615;S024;S046;S050;S058;S480;S476;S481;S044;S045;S479;S475;S615;S024;S046;S050;S058;S480;S476;S481;S044;S045;S479;S475;S615;S024;S046;S050;S058;S480;S476;S481;S044;S045;S479;S475;S615;S024;S046;S050;S058;S480;S476;S481;S044;S045;S479;S475;S615;S024;S046;S050;S058;S480;S476;S481;S044;S045;S479;S475;S615;S1229;S1700
RR2000M,rocky-maivia,The Rock,UNKNOWN,,,,S024;S046;S050;S058;S480;S024;S043;S050;S478;S474;S481;S641;S047;S048;S486;S024;S043;S050;S478;S474;S481;S641;S047;S048;S486;S024;S043;S050;S478;S474;S481;S641;S047;S048;S486;S024;S043;S050;S478;S474;S481;S641;S047;S048;S486;S024;S043;S050;S478;S474;S481;S641;S047;S048;S486;S024;S043;S050;S478;S474;S481;S641;S047;S048;S486;S024;S043;S050;S478;S474;S481;S641;S047;S048;S486;S024;S043;S050;S478;S474;S481;S641;S1200;S1700,FALSE,N/A,FALSE,N/A,S024;S046;S050;S058;S480;S024;S043;S050;S478;S474;S481;S641;S047;S048;S486;S024;S043;S050;S478;S474;S481;S641;S047;S048;S486;S024;S043;S050;S478;S474;S481;S641;S047;S048;S486;S024;S043;S050;S478;S474;S481;S641;S047;S048;S486;S024;S043;S050;S478;S474;S481;S641;S047;S048;S486;S024;S043;S050;S478;S474;S481;S641;S047;S048;S486;S024;S043;S050;S478;S474;S481;S641;S047;S048;S486;S024;S043;S050;S478;S474;S481;S641;S1200;S1700
RR2001M,jeff-hardy,Jeff Hardy,UNKNOWN,,,,S047;S048;S486;S482;S676;S1239;S1700,FALSE,N/A,FALSE,N/A,S047;S048;S486;S482;S676;S1239;S1700
RR2001M,bull-buchanan,Bull Buchanan,UNKNOWN,,,,S047;S048;S482;S486;S677;S1311;S1700,FALSE,N/A,FALSE,N/A,S047;S048;S482;S486;S677;S1311;S1700
RR2001M,matt-hardy,Matt Hardy,UNKNOWN,,,,S047;S048;S486;S482;S678;S1241;S1700,FALSE,N/A,FALSE,N/A,S047;S048;S486;S482;S678;S1241;S1700
RR2001M,faarooq,Faarooq,UNKNOWN,,,,S047;S048;S434;S486;S024;S043;S050;S478;S474;S481;S638;S024;S037;S040;S049;S050;S051;S481;S487;S024;S043;S050;S478;S474;S481;S638;S024;S037;S040;S049;S050;S051;S481;S487;S024;S043;S050;S478;S474;S481;S638;S024;S037;S040;S049;S050;S051;S481;S487;S024;S043;S050;S478;S474;S481;S638;S024;S037;S040;S049;S050;S051;S481;S487;S024;S043;S050;S478;S474;S481;S638;S024;S037;S040;S049;S050;S051;S481;S487;S024;S043;S050;S478;S474;S481;S638;S024;S037;S040;S049;S050;S051;S481;S487;S024;S043;S050;S478;S474;S481;S638;S024;S037;S040;S049;S050;S051;S481;S487;S024;S043;S050;S478;S474;S481;S638;S1202;S1700,FALSE,N/A,FALSE,N/A,S047;S048;S434;S486;S024;S043;S050;S478;S474;S481;S638;S024;S037;S040;S049;S050;S051;S481;S487;S024;S043;S050;S478;S474;S481;S638;S024;S037;S040;S049;S050;S051;S481;S487;S024;S043;S050;S478;S474;S481;S638;S024;S037;S040;S049;S050;S051;S481;S487;S024;S043;S050;S478;S474;S481;S638;S024;S037;S040;S049;S050;S051;S481;S487;S024;S043;S050;S478;S474;S481;S638;S024;S037;S040;S049;S050;S051;S481;S487;S024;S043;S050;S478;S474;S481;S638;S024;S037;S040;S049;S050;S051;S481;S487;S024;S043;S050;S478;S474;S481;S638;S024;S037;S040;S049;S050;S051;S481;S487;S024;S043;S050;S478;S474;S481;S638;S1202;S1700
RR2001M,drew-carey,Drew Carey,UNKNOWN,,,,S047;S048;S679;S1311;S1700,FALSE,N/A,FALSE,N/A,S047;S048;S679;S1311;S1700
RR2001M,kane,Kane,UNKNOWN,,,,S047;S048;S486;S044;S045;S479;S628;S068;S069;S044;S045;S479;S628;S068;S069;S044;S045;S479;S628;S068;S069;S044;S045;S479;S628;S068;S069;S044;S045;S479;S628;S068;S069;S044;S045;S479;S628;S068;S069;S044;S045;S479;S628;S068;S069;S044;S045;S479;S628;S1223;S1700,FALSE,N/A,FALSE,N/A,S047;S048;S486;S044;S045;S479;S628;S068;S069;S044;S045;S479;S628;S068;S069;S044;S045;S479;S628;S068;S069;S044;S045;S479;S628;S068;S069;S044;S045;S479;S628;S068;S069;S044;S045;S479;S628;S068;S069;S044;S045;S479;S628;S068;S069;S044;S045;S479;S628;S1223;S1700
RR2001M,raven,Raven,UNKNOWN,,,,S047;S048;S486;S482;S680;S1243;S1700,FALSE,N/A,FALSE,N/A,S047;S048;S486;S482;S680;S1243;S1700
RR2001M,al-snow,Al Snow,UNKNOWN,,,,S047;S048;S044;S045;S479;S662;S040;S049;S050;S481;S044;S045;S479;S662;S040;S049;S050;S481;S044;S045;S479;S662;S040;S049;S050;S481;S044;S045;S479;S662;S040;S049;S050;S481;S044;S045;S479;S662;S040;S049;S050;S481;S044;S045;S479;S662;S040;S049;S050;S481;S044;S045;S479;S662;S040;S049;S050;S481;S044;S045;S479;S662;S1222;S1700,FALSE,N/A,FALSE,N/A,S047;S048;S044;S045;S479;S662;S040;S049;S050;S481;S044;S045;S479;S662;S040;S049;S050;S481;S044;S045;S479;S662;S040;S049;S050;S481;S044;S045;S479;S662;S040;S049;S050;S481;S044;S045;S479;S662;S040;S049;S050;S481;S044;S045;S479;S662;S040;S049;S050;S481;S044;S045;S479;S662;S040;S049;S050;S481;S044;S045;S479;S662;S1222;S1700
RR2001M,perry-saturn,Perry Saturn,UNKNOWN,,,,S047;S048;S486;S681;S1244;S1700,FALSE,N/A,FALSE,N/A,S047;S048;S486;S681;S1244;S1700
RR2001M,steve-blackman,Steve Blackman,UNKNOWN,,,,S047;S048;S044;S045;S644;S047;S048;S044;S045;S644;S047;S048;S044;S045;S644;S047;S048;S044;S045;S644;S047;S048;S044;S045;S644;S047;S048;S044;S045;S644;S047;S048;S044;S045;S644;S047;S048;S044;S045;S644;S1199;S1700,FALSE,N/A,FALSE,N/A,S047;S048;S044;S045;S644;S047;S048;S044;S045;S644;S047;S048;S044;S045;S644;S047;S048;S044;S045;S644;S047;S048;S044;S045;S644;S047;S048;S044;S045;S644;S047;S048;S044;S045;S644;S047;S048;S044;S045;S644;S1199;S1700
RR2001M,brian-christopher,Grand Master Sexay,UNKNOWN,,,,S047;S048;S486;S668;S1231;S1700,FALSE,N/A,FALSE,N/A,S047;S048;S486;S668;S1231;S1700
RR2001M,the-honky-tonk-man,Honky Tonk Man,UNKNOWN,,,,S047;S048;S486;S047;S048;S486;S047;S048;S486;S047;S048;S486;S047;S048;S486;S047;S048;S486;S047;S048;S486;S047;S048;S486;S047;S048;S486;S047;S048;S486;S047;S048;S486;S047;S048;S486;S047;S048;S486;S047;S048;S486;S047;S048;S486;S047;S048;S486;S1311;S1700,FALSE,N/A,TRUE,UNKNOWN,S047;S048;S486;S047;S048;S486;S047;S048;S486;S047;S048;S486;S047;S048;S486;S047;S048;S486;S047;S048;S486;S047;S048;S486;S047;S048;S486;S047;S048;S486;S047;S048;S486;S047;S048;S486;S047;S048;S486;S047;S048;S486;S047;S048;S486;S047;S048;S486;S1311;S1700;S1725
RR2001M,rocky-maivia,The Rock,UNKNOWN,,,,S047;S048;S486;S024;S043;S050;S478;S474;S481;S641;S047;S048;S486;S024;S043;S050;S478;S474;S481;S641;S047;S048;S486;S024;S043;S050;S478;S474;S481;S641;S047;S048;S486;S024;S043;S050;S478;S474;S481;S641;S047;S048;S486;S024;S043;S050;S478;S474;S481;S641;S047;S048;S486;S024;S043;S050;S478;S474;S481;S641;S047;S048;S486;S024;S043;S050;S478;S474;S481;S641;S047;S048;S486;S024;S043;S050;S478;S474;S481;S641;S1200;S1700,FALSE,N/A,FALSE,N/A,S047;S048;S486;S024;S043;S050;S478;S474;S481;S641;S047;S048;S486;S024;S043;S050;S478;S474;S481;S641;S047;S048;S486;S024;S043;S050;S478;S474;S481;S641;S047;S048;S486;S024;S043;S050;S478;S474;S481;S641;S047;S048;S486;S024;S043;S050;S478;S474;S481;S641;S047;S048;S486;S024;S043;S050;S478;S474;S481;S641;S047;S048;S486;S024;S043;S050;S478;S474;S481;S641;S047;S048;S486;S024;S043;S050;S478;S474;S481;S641;S1200;S1700
RR2001M,the-godfather,Goodfather,UNKNOWN,,,,S047;S048;S434;S486;S482;S044;S045;S479;S622;S040;S049;S050;S481;S044;S045;S479;S622;S040;S049;S050;S481;S044;S045;S479;S622;S040;S049;S050;S481;S044;S045;S479;S622;S040;S049;S050;S481;S044;S045;S479;S622;S040;S049;S050;S481;S044;S045;S479;S622;S040;S049;S050;S481;S044;S045;S479;S622;S040;S049;S050;S481;S044;S045;S479;S622;S1311;S1700,FALSE,N/A,FALSE,N/A,S047;S048;S434;S486;S482;S044;S045;S479;S622;S040;S049;S050;S481;S044;S045;S479;S622;S040;S049;S050;S481;S044;S045;S479;S622;S040;S049;S050;S481;S044;S045;S479;S622;S040;S049;S050;S481;S044;S045;S479;S622;S040;S049;S050;S481;S044;S045;S479;S622;S040;S049;S050;S481;S044;S045;S479;S622;S040;S049;S050;S481;S044;S045;S479;S622;S1311;S1700
RR2001M,tazz,Tazz,UNKNOWN,,,,S047;S048;S682;S1245;S1700,FALSE,N/A,FALSE,N/A,S047;S048;S682;S1245;S1700
RR2001M,bradshaw,Bradshaw,UNKNOWN,,,,S047;S048;S434;S486;S024;S043;S050;S474;S481;S645;S067;S073;S040;S052;S042;S481;S024;S043;S050;S474;S481;S645;S067;S073;S040;S052;S042;S481;S024;S043;S050;S474;S481;S645;S067;S073;S040;S052;S042;S481;S024;S043;S050;S474;S481;S645;S067;S073;S040;S052;S042;S481;S024;S043;S050;S474;S481;S645;S067;S073;S040;S052;S042;S481;S024;S043;S050;S474;S481;S645;S067;S073;S040;S052;S042;S481;S024;S043;S050;S474;S481;S645;S067;S073;S040;S052;S042;S481;S024;S043;S050;S474;S481;S645;S1311;S1700,FALSE,N/A,FALSE,N/A,S047;S048;S434;S486;S024;S043;S050;S474;S481;S645;S067;S073;S040;S052;S042;S481;S024;S043;S050;S474;S481;S645;S067;S073;S040;S052;S042;S481;S024;S043;S050;S474;S481;S645;S067;S073;S040;S052;S042;S481;S024;S043;S050;S474;S481;S645;S067;S073;S040;S052;S042;S481;S024;S043;S050;S474;S481;S645;S067;S073;S040;S052;S042;S481;S024;S043;S050;S474;S481;S645;S067;S073;S040;S052;S042;S481;S024;S043;S050;S474;S481;S645;S067;S073;S040;S052;S042;S481;S024;S043;S050;S474;S481;S645;S1311;S1700
RR2001M,prince-albert,Albert,UNKNOWN,,,,S047;S048;S673;S1311;S1700,FALSE,N/A,FALSE,N/A,S047;S048;S673;S1311;S1700
RR2001M,hardcore-holly,Hardcore Holly,UNKNOWN,,,,S047;S048;S434;S674;S1237;S592;S1700,FALSE,N/A,FALSE,N/A,S047;S048;S434;S674;S1237;S592;S1700
RR2001M,k-kwik,K-Kwik,UNKNOWN,,,,S047;S048;S434;S486;S683;S1311;S1700,FALSE,N/A,FALSE,N/A,S047;S048;S434;S486;S683;S1311;S1700
RR2001M,val-venis,Val Venis,UNKNOWN,,,,S047;S048;S434;S482;S486;S044;S045;S665;S040;S049;S050;S481;S044;S045;S665;S040;S049;S050;S481;S044;S045;S665;S040;S049;S050;S481;S044;S045;S665;S040;S049;S050;S481;S044;S045;S665;S040;S049;S050;S481;S044;S045;S665;S040;S049;S050;S481;S044;S045;S665;S040;S049;S050;S481;S044;S045;S665;S1228;S1700,FALSE,N/A,FALSE,N/A,S047;S048;S434;S482;S486;S044;S045;S665;S040;S049;S050;S481;S044;S045;S665;S040;S049;S050;S481;S044;S045;S665;S040;S049;S050;S481;S044;S045;S665;S040;S049;S050;S481;S044;S045;S665;S040;S049;S050;S481;S044;S045;S665;S040;S049;S050;S481;S044;S045;S665;S040;S049;S050;S481;S044;S045;S665;S1228;S1700
RR2001M,william-regal,William Regal,UNKNOWN,,,,S047;S048;S434;S486;S482;S684;S1246;S1700,FALSE,N/A,FALSE,N/A,S047;S048;S434;S486;S482;S684;S1246;S1700
RR2001M,test,Test,UNKNOWN,,,,S047;S048;S434;S044;S045;S479;S663;S067;S044;S045;S479;S663;S067;S044;S045;S479;S663;S067;S044;S045;S479;S663;S067;S044;S045;S479;S663;S067;S044;S045;S479;S663;S067;S044;S045;S479;S663;S067;S044;S045;S479;S663;S1225;S1700,FALSE,N/A,FALSE,N/A,S047;S048;S434;S044;S045;S479;S663;S067;S044;S045;S479;S663;S067;S044;S045;S479;S663;S067;S044;S045;S479;S663;S067;S044;S045;S479;S663;S067;S044;S045;S479;S663;S067;S044;S045;S479;S663;S067;S044;S045;S479;S663;S1225;S1700
RR2001M,big-show,Big Show,UNKNOWN,,TRUE,several months,S047;S048;S675;S1238;S1700,FALSE,N/A,TRUE,several months,S047;S048;S675;S1238;S1700;S1725
RR2001M,crash-holly,Crash Holly,UNKNOWN,,,,S047;S048;S672;S1236;S1688;S1700,FALSE,N/A,FALSE,N/A,S047;S048;S672;S1236;S1688;S1700
RR2001M,the-undertaker,The Undertaker,UNKNOWN,,,,S047;S048;S486;S033;S034;S027;S028;S465;S469;S543;S065;S066;S488;S033;S034;S027;S028;S465;S469;S543;S065;S066;S488;S033;S034;S027;S028;S465;S469;S543;S065;S066;S488;S033;S034;S027;S028;S465;S469;S543;S065;S066;S488;S033;S034;S027;S028;S465;S469;S543;S065;S066;S488;S033;S034;S027;S028;S465;S469;S543;S065;S066;S488;S033;S034;S027;S028;S465;S469;S543;S065;S066;S488;S033;S034;S027;S028;S465;S469;S543;S1311;S1700,FALSE,N/A,FALSE,N/A,S047;S048;S486;S033;S034;S027;S028;S465;S469;S543;S065;S066;S488;S033;S034;S027;S028;S465;S469;S543;S065;S066;S488;S033;S034;S027;S028;S465;S469;S543;S065;S066;S488;S033;S034;S027;S028;S465;S469;S543;S065;S066;S488;S033;S034;S027;S028;S465;S469;S543;S065;S066;S488;S033;S034;S027;S028;S465;S469;S543;S065;S066;S488;S033;S034;S027;S028;S465;S469;S543;S065;S066;S488;S033;S034;S027;S028;S465;S469;S543;S1311;S1700
RR2001M,scott-taylor,Scotty 2 Hotty,UNKNOWN,,,,S047;S048;S486;S729;S1311;S1700,FALSE,N/A,FALSE,N/A,S047;S048;S486;S729;S1311;S1700
RR2001M,steve-austin,Steve Austin,UNKNOWN,,,,S025;S036;S040;S047;S048;S050;S486;S044;S045;S479;S624;S040;S049;S050;S481;S487;S044;S045;S479;S624;S040;S049;S050;S481;S487;S044;S045;S479;S624;S040;S049;S050;S481;S487;S044;S045;S479;S624;S040;S049;S050;S481;S487;S044;S045;S479;S624;S040;S049;S050;S481;S487;S044;S045;S479;S624;S040;S049;S050;S481;S487;S044;S045;S479;S624;S040;S049;S050;S481;S487;S044;S045;S479;S624;S1214;S1700,FALSE,N/A,FALSE,N/A,S025;S036;S040;S047;S048;S050;S486;S044;S045;S479;S624;S040;S049;S050;S481;S487;S044;S045;S479;S624;S040;S049;S050;S481;S487;S044;S045;S479;S624;S040;S049;S050;S481;S487;S044;S045;S479;S624;S040;S049;S050;S481;S487;S044;S045;S479;S624;S040;S049;S050;S481;S487;S044;S045;S479;S624;S040;S049;S050;S481;S487;S044;S045;S479;S624;S040;S049;S050;S481;S487;S044;S045;S479;S624;S1214;S1700
RR2001M,billy-gunn,Billy Gunn,UNKNOWN,,,,S047;S048;S044;S045;S479;S024;S029;S035;S470;S466;S481;S593;S595;S067;S073;S040;S052;S042;S481;S044;S045;S479;S024;S029;S035;S470;S466;S481;S593;S595;S067;S073;S040;S052;S042;S481;S044;S045;S479;S024;S029;S035;S470;S466;S481;S593;S595;S067;S073;S040;S052;S042;S481;S044;S045;S479;S024;S029;S035;S470;S466;S481;S593;S595;S067;S073;S040;S052;S042;S481;S044;S045;S479;S024;S029;S035;S470;S466;S481;S593;S595;S067;S073;S040;S052;S042;S481;S044;S045;S479;S024;S029;S035;S470;S466;S481;S593;S595;S067;S073;S040;S052;S042;S481;S044;S045;S479;S024;S029;S035;S470;S466;S481;S593;S595;S067;S073;S040;S052;S042;S481;S044;S045;S479;S024;S029;S035;S470;S466;S481;S593;S595;S1224;S1700,FALSE,N/A,FALSE,N/A,S047;S048;S044;S045;S479;S024;S029;S035;S470;S466;S481;S593;S595;S067;S073;S040;S052;S042;S481;S044;S045;S479;S024;S029;S035;S470;S466;S481;S593;S595;S067;S073;S040;S052;S042;S481;S044;S045;S479;S024;S029;S035;S470;S466;S481;S593;S595;S067;S073;S040;S052;S042;S481;S044;S045;S479;S024;S029;S035;S470;S466;S481;S593;S595;S067;S073;S040;S052;S042;S481;S044;S045;S479;S024;S029;S035;S470;S466;S481;S593;S595;S067;S073;S040;S052;S042;S481;S044;S045;S479;S024;S029;S035;S470;S466;S481;S593;S595;S067;S073;S040;S052;S042;S481;S044;S045;S479;S024;S029;S035;S470;S466;S481;S593;S595;S067;S073;S040;S052;S042;S481;S044;S045;S479;S024;S029;S035;S470;S466;S481;S593;S595;S1224;S1700
RR2001M,haku,Haku,UNKNOWN,,,,S047;S048;S434;S486;S685;S1247;S1700,FALSE,N/A,FALSE,N/A,S047;S048;S434;S486;S685;S1247;S1700
RR2001M,rikishi,Rikishi,UNKNOWN,,,,S047;S048;S670;S1233;S1700,FALSE,N/A,FALSE,N/A,S047;S048;S670;S1233;S1700
RR2002M,al-snow,Al Snow,UNKNOWN,,,,S040;S049;S050;S481;S044;S045;S479;S662;S040;S049;S050;S481;S044;S045;S479;S662;S040;S049;S050;S481;S044;S045;S479;S662;S040;S049;S050;S481;S044;S045;S479;S662;S040;S049;S050;S481;S044;S045;S479;S662;S040;S049;S050;S481;S044;S045;S479;S662;S040;S049;S050;S481;S044;S045;S479;S662;S040;S049;S050;S481;S044;S045;S479;S662;S1222;S1700,FALSE,N/A,FALSE,N/A,S040;S049;S050;S481;S044;S045;S479;S662;S040;S049;S050;S481;S044;S045;S479;S662;S040;S049;S050;S481;S044;S045;S479;S662;S040;S049;S050;S481;S044;S045;S479;S662;S040;S049;S050;S481;S044;S045;S479;S662;S040;S049;S050;S481;S044;S045;S479;S662;S040;S049;S050;S481;S044;S045;S479;S662;S040;S049;S050;S481;S044;S045;S479;S662;S1222;S1700
RR2002M,prince-albert,Albert,UNKNOWN,,,,S040;S049;S050;S481;S673;S1312;S1700,FALSE,N/A,FALSE,N/A,S040;S049;S050;S481;S673;S1312;S1700
RR2002M,big-show,Big Show,UNKNOWN,,,,S040;S049;S050;S481;S675;S1238;S1700,FALSE,N/A,FALSE,N/A,S040;S049;S050;S481;S675;S1238;S1700
RR2002M,billy-gunn,Billy Gunn,UNKNOWN,,,,S040;S049;S050;S481;S487;S483;S044;S045;S479;S024;S029;S035;S470;S466;S481;S593;S595;S067;S073;S040;S052;S042;S481;S044;S045;S479;S024;S029;S035;S470;S466;S481;S593;S595;S067;S073;S040;S052;S042;S481;S044;S045;S479;S024;S029;S035;S470;S466;S481;S593;S595;S067;S073;S040;S052;S042;S481;S044;S045;S479;S024;S029;S035;S470;S466;S481;S593;S595;S067;S073;S040;S052;S042;S481;S044;S045;S479;S024;S029;S035;S470;S466;S481;S593;S595;S067;S073;S040;S052;S042;S481;S044;S045;S479;S024;S029;S035;S470;S466;S481;S593;S595;S067;S073;S040;S052;S042;S481;S044;S045;S479;S024;S029;S035;S470;S466;S481;S593;S595;S067;S073;S040;S052;S042;S481;S044;S045;S479;S024;S029;S035;S470;S466;S481;S593;S595;S1224;S1700,FALSE,N/A,FALSE,N/A,S040;S049;S050;S481;S487;S483;S044;S045;S479;S024;S029;S035;S470;S466;S481;S593;S595;S067;S073;S040;S052;S042;S481;S044;S045;S479;S024;S029;S035;S470;S466;S481;S593;S595;S067;S073;S040;S052;S042;S481;S044;S045;S479;S024;S029;S035;S470;S466;S481;S593;S595;S067;S073;S040;S052;S042;S481;S044;S045;S479;S024;S029;S035;S470;S466;S481;S593;S595;S067;S073;S040;S052;S042;S481;S044;S045;S479;S024;S029;S035;S470;S466;S481;S593;S595;S067;S073;S040;S052;S042;S481;S044;S045;S479;S024;S029;S035;S470;S466;S481;S593;S595;S067;S073;S040;S052;S042;S481;S044;S045;S479;S024;S029;S035;S470;S466;S481;S593;S595;S067;S073;S040;S052;S042;S481;S044;S045;S479;S024;S029;S035;S470;S466;S481;S593;S595;S1224;S1700
RR2002M,booker-t,Booker T,UNKNOWN,,,,S040;S049;S050;S481;S686;S1248;S1700,FALSE,N/A,FALSE,N/A,S040;S049;S050;S481;S686;S1248;S1700
RR2002M,big-boss-man,Big Bossman,UNKNOWN,,,,S040;S049;S050;S481;S044;S045;S479;S664;S040;S049;S050;S481;S044;S045;S479;S664;S040;S049;S050;S481;S044;S045;S479;S664;S040;S049;S050;S481;S044;S045;S479;S664;S040;S049;S050;S481;S044;S045;S479;S664;S040;S049;S050;S481;S044;S045;S479;S664;S040;S049;S050;S481;S044;S045;S479;S664;S040;S049;S050;S481;S044;S045;S479;S664;S1226;S1700,FALSE,N/A,FALSE,N/A,S040;S049;S050;S481;S044;S045;S479;S664;S040;S049;S050;S481;S044;S045;S479;S664;S040;S049;S050;S481;S044;S045;S479;S664;S040;S049;S050;S481;S044;S045;S479;S664;S040;S049;S050;S481;S044;S045;S479;S664;S040;S049;S050;S481;S044;S045;S479;S664;S040;S049;S050;S481;S044;S045;S479;S664;S040;S049;S050;S481;S044;S045;S479;S664;S1226;S1700
RR2002M,bradshaw,Bradshaw,UNKNOWN,,,,S040;S049;S050;S481;S487;S024;S043;S050;S474;S481;S645;S067;S073;S040;S052;S042;S481;S024;S043;S050;S474;S481;S645;S067;S073;S040;S052;S042;S481;S024;S043;S050;S474;S481;S645;S067;S073;S040;S052;S042;S481;S024;S043;S050;S474;S481;S645;S067;S073;S040;S052;S042;S481;S024;S043;S050;S474;S481;S645;S067;S073;S040;S052;S042;S481;S024;S043;S050;S474;S481;S645;S067;S073;S040;S052;S042;S481;S024;S043;S050;S474;S481;S645;S067;S073;S040;S052;S042;S481;S024;S043;S050;S474;S481;S645;S1312;S1700,FALSE,N/A,FALSE,N/A,S040;S049;S050;S481;S487;S024;S043;S050;S474;S481;S645;S067;S073;S040;S052;S042;S481;S024;S043;S050;S474;S481;S645;S067;S073;S040;S052;S042;S481;S024;S043;S050;S474;S481;S645;S067;S073;S040;S052;S042;S481;S024;S043;S050;S474;S481;S645;S067;S073;S040;S052;S042;S481;S024;S043;S050;S474;S481;S645;S067;S073;S040;S052;S042;S481;S024;S043;S050;S474;S481;S645;S067;S073;S040;S052;S042;S481;S024;S043;S050;S474;S481;S645;S067;S073;S040;S052;S042;S481;S024;S043;S050;S474;S481;S645;S1312;S1700
RR2002M,christian,Christian,UNKNOWN,,,,S040;S049;S050;S481;S487;S483;S669;S1232;S1700,FALSE,N/A,FALSE,N/A,S040;S049;S050;S481;S487;S483;S669;S1232;S1700
RR2002M,chuck-palumbo,Chuck Palumbo,UNKNOWN,,,,S040;S049;S050;S481;S487;S483;S687;S1249;S1700,FALSE,N/A,FALSE,N/A,S040;S049;S050;S481;S487;S483;S687;S1249;S1700
RR2002M,diamond-dallas-page,Diamond Dallas Page,UNKNOWN,,,,S040;S049;S050;S481;S688;S1250;S1700,FALSE,N/A,FALSE,N/A,S040;S049;S050;S481;S688;S1250;S1700
RR2002M,faarooq,Faarooq,UNKNOWN,,,,S024;S037;S040;S049;S050;S051;S481;S487;S024;S043;S050;S478;S474;S481;S638;S024;S037;S040;S049;S050;S051;S481;S487;S024;S043;S050;S478;S474;S481;S638;S024;S037;S040;S049;S050;S051;S481;S487;S024;S043;S050;S478;S474;S481;S638;S024;S037;S040;S049;S050;S051;S481;S487;S024;S043;S050;S478;S474;S481;S638;S024;S037;S040;S049;S050;S051;S481;S487;S024;S043;S050;S478;S474;S481;S638;S024;S037;S040;S049;S050;S051;S481;S487;S024;S043;S050;S478;S474;S481;S638;S024;S037;S040;S049;S050;S051;S481;S487;S024;S043;S050;S478;S474;S481;S638;S024;S037;S040;S049;S050;S051;S481;S487;S024;S043;S050;S478;S474;S481;S638;S1202;S1700,FALSE,N/A,FALSE,N/A,S024;S037;S040;S049;S050;S051;S481;S487;S024;S043;S050;S478;S474;S481;S638;S024;S037;S040;S049;S050;S051;S481;S487;S024;S043;S050;S478;S474;S481;S638;S024;S037;S040;S049;S050;S051;S481;S487;S024;S043;S050;S478;S474;S481;S638;S024;S037;S040;S049;S050;S051;S481;S487;S024;S043;S050;S478;S474;S481;S638;S024;S037;S040;S049;S050;S051;S481;S487;S024;S043;S050;S478;S474;S481;S638;S024;S037;S040;S049;S050;S051;S481;S487;S024;S043;S050;S478;S474;S481;S638;S024;S037;S040;S049;S050;S051;S481;S487;S024;S043;S050;S478;S474;S481;S638;S024;S037;S040;S049;S050;S051;S481;S487;S024;S043;S050;S478;S474;S481;S638;S1202;S1700
RR2002M,the-godfather,The Godfather,UNKNOWN,,,,S040;S049;S050;S481;S044;S045;S479;S622;S040;S049;S050;S481;S044;S045;S479;S622;S040;S049;S050;S481;S044;S045;S479;S622;S040;S049;S050;S481;S044;S045;S479;S622;S040;S049;S050;S481;S044;S045;S479;S622;S040;S049;S050;S481;S044;S045;S479;S622;S040;S049;S050;S481;S044;S045;S479;S622;S040;S049;S050;S481;S044;S045;S479;S622;S1312;S1700,FALSE,N/A,FALSE,N/A,S040;S049;S050;S481;S044;S045;S479;S622;S040;S049;S050;S481;S044;S045;S479;S622;S040;S049;S050;S481;S044;S045;S479;S622;S040;S049;S050;S481;S044;S045;S479;S622;S040;S049;S050;S481;S044;S045;S479;S622;S040;S049;S050;S481;S044;S045;S479;S622;S040;S049;S050;S481;S044;S045;S479;S622;S040;S049;S050;S481;S044;S045;S479;S622;S1312;S1700
RR2002M,goldust,Goldust,UNKNOWN,,TRUE,a few years,S040;S049;S050;S481;S487;S044;S045;S634;S065;S066;S488;S044;S045;S634;S065;S066;S488;S044;S045;S634;S065;S066;S488;S044;S045;S634;S065;S066;S488;S044;S045;S634;S065;S066;S488;S044;S045;S634;S065;S066;S488;S044;S045;S634;S065;S066;S488;S044;S045;S634;S1312;S1700,FALSE,N/A,TRUE,a few years,S040;S049;S050;S481;S487;S044;S045;S634;S065;S066;S488;S044;S045;S634;S065;S066;S488;S044;S045;S634;S065;S066;S488;S044;S045;S634;S065;S066;S488;S044;S045;S634;S065;S066;S488;S044;S045;S634;S065;S066;S488;S044;S045;S634;S065;S066;S488;S044;S045;S634;S1312;S1700;S1725
RR2002M,jeff-hardy,Jeff Hardy,UNKNOWN,,,,S040;S049;S050;S481;S487;S676;S1239;S1700,FALSE,N/A,FALSE,N/A,S040;S049;S050;S481;S487;S676;S1239;S1700
RR2002M,kane,Kane,UNKNOWN,,,,S040;S049;S050;S481;S487;S044;S045;S479;S628;S068;S069;S044;S045;S479;S628;S068;S069;S044;S045;S479;S628;S068;S069;S044;S045;S479;S628;S068;S069;S044;S045;S479;S628;S068;S069;S044;S045;S479;S628;S068;S069;S044;S045;S479;S628;S068;S069;S044;S045;S479;S628;S1223;S1700,FALSE,N/A,FALSE,N/A,S040;S049;S050;S481;S487;S044;S045;S479;S628;S068;S069;S044;S045;S479;S628;S068;S069;S044;S045;S479;S628;S068;S069;S044;S045;S479;S628;S068;S069;S044;S045;S479;S628;S068;S069;S044;S045;S479;S628;S068;S069;S044;S045;S479;S628;S068;S069;S044;S045;S479;S628;S1223;S1700
RR2002M,kurt-angle,Kurt Angle,UNKNOWN,,,,S040;S049;S050;S481;S689;S1251;S1700,FALSE,N/A,FALSE,N/A,S040;S049;S050;S481;S689;S1251;S1700
RR2002M,lance-storm,Lance Storm,UNKNOWN,,,,S040;S049;S050;S481;S690;S1252;S1700,FALSE,N/A,FALSE,N/A,S040;S049;S050;S481;S690;S1252;S1700
RR2002M,matt-hardy,Matt Hardy,UNKNOWN,,,,S040;S049;S050;S481;S487;S678;S1241;S1700,FALSE,N/A,FALSE,N/A,S040;S049;S050;S481;S487;S678;S1241;S1700
RR2002M,maven,Maven,UNKNOWN,,,,S049;S050;S481;S691;S1253;S1700,FALSE,N/A,FALSE,N/A,S049;S050;S481;S691;S1253;S1700
RR2002M,mr-perfect,Mr. Perfect,UNKNOWN,,,,S040;S049;S050;S481;S487;S040;S049;S050;S481;S487;S040;S049;S050;S481;S487;S040;S049;S050;S481;S487;S040;S049;S050;S481;S487;S040;S049;S050;S481;S487;S040;S049;S050;S481;S487;S040;S049;S050;S481;S487;S040;S049;S050;S481;S487;S040;S049;S050;S481;S487;S040;S049;S050;S481;S487;S040;S049;S050;S481;S487;S040;S049;S050;S481;S487;S040;S049;S050;S481;S487;S040;S049;S050;S481;S487;S040;S049;S050;S481;S487;S1254;S1700,FALSE,N/A,TRUE,UNKNOWN,S040;S049;S050;S481;S487;S040;S049;S050;S481;S487;S040;S049;S050;S481;S487;S040;S049;S050;S481;S487;S040;S049;S050;S481;S487;S040;S049;S050;S481;S487;S040;S049;S050;S481;S487;S040;S049;S050;S481;S487;S040;S049;S050;S481;S487;S040;S049;S050;S481;S487;S040;S049;S050;S481;S487;S040;S049;S050;S481;S487;S040;S049;S050;S481;S487;S040;S049;S050;S481;S487;S040;S049;S050;S481;S487;S040;S049;S050;S481;S487;S1254;S1700;S1725
RR2002M,perry-saturn,Perry Saturn,UNKNOWN,,,,S040;S049;S050;S481;S681;S1244;S1700,FALSE,N/A,FALSE,N/A,S040;S049;S050;S481;S681;S1244;S1700
RR2002M,rikishi,Rikishi,UNKNOWN,,,,S040;S049;S050;S481;S670;S1233;S1700,FALSE,N/A,FALSE,N/A,S040;S049;S050;S481;S670;S1233;S1700
RR2002M,rob-van-dam,Rob Van Dam,UNKNOWN,,,,S040;S049;S050;S481;S692;S1255;S1700,FALSE,N/A,FALSE,N/A,S040;S049;S050;S481;S692;S1255;S1700
RR2002M,scott-taylor,Scotty Too Hotty,UNKNOWN,,,,S040;S049;S050;S481;S729;S1312;S1700,FALSE,N/A,FALSE,N/A,S040;S049;S050;S481;S729;S1312;S1700
RR2002M,steve-austin,Steve Austin,UNKNOWN,,,,S040;S049;S050;S481;S487;S044;S045;S479;S624;S040;S049;S050;S481;S487;S044;S045;S479;S624;S040;S049;S050;S481;S487;S044;S045;S479;S624;S040;S049;S050;S481;S487;S044;S045;S479;S624;S040;S049;S050;S481;S487;S044;S045;S479;S624;S040;S049;S050;S481;S487;S044;S045;S479;S624;S040;S049;S050;S481;S487;S044;S045;S479;S624;S040;S049;S050;S481;S487;S044;S045;S479;S624;S1214;S1700,FALSE,N/A,FALSE,N/A,S040;S049;S050;S481;S487;S044;S045;S479;S624;S040;S049;S050;S481;S487;S044;S045;S479;S624;S040;S049;S050;S481;S487;S044;S045;S479;S624;S040;S049;S050;S481;S487;S044;S045;S479;S624;S040;S049;S050;S481;S487;S044;S045;S479;S624;S040;S049;S050;S481;S487;S044;S045;S479;S624;S040;S049;S050;S481;S487;S044;S045;S479;S624;S040;S049;S050;S481;S487;S044;S045;S479;S624;S1214;S1700
RR2002M,test,Test,UNKNOWN,,,,S040;S049;S050;S481;S044;S045;S479;S663;S067;S044;S045;S479;S663;S067;S044;S045;S479;S663;S067;S044;S045;S479;S663;S067;S044;S045;S479;S663;S067;S044;S045;S479;S663;S067;S044;S045;S479;S663;S067;S044;S045;S479;S663;S1225;S1700,FALSE,N/A,FALSE,N/A,S040;S049;S050;S481;S044;S045;S479;S663;S067;S044;S045;S479;S663;S067;S044;S045;S479;S663;S067;S044;S045;S479;S663;S067;S044;S045;S479;S663;S067;S044;S045;S479;S663;S067;S044;S045;S479;S663;S067;S044;S045;S479;S663;S1225;S1700
RR2002M,the-hurricane,The Hurricane,UNKNOWN,,,,S040;S049;S050;S481;S487;S693;S1256;S1700,FALSE,N/A,FALSE,N/A,S040;S049;S050;S481;S487;S693;S1256;S1700
RR2002M,hunter-hearst-helmsley,Triple H,UNKNOWN,,,,S024;S037;S040;S049;S050;S051;S044;S045;S479;S619;S024;S037;S040;S049;S050;S051;S044;S045;S479;S619;S024;S037;S040;S049;S050;S051;S044;S045;S479;S619;S024;S037;S040;S049;S050;S051;S044;S045;S479;S619;S024;S037;S040;S049;S050;S051;S044;S045;S479;S619;S024;S037;S040;S049;S050;S051;S044;S045;S479;S619;S024;S037;S040;S049;S050;S051;S044;S045;S479;S619;S024;S037;S040;S049;S050;S051;S044;S045;S479;S619;S1227;S1700,FALSE,N/A,FALSE,N/A,S024;S037;S040;S049;S050;S051;S044;S045;S479;S619;S024;S037;S040;S049;S050;S051;S044;S045;S479;S619;S024;S037;S040;S049;S050;S051;S044;S045;S479;S619;S024;S037;S040;S049;S050;S051;S044;S045;S479;S619;S024;S037;S040;S049;S050;S051;S044;S045;S479;S619;S024;S037;S040;S049;S050;S051;S044;S045;S479;S619;S024;S037;S040;S049;S050;S051;S044;S045;S479;S619;S024;S037;S040;S049;S050;S051;S044;S045;S479;S619;S1227;S1700
RR2002M,the-undertaker,The Undertaker,UNKNOWN,,,,S040;S049;S050;S481;S487;S483;S033;S034;S027;S028;S465;S469;S543;S065;S066;S488;S033;S034;S027;S028;S465;S469;S543;S065;S066;S488;S033;S034;S027;S028;S465;S469;S543;S065;S066;S488;S033;S034;S027;S028;S465;S469;S543;S065;S066;S488;S033;S034;S027;S028;S465;S469;S543;S065;S066;S488;S033;S034;S027;S028;S465;S469;S543;S065;S066;S488;S033;S034;S027;S028;S465;S469;S543;S065;S066;S488;S033;S034;S027;S028;S465;S469;S543;S1312;S1700,FALSE,N/A,FALSE,N/A,S040;S049;S050;S481;S487;S483;S033;S034;S027;S028;S465;S469;S543;S065;S066;S488;S033;S034;S027;S028;S465;S469;S543;S065;S066;S488;S033;S034;S027;S028;S465;S469;S543;S065;S066;S488;S033;S034;S027;S028;S465;S469;S543;S065;S066;S488;S033;S034;S027;S028;S465;S469;S543;S065;S066;S488;S033;S034;S027;S028;S465;S469;S543;S065;S066;S488;S033;S034;S027;S028;S465;S469;S543;S065;S066;S488;S033;S034;S027;S028;S465;S469;S543;S1312;S1700
RR2002M,val-venis,Val Venis,UNKNOWN,,,,S040;S049;S050;S481;S044;S045;S665;S040;S049;S050;S481;S044;S045;S665;S040;S049;S050;S481;S044;S045;S665;S040;S049;S050;S481;S044;S045;S665;S040;S049;S050;S481;S044;S045;S665;S040;S049;S050;S481;S044;S045;S665;S040;S049;S050;S481;S044;S045;S665;S040;S049;S050;S481;S044;S045;S665;S1228;S1700,FALSE,N/A,FALSE,N/A,S040;S049;S050;S481;S044;S045;S665;S040;S049;S050;S481;S044;S045;S665;S040;S049;S050;S481;S044;S045;S665;S040;S049;S050;S481;S044;S045;S665;S040;S049;S050;S481;S044;S045;S665;S040;S049;S050;S481;S044;S045;S665;S040;S049;S050;S481;S044;S045;S665;S040;S049;S050;S481;S044;S045;S665;S1228;S1700
RR1998M,skull,Skull,,,,,S050;S053;S478;S601;S1308;S1700,FALSE,N/A,FALSE,N/A,S050;S053;S478;S601;S1308;S1700
RR1998M,vader,Vader,,,,,S024;S050;S053;S474;S481;S626;S1257;S1700,FALSE,N/A,FALSE,N/A,S024;S050;S053;S474;S481;S626;S1257;S1700
RR2003M,shawn-michaels,Shawn Michaels,UNKNOWN,,,,S065;S066;S488;S085;S086;S087;S088;S089;S090;S091;S092;S504;S499;S085;S086;S087;S088;S089;S090;S091;S092;S504;S499;S085;S086;S087;S088;S089;S090;S091;S092;S504;S499;S085;S086;S087;S088;S089;S090;S091;S092;S504;S499;S1258;S1700,FALSE,N/A,FALSE,N/A,S065;S066;S488;S085;S086;S087;S088;S089;S090;S091;S092;S504;S499;S085;S086;S087;S088;S089;S090;S091;S092;S504;S499;S085;S086;S087;S088;S089;S090;S091;S092;S504;S499;S085;S086;S087;S088;S089;S090;S091;S092;S504;S499;S1258;S1700
RR2003M,chris-jericho,Chris Jericho,UNKNOWN,,,,S065;S066;S488;S671;S1235;S1700,FALSE,N/A,FALSE,N/A,S065;S066;S488;S671;S1235;S1700
RR2003M,chris-nowinski,Chris Nowinski,UNKNOWN,,,,S065;S066;S694;S1259;S1700,FALSE,N/A,FALSE,N/A,S065;S066;S694;S1259;S1700
RR2003M,rey-mysterio,Rey Mysterio,UNKNOWN,,,,S065;S066;S488;S695;S1313;S1700,FALSE,N/A,FALSE,N/A,S065;S066;S488;S695;S1313;S1700
RR2003M,edge,Edge,UNKNOWN,,,,S065;S066;S488;S044;S045;S479;S656;S068;S069;S436;S044;S045;S479;S656;S068;S069;S436;S044;S045;S479;S656;S068;S069;S436;S044;S045;S479;S656;S068;S069;S436;S044;S045;S479;S656;S068;S069;S436;S044;S045;S479;S656;S068;S069;S436;S044;S045;S479;S656;S068;S069;S436;S044;S045;S479;S656;S1216;S1700,FALSE,N/A,FALSE,N/A,S065;S066;S488;S044;S045;S479;S656;S068;S069;S436;S044;S045;S479;S656;S068;S069;S436;S044;S045;S479;S656;S068;S069;S436;S044;S045;S479;S656;S068;S069;S436;S044;S045;S479;S656;S068;S069;S436;S044;S045;S479;S656;S068;S069;S436;S044;S045;S479;S656;S068;S069;S436;S044;S045;S479;S656;S1216;S1700
RR2003M,christian,Christian,UNKNOWN,,,,S065;S066;S488;S669;S1232;S1700,FALSE,N/A,FALSE,N/A,S065;S066;S488;S669;S1232;S1700
RR2003M,chavo-guerrero,Chavo Guerrero,UNKNOWN,,,,S065;S066;S488;S484;S696;S1261;S1700,FALSE,N/A,FALSE,N/A,S065;S066;S488;S484;S696;S1261;S1700
RR2003M,yoshihiro-tajiri,Yoshihiro Tajiri,UNKNOWN,,,,S065;S066;S697;S1313;S1700,FALSE,N/A,FALSE,N/A,S065;S066;S697;S1313;S1700
RR2003M,bill-demott,Bill DeMott,UNKNOWN,,,,S065;S066;S698;S1262;S1700,FALSE,N/A,FALSE,N/A,S065;S066;S698;S1262;S1700
RR2003M,tommy-dreamer,Tommy Dreamer,UNKNOWN,,,,S065;S066;S699;S1263;S1700,FALSE,N/A,FALSE,N/A,S065;S066;S699;S1263;S1700
RR2003M,bull-buchanan,B-2,UNKNOWN,,,,S065;S066;S488;S484;S677;S1313;S1700,FALSE,N/A,FALSE,N/A,S065;S066;S488;S484;S677;S1313;S1700
RR2003M,rob-van-dam,Rob Van Dam,UNKNOWN,,,,S065;S066;S692;S1255;S1700,FALSE,N/A,FALSE,N/A,S065;S066;S692;S1255;S1700
RR2003M,matt-hardy,Matt Hardy,UNKNOWN,,,,S065;S066;S488;S484;S678;S1241;S1700,FALSE,N/A,FALSE,N/A,S065;S066;S488;S484;S678;S1241;S1700
RR2003M,eddie-guerrero,Eddie Guerrero,UNKNOWN,,,,S065;S066;S488;S484;S700;S1264;S1700,FALSE,N/A,FALSE,N/A,S065;S066;S488;S484;S700;S1264;S1700
RR2003M,jeff-hardy,Jeff Hardy,UNKNOWN,,,,S065;S066;S676;S1239;S1700,FALSE,N/A,FALSE,N/A,S065;S066;S676;S1239;S1700
RR2003M,rosey,Rosey,UNKNOWN,,,,S065;S066;S488;S484;S701;S1265;S1700,FALSE,N/A,FALSE,N/A,S065;S066;S488;S484;S701;S1265;S1700
RR2003M,test,Test,UNKNOWN,,,,S065;S066;S044;S045;S479;S663;S067;S044;S045;S479;S663;S067;S044;S045;S479;S663;S067;S044;S045;S479;S663;S067;S044;S045;S479;S663;S067;S044;S045;S479;S663;S067;S044;S045;S479;S663;S067;S044;S045;S479;S663;S1225;S1700,FALSE,N/A,FALSE,N/A,S065;S066;S044;S045;S479;S663;S067;S044;S045;S479;S663;S067;S044;S045;S479;S663;S067;S044;S045;S479;S663;S067;S044;S045;S479;S663;S067;S044;S045;S479;S663;S067;S044;S045;S479;S663;S067;S044;S045;S479;S663;S1225;S1700
RR2003M,john-cena,John Cena,UNKNOWN,,,,S065;S066;S488;S484;S702;S1266;S1700,FALSE,N/A,FALSE,N/A,S065;S066;S488;S484;S702;S1266;S1700
RR2003M,charlie-haas,Charlie Haas,UNKNOWN,,,,S065;S066;S488;S484;S703;S1267;S1700,FALSE,N/A,FALSE,N/A,S065;S066;S488;S484;S703;S1267;S1700
RR2003M,rikishi,Rikishi,UNKNOWN,,,,S065;S066;S670;S1233;S1700,FALSE,N/A,FALSE,N/A,S065;S066;S670;S1233;S1700
RR2003M,jamal,Jamal,UNKNOWN,,,,S065;S066;S488;S484;S704;S1313;S1700,FALSE,N/A,FALSE,N/A,S065;S066;S488;S484;S704;S1313;S1700
RR2003M,kane,Kane,UNKNOWN,,,,S065;S066;S044;S045;S479;S628;S068;S069;S044;S045;S479;S628;S068;S069;S044;S045;S479;S628;S068;S069;S044;S045;S479;S628;S068;S069;S044;S045;S479;S628;S068;S069;S044;S045;S479;S628;S068;S069;S044;S045;S479;S628;S068;S069;S044;S045;S479;S628;S1223;S1700,FALSE,N/A,FALSE,N/A,S065;S066;S044;S045;S479;S628;S068;S069;S044;S045;S479;S628;S068;S069;S044;S045;S479;S628;S068;S069;S044;S045;S479;S628;S068;S069;S044;S045;S479;S628;S068;S069;S044;S045;S479;S628;S068;S069;S044;S045;S479;S628;S068;S069;S044;S045;S479;S628;S1223;S1700
RR2003M,shelton-benjamin,Shelton Benjamin,UNKNOWN,,,,S065;S066;S488;S484;S705;S1268;S1700,FALSE,N/A,FALSE,N/A,S065;S066;S488;S484;S705;S1268;S1700
RR2003M,booker-t,Booker T,UNKNOWN,,,,S065;S066;S488;S686;S1248;S1700,FALSE,N/A,FALSE,N/A,S065;S066;S488;S686;S1248;S1700
RR2003M,prince-albert,A-Train,UNKNOWN,,,,S065;S066;S488;S673;S1313;S1700,FALSE,N/A,FALSE,N/A,S065;S066;S488;S673;S1313;S1700
RR2003M,maven,Maven,UNKNOWN,,,,S065;S066;S691;S1253;S1700,FALSE,N/A,FALSE,N/A,S065;S066;S691;S1253;S1700
RR2003M,goldust,Goldust,UNKNOWN,,,,S065;S066;S488;S044;S045;S634;S065;S066;S488;S044;S045;S634;S065;S066;S488;S044;S045;S634;S065;S066;S488;S044;S045;S634;S065;S066;S488;S044;S045;S634;S065;S066;S488;S044;S045;S634;S065;S066;S488;S044;S045;S634;S065;S066;S488;S044;S045;S634;S1313;S1700,FALSE,N/A,FALSE,N/A,S065;S066;S488;S044;S045;S634;S065;S066;S488;S044;S045;S634;S065;S066;S488;S044;S045;S634;S065;S066;S488;S044;S045;S634;S065;S066;S488;S044;S045;S634;S065;S066;S488;S044;S045;S634;S065;S066;S488;S044;S045;S634;S065;S066;S488;S044;S045;S634;S1313;S1700
RR2003M,batista,Batista,UNKNOWN,,,,S065;S066;S706;S1269;S1700,FALSE,N/A,FALSE,N/A,S065;S066;S706;S1269;S1700
RR2003M,brock-lesnar,Brock Lesnar,UNKNOWN,,,,S065;S066;S707;S1270;S1700,FALSE,N/A,FALSE,N/A,S065;S066;S707;S1270;S1700
RR2003M,the-undertaker,The Undertaker,UNKNOWN,,TRUE,several months,S065;S066;S488;S033;S034;S027;S028;S465;S469;S543;S065;S066;S488;S033;S034;S027;S028;S465;S469;S543;S065;S066;S488;S033;S034;S027;S028;S465;S469;S543;S065;S066;S488;S033;S034;S027;S028;S465;S469;S543;S065;S066;S488;S033;S034;S027;S028;S465;S469;S543;S065;S066;S488;S033;S034;S027;S028;S465;S469;S543;S065;S066;S488;S033;S034;S027;S028;S465;S469;S543;S065;S066;S488;S033;S034;S027;S028;S465;S469;S543;S1313;S1700,FALSE,N/A,TRUE,several months,S065;S066;S488;S033;S034;S027;S028;S465;S469;S543;S065;S066;S488;S033;S034;S027;S028;S465;S469;S543;S065;S066;S488;S033;S034;S027;S028;S465;S469;S543;S065;S066;S488;S033;S034;S027;S028;S465;S469;S543;S065;S066;S488;S033;S034;S027;S028;S465;S469;S543;S065;S066;S488;S033;S034;S027;S028;S465;S469;S543;S065;S066;S488;S033;S034;S027;S028;S465;S469;S543;S065;S066;S488;S033;S034;S027;S028;S465;S469;S543;S1313;S1700;S1725
RR2004M,chris-benoit,Chris Benoit,UNKNOWN,,,,S067;S073;S040;S052;S042;S708;S1271;S1700,FALSE,N/A,FALSE,N/A,S067;S073;S040;S052;S042;S708;S1271;S1700
RR2004M,randy-orton,Randy Orton,UNKNOWN,,,,S067;S073;S040;S052;S042;S481;S489;S485;S709;S1272;S1700,FALSE,N/A,FALSE,N/A,S067;S073;S040;S052;S042;S481;S489;S485;S709;S1272;S1700
RR2004M,mark-henry,Mark Henry,UNKNOWN,,,,S067;S073;S040;S052;S042;S481;S044;S045;S649;S067;S073;S040;S052;S042;S481;S044;S045;S649;S067;S073;S040;S052;S042;S481;S044;S045;S649;S067;S073;S040;S052;S042;S481;S044;S045;S649;S067;S073;S040;S052;S042;S481;S044;S045;S649;S067;S073;S040;S052;S042;S481;S044;S045;S649;S067;S073;S040;S052;S042;S481;S044;S045;S649;S067;S073;S040;S052;S042;S481;S044;S045;S649;S1205;S1700,FALSE,N/A,FALSE,N/A,S067;S073;S040;S052;S042;S481;S044;S045;S649;S067;S073;S040;S052;S042;S481;S044;S045;S649;S067;S073;S040;S052;S042;S481;S044;S045;S649;S067;S073;S040;S052;S042;S481;S044;S045;S649;S067;S073;S040;S052;S042;S481;S044;S045;S649;S067;S073;S040;S052;S042;S481;S044;S045;S649;S067;S073;S040;S052;S042;S481;S044;S045;S649;S067;S073;S040;S052;S042;S481;S044;S045;S649;S1205;S1700
RR2004M,yoshihiro-tajiri,Yoshihiro Tajiri,UNKNOWN,,,,S067;S073;S040;S052;S042;S481;S485;S489;S697;S1314;S1700,FALSE,N/A,FALSE,N/A,S067;S073;S040;S052;S042;S481;S485;S489;S697;S1314;S1700
RR2004M,rhyno,Rhyno,UNKNOWN,,,,S067;S073;S040;S052;S042;S481;S710;S1273;S1700,FALSE,N/A,FALSE,N/A,S067;S073;S040;S052;S042;S481;S710;S1273;S1700
RR2004M,bradshaw,Bradshaw,UNKNOWN,,,,S067;S073;S040;S052;S042;S481;S024;S043;S050;S474;S481;S645;S067;S073;S040;S052;S042;S481;S024;S043;S050;S474;S481;S645;S067;S073;S040;S052;S042;S481;S024;S043;S050;S474;S481;S645;S067;S073;S040;S052;S042;S481;S024;S043;S050;S474;S481;S645;S067;S073;S040;S052;S042;S481;S024;S043;S050;S474;S481;S645;S067;S073;S040;S052;S042;S481;S024;S043;S050;S474;S481;S645;S067;S073;S040;S052;S042;S481;S024;S043;S050;S474;S481;S645;S067;S073;S040;S052;S042;S481;S024;S043;S050;S474;S481;S645;S1314;S1700,FALSE,N/A,FALSE,N/A,S067;S073;S040;S052;S042;S481;S024;S043;S050;S474;S481;S645;S067;S073;S040;S052;S042;S481;S024;S043;S050;S474;S481;S645;S067;S073;S040;S052;S042;S481;S024;S043;S050;S474;S481;S645;S067;S073;S040;S052;S042;S481;S024;S043;S050;S474;S481;S645;S067;S073;S040;S052;S042;S481;S024;S043;S050;S474;S481;S645;S067;S073;S040;S052;S042;S481;S024;S043;S050;S474;S481;S645;S067;S073;S040;S052;S042;S481;S024;S043;S050;S474;S481;S645;S067;S073;S040;S052;S042;S481;S024;S043;S050;S474;S481;S645;S1314;S1700
RR2004M,matt-hardy,Matt Hardy,UNKNOWN,,,,S067;S073;S040;S052;S042;S481;S678;S1241;S1700,FALSE,N/A,FALSE,N/A,S067;S073;S040;S052;S042;S481;S678;S1241;S1700
RR2004M,scott-steiner,Scott Steiner,UNKNOWN,,,,S067;S073;S040;S052;S042;S481;S024;S029;S035;S470;S466;S481;S597;S067;S073;S040;S052;S042;S481;S024;S029;S035;S470;S466;S481;S597;S067;S073;S040;S052;S042;S481;S024;S029;S035;S470;S466;S481;S597;S067;S073;S040;S052;S042;S481;S024;S029;S035;S470;S466;S481;S597;S067;S073;S040;S052;S042;S481;S024;S029;S035;S470;S466;S481;S597;S067;S073;S040;S052;S042;S481;S024;S029;S035;S470;S466;S481;S597;S067;S073;S040;S052;S042;S481;S024;S029;S035;S470;S466;S481;S597;S067;S073;S040;S052;S042;S481;S024;S029;S035;S470;S466;S481;S597;S1274;S1700,FALSE,N/A,FALSE,N/A,S067;S073;S040;S052;S042;S481;S024;S029;S035;S470;S466;S481;S597;S067;S073;S040;S052;S042;S481;S024;S029;S035;S470;S466;S481;S597;S067;S073;S040;S052;S042;S481;S024;S029;S035;S470;S466;S481;S597;S067;S073;S040;S052;S042;S481;S024;S029;S035;S470;S466;S481;S597;S067;S073;S040;S052;S042;S481;S024;S029;S035;S470;S466;S481;S597;S067;S073;S040;S052;S042;S481;S024;S029;S035;S470;S466;S481;S597;S067;S073;S040;S052;S042;S481;S024;S029;S035;S470;S466;S481;S597;S067;S073;S040;S052;S042;S481;S024;S029;S035;S470;S466;S481;S597;S1274;S1700
RR2004M,matt-morgan,Matt Morgan,UNKNOWN,,,,S067;S073;S040;S052;S042;S481;S711;S1275;S1700,FALSE,N/A,FALSE,N/A,S067;S073;S040;S052;S042;S481;S711;S1275;S1700
RR2004M,the-hurricane,Hurricane Helms,UNKNOWN,,,,S067;S073;S040;S052;S042;S481;S489;S693;S1256;S1700,FALSE,N/A,FALSE,N/A,S067;S073;S040;S052;S042;S481;S489;S693;S1256;S1700
RR2004M,booker-t,Booker T,UNKNOWN,,,,S067;S073;S040;S052;S042;S481;S686;S1248;S1700,FALSE,N/A,FALSE,N/A,S067;S073;S040;S052;S042;S481;S686;S1248;S1700
RR2004M,spike-dudley,Spike Dudley,UNKNOWN,,,,S040;S042;S052;S067;S073;S073;S040;S712;S1276;S1697;S1700,FALSE,N/A,FALSE,N/A,S040;S042;S052;S067;S073;S073;S040;S712;S1276;S1697;S1700
RR2004M,kane,Kane,UNKNOWN,,,,S067;S073;S040;S052;S042;S481;S044;S045;S479;S628;S068;S069;S044;S045;S479;S628;S068;S069;S044;S045;S479;S628;S068;S069;S044;S045;S479;S628;S068;S069;S044;S045;S479;S628;S068;S069;S044;S045;S479;S628;S068;S069;S044;S045;S479;S628;S068;S069;S044;S045;S479;S628;S1223;S1700,FALSE,N/A,FALSE,N/A,S067;S073;S040;S052;S042;S481;S044;S045;S479;S628;S068;S069;S044;S045;S479;S628;S068;S069;S044;S045;S479;S628;S068;S069;S044;S045;S479;S628;S068;S069;S044;S045;S479;S628;S068;S069;S044;S045;S479;S628;S068;S069;S044;S045;S479;S628;S068;S069;S044;S045;S479;S628;S1223;S1700
RR2004M,rikishi,Rikishi,UNKNOWN,,,,S067;S073;S040;S052;S042;S481;S670;S1233;S1700,FALSE,N/A,FALSE,N/A,S067;S073;S040;S052;S042;S481;S670;S1233;S1700
RR2004M,renee-dupree,Renee Dupree,UNKNOWN,,,,S067;S073;S040;S052;S042;S481;S489;S713;S1314;S1700,FALSE,N/A,FALSE,N/A,S067;S073;S040;S052;S042;S481;S489;S713;S1314;S1700
RR2004M,prince-albert,A-Train,UNKNOWN,,,,S067;S073;S040;S052;S042;S481;S489;S673;S1314;S1700,FALSE,N/A,FALSE,N/A,S067;S073;S040;S052;S042;S481;S489;S673;S1314;S1700
RR2004M,shelton-benjamin,Shelton Benjamin,UNKNOWN,,,,S067;S073;S040;S052;S042;S481;S489;S705;S1268;S1700,FALSE,N/A,FALSE,N/A,S067;S073;S040;S052;S042;S481;S489;S705;S1268;S1700
RR2004M,ernest-miller,Ernest Miller,UNKNOWN,,,,S067;S073;S040;S052;S042;S481;S485;S489;S714;S1314;S1700,FALSE,N/A,FALSE,N/A,S067;S073;S040;S052;S042;S481;S485;S489;S714;S1314;S1700
RR2004M,kurt-angle,Kurt Angle,UNKNOWN,,,,S067;S073;S040;S052;S042;S481;S689;S1251;S1700,FALSE,N/A,FALSE,N/A,S067;S073;S040;S052;S042;S481;S689;S1251;S1700
RR2004M,rico,Rico,UNKNOWN,,,,S067;S073;S040;S052;S042;S481;S715;S1278;S1700,FALSE,N/A,FALSE,N/A,S067;S073;S040;S052;S042;S481;S715;S1278;S1700
RR2004M,mick-foley,Mick Foley,UNKNOWN,,,,S067;S073;S040;S052;S042;S481;S489;S716;S1279;S1700,FALSE,N/A,TRUE,UNKNOWN,S067;S073;S040;S052;S042;S481;S489;S716;S1279;S1700;S1725
RR2004M,christian,Christian,UNKNOWN,,,,S067;S073;S040;S052;S042;S481;S489;S669;S1232;S1700,FALSE,N/A,FALSE,N/A,S067;S073;S040;S052;S042;S481;S489;S669;S1232;S1700
RR2004M,nunzio,Nunzio,UNKNOWN,,,,S067;S073;S040;S052;S042;S481;S489;S717;S1314;S1700,FALSE,N/A,FALSE,N/A,S067;S073;S040;S052;S042;S481;S489;S717;S1314;S1700
RR2004M,big-show,The Big Show,UNKNOWN,,,,S067;S073;S040;S052;S042;S481;S489;S485;S675;S1238;S1700,FALSE,N/A,FALSE,N/A,S067;S073;S040;S052;S042;S481;S489;S485;S675;S1238;S1700
RR2004M,chris-jericho,Chris Jericho,UNKNOWN,,,,S067;S073;S040;S052;S042;S481;S489;S671;S1235;S1700,FALSE,N/A,FALSE,N/A,S067;S073;S040;S052;S042;S481;S489;S671;S1235;S1700
RR2004M,charlie-haas,Charlie Haas,UNKNOWN,,,,S067;S073;S040;S052;S042;S481;S489;S703;S1267;S1700,FALSE,N/A,FALSE,N/A,S067;S073;S040;S052;S042;S481;S489;S703;S1267;S1700
RR2004M,billy-gunn,Billy Gunn,UNKNOWN,,,,S067;S073;S040;S052;S042;S481;S044;S045;S479;S024;S029;S035;S470;S466;S481;S593;S595;S067;S073;S040;S052;S042;S481;S044;S045;S479;S024;S029;S035;S470;S466;S481;S593;S595;S067;S073;S040;S052;S042;S481;S044;S045;S479;S024;S029;S035;S470;S466;S481;S593;S595;S067;S073;S040;S052;S042;S481;S044;S045;S479;S024;S029;S035;S470;S466;S481;S593;S595;S067;S073;S040;S052;S042;S481;S044;S045;S479;S024;S029;S035;S470;S466;S481;S593;S595;S067;S073;S040;S052;S042;S481;S044;S045;S479;S024;S029;S035;S470;S466;S481;S593;S595;S067;S073;S040;S052;S042;S481;S044;S045;S479;S024;S029;S035;S470;S466;S481;S593;S595;S067;S073;S040;S052;S042;S481;S044;S045;S479;S024;S029;S035;S470;S466;S481;S593;S595;S1224;S1700,FALSE,N/A,FALSE,N/A,S067;S073;S040;S052;S042;S481;S044;S045;S479;S024;S029;S035;S470;S466;S481;S593;S595;S067;S073;S040;S052;S042;S481;S044;S045;S479;S024;S029;S035;S470;S466;S481;S593;S595;S067;S073;S040;S052;S042;S481;S044;S045;S479;S024;S029;S035;S470;S466;S481;S593;S595;S067;S073;S040;S052;S042;S481;S044;S045;S479;S024;S029;S035;S470;S466;S481;S593;S595;S067;S073;S040;S052;S042;S481;S044;S045;S479;S024;S029;S035;S470;S466;S481;S593;S595;S067;S073;S040;S052;S042;S481;S044;S045;S479;S024;S029;S035;S470;S466;S481;S593;S595;S067;S073;S040;S052;S042;S481;S044;S045;S479;S024;S029;S035;S470;S466;S481;S593;S595;S067;S073;S040;S052;S042;S481;S044;S045;S479;S024;S029;S035;S470;S466;S481;S593;S595;S1224;S1700
RR2004M,john-cena,John Cena,UNKNOWN,,,,S067;S073;S040;S052;S042;S481;S702;S1266;S1700,FALSE,N/A,FALSE,N/A,S067;S073;S040;S052;S042;S481;S702;S1266;S1700
RR2004M,rob-van-dam,Rob Van Dam,UNKNOWN,,,,S067;S073;S040;S052;S042;S481;S692;S1255;S1700,FALSE,N/A,FALSE,N/A,S067;S073;S040;S052;S042;S481;S692;S1255;S1700
RR2004M,bill-goldberg,Bill Goldberg,UNKNOWN,,,,S067;S073;S040;S052;S042;S481;S718;S1314;S1700,FALSE,N/A,FALSE,N/A,S067;S073;S040;S052;S042;S481;S718;S1314;S1700
RR2004M,test,Test,UNKNOWN,,,,S067;S044;S045;S479;S663;S067;S044;S045;S479;S663;S067;S044;S045;S479;S663;S067;S044;S045;S479;S663;S067;S044;S045;S479;S663;S067;S044;S045;S479;S663;S067;S044;S045;S479;S663;S067;S044;S045;S479;S663;S1225;S1700,FALSE,N/A,FALSE,N/A,S067;S044;S045;S479;S663;S067;S044;S045;S479;S663;S067;S044;S045;S479;S663;S067;S044;S045;S479;S663;S067;S044;S045;S479;S663;S067;S044;S045;S479;S663;S067;S044;S045;S479;S663;S067;S044;S045;S479;S663;S1225;S1700
RR2005M,eddie-guerrero,Eddie Guerrero,UNKNOWN,,,,S068;S069;S700;S1264;S1700,FALSE,N/A,FALSE,N/A,S068;S069;S700;S1264;S1700
RR2005M,chris-benoit,Chris Benoit,UNKNOWN,,,,S068;S069;S436;S708;S1271;S1700,FALSE,N/A,FALSE,N/A,S068;S069;S436;S708;S1271;S1700
RR2005M,daniel-puder,Daniel Puder,UNKNOWN,,,,S068;S069;S719;S1281;S1700,FALSE,N/A,FALSE,N/A,S068;S069;S719;S1281;S1700
RR2005M,hardcore-holly,Hardcore Holly,UNKNOWN,,,,S068;S069;S674;S1237;S592;S1700,FALSE,N/A,FALSE,N/A,S068;S069;S674;S1237;S592;S1700
RR2005M,the-hurricane,Hurricane Helms,UNKNOWN,,,,S068;S069;S494;S693;S1256;S1700,FALSE,N/A,FALSE,N/A,S068;S069;S494;S693;S1256;S1700
RR2005M,kenzo-suzuki,Kenzo Suzuki,UNKNOWN,,,,S068;S069;S494;S490;S720;S1315;S1700,FALSE,N/A,FALSE,N/A,S068;S069;S494;S490;S720;S1315;S1700
RR2005M,edge,Edge,UNKNOWN,,,,S068;S069;S436;S044;S045;S479;S656;S068;S069;S436;S044;S045;S479;S656;S068;S069;S436;S044;S045;S479;S656;S068;S069;S436;S044;S045;S479;S656;S068;S069;S436;S044;S045;S479;S656;S068;S069;S436;S044;S045;S479;S656;S068;S069;S436;S044;S045;S479;S656;S068;S069;S436;S044;S045;S479;S656;S1216;S1700,FALSE,N/A,FALSE,N/A,S068;S069;S436;S044;S045;S479;S656;S068;S069;S436;S044;S045;S479;S656;S068;S069;S436;S044;S045;S479;S656;S068;S069;S436;S044;S045;S479;S656;S068;S069;S436;S044;S045;S479;S656;S068;S069;S436;S044;S045;S479;S656;S068;S069;S436;S044;S045;S479;S656;S068;S069;S436;S044;S045;S479;S656;S1216;S1700
RR2005M,rey-mysterio,Rey Mysterio,UNKNOWN,,,,S068;S069;S436;S695;S1315;S1700,FALSE,N/A,FALSE,N/A,S068;S069;S436;S695;S1315;S1700
RR2005M,shelton-benjamin,Shelton Benjamin,UNKNOWN,,,,S068;S069;S494;S490;S705;S1268;S1700,FALSE,N/A,FALSE,N/A,S068;S069;S494;S490;S705;S1268;S1700
RR2005M,booker-t,Booker T,UNKNOWN,,,,S068;S069;S686;S1248;S1700,FALSE,N/A,FALSE,N/A,S068;S069;S686;S1248;S1700
RR2005M,chris-jericho,Chris Jericho,UNKNOWN,,,,S068;S069;S436;S671;S1235;S1700,FALSE,N/A,FALSE,N/A,S068;S069;S436;S671;S1235;S1700
RR2005M,luther-reigns,Luther Reigns,UNKNOWN,,,,S068;S069;S494;S721;S1283;S1700,FALSE,N/A,FALSE,N/A,S068;S069;S494;S721;S1283;S1700
RR2005M,muhammad-hassan,Muhammad Hassan,UNKNOWN,,,,S068;S069;S490;S494;S722;S1284;S1700,FALSE,N/A,FALSE,N/A,S068;S069;S490;S494;S722;S1284;S1700
RR2005M,orlando-jordan,Orlando Jordan,UNKNOWN,,,,S068;S069;S494;S723;S1285;S1700,FALSE,N/A,FALSE,N/A,S068;S069;S494;S723;S1285;S1700
RR2005M,scott-taylor,Scotty 2 Hotty,UNKNOWN,,,,S068;S069;S729;S1315;S1700,FALSE,N/A,FALSE,N/A,S068;S069;S729;S1315;S1700
RR2005M,charlie-haas,Charlie Haas,UNKNOWN,,,,S068;S069;S703;S1267;S1700,FALSE,N/A,FALSE,N/A,S068;S069;S703;S1267;S1700
RR2005M,renee-dupree,Renee Dupree,UNKNOWN,,,,S068;S069;S494;S490;S713;S1315;S1700,FALSE,N/A,FALSE,N/A,S068;S069;S494;S490;S713;S1315;S1700
RR2005M,simon-dean,Simon Dean,UNKNOWN,,,,S068;S069;S494;S724;S1286;S1700,FALSE,N/A,FALSE,N/A,S068;S069;S494;S724;S1286;S1700
RR2005M,shawn-michaels,Shawn Michaels,UNKNOWN,,,,S068;S069;S494;S085;S086;S087;S088;S089;S090;S091;S092;S504;S499;S085;S086;S087;S088;S089;S090;S091;S092;S504;S499;S085;S086;S087;S088;S089;S090;S091;S092;S504;S499;S085;S086;S087;S088;S089;S090;S091;S092;S504;S499;S1258;S1700,FALSE,N/A,FALSE,N/A,S068;S069;S494;S085;S086;S087;S088;S089;S090;S091;S092;S504;S499;S085;S086;S087;S088;S089;S090;S091;S092;S504;S499;S085;S086;S087;S088;S089;S090;S091;S092;S504;S499;S085;S086;S087;S088;S089;S090;S091;S092;S504;S499;S1258;S1700
RR2005M,kurt-angle,Kurt Angle,UNKNOWN,,,,S068;S069;S689;S1251;S1700,FALSE,N/A,FALSE,N/A,S068;S069;S689;S1251;S1700
RR2005M,jonathan-coachman,Jonathan Coachman,UNKNOWN,,,,S068;S069;S725;S1287;S1700,FALSE,N/A,FALSE,N/A,S068;S069;S725;S1287;S1700
RR2005M,mark-jindrak,Mark Jindrak,UNKNOWN,,,,S068;S069;S494;S726;S1288;S1700,FALSE,N/A,FALSE,N/A,S068;S069;S494;S726;S1288;S1700
RR2005M,mabel,Viscera,UNKNOWN,,,,S068;S069;S494;S044;S045;S479;S024;S029;S035;S470;S466;S481;S589;S591;S068;S069;S494;S044;S045;S479;S024;S029;S035;S470;S466;S481;S589;S591;S068;S069;S494;S044;S045;S479;S024;S029;S035;S470;S466;S481;S589;S591;S068;S069;S494;S044;S045;S479;S024;S029;S035;S470;S466;S481;S589;S591;S068;S069;S494;S044;S045;S479;S024;S029;S035;S470;S466;S481;S589;S591;S068;S069;S494;S044;S045;S479;S024;S029;S035;S470;S466;S481;S589;S591;S068;S069;S494;S044;S045;S479;S024;S029;S035;S470;S466;S481;S589;S591;S068;S069;S494;S044;S045;S479;S024;S029;S035;S470;S466;S481;S589;S591;S1315;S1700,FALSE,N/A,FALSE,N/A,S068;S069;S494;S044;S045;S479;S024;S029;S035;S470;S466;S481;S589;S591;S068;S069;S494;S044;S045;S479;S024;S029;S035;S470;S466;S481;S589;S591;S068;S069;S494;S044;S045;S479;S024;S029;S035;S470;S466;S481;S589;S591;S068;S069;S494;S044;S045;S479;S024;S029;S035;S470;S466;S481;S589;S591;S068;S069;S494;S044;S045;S479;S024;S029;S035;S470;S466;S481;S589;S591;S068;S069;S494;S044;S045;S479;S024;S029;S035;S470;S466;S481;S589;S591;S068;S069;S494;S044;S045;S479;S024;S029;S035;S470;S466;S481;S589;S591;S068;S069;S494;S044;S045;S479;S024;S029;S035;S470;S466;S481;S589;S591;S1315;S1700
RR2005M,paul-london,Paul London,UNKNOWN,,,,S068;S069;S727;S1289;S1700,FALSE,N/A,FALSE,N/A,S068;S069;S727;S1289;S1700
RR2005M,john-cena,John Cena,UNKNOWN,,,,S068;S069;S494;S490;S702;S1266;S1700,FALSE,N/A,FALSE,N/A,S068;S069;S494;S490;S702;S1266;S1700
RR2005M,gene-snitsky,Gene Snitsky,UNKNOWN,,,,S068;S069;S728;S1290;S1700,FALSE,N/A,FALSE,N/A,S068;S069;S728;S1290;S1700
RR2005M,kane,Kane,UNKNOWN,,,,S068;S069;S044;S045;S479;S628;S068;S069;S044;S045;S479;S628;S068;S069;S044;S045;S479;S628;S068;S069;S044;S045;S479;S628;S068;S069;S044;S045;S479;S628;S068;S069;S044;S045;S479;S628;S068;S069;S044;S045;S479;S628;S068;S069;S044;S045;S479;S628;S1223;S1700,FALSE,N/A,FALSE,N/A,S068;S069;S044;S045;S479;S628;S068;S069;S044;S045;S479;S628;S068;S069;S044;S045;S479;S628;S068;S069;S044;S045;S479;S628;S068;S069;S044;S045;S479;S628;S068;S069;S044;S045;S479;S628;S068;S069;S044;S045;S479;S628;S068;S069;S044;S045;S479;S628;S1223;S1700
RR2005M,batista,Batista,UNKNOWN,,,,S068;S069;S494;S706;S1269;S1700,FALSE,N/A,FALSE,N/A,S068;S069;S494;S706;S1269;S1700
RR2005M,christian,Christian,UNKNOWN,,,,S068;S069;S490;S494;S669;S1232;S1700,FALSE,N/A,FALSE,N/A,S068;S069;S490;S494;S669;S1232;S1700
RR2005M,ric-flair,Ric Flair,UNKNOWN,,,,S068;S069;S494;S027;S028;S469;S552;S068;S069;S494;S027;S028;S469;S552;S068;S069;S494;S027;S028;S469;S552;S068;S069;S494;S027;S028;S469;S552;S068;S069;S494;S027;S028;S469;S552;S068;S069;S494;S027;S028;S469;S552;S068;S069;S494;S027;S028;S469;S552;S068;S069;S494;S027;S028;S469;S552;S1291;S1700,FALSE,N/A,FALSE,N/A,S068;S069;S494;S027;S028;S469;S552;S068;S069;S494;S027;S028;S469;S552;S068;S069;S494;S027;S028;S469;S552;S068;S069;S494;S027;S028;S469;S552;S068;S069;S494;S027;S028;S469;S552;S068;S069;S494;S027;S028;S469;S552;S068;S069;S494;S027;S028;S469;S552;S068;S069;S494;S027;S028;S469;S552;S1291;S1700
RR2006M,hunter-hearst-helmsley,Triple H,UNKNOWN,,,,S070;S073;S075;S076;S077;S037;S481;S495;S024;S040;S049;S050;S051;S044;S045;S479;S619;S1227;S1700,FALSE,N/A,FALSE,N/A,S070;S073;S075;S076;S077;S037;S481;S495;S024;S040;S049;S050;S051;S044;S045;S479;S619;S1227;S1700
RR2006M,rey-mysterio,Rey Mysterio,UNKNOWN,,,,S070;S073;S075;S076;S077;S037;S068;S069;S436;S695;S1316;S1700,FALSE,N/A,FALSE,N/A,S070;S073;S075;S076;S077;S037;S068;S069;S436;S695;S1316;S1700
RR2006M,simon-dean,Simon Dean,UNKNOWN,,,,S070;S073;S075;S076;S077;S037;S481;S068;S069;S494;S724;S1286;S1700,FALSE,N/A,FALSE,N/A,S070;S073;S075;S076;S077;S037;S481;S068;S069;S494;S724;S1286;S1700
RR2006M,psicosis,Psicosis,UNKNOWN,,,,S070;S073;S075;S076;S077;S037;S481;S495;S730;S1316;S1700,FALSE,N/A,FALSE,N/A,S070;S073;S075;S076;S077;S037;S481;S495;S730;S1316;S1700
RR2006M,ric-flair,Ric Flair,UNKNOWN,,,,S070;S073;S075;S076;S077;S037;S481;S495;S491;S068;S069;S494;S027;S028;S469;S552;S1291;S1700,FALSE,N/A,FALSE,N/A,S070;S073;S075;S076;S077;S037;S481;S495;S491;S068;S069;S494;S027;S028;S469;S552;S1291;S1700
RR2006M,big-show,The Big Show,UNKNOWN,,,,S070;S073;S075;S076;S077;S037;S481;S495;S491;S067;S040;S052;S042;S489;S485;S675;S1238;S1700,FALSE,N/A,FALSE,N/A,S070;S073;S075;S076;S077;S037;S481;S495;S491;S067;S040;S052;S042;S489;S485;S675;S1238;S1700
RR2006M,sylvan-grenier,Sylvan Grenier,UNKNOWN,,,,S070;S073;S075;S076;S077;S037;S481;S731;S1316;S1700,FALSE,N/A,FALSE,N/A,S070;S073;S075;S076;S077;S037;S481;S731;S1316;S1700
RR2006M,bobby-lashley,Bobby Lashley,UNKNOWN,,,,S070;S073;S075;S076;S077;S037;S481;S732;S1292;S1700,FALSE,N/A,FALSE,N/A,S070;S073;S075;S076;S077;S037;S481;S732;S1292;S1700
RR2006M,kane,Kane,UNKNOWN,,,,S070;S073;S075;S076;S077;S037;S481;S495;S491;S068;S069;S044;S045;S479;S628;S1223;S1700,FALSE,N/A,FALSE,N/A,S070;S073;S075;S076;S077;S037;S481;S495;S491;S068;S069;S044;S045;S479;S628;S1223;S1700
RR2006M,carlito,Carlito,UNKNOWN,,,,S070;S073;S075;S076;S077;S037;S481;S495;S733;S1293;S1700,FALSE,N/A,FALSE,N/A,S070;S073;S075;S076;S077;S037;S481;S495;S733;S1293;S1700
RR2006M,booker-t,Booker T,UNKNOWN,,,,S070;S073;S075;S076;S077;S037;S481;S495;S491;S068;S069;S686;S1248;S1700,FALSE,N/A,FALSE,N/A,S070;S073;S075;S076;S077;S037;S481;S495;S491;S068;S069;S686;S1248;S1700
RR2006M,joey-mercury,Joey Mercury,UNKNOWN,,,,S070;S073;S075;S076;S077;S037;S481;S495;S491;S734;S1294;S1700,FALSE,N/A,FALSE,N/A,S070;S073;S075;S076;S077;S037;S481;S495;S491;S734;S1294;S1700
RR2006M,road-warrior-animal,Road Warrior Animal,UNKNOWN,,,,S070;S073;S075;S076;S077;S037;S481;S735;S1295;S1700,FALSE,N/A,FALSE,N/A,S070;S073;S075;S076;S077;S037;S481;S735;S1295;S1700
RR2006M,orlando-jordan,Orlando Jordan,UNKNOWN,,,,S070;S073;S075;S076;S077;S037;S481;S068;S069;S494;S723;S1285;S1700,FALSE,N/A,FALSE,N/A,S070;S073;S075;S076;S077;S037;S481;S068;S069;S494;S723;S1285;S1700
RR2006M,chavo-guerrero,Chavo Guerrero,UNKNOWN,,,,S070;S073;S075;S076;S077;S037;S481;S065;S066;S488;S484;S696;S1261;S1700,FALSE,N/A,FALSE,N/A,S070;S073;S075;S076;S077;S037;S481;S065;S066;S488;S484;S696;S1261;S1700
RR2006M,matt-hardy,Matt Hardy,UNKNOWN,,,,S070;S073;S075;S076;S077;S037;S481;S067;S040;S052;S042;S678;S1241;S1700,FALSE,N/A,FALSE,N/A,S070;S073;S075;S076;S077;S037;S481;S067;S040;S052;S042;S678;S1241;S1700
RR2006M,tatanka,Tatanka,UNKNOWN,,,,S070;S073;S075;S076;S077;S037;S481;S032;S035;S468;S472;S024;S029;S466;S571;S1296;S1700,FALSE,N/A,FALSE,N/A,S070;S073;S075;S076;S077;S037;S481;S032;S035;S468;S472;S024;S029;S466;S571;S1296;S1700
RR2006M,super-crazy,Super Crazy,UNKNOWN,,,,S070;S073;S075;S076;S077;S037;S481;S495;S736;S1297;S1700,FALSE,N/A,FALSE,N/A,S070;S073;S075;S076;S077;S037;S481;S495;S736;S1297;S1700
RR2006M,trevor-murdoch,Trevor Murdoch,UNKNOWN,,,,S070;S073;S075;S076;S077;S037;S481;S737;S1298;S1700,FALSE,N/A,FALSE,N/A,S070;S073;S075;S076;S077;S037;S481;S737;S1298;S1700
RR2006M,chris-masters,Chris Masters,UNKNOWN,,,,S070;S073;S075;S076;S077;S037;S481;S495;S738;S1299;S1700,FALSE,N/A,FALSE,N/A,S070;S073;S075;S076;S077;S037;S481;S495;S738;S1299;S1700
RR2006M,shelton-benjamin,Shelton Benjamin,UNKNOWN,,,,S070;S073;S075;S076;S077;S037;S481;S491;S495;S068;S069;S494;S490;S705;S1268;S1700,FALSE,N/A,FALSE,N/A,S070;S073;S075;S076;S077;S037;S481;S491;S495;S068;S069;S494;S490;S705;S1268;S1700
RR2006M,eugene,Eugene,UNKNOWN,,,,S070;S073;S075;S076;S077;S037;S481;S739;S1300;S1700,FALSE,N/A,FALSE,N/A,S070;S073;S075;S076;S077;S037;S481;S739;S1300;S1700
RR2006M,goldust,Goldust,UNKNOWN,,,,S070;S073;S075;S076;S077;S037;S481;S495;S065;S066;S488;S044;S045;S634;S1316;S1700,FALSE,N/A,FALSE,N/A,S070;S073;S075;S076;S077;S037;S481;S495;S065;S066;S488;S044;S045;S634;S1316;S1700
RR2006M,chris-benoit,Chris Benoit,UNKNOWN,,,,S070;S073;S075;S076;S077;S037;S481;S068;S069;S436;S708;S1271;S1700,FALSE,N/A,FALSE,N/A,S070;S073;S075;S076;S077;S037;S481;S068;S069;S436;S708;S1271;S1700
RR2006M,mabel,Viscera,UNKNOWN,,,,S070;S073;S075;S076;S077;S037;S481;S495;S068;S069;S494;S044;S045;S479;S024;S029;S035;S470;S466;S589;S591;S1316;S1700,FALSE,N/A,FALSE,N/A,S070;S073;S075;S076;S077;S037;S481;S495;S068;S069;S494;S044;S045;S479;S024;S029;S035;S470;S466;S589;S591;S1316;S1700
RR2006M,randy-orton,Randy Orton,UNKNOWN,,,,S070;S073;S075;S076;S077;S037;S481;S067;S040;S052;S042;S489;S485;S709;S1272;S1700,FALSE,N/A,FALSE,N/A,S070;S073;S075;S076;S077;S037;S481;S067;S040;S052;S042;S489;S485;S709;S1272;S1700
RR2006M,johnny-nitro,Johnny Nitro,UNKNOWN,,,,S070;S073;S075;S076;S077;S037;S481;S495;S491;S740;S1316;S1700,FALSE,N/A,FALSE,N/A,S070;S073;S075;S076;S077;S037;S481;S495;S491;S740;S1316;S1700
RR2006M,shawn-michaels,Shawn Michaels,UNKNOWN,,,,S070;S073;S075;S076;S077;S037;S481;S495;S085;S086;S087;S088;S089;S090;S091;S092;S504;S499;S1258;S1700,FALSE,N/A,FALSE,N/A,S070;S073;S075;S076;S077;S037;S481;S495;S085;S086;S087;S088;S089;S090;S091;S092;S504;S499;S1258;S1700
RR2006M,rob-van-dam,Rob Van Dam,UNKNOWN,,TRUE,"most of 2005, reconstructive knee surgery",S070;S073;S075;S076;S077;S037;S481;S067;S040;S052;S042;S692;S1255;S1700,FALSE,N/A,TRUE,most of 2005 (reconstructive knee surgery),S070;S073;S075;S076;S077;S037;S481;S067;S040;S052;S042;S692;S1255;S1700;S1725
RR2007M,ric-flair,Ric Flair,UNKNOWN,,,,S071;S072;S068;S069;S494;S027;S028;S469;S552;S1291;S1700,FALSE,N/A,FALSE,N/A,S071;S072;S068;S069;S494;S027;S028;S469;S552;S1291;S1700
RR2007M,finlay,Finlay,UNKNOWN,,,,S071;S072;S492;S496;S741;S1317;S1700,FALSE,N/A,FALSE,N/A,S071;S072;S492;S496;S741;S1317;S1700
RR2007M,kenny-dykstra,Kenny Dykstra,UNKNOWN,,,,S071;S072;S742;S1301;S1700,FALSE,N/A,FALSE,N/A,S071;S072;S742;S1301;S1700
RR2007M,matt-hardy,Matt Hardy,UNKNOWN,,,,S071;S072;S496;S067;S073;S040;S052;S042;S481;S678;S1241;S1700,FALSE,N/A,FALSE,N/A,S071;S072;S496;S067;S073;S040;S052;S042;S481;S678;S1241;S1700
RR2007M,edge,Edge,UNKNOWN,,,,S071;S072;S496;S492;S068;S069;S436;S044;S045;S479;S656;S1216;S1700,FALSE,N/A,FALSE,N/A,S071;S072;S496;S492;S068;S069;S436;S044;S045;S479;S656;S1216;S1700
RR2007M,tommy-dreamer,Tommy Dreamer,UNKNOWN,,,,S071;S072;S065;S066;S699;S1263;S1700,FALSE,N/A,FALSE,N/A,S071;S072;S065;S066;S699;S1263;S1700
RR2007M,sabu,Sabu,UNKNOWN,,,,S071;S072;S743;S1302;S1700,FALSE,N/A,FALSE,N/A,S071;S072;S743;S1302;S1700
RR2007M,the-hurricane,Gregory Helms,UNKNOWN,,,,S071;S072;S496;S492;S068;S069;S494;S693;S1256;S1700,FALSE,N/A,FALSE,N/A,S071;S072;S496;S492;S068;S069;S494;S693;S1256;S1700
RR2007M,shelton-benjamin,Shelton Benjamin,UNKNOWN,,,,S071;S072;S068;S069;S494;S490;S705;S1268;S1700,FALSE,N/A,FALSE,N/A,S071;S072;S068;S069;S494;S490;S705;S1268;S1700
RR2007M,kane,Kane,UNKNOWN,,,,S071;S072;S437;S068;S069;S044;S045;S479;S628;S1223;S1700,FALSE,N/A,FALSE,N/A,S071;S072;S437;S068;S069;S044;S045;S479;S628;S1223;S1700
RR2007M,cm-punk,CM Punk,UNKNOWN,,,,S071;S072;S744;S1303;S1700,FALSE,N/A,FALSE,N/A,S071;S072;S744;S1303;S1700
RR2007M,booker-t,King Booker,UNKNOWN,,,,S071;S072;S481;S073;S496;S492;S068;S069;S686;S1248;S1700,FALSE,N/A,FALSE,N/A,S071;S072;S481;S073;S496;S492;S068;S069;S686;S1248;S1700
RR2007M,super-crazy,Super Crazy,UNKNOWN,,,,S071;S072;S736;S1297;S1700,FALSE,N/A,FALSE,N/A,S071;S072;S736;S1297;S1700
RR2007M,jeff-hardy,Jeff Hardy,UNKNOWN,,,,S071;S072;S437;S496;S492;S065;S066;S676;S1239;S1700,FALSE,N/A,FALSE,N/A,S071;S072;S437;S496;S492;S065;S066;S676;S1239;S1700
RR2007M,the-sandman,The Sandman,UNKNOWN,,,,S071;S072;S745;S1304;S1700,FALSE,N/A,FALSE,N/A,S071;S072;S745;S1304;S1700
RR2007M,randy-orton,Randy Orton,UNKNOWN,,,,S071;S072;S496;S492;S067;S073;S040;S052;S042;S481;S489;S485;S709;S1272;S1700,FALSE,N/A,FALSE,N/A,S071;S072;S496;S492;S067;S073;S040;S052;S042;S481;S489;S485;S709;S1272;S1700
RR2007M,chris-benoit,Chris Benoit,UNKNOWN,,,,S071;S072;S496;S492;S068;S069;S436;S708;S1271;S1700,FALSE,N/A,FALSE,N/A,S071;S072;S496;S492;S068;S069;S436;S708;S1271;S1700
RR2007M,rob-van-dam,Rob Van Dam,UNKNOWN,,,,S071;S072;S067;S073;S040;S052;S042;S481;S692;S1255;S1700,FALSE,N/A,FALSE,N/A,S071;S072;S067;S073;S040;S052;S042;S481;S692;S1255;S1700
RR2007M,mabel,Viscera,UNKNOWN,,,,S071;S072;S496;S068;S069;S494;S044;S045;S479;S024;S029;S035;S470;S466;S481;S589;S591;S1317;S1700,FALSE,N/A,FALSE,N/A,S071;S072;S496;S068;S069;S494;S044;S045;S479;S024;S029;S035;S470;S466;S481;S589;S591;S1317;S1700
RR2007M,johnny-nitro,Johnny Nitro,UNKNOWN,,,,S071;S072;S496;S492;S740;S1317;S1700,FALSE,N/A,FALSE,N/A,S071;S072;S496;S492;S740;S1317;S1700
RR2007M,kevin-thorn,Kevin Thorn,UNKNOWN,,,,S071;S072;S746;S1317;S1700,FALSE,N/A,FALSE,N/A,S071;S072;S746;S1317;S1700
RR2007M,hardcore-holly,Hardcore Holly,UNKNOWN,,,,S071;S072;S068;S069;S674;S1237;S592;S1700,FALSE,N/A,FALSE,N/A,S071;S072;S068;S069;S674;S1237;S592;S1700
RR2007M,shawn-michaels,Shawn Michaels,UNKNOWN,,,,S071;S072;S496;S085;S086;S087;S088;S089;S090;S091;S092;S504;S499;S1258;S1700,FALSE,N/A,FALSE,N/A,S071;S072;S496;S085;S086;S087;S088;S089;S090;S091;S092;S504;S499;S1258;S1700
RR2007M,chris-masters,Chris Masters,UNKNOWN,,,,S071;S072;S738;S1299;S1700,FALSE,N/A,FALSE,N/A,S071;S072;S738;S1299;S1700
RR2007M,chavo-guerrero,Chavo Guerrero,UNKNOWN,,,,S071;S072;S065;S066;S488;S484;S696;S1261;S1700,FALSE,N/A,FALSE,N/A,S071;S072;S065;S066;S488;S484;S696;S1261;S1700
RR2007M,mvp,MVP,UNKNOWN,,,,S071;S072;S747;S1306;S1700,FALSE,N/A,FALSE,N/A,S071;S072;S747;S1306;S1700
RR2007M,carlito,Carlito,UNKNOWN,,,,S071;S072;S492;S496;S733;S1293;S1700,FALSE,N/A,FALSE,N/A,S071;S072;S492;S496;S733;S1293;S1700
RR2007M,the-great-khali,The Great Khali,UNKNOWN,,,,S071;S072;S492;S496;S748;S1317;S1700,FALSE,N/A,FALSE,N/A,S071;S072;S492;S496;S748;S1317;S1700
RR2007M,the-miz,The Miz,UNKNOWN,,,,S071;S072;S749;S1307;S1700,FALSE,N/A,FALSE,N/A,S071;S072;S749;S1307;S1700
RR2007M,the-undertaker,The Undertaker,UNKNOWN,,,,S071;S072;S065;S066;S488;S033;S034;S027;S028;S465;S469;S543;S1317;S1700,FALSE,N/A,FALSE,N/A,S071;S072;S065;S066;S488;S033;S034;S027;S028;S465;S469;S543;S1317;S1700
RR2006M,jonathan-coachman,Jonathan Coachman,,,,,S074;S076;S075;S077;S037;S073;S481;S068;S069;S725;S1287;S1700,FALSE,N/A,FALSE,N/A,S074;S076;S075;S077;S037;S073;S481;S068;S069;S725;S1287;S1700
RR2008M,the-undertaker,The Undertaker,UNKNOWN,,,,S080;S081;S065;S066;S488;S033;S034;S027;S028;S465;S469;S543;S1429;S1700,FALSE,N/A,FALSE,N/A,S080;S081;S065;S066;S488;S033;S034;S027;S028;S465;S469;S543;S1429;S1700
RR2008M,shawn-michaels,Shawn Michaels,UNKNOWN,,,,S080;S081;S497;S085;S086;S087;S088;S089;S090;S091;S092;S504;S499;S1318;S1700,FALSE,N/A,FALSE,N/A,S080;S081;S497;S085;S086;S087;S088;S089;S090;S091;S092;S504;S499;S1318;S1700
RR2008M,santino-marella,Santino Marella,UNKNOWN,,,,S080;S081;S750;S1319;S1700,FALSE,N/A,FALSE,N/A,S080;S081;S750;S1319;S1700
RR2008M,the-great-khali,The Great Khali,UNKNOWN,,,,S080;S081;S493;S497;S748;S1320;S1700,FALSE,N/A,FALSE,N/A,S080;S081;S493;S497;S748;S1320;S1700
RR2008M,hardcore-holly,Hardcore Holly,UNKNOWN,,,,S080;S081;S497;S493;S068;S069;S674;S1321;S592;S1700,FALSE,N/A,FALSE,N/A,S080;S081;S497;S493;S068;S069;S674;S1321;S592;S1700
RR2008M,johnny-nitro,John Morrison,UNKNOWN,,,,S080;S081;S497;S493;S740;S1429;S1700,FALSE,N/A,FALSE,N/A,S080;S081;S497;S493;S740;S1429;S1700
RR2008M,tommy-dreamer,Tommy Dreamer,UNKNOWN,,,,S080;S081;S065;S066;S699;S1322;S1700,FALSE,N/A,FALSE,N/A,S080;S081;S065;S066;S699;S1322;S1700
RR2008M,batista,Batista,UNKNOWN,,,,S080;S081;S068;S069;S494;S706;S1323;S1700,FALSE,N/A,FALSE,N/A,S080;S081;S068;S069;S494;S706;S1323;S1700
RR2008M,hornswoggle,Hornswoggle,UNKNOWN,,,,S080;S081;S497;S493;S751;S1324;S1700,FALSE,N/A,FALSE,N/A,S080;S081;S497;S493;S751;S1324;S1700
RR2008M,chuck-palumbo,Chuck Palumbo,UNKNOWN,,,,S080;S081;S040;S049;S050;S481;S487;S483;S687;S1325;S1700,FALSE,N/A,FALSE,N/A,S080;S081;S040;S049;S050;S481;S487;S483;S687;S1325;S1700
RR2008M,jamie-noble,Jamie Noble,UNKNOWN,,,,S080;S081;S752;S1326;S1700,FALSE,N/A,FALSE,N/A,S080;S081;S752;S1326;S1700
RR2008M,cm-punk,CM Punk,UNKNOWN,,,,S080;S081;S744;S1327;S1700,FALSE,N/A,FALSE,N/A,S080;S081;S744;S1327;S1700
RR2008M,cody-rhodes,Cody Rhodes,UNKNOWN,,,,S080;S081;S497;S493;S753;S1328;S1700,FALSE,N/A,FALSE,N/A,S080;S081;S497;S493;S753;S1328;S1700
RR2008M,jamal,Umaga,UNKNOWN,,,,S080;S081;S497;S065;S066;S488;S484;S704;S1429;S1700,FALSE,N/A,FALSE,N/A,S080;S081;S497;S065;S066;S488;S484;S704;S1429;S1700
RR2008M,gene-snitsky,Gene Snitsky,UNKNOWN,,,,S080;S081;S068;S069;S728;S1329;S1700,FALSE,N/A,FALSE,N/A,S080;S081;S068;S069;S728;S1329;S1700
RR2008M,the-miz,The Miz,UNKNOWN,,,,S080;S081;S497;S493;S749;S1330;S1700,FALSE,N/A,FALSE,N/A,S080;S081;S497;S493;S749;S1330;S1700
RR2008M,shelton-benjamin,Shelton Benjamin,UNKNOWN,,,,S080;S081;S068;S069;S494;S490;S705;S1331;S1700,FALSE,N/A,FALSE,N/A,S080;S081;S068;S069;S494;S490;S705;S1331;S1700
RR2008M,jimmy-snuka,Jimmy Snuka,UNKNOWN,,,,S080;S081;S020;S021;S017;S022;S024;S131;S132;S537;S1332;S1700,FALSE,N/A,TRUE,UNKNOWN,S080;S081;S020;S021;S017;S022;S024;S131;S132;S537;S1332;S1700;S1725
RR2008M,roddy-piper,Roddy Piper,UNKNOWN,,,,S080;S081;S020;S021;S017;S022;S131;S132;S464;S460;S534;S1333;S1700,FALSE,N/A,TRUE,UNKNOWN,S080;S081;S020;S021;S017;S022;S131;S132;S464;S460;S534;S1333;S1700;S1725
RR2008M,kane,Kane,UNKNOWN,,,,S080;S081;S068;S069;S044;S045;S479;S628;S1334;S1700,FALSE,N/A,FALSE,N/A,S080;S081;S068;S069;S044;S045;S479;S628;S1334;S1700
RR2008M,carlito,Carlito,UNKNOWN,,,,S080;S081;S733;S1335;S1700,FALSE,N/A,FALSE,N/A,S080;S081;S733;S1335;S1700
RR2008M,mick-foley,Mick Foley,UNKNOWN,,,,S080;S081;S497;S067;S073;S040;S052;S042;S481;S489;S716;S1336;S1700,FALSE,N/A,FALSE,N/A,S080;S081;S497;S067;S073;S040;S052;S042;S481;S489;S716;S1336;S1700
RR2008M,mr-kennedy,Mr. Kennedy,UNKNOWN,,,,S080;S081;S754;S1337;S1700,FALSE,N/A,FALSE,N/A,S080;S081;S754;S1337;S1700
RR2008M,mabel,Big Daddy V,UNKNOWN,,,,S080;S081;S497;S068;S069;S494;S044;S045;S479;S024;S029;S035;S470;S466;S481;S589;S591;S1429;S1700,FALSE,N/A,FALSE,N/A,S080;S081;S497;S068;S069;S494;S044;S045;S479;S024;S029;S035;S470;S466;S481;S589;S591;S1429;S1700
RR2008M,mark-henry,Mark Henry,UNKNOWN,,,,S080;S081;S497;S067;S073;S040;S052;S042;S481;S044;S045;S649;S1338;S1700,FALSE,N/A,FALSE,N/A,S080;S081;S497;S067;S073;S040;S052;S042;S481;S044;S045;S649;S1338;S1700
RR2008M,chavo-guerrero,Chavo Guerrero,UNKNOWN,,,,S080;S081;S493;S497;S065;S066;S488;S484;S696;S1339;S1700,FALSE,N/A,FALSE,N/A,S080;S081;S493;S497;S065;S066;S488;S484;S696;S1339;S1700
RR2008M,finlay,Finlay,UNKNOWN,,,,S080;S081;S497;S493;S741;S1429;S1700,FALSE,N/A,FALSE,N/A,S080;S081;S497;S493;S741;S1429;S1700
RR2008M,elijah-burke,Elijah Burke,UNKNOWN,,,,S080;S081;S755;S1340;S1700,FALSE,N/A,FALSE,N/A,S080;S081;S755;S1340;S1700
RR2008M,hunter-hearst-helmsley,Triple H,UNKNOWN,,,,S080;S081;S497;S024;S037;S040;S049;S050;S051;S044;S045;S479;S619;S1341;S1700,FALSE,N/A,FALSE,N/A,S080;S081;S497;S024;S037;S040;S049;S050;S051;S044;S045;S479;S619;S1341;S1700
RR2008M,john-cena,John Cena,UNKNOWN,,TRUE,3 months (torn pectoral),S080;S081;S068;S069;S494;S490;S702;S1342;S1700,FALSE,N/A,TRUE,approximately 4 months (torn pectoral),S080;S081;S068;S069;S494;S490;S702;S1342;S1700;S1725;S1726
RR2009M,rey-mysterio,Rey Mysterio,UNKNOWN,,,,S082;S068;S069;S436;S695;S1430;S1700,FALSE,N/A,FALSE,N/A,S082;S068;S069;S436;S695;S1430;S1700
RR2009M,johnny-nitro,John Morrison,UNKNOWN,,,,S082;S503;S498;S740;S1430;S1700,FALSE,N/A,FALSE,N/A,S082;S503;S498;S740;S1430;S1700
RR2009M,carlito,Carlito,UNKNOWN,,,,S082;S733;S1335;S1700,FALSE,N/A,FALSE,N/A,S082;S733;S1335;S1700
RR2009M,mvp,MVP,UNKNOWN,,,,S082;S747;S1344;S1700,FALSE,N/A,FALSE,N/A,S082;S747;S1344;S1700
RR2009M,the-great-khali,The Great Khali,UNKNOWN,,,,S082;S498;S503;S748;S1320;S1700,FALSE,N/A,FALSE,N/A,S082;S498;S503;S748;S1320;S1700
RR2009M,vladimir-kozlov,Vladimir Kozlov,UNKNOWN,,,,S082;S438;S444;S756;S1345;S1700,FALSE,N/A,FALSE,N/A,S082;S438;S444;S756;S1345;S1700
RR2009M,hunter-hearst-helmsley,Triple H,UNKNOWN,,,,S082;S503;S024;S037;S040;S049;S050;S051;S044;S045;S479;S619;S1341;S1700,FALSE,N/A,FALSE,N/A,S082;S503;S024;S037;S040;S049;S050;S051;S044;S045;S479;S619;S1341;S1700
RR2009M,randy-orton,Randy Orton,UNKNOWN,,,,S082;S503;S067;S073;S040;S052;S042;S481;S489;S485;S709;S1346;S1700,FALSE,N/A,FALSE,N/A,S082;S503;S067;S073;S040;S052;S042;S481;S489;S485;S709;S1346;S1700
RR2009M,jtg,JTG,UNKNOWN,,,,S082;S503;S757;S1347;S1700,FALSE,N/A,FALSE,N/A,S082;S503;S757;S1347;S1700
RR2009M,ted-dibiase-jr,Ted DiBiase Jr.,UNKNOWN,,,,S082;S503;S758;S1348;S1700,FALSE,N/A,FALSE,N/A,S082;S503;S758;S1348;S1700
RR2009M,chris-jericho,Chris Jericho,UNKNOWN,,,,S082;S068;S069;S436;S671;S1349;S1700,FALSE,N/A,FALSE,N/A,S082;S068;S069;S436;S671;S1349;S1700
RR2009M,mike-knox,Mike Knox,UNKNOWN,,,,S082;S759;S1350;S1700,FALSE,N/A,FALSE,N/A,S082;S759;S1350;S1700
RR2009M,the-miz,The Miz,UNKNOWN,,,,S082;S503;S498;S749;S1330;S1700,FALSE,N/A,FALSE,N/A,S082;S503;S498;S749;S1330;S1700
RR2009M,finlay,Finlay,UNKNOWN,,,,S082;S498;S503;S741;S1430;S1700,FALSE,N/A,FALSE,N/A,S082;S498;S503;S741;S1430;S1700
RR2009M,cody-rhodes,Cody Rhodes,UNKNOWN,,,,S082;S503;S753;S1328;S1700,FALSE,N/A,FALSE,N/A,S082;S503;S753;S1328;S1700
RR2009M,the-undertaker,The Undertaker,UNKNOWN,,,,S082;S065;S066;S488;S033;S034;S027;S028;S465;S469;S543;S1430;S1700,FALSE,N/A,FALSE,N/A,S082;S065;S066;S488;S033;S034;S027;S028;S465;S469;S543;S1430;S1700
RR2009M,goldust,Goldust,UNKNOWN,,,,S082;S065;S066;S488;S044;S045;S634;S1430;S1700,FALSE,N/A,FALSE,N/A,S082;S065;S066;S488;S044;S045;S634;S1430;S1700
RR2009M,cm-punk,CM Punk,UNKNOWN,,,,S082;S744;S1327;S1700,FALSE,N/A,FALSE,N/A,S082;S744;S1327;S1700
RR2009M,mark-henry,Mark Henry,UNKNOWN,,,,S082;S498;S503;S067;S073;S040;S052;S042;S481;S044;S045;S649;S1338;S1700,FALSE,N/A,FALSE,N/A,S082;S498;S503;S067;S073;S040;S052;S042;S481;S044;S045;S649;S1338;S1700
RR2009M,shelton-benjamin,Shelton Benjamin,UNKNOWN,,,,S082;S503;S498;S068;S069;S494;S490;S705;S1331;S1700,FALSE,N/A,FALSE,N/A,S082;S503;S498;S068;S069;S494;S490;S705;S1331;S1700
RR2009M,william-regal,William Regal,UNKNOWN,,,,S082;S498;S503;S047;S048;S434;S486;S482;S684;S1351;S1700,FALSE,N/A,FALSE,N/A,S082;S498;S503;S047;S048;S434;S486;S482;S684;S1351;S1700
RR2009M,kofi-kingston,Kofi Kingston,UNKNOWN,,,,S082;S760;S1352;S1700,FALSE,N/A,FALSE,N/A,S082;S760;S1352;S1700
RR2009M,kane,Kane,UNKNOWN,,,,S082;S068;S069;S044;S045;S479;S628;S1334;S1700,FALSE,N/A,FALSE,N/A,S082;S068;S069;S044;S045;S479;S628;S1334;S1700
RR2009M,r-truth,R-Truth,UNKNOWN,,,,S082;S761;S1353;S1700,FALSE,N/A,FALSE,N/A,S082;S761;S1353;S1700
RR2009M,rob-van-dam,Rob Van Dam,UNKNOWN,,,,S082;S067;S073;S040;S052;S042;S481;S692;S1354;S1700,FALSE,N/A,FALSE,N/A,S082;S067;S073;S040;S052;S042;S481;S692;S1354;S1700
RR2009M,the-brian-kendrick,The Brian Kendrick,UNKNOWN,,,,S082;S503;S498;S762;S1355;S1700,FALSE,N/A,FALSE,N/A,S082;S503;S498;S762;S1355;S1700
RR2009M,dolph-ziggler,Dolph Ziggler,UNKNOWN,,,,S082;S763;S1356;S1700,FALSE,N/A,FALSE,N/A,S082;S763;S1356;S1700
RR2009M,santino-marella,Santino Marella,UNKNOWN,,,,S082;S750;S1319;S1700,FALSE,N/A,FALSE,N/A,S082;S750;S1319;S1700
RR2009M,jim-duggan,Jim Duggan,UNKNOWN,,,,S082;S503;S084;S506;S1357;S1700,FALSE,N/A,FALSE,N/A,S082;S503;S084;S506;S1357;S1700
RR2009M,big-show,Big Show,UNKNOWN,,,,S082;S067;S073;S040;S052;S042;S481;S489;S485;S675;S1358;S1700,FALSE,N/A,FALSE,N/A,S082;S067;S073;S040;S052;S042;S481;S489;S485;S675;S1358;S1700
RR2011M,cm-punk,CM Punk,UNKNOWN,,,,S083;S505;S744;S1327;S1700,FALSE,N/A,FALSE,N/A,S083;S505;S744;S1327;S1700
RR2011M,daniel-bryan,Daniel Bryan,UNKNOWN,,,,S083;S505;S500;S764;S1359;S1700,FALSE,N/A,FALSE,N/A,S083;S505;S500;S764;S1359;S1700
RR2011M,justin-gabriel,Justin Gabriel,UNKNOWN,,,,S083;S505;S765;S1360;S1700,FALSE,N/A,FALSE,N/A,S083;S505;S765;S1360;S1700
RR2011M,zack-ryder,Zack Ryder,UNKNOWN,,,,S083;S766;S1361;S1700,FALSE,N/A,FALSE,N/A,S083;S766;S1361;S1700
RR2011M,william-regal,William Regal,UNKNOWN,,,,S083;S047;S048;S434;S486;S482;S684;S1351;S1700,FALSE,N/A,FALSE,N/A,S083;S047;S048;S434;S486;S482;S684;S1351;S1700
RR2011M,ted-dibiase-jr,Ted DiBiase,UNKNOWN,,,,S083;S758;S1348;S1700,FALSE,N/A,FALSE,N/A,S083;S758;S1348;S1700
RR2011M,johnny-nitro,John Morrison,UNKNOWN,,,,S083;S740;S1432;S1700,FALSE,N/A,FALSE,N/A,S083;S740;S1432;S1700
RR2011M,yoshi-tatsu,Yoshi Tatsu,UNKNOWN,,,,S083;S767;S1362;S1700,FALSE,N/A,FALSE,N/A,S083;S767;S1362;S1700
RR2011M,husky-harris,Husky Harris,UNKNOWN,,,,S083;S505;S768;S1432;S1700,FALSE,N/A,FALSE,N/A,S083;S505;S768;S1432;S1700
RR2011M,chavo-guerrero,Chavo Guerrero,UNKNOWN,,,,S083;S065;S066;S488;S484;S696;S1339;S1700,FALSE,N/A,FALSE,N/A,S083;S065;S066;S488;S484;S696;S1339;S1700
RR2011M,mark-henry,Mark Henry,UNKNOWN,,,,S083;S067;S073;S040;S052;S042;S481;S044;S045;S649;S1338;S1700,FALSE,N/A,FALSE,N/A,S083;S067;S073;S040;S052;S042;S481;S044;S045;S649;S1338;S1700
RR2011M,jtg,JTG,UNKNOWN,,,,S083;S757;S1347;S1700,FALSE,N/A,FALSE,N/A,S083;S757;S1347;S1700
RR2011M,michael-mcgillicutty,Michael McGillicutty,UNKNOWN,,,,S083;S505;S769;S1432;S1700,FALSE,N/A,FALSE,N/A,S083;S505;S769;S1432;S1700
RR2011M,chris-masters,Chris Masters,UNKNOWN,,,,S083;S738;S1363;S1700,FALSE,N/A,FALSE,N/A,S083;S738;S1363;S1700
RR2011M,david-otunga,David Otunga,UNKNOWN,,,,S083;S505;S770;S1364;S1700,FALSE,N/A,FALSE,N/A,S083;S505;S770;S1364;S1700
RR2011M,tyler-reks,Tyler Reks,UNKNOWN,,,,S083;S771;S1365;S1700,FALSE,N/A,FALSE,N/A,S083;S771;S1365;S1700
RR2011M,vladimir-kozlov,Vladimir Kozlov,UNKNOWN,,,,S083;S505;S500;S756;S1345;S1700,FALSE,N/A,FALSE,N/A,S083;S505;S500;S756;S1345;S1700
RR2011M,r-truth,R-Truth,UNKNOWN,,,,S083;S761;S1353;S1700,FALSE,N/A,FALSE,N/A,S083;S761;S1353;S1700
RR2011M,the-great-khali,The Great Khali,UNKNOWN,,,,S083;S748;S1320;S1700,FALSE,N/A,FALSE,N/A,S083;S748;S1320;S1700
RR2011M,mason-ryan,Mason Ryan,UNKNOWN,,,,S083;S505;S772;S1366;S1700,FALSE,N/A,FALSE,N/A,S083;S505;S772;S1366;S1700
RR2011M,booker-t,Booker T,UNKNOWN,,,,S083;S068;S069;S686;S1432;S1700,FALSE,N/A,FALSE,N/A,S083;S068;S069;S686;S1432;S1700
RR2011M,john-cena,John Cena,UNKNOWN,,,,S083;S068;S069;S494;S490;S702;S1342;S1700,FALSE,N/A,FALSE,N/A,S083;S068;S069;S494;S490;S702;S1342;S1700
RR2011M,hornswoggle,Hornswoggle,UNKNOWN,,,,S083;S751;S1324;S1700,FALSE,N/A,FALSE,N/A,S083;S751;S1324;S1700
RR2011M,tyson-kidd,Tyson Kidd,UNKNOWN,,,,S083;S773;S1368;S1700,FALSE,N/A,FALSE,N/A,S083;S773;S1368;S1700
RR2011M,heath-slater,Heath Slater,UNKNOWN,,,,S083;S505;S774;S1369;S1700,FALSE,N/A,FALSE,N/A,S083;S505;S774;S1369;S1700
RR2011M,kofi-kingston,Kofi Kingston,UNKNOWN,,,,S083;S505;S500;S760;S1352;S1700,FALSE,N/A,FALSE,N/A,S083;S505;S500;S760;S1352;S1700
RR2011M,jack-swagger,Jack Swagger,UNKNOWN,,,,S083;S775;S1370;S1700,FALSE,N/A,FALSE,N/A,S083;S775;S1370;S1700
RR2011M,sheamus,King Sheamus,UNKNOWN,,,,S083;S505;S776;S1371;S1700,FALSE,N/A,FALSE,N/A,S083;S505;S776;S1371;S1700
RR2011M,rey-mysterio,Rey Mysterio,UNKNOWN,,,,S083;S068;S069;S436;S695;S1432;S1700,FALSE,N/A,FALSE,N/A,S083;S068;S069;S436;S695;S1432;S1700
RR2011M,wade-barrett,Wade Barrett,UNKNOWN,,,,S083;S505;S777;S1372;S1700,FALSE,N/A,FALSE,N/A,S083;S505;S777;S1372;S1700
RR2011M,dolph-ziggler,Dolph Ziggler,UNKNOWN,,,,S083;S500;S505;S763;S1356;S1700,FALSE,N/A,FALSE,N/A,S083;S500;S505;S763;S1356;S1700
RR2011M,diesel,Diesel,UNKNOWN,,,,S083;S505;S032;S035;S024;S029;S466;S481;S585;S1432;S1700,FALSE,N/A,FALSE,N/A,S083;S505;S032;S035;S024;S029;S466;S481;S585;S1432;S1700
RR2011M,drew-mcintyre,Drew McIntyre,UNKNOWN,,,,S083;S778;S1373;S1700,FALSE,N/A,FALSE,N/A,S083;S778;S1373;S1700
RR2011M,alex-riley,Alex Riley,UNKNOWN,,,,S083;S500;S505;S779;S1374;S1700,FALSE,N/A,FALSE,N/A,S083;S500;S505;S779;S1374;S1700
RR2011M,big-show,Big Show,UNKNOWN,,,,S083;S067;S073;S040;S052;S042;S481;S489;S485;S675;S1358;S1700,FALSE,N/A,FALSE,N/A,S083;S067;S073;S040;S052;S042;S481;S489;S485;S675;S1358;S1700
RR2011M,ezekiel-jackson,Ezekiel Jackson,UNKNOWN,,,,S083;S505;S780;S1375;S1700,FALSE,N/A,FALSE,N/A,S083;S505;S780;S1375;S1700
RR2011M,santino-marella,Santino Marella,UNKNOWN,,,,S083;S505;S500;S750;S1432;S1700,FALSE,N/A,FALSE,N/A,S083;S505;S500;S750;S1432;S1700
RR2011M,alberto-del-rio,Alberto Del Rio,UNKNOWN,,,,S083;S500;S505;S781;S1376;S1700,FALSE,N/A,FALSE,N/A,S083;S500;S505;S781;S1376;S1700
RR2011M,randy-orton,Randy Orton,UNKNOWN,,,,S083;S067;S073;S040;S052;S042;S481;S489;S485;S709;S1346;S1700,FALSE,N/A,FALSE,N/A,S083;S067;S073;S040;S052;S042;S481;S489;S485;S709;S1346;S1700
RR2011M,kane,Kane,UNKNOWN,,,,S083;S068;S069;S044;S045;S479;S628;S1334;S1700,FALSE,N/A,FALSE,N/A,S083;S068;S069;S044;S045;S479;S628;S1334;S1700
RR2012M,the-miz,Miz,UNKNOWN,,,,S084;S506;S749;S1330;S1700,FALSE,N/A,FALSE,N/A,S084;S506;S749;S1330;S1700
RR2012M,alex-riley,Alex Riley,UNKNOWN,,,,S084;S779;S1374;S1700,FALSE,N/A,FALSE,N/A,S084;S779;S1374;S1700
RR2012M,r-truth,R-Truth,UNKNOWN,,,,S084;S761;S1433;S1700,FALSE,N/A,FALSE,N/A,S084;S761;S1433;S1700
RR2012M,cody-rhodes,Cody Rhodes,UNKNOWN,,,,S084;S506;S501;S753;S1328;S1700,FALSE,N/A,FALSE,N/A,S084;S506;S501;S753;S1328;S1700
RR2012M,justin-gabriel,Justin Gabriel,UNKNOWN,,,,S084;S765;S1360;S1700,FALSE,N/A,FALSE,N/A,S084;S765;S1360;S1700
RR2012M,primo,Primo,UNKNOWN,,,,S084;S506;S501;S782;S1433;S1700,FALSE,N/A,FALSE,N/A,S084;S506;S501;S782;S1433;S1700
RR2012M,mick-foley,Mick Foley,UNKNOWN,,,,S084;S506;S067;S073;S040;S052;S042;S481;S489;S716;S1336;S1700,FALSE,N/A,FALSE,N/A,S084;S506;S067;S073;S040;S052;S042;S481;S489;S716;S1336;S1700
RR2012M,ricardo-rodriguez,Ricardo Rodriguez,UNKNOWN,,,,S084;S501;S506;S783;S1377;S1700,FALSE,N/A,FALSE,N/A,S084;S501;S506;S783;S1377;S1700
RR2012M,santino-marella,Santino Marella,UNKNOWN,,,,S084;S750;S1433;S1700,FALSE,N/A,FALSE,N/A,S084;S750;S1433;S1700
RR2012M,epico,Epico,UNKNOWN,,,,S084;S506;S501;S784;S1378;S1700,FALSE,N/A,FALSE,N/A,S084;S506;S501;S784;S1378;S1700
RR2012M,kofi-kingston,Kofi Kingston,UNKNOWN,,,,S084;S760;S1352;S1700,FALSE,N/A,FALSE,N/A,S084;S760;S1352;S1700
RR2012M,jerry-lawler,Jerry Lawler,UNKNOWN,,,,S084;S033;S034;S477;S027;S028;S469;S566;S1379;S1700,FALSE,N/A,FALSE,N/A,S084;S033;S034;S477;S027;S028;S469;S566;S1379;S1700
RR2012M,ezekiel-jackson,Ezekiel Jackson,UNKNOWN,,,,S084;S780;S1375;S1700,FALSE,N/A,FALSE,N/A,S084;S780;S1375;S1700
RR2012M,jinder-mahal,Jinder Mahal,UNKNOWN,,,,S084;S785;S1380;S1700,FALSE,N/A,FALSE,N/A,S084;S785;S1380;S1700
RR2012M,the-great-khali,The Great Khali,UNKNOWN,,,,S084;S748;S1320;S1700,FALSE,N/A,FALSE,N/A,S084;S748;S1320;S1700
RR2012M,hunico,Hunico,UNKNOWN,,,,S084;S501;S506;S786;S1381;S1700,FALSE,N/A,FALSE,N/A,S084;S501;S506;S786;S1381;S1700
RR2012M,booker-t,Booker T,UNKNOWN,,,,S084;S068;S069;S686;S1433;S1700,FALSE,N/A,FALSE,N/A,S084;S068;S069;S686;S1433;S1700
RR2012M,dolph-ziggler,Dolph Ziggler,UNKNOWN,,,,S084;S506;S501;S763;S1356;S1700,FALSE,N/A,FALSE,N/A,S084;S506;S501;S763;S1356;S1700
RR2012M,jim-duggan,Jim Duggan,UNKNOWN,,,,S084;S506;S1357;S1700,FALSE,N/A,FALSE,N/A,S084;S506;S1357;S1700
RR2012M,michael-cole,Michael Cole,UNKNOWN,,,,S084;S787;S1382;S1700,FALSE,N/A,FALSE,N/A,S084;S787;S1382;S1700
RR2012M,kharma,Kharma,UNKNOWN,,,,S084;S788;S1383;S1700,FALSE,N/A,FALSE,N/A,S084;S788;S1383;S1700
RR2012M,sheamus,Sheamus,UNKNOWN,,,,S084;S776;S1371;S1700,FALSE,N/A,FALSE,N/A,S084;S776;S1371;S1700
RR2012M,road-dogg,Road Dogg,UNKNOWN,,,,S084;S506;S789;S1384;S1700,FALSE,N/A,FALSE,N/A,S084;S506;S789;S1384;S1700
RR2012M,jey-uso,Jey Uso,UNKNOWN,,,,S084;S790;S1385;S1700,FALSE,N/A,FALSE,N/A,S084;S790;S1385;S1700
RR2012M,jack-swagger,Jack Swagger,UNKNOWN,,,,S084;S506;S501;S775;S1370;S1700,FALSE,N/A,FALSE,N/A,S084;S506;S501;S775;S1370;S1700
RR2012M,wade-barrett,Wade Barrett,UNKNOWN,,,,S084;S777;S1372;S1700,FALSE,N/A,FALSE,N/A,S084;S777;S1372;S1700
RR2012M,david-otunga,David Otunga,UNKNOWN,,,,S084;S770;S1364;S1700,FALSE,N/A,FALSE,N/A,S084;S770;S1364;S1700
RR2012M,randy-orton,Randy Orton,UNKNOWN,,,,S084;S067;S073;S040;S052;S042;S481;S489;S485;S709;S1346;S1700,FALSE,N/A,FALSE,N/A,S084;S067;S073;S040;S052;S042;S481;S489;S485;S709;S1346;S1700
RR2012M,chris-jericho,Chris Jericho,UNKNOWN,,,,S084;S068;S069;S436;S671;S1349;S1700,FALSE,N/A,FALSE,N/A,S084;S068;S069;S436;S671;S1349;S1700
RR2012M,big-show,Big Show,UNKNOWN,,,,S084;S439;S442;S067;S073;S040;S052;S042;S481;S489;S485;S675;S1358;S1700,FALSE,N/A,FALSE,N/A,S084;S439;S442;S067;S073;S040;S052;S042;S481;S489;S485;S675;S1358;S1700
RR2010M,dolph-ziggler,Dolph Ziggler,UNKNOWN,,,,S085;S086;S087;S088;S089;S090;S091;S092;S763;S1356;S1700,FALSE,N/A,FALSE,N/A,S085;S086;S087;S088;S089;S090;S091;S092;S763;S1356;S1700
RR2010M,evan-bourne,Evan Bourne,UNKNOWN,,,,S085;S086;S087;S088;S089;S090;S091;S092;S791;S1386;S1692;S1700,FALSE,N/A,FALSE,N/A,S085;S086;S087;S088;S089;S090;S091;S092;S791;S1386;S1692;S1700
RR2010M,cm-punk,CM Punk,UNKNOWN,,,,S085;S086;S087;S088;S089;S090;S091;S092;S499;S504;S744;S1327;S1700,FALSE,N/A,FALSE,N/A,S085;S086;S087;S088;S089;S090;S091;S092;S499;S504;S744;S1327;S1700
RR2010M,jtg,JTG,UNKNOWN,,,,S085;S086;S087;S088;S089;S090;S091;S092;S757;S1347;S1700,FALSE,N/A,FALSE,N/A,S085;S086;S087;S088;S089;S090;S091;S092;S757;S1347;S1700
RR2010M,the-great-khali,The Great Khali,UNKNOWN,,,,S085;S086;S087;S088;S089;S090;S091;S092;S499;S504;S748;S1320;S1700,FALSE,N/A,FALSE,N/A,S085;S086;S087;S088;S089;S090;S091;S092;S499;S504;S748;S1320;S1700
RR2010M,beth-phoenix,Beth Phoenix,UNKNOWN,,,,S085;S086;S087;S088;S089;S090;S091;S092;S504;S792;S1387;S1700,FALSE,N/A,FALSE,N/A,S085;S086;S087;S088;S089;S090;S091;S092;S504;S792;S1387;S1700
RR2010M,zack-ryder,Zack Ryder,UNKNOWN,,,,S085;S086;S087;S088;S089;S090;S091;S092;S766;S1361;S1700,FALSE,N/A,FALSE,N/A,S085;S086;S087;S088;S089;S090;S091;S092;S766;S1361;S1700
RR2010M,hunter-hearst-helmsley,Triple H,UNKNOWN,,,,S085;S086;S087;S088;S089;S090;S091;S092;S504;S499;S024;S037;S040;S049;S050;S051;S044;S045;S479;S619;S1341;S1700,FALSE,N/A,FALSE,N/A,S085;S086;S087;S088;S089;S090;S091;S092;S504;S499;S024;S037;S040;S049;S050;S051;S044;S045;S479;S619;S1341;S1700
RR2010M,drew-mcintyre,Drew McIntyre,UNKNOWN,,,,S085;S086;S087;S088;S089;S090;S091;S092;S504;S499;S778;S1373;S1700,FALSE,N/A,FALSE,N/A,S085;S086;S087;S088;S089;S090;S091;S092;S504;S499;S778;S1373;S1700
RR2010M,ted-dibiase-jr,Ted DiBiase,UNKNOWN,,,,S085;S086;S087;S088;S089;S090;S091;S092;S504;S758;S1348;S1700,FALSE,N/A,FALSE,N/A,S085;S086;S087;S088;S089;S090;S091;S092;S504;S758;S1348;S1700
RR2010M,johnny-nitro,John Morrison,UNKNOWN,,,,S085;S086;S087;S088;S089;S090;S091;S092;S740;S1431;S1700,FALSE,N/A,FALSE,N/A,S085;S086;S087;S088;S089;S090;S091;S092;S740;S1431;S1700
RR2010M,kane,Kane,UNKNOWN,,,,S085;S086;S087;S088;S089;S090;S091;S092;S068;S069;S044;S045;S479;S628;S1334;S1700,FALSE,N/A,FALSE,N/A,S085;S086;S087;S088;S089;S090;S091;S092;S068;S069;S044;S045;S479;S628;S1334;S1700
RR2010M,cody-rhodes,Cody Rhodes,UNKNOWN,,,,S085;S086;S087;S088;S089;S090;S091;S092;S504;S753;S1328;S1700,FALSE,N/A,FALSE,N/A,S085;S086;S087;S088;S089;S090;S091;S092;S504;S753;S1328;S1700
RR2010M,mvp,MVP,UNKNOWN,,,,S085;S086;S087;S088;S089;S090;S091;S092;S747;S1344;S1700,FALSE,N/A,FALSE,N/A,S085;S086;S087;S088;S089;S090;S091;S092;S747;S1344;S1700
RR2010M,carlito,Carlito,UNKNOWN,,,,S085;S086;S087;S088;S089;S090;S091;S092;S733;S1335;S1700,FALSE,N/A,FALSE,N/A,S085;S086;S087;S088;S089;S090;S091;S092;S733;S1335;S1700
RR2010M,the-miz,The Miz,UNKNOWN,,,,S085;S086;S087;S088;S089;S090;S091;S092;S504;S499;S749;S1330;S1700,FALSE,N/A,FALSE,N/A,S085;S086;S087;S088;S089;S090;S091;S092;S504;S499;S749;S1330;S1700
RR2010M,matt-hardy,Matt Hardy,UNKNOWN,,,,S085;S086;S087;S088;S089;S090;S091;S092;S067;S073;S040;S052;S042;S481;S678;S1388;S1700,FALSE,N/A,FALSE,N/A,S085;S086;S087;S088;S089;S090;S091;S092;S067;S073;S040;S052;S042;S481;S678;S1388;S1700
RR2010M,shawn-michaels,Shawn Michaels,UNKNOWN,,,,S085;S086;S087;S088;S089;S090;S091;S092;S504;S499;S1318;S1700,FALSE,N/A,FALSE,N/A,S085;S086;S087;S088;S089;S090;S091;S092;S504;S499;S1318;S1700
RR2010M,john-cena,John Cena,UNKNOWN,,,,S085;S086;S087;S088;S089;S090;S091;S092;S068;S069;S494;S490;S702;S1342;S1700,FALSE,N/A,FALSE,N/A,S085;S086;S087;S088;S089;S090;S091;S092;S068;S069;S494;S490;S702;S1342;S1700
RR2010M,shelton-benjamin,Shelton Benjamin,UNKNOWN,,,,S085;S086;S087;S088;S089;S090;S091;S092;S068;S069;S494;S490;S705;S1331;S1700,FALSE,N/A,FALSE,N/A,S085;S086;S087;S088;S089;S090;S091;S092;S068;S069;S494;S490;S705;S1331;S1700
RR2010M,yoshi-tatsu,Yoshi Tatsu,UNKNOWN,,,,S085;S086;S087;S088;S089;S090;S091;S092;S767;S1362;S1700,FALSE,N/A,FALSE,N/A,S085;S086;S087;S088;S089;S090;S091;S092;S767;S1362;S1700
RR2010M,big-show,Big Show,UNKNOWN,,,,S085;S086;S087;S088;S089;S090;S091;S092;S067;S073;S040;S052;S042;S481;S489;S485;S675;S1358;S1700,FALSE,N/A,FALSE,N/A,S085;S086;S087;S088;S089;S090;S091;S092;S067;S073;S040;S052;S042;S481;S489;S485;S675;S1358;S1700
RR2010M,mark-henry,Mark Henry,UNKNOWN,,,,S085;S086;S087;S088;S089;S090;S091;S092;S067;S073;S040;S052;S042;S481;S044;S045;S649;S1338;S1700,FALSE,N/A,FALSE,N/A,S085;S086;S087;S088;S089;S090;S091;S092;S067;S073;S040;S052;S042;S481;S044;S045;S649;S1338;S1700
RR2010M,chris-masters,Chris Masters,UNKNOWN,,,,S085;S086;S087;S088;S089;S090;S091;S092;S738;S1363;S1700,FALSE,N/A,FALSE,N/A,S085;S086;S087;S088;S089;S090;S091;S092;S738;S1363;S1700
RR2010M,r-truth,R-Truth,UNKNOWN,,,,S085;S086;S087;S088;S089;S090;S091;S092;S761;S1353;S1700,FALSE,N/A,FALSE,N/A,S085;S086;S087;S088;S089;S090;S091;S092;S761;S1353;S1700
RR2010M,jack-swagger,Jack Swagger,UNKNOWN,,,,S085;S086;S087;S088;S089;S090;S091;S092;S775;S1370;S1700,FALSE,N/A,FALSE,N/A,S085;S086;S087;S088;S089;S090;S091;S092;S775;S1370;S1700
RR2010M,kofi-kingston,Kofi Kingston,UNKNOWN,,,,S085;S086;S087;S088;S089;S090;S091;S092;S760;S1352;S1700,FALSE,N/A,FALSE,N/A,S085;S086;S087;S088;S089;S090;S091;S092;S760;S1352;S1700
RR2010M,chris-jericho,Chris Jericho,UNKNOWN,,,,S085;S086;S087;S088;S089;S090;S091;S092;S068;S069;S436;S671;S1349;S1700,FALSE,N/A,FALSE,N/A,S085;S086;S087;S088;S089;S090;S091;S092;S068;S069;S436;S671;S1349;S1700
RR2010M,edge,Edge,UNKNOWN,,TRUE,"~8 months (torn Achilles tendon, mid-2009)",S085;S086;S087;S088;S089;S090;S091;S092;S068;S069;S436;S044;S045;S479;S656;S1389;S1700,FALSE,N/A,TRUE,approximately 7 months (torn Achilles tendon),S085;S086;S087;S088;S089;S090;S091;S092;S068;S069;S436;S044;S045;S479;S656;S1389;S1700;S1725;S1727
RR2010M,batista,Batista,UNKNOWN,,,,S085;S086;S087;S088;S089;S090;S091;S092;S068;S069;S494;S706;S1323;S1700,FALSE,N/A,FALSE,N/A,S085;S086;S087;S088;S089;S090;S091;S092;S068;S069;S494;S706;S1323;S1700
RR2013M,dolph-ziggler,Dolph Ziggler,UNKNOWN,,,,S040;S101;S109;S502;S507;S763;S1356;S1700,FALSE,N/A,FALSE,N/A,S040;S101;S109;S502;S507;S763;S1356;S1700
RR2013M,chris-jericho,Chris Jericho,UNKNOWN,,,,S040;S101;S109;S068;S069;S436;S671;S1349;S1700,FALSE,N/A,FALSE,N/A,S040;S101;S109;S068;S069;S436;S671;S1349;S1700
RR2013M,sheamus,Sheamus,UNKNOWN,,,,S040;S101;S109;S776;S1371;S1700,FALSE,N/A,FALSE,N/A,S040;S101;S109;S776;S1371;S1700
RR2013M,cody-rhodes,Cody Rhodes,UNKNOWN,,,,S040;S101;S109;S507;S753;S1328;S1700,FALSE,N/A,FALSE,N/A,S040;S101;S109;S507;S753;S1328;S1700
RR2013M,john-cena,John Cena,UNKNOWN,,,,S040;S101;S102;S103;S109;S068;S069;S494;S490;S702;S1342;S1700,FALSE,N/A,FALSE,N/A,S040;S101;S102;S103;S109;S068;S069;S494;S490;S702;S1342;S1700
RR2013M,bo-dallas,Bo Dallas,UNKNOWN,,,,S039;S040;S101;S109;S121;S128;S793;S1390;S1700,FALSE,N/A,FALSE,N/A,S039;S040;S101;S109;S121;S128;S793;S1390;S1700
RR2013M,kofi-kingston,Kofi Kingston,UNKNOWN,,,,S040;S101;S109;S760;S1352;S1700,FALSE,N/A,FALSE,N/A,S040;S101;S109;S760;S1352;S1700
RR2013M,wade-barrett,Wade Barrett,UNKNOWN,,,,S040;S101;S109;S507;S502;S777;S1372;S1700,FALSE,N/A,FALSE,N/A,S040;S101;S109;S507;S502;S777;S1372;S1700
RR2013M,damien-sandow,Damien Sandow,UNKNOWN,,,,S040;S101;S109;S507;S794;S1434;S1519;S1700,FALSE,N/A,FALSE,N/A,S040;S101;S109;S507;S794;S1434;S1519;S1700
RR2013M,heath-slater,Heath Slater,UNKNOWN,,,,S040;S101;S109;S507;S774;S1369;S1700,FALSE,N/A,FALSE,N/A,S040;S101;S109;S507;S774;S1369;S1700
RR2013M,rey-mysterio,Rey Mysterio,UNKNOWN,,,,S040;S101;S109;S068;S069;S436;S695;S1434;S1700,FALSE,N/A,TRUE,UNKNOWN,S040;S101;S109;S068;S069;S436;S695;S1434;S1700;S1711
RR2013M,randy-orton,Randy Orton,UNKNOWN,,,,S040;S101;S109;S067;S073;S052;S042;S481;S489;S485;S709;S1346;S1700,FALSE,N/A,FALSE,N/A,S040;S101;S109;S067;S073;S052;S042;S481;S489;S485;S709;S1346;S1700
RR2013M,goldust,Goldust,UNKNOWN,,,,S040;S101;S109;S065;S066;S488;S044;S045;S634;S1434;S1700,FALSE,N/A,TRUE,UNKNOWN,S040;S101;S109;S065;S066;S488;S044;S045;S634;S1434;S1700;S1711
RR2013M,ryback,Ryback,UNKNOWN,,,,S040;S101;S109;S795;S1391;S1700,FALSE,N/A,FALSE,N/A,S040;S101;S109;S795;S1391;S1700
RR2013M,cesaro,Antonio Cesaro,UNKNOWN,,,,S040;S101;S109;S507;S502;S796;S1392;S1687;S1700,FALSE,N/A,FALSE,N/A,S040;S101;S109;S507;S502;S796;S1392;S1687;S1700
RR2013M,titus-oneil,Titus O'Neil,UNKNOWN,,,,S040;S101;S109;S507;S797;S1434;S1700,FALSE,N/A,FALSE,N/A,S040;S101;S109;S507;S797;S1434;S1700
RR2013M,daniel-bryan,Daniel Bryan,UNKNOWN,,,,S040;S101;S109;S507;S502;S764;S1359;S1700,FALSE,N/A,FALSE,N/A,S040;S101;S109;S507;S502;S764;S1359;S1700
RR2013M,prince-albert,Tensai,UNKNOWN,,,,S024;S039;S040;S078;S101;S109;S128;S507;S067;S073;S052;S042;S481;S489;S673;S1434;S1700,FALSE,N/A,FALSE,N/A,S024;S039;S040;S078;S101;S109;S128;S507;S067;S073;S052;S042;S481;S489;S673;S1434;S1700
RR2013M,the-miz,The Miz,UNKNOWN,,,,S040;S101;S109;S749;S1330;S1700,FALSE,N/A,FALSE,N/A,S040;S101;S109;S749;S1330;S1700
RR2013M,david-otunga,David Otunga,UNKNOWN,,,,S040;S101;S109;S770;S1364;S1700,FALSE,N/A,FALSE,N/A,S040;S101;S109;S770;S1364;S1700
RR2013M,brodus-clay,Brodus Clay,UNKNOWN,,,,S040;S101;S109;S481;S507;S798;S1393;S1686;S1700,FALSE,N/A,FALSE,N/A,S040;S101;S109;S481;S507;S798;S1393;S1686;S1700
RR2013M,hunico,Sin Cara,UNKNOWN,,,,S024;S039;S040;S101;S109;S128;S507;S786;S1381;S1700,FALSE,N/A,FALSE,N/A,S024;S039;S040;S101;S109;S128;S507;S786;S1381;S1700
RR2013M,the-great-khali,The Great Khali,UNKNOWN,,,,S040;S101;S109;S502;S507;S748;S1320;S1700,FALSE,N/A,FALSE,N/A,S040;S101;S109;S502;S507;S748;S1320;S1700
RR2013M,darren-young,Darren Young,UNKNOWN,,,,S040;S101;S109;S507;S799;S1394;S1689;S1700,FALSE,N/A,FALSE,N/A,S040;S101;S109;S507;S799;S1394;S1689;S1700
RR2013M,drew-mcintyre,Drew McIntyre,UNKNOWN,,,,S040;S101;S109;S507;S778;S1373;S1700,FALSE,N/A,FALSE,N/A,S040;S101;S109;S507;S778;S1373;S1700
RR2013M,zack-ryder,Zack Ryder,UNKNOWN,,,,S040;S101;S109;S766;S1361;S1700,FALSE,N/A,FALSE,N/A,S040;S101;S109;S766;S1361;S1700
RR2013M,jinder-mahal,Jinder Mahal,UNKNOWN,,,,S040;S101;S109;S507;S785;S1380;S1700,FALSE,N/A,FALSE,N/A,S040;S101;S109;S507;S785;S1380;S1700
RR2013M,kane,Kane,UNKNOWN,,,,S040;S101;S109;S507;S502;S068;S069;S044;S045;S479;S628;S1334;S1700,FALSE,N/A,FALSE,N/A,S040;S101;S109;S507;S502;S068;S069;S044;S045;S479;S628;S1334;S1700
RR2013M,santino-marella,Santino Marella,UNKNOWN,,,,S039;S040;S078;S101;S109;S750;S1434;S1700,FALSE,N/A,FALSE,N/A,S039;S040;S078;S101;S109;S750;S1434;S1700
RR2013M,the-godfather,The Godfather,UNKNOWN,,,,S040;S101;S109;S507;S049;S050;S481;S044;S045;S479;S622;S1434;S1700,FALSE,N/A,TRUE,UNKNOWN,S040;S101;S109;S507;S049;S050;S481;S044;S045;S479;S622;S1434;S1700;S1711
RR2014M,cm-punk,CM Punk,UNKNOWN,,,,S104;S105;S109;S110;S744;S1327;S1700,FALSE,N/A,FALSE,N/A,S104;S105;S109;S110;S744;S1327;S1700
RR2014M,seth-rollins,Seth Rollins,UNKNOWN,,,,S104;S105;S109;S110;S513;S800;S1395;S1700,FALSE,N/A,FALSE,N/A,S104;S105;S109;S110;S513;S800;S1395;S1700
RR2014M,damien-sandow,Damien Sandow,UNKNOWN,,,,S104;S105;S109;S110;S794;S1435;S1519;S1700,FALSE,N/A,FALSE,N/A,S104;S105;S109;S110;S794;S1435;S1519;S1700
RR2014M,cody-rhodes,Cody Rhodes,UNKNOWN,,,,S104;S105;S109;S110;S440;S443;S445;S513;S753;S1328;S1700,FALSE,N/A,FALSE,N/A,S104;S105;S109;S110;S440;S443;S445;S513;S753;S1328;S1700
RR2014M,kane,Kane,UNKNOWN,,,,S104;S105;S109;S110;S068;S069;S044;S045;S479;S628;S1334;S1700,FALSE,N/A,FALSE,N/A,S104;S105;S109;S110;S068;S069;S044;S045;S479;S628;S1334;S1700
RR2014M,rusev,Alexander Rusev,UNKNOWN,,,,S104;S105;S109;S110;S513;S508;S801;S1396;S1700,FALSE,N/A,FALSE,N/A,S104;S105;S109;S110;S513;S508;S801;S1396;S1700
RR2014M,jack-swagger,Jack Swagger,UNKNOWN,,,,S104;S105;S109;S110;S513;S508;S775;S1370;S1700,FALSE,N/A,FALSE,N/A,S104;S105;S109;S110;S513;S508;S775;S1370;S1700
RR2014M,kofi-kingston,Kofi Kingston,UNKNOWN,,,,S104;S105;S109;S110;S760;S1352;S1700,FALSE,N/A,FALSE,N/A,S104;S105;S109;S110;S760;S1352;S1700
RR2014M,jimmy-uso,Jimmy Uso,UNKNOWN,,,,S104;S105;S109;S110;S513;S802;S1397;S1700,FALSE,N/A,FALSE,N/A,S104;S105;S109;S110;S513;S802;S1397;S1700
RR2014M,goldust,Goldust,UNKNOWN,,,,S104;S105;S109;S110;S513;S065;S066;S488;S044;S045;S634;S1435;S1700,FALSE,N/A,FALSE,N/A,S104;S105;S109;S110;S513;S065;S066;S488;S044;S045;S634;S1435;S1700
RR2014M,dean-ambrose,Dean Ambrose,UNKNOWN,,,,S104;S105;S109;S110;S513;S508;S803;S1398;S1690;S1700,FALSE,N/A,FALSE,N/A,S104;S105;S109;S110;S513;S508;S803;S1398;S1690;S1700
RR2014M,dolph-ziggler,Dolph Ziggler,UNKNOWN,,,,S104;S105;S109;S110;S763;S1356;S1700,FALSE,N/A,FALSE,N/A,S104;S105;S109;S110;S763;S1356;S1700
RR2014M,r-truth,R-Truth,UNKNOWN,,,,S104;S105;S109;S110;S761;S1435;S1700,FALSE,N/A,FALSE,N/A,S104;S105;S109;S110;S761;S1435;S1700
RR2014M,diesel,Kevin Nash,UNKNOWN,,,,S104;S105;S109;S110;S513;S032;S035;S024;S029;S466;S481;S585;S1435;S1700,FALSE,N/A,FALSE,N/A,S104;S105;S109;S110;S513;S032;S035;S024;S029;S466;S481;S585;S1435;S1700
RR2014M,roman-reigns,Roman Reigns,UNKNOWN,,,,S104;S105;S109;S110;S513;S804;S1399;S1700,FALSE,N/A,FALSE,N/A,S104;S105;S109;S110;S513;S804;S1399;S1700
RR2014M,the-great-khali,The Great Khali,UNKNOWN,,,,S104;S105;S109;S110;S748;S1320;S1700,FALSE,N/A,FALSE,N/A,S104;S105;S109;S110;S748;S1320;S1700
RR2014M,sheamus,Sheamus,UNKNOWN,,,,S104;S105;S109;S110;S776;S1371;S1700,FALSE,N/A,FALSE,N/A,S104;S105;S109;S110;S776;S1371;S1700
RR2014M,the-miz,The Miz,UNKNOWN,,,,S104;S105;S109;S110;S749;S1330;S1700,FALSE,N/A,FALSE,N/A,S104;S105;S109;S110;S749;S1330;S1700
RR2014M,fandango,Fandango,UNKNOWN,,,,S104;S105;S109;S110;S805;S1400;S1700,FALSE,N/A,FALSE,N/A,S104;S105;S109;S110;S805;S1400;S1700
RR2014M,el-torito,El Torito,UNKNOWN,,,,S104;S105;S109;S110;S513;S806;S1401;S1691;S1700,FALSE,N/A,FALSE,N/A,S104;S105;S109;S110;S513;S806;S1401;S1691;S1700
RR2014M,cesaro,Antonio Cesaro,UNKNOWN,,,,S104;S105;S109;S110;S513;S508;S796;S1392;S1687;S1700,FALSE,N/A,FALSE,N/A,S104;S105;S109;S110;S513;S508;S796;S1392;S1687;S1700
RR2014M,luke-harper,Luke Harper,UNKNOWN,,,,S104;S105;S109;S110;S513;S807;S1402;S1695;S1700,FALSE,N/A,FALSE,N/A,S104;S105;S109;S110;S513;S807;S1402;S1695;S1700
RR2014M,jey-uso,Jey Uso,UNKNOWN,,,,S104;S105;S109;S110;S513;S790;S1385;S1700,FALSE,N/A,FALSE,N/A,S104;S105;S109;S110;S513;S790;S1385;S1700
RR2014M,bradshaw,John Bradshaw Layfield,UNKNOWN,,,,S104;S105;S109;S110;S513;S067;S073;S040;S052;S042;S481;S024;S043;S050;S474;S645;S1403;S1700,FALSE,N/A,FALSE,N/A,S104;S105;S109;S110;S513;S067;S073;S040;S052;S042;S481;S024;S043;S050;S474;S645;S1403;S1700
RR2014M,erick-rowan,Erick Rowan,UNKNOWN,,,,S104;S105;S109;S110;S513;S808;S1404;S1700,FALSE,N/A,FALSE,N/A,S104;S105;S109;S110;S513;S808;S1404;S1700
RR2014M,ryback,Ryback,UNKNOWN,,,,S104;S105;S109;S110;S513;S795;S1391;S1700,FALSE,N/A,FALSE,N/A,S104;S105;S109;S110;S513;S795;S1391;S1700
RR2014M,alberto-del-rio,Alberto Del Rio,UNKNOWN,,,,S104;S105;S109;S110;S781;S1376;S1700,FALSE,N/A,FALSE,N/A,S104;S105;S109;S110;S781;S1376;S1700
RR2014M,batista,Batista,UNKNOWN,,,,S104;S105;S109;S110;S068;S069;S494;S706;S1323;S1700,FALSE,N/A,FALSE,N/A,S104;S105;S109;S110;S068;S069;S494;S706;S1323;S1700
RR2014M,big-e,Big E. Langston,UNKNOWN,,,,S104;S105;S109;S110;S513;S508;S809;S1405;S1700,FALSE,N/A,FALSE,N/A,S104;S105;S109;S110;S513;S508;S809;S1405;S1700
RR2014M,rey-mysterio,Rey Mysterio,UNKNOWN,,,,S078;S098;S104;S105;S109;S110;S111;S113;S068;S069;S436;S695;S1435;S1700,FALSE,N/A,FALSE,N/A,S078;S098;S104;S105;S109;S110;S111;S113;S068;S069;S436;S695;S1435;S1700
RR2015M,the-miz,The Miz,UNKNOWN,,,,S106;S514;S749;S1330;S1700,FALSE,N/A,FALSE,N/A,S106;S514;S749;S1330;S1700
RR2015M,r-truth,R-Truth,UNKNOWN,,,,S106;S481;S109;S761;S1436;S1700,FALSE,N/A,FALSE,N/A,S106;S481;S109;S761;S1436;S1700
RR2015M,bubba-ray-dudley,Bubba Ray Dudley,UNKNOWN,,,,S106;S810;S1406;S1700,FALSE,N/A,TRUE,UNKNOWN,S106;S810;S1406;S1700;S1712
RR2015M,luke-harper,Luke Harper,UNKNOWN,,,,S106;S481;S109;S807;S1402;S1695;S1700,FALSE,N/A,FALSE,N/A,S106;S481;S109;S807;S1402;S1695;S1700
RR2015M,bray-wyatt,Bray Wyatt,UNKNOWN,,,,S106;S481;S109;S811;S1407;S1700,FALSE,N/A,FALSE,N/A,S106;S481;S109;S811;S1407;S1700
RR2015M,curtis-axel,Curtis Axel,UNKNOWN,,,,S106;S481;S109;S812;S1408;S769;S1700,FALSE,N/A,FALSE,N/A,S106;S481;S109;S812;S1408;S769;S1700
RR2015M,the-boogeyman,The Boogeyman,UNKNOWN,,,,S106;S813;S1436;S1700,FALSE,N/A,TRUE,UNKNOWN,S106;S813;S1436;S1700;S1712
RR2015M,hunico,Sin Cara,UNKNOWN,,,,S024;S106;S109;S481;S514;S786;S1436;S1700,FALSE,N/A,FALSE,N/A,S024;S106;S109;S481;S514;S786;S1436;S1700
RR2015M,zack-ryder,Zack Ryder,UNKNOWN,,,,S106;S481;S109;S766;S1361;S1700,FALSE,N/A,TRUE,approximately 2 months (injury),S106;S481;S109;S766;S1361;S1700;S1712
RR2015M,daniel-bryan,Daniel Bryan,UNKNOWN,,,,S106;S481;S109;S764;S1359;S1700,FALSE,N/A,FALSE,N/A,S106;S481;S109;S764;S1359;S1700
RR2015M,fandango,Fandango,UNKNOWN,,,,S106;S805;S1400;S1700,FALSE,N/A,FALSE,N/A,S106;S805;S1400;S1700
RR2015M,tyson-kidd,Tyson Kidd,UNKNOWN,,,,S106;S514;S509;S773;S1368;S1700,FALSE,N/A,FALSE,N/A,S106;S514;S509;S773;S1368;S1700
RR2015M,cody-rhodes,Stardust,UNKNOWN,,,,S106;S514;S753;S1328;S1700,FALSE,N/A,FALSE,N/A,S106;S514;S753;S1328;S1700
RR2015M,diamond-dallas-page,Diamond Dallas Page,UNKNOWN,,,,S106;S040;S049;S050;S481;S688;S1410;S1700,FALSE,N/A,TRUE,UNKNOWN,S106;S040;S049;S050;S481;S688;S1410;S1700;S1712
RR2015M,rusev,Rusev,UNKNOWN,,,,S106;S509;S514;S801;S1396;S1700,FALSE,N/A,FALSE,N/A,S106;S509;S514;S801;S1396;S1700
RR2015M,goldust,Goldust,UNKNOWN,,,,S106;S481;S109;S514;S065;S066;S488;S044;S045;S634;S1436;S1700,FALSE,N/A,FALSE,N/A,S106;S481;S109;S514;S065;S066;S488;S044;S045;S634;S1436;S1700
RR2015M,kofi-kingston,Kofi Kingston,UNKNOWN,,,,S106;S514;S760;S1352;S1700,FALSE,N/A,FALSE,N/A,S106;S514;S760;S1352;S1700
RR2015M,adam-rose,Adam Rose,UNKNOWN,,,,S106;S814;S1411;S1684;S1700,FALSE,N/A,FALSE,N/A,S106;S814;S1411;S1684;S1700
RR2015M,roman-reigns,Roman Reigns,UNKNOWN,,,,S106;S804;S1399;S1700,FALSE,N/A,FALSE,N/A,S106;S804;S1399;S1700
RR2015M,big-e,Big E,UNKNOWN,,,,S106;S514;S809;S1405;S1700,FALSE,N/A,FALSE,N/A,S106;S514;S809;S1405;S1700
RR2015M,damien-sandow,Damien Mizdow,UNKNOWN,,,,S106;S481;S109;S514;S794;S1436;S1519;S1700,FALSE,N/A,FALSE,N/A,S106;S481;S109;S514;S794;S1436;S1519;S1700
RR2015M,jack-swagger,Jack Swagger,UNKNOWN,,,,S106;S775;S1370;S1700,FALSE,N/A,FALSE,N/A,S106;S775;S1370;S1700
RR2015M,ryback,Ryback,UNKNOWN,,,,S106;S795;S1391;S1700,FALSE,N/A,FALSE,N/A,S106;S795;S1391;S1700
RR2015M,kane,Kane,UNKNOWN,,,,S106;S514;S068;S069;S044;S045;S479;S628;S1334;S1700,FALSE,N/A,FALSE,N/A,S106;S514;S068;S069;S044;S045;S479;S628;S1334;S1700
RR2015M,dean-ambrose,Dean Ambrose,UNKNOWN,,,,S106;S481;S109;S803;S1398;S1690;S1700,FALSE,N/A,FALSE,N/A,S106;S481;S109;S803;S1398;S1690;S1700
RR2015M,titus-oneil,Titus O'Neil,UNKNOWN,,,,S106;S797;S1436;S1700,FALSE,N/A,FALSE,N/A,S106;S797;S1436;S1700
RR2015M,wade-barrett,Bad News Barrett,UNKNOWN,,,,S106;S514;S509;S777;S1372;S1700,FALSE,N/A,FALSE,N/A,S106;S514;S509;S777;S1372;S1700
RR2015M,cesaro,Cesaro,UNKNOWN,,,,S106;S481;S109;S514;S509;S796;S1392;S1687;S1700,FALSE,N/A,FALSE,N/A,S106;S481;S109;S514;S509;S796;S1392;S1687;S1700
RR2015M,big-show,Big Show,UNKNOWN,,,,S106;S514;S067;S073;S040;S052;S042;S481;S489;S485;S675;S1358;S1700,FALSE,N/A,FALSE,N/A,S106;S514;S067;S073;S040;S052;S042;S481;S489;S485;S675;S1358;S1700
RR2015M,dolph-ziggler,Dolph Ziggler,UNKNOWN,,,,S106;S763;S1356;S1700,FALSE,N/A,FALSE,N/A,S106;S763;S1356;S1700
RR2016M,roman-reigns,Roman Reigns,UNKNOWN,,,,S036;S040;S107;S109;S113;S481;S515;S510;S804;S1399;S1700,FALSE,N/A,FALSE,N/A,S036;S040;S107;S109;S113;S481;S515;S510;S804;S1399;S1700
RR2016M,rusev,Rusev,UNKNOWN,,,,S040;S107;S109;S510;S515;S801;S1396;S1700,FALSE,N/A,FALSE,N/A,S040;S107;S109;S510;S515;S801;S1396;S1700
RR2016M,aj-styles,AJ Styles,UNKNOWN,,,,S040;S107;S109;S815;S1412;S1700,TRUE,2016-01-24,FALSE,N/A,S040;S107;S109;S815;S1412;S1700;S1721;S1722
RR2016M,tyler-breeze,Tyler Breeze,UNKNOWN,,,,S040;S107;S109;S816;S1413;S1700,FALSE,N/A,FALSE,N/A,S040;S107;S109;S816;S1413;S1700
RR2016M,curtis-axel,Curtis Axel,UNKNOWN,,,,S040;S107;S109;S515;S812;S1408;S769;S1700,FALSE,N/A,FALSE,N/A,S040;S107;S109;S515;S812;S1408;S769;S1700
RR2016M,chris-jericho,Chris Jericho,UNKNOWN,,,,S040;S107;S109;S068;S069;S436;S671;S1349;S1700,FALSE,N/A,FALSE,N/A,S040;S107;S109;S068;S069;S436;S671;S1349;S1700
RR2016M,kane,Kane,UNKNOWN,,,,S040;S107;S109;S068;S069;S044;S045;S479;S628;S1334;S1700,FALSE,N/A,FALSE,N/A,S040;S107;S109;S068;S069;S044;S045;S479;S628;S1334;S1700
RR2016M,goldust,Goldust,UNKNOWN,,,,S040;S107;S109;S065;S066;S488;S044;S045;S634;S1437;S1700,FALSE,N/A,FALSE,N/A,S040;S107;S109;S065;S066;S488;S044;S045;S634;S1437;S1700
RR2016M,ryback,Ryback,UNKNOWN,,,,S040;S107;S109;S795;S1391;S1700,FALSE,N/A,FALSE,N/A,S040;S107;S109;S795;S1391;S1700
RR2016M,kofi-kingston,Kofi Kingston,UNKNOWN,,,,S037;S039;S040;S107;S109;S515;S510;S760;S1352;S1700,FALSE,N/A,FALSE,N/A,S037;S039;S040;S107;S109;S515;S510;S760;S1352;S1700
RR2016M,titus-oneil,Titus O'Neil,UNKNOWN,,,,S040;S107;S109;S797;S1437;S1700,FALSE,N/A,FALSE,N/A,S040;S107;S109;S797;S1437;S1700
RR2016M,r-truth,R-Truth,UNKNOWN,,,,S040;S107;S109;S761;S1437;S1700,FALSE,N/A,FALSE,N/A,S040;S107;S109;S761;S1437;S1700
RR2016M,luke-harper,Luke Harper,UNKNOWN,,,,S040;S107;S109;S515;S807;S1402;S1695;S1700,FALSE,N/A,FALSE,N/A,S040;S107;S109;S515;S807;S1402;S1695;S1700
RR2016M,cody-rhodes,Stardust,UNKNOWN,,,,S040;S107;S109;S515;S753;S1328;S1700,FALSE,N/A,FALSE,N/A,S040;S107;S109;S515;S753;S1328;S1700
RR2016M,big-show,Big Show,UNKNOWN,,,,S040;S107;S109;S067;S073;S052;S042;S481;S489;S485;S675;S1358;S1700,FALSE,N/A,FALSE,N/A,S040;S107;S109;S067;S073;S052;S042;S481;S489;S485;S675;S1358;S1700
RR2016M,neville,Neville,UNKNOWN,,,,S040;S107;S109;S817;S1437;S1696;S1700,FALSE,N/A,FALSE,N/A,S040;S107;S109;S817;S1437;S1696;S1700
RR2016M,braun-strowman,Braun Strowman,UNKNOWN,,,,S040;S107;S109;S113;S515;S818;S1414;S1700,FALSE,N/A,FALSE,N/A,S040;S107;S109;S113;S515;S818;S1414;S1700
RR2016M,kevin-owens,Kevin Owens,UNKNOWN,,,,S040;S107;S109;S481;S819;S1415;S1700,FALSE,N/A,FALSE,N/A,S040;S107;S109;S481;S819;S1415;S1700
RR2016M,dean-ambrose,Dean Ambrose,UNKNOWN,,,,S040;S107;S109;S515;S510;S803;S1398;S1690;S1700,FALSE,N/A,FALSE,N/A,S040;S107;S109;S515;S510;S803;S1398;S1690;S1700
RR2016M,sami-zayn,Sami Zayn,UNKNOWN,,,,S040;S107;S109;S820;S1416;S1700,FALSE,N/A,FALSE,N/A,S040;S107;S109;S820;S1416;S1700
RR2016M,erick-rowan,Erick Rowan,UNKNOWN,,,,S040;S107;S109;S515;S808;S1404;S1700,FALSE,N/A,FALSE,N/A,S040;S107;S109;S515;S808;S1404;S1700
RR2016M,mark-henry,Mark Henry,UNKNOWN,,,,S040;S107;S109;S481;S067;S073;S052;S042;S044;S045;S649;S1338;S1700,FALSE,N/A,FALSE,N/A,S040;S107;S109;S481;S067;S073;S052;S042;S044;S045;S649;S1338;S1700
RR2016M,brock-lesnar,Brock Lesnar,UNKNOWN,,,,S040;S107;S109;S510;S515;S065;S066;S707;S1417;S1700,FALSE,N/A,FALSE,N/A,S040;S107;S109;S510;S515;S065;S066;S707;S1417;S1700
RR2016M,jack-swagger,Jack Swagger,UNKNOWN,,,,S040;S107;S109;S775;S1370;S1700,FALSE,N/A,FALSE,N/A,S040;S107;S109;S775;S1370;S1700
RR2016M,the-miz,Miz,UNKNOWN,,,,S040;S107;S109;S515;S749;S1330;S1700,FALSE,N/A,FALSE,N/A,S040;S107;S109;S515;S749;S1330;S1700
RR2016M,alberto-del-rio,Alberto Del Rio,UNKNOWN,,,,S040;S107;S109;S510;S515;S781;S1376;S1700,FALSE,N/A,FALSE,N/A,S040;S107;S109;S510;S515;S781;S1376;S1700
RR2016M,bray-wyatt,Bray Wyatt,UNKNOWN,,,,S040;S107;S109;S481;S515;S811;S1407;S1700,FALSE,N/A,FALSE,N/A,S040;S107;S109;S481;S515;S811;S1407;S1700
RR2016M,dolph-ziggler,Dolph Ziggler,UNKNOWN,,,,S040;S107;S109;S763;S1356;S1700,FALSE,N/A,FALSE,N/A,S040;S107;S109;S763;S1356;S1700
RR2016M,sheamus,Sheamus,UNKNOWN,,,,S040;S107;S109;S510;S515;S776;S1371;S1700,FALSE,N/A,FALSE,N/A,S040;S107;S109;S510;S515;S776;S1371;S1700
RR2016M,hunter-hearst-helmsley,Triple H,UNKNOWN,,,,S040;S107;S109;S024;S037;S049;S050;S051;S044;S045;S479;S619;S1341;S1700,FALSE,N/A,FALSE,N/A,S040;S107;S109;S024;S037;S049;S050;S051;S044;S045;S479;S619;S1341;S1700
RR2017M,big-cass,Big Cass,UNKNOWN,,,,S140;S141;S142;S143;S516;S821;S1418;S1700,FALSE,N/A,FALSE,N/A,S140;S141;S142;S143;S516;S821;S1418;S1700
RR2017M,chris-jericho,Chris Jericho,UNKNOWN,,,,S140;S141;S142;S143;S516;S511;S068;S069;S436;S671;S1349;S1700,FALSE,N/A,FALSE,N/A,S140;S141;S142;S143;S516;S511;S068;S069;S436;S671;S1349;S1700
RR2017M,kalisto,Kalisto,UNKNOWN,,,,S140;S141;S142;S143;S822;S1438;S1700,FALSE,N/A,FALSE,N/A,S140;S141;S142;S143;S822;S1438;S1700
RR2017M,mojo-rawley,Mojo Rawley,UNKNOWN,,,,S140;S141;S142;S143;S823;S1420;S1700,FALSE,N/A,FALSE,N/A,S140;S141;S142;S143;S823;S1420;S1700
RR2017M,jack-gallagher,Jack Gallagher,UNKNOWN,,,,S140;S141;S142;S143;S516;S824;S1421;S1700,FALSE,N/A,FALSE,N/A,S140;S141;S142;S143;S516;S824;S1421;S1700
RR2017M,mark-henry,Mark Henry,UNKNOWN,,,,S140;S141;S142;S143;S067;S073;S040;S052;S042;S481;S044;S045;S649;S1338;S1700,FALSE,N/A,FALSE,N/A,S140;S141;S142;S143;S067;S073;S040;S052;S042;S481;S044;S045;S649;S1338;S1700
RR2017M,braun-strowman,Braun Strowman,UNKNOWN,,,,S140;S141;S142;S143;S818;S1414;S1700,FALSE,N/A,FALSE,N/A,S140;S141;S142;S143;S818;S1414;S1700
RR2017M,sami-zayn,Sami Zayn,UNKNOWN,,,,S140;S141;S142;S143;S820;S1416;S1700,FALSE,N/A,FALSE,N/A,S140;S141;S142;S143;S820;S1416;S1700
RR2017M,big-show,Big Show,UNKNOWN,,,,S140;S141;S142;S143;S067;S073;S040;S052;S042;S481;S489;S485;S675;S1358;S1700,FALSE,N/A,FALSE,N/A,S140;S141;S142;S143;S067;S073;S040;S052;S042;S481;S489;S485;S675;S1358;S1700
RR2017M,tye-dillinger,Tye Dillinger,UNKNOWN,,,,S140;S141;S142;S143;S516;S825;S1422;S1700,FALSE,N/A,FALSE,N/A,S140;S141;S142;S143;S516;S825;S1422;S1700
RR2017M,james-ellsworth,James Ellsworth,UNKNOWN,,,,S140;S141;S142;S143;S826;S1423;S1700,FALSE,N/A,FALSE,N/A,S140;S141;S142;S143;S826;S1423;S1700
RR2017M,dean-ambrose,Dean Ambrose,UNKNOWN,,,,S140;S141;S142;S143;S516;S511;S803;S1398;S1690;S1700,FALSE,N/A,FALSE,N/A,S140;S141;S142;S143;S516;S511;S803;S1398;S1690;S1700
RR2017M,baron-corbin,Baron Corbin,UNKNOWN,,,,S140;S141;S142;S143;S827;S1424;S1700,FALSE,N/A,FALSE,N/A,S140;S141;S142;S143;S827;S1424;S1700
RR2017M,kofi-kingston,Kofi Kingston,UNKNOWN,,,,S140;S141;S142;S143;S516;S760;S1352;S1700,FALSE,N/A,FALSE,N/A,S140;S141;S142;S143;S516;S760;S1352;S1700
RR2017M,the-miz,The Miz,UNKNOWN,,,,S140;S141;S142;S143;S511;S516;S749;S1330;S1700,FALSE,N/A,FALSE,N/A,S140;S141;S142;S143;S511;S516;S749;S1330;S1700
RR2017M,sheamus,Sheamus,UNKNOWN,,,,S140;S141;S142;S143;S516;S511;S776;S1371;S1700,FALSE,N/A,FALSE,N/A,S140;S141;S142;S143;S516;S511;S776;S1371;S1700
RR2017M,big-e,Big E,UNKNOWN,,,,S140;S141;S142;S143;S516;S809;S1405;S1700,FALSE,N/A,FALSE,N/A,S140;S141;S142;S143;S516;S809;S1405;S1700
RR2017M,rusev,Rusev,UNKNOWN,,,,S140;S141;S142;S143;S511;S516;S801;S1396;S1700,FALSE,N/A,FALSE,N/A,S140;S141;S142;S143;S511;S516;S801;S1396;S1700
RR2017M,cesaro,Cesaro,UNKNOWN,,,,S140;S141;S142;S143;S516;S511;S796;S1392;S1687;S1700,FALSE,N/A,FALSE,N/A,S140;S141;S142;S143;S516;S511;S796;S1392;S1687;S1700
RR2017M,xavier-woods,Xavier Woods,UNKNOWN,,,,S140;S141;S142;S143;S516;S828;S1425;S1700,FALSE,N/A,FALSE,N/A,S140;S141;S142;S143;S516;S828;S1425;S1700
RR2017M,bray-wyatt,Bray Wyatt,UNKNOWN,,,,S140;S141;S142;S143;S516;S811;S1407;S1700,FALSE,N/A,FALSE,N/A,S140;S141;S142;S143;S516;S811;S1407;S1700
RR2017M,apollo-crews,Apollo Crews,UNKNOWN,,,,S140;S141;S142;S143;S829;S1426;S1700,FALSE,N/A,FALSE,N/A,S140;S141;S142;S143;S829;S1426;S1700
RR2017M,randy-orton,Randy Orton,UNKNOWN,,,,S140;S141;S142;S143;S516;S067;S073;S040;S052;S042;S481;S489;S485;S709;S1346;S1700,FALSE,N/A,FALSE,N/A,S140;S141;S142;S143;S516;S067;S073;S040;S052;S042;S481;S489;S485;S709;S1346;S1700
RR2017M,dolph-ziggler,Dolph Ziggler,UNKNOWN,,,,S140;S141;S142;S143;S763;S1356;S1700,FALSE,N/A,FALSE,N/A,S140;S141;S142;S143;S763;S1356;S1700
RR2017M,luke-harper,Luke Harper,UNKNOWN,,,,S140;S141;S142;S143;S516;S807;S1402;S1695;S1700,FALSE,N/A,FALSE,N/A,S140;S141;S142;S143;S516;S807;S1402;S1695;S1700
RR2017M,brock-lesnar,Brock Lesnar,UNKNOWN,,,,S140;S141;S142;S143;S511;S516;S065;S066;S707;S1417;S1700,FALSE,N/A,FALSE,N/A,S140;S141;S142;S143;S511;S516;S065;S066;S707;S1417;S1700
RR2017M,enzo-amore,Enzo Amore,UNKNOWN,,,,S140;S141;S142;S143;S516;S830;S1427;S1700,FALSE,N/A,FALSE,N/A,S140;S141;S142;S143;S516;S830;S1427;S1700
RR2017M,goldberg,Goldberg,UNKNOWN,,TRUE,,S140;S141;S142;S143;S831;S1428;S1700,FALSE,N/A,FALSE,N/A,S140;S141;S142;S143;S831;S1428;S1700
RR2017M,the-undertaker,The Undertaker,UNKNOWN,,TRUE,,S140;S141;S142;S143;S065;S066;S488;S033;S034;S027;S028;S465;S469;S543;S1438;S1700,FALSE,N/A,FALSE,N/A,S140;S141;S142;S143;S065;S066;S488;S033;S034;S027;S028;S465;S469;S543;S1438;S1700
RR2017M,roman-reigns,Roman Reigns,UNKNOWN,,,,S140;S141;S142;S143;S804;S1399;S1700,FALSE,N/A,FALSE,N/A,S140;S141;S142;S143;S804;S1399;S1700
RR2018M,rusev,Rusev,UNKNOWN,,,,S144;S145;S146;S517;S512;S801;S1439;S1700,FALSE,N/A,FALSE,N/A,S144;S145;S146;S517;S512;S801;S1439;S1700
RR2018M,finn-balor,Finn Balor,UNKNOWN,,,,S144;S145;S146;S832;S1440;S1700,FALSE,N/A,FALSE,N/A,S144;S145;S146;S832;S1440;S1700
RR2018M,rhyno,Rhyno,UNKNOWN,,,,S144;S145;S146;S067;S073;S040;S052;S042;S481;S710;S1441;S1700,FALSE,N/A,FALSE,N/A,S144;S145;S146;S067;S073;S040;S052;S042;S481;S710;S1441;S1700
RR2018M,baron-corbin,Baron Corbin,UNKNOWN,,,,S144;S145;S146;S827;S1442;S1700,FALSE,N/A,FALSE,N/A,S144;S145;S146;S827;S1442;S1700
RR2018M,heath-slater,Heath Slater,UNKNOWN,,,,S144;S145;S146;S774;S1510;S1700,FALSE,N/A,FALSE,N/A,S144;S145;S146;S774;S1510;S1700
RR2018M,elias,Elias,UNKNOWN,,,,S144;S145;S146;S833;S898;S1444;S1700,FALSE,N/A,FALSE,N/A,S144;S145;S146;S833;S898;S1444;S1700
RR2018M,andrade,Andrade,UNKNOWN,,,,S144;S145;S146;S517;S512;S834;S1445;S1700,FALSE,N/A,FALSE,N/A,S144;S145;S146;S517;S512;S834;S1445;S1700
RR2018M,bray-wyatt,Bray Wyatt,UNKNOWN,,,,S144;S145;S146;S811;S1446;S1700,FALSE,N/A,FALSE,N/A,S144;S145;S146;S811;S1446;S1700
RR2018M,big-e,Big E,UNKNOWN,,,,S144;S145;S146;S517;S809;S1447;S1700,FALSE,N/A,FALSE,N/A,S144;S145;S146;S517;S809;S1447;S1700
RR2018M,sami-zayn,Sami Zayn,UNKNOWN,,,,S144;S145;S146;S820;S1448;S1700,FALSE,N/A,FALSE,N/A,S144;S145;S146;S820;S1448;S1700
RR2018M,sheamus,Sheamus,UNKNOWN,,,,S144;S145;S146;S517;S776;S1449;S1700;S1704;S1705,FALSE,N/A,FALSE,N/A,S144;S145;S146;S517;S776;S1449;S1700;S1704;S1705
RR2018M,xavier-woods,Xavier Woods,UNKNOWN,,,,S144;S145;S146;S517;S828;S1450;S1700,FALSE,N/A,FALSE,N/A,S144;S145;S146;S517;S828;S1450;S1700
RR2018M,apollo-crews,Apollo Crews,UNKNOWN,,,,S144;S145;S146;S517;S829;S1451;S1700,FALSE,N/A,FALSE,N/A,S144;S145;S146;S517;S829;S1451;S1700
RR2018M,shinsuke-nakamura,Shinsuke Nakamura,UNKNOWN,,,,S144;S145;S146;S835;S1452;S1700,FALSE,N/A,FALSE,N/A,S144;S145;S146;S835;S1452;S1700
RR2018M,cesaro,Cesaro,UNKNOWN,,,,S144;S145;S146;S517;S796;S1453;S1687;S1700;S1704;S1705,FALSE,N/A,FALSE,N/A,S144;S145;S146;S517;S796;S1453;S1687;S1700;S1704;S1705
RR2018M,kofi-kingston,Kofi Kingston,UNKNOWN,,,,S144;S145;S146;S517;S760;S1454;S1700,FALSE,N/A,FALSE,N/A,S144;S145;S146;S517;S760;S1454;S1700
RR2018M,jinder-mahal,Jinder Mahal,UNKNOWN,,,,S144;S145;S146;S785;S1455;S1700,FALSE,N/A,FALSE,N/A,S144;S145;S146;S785;S1455;S1700
RR2018M,seth-rollins,Seth Rollins,UNKNOWN,,,,S144;S145;S146;S800;S1456;S1700,FALSE,N/A,FALSE,N/A,S144;S145;S146;S800;S1456;S1700
RR2018M,matt-hardy,Matt Hardy,UNKNOWN,,,,S144;S145;S146;S517;S067;S073;S040;S052;S042;S481;S678;S1457;S1700,FALSE,N/A,FALSE,N/A,S144;S145;S146;S517;S067;S073;S040;S052;S042;S481;S678;S1457;S1700
RR2018M,john-cena,John Cena,UNKNOWN,,,,S144;S145;S146;S068;S069;S494;S490;S702;S1458;S1700,FALSE,N/A,FALSE,N/A,S144;S145;S146;S068;S069;S494;S490;S702;S1458;S1700
RR2018M,the-hurricane,The Hurricane,UNKNOWN,,TRUE,,S144;S145;S146;S517;S068;S069;S494;S693;S1459;S1700,FALSE,N/A,TRUE,UNKNOWN,S144;S145;S146;S517;S068;S069;S494;S693;S1459;S1700;S1713
RR2018M,aiden-english,Aiden English,UNKNOWN,,,,S144;S145;S146;S517;S512;S836;S1460;S1700,FALSE,N/A,FALSE,N/A,S144;S145;S146;S517;S512;S836;S1460;S1700
RR2018M,adam-cole,Adam Cole,UNKNOWN,,,,S144;S145;S146;S517;S837;S1461;S1700,FALSE,N/A,FALSE,N/A,S144;S145;S146;S517;S837;S1461;S1700
RR2018M,randy-orton,Randy Orton,UNKNOWN,,,,S144;S145;S146;S067;S073;S040;S052;S042;S481;S489;S485;S709;S1462;S1700,FALSE,N/A,FALSE,N/A,S144;S145;S146;S067;S073;S040;S052;S042;S481;S489;S485;S709;S1462;S1700
RR2018M,titus-oneil,Titus O'Neil,UNKNOWN,,,,S144;S145;S146;S517;S797;S1510;S1700,FALSE,N/A,FALSE,N/A,S144;S145;S146;S517;S797;S1510;S1700
RR2018M,the-miz,The Miz,UNKNOWN,,,,S144;S145;S146;S512;S517;S749;S1463;S1700,FALSE,N/A,FALSE,N/A,S144;S145;S146;S512;S517;S749;S1463;S1700
RR2018M,rey-mysterio,Rey Mysterio,UNKNOWN,,TRUE,,S144;S145;S146;S068;S069;S436;S695;S1510;S1700,FALSE,N/A,TRUE,more than 3 years away from WWE,S144;S145;S146;S068;S069;S436;S695;S1510;S1700;S1713
RR2018M,roman-reigns,Roman Reigns,UNKNOWN,,,,S144;S145;S146;S804;S1465;S1700,FALSE,N/A,FALSE,N/A,S144;S145;S146;S804;S1465;S1700
RR2018M,goldust,Goldust,UNKNOWN,,,,S144;S145;S146;S065;S066;S488;S044;S045;S634;S1510;S1700,FALSE,N/A,FALSE,N/A,S144;S145;S146;S065;S066;S488;S044;S045;S634;S1510;S1700
RR2018M,dolph-ziggler,Dolph Ziggler,UNKNOWN,,,,S144;S145;S146;S763;S1466;S1700,FALSE,N/A,FALSE,N/A,S144;S145;S146;S763;S1466;S1700
RR2018W,sasha-banks,Sasha Banks,UNKNOWN,,,,S144;S152;S903;S990;S1597;S1700,FALSE,N/A,FALSE,N/A,S144;S152;S903;S990;S1597;S1700
RR2018W,becky-lynch,Becky Lynch,UNKNOWN,,,,S144;S152;S904;S991;S1598;S1700,FALSE,N/A,FALSE,N/A,S144;S152;S904;S991;S1598;S1700
RR2018W,sarah-logan,Sarah Logan,UNKNOWN,,,,S144;S152;S517;S905;S992;S1599;S1700,FALSE,N/A,FALSE,N/A,S144;S152;S517;S905;S992;S1599;S1700
RR2018W,mandy-rose,Mandy Rose,UNKNOWN,,,,S144;S152;S517;S906;S993;S1600;S1700,FALSE,N/A,FALSE,N/A,S144;S152;S517;S906;S993;S1600;S1700
RR2018W,lita,Lita,UNKNOWN,,TRUE,,S144;S152;S907;S994;S1601;S1700,FALSE,N/A,TRUE,UNKNOWN,S144;S152;S907;S994;S1601;S1700;S1714
RR2018W,kairi-sane,Kairi Sane,UNKNOWN,,,,S144;S152;S908;S995;S1602;S1700,FALSE,N/A,FALSE,N/A,S144;S152;S908;S995;S1602;S1700
RR2018W,tamina,Tamina,UNKNOWN,,,,S144;S152;S909;S996;S1603;S1700,FALSE,N/A,FALSE,N/A,S144;S152;S909;S996;S1603;S1700
RR2018W,dana-brooke,Dana Brooke,UNKNOWN,,,,S144;S152;S910;S997;S1604;S1700,FALSE,N/A,FALSE,N/A,S144;S152;S910;S997;S1604;S1700
RR2018W,torrie-wilson,Torrie Wilson,UNKNOWN,,TRUE,,S144;S152;S911;S998;S1675;S1700,FALSE,N/A,TRUE,UNKNOWN,S144;S152;S911;S998;S1675;S1700;S1714
RR2018W,sonya-deville,Sonya Deville,UNKNOWN,,,,S144;S152;S517;S912;S999;S1606;S1700,FALSE,N/A,FALSE,N/A,S144;S152;S517;S912;S999;S1606;S1700
RR2018W,liv-morgan,Liv Morgan,UNKNOWN,,,,S144;S152;S517;S913;S1000;S1607;S1700,FALSE,N/A,FALSE,N/A,S144;S152;S517;S913;S1000;S1607;S1700
RR2018W,molly-holly,Molly Holly,UNKNOWN,,TRUE,,S144;S152;S914;S1001;S1675;S1700,FALSE,N/A,TRUE,UNKNOWN,S144;S152;S914;S1001;S1675;S1700;S1714
RR2018W,lana,Lana,UNKNOWN,,,,S144;S152;S915;S1002;S1609;S1700,FALSE,N/A,FALSE,N/A,S144;S152;S915;S1002;S1609;S1700
RR2018W,michelle-mccool,Michelle McCool,UNKNOWN,,TRUE,,S144;S152;S916;S1003;S1675;S1700,FALSE,N/A,TRUE,UNKNOWN,S144;S152;S916;S1003;S1675;S1700;S1714
RR2018W,ruby-riott,Ruby Riott,UNKNOWN,,,,S144;S152;S517;S917;S1004;S1675;S1700,FALSE,N/A,FALSE,N/A,S144;S152;S517;S917;S1004;S1675;S1700
RR2018W,vickie-guerrero,Vickie Guerrero,UNKNOWN,,TRUE,,S144;S152;S918;S1005;S1675;S1700,FALSE,N/A,TRUE,UNKNOWN,S144;S152;S918;S1005;S1675;S1700;S1714
RR2018W,carmella,Carmella,UNKNOWN,,,,S144;S152;S919;S1006;S1612;S1700,FALSE,N/A,FALSE,N/A,S144;S152;S919;S1006;S1612;S1700
RR2018W,natalya,Natalya,UNKNOWN,,,,S144;S152;S920;S1007;S1613;S1700,FALSE,N/A,FALSE,N/A,S144;S152;S920;S1007;S1613;S1700
RR2018W,kelly-kelly,Kelly Kelly,UNKNOWN,,TRUE,,S144;S152;S921;S1008;S1675;S1700,FALSE,N/A,TRUE,UNKNOWN,S144;S152;S921;S1008;S1675;S1700;S1714
RR2018W,naomi,Naomi,UNKNOWN,,,,S144;S152;S922;S1009;S1615;S1700,FALSE,N/A,FALSE,N/A,S144;S152;S922;S1009;S1615;S1700
RR2018W,jacqueline,Jacqueline,UNKNOWN,,TRUE,,S144;S152;S923;S1010;S1675;S1700,FALSE,N/A,TRUE,UNKNOWN,S144;S152;S923;S1010;S1675;S1700;S1714
RR2018W,nia-jax,Nia Jax,UNKNOWN,,,,S144;S152;S924;S1011;S1617;S1700,FALSE,N/A,FALSE,N/A,S144;S152;S924;S1011;S1617;S1700
RR2018W,ember-moon,Ember Moon,UNKNOWN,,,,S144;S152;S925;S1012;S1618;S1700,FALSE,N/A,FALSE,N/A,S144;S152;S925;S1012;S1618;S1700
RR2018W,beth-phoenix,Beth Phoenix,UNKNOWN,,TRUE,,S144;S152;S926;S1013;S1619;S792;S1700,FALSE,N/A,TRUE,UNKNOWN,S144;S152;S926;S1013;S1619;S792;S1700;S1714
RR2018W,asuka,Asuka,UNKNOWN,,,,S144;S152;S927;S1014;S1620;S1700,FALSE,N/A,FALSE,N/A,S144;S152;S927;S1014;S1620;S1700
RR2018W,mickie-james,Mickie James,UNKNOWN,,,,S144;S152;S928;S1015;S1621;S1700,FALSE,N/A,FALSE,N/A,S144;S152;S928;S1015;S1621;S1700
RR2018W,nikki-bella,Nikki Bella,UNKNOWN,,TRUE,,S144;S152;S517;S929;S1016;S1622;S1700,FALSE,N/A,TRUE,UNKNOWN,S144;S152;S517;S929;S1016;S1622;S1700;S1714
RR2018W,brie-bella,Brie Bella,UNKNOWN,,TRUE,,S144;S152;S517;S930;S1017;S1623;S1700,FALSE,N/A,TRUE,UNKNOWN,S144;S152;S517;S930;S1017;S1623;S1700;S1714
RR2018W,bayley,Bayley,UNKNOWN,,,,S144;S152;S931;S1018;S1624;S1700,FALSE,N/A,FALSE,N/A,S144;S152;S931;S1018;S1624;S1700
RR2018W,trish-stratus,Trish Stratus,UNKNOWN,,TRUE,,S144;S152;S932;S1019;S1625;S1700,FALSE,N/A,TRUE,UNKNOWN,S144;S152;S932;S1019;S1625;S1700;S1714
RR2019M,elias,Elias,UNKNOWN,,,,S161;S162;S164;S833;S898;S1444;S1700,FALSE,N/A,FALSE,N/A,S161;S162;S164;S833;S898;S1444;S1700
RR2019M,jeff-jarrett,Jeff Jarrett,UNKNOWN,,TRUE,,S161;S162;S164;S044;S045;S479;S475;S024;S029;S035;S470;S466;S481;S587;S1467;S1700,FALSE,N/A,TRUE,UNKNOWN,S161;S162;S164;S044;S045;S479;S475;S024;S029;S035;S470;S466;S481;S587;S1467;S1700;S1728
RR2019M,shinsuke-nakamura,Shinsuke Nakamura,UNKNOWN,,,,S161;S162;S164;S523;S518;S835;S1452;S1700,FALSE,N/A,FALSE,N/A,S161;S162;S164;S523;S518;S835;S1452;S1700
RR2019M,kurt-angle,Kurt Angle,UNKNOWN,,TRUE,,S161;S162;S164;S068;S069;S689;S1468;S1700,FALSE,N/A,FALSE,N/A,S161;S162;S164;S068;S069;S689;S1468;S1700
RR2019M,big-e,Big E,UNKNOWN,,,,S161;S162;S164;S523;S809;S1447;S1700,FALSE,N/A,FALSE,N/A,S161;S162;S164;S523;S809;S1447;S1700
RR2019M,johnny-gargano,Johnny Gargano,UNKNOWN,,,,S161;S162;S164;S523;S518;S838;S1469;S1700,FALSE,N/A,FALSE,N/A,S161;S162;S164;S523;S518;S838;S1469;S1700
RR2019M,jinder-mahal,Jinder Mahal,UNKNOWN,,,,S161;S162;S164;S785;S1455;S1700,FALSE,N/A,FALSE,N/A,S161;S162;S164;S785;S1455;S1700
RR2019M,samoa-joe,Samoa Joe,UNKNOWN,,,,S161;S162;S164;S839;S1470;S1700,FALSE,N/A,FALSE,N/A,S161;S162;S164;S839;S1470;S1700
RR2019M,curt-hawkins,Curt Hawkins,UNKNOWN,,,,S161;S162;S164;S840;S1471;S1700,FALSE,N/A,FALSE,N/A,S161;S162;S164;S840;S1471;S1700
RR2019M,seth-rollins,Seth Rollins,UNKNOWN,,,,S161;S162;S164;S800;S1456;S1700,FALSE,N/A,FALSE,N/A,S161;S162;S164;S800;S1456;S1700
RR2019M,titus-oneil,Titus O'Neil,UNKNOWN,,,,S161;S162;S164;S523;S797;S1511;S1700,FALSE,N/A,FALSE,N/A,S161;S162;S164;S523;S797;S1511;S1700
RR2019M,kofi-kingston,Kofi Kingston,UNKNOWN,,,,S161;S162;S164;S523;S760;S1454;S1700,FALSE,N/A,FALSE,N/A,S161;S162;S164;S523;S760;S1454;S1700
RR2019M,mustafa-ali,Mustafa Ali,UNKNOWN,,,,S161;S162;S164;S841;S1472;S1700,FALSE,N/A,FALSE,N/A,S161;S162;S164;S841;S1472;S1700
RR2019M,dean-ambrose,Dean Ambrose,UNKNOWN,,,,S161;S162;S164;S803;S1473;S1690;S1700,FALSE,N/A,FALSE,N/A,S161;S162;S164;S803;S1473;S1690;S1700
RR2019M,no-way-jose,No Way Jose,UNKNOWN,,,,S161;S162;S164;S842;S897;S1511;S1700,FALSE,N/A,FALSE,N/A,S161;S162;S164;S842;S897;S1511;S1700
RR2019M,drew-mcintyre,Drew McIntyre,UNKNOWN,,,,S161;S162;S164;S778;S1475;S1700,FALSE,N/A,FALSE,N/A,S161;S162;S164;S778;S1475;S1700
RR2019M,xavier-woods,Xavier Woods,UNKNOWN,,,,S161;S162;S164;S523;S828;S1450;S1700,FALSE,N/A,FALSE,N/A,S161;S162;S164;S523;S828;S1450;S1700
RR2019M,pete-dunne,Pete Dunne,UNKNOWN,,,,S161;S162;S164;S523;S518;S843;S1476;S1700,FALSE,N/A,FALSE,N/A,S161;S162;S164;S523;S518;S843;S1476;S1700
RR2019M,andrade,Andrade,UNKNOWN,,,,S161;S162;S164;S518;S523;S834;S1445;S1700,FALSE,N/A,FALSE,N/A,S161;S162;S164;S518;S523;S834;S1445;S1700
RR2019M,apollo-crews,Apollo Crews,UNKNOWN,,,,S161;S162;S164;S523;S829;S1451;S1700,FALSE,N/A,FALSE,N/A,S161;S162;S164;S523;S829;S1451;S1700
RR2019M,aleister-black,Aleister Black,UNKNOWN,,,,S161;S162;S164;S844;S1511;S1700,FALSE,N/A,FALSE,N/A,S161;S162;S164;S844;S1511;S1700
RR2019M,shelton-benjamin,Shelton Benjamin,UNKNOWN,,TRUE,,S161;S162;S164;S068;S069;S494;S490;S705;S1477;S1700,FALSE,N/A,FALSE,N/A,S161;S162;S164;S068;S069;S494;S490;S705;S1477;S1700
RR2019M,baron-corbin,Baron Corbin,UNKNOWN,,,,S161;S162;S164;S827;S1442;S1700,FALSE,N/A,FALSE,N/A,S161;S162;S164;S827;S1442;S1700
RR2019M,jeff-hardy,Jeff Hardy,UNKNOWN,,,,S161;S162;S164;S065;S066;S676;S1511;S1700,FALSE,N/A,FALSE,N/A,S161;S162;S164;S065;S066;S676;S1511;S1700
RR2019M,rey-mysterio,Rey Mysterio,UNKNOWN,,,,S161;S162;S164;S068;S069;S436;S695;S1511;S1700,FALSE,N/A,FALSE,N/A,S161;S162;S164;S068;S069;S436;S695;S1511;S1700
RR2019M,bobby-lashley,Bobby Lashley,UNKNOWN,,,,S161;S162;S164;S518;S523;S732;S1479;S1700,FALSE,N/A,FALSE,N/A,S161;S162;S164;S518;S523;S732;S1479;S1700
RR2019M,braun-strowman,Braun Strowman,UNKNOWN,,,,S161;S162;S164;S818;S1480;S1700,FALSE,N/A,FALSE,N/A,S161;S162;S164;S818;S1480;S1700
RR2019M,dolph-ziggler,Dolph Ziggler,UNKNOWN,,,,S161;S162;S164;S763;S1466;S1700,FALSE,N/A,FALSE,N/A,S161;S162;S164;S763;S1466;S1700
RR2019M,randy-orton,Randy Orton,UNKNOWN,,,,S161;S162;S164;S067;S073;S040;S052;S042;S481;S489;S485;S709;S1462;S1700,FALSE,N/A,FALSE,N/A,S161;S162;S164;S067;S073;S040;S052;S042;S481;S489;S485;S709;S1462;S1700
RR2019M,nia-jax,Nia Jax,UNKNOWN,,,,S161;S162;S164;S845;S1481;S1700,FALSE,N/A,FALSE,N/A,S161;S162;S164;S845;S1481;S1700
RR2019W,lacey-evans,Lacey Evans,UNKNOWN,,,,S173;S174;S177;S933;S1020;S1626;S1700,FALSE,N/A,FALSE,N/A,S173;S174;S177;S933;S1020;S1626;S1700
RR2019W,natalya,Natalya,UNKNOWN,,,,S173;S174;S177;S920;S1007;S1613;S1700,FALSE,N/A,FALSE,N/A,S173;S174;S177;S920;S1007;S1613;S1700
RR2019W,mandy-rose,Mandy Rose,UNKNOWN,,,,S173;S174;S177;S523;S906;S993;S1600;S1700,FALSE,N/A,FALSE,N/A,S173;S174;S177;S523;S906;S993;S1600;S1700
RR2019W,liv-morgan,Liv Morgan,UNKNOWN,,,,S173;S174;S177;S523;S913;S1000;S1607;S1700,FALSE,N/A,FALSE,N/A,S173;S174;S177;S523;S913;S1000;S1607;S1700
RR2019W,mickie-james,Mickie James,UNKNOWN,,,,S173;S174;S177;S928;S1015;S1621;S1700,FALSE,N/A,FALSE,N/A,S173;S174;S177;S928;S1015;S1621;S1700
RR2019W,ember-moon,Ember Moon,UNKNOWN,,,,S173;S174;S177;S925;S1012;S1618;S1700,FALSE,N/A,FALSE,N/A,S173;S174;S177;S925;S1012;S1618;S1700
RR2019W,billie-kay,Billie Kay,UNKNOWN,,,,S173;S174;S177;S523;S934;S1021;S1627;S1700,FALSE,N/A,FALSE,N/A,S173;S174;S177;S523;S934;S1021;S1627;S1700
RR2019W,nikki-cross,Nikki Cross,UNKNOWN,,,,S173;S174;S177;S935;S1022;S1628;S1700,FALSE,N/A,FALSE,N/A,S173;S174;S177;S935;S1022;S1628;S1700
RR2019W,peyton-royce,Peyton Royce,UNKNOWN,,,,S173;S174;S177;S523;S936;S1023;S1629;S1700,FALSE,N/A,FALSE,N/A,S173;S174;S177;S523;S936;S1023;S1629;S1700
RR2019W,tamina,Tamina,UNKNOWN,,,,S173;S174;S177;S909;S996;S1603;S1700,FALSE,N/A,FALSE,N/A,S173;S174;S177;S909;S996;S1603;S1700
RR2019W,xia-li,Xia Li,UNKNOWN,,,,S173;S174;S177;S937;S1024;S1676;S1700,FALSE,N/A,FALSE,N/A,S173;S174;S177;S937;S1024;S1676;S1700
RR2019W,sarah-logan,Sarah Logan,UNKNOWN,,,,S173;S174;S177;S523;S905;S992;S1599;S1700,FALSE,N/A,FALSE,N/A,S173;S174;S177;S523;S905;S992;S1599;S1700
RR2019W,charlotte-flair,Charlotte Flair,UNKNOWN,,,,S173;S174;S177;S938;S1025;S1631;S1700,FALSE,N/A,FALSE,N/A,S173;S174;S177;S938;S1025;S1631;S1700
RR2019W,kairi-sane,Kairi Sane,UNKNOWN,,,,S173;S174;S177;S908;S995;S1602;S1700,FALSE,N/A,FALSE,N/A,S173;S174;S177;S908;S995;S1602;S1700
RR2019W,maria-kanellis,Maria Kanellis,UNKNOWN,,TRUE,,S173;S174;S177;S939;S1026;S1632;S1700,FALSE,N/A,FALSE,N/A,S173;S174;S177;S939;S1026;S1632;S1700
RR2019W,naomi,Naomi,UNKNOWN,,,,S173;S174;S177;S922;S1009;S1615;S1700,FALSE,N/A,FALSE,N/A,S173;S174;S177;S922;S1009;S1615;S1700
RR2019W,candice-lerae,Candice LeRae,UNKNOWN,,,,S173;S174;S177;S940;S1027;S1633;S1700,FALSE,N/A,FALSE,N/A,S173;S174;S177;S940;S1027;S1633;S1700
RR2019W,alicia-fox,Alicia Fox,UNKNOWN,,,,S173;S174;S177;S941;S1028;S1634;S1700,FALSE,N/A,FALSE,N/A,S173;S174;S177;S941;S1028;S1634;S1700
RR2019W,kacy-catanzaro,Kacy Catanzaro,UNKNOWN,,,,S173;S174;S177;S942;S1029;S1635;S1700,FALSE,N/A,FALSE,N/A,S173;S174;S177;S942;S1029;S1635;S1700
RR2019W,zelina-vega,Zelina Vega,UNKNOWN,,,,S173;S174;S177;S943;S1075;S1676;S1700,FALSE,N/A,FALSE,N/A,S173;S174;S177;S943;S1075;S1676;S1700
RR2019W,ruby-riott,Ruby Riott,UNKNOWN,,,,S173;S174;S177;S523;S917;S1004;S1676;S1700,FALSE,N/A,FALSE,N/A,S173;S174;S177;S523;S917;S1004;S1676;S1700
RR2019W,dana-brooke,Dana Brooke,UNKNOWN,,,,S173;S174;S177;S910;S997;S1604;S1700,FALSE,N/A,FALSE,N/A,S173;S174;S177;S910;S997;S1604;S1700
RR2019W,io-shirai,Io Shirai,UNKNOWN,,,,S173;S174;S177;S944;S1030;S1636;S1700,FALSE,N/A,FALSE,N/A,S173;S174;S177;S944;S1030;S1636;S1700
RR2019W,rhea-ripley,Rhea Ripley,UNKNOWN,,,,S173;S174;S177;S945;S1031;S1637;S1700,FALSE,N/A,FALSE,N/A,S173;S174;S177;S945;S1031;S1637;S1700
RR2019W,sonya-deville,Sonya Deville,UNKNOWN,,,,S173;S174;S177;S523;S912;S999;S1606;S1700,FALSE,N/A,FALSE,N/A,S173;S174;S177;S523;S912;S999;S1606;S1700
RR2019W,alexa-bliss,Alexa Bliss,UNKNOWN,,,,S173;S174;S177;S946;S1032;S1638;S1700,FALSE,N/A,FALSE,N/A,S173;S174;S177;S946;S1032;S1638;S1700
RR2019W,bayley,Bayley,UNKNOWN,,,,S173;S174;S177;S931;S1018;S1624;S1700,FALSE,N/A,FALSE,N/A,S173;S174;S177;S931;S1018;S1624;S1700
RR2019W,becky-lynch,Becky Lynch,UNKNOWN,,,,S173;S174;S177;S904;S991;S1598;S1700,FALSE,N/A,FALSE,N/A,S173;S174;S177;S904;S991;S1598;S1700
RR2019W,nia-jax,Nia Jax,UNKNOWN,,,,S173;S174;S177;S924;S1011;S1617;S1700,FALSE,N/A,FALSE,N/A,S173;S174;S177;S924;S1011;S1617;S1700
RR2019W,carmella,Carmella,UNKNOWN,,,,S173;S174;S177;S919;S1006;S1612;S1700,FALSE,N/A,FALSE,N/A,S173;S174;S177;S919;S1006;S1612;S1700
RR2020M,brock-lesnar,Brock Lesnar,UNKNOWN,,,,S184;S185;S186;S519;S524;S065;S066;S707;S1482;S1700,FALSE,N/A,FALSE,N/A,S184;S185;S186;S519;S524;S065;S066;S707;S1482;S1700
RR2020M,elias,Elias,UNKNOWN,,,,S184;S185;S186;S833;S898;S1444;S1700,FALSE,N/A,FALSE,N/A,S184;S185;S186;S833;S898;S1444;S1700
RR2020M,erick-rowan,Erick Rowan,UNKNOWN,,,,S184;S185;S186;S808;S1483;S1700,FALSE,N/A,FALSE,N/A,S184;S185;S186;S808;S1483;S1700
RR2020M,robert-roode,Robert Roode,UNKNOWN,,,,S184;S185;S186;S524;S846;S1484;S1700,FALSE,N/A,FALSE,N/A,S184;S185;S186;S524;S846;S1484;S1700
RR2020M,john-morrison,John Morrison,UNKNOWN,,,,S184;S185;S186;S524;S847;S1512;S1700,FALSE,N/A,FALSE,N/A,S184;S185;S186;S524;S847;S1512;S1700
RR2020M,kofi-kingston,Kofi Kingston,UNKNOWN,,,,S184;S185;S186;S524;S519;S760;S1454;S1700,FALSE,N/A,FALSE,N/A,S184;S185;S186;S524;S519;S760;S1454;S1700
RR2020M,rey-mysterio,Rey Mysterio,UNKNOWN,,,,S184;S185;S186;S068;S069;S436;S695;S1512;S1700,FALSE,N/A,FALSE,N/A,S184;S185;S186;S068;S069;S436;S695;S1512;S1700
RR2020M,big-e,Big E,UNKNOWN,,,,S184;S185;S186;S524;S519;S809;S1447;S1700,FALSE,N/A,FALSE,N/A,S184;S185;S186;S524;S519;S809;S1447;S1700
RR2020M,cesaro,Cesaro,UNKNOWN,,,,S184;S185;S186;S524;S796;S1453;S1687;S1700,FALSE,N/A,FALSE,N/A,S184;S185;S186;S524;S796;S1453;S1687;S1700
RR2020M,shelton-benjamin,Shelton Benjamin,UNKNOWN,,TRUE,,S184;S185;S186;S068;S069;S494;S490;S705;S1477;S1700,FALSE,N/A,FALSE,N/A,S184;S185;S186;S068;S069;S494;S490;S705;S1477;S1700
RR2020M,shinsuke-nakamura,Shinsuke Nakamura,UNKNOWN,,,,S184;S185;S186;S524;S519;S835;S1452;S1700,FALSE,N/A,FALSE,N/A,S184;S185;S186;S524;S519;S835;S1452;S1700
RR2020M,mvp,MVP,UNKNOWN,,TRUE,,S184;S185;S186;S747;S1485;S1700,FALSE,N/A,TRUE,UNKNOWN,S184;S185;S186;S747;S1485;S1700;S1729
RR2020M,keith-lee,Keith Lee,UNKNOWN,,,,S184;S185;S186;S524;S519;S848;S900;S1486;S1700,FALSE,N/A,FALSE,N/A,S184;S185;S186;S524;S519;S848;S900;S1486;S1700
RR2020M,braun-strowman,Braun Strowman,UNKNOWN,,,,S184;S185;S186;S818;S1480;S1700,FALSE,N/A,FALSE,N/A,S184;S185;S186;S818;S1480;S1700
RR2020M,ricochet,Ricochet,UNKNOWN,,,,S184;S185;S186;S849;S899;S1487;S1700,FALSE,N/A,FALSE,N/A,S184;S185;S186;S849;S899;S1487;S1700
RR2020M,drew-mcintyre,Drew McIntyre,UNKNOWN,,,,S184;S185;S186;S778;S1475;S1700,FALSE,N/A,FALSE,N/A,S184;S185;S186;S778;S1475;S1700
RR2020M,the-miz,The Miz,UNKNOWN,,,,S184;S185;S186;S524;S749;S1463;S1700,FALSE,N/A,FALSE,N/A,S184;S185;S186;S524;S749;S1463;S1700
RR2020M,aj-styles,AJ Styles,UNKNOWN,,,,S184;S185;S186;S524;S815;S1488;S1700,FALSE,N/A,FALSE,N/A,S184;S185;S186;S524;S815;S1488;S1700
RR2020M,dolph-ziggler,Dolph Ziggler,UNKNOWN,,,,S184;S185;S186;S524;S763;S1466;S1700,FALSE,N/A,FALSE,N/A,S184;S185;S186;S524;S763;S1466;S1700
RR2020M,karl-anderson,Karl Anderson,UNKNOWN,,,,S184;S185;S186;S524;S850;S1489;S1700,FALSE,N/A,FALSE,N/A,S184;S185;S186;S524;S850;S1489;S1700
RR2020M,edge,Edge,UNKNOWN,,TRUE,,S184;S185;S186;S068;S069;S436;S044;S045;S479;S656;S1490;S1700,FALSE,N/A,TRUE,nearly 9 years (retirement due to neck injury),S184;S185;S186;S068;S069;S436;S044;S045;S479;S656;S1490;S1700;S1729
RR2020M,baron-corbin,King Corbin,UNKNOWN,,,,S184;S185;S186;S524;S827;S1442;S1700,FALSE,N/A,FALSE,N/A,S184;S185;S186;S524;S827;S1442;S1700
RR2020M,matt-riddle,Matt Riddle,UNKNOWN,,,,S184;S185;S186;S524;S851;S1512;S1700,FALSE,N/A,FALSE,N/A,S184;S185;S186;S524;S851;S1512;S1700
RR2020M,luke-gallows,Luke Gallows,UNKNOWN,,,,S184;S185;S186;S524;S852;S1491;S1700,FALSE,N/A,FALSE,N/A,S184;S185;S186;S524;S852;S1491;S1700
RR2020M,randy-orton,Randy Orton,UNKNOWN,,,,S184;S185;S186;S067;S073;S040;S052;S042;S481;S489;S485;S709;S1462;S1700,FALSE,N/A,FALSE,N/A,S184;S185;S186;S067;S073;S040;S052;S042;S481;S489;S485;S709;S1462;S1700
RR2020M,roman-reigns,Roman Reigns,UNKNOWN,,,,S184;S185;S186;S804;S1465;S1700,FALSE,N/A,FALSE,N/A,S184;S185;S186;S804;S1465;S1700
RR2020M,kevin-owens,Kevin Owens,UNKNOWN,,,,S184;S185;S186;S819;S1492;S1700,FALSE,N/A,FALSE,N/A,S184;S185;S186;S819;S1492;S1700
RR2020M,aleister-black,Aleister Black,UNKNOWN,,,,S184;S185;S186;S844;S1512;S1700,FALSE,N/A,FALSE,N/A,S184;S185;S186;S844;S1512;S1700
RR2020M,samoa-joe,Samoa Joe,UNKNOWN,,,,S184;S185;S186;S839;S1470;S1700,FALSE,N/A,FALSE,N/A,S184;S185;S186;S839;S1470;S1700
RR2020M,seth-rollins,Seth Rollins,UNKNOWN,,,,S184;S185;S186;S800;S1456;S1700,FALSE,N/A,FALSE,N/A,S184;S185;S186;S800;S1456;S1700
RR2020W,alexa-bliss,Alexa Bliss,UNKNOWN,,,,S197;S198;S199;S524;S946;S1032;S1638;S1700,FALSE,N/A,FALSE,N/A,S197;S198;S199;S524;S946;S1032;S1638;S1700
RR2020W,bianca-belair,Bianca Belair,UNKNOWN,,,,S197;S198;S199;S947;S1033;S1639;S1700,FALSE,N/A,FALSE,N/A,S197;S198;S199;S947;S1033;S1639;S1700
RR2020W,molly-holly,Molly Holly,UNKNOWN,,TRUE,,S197;S198;S199;S914;S1001;S1677;S1700,FALSE,N/A,TRUE,UNKNOWN,S197;S198;S199;S914;S1001;S1677;S1700;S1729
RR2020W,nikki-cross,Nikki Cross,UNKNOWN,,,,S197;S198;S199;S524;S935;S1022;S1628;S1700,FALSE,N/A,FALSE,N/A,S197;S198;S199;S524;S935;S1022;S1628;S1700
RR2020W,lana,Lana,UNKNOWN,,,,S197;S198;S199;S915;S1002;S1609;S1700,FALSE,N/A,FALSE,N/A,S197;S198;S199;S915;S1002;S1609;S1700
RR2020W,mercedes-martinez,Mercedes Martinez,UNKNOWN,,,,S197;S198;S199;S948;S1034;S1640;S1700,FALSE,N/A,FALSE,N/A,S197;S198;S199;S948;S1034;S1640;S1700
RR2020W,liv-morgan,Liv Morgan,UNKNOWN,,,,S197;S198;S199;S913;S1000;S1607;S1700,FALSE,N/A,FALSE,N/A,S197;S198;S199;S913;S1000;S1607;S1700
RR2020W,mandy-rose,Mandy Rose,UNKNOWN,,,,S197;S198;S199;S524;S906;S993;S1600;S1700,FALSE,N/A,FALSE,N/A,S197;S198;S199;S524;S906;S993;S1600;S1700
RR2020W,candice-lerae,Candice LeRae,UNKNOWN,,,,S197;S198;S199;S940;S1027;S1633;S1700,FALSE,N/A,FALSE,N/A,S197;S198;S199;S940;S1027;S1633;S1700
RR2020W,sonya-deville,Sonya Deville,UNKNOWN,,,,S197;S198;S199;S524;S912;S999;S1606;S1700,FALSE,N/A,FALSE,N/A,S197;S198;S199;S524;S912;S999;S1606;S1700
RR2020W,kairi-sane,Kairi Sane,UNKNOWN,,,,S197;S198;S199;S524;S519;S908;S995;S1602;S1700,FALSE,N/A,FALSE,N/A,S197;S198;S199;S524;S519;S908;S995;S1602;S1700
RR2020W,mia-yim,Mia Yim,UNKNOWN,,,,S197;S198;S199;S949;S1035;S1641;S1700,FALSE,N/A,FALSE,N/A,S197;S198;S199;S949;S1035;S1641;S1700
RR2020W,dana-brooke,Dana Brooke,UNKNOWN,,,,S197;S198;S199;S910;S997;S1604;S1700,FALSE,N/A,FALSE,N/A,S197;S198;S199;S910;S997;S1604;S1700
RR2020W,tamina,Tamina,UNKNOWN,,,,S197;S198;S199;S909;S996;S1603;S1700,FALSE,N/A,FALSE,N/A,S197;S198;S199;S909;S996;S1603;S1700
RR2020W,dakota-kai,Dakota Kai,UNKNOWN,,,,S197;S198;S199;S950;S1036;S1642;S1700,FALSE,N/A,FALSE,N/A,S197;S198;S199;S950;S1036;S1642;S1700
RR2020W,chelsea-green,Chelsea Green,UNKNOWN,,,,S197;S198;S199;S951;S1037;S1643;S1700,FALSE,N/A,FALSE,N/A,S197;S198;S199;S951;S1037;S1643;S1700
RR2020W,charlotte-flair,Charlotte Flair,UNKNOWN,,,,S197;S198;S199;S938;S1025;S1631;S1700,FALSE,N/A,FALSE,N/A,S197;S198;S199;S938;S1025;S1631;S1700
RR2020W,naomi,Naomi,UNKNOWN,,,,S197;S198;S199;S922;S1009;S1615;S1700,FALSE,N/A,FALSE,N/A,S197;S198;S199;S922;S1009;S1615;S1700
RR2020W,beth-phoenix,Beth Phoenix,UNKNOWN,,TRUE,,S197;S198;S199;S926;S1013;S1619;S792;S1700,FALSE,N/A,TRUE,UNKNOWN,S197;S198;S199;S926;S1013;S1619;S792;S1700;S1729
RR2020W,toni-storm,Toni Storm,UNKNOWN,,,,S197;S198;S199;S952;S1038;S1644;S1700,FALSE,N/A,FALSE,N/A,S197;S198;S199;S952;S1038;S1644;S1700
RR2020W,kelly-kelly,Kelly Kelly,UNKNOWN,,TRUE,,S197;S198;S199;S921;S1008;S1677;S1700,FALSE,N/A,TRUE,UNKNOWN,S197;S198;S199;S921;S1008;S1677;S1700;S1729
RR2020W,sarah-logan,Sarah Logan,UNKNOWN,,,,S197;S198;S199;S905;S992;S1599;S1700,FALSE,N/A,FALSE,N/A,S197;S198;S199;S905;S992;S1599;S1700
RR2020W,natalya,Natalya,UNKNOWN,,,,S197;S198;S199;S920;S1007;S1613;S1700,FALSE,N/A,FALSE,N/A,S197;S198;S199;S920;S1007;S1613;S1700
RR2020W,xia-li,Xia Li,UNKNOWN,,,,S197;S198;S199;S937;S1024;S1630;S1700,FALSE,N/A,FALSE,N/A,S197;S198;S199;S937;S1024;S1630;S1700
RR2020W,zelina-vega,Zelina Vega,UNKNOWN,,,,S197;S198;S199;S943;S1075;S1677;S1700,FALSE,N/A,FALSE,N/A,S197;S198;S199;S943;S1075;S1677;S1700
RR2020W,shotzi-blackheart,Shotzi Blackheart,UNKNOWN,,,,S197;S198;S199;S953;S1039;S1645;S1700,FALSE,N/A,FALSE,N/A,S197;S198;S199;S953;S1039;S1645;S1700
RR2020W,carmella,Carmella,UNKNOWN,,,,S197;S198;S199;S919;S1006;S1612;S1700,FALSE,N/A,FALSE,N/A,S197;S198;S199;S919;S1006;S1612;S1700
RR2020W,tegan-nox,Tegan Nox,UNKNOWN,,,,S197;S198;S199;S954;S1040;S1646;S1700,FALSE,N/A,FALSE,N/A,S197;S198;S199;S954;S1040;S1646;S1700
RR2020W,santino-marella,Santina Marella,UNKNOWN,,TRUE,,S197;S198;S199;S955;S1041;S1677;S1700,FALSE,N/A,TRUE,UNKNOWN,S197;S198;S199;S955;S1041;S1677;S1700;S1729
RR2020W,shayna-baszler,Shayna Baszler,UNKNOWN,,,,S197;S198;S199;S956;S1042;S1648;S1700,FALSE,N/A,FALSE,N/A,S197;S198;S199;S956;S1042;S1648;S1700
RR2021M,edge,Edge,,,,,S212;S213;S214;S215;S068;S069;S436;S044;S045;S479;S656;S1490;S1700,FALSE,N/A,FALSE,N/A,S212;S213;S214;S215;S068;S069;S436;S044;S045;S479;S656;S1490;S1700
RR2021M,randy-orton,Randy Orton,,,,,S212;S213;S214;S215;S067;S073;S040;S052;S042;S481;S489;S485;S709;S1462;S1700,FALSE,N/A,FALSE,N/A,S212;S213;S214;S215;S067;S073;S040;S052;S042;S481;S489;S485;S709;S1462;S1700
RR2021M,sami-zayn,Sami Zayn,,,,,S212;S213;S214;S215;S820;S1448;S1700,FALSE,N/A,FALSE,N/A,S212;S213;S214;S215;S820;S1448;S1700
RR2021M,mustafa-ali,Mustafa Ali,,,,,S212;S213;S214;S215;S525;S841;S1472;S1700,FALSE,N/A,FALSE,N/A,S212;S213;S214;S215;S525;S841;S1472;S1700
RR2021M,jeff-hardy,Jeff Hardy,,,,,S212;S213;S214;S215;S065;S066;S676;S1513;S1700,FALSE,N/A,FALSE,N/A,S212;S213;S214;S215;S065;S066;S676;S1513;S1700
RR2021M,dolph-ziggler,Dolph Ziggler,,,,,S212;S213;S214;S215;S763;S1466;S1700,FALSE,N/A,FALSE,N/A,S212;S213;S214;S215;S763;S1466;S1700
RR2021M,shinsuke-nakamura,Shinsuke Nakamura,,,,,S212;S213;S214;S215;S835;S1452;S1700,FALSE,N/A,FALSE,N/A,S212;S213;S214;S215;S835;S1452;S1700
RR2021M,carlito,Carlito,,,TRUE,,S212;S213;S214;S215;S733;S1493;S1700,FALSE,N/A,TRUE,more than 10 years away from WWE competition,S212;S213;S214;S215;S733;S1493;S1700;S1730
RR2021M,xavier-woods,Xavier Woods,,,,,S212;S213;S214;S215;S525;S828;S1450;S1700,FALSE,N/A,FALSE,N/A,S212;S213;S214;S215;S525;S828;S1450;S1700
RR2021M,big-e,Big E,,,,,S212;S213;S214;S215;S525;S520;S809;S1447;S1700,FALSE,N/A,FALSE,N/A,S212;S213;S214;S215;S525;S520;S809;S1447;S1700
RR2021M,john-morrison,John Morrison,,,,,S212;S213;S214;S215;S525;S847;S1513;S1700,FALSE,N/A,FALSE,N/A,S212;S213;S214;S215;S525;S847;S1513;S1700
RR2021M,ricochet,Ricochet,,,,,S212;S213;S214;S215;S849;S899;S1487;S1700,FALSE,N/A,FALSE,N/A,S212;S213;S214;S215;S849;S899;S1487;S1700
RR2021M,elias,Elias,,,,,S212;S213;S214;S215;S833;S898;S1444;S1700,FALSE,N/A,FALSE,N/A,S212;S213;S214;S215;S833;S898;S1444;S1700
RR2021M,damian-priest,Damian Priest,,,,,S212;S213;S214;S215;S853;S1494;S1700,FALSE,N/A,FALSE,N/A,S212;S213;S214;S215;S853;S1494;S1700
RR2021M,the-miz,The Miz,,,,,S212;S213;S214;S215;S525;S749;S1463;S1700,FALSE,N/A,FALSE,N/A,S212;S213;S214;S215;S525;S749;S1463;S1700
RR2021M,matt-riddle,Riddle,,,,,S212;S213;S214;S215;S525;S851;S1513;S1700,FALSE,N/A,FALSE,N/A,S212;S213;S214;S215;S525;S851;S1513;S1700
RR2021M,daniel-bryan,Daniel Bryan,,,,,S212;S213;S214;S215;S764;S1495;S1700,FALSE,N/A,FALSE,N/A,S212;S213;S214;S215;S764;S1495;S1700
RR2021M,kane,Kane,,,TRUE,,S212;S213;S214;S215;S068;S069;S044;S045;S479;S628;S1513;S1700,FALSE,N/A,TRUE,UNKNOWN,S212;S213;S214;S215;S068;S069;S044;S045;S479;S628;S1513;S1700;S1730
RR2021M,baron-corbin,King Corbin,,,,,S212;S213;S214;S215;S525;S827;S1442;S1700,FALSE,N/A,FALSE,N/A,S212;S213;S214;S215;S525;S827;S1442;S1700
RR2021M,otis,Otis,,,,,S212;S213;S214;S215;S525;S854;S1497;S1700,FALSE,N/A,FALSE,N/A,S212;S213;S214;S215;S525;S854;S1497;S1700
RR2021M,dominik-mysterio,Dominik Mysterio,,,,,S212;S213;S214;S215;S525;S855;S1498;S1700,FALSE,N/A,FALSE,N/A,S212;S213;S214;S215;S525;S855;S1498;S1700
RR2021M,bobby-lashley,Bobby Lashley,,,,,S212;S213;S214;S215;S525;S520;S732;S1479;S1700,FALSE,N/A,FALSE,N/A,S212;S213;S214;S215;S525;S520;S732;S1479;S1700
RR2021M,the-hurricane,The Hurricane,,,TRUE,,S212;S213;S214;S215;S525;S068;S069;S494;S693;S1513;S1700,FALSE,N/A,TRUE,UNKNOWN,S212;S213;S214;S215;S525;S068;S069;S494;S693;S1513;S1700;S1730
RR2021M,christian,Christian,,,TRUE,,S212;S213;S214;S215;S068;S069;S490;S494;S669;S1499;S1700,FALSE,N/A,TRUE,nearly 7 years (retirement due to concussion issues),S212;S213;S214;S215;S068;S069;S490;S494;S669;S1499;S1700;S1730
RR2021M,aj-styles,AJ Styles,,,,,S212;S213;S214;S215;S520;S525;S815;S1488;S1700,FALSE,N/A,FALSE,N/A,S212;S213;S214;S215;S520;S525;S815;S1488;S1700
RR2021M,rey-mysterio,Rey Mysterio,,,,,S212;S213;S214;S215;S525;S068;S069;S436;S695;S1513;S1700,FALSE,N/A,FALSE,N/A,S212;S213;S214;S215;S525;S068;S069;S436;S695;S1513;S1700
RR2021M,sheamus,Sheamus,,,,,S212;S213;S214;S215;S776;S1449;S1700,FALSE,N/A,FALSE,N/A,S212;S213;S214;S215;S776;S1449;S1700
RR2021M,cesaro,Cesaro,,,,,S212;S213;S214;S215;S796;S1453;S1687;S1700,FALSE,N/A,FALSE,N/A,S212;S213;S214;S215;S796;S1453;S1687;S1700
RR2021M,seth-rollins,Seth Rollins,,,,,S212;S213;S214;S215;S800;S1456;S1700,FALSE,N/A,FALSE,N/A,S212;S213;S214;S215;S800;S1456;S1700
RR2021M,braun-strowman,Braun Strowman,,,,,S212;S213;S214;S215;S818;S1480;S1700,FALSE,N/A,FALSE,N/A,S212;S213;S214;S215;S818;S1480;S1700
RR2021W,bayley,Bayley,,,,,S224;S225;S226;S227;S931;S1018;S1624;S1700,FALSE,N/A,FALSE,N/A,S224;S225;S226;S227;S931;S1018;S1624;S1700
RR2021W,naomi,Naomi,,,,,S224;S225;S226;S227;S922;S1009;S1615;S1700,FALSE,N/A,FALSE,N/A,S224;S225;S226;S227;S922;S1009;S1615;S1700
RR2021W,bianca-belair,Bianca Belair,,,,,S224;S225;S226;S227;S947;S1033;S1678;S1700,FALSE,N/A,FALSE,N/A,S224;S225;S226;S227;S947;S1033;S1678;S1700
RR2021W,billie-kay,Billie Kay,,,,,S224;S225;S226;S227;S934;S1021;S1627;S1700,FALSE,N/A,FALSE,N/A,S224;S225;S226;S227;S934;S1021;S1627;S1700
RR2021W,shotzi-blackheart,Shotzi Blackheart,,,,,S224;S225;S226;S227;S953;S1039;S1645;S1700,FALSE,N/A,FALSE,N/A,S224;S225;S226;S227;S953;S1039;S1645;S1700
RR2021W,shayna-baszler,Shayna Baszler,,,,,S224;S225;S226;S227;S525;S520;S956;S1042;S1648;S1700,FALSE,N/A,FALSE,N/A,S224;S225;S226;S227;S525;S520;S956;S1042;S1648;S1700
RR2021W,toni-storm,Toni Storm,,,,,S224;S225;S226;S227;S952;S1038;S1644;S1700,FALSE,N/A,FALSE,N/A,S224;S225;S226;S227;S952;S1038;S1644;S1700
RR2021W,jillian-hall,Jillian Hall,,,,,S224;S225;S226;S227;S957;S1043;S1678;S1700,FALSE,N/A,TRUE,UNKNOWN,S224;S225;S226;S227;S957;S1043;S1678;S1700;S1730
RR2021W,ruby-riott,Ruby Riott,,,,,S224;S225;S226;S227;S525;S917;S1004;S1678;S1700,FALSE,N/A,FALSE,N/A,S224;S225;S226;S227;S525;S917;S1004;S1678;S1700
RR2021W,victoria,Victoria,,,,,S224;S225;S226;S227;S958;S1044;S1678;S1700,FALSE,N/A,TRUE,UNKNOWN,S224;S225;S226;S227;S958;S1044;S1678;S1700;S1730
RR2021W,peyton-royce,Peyton Royce,,,,,S224;S225;S226;S227;S936;S1023;S1629;S1700,FALSE,N/A,FALSE,N/A,S224;S225;S226;S227;S936;S1023;S1629;S1700
RR2021W,santana-garrett,Santana Garrett,,,,,S224;S225;S226;S227;S959;S1045;S1678;S1700,FALSE,N/A,FALSE,N/A,S224;S225;S226;S227;S959;S1045;S1678;S1700
RR2021W,liv-morgan,Liv Morgan,,,,,S224;S225;S226;S227;S525;S913;S1000;S1607;S1700,FALSE,N/A,FALSE,N/A,S224;S225;S226;S227;S525;S913;S1000;S1607;S1700
RR2021W,rhea-ripley,Rhea Ripley,,,,,S224;S225;S226;S227;S945;S1031;S1637;S1700,FALSE,N/A,FALSE,N/A,S224;S225;S226;S227;S945;S1031;S1637;S1700
RR2021W,charlotte-flair,Charlotte Flair,,,,,S224;S225;S226;S227;S938;S1025;S1631;S1700,FALSE,N/A,FALSE,N/A,S224;S225;S226;S227;S938;S1025;S1631;S1700
RR2021W,dana-brooke,Dana Brooke,,,,,S224;S225;S226;S227;S525;S910;S997;S1604;S1700,FALSE,N/A,FALSE,N/A,S224;S225;S226;S227;S525;S910;S997;S1604;S1700
RR2021W,torrie-wilson,Torrie Wilson,,,,,S224;S225;S226;S227;S911;S998;S1678;S1700,FALSE,N/A,TRUE,UNKNOWN,S224;S225;S226;S227;S911;S998;S1678;S1700;S1730
RR2021W,lacey-evans,Lacey Evans,,,,,S224;S225;S226;S227;S933;S1020;S1626;S1700,FALSE,N/A,FALSE,N/A,S224;S225;S226;S227;S933;S1020;S1626;S1700
RR2021W,mickie-james,Mickie James,,,,,S224;S225;S226;S227;S928;S1015;S1621;S1700,FALSE,N/A,FALSE,N/A,S224;S225;S226;S227;S928;S1015;S1621;S1700
RR2021W,nikki-cross,Nikki Cross,,,,,S224;S225;S226;S227;S935;S1022;S1628;S1700,FALSE,N/A,FALSE,N/A,S224;S225;S226;S227;S935;S1022;S1628;S1700
RR2021W,alicia-fox,Alicia Fox,,,,,S224;S225;S226;S227;S941;S1028;S1678;S1700,FALSE,N/A,FALSE,N/A,S224;S225;S226;S227;S941;S1028;S1678;S1700
RR2021W,mandy-rose,Mandy Rose,,,,,S224;S225;S226;S227;S525;S906;S993;S1600;S1700,FALSE,N/A,FALSE,N/A,S224;S225;S226;S227;S525;S906;S993;S1600;S1700
RR2021W,dakota-kai,Dakota Kai,,,,,S224;S225;S226;S227;S950;S1036;S1642;S1700,FALSE,N/A,FALSE,N/A,S224;S225;S226;S227;S950;S1036;S1642;S1700
RR2021W,carmella,Carmella,,,,,S224;S225;S226;S227;S919;S1006;S1612;S1700,FALSE,N/A,FALSE,N/A,S224;S225;S226;S227;S919;S1006;S1612;S1700
RR2021W,tamina,Tamina,,,,,S224;S225;S226;S227;S909;S996;S1603;S1700,FALSE,N/A,FALSE,N/A,S224;S225;S226;S227;S909;S996;S1603;S1700
RR2021W,lana,Lana,,,,,S224;S225;S226;S227;S915;S1002;S1609;S1700,FALSE,N/A,FALSE,N/A,S224;S225;S226;S227;S915;S1002;S1609;S1700
RR2021W,alexa-bliss,Alexa Bliss,,,,,S224;S225;S226;S227;S946;S1032;S1638;S1700,FALSE,N/A,FALSE,N/A,S224;S225;S226;S227;S946;S1032;S1638;S1700
RR2021W,ember-moon,Ember Moon,,,,,S224;S225;S226;S227;S925;S1012;S1618;S1700,FALSE,N/A,FALSE,N/A,S224;S225;S226;S227;S925;S1012;S1618;S1700
RR2021W,nia-jax,Nia Jax,,,,,S224;S225;S226;S227;S525;S520;S924;S1011;S1617;S1700,FALSE,N/A,FALSE,N/A,S224;S225;S226;S227;S525;S520;S924;S1011;S1617;S1700
RR2021W,natalya,Natalya,,,,,S224;S225;S226;S227;S920;S1007;S1613;S1700,FALSE,N/A,FALSE,N/A,S224;S225;S226;S227;S920;S1007;S1613;S1700
RR2022M,aj-styles,AJ Styles,,,,,S232;S233;S815;S1488;S1700,FALSE,N/A,FALSE,N/A,S232;S233;S815;S1488;S1700
RR2022M,shinsuke-nakamura,Shinsuke Nakamura,,,,,S232;S233;S526;S521;S835;S1452;S1700,FALSE,N/A,FALSE,N/A,S232;S233;S526;S521;S835;S1452;S1700
RR2022M,austin-theory,Austin Theory,,,,,S232;S233;S856;S901;S1514;S1700,FALSE,N/A,FALSE,N/A,S232;S233;S856;S901;S1514;S1700
RR2022M,robert-roode,Robert Roode,,,,,S232;S233;S526;S846;S1484;S1700,FALSE,N/A,FALSE,N/A,S232;S233;S526;S846;S1484;S1700
RR2022M,ridge-holland,Ridge Holland,,,,,S232;S233;S526;S857;S1501;S1700,FALSE,N/A,FALSE,N/A,S232;S233;S526;S857;S1501;S1700
RR2022M,montez-ford,Montez Ford,,,,,S232;S233;S526;S858;S1502;S1700,FALSE,N/A,FALSE,N/A,S232;S233;S526;S858;S1502;S1700
RR2022M,damian-priest,Damian Priest,,,,,S232;S233;S526;S521;S853;S1494;S1700,FALSE,N/A,FALSE,N/A,S232;S233;S526;S521;S853;S1494;S1700
RR2022M,sami-zayn,Sami Zayn,,,,,S232;S233;S820;S1448;S1700,FALSE,N/A,FALSE,N/A,S232;S233;S820;S1448;S1700
RR2022M,johnny-knoxville,Johnny Knoxville,,,,,S232;S233;S859;S1503;S1700,FALSE,N/A,FALSE,N/A,S232;S233;S859;S1503;S1700
RR2022M,angelo-dawkins,Angelo Dawkins,,,,,S232;S233;S526;S860;S1504;S1700,FALSE,N/A,FALSE,N/A,S232;S233;S526;S860;S1504;S1700
RR2022M,omos,Omos,,,,,S232;S233;S861;S1514;S1700,FALSE,N/A,FALSE,N/A,S232;S233;S861;S1514;S1700
RR2022M,ricochet,Ricochet,,,,,S232;S233;S849;S899;S1487;S1700,FALSE,N/A,FALSE,N/A,S232;S233;S849;S899;S1487;S1700
RR2022M,chad-gable,Chad Gable,,,,,S232;S233;S526;S521;S862;S1505;S1700,FALSE,N/A,FALSE,N/A,S232;S233;S526;S521;S862;S1505;S1700
RR2022M,dominik-mysterio,Dominik Mysterio,,,,,S232;S233;S526;S855;S1498;S1700,FALSE,N/A,FALSE,N/A,S232;S233;S526;S855;S1498;S1700
RR2022M,baron-corbin,Happy Corbin,,,,,S232;S233;S526;S827;S1442;S1700,FALSE,N/A,FALSE,N/A,S232;S233;S526;S827;S1442;S1700
RR2022M,dolph-ziggler,Dolph Ziggler,,,,,S232;S233;S526;S763;S1466;S1700,FALSE,N/A,FALSE,N/A,S232;S233;S526;S763;S1466;S1700
RR2022M,sheamus,Sheamus,,,,,S232;S233;S526;S776;S1449;S1700,FALSE,N/A,FALSE,N/A,S232;S233;S526;S776;S1449;S1700
RR2022M,rick-boogs,Rick Boogs,,,,,S232;S233;S526;S863;S1506;S1700,FALSE,N/A,FALSE,N/A,S232;S233;S526;S863;S1506;S1700
RR2022M,riddick-moss,Madcap Moss,,,,,S232;S233;S526;S864;S1507;S1700,FALSE,N/A,FALSE,N/A,S232;S233;S526;S864;S1507;S1700
RR2022M,matt-riddle,Riddle,,,,,S232;S233;S526;S851;S1514;S1700,FALSE,N/A,FALSE,N/A,S232;S233;S526;S851;S1514;S1700
RR2022M,drew-mcintyre,Drew McIntyre,,,,,S232;S233;S778;S1475;S1700,FALSE,N/A,FALSE,N/A,S232;S233;S778;S1475;S1700
RR2022M,kevin-owens,Kevin Owens,,,,,S232;S233;S819;S1492;S1700,FALSE,N/A,FALSE,N/A,S232;S233;S819;S1492;S1700
RR2022M,rey-mysterio,Rey Mysterio,,,,,S232;S233;S526;S068;S069;S436;S695;S1514;S1700,FALSE,N/A,FALSE,N/A,S232;S233;S526;S068;S069;S436;S695;S1514;S1700
RR2022M,kofi-kingston,Kofi Kingston,,,,,S232;S233;S526;S760;S1454;S1700,FALSE,N/A,FALSE,N/A,S232;S233;S526;S760;S1454;S1700
RR2022M,otis,Otis,,,,,S232;S233;S526;S521;S854;S1497;S1700,FALSE,N/A,FALSE,N/A,S232;S233;S526;S521;S854;S1497;S1700
RR2022M,big-e,Big E,,,,,S232;S233;S526;S809;S1447;S1700,FALSE,N/A,FALSE,N/A,S232;S233;S526;S809;S1447;S1700
RR2022M,bad-bunny,Bad Bunny,,,,,S232;S233;S865;S1514;S1508;S1700,FALSE,N/A,FALSE,N/A,S232;S233;S865;S1514;S1508;S1700
RR2022M,shane-mcmahon,Shane McMahon,,,,,S232;S233;S866;S1509;S1700,FALSE,N/A,FALSE,N/A,S232;S233;S866;S1509;S1700
RR2022M,randy-orton,Randy Orton,,,,,S232;S233;S526;S067;S073;S040;S052;S042;S481;S489;S485;S709;S1462;S1700,FALSE,N/A,FALSE,N/A,S232;S233;S526;S067;S073;S040;S052;S042;S481;S489;S485;S709;S1462;S1700
RR2022M,brock-lesnar,Brock Lesnar,,,,,S232;S233;S065;S066;S707;S1482;S1700,FALSE,N/A,FALSE,N/A,S232;S233;S065;S066;S707;S1482;S1700
RR2022W,sasha-banks,Sasha Banks,,,,,S243;S244;S903;S990;S1597;S1700,FALSE,N/A,FALSE,N/A,S243;S244;S903;S990;S1597;S1700
RR2022W,melina,Melina,,,,,S243;S244;S960;S1046;S1652;S1700,FALSE,N/A,TRUE,UNKNOWN,S243;S244;S960;S1046;S1652;S1700;S1715
RR2022W,tamina,Tamina,,,,,S243;S244;S909;S996;S1603;S1700,FALSE,N/A,FALSE,N/A,S243;S244;S909;S996;S1603;S1700
RR2022W,kelly-kelly,Kelly Kelly,,,,,S243;S244;S921;S1008;S1679;S1700,FALSE,N/A,FALSE,N/A,S243;S244;S921;S1008;S1679;S1700
RR2022W,aliyah,Aliyah,,,,,S243;S244;S961;S1047;S1679;S1700,FALSE,N/A,FALSE,N/A,S243;S244;S961;S1047;S1679;S1700
RR2022W,liv-morgan,Liv Morgan,,,,,S243;S244;S913;S1000;S1607;S1700,FALSE,N/A,FALSE,N/A,S243;S244;S913;S1000;S1607;S1700
RR2022W,zelina-vega,Queen Zelina,,,,,S243;S244;S526;S521;S943;S1075;S1679;S1700,FALSE,N/A,FALSE,N/A,S243;S244;S526;S521;S943;S1075;S1679;S1700
RR2022W,bianca-belair,Bianca Belair,,,,,S243;S244;S947;S1033;S1679;S1700,FALSE,N/A,FALSE,N/A,S243;S244;S947;S1033;S1679;S1700
RR2022W,dana-brooke,Dana Brooke,,,,,S243;S244;S910;S997;S1604;S1700,FALSE,N/A,FALSE,N/A,S243;S244;S910;S997;S1604;S1700
RR2022W,michelle-mccool,Michelle McCool,,,,,S243;S244;S916;S1003;S1679;S1700,FALSE,N/A,FALSE,N/A,S243;S244;S916;S1003;S1679;S1700
RR2022W,sonya-deville,Sonya Deville,,,,,S243;S244;S912;S999;S1606;S1700,FALSE,N/A,FALSE,N/A,S243;S244;S912;S999;S1606;S1700
RR2022W,natalya,Natalya,,,,,S243;S244;S920;S1007;S1613;S1700,FALSE,N/A,FALSE,N/A,S243;S244;S920;S1007;S1613;S1700
RR2022W,cameron,Cameron,,,,,S243;S244;S962;S1048;S1679;S1700,FALSE,N/A,TRUE,UNKNOWN,S243;S244;S962;S1048;S1679;S1700;S1715
RR2022W,naomi,Naomi,,,,,S243;S244;S922;S1009;S1615;S1700,FALSE,N/A,FALSE,N/A,S243;S244;S922;S1009;S1615;S1700
RR2022W,carmella,Carmella,,,,,S243;S244;S526;S521;S919;S1006;S1612;S1700,FALSE,N/A,FALSE,N/A,S243;S244;S526;S521;S919;S1006;S1612;S1700
RR2022W,rhea-ripley,Rhea Ripley,,,,,S243;S244;S945;S1031;S1637;S1700,FALSE,N/A,FALSE,N/A,S243;S244;S945;S1031;S1637;S1700
RR2022W,charlotte-flair,Charlotte Flair,,,,,S243;S244;S521;S526;S938;S1025;S1631;S1700,FALSE,N/A,FALSE,N/A,S243;S244;S521;S526;S938;S1025;S1631;S1700
RR2022W,ivory,Ivory,,,,,S243;S244;S526;S963;S1049;S1679;S1700,FALSE,N/A,TRUE,UNKNOWN,S243;S244;S526;S963;S1049;S1679;S1700;S1715
RR2022W,brie-bella,Brie Bella,,,,,S243;S244;S526;S930;S1017;S1679;S1700,FALSE,N/A,FALSE,N/A,S243;S244;S526;S930;S1017;S1679;S1700
RR2022W,mickie-james,Mickie James,,,,,S243;S244;S521;S526;S928;S1015;S1621;S1700,FALSE,N/A,FALSE,N/A,S243;S244;S521;S526;S928;S1015;S1621;S1700
RR2022W,alicia-fox,Alicia Fox,,,,,S243;S244;S941;S1028;S1679;S1700,FALSE,N/A,FALSE,N/A,S243;S244;S941;S1028;S1679;S1700
RR2022W,nikki-cross,Nikki A.S.H.,,,,,S243;S244;S526;S935;S1022;S1628;S1700,FALSE,N/A,FALSE,N/A,S243;S244;S526;S935;S1022;S1628;S1700
RR2022W,summer-rae,Summer Rae,,,,,S243;S244;S964;S1050;S1679;S1700,FALSE,N/A,TRUE,UNKNOWN,S243;S244;S964;S1050;S1679;S1700;S1715
RR2022W,nikki-bella,Nikki Bella,,,,,S243;S244;S526;S929;S1016;S1679;S1700,FALSE,N/A,FALSE,N/A,S243;S244;S526;S929;S1016;S1679;S1700
RR2022W,sarah-logan,Sarah Logan,,,,,S243;S244;S905;S992;S1599;S1700,FALSE,N/A,TRUE,UNKNOWN,S243;S244;S905;S992;S1599;S1700;S1715
RR2022W,lita,Lita,,,,,S243;S244;S907;S994;S1601;S1700,FALSE,N/A,FALSE,N/A,S243;S244;S907;S994;S1601;S1700
RR2022W,molly-holly,Mighty Molly,,,,,S243;S244;S526;S914;S1001;S1679;S1700,FALSE,N/A,TRUE,UNKNOWN,S243;S244;S526;S914;S1001;S1679;S1700;S1715
RR2022W,ronda-rousey,Ronda Rousey,,,,,S243;S244;S965;S1051;S1657;S1700,FALSE,N/A,TRUE,nearly 3 years away from WWE competition,S243;S244;S965;S1051;S1657;S1700;S1715
RR2022W,shotzi-blackheart,Shotzi,,,,,S243;S244;S953;S1039;S1645;S1700,FALSE,N/A,FALSE,N/A,S243;S244;S953;S1039;S1645;S1700
RR2022W,shayna-baszler,Shayna Baszler,,,,,S243;S244;S956;S1042;S1648;S1700,FALSE,N/A,FALSE,N/A,S243;S244;S956;S1042;S1648;S1700
RR2023M,gunther,Gunther,,,,,S251;S252;S527;S522;S867;S1593;S1700,FALSE,N/A,FALSE,N/A,S251;S252;S527;S522;S867;S1593;S1700
RR2023M,sheamus,Sheamus,,,,,S251;S252;S776;S1593;S1700,FALSE,N/A,FALSE,N/A,S251;S252;S776;S1593;S1700
RR2023M,the-miz,The Miz,,,,,S251;S252;S749;S1535;S1700,FALSE,N/A,FALSE,N/A,S251;S252;S749;S1535;S1700
RR2023M,kofi-kingston,Kofi Kingston,,,,,S251;S252;S527;S760;S1536;S1700,FALSE,N/A,FALSE,N/A,S251;S252;S527;S760;S1536;S1700
RR2023M,johnny-gargano,Johnny Gargano,,,,,S251;S252;S838;S1537;S1700,FALSE,N/A,FALSE,N/A,S251;S252;S838;S1537;S1700
RR2023M,xavier-woods,Xavier Woods,,,,,S251;S252;S527;S828;S1538;S1700,FALSE,N/A,FALSE,N/A,S251;S252;S527;S828;S1538;S1700
RR2023M,karrion-kross,Karrion Kross,,,,,S251;S252;S522;S527;S868;S1593;S1700,FALSE,N/A,FALSE,N/A,S251;S252;S522;S527;S868;S1593;S1700
RR2023M,chad-gable,Chad Gable,,,,,S251;S252;S527;S862;S1539;S1700,FALSE,N/A,FALSE,N/A,S251;S252;S527;S862;S1539;S1700
RR2023M,drew-mcintyre,Drew McIntyre,,,,,S251;S252;S778;S1540;S1700,FALSE,N/A,FALSE,N/A,S251;S252;S778;S1540;S1700
RR2023M,santos-escobar,Santos Escobar,,,,,S251;S252;S527;S869;S1541;S1700,FALSE,N/A,FALSE,N/A,S251;S252;S527;S869;S1541;S1700
RR2023M,angelo-dawkins,Angelo Dawkins,,,,,S251;S252;S527;S860;S1542;S1700,FALSE,N/A,FALSE,N/A,S251;S252;S527;S860;S1542;S1700
RR2023M,brock-lesnar,Brock Lesnar,,,,,S251;S252;S065;S066;S707;S1543;S1700,FALSE,N/A,FALSE,N/A,S251;S252;S065;S066;S707;S1543;S1700
RR2023M,bobby-lashley,Bobby Lashley,,,,,S251;S252;S732;S1544;S1700,FALSE,N/A,FALSE,N/A,S251;S252;S732;S1544;S1700
RR2023M,baron-corbin,Baron Corbin,,,,,S251;S252;S827;S1545;S1700,FALSE,N/A,FALSE,N/A,S251;S252;S827;S1545;S1700
RR2023M,seth-rollins,Seth Rollins,,,,,S251;S252;S800;S1546;S1700,FALSE,N/A,FALSE,N/A,S251;S252;S800;S1546;S1700
RR2023M,otis,Otis,,,,,S251;S252;S527;S854;S1547;S1700,FALSE,N/A,FALSE,N/A,S251;S252;S527;S854;S1547;S1700
RR2023M,rey-mysterio,Rey Mysterio,,,,,S251;S252;S068;S069;S436;S695;S1593;S1700,FALSE,N/A,FALSE,N/A,S251;S252;S068;S069;S436;S695;S1593;S1700
RR2023M,dominik-mysterio,Dominik Mysterio,,,,,S251;S252;S527;S855;S1549;S1700,FALSE,N/A,FALSE,N/A,S251;S252;S527;S855;S1549;S1700
RR2023M,elias,Elias,,,,,S251;S252;S833;S898;S1550;S1700,FALSE,N/A,FALSE,N/A,S251;S252;S833;S898;S1550;S1700
RR2023M,finn-balor,Finn Balor,,,,,S251;S252;S527;S832;S1551;S1700,FALSE,N/A,FALSE,N/A,S251;S252;S527;S832;S1551;S1700
RR2023M,booker-t,Booker T,,,,,S251;S252;S068;S069;S686;S1593;S1700,FALSE,N/A,TRUE,UNKNOWN,S251;S252;S068;S069;S686;S1593;S1700;S1731
RR2023M,damian-priest,Damian Priest,,,,,S251;S252;S527;S853;S1553;S1700,FALSE,N/A,FALSE,N/A,S251;S252;S527;S853;S1553;S1700
RR2023M,montez-ford,Montez Ford,,,,,S251;S252;S527;S858;S1593;S1700,FALSE,N/A,FALSE,N/A,S251;S252;S527;S858;S1593;S1700
RR2023M,edge,Edge,,,,,S251;S252;S068;S069;S436;S044;S045;S479;S656;S1593;S1700,FALSE,N/A,FALSE,N/A,S251;S252;S068;S069;S436;S044;S045;S479;S656;S1593;S1700
RR2023M,austin-theory,Austin Theory,,,,,S251;S252;S527;S522;S856;S901;S1593;S1700,FALSE,N/A,FALSE,N/A,S251;S252;S527;S522;S856;S901;S1593;S1700
RR2023M,omos,Omos,,,,,S251;S252;S522;S527;S861;S1593;S1700,FALSE,N/A,FALSE,N/A,S251;S252;S522;S527;S861;S1593;S1700
RR2023M,braun-strowman,Braun Strowman,,,,,S251;S252;S527;S818;S1557;S1700,FALSE,N/A,FALSE,N/A,S251;S252;S527;S818;S1557;S1700
RR2023M,ricochet,Ricochet,,,,,S251;S252;S527;S849;S899;S1558;S1700,FALSE,N/A,FALSE,N/A,S251;S252;S527;S849;S899;S1558;S1700
RR2023M,logan-paul,Logan Paul,,,,,S251;S252;S870;S1559;S1700,FALSE,N/A,FALSE,N/A,S251;S252;S870;S1559;S1700
RR2023M,cody-rhodes,Cody Rhodes,,,,,S251;S252;S753;S1560;S1593;S1700,FALSE,N/A,FALSE,N/A,S251;S252;S753;S1560;S1593;S1700
RR2023W,rhea-ripley,Rhea Ripley,,,,,S260;S261;S527;S945;S1031;S1637;S1700,FALSE,N/A,FALSE,N/A,S260;S261;S527;S945;S1031;S1637;S1700
RR2023W,liv-morgan,Liv Morgan,,,,,S260;S261;S913;S1000;S1607;S1700,FALSE,N/A,FALSE,N/A,S260;S261;S913;S1000;S1607;S1700
RR2023W,dana-brooke,Dana Brooke,,,,,S260;S261;S910;S997;S1604;S1700,FALSE,N/A,FALSE,N/A,S260;S261;S910;S997;S1604;S1700
RR2023W,emma,Emma,,,,,S260;S261;S966;S1052;S1680;S1700,FALSE,N/A,FALSE,N/A,S260;S261;S966;S1052;S1680;S1700
RR2023W,shayna-baszler,Shayna Baszler,,,,,S260;S261;S956;S1042;S1648;S1700,FALSE,N/A,FALSE,N/A,S260;S261;S956;S1042;S1648;S1700
RR2023W,bayley,Bayley,,,,,S260;S261;S527;S931;S1018;S1624;S1700,FALSE,N/A,FALSE,N/A,S260;S261;S527;S931;S1018;S1624;S1700
RR2023W,b-fab,B-Fab,,,,,S260;S261;S527;S967;S1053;S1680;S1700,FALSE,N/A,FALSE,N/A,S260;S261;S527;S967;S1053;S1680;S1700
RR2023W,roxanne-perez,Roxanne Perez,,,,,S260;S261;S522;S527;S968;S1054;S1680;S1700,FALSE,N/A,FALSE,N/A,S260;S261;S522;S527;S968;S1054;S1680;S1700
RR2023W,dakota-kai,Dakota Kai,,,,,S260;S261;S527;S950;S1036;S1642;S1700,FALSE,N/A,FALSE,N/A,S260;S261;S527;S950;S1036;S1642;S1700
RR2023W,io-shirai,IYO SKY,,,,,S260;S261;S527;S944;S1030;S1636;S1700,FALSE,N/A,FALSE,N/A,S260;S261;S527;S944;S1030;S1636;S1700
RR2023W,natalya,Natalya,,,,,S260;S261;S920;S1007;S1613;S1700,FALSE,N/A,FALSE,N/A,S260;S261;S920;S1007;S1613;S1700
RR2023W,candice-lerae,Candice LeRae,,,,,S260;S261;S940;S1027;S1633;S1700,FALSE,N/A,FALSE,N/A,S260;S261;S940;S1027;S1633;S1700
RR2023W,zoey-stark,Zoey Stark,,,,,S260;S261;S969;S1055;S1680;S1700,FALSE,N/A,FALSE,N/A,S260;S261;S969;S1055;S1680;S1700
RR2023W,xia-li,Xia Li,,,,,S260;S261;S937;S1024;S1630;S1700,FALSE,N/A,FALSE,N/A,S260;S261;S937;S1024;S1630;S1700
RR2023W,becky-lynch,Becky Lynch,,,,,S260;S261;S904;S991;S1598;S1700,FALSE,N/A,FALSE,N/A,S260;S261;S904;S991;S1598;S1700
RR2023W,tegan-nox,Tegan Nox,,,,,S260;S261;S954;S1040;S1646;S1700,FALSE,N/A,FALSE,N/A,S260;S261;S954;S1040;S1646;S1700
RR2023W,asuka,Asuka,,,,,S260;S261;S927;S1014;S1620;S1700,FALSE,N/A,FALSE,N/A,S260;S261;S927;S1014;S1620;S1700
RR2023W,piper-niven,Piper Niven,,,,,S260;S261;S970;S1056;S1680;S1700,FALSE,N/A,FALSE,N/A,S260;S261;S970;S1056;S1680;S1700
RR2023W,tamina,Tamina,,,,,S260;S261;S909;S996;S1603;S1700,FALSE,N/A,FALSE,N/A,S260;S261;S909;S996;S1603;S1700
RR2023W,chelsea-green,Chelsea Green,,,,,S260;S261;S951;S1037;S1643;S1700,FALSE,N/A,FALSE,N/A,S260;S261;S951;S1037;S1643;S1700
RR2023W,zelina-vega,Zelina Vega,,,,,S260;S261;S943;S1075;S1680;S1700,FALSE,N/A,FALSE,N/A,S260;S261;S943;S1075;S1680;S1700
RR2023W,raquel-rodriguez,Raquel Rodriguez,,,,,S260;S261;S1057;S971;S1680;S1700,FALSE,N/A,FALSE,N/A,S260;S261;S1057;S971;S1680;S1700
RR2023W,mia-yim,Michin,,,,,S260;S261;S527;S949;S1035;S1641;S1700,FALSE,N/A,FALSE,N/A,S260;S261;S527;S949;S1035;S1641;S1700
RR2023W,lacey-evans,Lacey Evans,,,,,S260;S261;S933;S1020;S1626;S1700,FALSE,N/A,FALSE,N/A,S260;S261;S933;S1020;S1626;S1700
RR2023W,michelle-mccool,Michelle McCool,,,,,S260;S261;S916;S1003;S1680;S1700,FALSE,N/A,TRUE,UNKNOWN,S260;S261;S916;S1003;S1680;S1700;S1731
RR2023W,indi-hartwell,Indi Hartwell,,,,,S260;S261;S972;S1058;S1659;S1700,FALSE,N/A,FALSE,N/A,S260;S261;S972;S1058;S1659;S1700
RR2023W,sonya-deville,Sonya Deville,,,,,S260;S261;S912;S999;S1606;S1700,FALSE,N/A,FALSE,N/A,S260;S261;S912;S999;S1606;S1700
RR2023W,shotzi-blackheart,Shotzi,,,,,S260;S261;S953;S1039;S1680;S1700,FALSE,N/A,FALSE,N/A,S260;S261;S953;S1039;S1680;S1700
RR2023W,nikki-cross,Nikki Cross,,,,,S260;S261;S935;S1022;S1628;S1700,FALSE,N/A,FALSE,N/A,S260;S261;S935;S1022;S1628;S1700
RR2023W,nia-jax,Nia Jax,,,,,S260;S261;S924;S1011;S1680;S1700,FALSE,N/A,TRUE,more than 1 year away from WWE,S260;S261;S924;S1011;S1680;S1700;S1731
RR2024M,jey-uso,Jey Uso,,,,,S270;S271;S272;S790;S1561;S1700,FALSE,N/A,FALSE,N/A,S270;S271;S272;S790;S1561;S1700
RR2024M,jimmy-uso,Jimmy Uso,,,,,S270;S271;S272;S802;S1562;S1700,FALSE,N/A,FALSE,N/A,S270;S271;S272;S802;S1562;S1700
RR2024M,grayson-waller,Grayson Waller,,,,,S270;S271;S272;S531;S871;S1594;S1700,FALSE,N/A,FALSE,N/A,S270;S271;S272;S531;S871;S1594;S1700
RR2024M,andrade,Andrade,,,,,S270;S271;S272;S834;S1564;S1700,FALSE,N/A,TRUE,more than 2 years away from WWE,S270;S271;S272;S834;S1564;S1700;S1716
RR2024M,carmelo-hayes,Carmelo Hayes,,,,,S270;S271;S272;S872;S1565;S1700,FALSE,N/A,FALSE,N/A,S270;S271;S272;S872;S1565;S1700
RR2024M,shinsuke-nakamura,Shinsuke Nakamura,,,,,S270;S271;S272;S835;S1566;S1700,FALSE,N/A,FALSE,N/A,S270;S271;S272;S835;S1566;S1700
RR2024M,santos-escobar,Santos Escobar,,,,,S270;S271;S272;S531;S869;S1594;S1700,FALSE,N/A,FALSE,N/A,S270;S271;S272;S531;S869;S1594;S1700
RR2024M,karrion-kross,Karrion Kross,,,,,S270;S271;S272;S531;S528;S868;S1594;S1700,FALSE,N/A,FALSE,N/A,S270;S271;S272;S531;S528;S868;S1594;S1700
RR2024M,dominik-mysterio,Dominik Mysterio,,,,,S270;S271;S272;S531;S855;S1549;S1700,FALSE,N/A,FALSE,N/A,S270;S271;S272;S531;S855;S1549;S1700
RR2024M,carlito,Carlito,,,,,S270;S271;S272;S531;S733;S1567;S1700,FALSE,N/A,FALSE,N/A,S270;S271;S272;S531;S733;S1567;S1700
RR2024M,bobby-lashley,Bobby Lashley,,,,,S270;S271;S272;S531;S732;S1544;S1700,FALSE,N/A,FALSE,N/A,S270;S271;S272;S531;S732;S1544;S1700
RR2024M,ludwig-kaiser,Ludwig Kaiser,,,,,S270;S271;S272;S531;S873;S1594;S1700,FALSE,N/A,FALSE,N/A,S270;S271;S272;S531;S873;S1594;S1700
RR2024M,austin-theory,Austin Theory,,,,,S270;S271;S272;S531;S856;S901;S1594;S1700,FALSE,N/A,FALSE,N/A,S270;S271;S272;S531;S856;S901;S1594;S1700
RR2024M,finn-balor,Finn Balor,,,,,S270;S271;S272;S274;S275;S531;S832;S1551;S1700;S1704,FALSE,N/A,FALSE,N/A,S270;S271;S272;S274;S275;S531;S832;S1551;S1700;S1704
RR2024M,cody-rhodes,Cody Rhodes,,,,,S270;S271;S272;S753;S1560;S1594;S1700,FALSE,N/A,FALSE,N/A,S270;S271;S272;S753;S1560;S1594;S1700
RR2024M,bronson-reed,Bronson Reed,,,,,S270;S271;S272;S874;S1594;S1700,FALSE,N/A,FALSE,N/A,S270;S271;S272;S874;S1594;S1700
RR2024M,kofi-kingston,Kofi Kingston,,,,,S270;S271;S272;S531;S760;S1536;S1700,FALSE,N/A,FALSE,N/A,S270;S271;S272;S531;S760;S1536;S1700
RR2024M,gunther,Gunther,,,,,S270;S271;S272;S274;S275;S531;S867;S1594;S1700,FALSE,N/A,FALSE,N/A,S270;S271;S272;S274;S275;S531;S867;S1594;S1700
RR2024M,ivar,Ivar,,,,,S270;S271;S272;S875;S1594;S1700,FALSE,N/A,FALSE,N/A,S270;S271;S272;S875;S1594;S1700
RR2024M,bron-breakker,Bron Breakker,,,,,S270;S271;S272;S876;S1569;S1700,FALSE,N/A,FALSE,N/A,S270;S271;S272;S876;S1569;S1700
RR2024M,omos,Omos,,,,,S270;S271;S272;S528;S531;S861;S1594;S1700,FALSE,N/A,FALSE,N/A,S270;S271;S272;S528;S531;S861;S1594;S1700
RR2024M,pat-mcafee,Pat McAfee,,,,,S270;S271;S272;S877;S1570;S1700,FALSE,N/A,FALSE,N/A,S270;S271;S272;S877;S1570;S1700
RR2024M,jd-mcdonagh,JD McDonagh,,,,,S270;S271;S272;S531;S878;S1594;S1700,FALSE,N/A,FALSE,N/A,S270;S271;S272;S531;S878;S1594;S1700
RR2024M,r-truth,R-Truth,,,,,S270;S271;S272;S761;S1594;S1700,FALSE,N/A,FALSE,N/A,S270;S271;S272;S761;S1594;S1700
RR2024M,the-miz,The Miz,,,,,S270;S271;S272;S749;S1535;S1700,FALSE,N/A,FALSE,N/A,S270;S271;S272;S749;S1535;S1700
RR2024M,damian-priest,Damian Priest,,,,,S270;S271;S272;S274;S275;S531;S853;S1553;S1700;S1704,FALSE,N/A,FALSE,N/A,S270;S271;S272;S274;S275;S531;S853;S1553;S1700;S1704
RR2024M,cm-punk,CM Punk,,,,,S270;S271;S272;S744;S1594;S1700,FALSE,N/A,FALSE,N/A,S270;S271;S272;S744;S1594;S1700
RR2024M,ricochet,Ricochet,,,,,S270;S271;S272;S849;S899;S1558;S1700,FALSE,N/A,FALSE,N/A,S270;S271;S272;S849;S899;S1558;S1700
RR2024M,drew-mcintyre,Drew McIntyre,,,,,S270;S271;S272;S778;S1594;S1700,FALSE,N/A,FALSE,N/A,S270;S271;S272;S778;S1594;S1700
RR2024M,sami-zayn,Sami Zayn,,,,,S270;S271;S272;S820;S1573;S1700,FALSE,N/A,FALSE,N/A,S270;S271;S272;S820;S1573;S1700
RR2024W,natalya,Natalya,,,,,S292;S293;S294;S920;S1007;S1613;S1700,FALSE,N/A,FALSE,N/A,S292;S293;S294;S920;S1007;S1613;S1700
RR2024W,naomi,Naomi,,,,,S292;S293;S294;S922;S1009;S1615;S1700,FALSE,N/A,TRUE,more than 1 year away from WWE,S292;S293;S294;S922;S1009;S1615;S1700;S1716
RR2024W,bayley,Bayley,,,,,S292;S293;S294;S531;S931;S1018;S1624;S1700,FALSE,N/A,FALSE,N/A,S292;S293;S294;S531;S931;S1018;S1624;S1700
RR2024W,candice-lerae,Candice LeRae,,,,,S292;S293;S294;S531;S940;S1027;S1633;S1700,FALSE,N/A,FALSE,N/A,S292;S293;S294;S531;S940;S1027;S1633;S1700
RR2024W,jordynne-grace,Jordynne Grace,,,,,S292;S293;S294;S296;S297;S973;S1059;S1681;S1700,FALSE,N/A,FALSE,N/A,S292;S293;S294;S296;S297;S973;S1059;S1681;S1700
RR2024W,indi-hartwell,Indi Hartwell,,,,,S292;S293;S294;S531;S972;S1058;S1659;S1700,FALSE,N/A,FALSE,N/A,S292;S293;S294;S531;S972;S1058;S1659;S1700
RR2024W,asuka,Asuka,,,,,S292;S293;S294;S296;S297;S531;S927;S1014;S1620;S1700,FALSE,N/A,FALSE,N/A,S292;S293;S294;S296;S297;S531;S927;S1014;S1620;S1700
RR2024W,ivy-nile,Ivy Nile,,,,,S292;S293;S294;S531;S974;S1060;S1661;S1700,FALSE,N/A,FALSE,N/A,S292;S293;S294;S531;S974;S1060;S1661;S1700
RR2024W,kacy-catanzaro,Katana Chance,,,,,S292;S293;S294;S531;S942;S1029;S1681;S1700,FALSE,N/A,FALSE,N/A,S292;S293;S294;S531;S942;S1029;S1681;S1700
RR2024W,bianca-belair,Bianca Belair,,,,,S292;S293;S294;S947;S1033;S1681;S1700,FALSE,N/A,FALSE,N/A,S292;S293;S294;S947;S1033;S1681;S1700
RR2024W,kairi-sane,Kairi Sane,,,,,S292;S293;S294;S296;S297;S531;S908;S995;S1602;S1700,FALSE,N/A,FALSE,N/A,S292;S293;S294;S296;S297;S531;S908;S995;S1602;S1700
RR2024W,tegan-nox,Tegan Nox,,,,,S292;S293;S294;S954;S1040;S1681;S1700,FALSE,N/A,FALSE,N/A,S292;S293;S294;S954;S1040;S1681;S1700
RR2024W,kayden-carter,Kayden Carter,,,,,S292;S293;S294;S531;S975;S1061;S1681;S1700,FALSE,N/A,FALSE,N/A,S292;S293;S294;S531;S975;S1061;S1681;S1700
RR2024W,chelsea-green,Chelsea Green,,,,,S292;S293;S294;S531;S951;S1037;S1643;S1700,FALSE,N/A,FALSE,N/A,S292;S293;S294;S531;S951;S1037;S1643;S1700
RR2024W,piper-niven,Piper Niven,,,,,S292;S293;S294;S531;S970;S1056;S1681;S1700,FALSE,N/A,FALSE,N/A,S292;S293;S294;S531;S970;S1056;S1681;S1700
RR2024W,xia-li,Xia Li,,,,,S292;S293;S294;S937;S1024;S1630;S1700,FALSE,N/A,FALSE,N/A,S292;S293;S294;S937;S1024;S1630;S1700
RR2024W,zelina-vega,Zelina Vega,,,,,S292;S293;S294;S531;S943;S1075;S1681;S1700,FALSE,N/A,FALSE,N/A,S292;S293;S294;S531;S943;S1075;S1681;S1700
RR2024W,maxxine-dupri,Maxxine Dupri,,,,,S292;S293;S294;S531;S976;S1062;S1663;S1700,FALSE,N/A,FALSE,N/A,S292;S293;S294;S531;S976;S1062;S1663;S1700
RR2024W,nia-jax,Nia Jax,,,,,S292;S293;S294;S924;S1011;S1681;S1700,FALSE,N/A,FALSE,N/A,S292;S293;S294;S924;S1011;S1681;S1700
RR2024W,shotzi-blackheart,Shotzi,,,,,S292;S293;S294;S953;S1039;S1681;S1700,FALSE,N/A,FALSE,N/A,S292;S293;S294;S953;S1039;S1681;S1700
RR2024W,becky-lynch,Becky Lynch,,,,,S292;S293;S294;S904;S991;S1598;S1700,FALSE,N/A,FALSE,N/A,S292;S293;S294;S904;S991;S1598;S1700
RR2024W,alba-fyre,Alba Fyre,,,,,S292;S293;S294;S977;S1681;S1700,FALSE,N/A,FALSE,N/A,S292;S293;S294;S977;S1681;S1700
RR2024W,shayna-baszler,Shayna Baszler,,,,,S292;S293;S294;S956;S1042;S1648;S1700,FALSE,N/A,FALSE,N/A,S292;S293;S294;S956;S1042;S1648;S1700
RR2024W,sarah-logan,Valhalla,,,,,S292;S293;S294;S531;S905;S992;S1074;S1599;S1700,FALSE,N/A,FALSE,N/A,S292;S293;S294;S531;S905;S992;S1074;S1599;S1700
RR2024W,mia-yim,Michin,,,,,S292;S293;S294;S531;S949;S1035;S1641;S1700,FALSE,N/A,FALSE,N/A,S292;S293;S294;S531;S949;S1035;S1641;S1700
RR2024W,zoey-stark,Zoey Stark,,,,,S292;S293;S294;S969;S1055;S1681;S1700,FALSE,N/A,FALSE,N/A,S292;S293;S294;S969;S1055;S1681;S1700
RR2024W,roxanne-perez,Roxanne Perez,,,,,S292;S293;S294;S968;S1054;S1681;S1700,FALSE,N/A,FALSE,N/A,S292;S293;S294;S968;S1054;S1681;S1700
RR2024W,jade-cargill,Jade Cargill,,,,,S292;S293;S294;S978;S1063;S1664;S1700,FALSE,N/A,FALSE,N/A,S292;S293;S294;S978;S1063;S1664;S1700
RR2024W,tiffany-stratton,Tiffany Stratton,,,,,S292;S293;S294;S979;S1064;S1665;S1700,FALSE,N/A,FALSE,N/A,S292;S293;S294;S979;S1064;S1665;S1700
RR2024W,liv-morgan,Liv Morgan,,,,,S292;S293;S294;S913;S1000;S1607;S1700,FALSE,N/A,TRUE,more than 6 months (shoulder injury),S292;S293;S294;S913;S1000;S1607;S1700;S1716
RR2025M,rey-mysterio,Rey Mysterio,,,,,S314;S317;S316;S068;S069;S436;S695;S1595;S1700,FALSE,N/A,FALSE,N/A,S314;S317;S316;S068;S069;S436;S695;S1595;S1700
RR2025M,penta,Penta,,,,,S314;S317;S316;S879;S1595;S1700,FALSE,N/A,FALSE,N/A,S314;S317;S316;S879;S1595;S1700
RR2025M,chad-gable,Chad Gable,,,,,S314;S317;S316;S532;S529;S862;S1539;S1700,FALSE,N/A,FALSE,N/A,S314;S317;S316;S532;S529;S862;S1539;S1700
RR2025M,carmelo-hayes,Carmelo Hayes,,,,,S314;S317;S316;S872;S1565;S1700,FALSE,N/A,FALSE,N/A,S314;S317;S316;S872;S1565;S1700
RR2025M,santos-escobar,Santos Escobar,,,,,S314;S317;S316;S532;S869;S1595;S1700,FALSE,N/A,FALSE,N/A,S314;S317;S316;S532;S869;S1595;S1700
RR2025M,otis,Otis,,,,,S314;S317;S316;S532;S854;S1595;S1700,FALSE,N/A,FALSE,N/A,S314;S317;S316;S532;S854;S1595;S1700
RR2025M,bron-breakker,Bron Breakker,,,,,S314;S317;S316;S320;S321;S322;S876;S1569;S1700,FALSE,N/A,FALSE,N/A,S314;S317;S316;S320;S321;S322;S876;S1569;S1700
RR2025M,ishowspeed,IShowSpeed,,,,,S314;S317;S316;S880;S1595;S1574;S1700,FALSE,N/A,FALSE,N/A,S314;S317;S316;S880;S1595;S1574;S1700
RR2025M,sheamus,Sheamus,,,,,S314;S317;S316;S776;S1595;S1700,FALSE,N/A,FALSE,N/A,S314;S317;S316;S776;S1595;S1700
RR2025M,jimmy-uso,Jimmy Uso,,,,,S314;S317;S316;S802;S1562;S1700,FALSE,N/A,FALSE,N/A,S314;S317;S316;S802;S1562;S1700
RR2025M,andrade,Andrade,,,,,S314;S317;S316;S834;S1564;S1700,FALSE,N/A,FALSE,N/A,S314;S317;S316;S834;S1564;S1700
RR2025M,jacob-fatu,Jacob Fatu,,,,,S314;S317;S316;S532;S529;S881;S1575;S1700,FALSE,N/A,FALSE,N/A,S314;S317;S316;S532;S529;S881;S1575;S1700
RR2025M,ludwig-kaiser,Ludwig Kaiser,,,,,S314;S317;S316;S873;S1595;S1700,FALSE,N/A,FALSE,N/A,S314;S317;S316;S873;S1595;S1700
RR2025M,the-miz,The Miz,,,,,S314;S317;S316;S749;S1595;S1700,FALSE,N/A,FALSE,N/A,S314;S317;S316;S749;S1595;S1700
RR2025M,joe-hendry,Joe Hendry,,,,,S314;S317;S316;S320;S321;S322;S882;S1595;S1700,FALSE,N/A,FALSE,N/A,S314;S317;S316;S320;S321;S322;S882;S1595;S1700
RR2025M,roman-reigns,Roman Reigns,,,,,S314;S317;S316;S804;S1577;S1700,FALSE,N/A,FALSE,N/A,S314;S317;S316;S804;S1577;S1700
RR2025M,drew-mcintyre,Drew McIntyre,,,,,S314;S317;S316;S778;S1595;S1700,FALSE,N/A,FALSE,N/A,S314;S317;S316;S778;S1595;S1700
RR2025M,finn-balor,Finn Balor,,,,,S314;S317;S316;S532;S832;S1551;S1700,FALSE,N/A,FALSE,N/A,S314;S317;S316;S532;S832;S1551;S1700
RR2025M,shinsuke-nakamura,Shinsuke Nakamura,,,,,S314;S317;S316;S320;S321;S322;S835;S1566;S1700,FALSE,N/A,FALSE,N/A,S314;S317;S316;S320;S321;S322;S835;S1566;S1700
RR2025M,jey-uso,Jey Uso,,,,,S314;S317;S316;S790;S1561;S1700,FALSE,N/A,FALSE,N/A,S314;S317;S316;S790;S1561;S1700
RR2025M,aj-styles,AJ Styles,,,,,S314;S317;S316;S815;S1578;S1700,FALSE,N/A,TRUE,approximately 4 months (foot injury),S314;S317;S316;S815;S1578;S1700;S1717
RR2025M,braun-strowman,Braun Strowman,,,,,S314;S317;S316;S818;S1557;S1700,FALSE,N/A,FALSE,N/A,S314;S317;S316;S818;S1557;S1700
RR2025M,john-cena,John Cena,,,,,S314;S317;S316;S068;S069;S494;S490;S702;S1579;S1700,FALSE,N/A,FALSE,N/A,S314;S317;S316;S068;S069;S494;S490;S702;S1579;S1700
RR2025M,cm-punk,CM Punk,,,,,S314;S317;S316;S744;S1595;S1700,FALSE,N/A,FALSE,N/A,S314;S317;S316;S744;S1595;S1700
RR2025M,seth-rollins,Seth Rollins,,,,,S314;S317;S316;S800;S1546;S1700,FALSE,N/A,FALSE,N/A,S314;S317;S316;S800;S1546;S1700
RR2025M,dominik-mysterio,Dominik Mysterio,,,,,S314;S317;S316;S532;S855;S1549;S1700,FALSE,N/A,FALSE,N/A,S314;S317;S316;S532;S855;S1549;S1700
RR2025M,sami-zayn,Sami Zayn,,,,,S314;S317;S316;S820;S1573;S1700,FALSE,N/A,FALSE,N/A,S314;S317;S316;S820;S1573;S1700
RR2025M,damian-priest,Damian Priest,,,,,S314;S317;S316;S853;S1553;S1700,FALSE,N/A,FALSE,N/A,S314;S317;S316;S853;S1553;S1700
RR2025M,la-knight,LA Knight,,,,,S314;S317;S316;S883;S1595;S1700,FALSE,N/A,FALSE,N/A,S314;S317;S316;S883;S1595;S1700
RR2025M,logan-paul,Logan Paul,,,,,S314;S317;S316;S870;S1559;S1700,FALSE,N/A,FALSE,N/A,S314;S317;S316;S870;S1559;S1700
RR2025M,akira-tozawa,Akira Tozawa,,,,,S314;S317;S316;S532;S884;S1595;S1700,FALSE,N/A,FALSE,N/A,S314;S317;S316;S532;S884;S1595;S1700
RR2025W,io-shirai,IYO SKY,,,,,S337;S340;S339;S944;S1030;S1682;S1700,FALSE,N/A,FALSE,N/A,S337;S340;S339;S944;S1030;S1682;S1700
RR2025W,liv-morgan,Liv Morgan,,,,,S337;S340;S339;S532;S913;S1000;S1682;S1700,FALSE,N/A,FALSE,N/A,S337;S340;S339;S532;S913;S1000;S1682;S1700
RR2025W,roxanne-perez,Roxanne Perez,,,,,S337;S340;S339;S968;S1054;S1682;S1700,FALSE,N/A,FALSE,N/A,S337;S340;S339;S968;S1054;S1682;S1700
RR2025W,lyra-valkyria,Lyra Valkyria,,,,,S337;S340;S339;S356;S357;S358;S359;S360;S361;S362;S980;S1682;S1700,FALSE,N/A,FALSE,N/A,S337;S340;S339;S356;S357;S358;S359;S360;S361;S362;S980;S1682;S1700
RR2025W,chelsea-green,Chelsea Green,,,,,S337;S340;S339;S356;S357;S358;S359;S360;S361;S362;S532;S951;S1037;S1643;S1700,FALSE,N/A,FALSE,N/A,S337;S340;S339;S356;S357;S358;S359;S360;S361;S362;S532;S951;S1037;S1643;S1700
RR2025W,b-fab,B-Fab,,,,,S337;S340;S339;S532;S967;S1053;S1682;S1700,FALSE,N/A,FALSE,N/A,S337;S340;S339;S532;S967;S1053;S1682;S1700
RR2025W,ivy-nile,Ivy Nile,,,,,S337;S340;S339;S974;S1060;S1682;S1700,FALSE,N/A,FALSE,N/A,S337;S340;S339;S974;S1060;S1682;S1700
RR2025W,zoey-stark,Zoey Stark,,,,,S337;S340;S339;S532;S969;S1055;S1682;S1700,FALSE,N/A,FALSE,N/A,S337;S340;S339;S532;S969;S1055;S1682;S1700
RR2025W,lash-legend,Lash Legend,,,,,S337;S340;S339;S532;S981;S1065;S1666;S1700,FALSE,N/A,FALSE,N/A,S337;S340;S339;S532;S981;S1065;S1666;S1700
RR2025W,bianca-belair,Bianca Belair,,,,,S337;S340;S339;S356;S357;S358;S359;S360;S361;S362;S532;S947;S1033;S1682;S1700,FALSE,N/A,FALSE,N/A,S337;S340;S339;S356;S357;S358;S359;S360;S361;S362;S532;S947;S1033;S1682;S1700
RR2025W,shayna-baszler,Shayna Baszler,,,,,S337;S340;S339;S532;S956;S1042;S1682;S1700,FALSE,N/A,FALSE,N/A,S337;S340;S339;S532;S956;S1042;S1682;S1700
RR2025W,bayley,Bayley,,,,,S337;S340;S339;S931;S1018;S1624;S1700,FALSE,N/A,FALSE,N/A,S337;S340;S339;S931;S1018;S1624;S1700
RR2025W,sonya-deville,Sonya Deville,,,,,S337;S340;S339;S532;S912;S999;S1606;S1700,FALSE,N/A,FALSE,N/A,S337;S340;S339;S532;S912;S999;S1606;S1700
RR2025W,maxxine-dupri,Maxxine Dupri,,,,,S337;S340;S339;S976;S1062;S1663;S1700,FALSE,N/A,FALSE,N/A,S337;S340;S339;S976;S1062;S1663;S1700
RR2025W,naomi,Naomi,,,,,S337;S340;S339;S356;S357;S358;S359;S360;S361;S362;S532;S922;S1009;S1615;S1700,FALSE,N/A,FALSE,N/A,S337;S340;S339;S356;S357;S358;S359;S360;S361;S362;S532;S922;S1009;S1615;S1700
RR2025W,jaida-parker,Jaida Parker,,,,,S337;S340;S339;S982;S1066;S1667;S1700,FALSE,N/A,FALSE,N/A,S337;S340;S339;S982;S1066;S1667;S1700
RR2025W,piper-niven,Piper Niven,,,,,S337;S340;S339;S532;S970;S1056;S1682;S1700,FALSE,N/A,FALSE,N/A,S337;S340;S339;S532;S970;S1056;S1682;S1700
RR2025W,natalya,Natalya,,,,,S337;S340;S339;S920;S1007;S1613;S1700,FALSE,N/A,FALSE,N/A,S337;S340;S339;S920;S1007;S1613;S1700
RR2025W,jordynne-grace,Jordynne Grace,,,,,S337;S340;S339;S973;S1059;S1682;S1700,FALSE,N/A,FALSE,N/A,S337;S340;S339;S973;S1059;S1682;S1700
RR2025W,mia-yim,Michin,,,,,S337;S340;S339;S532;S949;S1035;S1641;S1700,FALSE,N/A,FALSE,N/A,S337;S340;S339;S532;S949;S1035;S1641;S1700
RR2025W,alexa-bliss,Alexa Bliss,,,,,S337;S340;S339;S946;S1032;S1682;S1700,FALSE,N/A,TRUE,approximately 2 years away from WWE competition,S337;S340;S339;S946;S1032;S1682;S1700;S1717
RR2025W,zelina-vega,Zelina Vega,,,,,S337;S340;S339;S943;S1075;S1682;S1700,FALSE,N/A,FALSE,N/A,S337;S340;S339;S943;S1075;S1682;S1700
RR2025W,candice-lerae,Candice LeRae,,,,,S337;S340;S339;S356;S357;S358;S359;S360;S361;S362;S940;S1027;S1633;S1700,FALSE,N/A,FALSE,N/A,S337;S340;S339;S356;S357;S358;S359;S360;S361;S362;S940;S1027;S1633;S1700
RR2025W,stephanie-vaquer,Stephanie Vaquer,,,,,S337;S340;S339;S983;S1067;S1682;S1700,FALSE,N/A,FALSE,N/A,S337;S340;S339;S983;S1067;S1682;S1700
RR2025W,trish-stratus,Trish Stratus,,,,,S337;S340;S339;S932;S1019;S1625;S1700,FALSE,N/A,TRUE,UNKNOWN,S337;S340;S339;S932;S1019;S1625;S1700;S1717
RR2025W,raquel-rodriguez,Raquel Rodriguez,,,,,S337;S340;S339;S532;S1057;S971;S1682;S1700,FALSE,N/A,FALSE,N/A,S337;S340;S339;S532;S1057;S971;S1682;S1700
RR2025W,charlotte-flair,Charlotte Flair,,,,,S337;S340;S339;S938;S1025;S1631;S1700,FALSE,N/A,TRUE,more than 1 year (knee injury),S337;S340;S339;S938;S1025;S1631;S1700;S1717
RR2025W,giulia,Giulia,,,,,S337;S340;S339;S356;S357;S358;S359;S360;S361;S362;S984;S1068;S1669;S1700,FALSE,N/A,FALSE,N/A,S337;S340;S339;S356;S357;S358;S359;S360;S361;S362;S984;S1068;S1669;S1700
RR2025W,nia-jax,Nia Jax,,,,,S337;S340;S339;S924;S1011;S1682;S1700,FALSE,N/A,FALSE,N/A,S337;S340;S339;S924;S1011;S1682;S1700
RR2025W,nikki-bella,Nikki Bella,,,,,S337;S340;S339;S929;S1016;S1622;S1700,FALSE,N/A,TRUE,UNKNOWN,S337;S340;S339;S929;S1016;S1622;S1700;S1717
RR2026M,oba-femi,Oba Femi,,,,,S363;S364;S365;S366;S885;S1596;S1700,FALSE,N/A,FALSE,N/A,S363;S364;S365;S366;S885;S1596;S1700
RR2026M,bron-breakker,Bron Breakker,,,,,S363;S364;S365;S366;S533;S876;S1596;S1700,FALSE,N/A,FALSE,N/A,S363;S364;S365;S366;S533;S876;S1596;S1700
RR2026M,solo-sikoa,Solo Sikoa,,,,,S363;S364;S365;S366;S533;S886;S1583;S1700,FALSE,N/A,FALSE,N/A,S363;S364;S365;S366;S533;S886;S1583;S1700
RR2026M,rey-mysterio,Rey Mysterio,,,,,S363;S364;S365;S366;S068;S069;S436;S695;S1596;S1700,FALSE,N/A,FALSE,N/A,S363;S364;S365;S366;S068;S069;S436;S695;S1596;S1700
RR2026M,rusev,Rusev,,,,,S363;S364;S365;S366;S801;S1596;S1700,FALSE,N/A,FALSE,N/A,S363;S364;S365;S366;S801;S1596;S1700
RR2026M,zack-ryder,Matt Cardona,,,,,S363;S364;S365;S366;S533;S766;S1596;S1700,FALSE,N/A,FALSE,N/A,S363;S364;S365;S366;S533;S766;S1596;S1700
RR2026M,damian-priest,Damian Priest,,,,,S363;S364;S365;S366;S853;S1553;S1700,FALSE,N/A,FALSE,N/A,S363;S364;S365;S366;S853;S1553;S1700
RR2026M,jevon-evans,Je'Von Evans,,,,,S363;S364;S365;S366;S887;S1596;S1700,FALSE,N/A,FALSE,N/A,S363;S364;S365;S366;S887;S1596;S1700
RR2026M,mr-iguana,Mr. Iguana,,,,,S363;S364;S365;S366;S888;S1596;S1700,FALSE,N/A,FALSE,N/A,S363;S364;S365;S366;S888;S1596;S1700
RR2026M,trick-williams,Trick Williams,,,,,S363;S364;S365;S366;S889;S902;S1587;S1700,FALSE,N/A,FALSE,N/A,S363;S364;S365;S366;S889;S902;S1587;S1700
RR2026M,cody-rhodes,Cody Rhodes,,,,,S363;S364;S365;S366;S753;S1560;S1596;S1700,FALSE,N/A,FALSE,N/A,S363;S364;S365;S366;S753;S1560;S1596;S1700
RR2026M,el-grande-americano-ii,El Grande Americano,,,,,S363;S364;S365;S366;S533;S890;S1596;S1700,FALSE,N/A,FALSE,N/A,S363;S364;S365;S366;S533;S890;S1596;S1700
RR2026M,el-grande-americano-i,Original El Grande Americano,,,,,S363;S364;S365;S366;S533;S891;S1596;S1700,FALSE,N/A,FALSE,N/A,S363;S364;S365;S366;S533;S891;S1596;S1700
RR2026M,powerhouse-hobbs,Royce Keys,TRUE,,,,S363;S364;S365;S366;S533;S892;S1588;S1700,TRUE,2026-01-31,FALSE,N/A,S363;S364;S365;S366;S533;S892;S1588;S1700;S1723;S1724
RR2026M,austin-theory,Austin Theory,,,,,S363;S364;S365;S366;S533;S856;S901;S1596;S1700,FALSE,N/A,FALSE,N/A,S363;S364;S365;S366;S533;S856;S901;S1596;S1700
RR2026M,bronson-reed,Bronson Reed,,,,,S363;S364;S365;S366;S533;S874;S1596;S1700,FALSE,N/A,FALSE,N/A,S363;S364;S365;S366;S533;S874;S1596;S1700
RR2026M,ilja-dragunov,Ilja Dragunov,,,,,S363;S364;S365;S366;S893;S1596;S1700,FALSE,N/A,FALSE,N/A,S363;S364;S365;S366;S893;S1596;S1700
RR2026M,la-parka-iii,La Parka,,,,,S363;S364;S365;S366;S533;S1596;S1698;S1700,FALSE,N/A,FALSE,N/A,S363;S364;S365;S366;S533;S1596;S1698;S1700
RR2026M,dragon-lee,Dragon Lee,,,,,S363;S364;S365;S366;S895;S1596;S1700,FALSE,N/A,FALSE,N/A,S363;S364;S365;S366;S895;S1596;S1700
RR2026M,logan-paul,Logan Paul,,,,,S363;S364;S365;S366;S533;S870;S1596;S1700,FALSE,N/A,FALSE,N/A,S363;S364;S365;S366;S533;S870;S1596;S1700
RR2026M,la-knight,LA Knight,,,,,S363;S364;S365;S366;S883;S1596;S1700,FALSE,N/A,TRUE,approximately 2 months (storyline injury),S363;S364;S365;S366;S883;S1596;S1700;S1718
RR2026M,brock-lesnar,Brock Lesnar,,,,,S363;S364;S365;S366;S065;S066;S707;S1543;S1700,FALSE,N/A,FALSE,N/A,S363;S364;S365;S366;S065;S066;S707;S1543;S1700
RR2026M,the-miz,The Miz,,,,,S363;S364;S365;S366;S749;S1596;S1700,FALSE,N/A,FALSE,N/A,S363;S364;S365;S366;S749;S1596;S1700
RR2026M,rey-fenix,Rey Fenix,,,,,S363;S364;S365;S366;S896;S1596;S1700,FALSE,N/A,FALSE,N/A,S363;S364;S365;S366;S896;S1596;S1700
RR2026M,jey-uso,Jey Uso,,,,,S363;S364;S365;S366;S396;S397;S398;S399;S401;S790;S1561;S1700;S1704;S1709,FALSE,N/A,FALSE,N/A,S363;S364;S365;S366;S396;S397;S398;S399;S401;S790;S1561;S1700;S1704;S1709
RR2026M,roman-reigns,Roman Reigns,,,,,S363;S364;S365;S366;S804;S1577;S1700,FALSE,N/A,FALSE,N/A,S363;S364;S365;S366;S804;S1577;S1700
RR2026M,jacob-fatu,Jacob Fatu,,,,,S363;S364;S365;S366;S881;S1575;S1700,FALSE,N/A,FALSE,N/A,S363;S364;S365;S366;S881;S1575;S1700
RR2026M,penta,Penta,,,,,S363;S364;S365;S366;S879;S1596;S1700,FALSE,N/A,FALSE,N/A,S363;S364;S365;S366;S879;S1596;S1700
RR2026M,randy-orton,Randy Orton,,,,,S363;S364;S365;S366;S067;S073;S040;S052;S042;S481;S489;S485;S709;S1592;S1700,FALSE,N/A,FALSE,N/A,S363;S364;S365;S366;S067;S073;S040;S052;S042;S481;S489;S485;S709;S1592;S1700
RR2026M,gunther,Gunther,,,,,S363;S364;S365;S366;S867;S1596;S1700,FALSE,N/A,FALSE,N/A,S363;S364;S365;S366;S867;S1596;S1700
RR2026W,charlotte-flair,Charlotte Flair,,,,,S403;S404;S405;S406;S533;S938;S1025;S1683;S1700,FALSE,N/A,FALSE,N/A,S403;S404;S405;S406;S533;S938;S1025;S1683;S1700
RR2026W,alexa-bliss,Alexa Bliss,,,,,S403;S404;S405;S406;S533;S946;S1032;S1683;S1700,FALSE,N/A,FALSE,N/A,S403;S404;S405;S406;S533;S946;S1032;S1683;S1700
RR2026W,kiana-james,Kiana James,,,,,S403;S404;S405;S406;S985;S1069;S1683;S1700,FALSE,N/A,FALSE,N/A,S403;S404;S405;S406;S985;S1069;S1683;S1700
RR2026W,nia-jax,Nia Jax,,,,,S403;S404;S405;S406;S924;S1011;S1683;S1700,FALSE,N/A,FALSE,N/A,S403;S404;S405;S406;S924;S1011;S1683;S1700
RR2026W,ivy-nile,Ivy Nile,,,,,S403;S404;S405;S406;S974;S1060;S1683;S1700,FALSE,N/A,FALSE,N/A,S403;S404;S405;S406;S974;S1060;S1683;S1700
RR2026W,lola-vice,Lola Vice,,,,,S403;S404;S405;S406;S986;S1070;S1683;S1700,FALSE,N/A,FALSE,N/A,S403;S404;S405;S406;S986;S1070;S1683;S1700
RR2026W,candice-lerae,Candice LeRae,,,,,S403;S404;S405;S406;S940;S1027;S1633;S1700,FALSE,N/A,FALSE,N/A,S403;S404;S405;S406;S940;S1027;S1633;S1700
RR2026W,jordynne-grace,Jordynne Grace,,,,,S403;S404;S405;S406;S973;S1059;S1683;S1700,FALSE,N/A,FALSE,N/A,S403;S404;S405;S406;S973;S1059;S1683;S1700
RR2026W,becky-lynch,Becky Lynch,,,,,S403;S404;S405;S406;S425;S426;S427;S429;S430;S904;S991;S1598;S1700;S1706;S1707,FALSE,N/A,FALSE,N/A,S403;S404;S405;S406;S425;S426;S427;S429;S430;S904;S991;S1598;S1700;S1706;S1707
RR2026W,sol-ruca,Sol Ruca,,,,,S403;S404;S405;S406;S987;S1071;S1683;S1700,FALSE,N/A,FALSE,N/A,S403;S404;S405;S406;S987;S1071;S1683;S1700
RR2026W,roxanne-perez,Roxanne Perez,,,,,S403;S404;S405;S406;S533;S968;S1054;S1683;S1700,FALSE,N/A,FALSE,N/A,S403;S404;S405;S406;S533;S968;S1054;S1683;S1700
RR2026W,maxxine-dupri,Maxxine Dupri,,,,,S403;S404;S405;S406;S976;S1062;S1663;S1700,FALSE,N/A,FALSE,N/A,S403;S404;S405;S406;S976;S1062;S1663;S1700
RR2026W,natalya,Nattie,,,,,S403;S404;S405;S406;S533;S920;S1007;S1683;S1700,FALSE,N/A,FALSE,N/A,S403;S404;S405;S406;S533;S920;S1007;S1683;S1700
RR2026W,liv-morgan,Liv Morgan,,,,,S403;S404;S405;S406;S533;S913;S1000;S1683;S1700,FALSE,N/A,FALSE,N/A,S403;S404;S405;S406;S533;S913;S1000;S1683;S1700
RR2026W,lash-legend,Lash Legend,,,,,S403;S404;S405;S406;S981;S1065;S1683;S1700,FALSE,N/A,FALSE,N/A,S403;S404;S405;S406;S981;S1065;S1683;S1700
RR2026W,zelina-vega,Zelina,,,,,S403;S404;S405;S406;S533;S943;S1075;S1683;S1700,FALSE,N/A,FALSE,N/A,S403;S404;S405;S406;S533;S943;S1075;S1683;S1700
RR2026W,raquel-rodriguez,Raquel Rodriguez,,,,,S403;S404;S405;S406;S533;S1057;S971;S1683;S1700,FALSE,N/A,FALSE,N/A,S403;S404;S405;S406;S533;S1057;S971;S1683;S1700
RR2026W,chelsea-green,Chelsea Green,,,,,S403;S404;S405;S406;S425;S426;S427;S429;S430;S951;S1037;S1643;S1700;S1710,FALSE,N/A,FALSE,N/A,S403;S404;S405;S406;S425;S426;S427;S429;S430;S951;S1037;S1643;S1700;S1710
RR2026W,giulia,Giulia,,,,,S403;S404;S405;S406;S425;S426;S427;S429;S430;S984;S1068;S1669;S1700,FALSE,N/A,FALSE,N/A,S403;S404;S405;S406;S425;S426;S427;S429;S430;S984;S1068;S1669;S1700
RR2026W,io-shirai,IYO SKY,,,,,S403;S404;S405;S406;S425;S426;S427;S429;S430;S533;S944;S1030;S1683;S1700;S1706,FALSE,N/A,FALSE,N/A,S403;S404;S405;S406;S425;S426;S427;S429;S430;S533;S944;S1030;S1683;S1700;S1706
RR2026W,asuka,Asuka,,,,,S403;S404;S405;S406;S927;S1014;S1620;S1700,FALSE,N/A,FALSE,N/A,S403;S404;S405;S406;S927;S1014;S1620;S1700
RR2026W,rhea-ripley,Rhea Ripley,,,,,S403;S404;S405;S406;S425;S426;S427;S429;S430;S533;S945;S1031;S1683;S1700;S1706,FALSE,N/A,FALSE,N/A,S403;S404;S405;S406;S425;S426;S427;S429;S430;S533;S945;S1031;S1683;S1700;S1706
RR2026W,bayley,Bayley,,,,,S403;S404;S405;S406;S931;S1018;S1683;S1700,FALSE,N/A,FALSE,N/A,S403;S404;S405;S406;S931;S1018;S1683;S1700
RR2026W,jacy-jayne,Jacy Jayne,,,,,S403;S404;S405;S406;S425;S426;S427;S429;S430;S988;S1072;S1683;S1700;S1708;S1710,FALSE,N/A,FALSE,N/A,S403;S404;S405;S406;S425;S426;S427;S429;S430;S988;S1072;S1683;S1700;S1708;S1710
RR2026W,nikki-bella,Nikki Bella,,,,,S403;S404;S405;S406;S929;S1016;S1622;S1700,FALSE,N/A,FALSE,N/A,S403;S404;S405;S406;S929;S1016;S1622;S1700
RR2026W,lyra-valkyria,Lyra Valkyria,,,,,S403;S404;S405;S406;S980;S1683;S1700,FALSE,N/A,FALSE,N/A,S403;S404;S405;S406;S980;S1683;S1700
RR2026W,kelani-jordan,Kelani Jordan,,,,,S403;S404;S405;S406;S989;S1073;S1683;S1700,FALSE,N/A,FALSE,N/A,S403;S404;S405;S406;S989;S1073;S1683;S1700
RR2026W,kairi-sane,Kairi Sane,,,,,S403;S404;S405;S406;S908;S995;S1683;S1700,FALSE,N/A,FALSE,N/A,S403;S404;S405;S406;S908;S995;S1683;S1700
RR2026W,brie-bella,Brie Bella,,,,,S403;S404;S405;S406;S930;S1017;S1623;S1700,FALSE,N/A,TRUE,approximately 4 years away from WWE competition,S403;S404;S405;S406;S930;S1017;S1623;S1700;S1718
RR2026W,tiffany-stratton,Tiffany Stratton,,,,,S403;S404;S405;S406;S979;S1064;S1683;S1700,FALSE,N/A,TRUE,approximately 7 months (injury),S403;S404;S405;S406;S979;S1064;S1683;S1700;S1718
