event_id,wrestler_id,entry_number,music_start_ts,name_announced_ts,countdown_ts,first_movement_ts,leaves_stage_ts,reaches_ringside_ts,enters_ring_ts,entrance_duration_seconds,posed,ran,walked,special_entry_location,entrance_interrupted,video_source,reviewer,confidence,human_verified
RR1988M,butch-reed,3,,,1:57,,,,,,,,,,,S008,Cain A. Knight / Cageside Seats,HIGH,TRUE
RR1988M,jim-neidhart,4,,,3:35,,,,,,,,,,,S008,Cain A. Knight / Cageside Seats,HIGH,TRUE
RR1988M,jake-roberts,5,,,5:14,,,,,,,,,,,S008,Cain A. Knight / Cageside Seats,HIGH,TRUE
RR1988M,harley-race,6,,,6:44,,,,,,,,,,,S008,Cain A. Knight / Cageside Seats,HIGH,TRUE
RR1988M,jim-brunzell,7,,,8:12,,,,,,,,,,,S008,Cain A. Knight / Cageside Seats,HIGH,TRUE
RR1988M,sam-houston,8,,,9:41,,,,,,,,,,,S008,Cain A. Knight / Cageside Seats,HIGH,TRUE
RR1988M,danny-davis,9,,,11:11,,,,,,,,,,,S008,Cain A. Knight / Cageside Seats,HIGH,TRUE
RR1988M,boris-zhukov,10,,,12:41,,,,,,,,,,,S008,Cain A. Knight / Cageside Seats,HIGH,TRUE
RR1988M,don-muraco,11,,,14:40,,,,,,,,,,,S008,Cain A. Knight / Cageside Seats,HIGH,TRUE
RR1988M,nikolai-volkoff,12,,,16:40,,,,,,,,,,,S008,Cain A. Knight / Cageside Seats,HIGH,TRUE
RR1988M,jim-duggan,13,,,18:08,,,,,,,,,,,S008,Cain A. Knight / Cageside Seats,HIGH,TRUE
RR1988M,ron-bass,14,,,19:37,,,,,,,,,,,S008,Cain A. Knight / Cageside Seats,HIGH,TRUE
RR1988M,b-brian-blair,15,,,21:04,,,,,,,,,,,S008,Cain A. Knight / Cageside Seats,HIGH,TRUE
RR1988M,hillbilly-jim,16,,,22:35,,,,,,,,,,,S008,Cain A. Knight / Cageside Seats,HIGH,TRUE
RR1988M,dino-bravo,17,,,24:04,,,,,,,,,,,S008,Cain A. Knight / Cageside Seats,HIGH,TRUE
RR1988M,the-ultimate-warrior,18,,,25:30,,,,,,,,,,,S008,Cain A. Knight / Cageside Seats,HIGH,TRUE
RR1988M,one-man-gang,19,,,26:21,,,,,,,,,,,S008,Cain A. Knight / Cageside Seats,HIGH,TRUE
RR1988M,junkyard-dog,20,,,27:34,,,,,,,,,,,S008,Cain A. Knight / Cageside Seats,HIGH,TRUE
RR1989M,andre-the-giant,3,,,2:08,,,,,,,,,,,S012,Cain A. Knight / Cageside Seats,HIGH,TRUE
RR1989M,mr-perfect,4,,,4:10,,,,,,,,,,,S012,Cain A. Knight / Cageside Seats,HIGH,TRUE
RR1989M,ronnie-garvin,5,,,6:10,,,,,,,,,,,S012,Cain A. Knight / Cageside Seats,HIGH,TRUE
RR1989M,greg-valentine,6,,,8:11,,,,,,,,,,,S012,Cain A. Knight / Cageside Seats,HIGH,TRUE
RR1989M,jake-roberts,7,,,10:12,,,,,,,,,,,S012,Cain A. Knight / Cageside Seats,HIGH,TRUE
RR1989M,ron-bass,8,,,12:12,,,,,,,,,,,S012,Cain A. Knight / Cageside Seats,HIGH,TRUE
RR1989M,shawn-michaels,9,,,14:12,,,,,,,,,,,S012,Cain A. Knight / Cageside Seats,HIGH,TRUE
RR1989M,butch-miller,10,,,16:12,,,,,,,,,,,S012,Cain A. Knight / Cageside Seats,HIGH,TRUE
RR1989M,the-honky-tonk-man,11,,,18:12,,,,,,,,,,,S012,Cain A. Knight / Cageside Seats,HIGH,TRUE
RR1989M,tito-santana,12,,,20:12,,,,,,,,,,,S012,Cain A. Knight / Cageside Seats,HIGH,TRUE
RR1989M,bad-news-brown,13,,,22:12,,,,,,,,,,,S012,Cain A. Knight / Cageside Seats,HIGH,TRUE
RR1989M,marty-jannetty,14,,,24:12,,,,,,,,,,,S012,Cain A. Knight / Cageside Seats,HIGH,TRUE
RR1989M,randy-savage,15,,,26:13,,,,,,,,,,,S012,Cain A. Knight / Cageside Seats,HIGH,TRUE
RR1989M,arn-anderson,16,,,28:13,,,,,,,,,,,S012,Cain A. Knight / Cageside Seats,HIGH,TRUE
RR1989M,tully-blanchard,17,,,30:13,,,,,,,,,,,S012,Cain A. Knight / Cageside Seats,HIGH,TRUE
RR1989M,hulk-hogan,18,,,32:13,,,,,,,,,,,S012,Cain A. Knight / Cageside Seats,HIGH,TRUE
RR1989M,luke-williams,19,,,34:13,,,,,,,,,,,S012,Cain A. Knight / Cageside Seats,HIGH,TRUE
RR1989M,koko-b-ware,20,,,36:13,,,,,,,,,,,S012,Cain A. Knight / Cageside Seats,HIGH,TRUE
RR1989M,the-warlord,21,,,38:14,,,,,,,,,,,S012,Cain A. Knight / Cageside Seats,HIGH,TRUE
RR1989M,big-bossman,22,,,40:14,,,,,,,,,,,S012,Cain A. Knight / Cageside Seats,HIGH,TRUE
RR1989M,one-man-gang,23,,,42:17,,,,,,,,,,,S012,Cain A. Knight / Cageside Seats,HIGH,TRUE
RR1989M,brutus-beefcake,24,,,44:16,,,,,,,,,,,S012,Cain A. Knight / Cageside Seats,HIGH,TRUE
RR1989M,red-rooster,25,,,46:17,,,,,,,,,,,S012,Cain A. Knight / Cageside Seats,HIGH,TRUE
RR1989M,the-barbarian,26,,,48:18,,,,,,,,,,,S012,Cain A. Knight / Cageside Seats,HIGH,TRUE
RR1989M,big-john-studd,27,,,50:18,,,,,,,,,,,S012,Cain A. Knight / Cageside Seats,HIGH,TRUE
RR1989M,hercules,28,,,52:17,,,,,,,,,,,S012,Cain A. Knight / Cageside Seats,HIGH,TRUE
RR1989M,rick-martel,29,,,54:19,,,,,,,,,,,S012,Cain A. Knight / Cageside Seats,HIGH,TRUE
RR1989M,ted-dibiase,30,,,56:20,,,,,,,,,,,S012,Cain A. Knight / Cageside Seats,HIGH,TRUE
RR1990M,marty-jannetty,3,,,2:02,,,,2:10,8,,,,,,S1753,Cain A. Knight / Cageside Seats,HIGH,TRUE
RR1990M,jake-roberts,4,,,4:11,,,,4:38,27,,,,,,S1753,Cain A. Knight / Cageside Seats,HIGH,TRUE
RR1990M,randy-savage,5,,,6:08,,,,6:14,6,,,,,,S1753,Cain A. Knight / Cageside Seats,HIGH,TRUE
RR1990M,roddy-piper,6,,,7:54,,,,8:02,8,,,,,,S1753,Cain A. Knight / Cageside Seats,HIGH,TRUE
RR1990M,the-warlord,7,,,9:53,,,,10:12,19,,,,,,S1753,Cain A. Knight / Cageside Seats,HIGH,TRUE
RR1990M,bret-hart,8,,,11:53,,,,11:59,6,,,,,,S1753,Cain A. Knight / Cageside Seats,HIGH,TRUE
RR1990M,bad-news-brown,9,,,13:52,,,,14:12,20,,,,,,S1753,Cain A. Knight / Cageside Seats,HIGH,TRUE
RR1990M,dusty-rhodes,10,,,15:51,,,,15:59,8,,,,,,S1753,Cain A. Knight / Cageside Seats,HIGH,TRUE
RR1990M,andre-the-giant,11,,,17:51,,,,18:17,26,,,,,,S1753,Cain A. Knight / Cageside Seats,HIGH,TRUE
RR1990M,red-rooster,12,,,19:51,,,,19:59,8,,,,,,S1753,Cain A. Knight / Cageside Seats,HIGH,TRUE
RR1990M,ax,13,,,21:50,,,,21:56,6,,,,,,S1753,Cain A. Knight / Cageside Seats,HIGH,TRUE
RR1990M,haku,14,,,23:48,,,,23:55,7,,,,,,S1753,Cain A. Knight / Cageside Seats,HIGH,TRUE
RR1990M,smash,15,,,25:48,,,,25:52,4,,,,,,S1753,Cain A. Knight / Cageside Seats,HIGH,TRUE
RR1990M,one-man-gang,16,,,27:47,,,,28:00,13,,,,,,S1753,Cain A. Knight / Cageside Seats,HIGH,TRUE
RR1990M,jimmy-snuka,17,,,29:47,,,,30:03,16,,,,,,S1753,Cain A. Knight / Cageside Seats,HIGH,TRUE
RR1990M,dino-bravo,18,,,31:47,,,,31:58,11,,,,,,S1753,Cain A. Knight / Cageside Seats,HIGH,TRUE
RR1990M,earthquake,19,,,33:47,,,,34:01,14,,,,,,S1753,Cain A. Knight / Cageside Seats,HIGH,TRUE
RR1990M,jim-neidhart,20,,,35:47,,,,35:52,5,,,,,,S1753,Cain A. Knight / Cageside Seats,HIGH,TRUE
RR1990M,the-ultimate-warrior,21,,,37:46,,,,37:51,5,,,,,,S1753,Cain A. Knight / Cageside Seats,HIGH,TRUE
RR1990M,rick-martel,22,,,39:47,,,,39:58,11,,,,,,S1753,Cain A. Knight / Cageside Seats,HIGH,TRUE
RR1990M,tito-santana,23,,,41:46,,,,41:51,5,,,,,,S1753,Cain A. Knight / Cageside Seats,HIGH,TRUE
RR1990M,the-honky-tonk-man,24,,,43:47,,,,44:01,14,,,,,,S1753,Cain A. Knight / Cageside Seats,HIGH,TRUE
RR1990M,hulk-hogan,25,,,45:47,,,,45:53,6,,,,,,S1753,Cain A. Knight / Cageside Seats,HIGH,TRUE
RR1990M,shawn-michaels,26,,,47:53,,,,47:59,6,,,,,,S1753,Cain A. Knight / Cageside Seats,HIGH,TRUE
RR1990M,the-barbarian,27,,,49:44,,,,49:47,3,,,,,,S1753,Cain A. Knight / Cageside Seats,HIGH,TRUE
RR1990M,rick-rude,28,,,50:35,,,,50:35,0,,,,,,S1753,Cain A. Knight / Cageside Seats,HIGH,TRUE
RR1990M,hercules,29,,,52:56,,,,53:05,9,,,,,,S1753,Cain A. Knight / Cageside Seats,HIGH,TRUE
RR1990M,mr-perfect,30,,,55:05,,,,55:11,6,,,,,,S1753,Cain A. Knight / Cageside Seats,HIGH,TRUE
RR1991M,greg-valentine,3,,,2:01,,,,2:09,8,,,,,,S018,Cain A. Knight / Cageside Seats,HIGH,TRUE
RR1991M,paul-roma,4,,,4:02,,,,4:08,6,,,,,,S018,Cain A. Knight / Cageside Seats,HIGH,TRUE
RR1991M,texas-tornado,5,,,6:02,,,,6:07,5,,,,,,S018,Cain A. Knight / Cageside Seats,HIGH,TRUE
RR1991M,rick-martel,6,,,8:02,,,,8:07,5,,,,,,S018,Cain A. Knight / Cageside Seats,HIGH,TRUE
RR1991M,saba-simba,7,,,10:04,,,,10:11,7,,,,,,S018,Cain A. Knight / Cageside Seats,HIGH,TRUE
RR1991M,butch-miller,8,,,12:04,,,,12:21,17,,,,,,S018,Cain A. Knight / Cageside Seats,HIGH,TRUE
RR1991M,jake-roberts,9,,,14:04,,,,14:12,8,,,,,,S018,Cain A. Knight / Cageside Seats,HIGH,TRUE
RR1991M,hercules,10,,,16:05,,,,16:12,7,,,,,,S018,Cain A. Knight / Cageside Seats,HIGH,TRUE
RR1991M,tito-santana,11,,,18:05,,,,18:12,7,,,,,,S018,Cain A. Knight / Cageside Seats,HIGH,TRUE
RR1991M,the-undertaker,12,,,20:05,,,,20:28,23,,,,,,S018,Cain A. Knight / Cageside Seats,HIGH,TRUE
RR1991M,jimmy-snuka,13,,,22:06,,,,22:22,16,,,,,,S018,Cain A. Knight / Cageside Seats,HIGH,TRUE
RR1991M,british-bulldog,14,,,24:06,,,,24:12,6,,,,,,S018,Cain A. Knight / Cageside Seats,HIGH,TRUE
RR1991M,smash,15,,,26:07,,,,26:14,7,,,,,,S018,Cain A. Knight / Cageside Seats,HIGH,TRUE
RR1991M,hawk,16,,,28:07,,,,28:12,5,,,,,,S018,Cain A. Knight / Cageside Seats,HIGH,TRUE
RR1991M,shane-douglas,17,,,30:07,,,,30:14,7,,,,,,S018,Cain A. Knight / Cageside Seats,HIGH,TRUE
RR1991M,randy-savage,18,,,32:08,,,,,,,,,,,S018,Cain A. Knight / Cageside Seats,HIGH,TRUE
RR1991M,animal,19,,,34:08,,,,34:13,5,,,,,,S018,Cain A. Knight / Cageside Seats,HIGH,TRUE
RR1991M,demolition-crush,20,,,36:09,,,,36:16,7,,,,,,S018,Cain A. Knight / Cageside Seats,HIGH,TRUE
RR1991M,jim-duggan,21,,,38:09,,,,38:20,11,,,,,,S018,Cain A. Knight / Cageside Seats,HIGH,TRUE
RR1991M,earthquake,22,,,40:09,,,,40:31,22,,,,,,S018,Cain A. Knight / Cageside Seats,HIGH,TRUE
RR1991M,mr-perfect,23,,,42:09,,,,42:46,37,,,,,,S018,Cain A. Knight / Cageside Seats,HIGH,TRUE
RR1991M,hulk-hogan,24,,,44:09,,,,44:18,9,,,,,,S018,Cain A. Knight / Cageside Seats,HIGH,TRUE
RR1991M,haku,25,,,46:11,,,,46:20,9,,,,,,S018,Cain A. Knight / Cageside Seats,HIGH,TRUE
RR1991M,jim-neidhart,26,,,48:11,,,,48:18,7,,,,,,S018,Cain A. Knight / Cageside Seats,HIGH,TRUE
RR1991M,luke-williams,27,,,50:12,,,,50:37,25,,,,,,S018,Cain A. Knight / Cageside Seats,HIGH,TRUE
RR1991M,brian-knobbs,28,,,52:13,,,,52:21,8,,,,,,S018,Cain A. Knight / Cageside Seats,HIGH,TRUE
RR1991M,the-warlord,29,,,54:13,,,,54:20,7,,,,,,S018,Cain A. Knight / Cageside Seats,HIGH,TRUE
RR1991M,tugboat,30,,,56:13,,,,56:21,8,,,,,,S018,Cain A. Knight / Cageside Seats,HIGH,TRUE
RR1992M,ric-flair,3,,,1:49,,,,2:31,42,,,,,,S020,Cain A. Knight / Cageside Seats,HIGH,TRUE
RR1992M,jerry-sags,4,,,3:57,,,,4:20,23,,,,,,S020,Cain A. Knight / Cageside Seats,HIGH,TRUE
RR1992M,haku,5,,,5:58,,,,6:08,10,,,,,,S020,Cain A. Knight / Cageside Seats,HIGH,TRUE
RR1992M,shawn-michaels,6,,,8:04,,,,8:19,15,,,,,,S020,Cain A. Knight / Cageside Seats,HIGH,TRUE
RR1992M,tito-santana,7,,,10:03,,,,10:11,8,,,,,,S020,Cain A. Knight / Cageside Seats,HIGH,TRUE
RR1992M,the-barbarian,8,,,12:05,,,,12:17,12,,,,,,S020,Cain A. Knight / Cageside Seats,HIGH,TRUE
RR1992M,texas-tornado,9,,,14:07,,,,14:26,19,,,,,,S020,Cain A. Knight / Cageside Seats,HIGH,TRUE
RR1992M,smash,10,,,16:07,,,,16:32,25,,,,,,S020,Cain A. Knight / Cageside Seats,HIGH,TRUE
RR1992M,greg-valentine,11,,,18:08,,,,18:16,8,,,,,,S020,Cain A. Knight / Cageside Seats,HIGH,TRUE
RR1992M,nikolai-volkoff,12,,,20:09,,,,20:23,14,,,,,,S020,Cain A. Knight / Cageside Seats,HIGH,TRUE
RR1992M,big-bossman,13,,,22:09,,,,22:15,6,,,,,,S020,Cain A. Knight / Cageside Seats,HIGH,TRUE
RR1992M,hercules,14,,,24:10,,,,24:21,11,,,,,,S020,Cain A. Knight / Cageside Seats,HIGH,TRUE
RR1992M,roddy-piper,15,,,26:21,,,,26:31,10,,,,,,S020,Cain A. Knight / Cageside Seats,HIGH,TRUE
RR1992M,jake-roberts,16,,,28:21,,,,28:34,13,,,,,,S020,Cain A. Knight / Cageside Seats,HIGH,TRUE
RR1992M,jim-duggan,17,,,30:23,,,,30:41,18,,,,,,S020,Cain A. Knight / Cageside Seats,HIGH,TRUE
RR1992M,irwin-r-schyster,18,,,32:24,,,,32:47,23,,,,,,S020,Cain A. Knight / Cageside Seats,HIGH,TRUE
RR1992M,jimmy-snuka,19,,,34:25,,,,34:45,20,,,,,,S020,Cain A. Knight / Cageside Seats,HIGH,TRUE
RR1992M,the-undertaker,20,,,36:27,,,,37:06,39,,,,,,S020,Cain A. Knight / Cageside Seats,HIGH,TRUE
RR1992M,randy-savage,21,,,38:28,,,,38:35,7,,,,,,S020,Cain A. Knight / Cageside Seats,HIGH,TRUE
RR1992M,the-berzerker,22,,,41:49,,,,42:06,17,,,,,,S020,Cain A. Knight / Cageside Seats,HIGH,TRUE
RR1992M,virgil,23,,,43:51,,,,43:58,7,,,,,,S020,Cain A. Knight / Cageside Seats,HIGH,TRUE
RR1992M,col-mustafa,24,,,45:51,,,,46:12,21,,,,,,S020,Cain A. Knight / Cageside Seats,HIGH,TRUE
RR1992M,rick-martel,25,,,47:52,,,,47:59,7,,,,,,S020,Cain A. Knight / Cageside Seats,HIGH,TRUE
RR1992M,hulk-hogan,26,,,49:52,,,,50:02,10,,,,,,S020,Cain A. Knight / Cageside Seats,HIGH,TRUE
RR1992M,skinner,27,,,51:53,,,,52:04,11,,,,,,S020,Cain A. Knight / Cageside Seats,HIGH,TRUE
RR1992M,sgt-slaughter,28,,,53:56,,,,54:19,23,,,,,,S020,Cain A. Knight / Cageside Seats,HIGH,TRUE
RR1992M,sid-justice,29,,,55:56,,,,56:06,10,,,,,,S020,Cain A. Knight / Cageside Seats,HIGH,TRUE
RR1992M,the-warlord,30,,,57:59,,,,58:31,32,,,,,,S020,Cain A. Knight / Cageside Seats,HIGH,TRUE
RR1993M,papa-shango,3,,,2:01,,,,2:09,8,,,,,,S027,Cain A. Knight / Cageside Seats,HIGH,TRUE
RR1993M,ted-dibiase,4,,,4:04,,,,4:11,7,,,,,,S027,Cain A. Knight / Cageside Seats,HIGH,TRUE
RR1993M,brian-knobbs,5,,,5:58,,,,6:03,5,,,,,,S027,Cain A. Knight / Cageside Seats,HIGH,TRUE
RR1993M,virgil,6,,,8:01,,,,8:06,5,,,,,,S027,Cain A. Knight / Cageside Seats,HIGH,TRUE
RR1993M,jerry-lawler,7,,,10:06,,,,10:20,14,,,,,,S027,Cain A. Knight / Cageside Seats,HIGH,TRUE
RR1993M,max-moon,8,,,11:59,,,,12:05,6,,,,,,S027,Cain A. Knight / Cageside Seats,HIGH,TRUE
RR1993M,genichiro-tenryu,9,,,14:06,,,,14:14,8,,,,,,S027,Cain A. Knight / Cageside Seats,HIGH,TRUE
RR1993M,mr-perfect,10,,,16:07,,,,16:15,8,,,,,,S027,Cain A. Knight / Cageside Seats,HIGH,TRUE
RR1993M,skinner,11,,,18:08,,,,18:16,8,,,,,,S027,Cain A. Knight / Cageside Seats,HIGH,TRUE
RR1993M,koko-b-ware,12,,,20:10,,,,20:17,7,,,,,,S027,Cain A. Knight / Cageside Seats,HIGH,TRUE
RR1993M,samu,13,,,22:10,,,,22:19,9,,,,,,S027,Cain A. Knight / Cageside Seats,HIGH,TRUE
RR1993M,the-berzerker,14,,,24:10,,,,24:22,12,,,,,,S027,Cain A. Knight / Cageside Seats,HIGH,TRUE
RR1993M,the-undertaker,15,,,26:12,,,,26:38,26,,,,,,S027,Cain A. Knight / Cageside Seats,HIGH,TRUE
RR1993M,red-rooster,16,,,28:16,,,,28:24,8,,,,,,S027,Cain A. Knight / Cageside Seats,HIGH,TRUE
RR1993M,damien-demento,17,,,30:19,,,,33:40,201,,,,,,S027,Cain A. Knight / Cageside Seats,HIGH,TRUE
RR1993M,irwin-r-schyster,18,,,32:25,,,,33:40,75,,,,,,S027,Cain A. Knight / Cageside Seats,HIGH,TRUE
RR1993M,tatanka,19,,,34:28,,,,34:33,5,,,,,,S027,Cain A. Knight / Cageside Seats,HIGH,TRUE
RR1993M,jerry-sags,20,,,36:30,,,,36:36,6,,,,,,S027,Cain A. Knight / Cageside Seats,HIGH,TRUE
RR1993M,tugboat,21,,,38:33,,,,38:40,7,,,,,,S027,Cain A. Knight / Cageside Seats,HIGH,TRUE
RR1993M,fatu,22,,,40:37,,,,40:50,13,,,,,,S027,Cain A. Knight / Cageside Seats,HIGH,TRUE
RR1993M,earthquake,23,,,42:42,,,,42:55,13,,,,,,S027,Cain A. Knight / Cageside Seats,HIGH,TRUE
RR1993M,carlos-colon,24,,,44:54,,,,45:03,9,,,,,,S027,Cain A. Knight / Cageside Seats,HIGH,TRUE
RR1993M,tito-santana,25,,,47:00,,,,47:06,6,,,,,,S027,Cain A. Knight / Cageside Seats,HIGH,TRUE
RR1993M,rick-martel,26,,,49:03,,,,49:10,7,,,,,,S027,Cain A. Knight / Cageside Seats,HIGH,TRUE
RR1993M,yokozuna,27,,,51:08,,,,51:45,37,,,,,,S027,Cain A. Knight / Cageside Seats,HIGH,TRUE
RR1993M,owen-hart,28,,,53:12,,,,53:18,6,,,,,,S027,Cain A. Knight / Cageside Seats,HIGH,TRUE
RR1993M,smash,29,,,55:20,,,,55:30,10,,,,,,S027,Cain A. Knight / Cageside Seats,HIGH,TRUE
RR1993M,randy-savage,30,,,57:25,,,,57:37,12,,,,,,S027,Cain A. Knight / Cageside Seats,HIGH,TRUE
RR1994M,rick-steiner,3,,,1:32,,,,1:52,20,,,,,,S1754,Cain A. Knight / Cageside Seats,HIGH,TRUE
RR1994M,kwang,4,,,3:09,,,,3:26,17,,,,,,S1754,Cain A. Knight / Cageside Seats,HIGH,TRUE
RR1994M,owen-hart,5,,,4:43,,,,4:59,16,,,,,,S1754,Cain A. Knight / Cageside Seats,HIGH,TRUE
RR1994M,bart-gunn,6,,,6:17,,,,6:27,10,,,,,,S1754,Cain A. Knight / Cageside Seats,HIGH,TRUE
RR1994M,diesel,7,,,7:53,,,,8:17,24,,,,,,S1754,Cain A. Knight / Cageside Seats,HIGH,TRUE
RR1994M,bob-backlund,8,,,9:29,,,,9:38,9,,,,,,S1754,Cain A. Knight / Cageside Seats,HIGH,TRUE
RR1994M,billy-gunn,9,,,11:05,,,,11:13,8,,,,,,S1754,Cain A. Knight / Cageside Seats,HIGH,TRUE
RR1994M,virgil,10,,,12:35,,,,12:43,8,,,,,,S1754,Cain A. Knight / Cageside Seats,HIGH,TRUE
RR1994M,randy-savage,11,,,14:07,,,,14:31,24,,,,,,S1754,Cain A. Knight / Cageside Seats,HIGH,TRUE
RR1994M,jeff-jarrett,12,,,15:47,,,,15:56,9,,,,,,S1754,Cain A. Knight / Cageside Seats,HIGH,TRUE
RR1994M,demolition-crush,13,,,17:21,,,,17:33,12,,,,,,S1754,Cain A. Knight / Cageside Seats,HIGH,TRUE
RR1994M,doink,14,,,18:53,,,,19:25,32,,,,,,S1754,Cain A. Knight / Cageside Seats,HIGH,TRUE
RR1994M,bam-bam-bigelow,15,,,20:29,,,,20:51,22,,,,,,S1754,Cain A. Knight / Cageside Seats,HIGH,TRUE
RR1994M,mabel,16,,,22:01,,,,22:35,34,,,,,,S1754,Cain A. Knight / Cageside Seats,HIGH,TRUE
RR1994M,sparky-plugg,17,,,23:38,,,,23:46,8,,,,,,S1754,Cain A. Knight / Cageside Seats,HIGH,TRUE
RR1994M,shawn-michaels,18,,,25:11,,,,25:23,12,,,,,,S1754,Cain A. Knight / Cageside Seats,HIGH,TRUE
RR1994M,mo,19,,,26:54,,,,27:08,14,,,,,,S1754,Cain A. Knight / Cageside Seats,HIGH,TRUE
RR1994M,greg-valentine,20,,,28:25,,,,28:34,9,,,,,,S1754,Cain A. Knight / Cageside Seats,HIGH,TRUE
RR1994M,tatanka,21,,,29:59,,,,30:07,8,,,,,,S1754,Cain A. Knight / Cageside Seats,HIGH,TRUE
RR1994M,great-kabuki,22,,,31:34,,,,31:53,19,,,,,,S1754,Cain A. Knight / Cageside Seats,HIGH,TRUE
RR1994M,lex-luger,23,,,33:07,,,,33:15,8,,,,,,S1754,Cain A. Knight / Cageside Seats,HIGH,TRUE
RR1994M,genichiro-tenryu,24,,,34:49,,,,35:08,19,,,,,,S1754,Cain A. Knight / Cageside Seats,HIGH,TRUE
RR1994M,bastion-booger,25,,,36:23,,,,,,,,,,,S1754,Cain A. Knight / Cageside Seats,HIGH,TRUE
RR1994M,rick-martel,26,,,37:58,,,,38:10,12,,,,,,S1754,Cain A. Knight / Cageside Seats,HIGH,TRUE
RR1994M,bret-hart,27,,,39:31,,,,40:06,35,,,,,,S1754,Cain A. Knight / Cageside Seats,HIGH,TRUE
RR1994M,fatu,28,,,41:12,,,,41:37,25,,,,,,S1754,Cain A. Knight / Cageside Seats,HIGH,TRUE
RR1994M,marty-jannetty,29,,,42:45,,,,42:53,8,,,,,,S1754,Cain A. Knight / Cageside Seats,HIGH,TRUE
RR1994M,adam-bomb,30,,,44:18,,,,44:54,36,,,,,,S1754,Cain A. Knight / Cageside Seats,HIGH,TRUE
RR1995M,eli-blu,3,,,1:00,,,,1:14,14,,,,,,S030,Cain A. Knight / Cageside Seats,HIGH,TRUE
RR1995M,duke-droese,4,,,2:00,,,,2:07,7,,,,,,S030,Cain A. Knight / Cageside Seats,HIGH,TRUE
RR1995M,jimmy-del-ray,5,,,3:00,,,,3:07,7,,,,,,S030,Cain A. Knight / Cageside Seats,HIGH,TRUE
RR1995M,headshrinker-sione,6,,,4:01,,,,4:14,13,,,,,,S030,Cain A. Knight / Cageside Seats,HIGH,TRUE
RR1995M,tom-prichard,7,,,5:00,,,,5:09,9,,,,,,S030,Cain A. Knight / Cageside Seats,HIGH,TRUE
RR1995M,doink-1995,8,,,6:01,,,,6:13,12,,,,,,S030,Cain A. Knight / Cageside Seats,HIGH,TRUE
RR1995M,kwang,9,,,7:00,,,,7:06,6,,,,,,S030,Cain A. Knight / Cageside Seats,HIGH,TRUE
RR1995M,rick-martel,10,,,8:01,,,,8:09,8,,,,,,S030,Cain A. Knight / Cageside Seats,HIGH,TRUE
RR1995M,owen-hart,11,,,9:01,,,,10:06,65,,,,,,S030,Cain A. Knight / Cageside Seats,HIGH,TRUE
RR1995M,timothy-well,12,,,10:01,,,,10:11,10,,,,,,S030,Cain A. Knight / Cageside Seats,HIGH,TRUE
RR1995M,luke-williams,13,,,11:01,,,,11:14,13,,,,,,S030,Cain A. Knight / Cageside Seats,HIGH,TRUE
RR1995M,jacob-blu,14,,,12:01,,,,12:07,6,,,,,,S030,Cain A. Knight / Cageside Seats,HIGH,TRUE
RR1995M,king-kong-bundy,15,,,13:01,,,,13:19,18,,,,,,S030,Cain A. Knight / Cageside Seats,HIGH,TRUE
RR1995M,mo,16,,,14:01,,,,14:07,6,,,,,,S030,Cain A. Knight / Cageside Seats,HIGH,TRUE
RR1995M,mabel,17,,,15:01,,,,15:21,20,,,,,,S030,Cain A. Knight / Cageside Seats,HIGH,TRUE
RR1995M,butch-miller,18,,,16:01,,,,16:16,15,,,,,,S030,Cain A. Knight / Cageside Seats,HIGH,TRUE
RR1995M,lex-luger,19,,,17:01,,,,17:10,9,,,,,,S030,Cain A. Knight / Cageside Seats,HIGH,TRUE
RR1995M,mantaur,20,,,18:01,,,,18:11,10,,,,,,S030,Cain A. Knight / Cageside Seats,HIGH,TRUE
RR1995M,aldo-montoya,21,,,19:01,,,,19:05,4,,,,,,S030,Cain A. Knight / Cageside Seats,HIGH,TRUE
RR1995M,henry-godwinn,22,,,20:01,,,,20:07,6,,,,,,S030,Cain A. Knight / Cageside Seats,HIGH,TRUE
RR1995M,billy-gunn,23,,,21:01,,,,21:05,4,,,,,,S030,Cain A. Knight / Cageside Seats,HIGH,TRUE
RR1995M,bart-gunn,24,,,22:01,,,,22:09,8,,,,,,S030,Cain A. Knight / Cageside Seats,HIGH,TRUE
RR1995M,bob-backlund,25,,,23:01,,,,24:13,72,,,,,,S030,Cain A. Knight / Cageside Seats,HIGH,TRUE
RR1995M,steven-dunn,26,,,24:01,,,,24:10,9,,,,,,S030,Cain A. Knight / Cageside Seats,HIGH,TRUE
RR1995M,dick-murdoch,27,,,25:12,,,,25:24,12,,,,,,S030,Cain A. Knight / Cageside Seats,HIGH,TRUE
RR1995M,adam-bomb,28,,,26:13,,,,26:30,17,,,,,,S030,Cain A. Knight / Cageside Seats,HIGH,TRUE
RR1995M,fatu,29,,,27:13,,,,27:22,9,,,,,,S030,Cain A. Knight / Cageside Seats,HIGH,TRUE
RR1995M,demolition-crush,30,,,28:13,,,,28:25,12,,,,,,S030,Cain A. Knight / Cageside Seats,HIGH,TRUE
RR1996M,bob-backlund,3,,,2:02,,,,2:25,23,,,,,,S1755,Cain A. Knight / Cageside Seats,HIGH,TRUE
RR1996M,jerry-lawler,4,,,4:04,,,,4:30,26,,,,,,S1755,Cain A. Knight / Cageside Seats,HIGH,TRUE
RR1996M,bob-holly,5,,,6:04,,,,6:12,8,,,,,,S1755,Cain A. Knight / Cageside Seats,HIGH,TRUE
RR1996M,mabel,6,,,8:04,,,,8:42,38,,,,,,S1755,Cain A. Knight / Cageside Seats,HIGH,TRUE
RR1996M,jake-roberts,7,,,10:04,,,,10:27,23,,,,,,S1755,Cain A. Knight / Cageside Seats,HIGH,TRUE
RR1996M,dory-funk-jr,8,,,12:04,,,,12:27,23,,,,,,S1755,Cain A. Knight / Cageside Seats,HIGH,TRUE
RR1996M,yokozuna,9,,,14:04,,,,14:31,27,,,,,,S1755,Cain A. Knight / Cageside Seats,HIGH,TRUE
RR1996M,1-2-3-kid,10,,,16:09,,,,16:23,14,,,,,,S1755,Cain A. Knight / Cageside Seats,HIGH,TRUE
RR1996M,takao-omori,11,,,18:12,,,,18:22,10,,,,,,S1755,Cain A. Knight / Cageside Seats,HIGH,TRUE
RR1996M,savio-vega,12,,,20:13,,,,20:24,11,,,,,,S1755,Cain A. Knight / Cageside Seats,HIGH,TRUE
RR1996M,vader,13,,,22:16,,,,22:43,27,,,,,,S1755,Cain A. Knight / Cageside Seats,HIGH,TRUE
RR1996M,doug-gilbert,14,,,24:18,,,,24:29,11,,,,,,S1755,Cain A. Knight / Cageside Seats,HIGH,TRUE
RR1996M,headhunter-1,15,,,26:19,,,,26:32,13,,,,,,S1755,Cain A. Knight / Cageside Seats,HIGH,TRUE
RR1996M,headhunter-2,16,,,28:20,,,,29:00,40,,,,,,S1755,Cain A. Knight / Cageside Seats,HIGH,TRUE
RR1996M,owen-hart,17,,,30:22,,,,30:52,30,,,,,,S1755,Cain A. Knight / Cageside Seats,HIGH,TRUE
RR1996M,shawn-michaels,18,,,32:23,,,,32:40,17,,,,,,S1755,Cain A. Knight / Cageside Seats,HIGH,TRUE
RR1996M,hakushi,19,,,34:26,,,,36:33,127,,,,,,S1755,Cain A. Knight / Cageside Seats,HIGH,TRUE
RR1996M,tatanka,20,,,36:26,,,,36:56,30,,,,,,S1755,Cain A. Knight / Cageside Seats,HIGH,TRUE
RR1996M,aldo-montoya,21,,,38:30,,,,38:37,7,,,,,,S1755,Cain A. Knight / Cageside Seats,HIGH,TRUE
RR1996M,diesel,22,,,40:30,,,,40:57,27,,,,,,S1755,Cain A. Knight / Cageside Seats,HIGH,TRUE
RR1996M,kama,23,,,42:31,,,,42:46,15,,,,,,S1755,Cain A. Knight / Cageside Seats,HIGH,TRUE
RR1996M,steve-austin,24,,,44:33,,,,44:50,17,,,,,,S1755,Cain A. Knight / Cageside Seats,HIGH,TRUE
RR1996M,barry-horowitz,25,,,46:35,,,,46:47,12,,,,,,S1755,Cain A. Knight / Cageside Seats,HIGH,TRUE
RR1996M,fatu,26,,,48:36,,,,48:58,22,,,,,,S1755,Cain A. Knight / Cageside Seats,HIGH,TRUE
RR1996M,isaac-yankem,27,,,50:38,,,,50:55,17,,,,,,S1755,Cain A. Knight / Cageside Seats,HIGH,TRUE
RR1996M,marty-jannetty,28,,,52:38,,,,52:48,10,,,,,,S1755,Cain A. Knight / Cageside Seats,HIGH,TRUE
RR1996M,british-bulldog,29,,,54:38,,,,54:50,12,,,,,,S1755,Cain A. Knight / Cageside Seats,HIGH,TRUE
RR1996M,duke-droese,30,,,56:42,,,,56:57,15,,,,,,S1755,Cain A. Knight / Cageside Seats,HIGH,TRUE
RR1997M,fake-razor-ramon,3,,,1:45,,,,1:59,14,,,,,,S033,Cain A. Knight / Cageside Seats,HIGH,TRUE
RR1997M,phineas-godwinn,4,,,3:12,,,,3:35,23,,,,,,S033,Cain A. Knight / Cageside Seats,HIGH,TRUE
RR1997M,steve-austin,5,,,4:53,,,,5:24,31,,,,,,S033,Cain A. Knight / Cageside Seats,HIGH,TRUE
RR1997M,bart-gunn,6,,,6:24,,,,6:46,22,,,,,,S033,Cain A. Knight / Cageside Seats,HIGH,TRUE
RR1997M,jake-roberts,7,,,7:54,,,,8:22,28,,,,,,S033,Cain A. Knight / Cageside Seats,HIGH,TRUE
RR1997M,british-bulldog,8,,,9:25,,,,9:46,21,,,,,,S033,Cain A. Knight / Cageside Seats,HIGH,TRUE
RR1997M,pierroth-jr,9,,,10:55,,,,11:10,15,,,,,,S033,Cain A. Knight / Cageside Seats,HIGH,TRUE
RR1997M,the-sultan,10,,,12:26,,,,12:56,30,,,,,,S033,Cain A. Knight / Cageside Seats,HIGH,TRUE
RR1997M,mil-mascaras,11,,,13:56,,,,14:23,27,,,,,,S033,Cain A. Knight / Cageside Seats,HIGH,TRUE
RR1997M,hunter-hearst-helmsley,12,,,15:27,,,,15:40,13,,,,,,S033,Cain A. Knight / Cageside Seats,HIGH,TRUE
RR1997M,owen-hart,13,,,16:57,,,,17:18,21,,,,,,S033,Cain A. Knight / Cageside Seats,HIGH,TRUE
RR1997M,goldust,14,,,18:28,,,,18:41,13,,,,,,S033,Cain A. Knight / Cageside Seats,HIGH,TRUE
RR1997M,cibernetico,15,,,19:58,,,,20:10,12,,,,,,S033,Cain A. Knight / Cageside Seats,HIGH,TRUE
RR1997M,marc-mero,16,,,21:28,,,,21:52,24,,,,,,S033,Cain A. Knight / Cageside Seats,HIGH,TRUE
RR1997M,latin-lover,17,,,23:01,,,,23:13,12,,,,,,S033,Cain A. Knight / Cageside Seats,HIGH,TRUE
RR1997M,faarooq,18,,,24:31,,,,24:41,10,,,,,,S033,Cain A. Knight / Cageside Seats,HIGH,TRUE
RR1997M,savio-vega,19,,,25:59,,,,26:09,10,,,,,,S033,Cain A. Knight / Cageside Seats,HIGH,TRUE
RR1997M,jesse-james,20,,,27:31,,,,27:44,13,,,,,,S033,Cain A. Knight / Cageside Seats,HIGH,TRUE
RR1997M,bret-hart,21,,,29:02,,,,29:26,24,,,,,,S033,Cain A. Knight / Cageside Seats,HIGH,TRUE
RR1997M,jerry-lawler,22,,,30:38,,,,31:00,22,,,,,,S033,Cain A. Knight / Cageside Seats,HIGH,TRUE
RR1997M,fake-diesel,23,,,32:11,,,,32:33,22,,,,,,S033,Cain A. Knight / Cageside Seats,HIGH,TRUE
RR1997M,terry-funk,24,,,33:41,,,,33:56,15,,,,,,S033,Cain A. Knight / Cageside Seats,HIGH,TRUE
RR1997M,rocky-maivia,25,,,35:16,,,,35:26,10,,,,,,S033,Cain A. Knight / Cageside Seats,HIGH,TRUE
RR1997M,mankind,26,,,36:46,,,,37:09,23,,,,,,S033,Cain A. Knight / Cageside Seats,HIGH,TRUE
RR1997M,flash-funk,27,,,38:16,,,,38:31,15,,,,,,S033,Cain A. Knight / Cageside Seats,HIGH,TRUE
RR1997M,vader,28,,,39:46,,,,40:13,27,,,,,,S033,Cain A. Knight / Cageside Seats,HIGH,TRUE
RR1997M,henry-godwinn,29,,,41:20,,,,41:37,17,,,,,,S033,Cain A. Knight / Cageside Seats,HIGH,TRUE
RR1997M,the-undertaker,30,,,42:49,,,,43:32,43,,,,,,S033,Cain A. Knight / Cageside Seats,HIGH,TRUE
RR1998M,tom-brandi,3,,,1:46,,,,1:55,9,,,,,,S1756,Cain A. Knight / Cageside Seats,HIGH,TRUE
RR1998M,rocky-maivia,4,,,3:33,,,,3:54,21,,,,,,S1756,Cain A. Knight / Cageside Seats,HIGH,TRUE
RR1998M,mosh,5,,,5:20,,,,5:33,13,,,,,,S1756,Cain A. Knight / Cageside Seats,HIGH,TRUE
RR1998M,phineas-godwinn,6,,,7:07,,,,7:26,19,,,,,,S1756,Cain A. Knight / Cageside Seats,HIGH,TRUE
RR1998M,eight-ball,7,,,8:54,,,,9:02,8,,,,,,S1756,Cain A. Knight / Cageside Seats,HIGH,TRUE
RR1998M,bradshaw,8,,,10:41,,,,10:54,13,,,,,,S1756,Cain A. Knight / Cageside Seats,HIGH,TRUE
RR1998M,owen-hart,9,,,12:27,,,,29:13,1006,,,,,,S1756,Cain A. Knight / Cageside Seats,HIGH,TRUE
RR1998M,steve-blackman,10,,,14:13,,,,14:20,7,,,,,,S1756,Cain A. Knight / Cageside Seats,HIGH,TRUE
RR1998M,d-lo-brown,11,,,16:01,,,,16:14,13,,,,,,S1756,Cain A. Knight / Cageside Seats,HIGH,TRUE
RR1998M,kurrgan,12,,,17:47,,,,18:10,23,,,,,,S1756,Cain A. Knight / Cageside Seats,HIGH,TRUE
RR1998M,marc-mero,13,,,19:34,,,,19:56,22,,,,,,S1756,Cain A. Knight / Cageside Seats,HIGH,TRUE
RR1998M,ken-shamrock,14,,,21:21,,,,21:30,9,,,,,,S1756,Cain A. Knight / Cageside Seats,HIGH,TRUE
RR1998M,thrasher,15,,,23:07,,,,23:21,14,,,,,,S1756,Cain A. Knight / Cageside Seats,HIGH,TRUE
RR1998M,mankind,16,,,24:55,,,,25:10,15,,,,,,S1756,Cain A. Knight / Cageside Seats,HIGH,TRUE
RR1998M,goldust,17,,,26:41,,,,26:50,9,,,,,,S1756,Cain A. Knight / Cageside Seats,HIGH,TRUE
RR1998M,jeff-jarrett,18,,,28:26,,,,29:04,38,,,,,,S1756,Cain A. Knight / Cageside Seats,HIGH,TRUE
RR1998M,the-honky-tonk-man,19,,,30:14,,,,30:35,21,,,,,,S1756,Cain A. Knight / Cageside Seats,HIGH,TRUE
RR1998M,ahmed-johnson,20,,,32:01,,,,32:45,44,,,,,,S1756,Cain A. Knight / Cageside Seats,HIGH,TRUE
RR1998M,mark-henry,21,,,33:49,,,,34:17,28,,,,,,S1756,Cain A. Knight / Cageside Seats,HIGH,TRUE
RR1998M,skull,22,,,35:35,,,,,,,,,,,S1756,Cain A. Knight / Cageside Seats,HIGH,TRUE
RR1998M,kama,23,,,37:24,,,,37:40,16,,,,,,S1756,Cain A. Knight / Cageside Seats,HIGH,TRUE
RR1998M,steve-austin,24,,,39:09,,,,39:29,20,,,,,,S1756,Cain A. Knight / Cageside Seats,HIGH,TRUE
RR1998M,henry-godwinn,25,,,41:02,,,,41:08,6,,,,,,S1756,Cain A. Knight / Cageside Seats,HIGH,TRUE
RR1998M,savio-vega,26,,,42:48,,,,42:53,5,,,,,,S1756,Cain A. Knight / Cageside Seats,HIGH,TRUE
RR1998M,faarooq,27,,,44:35,,,,44:51,16,,,,,,S1756,Cain A. Knight / Cageside Seats,HIGH,TRUE
RR1998M,dude-love,28,,,46:22,,,,46:36,14,,,,,,S1756,Cain A. Knight / Cageside Seats,HIGH,TRUE
RR1998M,chainz,29,,,48:09,,,,48:18,9,,,,,,S1756,Cain A. Knight / Cageside Seats,HIGH,TRUE
RR1998M,vader,30,,,49:55,,,,50:16,21,,,,,,S1756,Cain A. Knight / Cageside Seats,HIGH,TRUE
RR1999M,golga,3,,,1:37,,,,2:04,27,,,,,,S044,Cain A. Knight / Cageside Seats,HIGH,TRUE
RR1999M,droz,4,,,3:22,,,,3:34,12,,,,,,S044,Cain A. Knight / Cageside Seats,HIGH,TRUE
RR1999M,edge,5,,,4:33,,,,4:44,11,,,,,,S044,Cain A. Knight / Cageside Seats,HIGH,TRUE
RR1999M,gillberg,6,,,6:04,,,,6:44,40,,,,,,S044,Cain A. Knight / Cageside Seats,HIGH,TRUE
RR1999M,steve-blackman,7,,,8:14,,,,8:22,8,,,,,,S044,Cain A. Knight / Cageside Seats,HIGH,TRUE
RR1999M,dan-severn,8,,,9:46,,,,10:00,14,,,,,,S044,Cain A. Knight / Cageside Seats,HIGH,TRUE
RR1999M,tiger-ali-singh,9,,,11:20,,,,11:43,23,,,,,,S044,Cain A. Knight / Cageside Seats,HIGH,TRUE
RR1999M,blue-meanie,10,,,13:00,,,,13:10,10,,,,,,S044,Cain A. Knight / Cageside Seats,HIGH,TRUE
RR1999M,mabel,11,,,14:30,,,,15:34,64,,,,,,S044,Cain A. Knight / Cageside Seats,HIGH,TRUE
RR1999M,jesse-james,12,,,16:04,,,,16:13,9,,,,,,S044,Cain A. Knight / Cageside Seats,HIGH,TRUE
RR1999M,gangrel,13,,,18:35,,,,18:53,18,,,,,,S044,Cain A. Knight / Cageside Seats,HIGH,TRUE
RR1999M,kurrgan,14,,,19:54,,,,20:02,8,,,,,,S044,Cain A. Knight / Cageside Seats,HIGH,TRUE
RR1999M,al-snow,15,,,21:20,,,,21:32,12,,,,,,S044,Cain A. Knight / Cageside Seats,HIGH,TRUE
RR1999M,goldust,16,,,22:59,,,,23:07,8,,,,,,S044,Cain A. Knight / Cageside Seats,HIGH,TRUE
RR1999M,the-godfather,17,,,24:33,,,,25:22,49,,,,,,S044,Cain A. Knight / Cageside Seats,HIGH,TRUE
RR1999M,kane,18,,,26:09,,,,26:48,39,,,,,,S044,Cain A. Knight / Cageside Seats,HIGH,TRUE
RR1999M,ken-shamrock,19,,,28:00,,,,28:39,39,,,,,,S044,Cain A. Knight / Cageside Seats,HIGH,TRUE
RR1999M,billy-gunn,20,,,29:48,,,,29:55,7,,,,,,S044,Cain A. Knight / Cageside Seats,HIGH,TRUE
RR1999M,test,21,,,31:24,,,,31:36,12,,,,,,S044,Cain A. Knight / Cageside Seats,HIGH,TRUE
RR1999M,big-boss-man,22,,,32:55,,,,33:30,35,,,,,,S044,Cain A. Knight / Cageside Seats,HIGH,TRUE
RR1999M,hunter-hearst-helmsley,23,,,34:29,,,,34:39,10,,,,,,S044,Cain A. Knight / Cageside Seats,HIGH,TRUE
RR1999M,val-venis,24,,,36:01,,,,36:08,7,,,,,,S044,Cain A. Knight / Cageside Seats,HIGH,TRUE
RR1999M,1-2-3-kid,25,,,37:41,,,,37:50,9,,,,,,S044,Cain A. Knight / Cageside Seats,HIGH,TRUE
RR1999M,mark-henry,26,,,39:19,,,,39:34,15,,,,,,S044,Cain A. Knight / Cageside Seats,HIGH,TRUE
RR1999M,jeff-jarrett,27,,,40:55,,,,41:21,26,,,,,,S044,Cain A. Knight / Cageside Seats,HIGH,TRUE
RR1999M,d-lo-brown,28,,,42:39,,,,43:05,26,,,,,,S044,Cain A. Knight / Cageside Seats,HIGH,TRUE
RR1999M,owen-hart,29,,,44:58,,,,45:13,15,,,,,,S044,Cain A. Knight / Cageside Seats,HIGH,TRUE
RR1999M,chyna,30,,,46:41,,,,47:06,25,,,,,,S044,Cain A. Knight / Cageside Seats,HIGH,TRUE
RR2000M,mosh,3,,,1:34,,,,1:41,7,,,,,,S1757,Cain A. Knight / Cageside Seats,HIGH,TRUE
RR2000M,christian,4,,,3:15,,,,3:24,9,,,,,,S1757,Cain A. Knight / Cageside Seats,HIGH,TRUE
RR2000M,rikishi,5,,,4:54,,,,5:05,11,,,,,,S1757,Cain A. Knight / Cageside Seats,HIGH,TRUE
RR2000M,scott-taylor,6,,,6:35,,,,6:41,6,,,,,,S1757,Cain A. Knight / Cageside Seats,HIGH,TRUE
RR2000M,steve-blackman,7,,,8:38,,,,8:43,5,,,,,,S1757,Cain A. Knight / Cageside Seats,HIGH,TRUE
RR2000M,mabel,8,,,10:14,,,,10:32,18,,,,,,S1757,Cain A. Knight / Cageside Seats,HIGH,TRUE
RR2000M,big-boss-man,9,,,12:13,,,,14:25,132,,,,,,S1757,Cain A. Knight / Cageside Seats,HIGH,TRUE
RR2000M,test,10,,,13:54,,,,14:29,35,,,,,,S1757,Cain A. Knight / Cageside Seats,HIGH,TRUE
RR2000M,british-bulldog,11,,,15:26,,,,15:31,5,,,,,,S1757,Cain A. Knight / Cageside Seats,HIGH,TRUE
RR2000M,gangrel,12,,,17:13,,,,17:32,19,,,,,,S1757,Cain A. Knight / Cageside Seats,HIGH,TRUE
RR2000M,edge,13,,,18:56,,,,19:08,12,,,,,,S1757,Cain A. Knight / Cageside Seats,HIGH,TRUE
RR2000M,bob-backlund,14,,,20:46,,,,21:05,19,,,,,,S1757,Cain A. Knight / Cageside Seats,HIGH,TRUE
RR2000M,chris-jericho,15,,,22:38,,,,22:51,13,,,,,,S1757,Cain A. Knight / Cageside Seats,HIGH,TRUE
RR2000M,crash-holly,16,,,24:18,,,,24:29,11,,,,,,S1757,Cain A. Knight / Cageside Seats,HIGH,TRUE
RR2000M,chyna,17,,,25:49,,,,26:04,15,,,,,,S1757,Cain A. Knight / Cageside Seats,HIGH,TRUE
RR2000M,faarooq,18,,,27:26,,,,27:38,12,,,,,,S1757,Cain A. Knight / Cageside Seats,HIGH,TRUE
RR2000M,jesse-james,19,,,28:59,,,,29:04,5,,,,,,S1757,Cain A. Knight / Cageside Seats,HIGH,TRUE
RR2000M,al-snow,20,,,30:31,,,,30:37,6,,,,,,S1757,Cain A. Knight / Cageside Seats,HIGH,TRUE
RR2000M,val-venis,21,,,32:09,,,,32:15,6,,,,,,S1757,Cain A. Knight / Cageside Seats,HIGH,TRUE
RR2000M,prince-albert,22,,,33:48,,,,33:52,4,,,,,,S1757,Cain A. Knight / Cageside Seats,HIGH,TRUE
RR2000M,hardcore-holly,23,,,35:20,,,,35:31,11,,,,,,S1757,Cain A. Knight / Cageside Seats,HIGH,TRUE
RR2000M,rocky-maivia,24,,,36:53,,,,37:05,12,,,,,,S1757,Cain A. Knight / Cageside Seats,HIGH,TRUE
RR2000M,billy-gunn,25,,,38:35,,,,38:41,6,,,,,,S1757,Cain A. Knight / Cageside Seats,HIGH,TRUE
RR2000M,big-show,26,,,40:14,,,,40:43,29,,,,,,S1757,Cain A. Knight / Cageside Seats,HIGH,TRUE
RR2000M,bradshaw,27,,,41:44,,,,41:55,11,,,,,,S1757,Cain A. Knight / Cageside Seats,HIGH,TRUE
RR2000M,kane,28,,,43:29,,,,43:52,23,,,,,,S1757,Cain A. Knight / Cageside Seats,HIGH,TRUE
RR2000M,the-godfather,29,,,45:01,,,,46:11,70,,,,,,S1757,Cain A. Knight / Cageside Seats,HIGH,TRUE
RR2000M,1-2-3-kid,30,,,46:36,,,,46:55,19,,,,,,S1757,Cain A. Knight / Cageside Seats,HIGH,TRUE
RR2001M,matt-hardy,3,,,1:45,,,,1:52,7,,,,,,S047,Cain A. Knight / Cageside Seats,HIGH,TRUE
RR2001M,faarooq,4,,,3:32,,,,3:37,5,,,,,,S047,Cain A. Knight / Cageside Seats,HIGH,TRUE
RR2001M,drew-carey,5,,,5:18,,,,6:14,56,,,,,,S047,Cain A. Knight / Cageside Seats,HIGH,TRUE
RR2001M,kane,6,,,7:04,,,,8:11,67,,,,,,S047,Cain A. Knight / Cageside Seats,HIGH,TRUE
RR2001M,raven,7,,,8:50,,,,8:55,5,,,,,,S047,Cain A. Knight / Cageside Seats,HIGH,TRUE
RR2001M,al-snow,8,,,10:34,,,,10:35,1,,,,,,S047,Cain A. Knight / Cageside Seats,HIGH,TRUE
RR2001M,perry-saturn,9,,,12:23,,,,12:55,32,,,,,,S047,Cain A. Knight / Cageside Seats,HIGH,TRUE
RR2001M,steve-blackman,10,,,14:19,,,,14:25,6,,,,,,S047,Cain A. Knight / Cageside Seats,HIGH,TRUE
RR2001M,brian-christopher,11,,,16:05,,,,16:14,9,,,,,,S047,Cain A. Knight / Cageside Seats,HIGH,TRUE
RR2001M,the-honky-tonk-man,12,,,17:58,,,,18:38,40,,,,,,S047,Cain A. Knight / Cageside Seats,HIGH,TRUE
RR2001M,rocky-maivia,13,,,20:09,,,,20:25,16,,,,,,S047,Cain A. Knight / Cageside Seats,HIGH,TRUE
RR2001M,the-godfather,14,,,21:58,,,,22:12,14,,,,,,S047,Cain A. Knight / Cageside Seats,HIGH,TRUE
RR2001M,tazz,15,,,23:44,,,,23:53,9,,,,,,S047,Cain A. Knight / Cageside Seats,HIGH,TRUE
RR2001M,bradshaw,16,,,25:43,,,,25:52,9,,,,,,S047,Cain A. Knight / Cageside Seats,HIGH,TRUE
RR2001M,prince-albert,17,,,27:36,,,,27:42,6,,,,,,S047,Cain A. Knight / Cageside Seats,HIGH,TRUE
RR2001M,hardcore-holly,18,,,29:24,,,,29:32,8,,,,,,S047,Cain A. Knight / Cageside Seats,HIGH,TRUE
RR2001M,k-kwik,19,,,31:18,,,,31:28,10,,,,,,S047,Cain A. Knight / Cageside Seats,HIGH,TRUE
RR2001M,val-venis,20,,,33:12,,,,33:19,7,,,,,,S047,Cain A. Knight / Cageside Seats,HIGH,TRUE
RR2001M,william-regal,21,,,35:06,,,,35:15,9,,,,,,S047,Cain A. Knight / Cageside Seats,HIGH,TRUE
RR2001M,test,22,,,37:01,,,,37:07,6,,,,,,S047,Cain A. Knight / Cageside Seats,HIGH,TRUE
RR2001M,big-show,23,,,38:51,,,,39:06,15,,,,,,S047,Cain A. Knight / Cageside Seats,HIGH,TRUE
RR2001M,crash-holly,24,,,40:51,,,,41:03,12,,,,,,S047,Cain A. Knight / Cageside Seats,HIGH,TRUE
RR2001M,the-undertaker,25,,,42:44,,,,43:07,23,,,,,,S047,Cain A. Knight / Cageside Seats,HIGH,TRUE
RR2001M,scott-taylor,26,,,44:31,,,,45:01,30,,,,,,S047,Cain A. Knight / Cageside Seats,HIGH,TRUE
RR2001M,steve-austin,27,,,46:17,,,,52:18,361,,,,,,S047,Cain A. Knight / Cageside Seats,HIGH,TRUE
RR2001M,billy-gunn,28,,,47:53,,,,48:01,8,,,,,,S047,Cain A. Knight / Cageside Seats,HIGH,TRUE
RR2001M,haku,29,,,49:41,,,,49:54,13,,,,,,S047,Cain A. Knight / Cageside Seats,HIGH,TRUE
RR2001M,rikishi,30,,,51:42,,,,52:17,35,,,,,,S047,Cain A. Knight / Cageside Seats,HIGH,TRUE
RR2002M,big-boss-man,3,,,2:00,,,,2:20,20,,,,,,S1758,Cain A. Knight / Cageside Seats,HIGH,TRUE
RR2002M,bradshaw,4,,,4:04,,,,4:13,9,,,,,,S1758,Cain A. Knight / Cageside Seats,HIGH,TRUE
RR2002M,lance-storm,5,,,6:06,,,,6:16,10,,,,,,S1758,Cain A. Knight / Cageside Seats,HIGH,TRUE
RR2002M,al-snow,6,,,8:06,,,,8:14,8,,,,,,S1758,Cain A. Knight / Cageside Seats,HIGH,TRUE
RR2002M,billy-gunn,7,,,10:00,,,,10:09,9,,,,,,S1758,Cain A. Knight / Cageside Seats,HIGH,TRUE
RR2002M,the-undertaker,8,,,12:05,,,,12:37,32,,,,,,S1758,Cain A. Knight / Cageside Seats,HIGH,TRUE
RR2002M,matt-hardy,9,,,14:18,,,,14:37,19,,,,,,S1758,Cain A. Knight / Cageside Seats,HIGH,TRUE
RR2002M,jeff-hardy,10,,,16:39,,,,16:52,13,,,,,,S1758,Cain A. Knight / Cageside Seats,HIGH,TRUE
RR2002M,maven,11,,,19:06,,,,19:24,18,,,,,,S1758,Cain A. Knight / Cageside Seats,HIGH,TRUE
RR2002M,scott-taylor,12,,,22:20,,,,25:54,214,,,,,,S1758,Cain A. Knight / Cageside Seats,HIGH,TRUE
RR2002M,christian,13,,,24:30,,,,24:59,29,,,,,,S1758,Cain A. Knight / Cageside Seats,HIGH,TRUE
RR2002M,diamond-dallas-page,14,,,26:36,,,,26:56,20,,,,,,S1758,Cain A. Knight / Cageside Seats,HIGH,TRUE
RR2002M,chuck-palumbo,15,,,28:43,,,,28:56,13,,,,,,S1758,Cain A. Knight / Cageside Seats,HIGH,TRUE
RR2002M,the-godfather,16,,,30:45,,,,32:56,131,,,,,,S1758,Cain A. Knight / Cageside Seats,HIGH,TRUE
RR2002M,prince-albert,17,,,33:06,,,,33:14,8,,,,,,S1758,Cain A. Knight / Cageside Seats,HIGH,TRUE
RR2002M,perry-saturn,18,,,34:59,,,,35:10,11,,,,,,S1758,Cain A. Knight / Cageside Seats,HIGH,TRUE
RR2002M,steve-austin,19,,,37:01,,,,37:27,26,,,,,,S1758,Cain A. Knight / Cageside Seats,HIGH,TRUE
RR2002M,val-venis,20,,,39:25,,,,40:13,48,,,,,,S1758,Cain A. Knight / Cageside Seats,HIGH,TRUE
RR2002M,test,21,,,41:27,,,,41:39,12,,,,,,S1758,Cain A. Knight / Cageside Seats,HIGH,TRUE
RR2002M,hunter-hearst-helmsley,22,,,43:58,,,,46:14,136,,,,,,S1758,Cain A. Knight / Cageside Seats,HIGH,TRUE
RR2002M,the-hurricane,23,,,47:09,,,,47:28,19,,,,,,S1758,Cain A. Knight / Cageside Seats,HIGH,TRUE
RR2002M,faarooq,24,,,48:56,,,,49:04,8,,,,,,S1758,Cain A. Knight / Cageside Seats,HIGH,TRUE
RR2002M,mr-perfect,25,,,51:00,,,,51:48,48,,,,,,S1758,Cain A. Knight / Cageside Seats,HIGH,TRUE
RR2002M,kurt-angle,26,,,53:03,,,,53:16,13,,,,,,S1758,Cain A. Knight / Cageside Seats,HIGH,TRUE
RR2002M,big-show,27,,,55:07,,,,55:36,29,,,,,,S1758,Cain A. Knight / Cageside Seats,HIGH,TRUE
RR2002M,kane,28,,,57:09,,,,57:36,27,,,,,,S1758,Cain A. Knight / Cageside Seats,HIGH,TRUE
RR2002M,rob-van-dam,29,,,59:12,,,,59:28,16,,,,,,S1758,Cain A. Knight / Cageside Seats,HIGH,TRUE
RR2002M,booker-t,30,,,61:07,,,,61:33,26,,,,,,S1758,Cain A. Knight / Cageside Seats,HIGH,TRUE
RR2003M,chris-nowinski,3,,,1:30,,,,4:27,177,,,,,,S065,Cain A. Knight / Cageside Seats,HIGH,TRUE
RR2003M,rey-mysterio,4,,,3:06,,,,3:22,16,,,,,,S065,Cain A. Knight / Cageside Seats,HIGH,TRUE
RR2003M,edge,5,,,4:38,,,,4:48,10,,,,,,S065,Cain A. Knight / Cageside Seats,HIGH,TRUE
RR2003M,christian,6,,,6:38,,,,6:49,11,,,,,,S065,Cain A. Knight / Cageside Seats,HIGH,TRUE
RR2003M,chavo-guerrero,7,,,8:10,,,,8:22,12,,,,,,S065,Cain A. Knight / Cageside Seats,HIGH,TRUE
RR2003M,yoshihiro-tajiri,8,,,9:46,,,,9:56,10,,,,,,S065,Cain A. Knight / Cageside Seats,HIGH,TRUE
RR2003M,bill-demott,9,,,11:15,,,,11:24,9,,,,,,S065,Cain A. Knight / Cageside Seats,HIGH,TRUE
RR2003M,tommy-dreamer,10,,,12:47,,,,13:09,22,,,,,,S065,Cain A. Knight / Cageside Seats,HIGH,TRUE
RR2003M,bull-buchanan,11,,,14:42,,,,14:50,8,,,,,,S065,Cain A. Knight / Cageside Seats,HIGH,TRUE
RR2003M,rob-van-dam,12,,,16:23,,,,16:37,14,,,,,,S065,Cain A. Knight / Cageside Seats,HIGH,TRUE
RR2003M,matt-hardy,13,,,18:01,,,,18:17,16,,,,,,S065,Cain A. Knight / Cageside Seats,HIGH,TRUE
RR2003M,eddie-guerrero,14,,,20:02,,,,20:12,10,,,,,,S065,Cain A. Knight / Cageside Seats,HIGH,TRUE
RR2003M,jeff-hardy,15,,,21:35,,,,21:43,8,,,,,,S065,Cain A. Knight / Cageside Seats,HIGH,TRUE
RR2003M,rosey,16,,,23:07,,,,23:25,18,,,,,,S065,Cain A. Knight / Cageside Seats,HIGH,TRUE
RR2003M,test,17,,,24:39,,,,25:00,21,,,,,,S065,Cain A. Knight / Cageside Seats,HIGH,TRUE
RR2003M,john-cena,18,,,26:10,,,,27:43,93,,,,,,S065,Cain A. Knight / Cageside Seats,HIGH,TRUE
RR2003M,charlie-haas,19,,,28:00,,,,28:07,7,,,,,,S065,Cain A. Knight / Cageside Seats,HIGH,TRUE
RR2003M,rikishi,20,,,29:42,,,,29:58,16,,,,,,S065,Cain A. Knight / Cageside Seats,HIGH,TRUE
RR2003M,jamal,21,,,31:12,,,,31:23,11,,,,,,S065,Cain A. Knight / Cageside Seats,HIGH,TRUE
RR2003M,kane,22,,,32:45,,,,33:05,20,,,,,,S065,Cain A. Knight / Cageside Seats,HIGH,TRUE
RR2003M,shelton-benjamin,23,,,34:16,,,,34:24,8,,,,,,S065,Cain A. Knight / Cageside Seats,HIGH,TRUE
RR2003M,booker-t,24,,,35:50,,,,36:11,21,,,,,,S065,Cain A. Knight / Cageside Seats,HIGH,TRUE
RR2003M,prince-albert,25,,,37:32,,,,37:43,11,,,,,,S065,Cain A. Knight / Cageside Seats,HIGH,TRUE
RR2003M,maven,26,,,39:31,,,,39:41,10,,,,,,S065,Cain A. Knight / Cageside Seats,HIGH,TRUE
RR2003M,goldust,27,,,41:03,,,,41:16,13,,,,,,S065,Cain A. Knight / Cageside Seats,HIGH,TRUE
RR2003M,batista,28,,,42:49,,,,43:07,18,,,,,,S065,Cain A. Knight / Cageside Seats,HIGH,TRUE
RR2003M,brock-lesnar,29,,,44:28,,,,44:46,18,,,,,,S065,Cain A. Knight / Cageside Seats,HIGH,TRUE
RR2003M,the-undertaker,30,,,46:15,,,,47:00,45,,,,,,S065,Cain A. Knight / Cageside Seats,HIGH,TRUE
RR2004M,mark-henry,3,,,1:30,,,,1:51,21,,,,,,S1759,Cain A. Knight / Cageside Seats,HIGH,TRUE
RR2004M,yoshihiro-tajiri,4,,,3:02,,,,3:13,11,,,,,,S1759,Cain A. Knight / Cageside Seats,HIGH,TRUE
RR2004M,bradshaw,5,,,4:34,,,,4:49,15,,,,,,S1759,Cain A. Knight / Cageside Seats,HIGH,TRUE
RR2004M,rhyno,6,,,6:14,,,,6:24,10,,,,,,S1759,Cain A. Knight / Cageside Seats,HIGH,TRUE
RR2004M,matt-hardy,7,,,7:54,,,,8:07,13,,,,,,S1759,Cain A. Knight / Cageside Seats,HIGH,TRUE
RR2004M,scott-steiner,8,,,9:30,,,,9:50,20,,,,,,S1759,Cain A. Knight / Cageside Seats,HIGH,TRUE
RR2004M,matt-morgan,9,,,11:14,,,,11:31,17,,,,,,S1759,Cain A. Knight / Cageside Seats,HIGH,TRUE
RR2004M,the-hurricane,10,,,12:56,,,,13:12,16,,,,,,S1759,Cain A. Knight / Cageside Seats,HIGH,TRUE
RR2004M,booker-t,11,,,14:50,,,,15:07,17,,,,,,S1759,Cain A. Knight / Cageside Seats,HIGH,TRUE
RR2004M,kane,12,,,16:32,,,,16:57,25,,,,,,S1759,Cain A. Knight / Cageside Seats,HIGH,TRUE
RR2004M,spike-dudley,13,,,18:08,,,,,,,,,,,S1759,Cain A. Knight / Cageside Seats,HIGH,TRUE
RR2004M,rikishi,14,,,20:03,,,,20:24,21,,,,,,S1759,Cain A. Knight / Cageside Seats,HIGH,TRUE
RR2004M,renee-dupree,15,,,21:46,,,,22:02,16,,,,,,S1759,Cain A. Knight / Cageside Seats,HIGH,TRUE
RR2004M,prince-albert,16,,,23:15,,,,23:22,7,,,,,,S1759,Cain A. Knight / Cageside Seats,HIGH,TRUE
RR2004M,shelton-benjamin,17,,,24:53,,,,25:03,10,,,,,,S1759,Cain A. Knight / Cageside Seats,HIGH,TRUE
RR2004M,ernest-miller,18,,,26:28,,,,26:49,21,,,,,,S1759,Cain A. Knight / Cageside Seats,HIGH,TRUE
RR2004M,kurt-angle,19,,,28:23,,,,28:33,10,,,,,,S1759,Cain A. Knight / Cageside Seats,HIGH,TRUE
RR2004M,rico,20,,,29:54,,,,30:06,12,,,,,,S1759,Cain A. Knight / Cageside Seats,HIGH,TRUE
RR2004M,test,21,,,31:36,,,,,,,,,,,S1759,Cain A. Knight / Cageside Seats,HIGH,TRUE
RR2004M,christian,22,,,34:44,,,,35:00,16,,,,,,S1759,Cain A. Knight / Cageside Seats,HIGH,TRUE
RR2004M,nunzio,23,,,36:31,,,,45:24,533,,,,,,S1759,Cain A. Knight / Cageside Seats,HIGH,TRUE
RR2004M,big-show,24,,,38:26,,,,38:58,32,,,,,,S1759,Cain A. Knight / Cageside Seats,HIGH,TRUE
RR2004M,chris-jericho,25,,,39:57,,,,40:12,15,,,,,,S1759,Cain A. Knight / Cageside Seats,HIGH,TRUE
RR2004M,charlie-haas,26,,,41:34,,,,41:43,9,,,,,,S1759,Cain A. Knight / Cageside Seats,HIGH,TRUE
RR2004M,billy-gunn,27,,,43:08,,,,43:17,9,,,,,,S1759,Cain A. Knight / Cageside Seats,HIGH,TRUE
RR2004M,john-cena,28,,,44:39,,,,45:26,47,,,,,,S1759,Cain A. Knight / Cageside Seats,HIGH,TRUE
RR2004M,rob-van-dam,29,,,46:16,,,,46:36,20,,,,,,S1759,Cain A. Knight / Cageside Seats,HIGH,TRUE
RR2004M,bill-goldberg,30,,,47:53,,,,48:09,16,,,,,,S1759,Cain A. Knight / Cageside Seats,HIGH,TRUE
RR2005M,daniel-puder,3,,,1:31,,,,1:53,22,,,,,,S068,Cain A. Knight / Cageside Seats,HIGH,TRUE
RR2005M,hardcore-holly,4,,,3:56,,,,4:14,18,,,,,,S068,Cain A. Knight / Cageside Seats,HIGH,TRUE
RR2005M,the-hurricane,5,,,5:58,,,,6:17,19,,,,,,S068,Cain A. Knight / Cageside Seats,HIGH,TRUE
RR2005M,kenzo-suzuki,6,,,7:35,,,,7:56,21,,,,,,S068,Cain A. Knight / Cageside Seats,HIGH,TRUE
RR2005M,edge,7,,,9:07,,,,9:16,9,,,,,,S068,Cain A. Knight / Cageside Seats,HIGH,TRUE
RR2005M,rey-mysterio,8,,,10:37,,,,10:51,14,,,,,,S068,Cain A. Knight / Cageside Seats,HIGH,TRUE
RR2005M,shelton-benjamin,9,,,12:08,,,,12:18,10,,,,,,S068,Cain A. Knight / Cageside Seats,HIGH,TRUE
RR2005M,booker-t,10,,,13:38,,,,13:56,18,,,,,,S068,Cain A. Knight / Cageside Seats,HIGH,TRUE
RR2005M,chris-jericho,11,,,15:10,,,,15:30,20,,,,,,S068,Cain A. Knight / Cageside Seats,HIGH,TRUE
RR2005M,luther-reigns,12,,,16:49,,,,17:09,20,,,,,,S068,Cain A. Knight / Cageside Seats,HIGH,TRUE
RR2005M,muhammad-hassan,13,,,18:25,,,,19:21,56,,,,,,S068,Cain A. Knight / Cageside Seats,HIGH,TRUE
RR2005M,orlando-jordan,14,,,20:26,,,,20:50,24,,,,,,S068,Cain A. Knight / Cageside Seats,HIGH,TRUE
RR2005M,scott-taylor,15,,,22:06,,,,,,,,,,,S068,Cain A. Knight / Cageside Seats,HIGH,TRUE
RR2005M,charlie-haas,16,,,23:48,,,,23:58,10,,,,,,S068,Cain A. Knight / Cageside Seats,HIGH,TRUE
RR2005M,renee-dupree,17,,,25:41,,,,26:04,23,,,,,,S068,Cain A. Knight / Cageside Seats,HIGH,TRUE
RR2005M,simon-dean,18,,,27:18,,,,28:51,93,,,,,,S068,Cain A. Knight / Cageside Seats,HIGH,TRUE
RR2005M,shawn-michaels,19,,,28:50,,,,29:02,12,,,,,,S068,Cain A. Knight / Cageside Seats,HIGH,TRUE
RR2005M,kurt-angle,20,,,30:32,,,,30:39,7,,,,,,S068,Cain A. Knight / Cageside Seats,HIGH,TRUE
RR2005M,jonathan-coachman,21,,,32:07,,,,32:41,34,,,,,,S068,Cain A. Knight / Cageside Seats,HIGH,TRUE
RR2005M,mark-jindrak,22,,,33:40,,,,33:52,12,,,,,,S068,Cain A. Knight / Cageside Seats,HIGH,TRUE
RR2005M,mabel,23,,,35:37,,,,36:02,25,,,,,,S068,Cain A. Knight / Cageside Seats,HIGH,TRUE
RR2005M,paul-london,24,,,36:53,,,,37:09,16,,,,,,S068,Cain A. Knight / Cageside Seats,HIGH,TRUE
RR2005M,john-cena,25,,,38:09,,,,38:29,20,,,,,,S068,Cain A. Knight / Cageside Seats,HIGH,TRUE
RR2005M,gene-snitsky,26,,,39:23,,,,39:33,10,,,,,,S068,Cain A. Knight / Cageside Seats,HIGH,TRUE
RR2005M,kane,27,,,41:00,,,,41:21,21,,,,,,S068,Cain A. Knight / Cageside Seats,HIGH,TRUE
RR2005M,batista,28,,,42:49,,,,43:03,14,,,,,,S068,Cain A. Knight / Cageside Seats,HIGH,TRUE
RR2005M,christian,29,,,44:23,,,,44:46,23,,,,,,S068,Cain A. Knight / Cageside Seats,HIGH,TRUE
RR2005M,ric-flair,30,,,45:45,,,,46:07,22,,,,,,S068,Cain A. Knight / Cageside Seats,HIGH,TRUE
RR2006M,simon-dean,3,,,1:30,,,,1:53,23,,,,,,S1760,Cain A. Knight / Cageside Seats,HIGH,TRUE
RR2006M,psicosis,4,,,3:21,,,,3:38,17,,,,,,S1760,Cain A. Knight / Cageside Seats,HIGH,TRUE
RR2006M,ric-flair,5,,,5:09,,,,5:26,17,,,,,,S1760,Cain A. Knight / Cageside Seats,HIGH,TRUE
RR2006M,big-show,6,,,7:00,,,,7:30,30,,,,,,S1760,Cain A. Knight / Cageside Seats,HIGH,TRUE
RR2006M,jonathan-coachman,7,,,9:01,,,,9:14,13,,,,,,S1760,Cain A. Knight / Cageside Seats,HIGH,TRUE
RR2006M,bobby-lashley,8,,,10:45,,,,11:10,25,,,,,,S1760,Cain A. Knight / Cageside Seats,HIGH,TRUE
RR2006M,kane,9,,,12:35,,,,13:00,25,,,,,,S1760,Cain A. Knight / Cageside Seats,HIGH,TRUE
RR2006M,sylvan-grenier,10,,,14:25,,,,14:46,21,,,,,,S1760,Cain A. Knight / Cageside Seats,HIGH,TRUE
RR2006M,carlito,11,,,16:49,,,,17:06,17,,,,,,S1760,Cain A. Knight / Cageside Seats,HIGH,TRUE
RR2006M,chris-benoit,12,,,18:37,,,,18:54,17,,,,,,S1760,Cain A. Knight / Cageside Seats,HIGH,TRUE
RR2006M,booker-t,13,,,21:08,,,,21:30,22,,,,,,S1760,Cain A. Knight / Cageside Seats,HIGH,TRUE
RR2006M,joey-mercury,14,,,23:03,,,,23:20,17,,,,,,S1760,Cain A. Knight / Cageside Seats,HIGH,TRUE
RR2006M,tatanka,15,,,24:49,,,,25:17,28,,,,,,S1760,Cain A. Knight / Cageside Seats,HIGH,TRUE
RR2006M,johnny-nitro,16,,,26:41,,,,26:54,13,,,,,,S1760,Cain A. Knight / Cageside Seats,HIGH,TRUE
RR2006M,trevor-murdoch,17,,,28:15,,,,28:30,15,,,,,,S1760,Cain A. Knight / Cageside Seats,HIGH,TRUE
RR2006M,eugene,18,,,29:49,,,,30:08,19,,,,,,S1760,Cain A. Knight / Cageside Seats,HIGH,TRUE
RR2006M,road-warrior-animal,19,,,31:25,,,,31:36,11,,,,,,S1760,Cain A. Knight / Cageside Seats,HIGH,TRUE
RR2006M,rob-van-dam,20,,,33:02,,,,33:18,16,,,,,,S1760,Cain A. Knight / Cageside Seats,HIGH,TRUE
RR2006M,orlando-jordan,21,,,34:43,,,,35:01,18,,,,,,S1760,Cain A. Knight / Cageside Seats,HIGH,TRUE
RR2006M,chavo-guerrero,22,,,36:17,,,,36:33,16,,,,,,S1760,Cain A. Knight / Cageside Seats,HIGH,TRUE
RR2006M,matt-hardy,23,,,37:57,,,,38:10,13,,,,,,S1760,Cain A. Knight / Cageside Seats,HIGH,TRUE
RR2006M,super-crazy,24,,,39:43,,,,40:00,17,,,,,,S1760,Cain A. Knight / Cageside Seats,HIGH,TRUE
RR2006M,shawn-michaels,25,,,41:11,,,,41:25,14,,,,,,S1760,Cain A. Knight / Cageside Seats,HIGH,TRUE
RR2006M,chris-masters,26,,,42:44,,,,43:11,27,,,,,,S1760,Cain A. Knight / Cageside Seats,HIGH,TRUE
RR2006M,mabel,27,,,44:23,,,,44:46,23,,,,,,S1760,Cain A. Knight / Cageside Seats,HIGH,TRUE
RR2006M,shelton-benjamin,28,,,46:07,,,,46:23,16,,,,,,S1760,Cain A. Knight / Cageside Seats,HIGH,TRUE
RR2006M,goldust,29,,,47:29,,,,47:43,14,,,,,,S1760,Cain A. Knight / Cageside Seats,HIGH,TRUE
RR2006M,randy-orton,30,,,49:01,,,,49:09,8,,,,,,S1760,Cain A. Knight / Cageside Seats,HIGH,TRUE
RR2007M,kenny-dykstra,3,,,1:31,,,,1:43,12,,,,,,S071,Cain A. Knight / Cageside Seats,HIGH,TRUE
RR2007M,matt-hardy,4,,,3:01,,,,3:11,10,,,,,,S071,Cain A. Knight / Cageside Seats,HIGH,TRUE
RR2007M,edge,5,,,4:31,,,,4:40,9,,,,,,S071,Cain A. Knight / Cageside Seats,HIGH,TRUE
RR2007M,tommy-dreamer,6,,,6:01,,,,6:11,10,,,,,,S071,Cain A. Knight / Cageside Seats,HIGH,TRUE
RR2007M,sabu,7,,,7:31,,,,7:57,26,,,,,,S071,Cain A. Knight / Cageside Seats,HIGH,TRUE
RR2007M,the-hurricane,8,,,9:01,,,,9:10,9,,,,,,S071,Cain A. Knight / Cageside Seats,HIGH,TRUE
RR2007M,shelton-benjamin,9,,,10:32,,,,10:40,8,,,,,,S071,Cain A. Knight / Cageside Seats,HIGH,TRUE
RR2007M,kane,10,,,12:04,,,,12:23,19,,,,,,S071,Cain A. Knight / Cageside Seats,HIGH,TRUE
RR2007M,cm-punk,11,,,13:56,,,,14:07,11,,,,,,S071,Cain A. Knight / Cageside Seats,HIGH,TRUE
RR2007M,booker-t,12,,,15:26,,,,15:49,23,,,,,,S071,Cain A. Knight / Cageside Seats,HIGH,TRUE
RR2007M,super-crazy,13,,,16:57,,,,17:05,8,,,,,,S071,Cain A. Knight / Cageside Seats,HIGH,TRUE
RR2007M,jeff-hardy,14,,,18:17,,,,18:27,10,,,,,,S071,Cain A. Knight / Cageside Seats,HIGH,TRUE
RR2007M,the-sandman,15,,,19:48,,,,20:21,33,,,,,,S071,Cain A. Knight / Cageside Seats,HIGH,TRUE
RR2007M,randy-orton,16,,,21:20,,,,21:27,7,,,,,,S071,Cain A. Knight / Cageside Seats,HIGH,TRUE
RR2007M,chris-benoit,17,,,22:59,,,,23:07,8,,,,,,S071,Cain A. Knight / Cageside Seats,HIGH,TRUE
RR2007M,rob-van-dam,18,,,24:33,,,,24:48,15,,,,,,S071,Cain A. Knight / Cageside Seats,HIGH,TRUE
RR2007M,mabel,19,,,26:03,,,,26:33,30,,,,,,S071,Cain A. Knight / Cageside Seats,HIGH,TRUE
RR2007M,johnny-nitro,20,,,27:35,,,,27:48,13,,,,,,S071,Cain A. Knight / Cageside Seats,HIGH,TRUE
RR2007M,kevin-thorn,21,,,28:55,,,,29:07,12,,,,,,S071,Cain A. Knight / Cageside Seats,HIGH,TRUE
RR2007M,hardcore-holly,22,,,30:25,,,,30:32,7,,,,,,S071,Cain A. Knight / Cageside Seats,HIGH,TRUE
RR2007M,shawn-michaels,23,,,31:57,,,,32:09,12,,,,,,S071,Cain A. Knight / Cageside Seats,HIGH,TRUE
RR2007M,chris-masters,24,,,33:27,,,,33:39,12,,,,,,S071,Cain A. Knight / Cageside Seats,HIGH,TRUE
RR2007M,chavo-guerrero,25,,,34:59,,,,35:14,15,,,,,,S071,Cain A. Knight / Cageside Seats,HIGH,TRUE
RR2007M,mvp,26,,,36:30,,,,36:49,19,,,,,,S071,Cain A. Knight / Cageside Seats,HIGH,TRUE
RR2007M,carlito,27,,,38:00,,,,38:11,11,,,,,,S071,Cain A. Knight / Cageside Seats,HIGH,TRUE
RR2007M,the-great-khali,28,,,39:31,,,,40:03,32,,,,,,S071,Cain A. Knight / Cageside Seats,HIGH,TRUE
RR2007M,the-miz,29,,,40:55,,,,41:02,7,,,,,,S071,Cain A. Knight / Cageside Seats,HIGH,TRUE
RR2007M,the-undertaker,30,,,42:34,,,,43:04,30,,,,,,S071,Cain A. Knight / Cageside Seats,HIGH,TRUE
RR2008M,santino-marella,3,,,1:31,,,,1:39,8,,,,,,S080,Cain A. Knight / Cageside Seats,HIGH,TRUE
RR2008M,the-great-khali,4,,,3:12,,,,3:33,21,,,,,,S080,Cain A. Knight / Cageside Seats,HIGH,TRUE
RR2008M,hardcore-holly,5,,,4:59,,,,5:06,7,,,,,,S080,Cain A. Knight / Cageside Seats,HIGH,TRUE
RR2008M,johnny-nitro,6,,,6:33,,,,6:41,8,,,,,,S080,Cain A. Knight / Cageside Seats,HIGH,TRUE
RR2008M,tommy-dreamer,7,,,7:49,,,,8:00,11,,,,,,S080,Cain A. Knight / Cageside Seats,HIGH,TRUE
RR2008M,batista,8,,,9:29,,,,9:36,7,,,,,,S080,Cain A. Knight / Cageside Seats,HIGH,TRUE
RR2008M,hornswoggle,9,,,11:03,,,,36:48,1545,,,,,,S080,Cain A. Knight / Cageside Seats,HIGH,TRUE
RR2008M,chuck-palumbo,10,,,12:23,,,,12:34,11,,,,,,S080,Cain A. Knight / Cageside Seats,HIGH,TRUE
RR2008M,jamie-noble,11,,,13:50,,,,14:04,14,,,,,,S080,Cain A. Knight / Cageside Seats,HIGH,TRUE
RR2008M,cm-punk,12,,,15:20,,,,15:28,8,,,,,,S080,Cain A. Knight / Cageside Seats,HIGH,TRUE
RR2008M,cody-rhodes,13,,,16:51,,,,17:00,9,,,,,,S080,Cain A. Knight / Cageside Seats,HIGH,TRUE
RR2008M,jamal,14,,,18:21,,,,18:35,14,,,,,,S080,Cain A. Knight / Cageside Seats,HIGH,TRUE
RR2008M,gene-snitsky,15,,,19:52,,,,20:04,12,,,,,,S080,Cain A. Knight / Cageside Seats,HIGH,TRUE
RR2008M,the-miz,16,,,21:22,,,,21:32,10,,,,,,S080,Cain A. Knight / Cageside Seats,HIGH,TRUE
RR2008M,shelton-benjamin,17,,,22:39,,,,22:49,10,,,,,,S080,Cain A. Knight / Cageside Seats,HIGH,TRUE
RR2008M,jimmy-snuka,18,,,23:56,,,,24:17,21,,,,,,S080,Cain A. Knight / Cageside Seats,HIGH,TRUE
RR2008M,roddy-piper,19,,,25:13,,,,25:59,46,,,,,,S080,Cain A. Knight / Cageside Seats,HIGH,TRUE
RR2008M,kane,20,,,26:38,,,,26:54,16,,,,,,S080,Cain A. Knight / Cageside Seats,HIGH,TRUE
RR2008M,carlito,21,,,27:59,,,,28:11,12,,,,,,S080,Cain A. Knight / Cageside Seats,HIGH,TRUE
RR2008M,mick-foley,22,,,29:14,,,,29:28,14,,,,,,S080,Cain A. Knight / Cageside Seats,HIGH,TRUE
RR2008M,mr-kennedy,23,,,30:41,,,,30:56,15,,,,,,S080,Cain A. Knight / Cageside Seats,HIGH,TRUE
RR2008M,mabel,24,,,32:20,,,,32:42,22,,,,,,S080,Cain A. Knight / Cageside Seats,HIGH,TRUE
RR2008M,mark-henry,25,,,33:59,,,,34:13,14,,,,,,S080,Cain A. Knight / Cageside Seats,HIGH,TRUE
RR2008M,chavo-guerrero,26,,,69:33,,,,69:46,13,,,,,,S080,Cain A. Knight / Cageside Seats,HIGH,TRUE
RR2008M,elijah-burke,28,,,108:07,,,,108:20,13,,,,,,S080,Cain A. Knight / Cageside Seats,HIGH,TRUE
RR2008M,hunter-hearst-helmsley,29,,,109:26,,,,109:41,15,,,,,,S080,Cain A. Knight / Cageside Seats,HIGH,TRUE
RR2008M,john-cena,30,,,111:43,,,,112:34,51,,,,,,S080,Cain A. Knight / Cageside Seats,HIGH,TRUE
RR2009M,carlito,3,,,1:32,,,,1:39,7,,,,,,S082,Cain A. Knight / Cageside Seats,HIGH,TRUE
RR2009M,mvp,4,,,3:18,,,,3:24,6,,,,,,S082,Cain A. Knight / Cageside Seats,HIGH,TRUE
RR2009M,the-great-khali,5,,,4:51,,,,5:21,30,,,,,,S082,Cain A. Knight / Cageside Seats,HIGH,TRUE
RR2009M,vladimir-kozlov,6,,,6:21,,,,6:37,16,,,,,,S082,Cain A. Knight / Cageside Seats,HIGH,TRUE
RR2009M,hunter-hearst-helmsley,7,,,8:09,,,,8:41,32,,,,,,S082,Cain A. Knight / Cageside Seats,HIGH,TRUE
RR2009M,randy-orton,8,,,9:51,,,,10:09,18,,,,,,S082,Cain A. Knight / Cageside Seats,HIGH,TRUE
RR2009M,jtg,9,,,11:29,,,,11:54,25,,,,,,S082,Cain A. Knight / Cageside Seats,HIGH,TRUE
RR2009M,ted-dibiase-jr,10,,,13:04,,,,13:16,12,,,,,,S082,Cain A. Knight / Cageside Seats,HIGH,TRUE
RR2009M,chris-jericho,11,,,14:39,,,,15:00,21,,,,,,S082,Cain A. Knight / Cageside Seats,HIGH,TRUE
RR2009M,mike-knox,12,,,16:32,,,,16:42,10,,,,,,S082,Cain A. Knight / Cageside Seats,HIGH,TRUE
RR2009M,the-miz,13,,,18:04,,,,18:14,10,,,,,,S082,Cain A. Knight / Cageside Seats,HIGH,TRUE
RR2009M,finlay,14,,,19:41,,,,19:52,11,,,,,,S082,Cain A. Knight / Cageside Seats,HIGH,TRUE
RR2009M,cody-rhodes,15,,,21:21,,,,21:33,12,,,,,,S082,Cain A. Knight / Cageside Seats,HIGH,TRUE
RR2009M,the-undertaker,16,,,23:00,,,,23:31,31,,,,,,S082,Cain A. Knight / Cageside Seats,HIGH,TRUE
RR2009M,goldust,17,,,24:39,,,,24:56,17,,,,,,S082,Cain A. Knight / Cageside Seats,HIGH,TRUE
RR2009M,cm-punk,18,,,26:17,,,,26:30,13,,,,,,S082,Cain A. Knight / Cageside Seats,HIGH,TRUE
RR2009M,mark-henry,19,,,27:48,,,,28:05,17,,,,,,S082,Cain A. Knight / Cageside Seats,HIGH,TRUE
RR2009M,shelton-benjamin,20,,,29:20,,,,29:34,14,,,,,,S082,Cain A. Knight / Cageside Seats,HIGH,TRUE
RR2009M,william-regal,21,,,30:55,,,,31:08,13,,,,,,S082,Cain A. Knight / Cageside Seats,HIGH,TRUE
RR2009M,kofi-kingston,22,,,32:28,,,,32:39,11,,,,,,S082,Cain A. Knight / Cageside Seats,HIGH,TRUE
RR2009M,kane,23,,,34:07,,,,34:27,20,,,,,,S082,Cain A. Knight / Cageside Seats,HIGH,TRUE
RR2009M,r-truth,24,,,35:59,,,,36:11,12,,,,,,S082,Cain A. Knight / Cageside Seats,HIGH,TRUE
RR2009M,rob-van-dam,25,,,37:32,,,,37:56,24,,,,,,S082,Cain A. Knight / Cageside Seats,HIGH,TRUE
RR2009M,the-brian-kendrick,26,,,39:08,,,,39:33,25,,,,,,S082,Cain A. Knight / Cageside Seats,HIGH,TRUE
RR2009M,dolph-ziggler,27,,,40:45,,,,40:54,9,,,,,,S082,Cain A. Knight / Cageside Seats,HIGH,TRUE
RR2009M,santino-marella,28,,,42:19,,,,42:30,11,,,,,,S082,Cain A. Knight / Cageside Seats,HIGH,TRUE
RR2009M,jim-duggan,29,,,43:57,,,,44:12,15,,,,,,S082,Cain A. Knight / Cageside Seats,HIGH,TRUE
RR2009M,big-show,30,,,45:31,,,,46:18,47,,,,,,S082,Cain A. Knight / Cageside Seats,HIGH,TRUE
RR2010M,cm-punk,3,,,1:51,,,,2:05,14,,,,,,S096,Cain A. Knight / Cageside Seats,HIGH,TRUE
RR2010M,jtg,4,,,3:27,,,,3:37,10,,,,,,S096,Cain A. Knight / Cageside Seats,HIGH,TRUE
RR2010M,the-great-khali,5,,,4:54,,,,5:25,31,,,,,,S096,Cain A. Knight / Cageside Seats,HIGH,TRUE
RR2010M,beth-phoenix,6,,,6:21,,,,6:29,8,,,,,,S096,Cain A. Knight / Cageside Seats,HIGH,TRUE
RR2010M,zack-ryder,7,,,7:53,,,,8:10,17,,,,,,S096,Cain A. Knight / Cageside Seats,HIGH,TRUE
RR2010M,hunter-hearst-helmsley,8,,,9:25,,,,10:21,56,,,,,,S096,Cain A. Knight / Cageside Seats,HIGH,TRUE
RR2010M,drew-mcintyre,9,,,11:09,,,,11:47,38,,,,,,S096,Cain A. Knight / Cageside Seats,HIGH,TRUE
RR2010M,ted-dibiase-jr,10,,,12:40,,,,12:53,13,,,,,,S096,Cain A. Knight / Cageside Seats,HIGH,TRUE
RR2010M,johnny-nitro,11,,,14:11,,,,14:22,11,,,,,,S096,Cain A. Knight / Cageside Seats,HIGH,TRUE
RR2010M,kane,12,,,15:43,,,,16:05,22,,,,,,S096,Cain A. Knight / Cageside Seats,HIGH,TRUE
RR2010M,cody-rhodes,13,,,17:16,,,,17:32,16,,,,,,S096,Cain A. Knight / Cageside Seats,HIGH,TRUE
RR2010M,mvp,14,,,19:01,,,,22:23,202,,,,,,S096,Cain A. Knight / Cageside Seats,HIGH,TRUE
RR2010M,carlito,15,,,20:30,,,,20:41,11,,,,,,S096,Cain A. Knight / Cageside Seats,HIGH,TRUE
RR2010M,the-miz,16,,,22:01,,,,22:13,12,,,,,,S096,Cain A. Knight / Cageside Seats,HIGH,TRUE
RR2010M,matt-hardy,17,,,23:33,,,,23:41,8,,,,,,S096,Cain A. Knight / Cageside Seats,HIGH,TRUE
RR2010M,shawn-michaels,18,,,24:58,,,,25:12,14,,,,,,S096,Cain A. Knight / Cageside Seats,HIGH,TRUE
RR2010M,john-cena,19,,,26:45,,,,27:12,27,,,,,,S096,Cain A. Knight / Cageside Seats,HIGH,TRUE
RR2010M,shelton-benjamin,20,,,28:18,,,,28:27,9,,,,,,S096,Cain A. Knight / Cageside Seats,HIGH,TRUE
RR2010M,yoshi-tatsu,21,,,29:49,,,,29:57,8,,,,,,S096,Cain A. Knight / Cageside Seats,HIGH,TRUE
RR2010M,big-show,22,,,31:20,,,,31:33,13,,,,,,S096,Cain A. Knight / Cageside Seats,HIGH,TRUE
RR2010M,mark-henry,23,,,32:51,,,,33:12,21,,,,,,S096,Cain A. Knight / Cageside Seats,HIGH,TRUE
RR2010M,chris-masters,24,,,34:10,,,,34:21,11,,,,,,S096,Cain A. Knight / Cageside Seats,HIGH,TRUE
RR2010M,r-truth,25,,,35:24,,,,35:33,9,,,,,,S096,Cain A. Knight / Cageside Seats,HIGH,TRUE
RR2010M,jack-swagger,26,,,36:44,,,,36:53,9,,,,,,S096,Cain A. Knight / Cageside Seats,HIGH,TRUE
RR2010M,kofi-kingston,27,,,38:16,,,,38:29,13,,,,,,S096,Cain A. Knight / Cageside Seats,HIGH,TRUE
RR2010M,chris-jericho,28,,,39:46,,,,39:57,11,,,,,,S096,Cain A. Knight / Cageside Seats,HIGH,TRUE
RR2010M,edge,29,,,41:44,,,,42:04,20,,,,,,S096,Cain A. Knight / Cageside Seats,HIGH,TRUE
RR2010M,batista,30,,,43:10,,,,43:21,11,,,,,,S096,Cain A. Knight / Cageside Seats,HIGH,TRUE
RR2011M,justin-gabriel,3,,,1:31,,,,1:36,5,,,,,,S083,Cain A. Knight / Cageside Seats,HIGH,TRUE
RR2011M,zack-ryder,4,,,3:01,,,,3:11,10,,,,,,S083,Cain A. Knight / Cageside Seats,HIGH,TRUE
RR2011M,william-regal,5,,,4:31,,,,4:42,11,,,,,,S083,Cain A. Knight / Cageside Seats,HIGH,TRUE
RR2011M,ted-dibiase-jr,6,,,6:16,,,,6:33,17,,,,,,S083,Cain A. Knight / Cageside Seats,HIGH,TRUE
RR2011M,johnny-nitro,7,,,7:47,,,,7:59,12,,,,,,S083,Cain A. Knight / Cageside Seats,HIGH,TRUE
RR2011M,yoshi-tatsu,8,,,9:49,,,,9:58,9,,,,,,S083,Cain A. Knight / Cageside Seats,HIGH,TRUE
RR2011M,husky-harris,9,,,11:26,,,,11:35,9,,,,,,S083,Cain A. Knight / Cageside Seats,HIGH,TRUE
RR2011M,chavo-guerrero,10,,,12:48,,,,13:02,14,,,,,,S083,Cain A. Knight / Cageside Seats,HIGH,TRUE
RR2011M,mark-henry,11,,,14:29,,,,14:44,15,,,,,,S083,Cain A. Knight / Cageside Seats,HIGH,TRUE
RR2011M,jtg,12,,,16:00,,,,16:10,10,,,,,,S083,Cain A. Knight / Cageside Seats,HIGH,TRUE
RR2011M,michael-mcgillicutty,13,,,17:26,,,,17:33,7,,,,,,S083,Cain A. Knight / Cageside Seats,HIGH,TRUE
RR2011M,chris-masters,14,,,18:58,,,,19:07,9,,,,,,S083,Cain A. Knight / Cageside Seats,HIGH,TRUE
RR2011M,david-otunga,15,,,20:28,,,,20:43,15,,,,,,S083,Cain A. Knight / Cageside Seats,HIGH,TRUE
RR2011M,tyler-reks,16,,,21:59,,,,22:14,15,,,,,,S083,Cain A. Knight / Cageside Seats,HIGH,TRUE
RR2011M,vladimir-kozlov,17,,,23:30,,,,23:38,8,,,,,,S083,Cain A. Knight / Cageside Seats,HIGH,TRUE
RR2011M,r-truth,18,,,25:01,,,,25:08,7,,,,,,S083,Cain A. Knight / Cageside Seats,HIGH,TRUE
RR2011M,the-great-khali,19,,,26:31,,,,27:05,34,,,,,,S083,Cain A. Knight / Cageside Seats,HIGH,TRUE
RR2011M,mason-ryan,20,,,27:55,,,,28:02,7,,,,,,S083,Cain A. Knight / Cageside Seats,HIGH,TRUE
RR2011M,booker-t,21,,,29:26,,,,29:50,24,,,,,,S083,Cain A. Knight / Cageside Seats,HIGH,TRUE
RR2011M,john-cena,22,,,31:35,,,,32:12,37,,,,,,S083,Cain A. Knight / Cageside Seats,HIGH,TRUE
RR2011M,hornswoggle,23,,,33:58,,,,34:12,14,,,,,,S083,Cain A. Knight / Cageside Seats,HIGH,TRUE
RR2011M,tyson-kidd,24,,,36:05,,,,36:11,6,,,,,,S083,Cain A. Knight / Cageside Seats,HIGH,TRUE
RR2011M,heath-slater,25,,,37:35,,,,37:43,8,,,,,,S083,Cain A. Knight / Cageside Seats,HIGH,TRUE
RR2011M,kofi-kingston,26,,,39:11,,,,39:37,26,,,,,,S083,Cain A. Knight / Cageside Seats,HIGH,TRUE
RR2011M,jack-swagger,27,,,40:42,,,,40:52,10,,,,,,S083,Cain A. Knight / Cageside Seats,HIGH,TRUE
RR2011M,sheamus,28,,,42:22,,,,42:30,8,,,,,,S083,Cain A. Knight / Cageside Seats,HIGH,TRUE
RR2011M,rey-mysterio,29,,,44:12,,,,44:25,13,,,,,,S083,Cain A. Knight / Cageside Seats,HIGH,TRUE
RR2011M,wade-barrett,30,,,45:52,,,,46:12,20,,,,,,S083,Cain A. Knight / Cageside Seats,HIGH,TRUE
RR2011M,dolph-ziggler,31,,,47:22,,,,47:39,17,,,,,,S083,Cain A. Knight / Cageside Seats,HIGH,TRUE
RR2011M,diesel,32,,,48:53,,,,49:36,43,,,,,,S083,Cain A. Knight / Cageside Seats,HIGH,TRUE
RR2011M,drew-mcintyre,33,,,50:24,,,,50:31,7,,,,,,S083,Cain A. Knight / Cageside Seats,HIGH,TRUE
RR2011M,alex-riley,34,,,51:55,,,,52:11,16,,,,,,S083,Cain A. Knight / Cageside Seats,HIGH,TRUE
RR2011M,big-show,35,,,53:25,,,,54:04,39,,,,,,S083,Cain A. Knight / Cageside Seats,HIGH,TRUE
RR2011M,ezekiel-jackson,36,,,55:09,,,,55:19,10,,,,,,S083,Cain A. Knight / Cageside Seats,HIGH,TRUE
RR2011M,santino-marella,37,,,56:45,,,,56:56,11,,,,,,S083,Cain A. Knight / Cageside Seats,HIGH,TRUE
RR2011M,alberto-del-rio,38,,,58:24,,,,60:19,115,,,,,,S083,Cain A. Knight / Cageside Seats,HIGH,TRUE
RR2011M,randy-orton,39,,,59:55,,,,60:20,25,,,,,,S083,Cain A. Knight / Cageside Seats,HIGH,TRUE
RR2011M,kane,40,,,61:29,,,,61:52,23,,,,,,S083,Cain A. Knight / Cageside Seats,HIGH,TRUE
RR2012M,r-truth,3,,,1:56,,,,2:15,19,,,,,,S084,Cain A. Knight / Cageside Seats,HIGH,TRUE
RR2012M,cody-rhodes,4,,,3:27,,,,3:43,16,,,,,,S084,Cain A. Knight / Cageside Seats,HIGH,TRUE
RR2012M,justin-gabriel,5,,,4:57,,,,5:12,15,,,,,,S084,Cain A. Knight / Cageside Seats,HIGH,TRUE
RR2012M,primo,6,,,6:27,,,,6:35,8,,,,,,S084,Cain A. Knight / Cageside Seats,HIGH,TRUE
RR2012M,mick-foley,7,,,7:58,,,,8:12,14,,,,,,S084,Cain A. Knight / Cageside Seats,HIGH,TRUE
RR2012M,ricardo-rodriguez,8,,,9:28,,,,10:31,63,,,,,,S084,Cain A. Knight / Cageside Seats,HIGH,TRUE
RR2012M,santino-marella,9,,,11:39,,,,11:57,18,,,,,,S084,Cain A. Knight / Cageside Seats,HIGH,TRUE
RR2012M,epico,10,,,13:34,,,,13:44,10,,,,,,S084,Cain A. Knight / Cageside Seats,HIGH,TRUE
RR2012M,kofi-kingston,11,,,15:01,,,,15:17,16,,,,,,S084,Cain A. Knight / Cageside Seats,HIGH,TRUE
RR2012M,jerry-lawler,12,,,16:31,,,,16:47,16,,,,,,S084,Cain A. Knight / Cageside Seats,HIGH,TRUE
RR2012M,ezekiel-jackson,13,,,17:57,,,,18:08,11,,,,,,S084,Cain A. Knight / Cageside Seats,HIGH,TRUE
RR2012M,jinder-mahal,14,,,19:27,,,,20:23,56,,,,,,S084,Cain A. Knight / Cageside Seats,HIGH,TRUE
RR2012M,the-great-khali,15,,,20:57,,,,21:26,29,,,,,,S084,Cain A. Knight / Cageside Seats,HIGH,TRUE
RR2012M,hunico,16,,,22:27,,,,22:52,25,,,,,,S084,Cain A. Knight / Cageside Seats,HIGH,TRUE
RR2012M,booker-t,17,,,23:57,,,,24:15,18,,,,,,S084,Cain A. Knight / Cageside Seats,HIGH,TRUE
RR2012M,dolph-ziggler,18,,,25:44,,,,26:08,24,,,,,,S084,Cain A. Knight / Cageside Seats,HIGH,TRUE
RR2012M,jim-duggan,19,,,27:15,,,,27:34,19,,,,,,S084,Cain A. Knight / Cageside Seats,HIGH,TRUE
RR2012M,michael-cole,20,,,29:12,,,,29:57,45,,,,,,S084,Cain A. Knight / Cageside Seats,HIGH,TRUE
RR2012M,kharma,21,,,30:31,,,,30:59,28,,,,,,S084,Cain A. Knight / Cageside Seats,HIGH,TRUE
RR2012M,sheamus,22,,,32:23,,,,32:33,10,,,,,,S084,Cain A. Knight / Cageside Seats,HIGH,TRUE
RR2012M,road-dogg,23,,,33:53,,,,34:09,16,,,,,,S084,Cain A. Knight / Cageside Seats,HIGH,TRUE
RR2012M,jey-uso,24,,,35:21,,,,35:32,11,,,,,,S084,Cain A. Knight / Cageside Seats,HIGH,TRUE
RR2012M,jack-swagger,25,,,36:51,,,,37:06,15,,,,,,S084,Cain A. Knight / Cageside Seats,HIGH,TRUE
RR2012M,wade-barrett,26,,,38:20,,,,38:48,28,,,,,,S084,Cain A. Knight / Cageside Seats,HIGH,TRUE
RR2012M,david-otunga,27,,,39:50,,,,40:17,27,,,,,,S084,Cain A. Knight / Cageside Seats,HIGH,TRUE
RR2012M,randy-orton,28,,,41:20,,,,41:29,9,,,,,,S084,Cain A. Knight / Cageside Seats,HIGH,TRUE
RR2012M,chris-jericho,29,,,42:58,,,,43:19,21,,,,,,S084,Cain A. Knight / Cageside Seats,HIGH,TRUE
RR2012M,big-show,30,,,44:45,,,,45:19,34,,,,,,S084,Cain A. Knight / Cageside Seats,HIGH,TRUE
RR2013M,cody-rhodes,3,,,1:38,,,,1:49,11,,,,,,S101,Cain A. Knight / Cageside Seats,HIGH,TRUE
RR2013M,kofi-kingston,4,,,3:21,,,,3:33,12,,,,,,S101,Cain A. Knight / Cageside Seats,HIGH,TRUE
RR2013M,santino-marella,5,,,5:07,,,,5:22,15,,,,,,S101,Cain A. Knight / Cageside Seats,HIGH,TRUE
RR2013M,drew-mcintyre,6,,,6:46,,,,6:56,10,,,,,,S101,Cain A. Knight / Cageside Seats,HIGH,TRUE
RR2013M,titus-oneil,7,,,8:24,,,,8:36,12,,,,,,S101,Cain A. Knight / Cageside Seats,HIGH,TRUE
RR2013M,goldust,8,,,10:05,,,,10:33,28,,,,,,S101,Cain A. Knight / Cageside Seats,HIGH,TRUE
RR2013M,david-otunga,9,,,11:50,,,,12:10,20,,,,,,S101,Cain A. Knight / Cageside Seats,HIGH,TRUE
RR2013M,heath-slater,10,,,13:24,,,,13:38,14,,,,,,S101,Cain A. Knight / Cageside Seats,HIGH,TRUE
RR2013M,sheamus,11,,,15:06,,,,15:14,8,,,,,,S101,Cain A. Knight / Cageside Seats,HIGH,TRUE
RR2013M,prince-albert,12,,,16:35,,,,16:46,11,,,,,,S101,Cain A. Knight / Cageside Seats,HIGH,TRUE
RR2013M,brodus-clay,13,,,18:10,,,,18:39,29,,,,,,S101,Cain A. Knight / Cageside Seats,HIGH,TRUE
RR2013M,rey-mysterio,14,,,20:04,,,,20:13,9,,,,,,S101,Cain A. Knight / Cageside Seats,HIGH,TRUE
RR2013M,darren-young,15,,,21:42,,,,21:52,10,,,,,,S101,Cain A. Knight / Cageside Seats,HIGH,TRUE
RR2013M,bo-dallas,16,,,23:40,,,,23:50,10,,,,,,S101,Cain A. Knight / Cageside Seats,HIGH,TRUE
RR2013M,the-godfather,17,,,25:09,,,,25:58,49,,,,,,S101,Cain A. Knight / Cageside Seats,HIGH,TRUE
RR2013M,wade-barrett,18,,,26:56,,,,27:21,25,,,,,,S101,Cain A. Knight / Cageside Seats,HIGH,TRUE
RR2013M,john-cena,19,,,28:26,,,,28:56,30,,,,,,S101,Cain A. Knight / Cageside Seats,HIGH,TRUE
RR2013M,damien-sandow,20,,,30:08,,,,30:20,12,,,,,,S101,Cain A. Knight / Cageside Seats,HIGH,TRUE
RR2013M,daniel-bryan,21,,,31:38,,,,31:52,14,,,,,,S101,Cain A. Knight / Cageside Seats,HIGH,TRUE
RR2013M,cesaro,22,,,33:10,,,,33:25,15,,,,,,S101,Cain A. Knight / Cageside Seats,HIGH,TRUE
RR2013M,the-great-khali,23,,,34:40,,,,35:06,26,,,,,,S101,Cain A. Knight / Cageside Seats,HIGH,TRUE
RR2013M,kane,24,,,36:10,,,,36:26,16,,,,,,S101,Cain A. Knight / Cageside Seats,HIGH,TRUE
RR2013M,zack-ryder,25,,,37:32,,,,37:40,8,,,,,,S101,Cain A. Knight / Cageside Seats,HIGH,TRUE
RR2013M,randy-orton,26,,,39:02,,,,39:12,10,,,,,,S101,Cain A. Knight / Cageside Seats,HIGH,TRUE
RR2013M,jinder-mahal,27,,,40:33,,,,40:45,12,,,,,,S101,Cain A. Knight / Cageside Seats,HIGH,TRUE
RR2013M,the-miz,28,,,42:02,,,,42:29,27,,,,,,S101,Cain A. Knight / Cageside Seats,HIGH,TRUE
RR2013M,hunico,29,,,43:32,,,,43:54,22,,,,,,S101,Cain A. Knight / Cageside Seats,HIGH,TRUE
RR2013M,ryback,30,,,45:59,,,,46:16,17,,,,,,S101,Cain A. Knight / Cageside Seats,HIGH,TRUE
RR2014M,damien-sandow,3,,,1:31,,,,1:40,9,,,,,,S104,Cain A. Knight / Cageside Seats,HIGH,TRUE
RR2014M,cody-rhodes,4,,,3:02,,,,3:12,10,,,,,,S104,Cain A. Knight / Cageside Seats,HIGH,TRUE
RR2014M,kane,5,,,4:34,,,,4:48,14,,,,,,S104,Cain A. Knight / Cageside Seats,HIGH,TRUE
RR2014M,rusev,6,,,6:04,,,,6:28,24,,,,,,S104,Cain A. Knight / Cageside Seats,HIGH,TRUE
RR2014M,jack-swagger,7,,,7:35,,,,7:52,17,,,,,,S104,Cain A. Knight / Cageside Seats,HIGH,TRUE
RR2014M,kofi-kingston,8,,,9:07,,,,9:17,10,,,,,,S104,Cain A. Knight / Cageside Seats,HIGH,TRUE
RR2014M,jimmy-uso,9,,,10:38,,,,10:46,8,,,,,,S104,Cain A. Knight / Cageside Seats,HIGH,TRUE
RR2014M,goldust,10,,,12:08,,,,12:18,10,,,,,,S104,Cain A. Knight / Cageside Seats,HIGH,TRUE
RR2014M,dean-ambrose,11,,,14:34,,,,14:45,11,,,,,,S104,Cain A. Knight / Cageside Seats,HIGH,TRUE
RR2014M,dolph-ziggler,12,,,16:06,,,,16:18,12,,,,,,S104,Cain A. Knight / Cageside Seats,HIGH,TRUE
RR2014M,r-truth,13,,,17:37,,,,17:45,8,,,,,,S104,Cain A. Knight / Cageside Seats,HIGH,TRUE
RR2014M,diesel,14,,,19:30,,,,19:56,26,,,,,,S104,Cain A. Knight / Cageside Seats,HIGH,TRUE
RR2014M,roman-reigns,15,,,21:09,,,,21:25,16,,,,,,S104,Cain A. Knight / Cageside Seats,HIGH,TRUE
RR2014M,the-great-khali,16,,,22:47,,,,23:17,30,,,,,,S104,Cain A. Knight / Cageside Seats,HIGH,TRUE
RR2014M,sheamus,17,,,24:28,,,,24:40,12,,,,,,S104,Cain A. Knight / Cageside Seats,HIGH,TRUE
RR2014M,the-miz,18,,,26:04,,,,26:12,8,,,,,,S104,Cain A. Knight / Cageside Seats,HIGH,TRUE
RR2014M,fandango,19,,,27:34,,,,27:51,17,,,,,,S104,Cain A. Knight / Cageside Seats,HIGH,TRUE
RR2014M,el-torito,20,,,29:06,,,,29:29,23,,,,,,S104,Cain A. Knight / Cageside Seats,HIGH,TRUE
RR2014M,cesaro,21,,,31:15,,,,31:33,18,,,,,,S104,Cain A. Knight / Cageside Seats,HIGH,TRUE
RR2014M,luke-harper,22,,,32:47,,,,33:05,18,,,,,,S104,Cain A. Knight / Cageside Seats,HIGH,TRUE
RR2014M,jey-uso,23,,,34:20,,,,34:30,10,,,,,,S104,Cain A. Knight / Cageside Seats,HIGH,TRUE
RR2014M,bradshaw,24,,,35:50,,,,36:22,32,,,,,,S104,Cain A. Knight / Cageside Seats,HIGH,TRUE
RR2014M,erick-rowan,25,,,37:30,,,,37:48,18,,,,,,S104,Cain A. Knight / Cageside Seats,HIGH,TRUE
RR2014M,ryback,26,,,39:03,,,,39:15,12,,,,,,S104,Cain A. Knight / Cageside Seats,HIGH,TRUE
RR2014M,alberto-del-rio,27,,,40:34,,,,40:47,13,,,,,,S104,Cain A. Knight / Cageside Seats,HIGH,TRUE
RR2014M,batista,28,,,42:05,,,,42:17,12,,,,,,S104,Cain A. Knight / Cageside Seats,HIGH,TRUE
RR2014M,big-e,29,,,43:52,,,,44:00,8,,,,,,S104,Cain A. Knight / Cageside Seats,HIGH,TRUE
RR2014M,rey-mysterio,30,,,45:23,,,,45:33,10,,,,,,S104,Cain A. Knight / Cageside Seats,HIGH,TRUE
RR2015M,bubba-ray-dudley,3,,,1:30,,,,2:10,40,,,,,,S106,Cain A. Knight / Cageside Seats,HIGH,TRUE
RR2015M,luke-harper,4,,,4:05,,,,4:32,27,,,,,,S106,Cain A. Knight / Cageside Seats,HIGH,TRUE
RR2015M,bray-wyatt,5,,,5:44,,,,6:17,33,,,,,,S106,Cain A. Knight / Cageside Seats,HIGH,TRUE
RR2015M,curtis-axel,6,,,7:23,,,,7:48,25,,,,,,S106,Cain A. Knight / Cageside Seats,HIGH,TRUE
RR2015M,the-boogeyman,7,,,9:19,,,,10:16,57,,,,,,S106,Cain A. Knight / Cageside Seats,HIGH,TRUE
RR2015M,hunico,8,,,11:27,,,,11:42,15,,,,,,S106,Cain A. Knight / Cageside Seats,HIGH,TRUE
RR2015M,zack-ryder,9,,,13:15,,,,13:29,14,,,,,,S106,Cain A. Knight / Cageside Seats,HIGH,TRUE
RR2015M,daniel-bryan,10,,,15:03,,,,15:21,18,,,,,,S106,Cain A. Knight / Cageside Seats,HIGH,TRUE
RR2015M,fandango,11,,,16:45,,,,17:01,16,,,,,,S106,Cain A. Knight / Cageside Seats,HIGH,TRUE
RR2015M,tyson-kidd,12,,,18:23,,,,18:39,16,,,,,,S106,Cain A. Knight / Cageside Seats,HIGH,TRUE
RR2015M,cody-rhodes,13,,,19:50,,,,20:16,26,,,,,,S106,Cain A. Knight / Cageside Seats,HIGH,TRUE
RR2015M,diamond-dallas-page,14,,,21:43,,,,22:04,21,,,,,,S106,Cain A. Knight / Cageside Seats,HIGH,TRUE
RR2015M,rusev,15,,,23:52,,,,24:16,24,,,,,,S106,Cain A. Knight / Cageside Seats,HIGH,TRUE
RR2015M,goldust,16,,,26:00,,,,26:16,16,,,,,,S106,Cain A. Knight / Cageside Seats,HIGH,TRUE
RR2015M,kofi-kingston,17,,,27:45,,,,28:00,15,,,,,,S106,Cain A. Knight / Cageside Seats,HIGH,TRUE
RR2015M,adam-rose,18,,,29:28,,,,30:21,53,,,,,,S106,Cain A. Knight / Cageside Seats,HIGH,TRUE
RR2015M,roman-reigns,19,,,31:35,,,,32:05,30,,,,,,S106,Cain A. Knight / Cageside Seats,HIGH,TRUE
RR2015M,big-e,20,,,33:11,,,,33:27,16,,,,,,S106,Cain A. Knight / Cageside Seats,HIGH,TRUE
RR2015M,damien-sandow,21,,,34:52,,,,35:43,51,,,,,,S106,Cain A. Knight / Cageside Seats,HIGH,TRUE
RR2015M,jack-swagger,22,,,36:32,,,,36:50,18,,,,,,S106,Cain A. Knight / Cageside Seats,HIGH,TRUE
RR2015M,ryback,23,,,38:15,,,,38:32,17,,,,,,S106,Cain A. Knight / Cageside Seats,HIGH,TRUE
RR2015M,kane,24,,,39:58,,,,40:18,20,,,,,,S106,Cain A. Knight / Cageside Seats,HIGH,TRUE
RR2015M,dean-ambrose,25,,,41:29,,,,41:41,12,,,,,,S106,Cain A. Knight / Cageside Seats,HIGH,TRUE
RR2015M,titus-oneil,26,,,43:03,,,,43:30,27,,,,,,S106,Cain A. Knight / Cageside Seats,HIGH,TRUE
RR2015M,wade-barrett,27,,,44:50,,,,45:14,24,,,,,,S106,Cain A. Knight / Cageside Seats,HIGH,TRUE
RR2015M,cesaro,28,,,46:43,,,,47:05,22,,,,,,S106,Cain A. Knight / Cageside Seats,HIGH,TRUE
RR2015M,big-show,29,,,48:32,,,,48:52,20,,,,,,S106,Cain A. Knight / Cageside Seats,HIGH,TRUE
RR2015M,dolph-ziggler,30,,,50:21,,,,50:32,11,,,,,,S106,Cain A. Knight / Cageside Seats,HIGH,TRUE
RR2016M,aj-styles,3,,,1:46,,,,2:57,71,,,,,,S107,Cain A. Knight / Cageside Seats,HIGH,TRUE
RR2016M,tyler-breeze,4,,,3:55,,,,4:16,21,,,,,,S107,Cain A. Knight / Cageside Seats,HIGH,TRUE
RR2016M,curtis-axel,5,,,5:32,,,,5:56,24,,,,,,S107,Cain A. Knight / Cageside Seats,HIGH,TRUE
RR2016M,chris-jericho,6,,,7:19,,,,7:53,34,,,,,,S107,Cain A. Knight / Cageside Seats,HIGH,TRUE
RR2016M,kane,7,,,9:11,,,,9:36,25,,,,,,S107,Cain A. Knight / Cageside Seats,HIGH,TRUE
RR2016M,goldust,8,,,10:56,,,,11:19,23,,,,,,S107,Cain A. Knight / Cageside Seats,HIGH,TRUE
RR2016M,ryback,9,,,12:40,,,,13:00,20,,,,,,S107,Cain A. Knight / Cageside Seats,HIGH,TRUE
RR2016M,kofi-kingston,10,,,14:22,,,,14:47,25,,,,,,S107,Cain A. Knight / Cageside Seats,HIGH,TRUE
RR2016M,titus-oneil,11,,,16:06,,,,16:18,12,,,,,,S107,Cain A. Knight / Cageside Seats,HIGH,TRUE
RR2016M,r-truth,12,,,17:54,,,,18:18,24,,,,,,S107,Cain A. Knight / Cageside Seats,HIGH,TRUE
RR2016M,luke-harper,13,,,20:01,,,,20:45,44,,,,,,S107,Cain A. Knight / Cageside Seats,HIGH,TRUE
RR2016M,cody-rhodes,14,,,22:13,,,,22:30,17,,,,,,S107,Cain A. Knight / Cageside Seats,HIGH,TRUE
RR2016M,big-show,15,,,24:11,,,,24:49,38,,,,,,S107,Cain A. Knight / Cageside Seats,HIGH,TRUE
RR2016M,neville,16,,,25:58,,,,26:15,17,,,,,,S107,Cain A. Knight / Cageside Seats,HIGH,TRUE
RR2016M,braun-strowman,17,,,27:43,,,,28:02,19,,,,,,S107,Cain A. Knight / Cageside Seats,HIGH,TRUE
RR2016M,kevin-owens,18,,,29:38,,,,30:12,34,,,,,,S107,Cain A. Knight / Cageside Seats,HIGH,TRUE
RR2016M,dean-ambrose,19,,,31:43,,,,32:07,24,,,,,,S107,Cain A. Knight / Cageside Seats,HIGH,TRUE
RR2016M,sami-zayn,20,,,33:40,,,,34:04,24,,,,,,S107,Cain A. Knight / Cageside Seats,HIGH,TRUE
RR2016M,erick-rowan,21,,,35:22,,,,35:44,22,,,,,,S107,Cain A. Knight / Cageside Seats,HIGH,TRUE
RR2016M,mark-henry,22,,,37:12,,,,37:32,20,,,,,,S107,Cain A. Knight / Cageside Seats,HIGH,TRUE
RR2016M,brock-lesnar,23,,,38:59,,,,39:19,20,,,,,,S107,Cain A. Knight / Cageside Seats,HIGH,TRUE
RR2016M,jack-swagger,24,,,40:47,,,,41:03,16,,,,,,S107,Cain A. Knight / Cageside Seats,HIGH,TRUE
RR2016M,the-miz,25,,,42:29,,,,49:48,439,,,,,,S107,Cain A. Knight / Cageside Seats,HIGH,TRUE
RR2016M,alberto-del-rio,26,,,44:34,,,,44:49,15,,,,,,S107,Cain A. Knight / Cageside Seats,HIGH,TRUE
RR2016M,bray-wyatt,27,,,46:15,,,,46:57,42,,,,,,S107,Cain A. Knight / Cageside Seats,HIGH,TRUE
RR2016M,dolph-ziggler,28,,,49:16,,,,49:28,12,,,,,,S107,Cain A. Knight / Cageside Seats,HIGH,TRUE
RR2016M,sheamus,29,,,50:57,,,,55:26,269,,,,,,S107,Cain A. Knight / Cageside Seats,HIGH,TRUE
RR2016M,hunter-hearst-helmsley,30,,,52:37,,,,53:54,77,,,,,,S107,Cain A. Knight / Cageside Seats,HIGH,TRUE
RR2017M,kalisto,3,,,1:31,,,,1:58,27,,,,,,S1761,Cain A. Knight / Cageside Seats,HIGH,TRUE
RR2017M,mojo-rawley,4,,,3:09,,,,3:30,21,,,,,,S1761,Cain A. Knight / Cageside Seats,HIGH,TRUE
RR2017M,jack-gallagher,5,,,4:43,,,,5:06,23,,,,,,S1761,Cain A. Knight / Cageside Seats,HIGH,TRUE
RR2017M,mark-henry,6,,,6:44,,,,7:33,49,,,,,,S1761,Cain A. Knight / Cageside Seats,HIGH,TRUE
RR2017M,braun-strowman,7,,,8:44,,,,9:21,37,,,,,,S1761,Cain A. Knight / Cageside Seats,HIGH,TRUE
RR2017M,sami-zayn,8,,,11:06,,,,11:26,20,,,,,,S1761,Cain A. Knight / Cageside Seats,HIGH,TRUE
RR2017M,big-show,9,,,12:58,,,,13:56,58,,,,,,S1761,Cain A. Knight / Cageside Seats,HIGH,TRUE
RR2017M,tye-dillinger,10,,,15:56,,,,16:32,36,,,,,,S1761,Cain A. Knight / Cageside Seats,HIGH,TRUE
RR2017M,james-ellsworth,11,,,17:35,,,,19:52,137,,,,,,S1761,Cain A. Knight / Cageside Seats,HIGH,TRUE
RR2017M,dean-ambrose,12,,,19:13,,,,20:22,69,,,,,,S1761,Cain A. Knight / Cageside Seats,HIGH,TRUE
RR2017M,baron-corbin,13,,,21:18,,,,21:41,23,,,,,,S1761,Cain A. Knight / Cageside Seats,HIGH,TRUE
RR2017M,kofi-kingston,14,,,23:23,,,,23:42,19,,,,,,S1761,Cain A. Knight / Cageside Seats,HIGH,TRUE
RR2017M,the-miz,15,,,25:00,,,,25:35,35,,,,,,S1761,Cain A. Knight / Cageside Seats,HIGH,TRUE
RR2017M,sheamus,16,,,27:33,,,,27:51,18,,,,,,S1761,Cain A. Knight / Cageside Seats,HIGH,TRUE
RR2017M,big-e,17,,,29:25,,,,30:06,41,,,,,,S1761,Cain A. Knight / Cageside Seats,HIGH,TRUE
RR2017M,rusev,18,,,31:13,,,,31:44,31,,,,,,S1761,Cain A. Knight / Cageside Seats,HIGH,TRUE
RR2017M,cesaro,19,,,33:02,,,,33:20,18,,,,,,S1761,Cain A. Knight / Cageside Seats,HIGH,TRUE
RR2017M,xavier-woods,20,,,34:52,,,,35:08,16,,,,,,S1761,Cain A. Knight / Cageside Seats,HIGH,TRUE
RR2017M,bray-wyatt,21,,,36:38,,,,37:39,61,,,,,,S1761,Cain A. Knight / Cageside Seats,HIGH,TRUE
RR2017M,apollo-crews,22,,,38:58,,,,39:13,15,,,,,,S1761,Cain A. Knight / Cageside Seats,HIGH,TRUE
RR2017M,randy-orton,23,,,40:45,,,,41:14,29,,,,,,S1761,Cain A. Knight / Cageside Seats,HIGH,TRUE
RR2017M,dolph-ziggler,24,,,42:37,,,,42:59,22,,,,,,S1761,Cain A. Knight / Cageside Seats,HIGH,TRUE
RR2017M,luke-harper,25,,,44:12,,,,44:42,30,,,,,,S1761,Cain A. Knight / Cageside Seats,HIGH,TRUE
RR2017M,brock-lesnar,26,,,46:27,,,,47:11,44,,,,,,S1761,Cain A. Knight / Cageside Seats,HIGH,TRUE
RR2017M,enzo-amore,27,,,48:21,,,,49:13,52,,,,,,S1761,Cain A. Knight / Cageside Seats,HIGH,TRUE
RR2017M,goldberg,28,,,50:16,,,,51:19,63,,,,,,S1761,Cain A. Knight / Cageside Seats,HIGH,TRUE
RR2017M,the-undertaker,29,,,53:16,,,,53:48,32,,,,,,S1761,Cain A. Knight / Cageside Seats,HIGH,TRUE
RR2017M,roman-reigns,30,,,55:55,,,,57:02,67,,,,,,S1761,Cain A. Knight / Cageside Seats,HIGH,TRUE
RR2018M,rhyno,3,,,1:31,,,,1:56,25,,,,,,S147,Cain A. Knight / Cageside Seats,HIGH,TRUE
RR2018M,baron-corbin,4,,,3:07,,,,3:15,8,,,,,,S147,Cain A. Knight / Cageside Seats,HIGH,TRUE
RR2018M,heath-slater,5,,,5:01,,,,16:23,682,,,,,,S147,Cain A. Knight / Cageside Seats,HIGH,TRUE
RR2018M,elias,6,,,6:25,,,,7:35,70,,,,,,S147,Cain A. Knight / Cageside Seats,HIGH,TRUE
RR2018M,andrade,7,,,8:42,,,,9:08,26,,,,,,S147,Cain A. Knight / Cageside Seats,HIGH,TRUE
RR2018M,bray-wyatt,8,,,10:21,,,,11:05,44,,,,,,S147,Cain A. Knight / Cageside Seats,HIGH,TRUE
RR2018M,big-e,9,,,12:12,,,,13:01,49,,,,,,S147,Cain A. Knight / Cageside Seats,HIGH,TRUE
RR2018M,sami-zayn,10,,,14:05,,,,15:15,70,,,,,,S147,Cain A. Knight / Cageside Seats,HIGH,TRUE
RR2018M,sheamus,11,,,16:05,,,,16:24,19,,,,,,S147,Cain A. Knight / Cageside Seats,HIGH,TRUE
RR2018M,xavier-woods,12,,,17:45,,,,17:56,11,,,,,,S147,Cain A. Knight / Cageside Seats,HIGH,TRUE
RR2018M,apollo-crews,13,,,19:23,,,,19:34,11,,,,,,S147,Cain A. Knight / Cageside Seats,HIGH,TRUE
RR2018M,shinsuke-nakamura,14,,,20:48,,,,21:03,15,,,,,,S147,Cain A. Knight / Cageside Seats,HIGH,TRUE
RR2018M,cesaro,15,,,22:24,,,,22:34,10,,,,,,S147,Cain A. Knight / Cageside Seats,HIGH,TRUE
RR2018M,kofi-kingston,16,,,23:47,,,,24:05,18,,,,,,S147,Cain A. Knight / Cageside Seats,HIGH,TRUE
RR2018M,jinder-mahal,17,,,25:15,,,,25:34,19,,,,,,S147,Cain A. Knight / Cageside Seats,HIGH,TRUE
RR2018M,seth-rollins,18,,,26:47,,,,27:01,14,,,,,,S147,Cain A. Knight / Cageside Seats,HIGH,TRUE
RR2018M,matt-hardy,19,,,29:42,,,,29:57,15,,,,,,S147,Cain A. Knight / Cageside Seats,HIGH,TRUE
RR2018M,john-cena,20,,,31:17,,,,32:00,43,,,,,,S147,Cain A. Knight / Cageside Seats,HIGH,TRUE
RR2018M,the-hurricane,21,,,32:51,,,,33:15,24,,,,,,S147,Cain A. Knight / Cageside Seats,HIGH,TRUE
RR2018M,aiden-english,22,,,34:24,,,,34:36,12,,,,,,S147,Cain A. Knight / Cageside Seats,HIGH,TRUE
RR2018M,adam-cole,23,,,35:49,,,,36:10,21,,,,,,S147,Cain A. Knight / Cageside Seats,HIGH,TRUE
RR2018M,randy-orton,24,,,37:19,,,,37:39,20,,,,,,S147,Cain A. Knight / Cageside Seats,HIGH,TRUE
RR2018M,titus-oneil,25,,,38:47,,,,39:03,16,,,,,,S147,Cain A. Knight / Cageside Seats,HIGH,TRUE
RR2018M,the-miz,26,,,40:20,,,,40:39,19,,,,,,S147,Cain A. Knight / Cageside Seats,HIGH,TRUE
RR2018M,rey-mysterio,27,,,41:52,,,,42:09,17,,,,,,S147,Cain A. Knight / Cageside Seats,HIGH,TRUE
RR2018M,roman-reigns,28,,,43:34,,,,44:00,26,,,,,,S147,Cain A. Knight / Cageside Seats,HIGH,TRUE
RR2018M,goldust,29,,,46:12,,,,46:35,23,,,,,,S147,Cain A. Knight / Cageside Seats,HIGH,TRUE
RR2018M,dolph-ziggler,30,,,47:36,,,,48:04,28,,,,,,S147,Cain A. Knight / Cageside Seats,HIGH,TRUE
RR2018W,sarah-logan,3,,,1:30,,,,1:50,20,,,,,,S1762,Cain A. Knight / Cageside Seats,HIGH,TRUE
RR2018W,mandy-rose,4,,,3:19,,,,3:45,26,,,,,,S1762,Cain A. Knight / Cageside Seats,HIGH,TRUE
RR2018W,lita,5,,,5:01,,,,5:27,26,,,,,,S1762,Cain A. Knight / Cageside Seats,HIGH,TRUE
RR2018W,kairi-sane,6,,,7:30,,,,7:51,21,,,,,,S1762,Cain A. Knight / Cageside Seats,HIGH,TRUE
RR2018W,tamina,7,,,9:14,,,,9:31,17,,,,,,S1762,Cain A. Knight / Cageside Seats,HIGH,TRUE
RR2018W,dana-brooke,8,,,11:12,,,,11:30,18,,,,,,S1762,Cain A. Knight / Cageside Seats,HIGH,TRUE
RR2018W,torrie-wilson,9,,,12:40,,,,13:05,25,,,,,,S1762,Cain A. Knight / Cageside Seats,HIGH,TRUE
RR2018W,sonya-deville,10,,,14:30,,,,14:54,24,,,,,,S1762,Cain A. Knight / Cageside Seats,HIGH,TRUE
RR2018W,liv-morgan,11,,,16:05,,,,16:26,21,,,,,,S1762,Cain A. Knight / Cageside Seats,HIGH,TRUE
RR2018W,molly-holly,12,,,17:28,,,,17:46,18,,,,,,S1762,Cain A. Knight / Cageside Seats,HIGH,TRUE
RR2018W,lana,13,,,18:58,,,,19:21,23,,,,,,S1762,Cain A. Knight / Cageside Seats,HIGH,TRUE
RR2018W,michelle-mccool,14,,,20:19,,,,20:36,17,,,,,,S1762,Cain A. Knight / Cageside Seats,HIGH,TRUE
RR2018W,ruby-riott,15,,,22:08,,,,22:27,19,,,,,,S1762,Cain A. Knight / Cageside Seats,HIGH,TRUE
RR2018W,vickie-guerrero,16,,,23:38,,,,24:07,29,,,,,,S1762,Cain A. Knight / Cageside Seats,HIGH,TRUE
RR2018W,carmella,17,,,25:22,,,,27:13,111,,,,,,S1762,Cain A. Knight / Cageside Seats,HIGH,TRUE
RR2018W,natalya,18,,,26:44,,,,28:27,103,,,,,,S1762,Cain A. Knight / Cageside Seats,HIGH,TRUE
RR2018W,kelly-kelly,19,,,28:05,,,,28:25,20,,,,,,S1762,Cain A. Knight / Cageside Seats,HIGH,TRUE
RR2018W,naomi,20,,,29:30,,,,29:48,18,,,,,,S1762,Cain A. Knight / Cageside Seats,HIGH,TRUE
RR2018W,jacqueline,21,,,31:10,,,,31:37,27,,,,,,S1762,Cain A. Knight / Cageside Seats,HIGH,TRUE
RR2018W,nia-jax,22,,,32:36,,,,32:53,17,,,,,,S1762,Cain A. Knight / Cageside Seats,HIGH,TRUE
RR2018W,ember-moon,23,,,34:32,,,,34:55,23,,,,,,S1762,Cain A. Knight / Cageside Seats,HIGH,TRUE
RR2018W,beth-phoenix,24,,,36:35,,,,37:00,25,,,,,,S1762,Cain A. Knight / Cageside Seats,HIGH,TRUE
RR2018W,asuka,25,,,39:14,,,,39:36,22,,,,,,S1762,Cain A. Knight / Cageside Seats,HIGH,TRUE
RR2018W,mickie-james,26,,,41:05,,,,41:29,24,,,,,,S1762,Cain A. Knight / Cageside Seats,HIGH,TRUE
RR2018W,nikki-bella,27,,,42:27,,,,42:45,18,,,,,,S1762,Cain A. Knight / Cageside Seats,HIGH,TRUE
RR2018W,brie-bella,28,,,44:27,,,,44:38,11,,,,,,S1762,Cain A. Knight / Cageside Seats,HIGH,TRUE
RR2018W,bayley,29,,,45:47,,,,46:14,27,,,,,,S1762,Cain A. Knight / Cageside Seats,HIGH,TRUE
RR2018W,trish-stratus,30,,,47:13,,,,47:31,18,,,,,,S1762,Cain A. Knight / Cageside Seats,HIGH,TRUE
RR2019M,shinsuke-nakamura,3,,,1:35,,,,2:03,28,,,,,,S166,Cain A. Knight / Cageside Seats,HIGH,TRUE
RR2019M,kurt-angle,4,,,3:29,,,,3:48,19,,,,,,S166,Cain A. Knight / Cageside Seats,HIGH,TRUE
RR2019M,big-e,5,,,5:03,,,,5:49,46,,,,,,S166,Cain A. Knight / Cageside Seats,HIGH,TRUE
RR2019M,johnny-gargano,6,,,7:18,,,,7:55,37,,,,,,S166,Cain A. Knight / Cageside Seats,HIGH,TRUE
RR2019M,jinder-mahal,7,,,9:02,,,,9:19,17,,,,,,S166,Cain A. Knight / Cageside Seats,HIGH,TRUE
RR2019M,samoa-joe,8,,,10:44,,,,11:09,25,,,,,,S166,Cain A. Knight / Cageside Seats,HIGH,TRUE
RR2019M,curt-hawkins,9,,,12:14,,,,12:31,17,,,,,,S166,Cain A. Knight / Cageside Seats,HIGH,TRUE
RR2019M,seth-rollins,10,,,13:56,,,,14:24,28,,,,,,S166,Cain A. Knight / Cageside Seats,HIGH,TRUE
RR2019M,titus-oneil,11,,,15:33,,,,16:28,55,,,,,,S166,Cain A. Knight / Cageside Seats,HIGH,TRUE
RR2019M,kofi-kingston,12,,,17:08,,,,17:33,25,,,,,,S166,Cain A. Knight / Cageside Seats,HIGH,TRUE
RR2019M,mustafa-ali,13,,,18:40,,,,19:08,28,,,,,,S166,Cain A. Knight / Cageside Seats,HIGH,TRUE
RR2019M,dean-ambrose,14,,,20:12,,,,20:36,24,,,,,,S166,Cain A. Knight / Cageside Seats,HIGH,TRUE
RR2019M,no-way-jose,15,,,22:02,,,,22:42,40,,,,,,S166,Cain A. Knight / Cageside Seats,HIGH,TRUE
RR2019M,drew-mcintyre,16,,,23:29,,,,24:19,50,,,,,,S166,Cain A. Knight / Cageside Seats,HIGH,TRUE
RR2019M,xavier-woods,17,,,25:15,,,,26:22,67,,,,,,S166,Cain A. Knight / Cageside Seats,HIGH,TRUE
RR2019M,pete-dunne,18,,,26:51,,,,27:26,35,,,,,,S166,Cain A. Knight / Cageside Seats,HIGH,TRUE
RR2019M,andrade,19,,,28:30,,,,28:59,29,,,,,,S166,Cain A. Knight / Cageside Seats,HIGH,TRUE
RR2019M,apollo-crews,20,,,30:08,,,,30:27,19,,,,,,S166,Cain A. Knight / Cageside Seats,HIGH,TRUE
RR2019M,aleister-black,21,,,31:35,,,,32:09,34,,,,,,S166,Cain A. Knight / Cageside Seats,HIGH,TRUE
RR2019M,shelton-benjamin,22,,,33:36,,,,33:58,22,,,,,,S166,Cain A. Knight / Cageside Seats,HIGH,TRUE
RR2019M,baron-corbin,23,,,35:19,,,,35:41,22,,,,,,S166,Cain A. Knight / Cageside Seats,HIGH,TRUE
RR2019M,jeff-hardy,24,,,36:38,,,,36:58,20,,,,,,S166,Cain A. Knight / Cageside Seats,HIGH,TRUE
RR2019M,rey-mysterio,25,,,38:59,,,,39:26,27,,,,,,S166,Cain A. Knight / Cageside Seats,HIGH,TRUE
RR2019M,bobby-lashley,26,,,40:21,,,,40:57,36,,,,,,S166,Cain A. Knight / Cageside Seats,HIGH,TRUE
RR2019M,braun-strowman,27,,,42:14,,,,42:47,33,,,,,,S166,Cain A. Knight / Cageside Seats,HIGH,TRUE
RR2019M,dolph-ziggler,28,,,43:56,,,,44:16,20,,,,,,S166,Cain A. Knight / Cageside Seats,HIGH,TRUE
RR2019M,randy-orton,29,,,45:16,,,,46:04,48,,,,,,S166,Cain A. Knight / Cageside Seats,HIGH,TRUE
RR2019M,nia-jax,30,,,47:19,,,,48:22,63,,,,,,S166,Cain A. Knight / Cageside Seats,HIGH,TRUE
RR2019W,mandy-rose,3,,,1:32,,,,2:00,28,,,,,,S175,Cain A. Knight / Cageside Seats,HIGH,TRUE
RR2019W,liv-morgan,4,,,3:24,,,,3:54,30,,,,,,S175,Cain A. Knight / Cageside Seats,HIGH,TRUE
RR2019W,mickie-james,5,,,5:10,,,,5:38,28,,,,,,S175,Cain A. Knight / Cageside Seats,HIGH,TRUE
RR2019W,ember-moon,6,,,7:06,,,,7:37,31,,,,,,S175,Cain A. Knight / Cageside Seats,HIGH,TRUE
RR2019W,billie-kay,7,,,9:02,,,,12:36,214,,,,,,S175,Cain A. Knight / Cageside Seats,HIGH,TRUE
RR2019W,nikki-cross,8,,,10:47,,,,11:23,36,,,,,,S175,Cain A. Knight / Cageside Seats,HIGH,TRUE
RR2019W,peyton-royce,9,,,13:01,,,,13:16,15,,,,,,S175,Cain A. Knight / Cageside Seats,HIGH,TRUE
RR2019W,tamina,10,,,14:40,,,,15:09,29,,,,,,S175,Cain A. Knight / Cageside Seats,HIGH,TRUE
RR2019W,xia-li,11,,,17:12,,,,17:37,25,,,,,,S175,Cain A. Knight / Cageside Seats,HIGH,TRUE
RR2019W,sarah-logan,12,,,18:57,,,,19:21,24,,,,,,S175,Cain A. Knight / Cageside Seats,HIGH,TRUE
RR2019W,charlotte-flair,13,,,20:38,,,,21:20,42,,,,,,S175,Cain A. Knight / Cageside Seats,HIGH,TRUE
RR2019W,kairi-sane,14,,,22:58,,,,23:38,40,,,,,,S175,Cain A. Knight / Cageside Seats,HIGH,TRUE
RR2019W,maria-kanellis,15,,,25:13,,,,25:45,32,,,,,,S175,Cain A. Knight / Cageside Seats,HIGH,TRUE
RR2019W,naomi,16,,,27:03,,,,27:25,22,,,,,,S175,Cain A. Knight / Cageside Seats,HIGH,TRUE
RR2019W,candice-lerae,17,,,29:28,,,,29:54,26,,,,,,S175,Cain A. Knight / Cageside Seats,HIGH,TRUE
RR2019W,alicia-fox,18,,,31:14,,,,31:57,43,,,,,,S175,Cain A. Knight / Cageside Seats,HIGH,TRUE
RR2019W,kacy-catanzaro,19,,,33:52,,,,34:15,23,,,,,,S175,Cain A. Knight / Cageside Seats,HIGH,TRUE
RR2019W,zelina-vega,20,,,35:35,,,,36:01,26,,,,,,S175,Cain A. Knight / Cageside Seats,HIGH,TRUE
RR2019W,ruby-riott,21,,,37:27,,,,38:10,43,,,,,,S175,Cain A. Knight / Cageside Seats,HIGH,TRUE
RR2019W,dana-brooke,22,,,39:29,,,,39:46,17,,,,,,S175,Cain A. Knight / Cageside Seats,HIGH,TRUE
RR2019W,io-shirai,23,,,41:07,,,,42:06,59,,,,,,S175,Cain A. Knight / Cageside Seats,HIGH,TRUE
RR2019W,rhea-ripley,24,,,42:54,,,,43:27,33,,,,,,S175,Cain A. Knight / Cageside Seats,HIGH,TRUE
RR2019W,sonya-deville,25,,,45:17,,,,45:37,20,,,,,,S175,Cain A. Knight / Cageside Seats,HIGH,TRUE
RR2019W,alexa-bliss,26,,,48:11,,,,48:38,27,,,,,,S175,Cain A. Knight / Cageside Seats,HIGH,TRUE
RR2019W,bayley,27,,,50:19,,,,50:32,13,,,,,,S175,Cain A. Knight / Cageside Seats,HIGH,TRUE
RR2019W,becky-lynch,28,,,51:57,,,,58:02,365,,,,,,S175,Cain A. Knight / Cageside Seats,HIGH,TRUE
RR2019W,nia-jax,29,,,54:10,,,,54:59,49,,,,,,S175,Cain A. Knight / Cageside Seats,HIGH,TRUE
RR2019W,carmella,30,,,56:17,,,,56:41,24,,,,,,S175,Cain A. Knight / Cageside Seats,HIGH,TRUE
RR2020M,erick-rowan,3,,,1:33,,,,2:05,32,,,,,,S1763,Cain A. Knight / Cageside Seats,HIGH,TRUE
RR2020M,robert-roode,4,,,3:02,,,,3:47,45,,,,,,S1763,Cain A. Knight / Cageside Seats,HIGH,TRUE
RR2020M,john-morrison,5,,,4:53,,,,5:32,39,,,,,,S1763,Cain A. Knight / Cageside Seats,HIGH,TRUE
RR2020M,kofi-kingston,6,,,6:42,,,,7:08,26,,,,,,S1763,Cain A. Knight / Cageside Seats,HIGH,TRUE
RR2020M,rey-mysterio,7,,,8:14,,,,8:44,30,,,,,,S1763,Cain A. Knight / Cageside Seats,HIGH,TRUE
RR2020M,big-e,8,,,10:22,,,,10:54,32,,,,,,S1763,Cain A. Knight / Cageside Seats,HIGH,TRUE
RR2020M,cesaro,9,,,12:31,,,,12:46,15,,,,,,S1763,Cain A. Knight / Cageside Seats,HIGH,TRUE
RR2020M,shelton-benjamin,10,,,13:56,,,,14:43,47,,,,,,S1763,Cain A. Knight / Cageside Seats,HIGH,TRUE
RR2020M,shinsuke-nakamura,11,,,15:48,,,,16:26,38,,,,,,S1763,Cain A. Knight / Cageside Seats,HIGH,TRUE
RR2020M,mvp,12,,,17:33,,,,18:42,69,,,,,,S1763,Cain A. Knight / Cageside Seats,HIGH,TRUE
RR2020M,keith-lee,13,,,19:23,,,,20:13,50,,,,,,S1763,Cain A. Knight / Cageside Seats,HIGH,TRUE
RR2020M,braun-strowman,14,,,21:31,,,,21:56,25,,,,,,S1763,Cain A. Knight / Cageside Seats,HIGH,TRUE
RR2020M,ricochet,15,,,24:01,,,,24:19,18,,,,,,S1763,Cain A. Knight / Cageside Seats,HIGH,TRUE
RR2020M,drew-mcintyre,16,,,25:19,,,,25:56,37,,,,,,S1763,Cain A. Knight / Cageside Seats,HIGH,TRUE
RR2020M,the-miz,17,,,27:59,,,,28:29,30,,,,,,S1763,Cain A. Knight / Cageside Seats,HIGH,TRUE
RR2020M,aj-styles,18,,,29:56,,,,30:44,48,,,,,,S1763,Cain A. Knight / Cageside Seats,HIGH,TRUE
RR2020M,dolph-ziggler,19,,,31:40,,,,32:04,24,,,,,,S1763,Cain A. Knight / Cageside Seats,HIGH,TRUE
RR2020M,karl-anderson,20,,,33:08,,,,33:20,12,,,,,,S1763,Cain A. Knight / Cageside Seats,HIGH,TRUE
RR2020M,edge,21,,,34:46,,,,35:47,61,,,,,,S1763,Cain A. Knight / Cageside Seats,HIGH,TRUE
RR2020M,baron-corbin,22,,,37:09,,,,37:29,20,,,,,,S1763,Cain A. Knight / Cageside Seats,HIGH,TRUE
RR2020M,matt-riddle,23,,,38:55,,,,39:36,41,,,,,,S1763,Cain A. Knight / Cageside Seats,HIGH,TRUE
RR2020M,luke-gallows,24,,,40:41,,,,41:04,23,,,,,,S1763,Cain A. Knight / Cageside Seats,HIGH,TRUE
RR2020M,randy-orton,25,,,42:16,,,,42:42,26,,,,,,S1763,Cain A. Knight / Cageside Seats,HIGH,TRUE
RR2020M,roman-reigns,26,,,43:33,,,,44:06,33,,,,,,S1763,Cain A. Knight / Cageside Seats,HIGH,TRUE
RR2020M,kevin-owens,27,,,44:59,,,,45:16,17,,,,,,S1763,Cain A. Knight / Cageside Seats,HIGH,TRUE
RR2020M,aleister-black,28,,,46:23,,,,46:40,17,,,,,,S1763,Cain A. Knight / Cageside Seats,HIGH,TRUE
RR2020M,samoa-joe,29,,,47:54,,,,48:11,17,,,,,,S1763,Cain A. Knight / Cageside Seats,HIGH,TRUE
RR2020M,seth-rollins,30,,,49:24,,,,50:45,81,,,,,,S1763,Cain A. Knight / Cageside Seats,HIGH,TRUE
RR2020W,molly-holly,3,,,1:30,,,,1:57,27,,,,,,S1764,Cain A. Knight / Cageside Seats,HIGH,TRUE
RR2020W,nikki-cross,4,,,3:02,,,,3:17,15,,,,,,S1764,Cain A. Knight / Cageside Seats,HIGH,TRUE
RR2020W,lana,5,,,5:02,,,,6:02,60,,,,,,S1764,Cain A. Knight / Cageside Seats,HIGH,TRUE
RR2020W,mercedes-martinez,6,,,6:35,,,,7:08,33,,,,,,S1764,Cain A. Knight / Cageside Seats,HIGH,TRUE
RR2020W,liv-morgan,7,,,8:11,,,,8:27,16,,,,,,S1764,Cain A. Knight / Cageside Seats,HIGH,TRUE
RR2020W,mandy-rose,8,,,9:49,,,,10:15,26,,,,,,S1764,Cain A. Knight / Cageside Seats,HIGH,TRUE
RR2020W,candice-lerae,9,,,11:20,,,,11:44,24,,,,,,S1764,Cain A. Knight / Cageside Seats,HIGH,TRUE
RR2020W,sonya-deville,10,,,13:19,,,,13:34,15,,,,,,S1764,Cain A. Knight / Cageside Seats,HIGH,TRUE
RR2020W,kairi-sane,11,,,15:31,,,,16:00,29,,,,,,S1764,Cain A. Knight / Cageside Seats,HIGH,TRUE
RR2020W,mia-yim,12,,,17:03,,,,17:21,18,,,,,,S1764,Cain A. Knight / Cageside Seats,HIGH,TRUE
RR2020W,dana-brooke,13,,,19:27,,,,19:55,28,,,,,,S1764,Cain A. Knight / Cageside Seats,HIGH,TRUE
RR2020W,tamina,14,,,21:37,,,,21:59,22,,,,,,S1764,Cain A. Knight / Cageside Seats,HIGH,TRUE
RR2020W,dakota-kai,15,,,23:00,,,,23:21,21,,,,,,S1764,Cain A. Knight / Cageside Seats,HIGH,TRUE
RR2020W,chelsea-green,16,,,24:20,,,,24:48,28,,,,,,S1764,Cain A. Knight / Cageside Seats,HIGH,TRUE
RR2020W,charlotte-flair,17,,,26:54,,,,27:56,62,,,,,,S1764,Cain A. Knight / Cageside Seats,HIGH,TRUE
RR2020W,naomi,18,,,28:52,,,,29:27,35,,,,,,S1764,Cain A. Knight / Cageside Seats,HIGH,TRUE
RR2020W,beth-phoenix,19,,,30:25,,,,30:45,20,,,,,,S1764,Cain A. Knight / Cageside Seats,HIGH,TRUE
RR2020W,toni-storm,20,,,32:13,,,,32:35,22,,,,,,S1764,Cain A. Knight / Cageside Seats,HIGH,TRUE
RR2020W,kelly-kelly,21,,,33:57,,,,34:24,27,,,,,,S1764,Cain A. Knight / Cageside Seats,HIGH,TRUE
RR2020W,sarah-logan,22,,,35:43,,,,36:01,18,,,,,,S1764,Cain A. Knight / Cageside Seats,HIGH,TRUE
RR2020W,natalya,23,,,37:14,,,,37:35,21,,,,,,S1764,Cain A. Knight / Cageside Seats,HIGH,TRUE
RR2020W,xia-li,24,,,38:48,,,,39:11,23,,,,,,S1764,Cain A. Knight / Cageside Seats,HIGH,TRUE
RR2020W,zelina-vega,25,,,40:36,,,,40:57,21,,,,,,S1764,Cain A. Knight / Cageside Seats,HIGH,TRUE
RR2020W,shotzi-blackheart,26,,,42:20,,,,42:38,18,,,,,,S1764,Cain A. Knight / Cageside Seats,HIGH,TRUE
RR2020W,carmella,27,,,44:09,,,,44:29,20,,,,,,S1764,Cain A. Knight / Cageside Seats,HIGH,TRUE
RR2020W,tegan-nox,28,,,46:02,,,,46:21,19,,,,,,S1764,Cain A. Knight / Cageside Seats,HIGH,TRUE
RR2020W,santino-marella,29,,,47:20,,,,47:49,29,,,,,,S1764,Cain A. Knight / Cageside Seats,HIGH,TRUE
RR2020W,shayna-baszler,30,,,49:10,,,,49:49,39,,,,,,S1764,Cain A. Knight / Cageside Seats,HIGH,TRUE
RR2021M,sami-zayn,3,,,1:29,,,,1:53,24,,,,,,S215,Cain A. Knight / Cageside Seats,HIGH,TRUE
RR2021M,mustafa-ali,4,,,3:01,,,,3:15,14,,,,,,S215,Cain A. Knight / Cageside Seats,HIGH,TRUE
RR2021M,jeff-hardy,5,,,4:33,,,,4:42,9,,,,,,S215,Cain A. Knight / Cageside Seats,HIGH,TRUE
RR2021M,dolph-ziggler,6,,,7:11,,,,8:02,51,,,,,,S215,Cain A. Knight / Cageside Seats,HIGH,TRUE
RR2021M,shinsuke-nakamura,7,,,8:56,,,,9:13,17,,,,,,S215,Cain A. Knight / Cageside Seats,HIGH,TRUE
RR2021M,carlito,8,,,10:34,,,,11:00,26,,,,,,S215,Cain A. Knight / Cageside Seats,HIGH,TRUE
RR2021M,xavier-woods,9,,,12:24,,,,12:33,9,,,,,,S215,Cain A. Knight / Cageside Seats,HIGH,TRUE
RR2021M,big-e,10,,,13:42,,,,13:51,9,,,,,,S215,Cain A. Knight / Cageside Seats,HIGH,TRUE
RR2021M,john-morrison,11,,,15:13,,,,15:31,18,,,,,,S215,Cain A. Knight / Cageside Seats,HIGH,TRUE
RR2021M,ricochet,12,,,16:51,,,,17:10,19,,,,,,S215,Cain A. Knight / Cageside Seats,HIGH,TRUE
RR2021M,elias,13,,,18:30,,,,18:45,15,,,,,,S215,Cain A. Knight / Cageside Seats,HIGH,TRUE
RR2021M,damian-priest,14,,,20:06,,,,20:26,20,,,,,,S215,Cain A. Knight / Cageside Seats,HIGH,TRUE
RR2021M,the-miz,15,,,21:55,,,,22:43,48,,,,,,S215,Cain A. Knight / Cageside Seats,HIGH,TRUE
RR2021M,matt-riddle,16,,,24:26,,,,24:55,29,,,,,,S215,Cain A. Knight / Cageside Seats,HIGH,TRUE
RR2021M,daniel-bryan,17,,,26:03,,,,26:28,25,,,,,,S215,Cain A. Knight / Cageside Seats,HIGH,TRUE
RR2021M,kane,18,,,27:39,,,,28:05,26,,,,,,S215,Cain A. Knight / Cageside Seats,HIGH,TRUE
RR2021M,baron-corbin,19,,,30:18,,,,30:34,16,,,,,,S215,Cain A. Knight / Cageside Seats,HIGH,TRUE
RR2021M,otis,20,,,31:39,,,,31:56,17,,,,,,S215,Cain A. Knight / Cageside Seats,HIGH,TRUE
RR2021M,dominik-mysterio,21,,,33:27,,,,33:44,17,,,,,,S215,Cain A. Knight / Cageside Seats,HIGH,TRUE
RR2021M,bobby-lashley,22,,,35:19,,,,35:38,19,,,,,,S215,Cain A. Knight / Cageside Seats,HIGH,TRUE
RR2021M,the-hurricane,23,,,37:00,,,,37:22,22,,,,,,S215,Cain A. Knight / Cageside Seats,HIGH,TRUE
RR2021M,christian,24,,,38:48,,,,39:46,58,,,,,,S215,Cain A. Knight / Cageside Seats,HIGH,TRUE
RR2021M,aj-styles,25,,,40:50,,,,41:05,15,,,,,,S215,Cain A. Knight / Cageside Seats,HIGH,TRUE
RR2021M,rey-mysterio,26,,,42:27,,,,42:45,18,,,,,,S215,Cain A. Knight / Cageside Seats,HIGH,TRUE
RR2021M,sheamus,27,,,44:44,,,,45:21,37,,,,,,S215,Cain A. Knight / Cageside Seats,HIGH,TRUE
RR2021M,cesaro,28,,,46:49,,,,46:57,8,,,,,,S215,Cain A. Knight / Cageside Seats,HIGH,TRUE
RR2021M,seth-rollins,29,,,48:21,,,,49:23,62,,,,,,S215,Cain A. Knight / Cageside Seats,HIGH,TRUE
RR2021M,braun-strowman,30,,,50:15,,,,50:35,20,,,,,,S215,Cain A. Knight / Cageside Seats,HIGH,TRUE
RR2021W,bianca-belair,3,,,1:36,,,,1:56,20,,,,,,S1765,Cain A. Knight / Cageside Seats,HIGH,TRUE
RR2021W,billie-kay,4,,,3:17,,,,10:42,445,,,,,,S1765,Cain A. Knight / Cageside Seats,HIGH,TRUE
RR2021W,shotzi-blackheart,5,,,4:55,,,,5:46,51,,,,,,S1765,Cain A. Knight / Cageside Seats,HIGH,TRUE
RR2021W,shayna-baszler,6,,,6:44,,,,7:15,31,,,,,,S1765,Cain A. Knight / Cageside Seats,HIGH,TRUE
RR2021W,toni-storm,7,,,8:13,,,,8:40,27,,,,,,S1765,Cain A. Knight / Cageside Seats,HIGH,TRUE
RR2021W,jillian-hall,8,,,9:51,,,,10:42,51,,,,,,S1765,Cain A. Knight / Cageside Seats,HIGH,TRUE
RR2021W,ruby-riott,9,,,11:25,,,,11:41,16,,,,,,S1765,Cain A. Knight / Cageside Seats,HIGH,TRUE
RR2021W,victoria,10,,,12:56,,,,13:21,25,,,,,,S1765,Cain A. Knight / Cageside Seats,HIGH,TRUE
RR2021W,peyton-royce,11,,,14:34,,,,15:04,30,,,,,,S1765,Cain A. Knight / Cageside Seats,HIGH,TRUE
RR2021W,santana-garrett,12,,,16:04,,,,16:27,23,,,,,,S1765,Cain A. Knight / Cageside Seats,HIGH,TRUE
RR2021W,liv-morgan,13,,,17:35,,,,17:48,13,,,,,,S1765,Cain A. Knight / Cageside Seats,HIGH,TRUE
RR2021W,rhea-ripley,14,,,19:14,,,,19:43,29,,,,,,S1765,Cain A. Knight / Cageside Seats,HIGH,TRUE
RR2021W,charlotte-flair,15,,,21:14,,,,21:55,41,,,,,,S1765,Cain A. Knight / Cageside Seats,HIGH,TRUE
RR2021W,dana-brooke,16,,,22:54,,,,23:21,27,,,,,,S1765,Cain A. Knight / Cageside Seats,HIGH,TRUE
RR2021W,torrie-wilson,17,,,24:41,,,,25:06,25,,,,,,S1765,Cain A. Knight / Cageside Seats,HIGH,TRUE
RR2021W,lacey-evans,18,,,26:38,,,,27:52,74,,,,,,S1765,Cain A. Knight / Cageside Seats,HIGH,TRUE
RR2021W,mickie-james,19,,,29:14,,,,29:36,22,,,,,,S1765,Cain A. Knight / Cageside Seats,HIGH,TRUE
RR2021W,nikki-cross,20,,,31:11,,,,31:28,17,,,,,,S1765,Cain A. Knight / Cageside Seats,HIGH,TRUE
RR2021W,alicia-fox,21,,,32:43,,,,33:05,22,,,,,,S1765,Cain A. Knight / Cageside Seats,HIGH,TRUE
RR2021W,mandy-rose,22,,,33:59,,,,34:27,28,,,,,,S1765,Cain A. Knight / Cageside Seats,HIGH,TRUE
RR2021W,dakota-kai,23,,,35:41,,,,35:56,15,,,,,,S1765,Cain A. Knight / Cageside Seats,HIGH,TRUE
RR2021W,carmella,24,,,37:35,,,,38:41,66,,,,,,S1765,Cain A. Knight / Cageside Seats,HIGH,TRUE
RR2021W,tamina,25,,,39:11,,,,39:51,40,,,,,,S1765,Cain A. Knight / Cageside Seats,HIGH,TRUE
RR2021W,lana,26,,,41:30,,,,42:03,33,,,,,,S1765,Cain A. Knight / Cageside Seats,HIGH,TRUE
RR2021W,alexa-bliss,27,,,43:18,,,,43:41,23,,,,,,S1765,Cain A. Knight / Cageside Seats,HIGH,TRUE
RR2021W,ember-moon,28,,,45:07,,,,45:34,27,,,,,,S1765,Cain A. Knight / Cageside Seats,HIGH,TRUE
RR2021W,nia-jax,29,,,46:33,,,,47:03,30,,,,,,S1765,Cain A. Knight / Cageside Seats,HIGH,TRUE
RR2021W,natalya,30,,,50:00,,,,51:11,71,,,,,,S1765,Cain A. Knight / Cageside Seats,HIGH,TRUE
RR2022M,austin-theory,3,,,1:30,,,,2:05,35,,,,,,S1766,Cain A. Knight / Cageside Seats,HIGH,TRUE
RR2022M,robert-roode,4,,,3:16,,,,3:38,22,,,,,,S1766,Cain A. Knight / Cageside Seats,HIGH,TRUE
RR2022M,ridge-holland,5,,,5:17,,,,5:40,23,,,,,,S1766,Cain A. Knight / Cageside Seats,HIGH,TRUE
RR2022M,montez-ford,6,,,6:47,,,,7:14,27,,,,,,S1766,Cain A. Knight / Cageside Seats,HIGH,TRUE
RR2022M,damian-priest,7,,,8:19,,,,8:33,14,,,,,,S1766,Cain A. Knight / Cageside Seats,HIGH,TRUE
RR2022M,sami-zayn,8,,,9:53,,,,10:09,16,,,,,,S1766,Cain A. Knight / Cageside Seats,HIGH,TRUE
RR2022M,johnny-knoxville,9,,,11:20,,,,11:50,30,,,,,,S1766,Cain A. Knight / Cageside Seats,HIGH,TRUE
RR2022M,angelo-dawkins,10,,,13:44,,,,13:55,11,,,,,,S1766,Cain A. Knight / Cageside Seats,HIGH,TRUE
RR2022M,omos,11,,,15:10,,,,15:52,42,,,,,,S1766,Cain A. Knight / Cageside Seats,HIGH,TRUE
RR2022M,ricochet,12,,,17:05,,,,17:18,13,,,,,,S1766,Cain A. Knight / Cageside Seats,HIGH,TRUE
RR2022M,chad-gable,13,,,18:27,,,,18:52,25,,,,,,S1766,Cain A. Knight / Cageside Seats,HIGH,TRUE
RR2022M,dominik-mysterio,14,,,19:57,,,,20:07,10,,,,,,S1766,Cain A. Knight / Cageside Seats,HIGH,TRUE
RR2022M,baron-corbin,15,,,21:20,,,,21:34,14,,,,,,S1766,Cain A. Knight / Cageside Seats,HIGH,TRUE
RR2022M,dolph-ziggler,16,,,22:46,,,,23:05,19,,,,,,S1766,Cain A. Knight / Cageside Seats,HIGH,TRUE
RR2022M,sheamus,17,,,24:28,,,,25:03,35,,,,,,S1766,Cain A. Knight / Cageside Seats,HIGH,TRUE
RR2022M,rick-boogs,18,,,25:55,,,,26:11,16,,,,,,S1766,Cain A. Knight / Cageside Seats,HIGH,TRUE
RR2022M,riddick-moss,19,,,27:38,,,,27:52,14,,,,,,S1766,Cain A. Knight / Cageside Seats,HIGH,TRUE
RR2022M,matt-riddle,20,,,29:31,,,,30:04,33,,,,,,S1766,Cain A. Knight / Cageside Seats,HIGH,TRUE
RR2022M,drew-mcintyre,21,,,31:12,,,,31:56,44,,,,,,S1766,Cain A. Knight / Cageside Seats,HIGH,TRUE
RR2022M,kevin-owens,22,,,33:21,,,,33:53,32,,,,,,S1766,Cain A. Knight / Cageside Seats,HIGH,TRUE
RR2022M,rey-mysterio,23,,,34:50,,,,35:12,22,,,,,,S1766,Cain A. Knight / Cageside Seats,HIGH,TRUE
RR2022M,kofi-kingston,24,,,36:23,,,,36:47,24,,,,,,S1766,Cain A. Knight / Cageside Seats,HIGH,TRUE
RR2022M,otis,25,,,38:10,,,,38:35,25,,,,,,S1766,Cain A. Knight / Cageside Seats,HIGH,TRUE
RR2022M,big-e,26,,,39:58,,,,40:23,25,,,,,,S1766,Cain A. Knight / Cageside Seats,HIGH,TRUE
RR2022M,bad-bunny,27,,,41:35,,,,42:01,26,,,,,,S1766,Cain A. Knight / Cageside Seats,HIGH,TRUE
RR2022M,shane-mcmahon,28,,,44:09,,,,44:33,24,,,,,,S1766,Cain A. Knight / Cageside Seats,HIGH,TRUE
RR2022M,randy-orton,29,,,46:08,,,,46:48,40,,,,,,S1766,Cain A. Knight / Cageside Seats,HIGH,TRUE
RR2022M,brock-lesnar,30,,,48:05,,,,48:41,36,,,,,,S1766,Cain A. Knight / Cageside Seats,HIGH,TRUE
RR2022W,tamina,3,,,1:30,,,,2:13,43,,,,,,S1767,Cain A. Knight / Cageside Seats,HIGH,TRUE
RR2022W,kelly-kelly,4,,,3:26,,,,4:04,38,,,,,,S1767,Cain A. Knight / Cageside Seats,HIGH,TRUE
RR2022W,aliyah,5,,,5:25,,,,5:40,15,,,,,,S1767,Cain A. Knight / Cageside Seats,HIGH,TRUE
RR2022W,liv-morgan,6,,,6:57,,,,7:12,15,,,,,,S1767,Cain A. Knight / Cageside Seats,HIGH,TRUE
RR2022W,zelina-vega,7,,,8:39,,,,9:13,34,,,,,,S1767,Cain A. Knight / Cageside Seats,HIGH,TRUE
RR2022W,bianca-belair,8,,,10:30,,,,10:54,24,,,,,,S1767,Cain A. Knight / Cageside Seats,HIGH,TRUE
RR2022W,dana-brooke,9,,,12:16,,,,12:45,29,,,,,,S1767,Cain A. Knight / Cageside Seats,HIGH,TRUE
RR2022W,michelle-mccool,10,,,14:02,,,,14:18,16,,,,,,S1767,Cain A. Knight / Cageside Seats,HIGH,TRUE
RR2022W,sonya-deville,11,,,15:45,,,,20:32,287,,,,,,S1767,Cain A. Knight / Cageside Seats,HIGH,TRUE
RR2022W,natalya,12,,,17:40,,,,18:10,30,,,,,,S1767,Cain A. Knight / Cageside Seats,HIGH,TRUE
RR2022W,cameron,13,,,19:30,,,,20:10,40,,,,,,S1767,Cain A. Knight / Cageside Seats,HIGH,TRUE
RR2022W,naomi,14,,,21:31,,,,22:00,29,,,,,,S1767,Cain A. Knight / Cageside Seats,HIGH,TRUE
RR2022W,carmella,15,,,23:03,,,,25:48,165,,,,,,S1767,Cain A. Knight / Cageside Seats,HIGH,TRUE
RR2022W,rhea-ripley,16,,,25:01,,,,25:50,49,,,,,,S1767,Cain A. Knight / Cageside Seats,HIGH,TRUE
RR2022W,charlotte-flair,17,,,27:07,,,,28:15,68,,,,,,S1767,Cain A. Knight / Cageside Seats,HIGH,TRUE
RR2022W,ivory,18,,,30:00,,,,30:50,50,,,,,,S1767,Cain A. Knight / Cageside Seats,HIGH,TRUE
RR2022W,brie-bella,19,,,31:53,,,,32:12,19,,,,,,S1767,Cain A. Knight / Cageside Seats,HIGH,TRUE
RR2022W,mickie-james,20,,,33:49,,,,34:31,42,,,,,,S1767,Cain A. Knight / Cageside Seats,HIGH,TRUE
RR2022W,alicia-fox,21,,,35:38,,,,36:07,29,,,,,,S1767,Cain A. Knight / Cageside Seats,HIGH,TRUE
RR2022W,nikki-cross,22,,,37:24,,,,37:50,26,,,,,,S1767,Cain A. Knight / Cageside Seats,HIGH,TRUE
RR2022W,summer-rae,23,,,39:28,,,,39:46,18,,,,,,S1767,Cain A. Knight / Cageside Seats,HIGH,TRUE
RR2022W,nikki-bella,24,,,41:14,,,,41:39,25,,,,,,S1767,Cain A. Knight / Cageside Seats,HIGH,TRUE
RR2022W,sarah-logan,25,,,43:03,,,,43:27,24,,,,,,S1767,Cain A. Knight / Cageside Seats,HIGH,TRUE
RR2022W,lita,26,,,45:00,,,,45:33,33,,,,,,S1767,Cain A. Knight / Cageside Seats,HIGH,TRUE
RR2022W,molly-holly,27,,,46:58,,,,47:49,51,,,,,,S1767,Cain A. Knight / Cageside Seats,HIGH,TRUE
RR2022W,ronda-rousey,28,,,48:43,,,,49:25,42,,,,,,S1767,Cain A. Knight / Cageside Seats,HIGH,TRUE
RR2022W,shotzi-blackheart,29,,,50:52,,,,51:16,24,,,,,,S1767,Cain A. Knight / Cageside Seats,HIGH,TRUE
RR2022W,shayna-baszler,30,,,52:35,,,,52:52,17,,,,,,S1767,Cain A. Knight / Cageside Seats,HIGH,TRUE
RR2023M,the-miz,3,,,1:28,,,,2:35,67,,,,,,S254,Cain A. Knight / Cageside Seats,HIGH,TRUE
RR2023M,kofi-kingston,4,,,3:14,,,,3:40,26,,,,,,S254,Cain A. Knight / Cageside Seats,HIGH,TRUE
RR2023M,johnny-gargano,5,,,4:54,,,,5:32,38,,,,,,S254,Cain A. Knight / Cageside Seats,HIGH,TRUE
RR2023M,xavier-woods,6,,,7:12,,,,7:30,18,,,,,,S254,Cain A. Knight / Cageside Seats,HIGH,TRUE
RR2023M,karrion-kross,7,,,9:01,,,,9:50,49,,,,,,S254,Cain A. Knight / Cageside Seats,HIGH,TRUE
RR2023M,chad-gable,8,,,11:13,,,,11:46,33,,,,,,S254,Cain A. Knight / Cageside Seats,HIGH,TRUE
RR2023M,drew-mcintyre,9,,,12:52,,,,13:25,33,,,,,,S254,Cain A. Knight / Cageside Seats,HIGH,TRUE
RR2023M,santos-escobar,10,,,14:47,,,,15:18,31,,,,,,S254,Cain A. Knight / Cageside Seats,HIGH,TRUE
RR2023M,angelo-dawkins,11,,,16:46,,,,17:02,16,,,,,,S254,Cain A. Knight / Cageside Seats,HIGH,TRUE
RR2023M,brock-lesnar,12,,,18:50,,,,19:46,56,,,,,,S254,Cain A. Knight / Cageside Seats,HIGH,TRUE
RR2023M,bobby-lashley,13,,,21:05,,,,21:38,33,,,,,,S254,Cain A. Knight / Cageside Seats,HIGH,TRUE
RR2023M,baron-corbin,14,,,22:53,,,,25:57,184,,,,,,S254,Cain A. Knight / Cageside Seats,HIGH,TRUE
RR2023M,seth-rollins,15,,,24:37,,,,25:58,81,,,,,,S254,Cain A. Knight / Cageside Seats,HIGH,TRUE
RR2023M,otis,16,,,26:25,,,,27:01,36,,,,,,S254,Cain A. Knight / Cageside Seats,HIGH,TRUE
RR2023M,rey-mysterio,17,,,27:58,,,,,,,,,,,S254,Cain A. Knight / Cageside Seats,HIGH,TRUE
RR2023M,dominik-mysterio,18,,,29:38,,,,31:48,130,,,,,,S254,Cain A. Knight / Cageside Seats,HIGH,TRUE
RR2023M,elias,19,,,32:02,,,,32:37,35,,,,,,S254,Cain A. Knight / Cageside Seats,HIGH,TRUE
RR2023M,finn-balor,20,,,33:41,,,,34:26,45,,,,,,S254,Cain A. Knight / Cageside Seats,HIGH,TRUE
RR2023M,booker-t,21,,,35:52,,,,36:38,46,,,,,,S254,Cain A. Knight / Cageside Seats,HIGH,TRUE
RR2023M,damian-priest,22,,,37:38,,,,38:04,26,,,,,,S254,Cain A. Knight / Cageside Seats,HIGH,TRUE
RR2023M,montez-ford,23,,,39:15,,,,39:59,44,,,,,,S254,Cain A. Knight / Cageside Seats,HIGH,TRUE
RR2023M,edge,24,,,41:05,,,,41:44,39,,,,,,S254,Cain A. Knight / Cageside Seats,HIGH,TRUE
RR2023M,austin-theory,25,,,43:24,,,,44:59,95,,,,,,S254,Cain A. Knight / Cageside Seats,HIGH,TRUE
RR2023M,omos,26,,,45:24,,,,46:31,67,,,,,,S254,Cain A. Knight / Cageside Seats,HIGH,TRUE
RR2023M,braun-strowman,27,,,47:21,,,,48:12,51,,,,,,S254,Cain A. Knight / Cageside Seats,HIGH,TRUE
RR2023M,ricochet,28,,,50:06,,,,50:32,26,,,,,,S254,Cain A. Knight / Cageside Seats,HIGH,TRUE
RR2023M,logan-paul,29,,,52:54,,,,53:28,34,,,,,,S254,Cain A. Knight / Cageside Seats,HIGH,TRUE
RR2023M,cody-rhodes,30,,,55:19,,,,56:33,74,,,,,,S254,Cain A. Knight / Cageside Seats,HIGH,TRUE
RR2023W,dana-brooke,3,,,1:31,,,,2:10,39,,,,,,S1768,Cain A. Knight / Cageside Seats,HIGH,TRUE
RR2023W,emma,4,,,3:19,,,,3:58,39,,,,,,S1768,Cain A. Knight / Cageside Seats,HIGH,TRUE
RR2023W,shayna-baszler,5,,,4:47,,,,5:09,22,,,,,,S1768,Cain A. Knight / Cageside Seats,HIGH,TRUE
RR2023W,bayley,6,,,6:17,,,,6:59,42,,,,,,S1768,Cain A. Knight / Cageside Seats,HIGH,TRUE
RR2023W,b-fab,7,,,7:54,,,,8:27,33,,,,,,S1768,Cain A. Knight / Cageside Seats,HIGH,TRUE
RR2023W,roxanne-perez,8,,,9:32,,,,10:04,32,,,,,,S1768,Cain A. Knight / Cageside Seats,HIGH,TRUE
RR2023W,dakota-kai,9,,,11:08,,,,11:26,18,,,,,,S1768,Cain A. Knight / Cageside Seats,HIGH,TRUE
RR2023W,io-shirai,10,,,12:39,,,,13:08,29,,,,,,S1768,Cain A. Knight / Cageside Seats,HIGH,TRUE
RR2023W,natalya,11,,,14:56,,,,15:29,33,,,,,,S1768,Cain A. Knight / Cageside Seats,HIGH,TRUE
RR2023W,candice-lerae,12,,,16:38,,,,17:09,31,,,,,,S1768,Cain A. Knight / Cageside Seats,HIGH,TRUE
RR2023W,zoey-stark,13,,,18:54,,,,19:24,30,,,,,,S1768,Cain A. Knight / Cageside Seats,HIGH,TRUE
RR2023W,xia-li,14,,,20:31,,,,21:08,37,,,,,,S1768,Cain A. Knight / Cageside Seats,HIGH,TRUE
RR2023W,becky-lynch,15,,,22:38,,,,23:15,37,,,,,,S1768,Cain A. Knight / Cageside Seats,HIGH,TRUE
RR2023W,tegan-nox,16,,,24:31,,,,25:03,32,,,,,,S1768,Cain A. Knight / Cageside Seats,HIGH,TRUE
RR2023W,asuka,17,,,26:09,,,,27:12,63,,,,,,S1768,Cain A. Knight / Cageside Seats,HIGH,TRUE
RR2023W,piper-niven,18,,,29:00,,,,29:40,40,,,,,,S1768,Cain A. Knight / Cageside Seats,HIGH,TRUE
RR2023W,tamina,19,,,30:37,,,,31:11,34,,,,,,S1768,Cain A. Knight / Cageside Seats,HIGH,TRUE
RR2023W,chelsea-green,20,,,32:23,,,,33:19,56,,,,,,S1768,Cain A. Knight / Cageside Seats,HIGH,TRUE
RR2023W,zelina-vega,21,,,35:01,,,,35:44,43,,,,,,S1768,Cain A. Knight / Cageside Seats,HIGH,TRUE
RR2023W,raquel-rodriguez,22,,,36:56,,,,37:28,32,,,,,,S1768,Cain A. Knight / Cageside Seats,HIGH,TRUE
RR2023W,mia-yim,23,,,38:35,,,,39:12,37,,,,,,S1768,Cain A. Knight / Cageside Seats,HIGH,TRUE
RR2023W,lacey-evans,24,,,40:18,,,,40:51,33,,,,,,S1768,Cain A. Knight / Cageside Seats,HIGH,TRUE
RR2023W,michelle-mccool,25,,,41:57,,,,42:30,33,,,,,,S1768,Cain A. Knight / Cageside Seats,HIGH,TRUE
RR2023W,indi-hartwell,26,,,43:37,,,,44:02,25,,,,,,S1768,Cain A. Knight / Cageside Seats,HIGH,TRUE
RR2023W,sonya-deville,27,,,45:03,,,,45:50,47,,,,,,S1768,Cain A. Knight / Cageside Seats,HIGH,TRUE
RR2023W,shotzi-blackheart,28,,,47:30,,,,48:09,39,,,,,,S1768,Cain A. Knight / Cageside Seats,HIGH,TRUE
RR2023W,nikki-cross,29,,,49:13,,,,49:29,16,,,,,,S1768,Cain A. Knight / Cageside Seats,HIGH,TRUE
RR2023W,nia-jax,30,,,50:36,,,,51:44,68,,,,,,S1768,Cain A. Knight / Cageside Seats,HIGH,TRUE
RR2024M,grayson-waller,3,,,1:46,,,,,,,,,,,S1769,Cain A. Knight / Cageside Seats,HIGH,TRUE
RR2024M,andrade,4,,,3:32,,,,,,,,,,,S1769,Cain A. Knight / Cageside Seats,HIGH,TRUE
RR2024M,carmelo-hayes,5,,,5:31,,,,,,,,,,,S1769,Cain A. Knight / Cageside Seats,HIGH,TRUE
RR2024M,shinsuke-nakamura,6,,,7:15,,,,,,,,,,,S1769,Cain A. Knight / Cageside Seats,HIGH,TRUE
RR2024M,santos-escobar,7,,,8:54,,,,,,,,,,,S1769,Cain A. Knight / Cageside Seats,HIGH,TRUE
RR2024M,karrion-kross,8,,,11:04,,,,,,,,,,,S1769,Cain A. Knight / Cageside Seats,HIGH,TRUE
RR2024M,dominik-mysterio,9,,,12:45,,,,,,,,,,,S1769,Cain A. Knight / Cageside Seats,HIGH,TRUE
RR2024M,carlito,10,,,14:45,,,,,,,,,,,S1769,Cain A. Knight / Cageside Seats,HIGH,TRUE
RR2024M,bobby-lashley,11,,,16:24,,,,,,,,,,,S1769,Cain A. Knight / Cageside Seats,HIGH,TRUE
RR2024M,ludwig-kaiser,12,,,19:05,,,,,,,,,,,S1769,Cain A. Knight / Cageside Seats,HIGH,TRUE
RR2024M,austin-theory,13,,,20:44,,,,,,,,,,,S1769,Cain A. Knight / Cageside Seats,HIGH,TRUE
RR2024M,finn-balor,14,,,22:17,,,,,,,,,,,S1769,Cain A. Knight / Cageside Seats,HIGH,TRUE
RR2024M,cody-rhodes,15,,,23:56,,,,,,,,,,,S1769,Cain A. Knight / Cageside Seats,HIGH,TRUE
RR2024M,bronson-reed,16,,,25:46,,,,,,,,,,,S1769,Cain A. Knight / Cageside Seats,HIGH,TRUE
RR2024M,kofi-kingston,17,,,27:39,,,,,,,,,,,S1769,Cain A. Knight / Cageside Seats,HIGH,TRUE
RR2024M,gunther,18,,,29:24,,,,,,,,,,,S1769,Cain A. Knight / Cageside Seats,HIGH,TRUE
RR2024M,ivar,19,,,31:42,,,,,,,,,,,S1769,Cain A. Knight / Cageside Seats,HIGH,TRUE
RR2024M,bron-breakker,20,,,33:19,,,,,,,,,,,S1769,Cain A. Knight / Cageside Seats,HIGH,TRUE
RR2024M,omos,21,,,35:09,,,,,,,,,,,S1769,Cain A. Knight / Cageside Seats,HIGH,TRUE
RR2024M,pat-mcafee,22,,,37:08,,,,,,,,,,,S1769,Cain A. Knight / Cageside Seats,HIGH,TRUE
RR2024M,jd-mcdonagh,23,,,38:50,,,,,,,,,,,S1769,Cain A. Knight / Cageside Seats,HIGH,TRUE
RR2024M,r-truth,24,,,40:31,,,,,,,,,,,S1769,Cain A. Knight / Cageside Seats,HIGH,TRUE
RR2024M,the-miz,25,,,42:24,,,,,,,,,,,S1769,Cain A. Knight / Cageside Seats,HIGH,TRUE
RR2024M,damian-priest,26,,,44:00,,,,,,,,,,,S1769,Cain A. Knight / Cageside Seats,HIGH,TRUE
RR2024M,cm-punk,27,,,45:55,,,,,,,,,,,S1769,Cain A. Knight / Cageside Seats,HIGH,TRUE
RR2024M,ricochet,28,,,47:35,,,,,,,,,,,S1769,Cain A. Knight / Cageside Seats,HIGH,TRUE
RR2024M,drew-mcintyre,29,,,49:09,,,,,,,,,,,S1769,Cain A. Knight / Cageside Seats,HIGH,TRUE
RR2024M,sami-zayn,30,,,51:14,,,,,,,,,,,S1769,Cain A. Knight / Cageside Seats,HIGH,TRUE
RR2024W,bayley,3,,,1:34,,,,,,,,,,,S1770,Cain A. Knight / Cageside Seats,HIGH,TRUE
RR2024W,candice-lerae,4,,,3:27,,,,,,,,,,,S1770,Cain A. Knight / Cageside Seats,HIGH,TRUE
RR2024W,jordynne-grace,5,,,5:19,,,,,,,,,,,S1770,Cain A. Knight / Cageside Seats,HIGH,TRUE
RR2024W,indi-hartwell,6,,,7:22,,,,,,,,,,,S1770,Cain A. Knight / Cageside Seats,HIGH,TRUE
RR2024W,asuka,7,,,9:08,,,,,,,,,,,S1770,Cain A. Knight / Cageside Seats,HIGH,TRUE
RR2024W,ivy-nile,8,,,11:16,,,,,,,,,,,S1770,Cain A. Knight / Cageside Seats,HIGH,TRUE
RR2024W,kacy-catanzaro,9,,,12:54,,,,,,,,,,,S1770,Cain A. Knight / Cageside Seats,HIGH,TRUE
RR2024W,bianca-belair,10,,,14:51,,,,,,,,,,,S1770,Cain A. Knight / Cageside Seats,HIGH,TRUE
RR2024W,kairi-sane,11,,,16:51,,,,,,,,,,,S1770,Cain A. Knight / Cageside Seats,HIGH,TRUE
RR2024W,tegan-nox,12,,,19:24,,,,,,,,,,,S1770,Cain A. Knight / Cageside Seats,HIGH,TRUE
RR2024W,kayden-carter,13,,,21:17,,,,,,,,,,,S1770,Cain A. Knight / Cageside Seats,HIGH,TRUE
RR2024W,chelsea-green,14,,,23:14,,,,,,,,,,,S1770,Cain A. Knight / Cageside Seats,HIGH,TRUE
RR2024W,piper-niven,15,,,25:19,,,,,,,,,,,S1770,Cain A. Knight / Cageside Seats,HIGH,TRUE
RR2024W,xia-li,16,,,27:38,,,,,,,,,,,S1770,Cain A. Knight / Cageside Seats,HIGH,TRUE
RR2024W,zelina-vega,17,,,29:35,,,,,,,,,,,S1770,Cain A. Knight / Cageside Seats,HIGH,TRUE
RR2024W,maxxine-dupri,18,,,31:31,,,,,,,,,,,S1770,Cain A. Knight / Cageside Seats,HIGH,TRUE
RR2024W,nia-jax,19,,,33:48,,,,,,,,,,,S1770,Cain A. Knight / Cageside Seats,HIGH,TRUE
RR2024W,shotzi-blackheart,20,,,36:45,,,,,,,,,,,S1770,Cain A. Knight / Cageside Seats,HIGH,TRUE
RR2024W,becky-lynch,21,,,39:22,,,,,,,,,,,S1770,Cain A. Knight / Cageside Seats,HIGH,TRUE
RR2024W,alba-fyre,22,,,41:30,,,,,,,,,,,S1770,Cain A. Knight / Cageside Seats,HIGH,TRUE
RR2024W,shayna-baszler,23,,,43:35,,,,,,,,,,,S1770,Cain A. Knight / Cageside Seats,HIGH,TRUE
RR2024W,sarah-logan,24,,,45:09,,,,,,,,,,,S1770,Cain A. Knight / Cageside Seats,HIGH,TRUE
RR2024W,mia-yim,25,,,47:04,,,,,,,,,,,S1770,Cain A. Knight / Cageside Seats,HIGH,TRUE
RR2024W,zoey-stark,26,,,48:46,,,,,,,,,,,S1770,Cain A. Knight / Cageside Seats,HIGH,TRUE
RR2024W,roxanne-perez,27,,,50:39,,,,,,,,,,,S1770,Cain A. Knight / Cageside Seats,HIGH,TRUE
RR2024W,jade-cargill,28,,,52:58,,,,,,,,,,,S1770,Cain A. Knight / Cageside Seats,HIGH,TRUE
RR2024W,tiffany-stratton,29,,,55:35,,,,,,,,,,,S1770,Cain A. Knight / Cageside Seats,HIGH,TRUE
RR2024W,liv-morgan,30,,,57:48,,,,,,,,,,,S1770,Cain A. Knight / Cageside Seats,HIGH,TRUE
RR2025M,chad-gable,3,,,2:31,,,,,,,,,,,S1771,Cain A. Knight / Cageside Seats,HIGH,TRUE
RR2025M,carmelo-hayes,4,,,4:44,,,,,,,,,,,S1771,Cain A. Knight / Cageside Seats,HIGH,TRUE
RR2025M,santos-escobar,5,,,6:49,,,,,,,,,,,S1771,Cain A. Knight / Cageside Seats,HIGH,TRUE
RR2025M,otis,6,,,9:03,,,,,,,,,,,S1771,Cain A. Knight / Cageside Seats,HIGH,TRUE
RR2025M,bron-breakker,7,,,11:15,,,,,,,,,,,S1771,Cain A. Knight / Cageside Seats,HIGH,TRUE
RR2025M,akira-tozawa,8,,,13:17,,,,,,,,,,,S1771,Cain A. Knight / Cageside Seats,HIGH,TRUE
RR2025M,sheamus,9,,,16:49,,,,,,,,,,,S1771,Cain A. Knight / Cageside Seats,HIGH,TRUE
RR2025M,jimmy-uso,10,,,18:49,,,,,,,,,,,S1771,Cain A. Knight / Cageside Seats,HIGH,TRUE
RR2025M,andrade,11,,,20:42,,,,,,,,,,,S1771,Cain A. Knight / Cageside Seats,HIGH,TRUE
RR2025M,jacob-fatu,12,,,23:06,,,,,,,,,,,S1771,Cain A. Knight / Cageside Seats,HIGH,TRUE
RR2025M,ludwig-kaiser,13,,,25:12,,,,,,,,,,,S1771,Cain A. Knight / Cageside Seats,HIGH,TRUE
RR2025M,the-miz,14,,,27:23,,,,,,,,,,,S1771,Cain A. Knight / Cageside Seats,HIGH,TRUE
RR2025M,joe-hendry,15,,,29:31,,,,,,,,,,,S1771,Cain A. Knight / Cageside Seats,HIGH,TRUE
RR2025M,roman-reigns,16,,,31:33,,,,,,,,,,,S1771,Cain A. Knight / Cageside Seats,HIGH,TRUE
RR2025M,drew-mcintyre,17,,,36:22,,,,,,,,,,,S1771,Cain A. Knight / Cageside Seats,HIGH,TRUE
RR2025M,finn-balor,18,,,38:26,,,,,,,,,,,S1771,Cain A. Knight / Cageside Seats,HIGH,TRUE
RR2025M,shinsuke-nakamura,19,,,40:11,,,,,,,,,,,S1771,Cain A. Knight / Cageside Seats,HIGH,TRUE
RR2025M,jey-uso,20,,,42:37,,,,,,,,,,,S1771,Cain A. Knight / Cageside Seats,HIGH,TRUE
RR2025M,aj-styles,21,,,44:41,,,,,,,,,,,S1771,Cain A. Knight / Cageside Seats,HIGH,TRUE
RR2025M,braun-strowman,22,,,46:46,,,,,,,,,,,S1771,Cain A. Knight / Cageside Seats,HIGH,TRUE
RR2025M,john-cena,23,,,48:48,,,,,,,,,,,S1771,Cain A. Knight / Cageside Seats,HIGH,TRUE
RR2025M,cm-punk,24,,,50:35,,,,,,,,,,,S1771,Cain A. Knight / Cageside Seats,HIGH,TRUE
RR2025M,seth-rollins,25,,,52:34,,,,,,,,,,,S1771,Cain A. Knight / Cageside Seats,HIGH,TRUE
RR2025M,dominik-mysterio,26,,,54:45,,,,,,,,,,,S1771,Cain A. Knight / Cageside Seats,HIGH,TRUE
RR2025M,sami-zayn,27,,,56:40,,,,,,,,,,,S1771,Cain A. Knight / Cageside Seats,HIGH,TRUE
RR2025M,damian-priest,28,,,58:31,,,,,,,,,,,S1771,Cain A. Knight / Cageside Seats,HIGH,TRUE
RR2025M,la-knight,29,,,60:21,,,,,,,,,,,S1771,Cain A. Knight / Cageside Seats,HIGH,TRUE
RR2025M,logan-paul,30,,,62:47,,,,,,,,,,,S1771,Cain A. Knight / Cageside Seats,HIGH,TRUE
RR2025W,roxanne-perez,3,,,2:05,,,,,,,,,,,S1772,Cain A. Knight / Cageside Seats,HIGH,TRUE
RR2025W,lyra-valkyria,4,,,4:12,,,,,,,,,,,S1772,Cain A. Knight / Cageside Seats,HIGH,TRUE
RR2025W,chelsea-green,5,,,6:20,,,,,,,,,,,S1772,Cain A. Knight / Cageside Seats,HIGH,TRUE
RR2025W,b-fab,6,,,8:25,,,,,,,,,,,S1772,Cain A. Knight / Cageside Seats,HIGH,TRUE
RR2025W,ivy-nile,7,,,10:22,,,,,,,,,,,S1772,Cain A. Knight / Cageside Seats,HIGH,TRUE
RR2025W,zoey-stark,8,,,12:21,,,,,,,,,,,S1772,Cain A. Knight / Cageside Seats,HIGH,TRUE
RR2025W,lash-legend,9,,,14:23,,,,,,,,,,,S1772,Cain A. Knight / Cageside Seats,HIGH,TRUE
RR2025W,bianca-belair,10,,,16:47,,,,,,,,,,,S1772,Cain A. Knight / Cageside Seats,HIGH,TRUE
RR2025W,shayna-baszler,11,,,19:21,,,,,,,,,,,S1772,Cain A. Knight / Cageside Seats,HIGH,TRUE
RR2025W,bayley,12,,,21:26,,,,,,,,,,,S1772,Cain A. Knight / Cageside Seats,HIGH,TRUE
RR2025W,sonya-deville,13,,,23:25,,,,,,,,,,,S1772,Cain A. Knight / Cageside Seats,HIGH,TRUE
RR2025W,maxxine-dupri,14,,,25:35,,,,,,,,,,,S1772,Cain A. Knight / Cageside Seats,HIGH,TRUE
RR2025W,naomi,15,,,27:51,,,,,,,,,,,S1772,Cain A. Knight / Cageside Seats,HIGH,TRUE
RR2025W,jaida-parker,16,,,30:28,,,,,,,,,,,S1772,Cain A. Knight / Cageside Seats,HIGH,TRUE
RR2025W,piper-niven,17,,,32:26,,,,,,,,,,,S1772,Cain A. Knight / Cageside Seats,HIGH,TRUE
RR2025W,natalya,18,,,34:34,,,,,,,,,,,S1772,Cain A. Knight / Cageside Seats,HIGH,TRUE
RR2025W,jordynne-grace,19,,,36:31,,,,,,,,,,,S1772,Cain A. Knight / Cageside Seats,HIGH,TRUE
RR2025W,mia-yim,20,,,38:44,,,,,,,,,,,S1772,Cain A. Knight / Cageside Seats,HIGH,TRUE
RR2025W,alexa-bliss,21,,,40:44,,,,,,,,,,,S1772,Cain A. Knight / Cageside Seats,HIGH,TRUE
RR2025W,zelina-vega,22,,,42:53,,,,,,,,,,,S1772,Cain A. Knight / Cageside Seats,HIGH,TRUE
RR2025W,candice-lerae,23,,,45:02,,,,,,,,,,,S1772,Cain A. Knight / Cageside Seats,HIGH,TRUE
RR2025W,stephanie-vaquer,24,,,47:06,,,,,,,,,,,S1772,Cain A. Knight / Cageside Seats,HIGH,TRUE
RR2025W,trish-stratus,25,,,49:03,,,,,,,,,,,S1772,Cain A. Knight / Cageside Seats,HIGH,TRUE
RR2025W,raquel-rodriguez,26,,,51:14,,,,,,,,,,,S1772,Cain A. Knight / Cageside Seats,HIGH,TRUE
RR2025W,charlotte-flair,27,,,53:24,,,,,,,,,,,S1772,Cain A. Knight / Cageside Seats,HIGH,TRUE
RR2025W,giulia,28,,,57:40,,,,,,,,,,,S1772,Cain A. Knight / Cageside Seats,HIGH,TRUE
RR2025W,nia-jax,29,,,60:34,,,,,,,,,,,S1772,Cain A. Knight / Cageside Seats,HIGH,TRUE
RR2025W,nikki-bella,30,,,63:12,,,,,,,,,,,S1772,Cain A. Knight / Cageside Seats,HIGH,TRUE
RR2026M,solo-sikoa,3,,,1:34,,,,,,,,,,,S1773,Cain A. Knight / Cageside Seats,HIGH,TRUE
RR2026M,rey-mysterio,4,,,3:11,,,,,,,,,,,S1773,Cain A. Knight / Cageside Seats,HIGH,TRUE
RR2026M,rusev,5,,,4:44,,,,,,,,,,,S1773,Cain A. Knight / Cageside Seats,HIGH,TRUE
RR2026M,zack-ryder,6,,,7:00,,,,,,,,,,,S1773,Cain A. Knight / Cageside Seats,HIGH,TRUE
RR2026M,damian-priest,7,,,8:48,,,,,,,,,,,S1773,Cain A. Knight / Cageside Seats,HIGH,TRUE
RR2026M,jevon-evans,8,,,10:25,,,,,,,,,,,S1773,Cain A. Knight / Cageside Seats,HIGH,TRUE
RR2026M,mr-iguana,9,,,11:58,,,,,,,,,,,S1773,Cain A. Knight / Cageside Seats,HIGH,TRUE
RR2026M,trick-williams,10,,,14:00,,,,,,,,,,,S1773,Cain A. Knight / Cageside Seats,HIGH,TRUE
RR2026M,cody-rhodes,11,,,15:40,,,,,,,,,,,S1773,Cain A. Knight / Cageside Seats,HIGH,TRUE
RR2026M,el-grande-americano-ii,12,,,17:14,,,,,,,,,,,S1773,Cain A. Knight / Cageside Seats,HIGH,TRUE
RR2026M,el-grande-americano-i,13,,,18:46,,,,,,,,,,,S1773,Cain A. Knight / Cageside Seats,HIGH,TRUE
RR2026M,powerhouse-hobbs,14,,,21:05,,,,,,,,,,,S1773,Cain A. Knight / Cageside Seats,HIGH,TRUE
RR2026M,austin-theory,15,,,22:47,,,,,,,,,,,S1773,Cain A. Knight / Cageside Seats,HIGH,TRUE
RR2026M,bronson-reed,16,,,24:15,,,,,,,,,,,S1773,Cain A. Knight / Cageside Seats,HIGH,TRUE
RR2026M,ilja-dragunov,17,,,25:43,,,,,,,,,,,S1773,Cain A. Knight / Cageside Seats,HIGH,TRUE
RR2026M,la-parka-iii,18,,,27:15,,,,,,,,,,,S1773,Cain A. Knight / Cageside Seats,HIGH,TRUE
RR2026M,dragon-lee,19,,,28:48,,,,,,,,,,,S1773,Cain A. Knight / Cageside Seats,HIGH,TRUE
RR2026M,logan-paul,20,,,30:15,,,,,,,,,,,S1773,Cain A. Knight / Cageside Seats,HIGH,TRUE
RR2026M,la-knight,21,,,32:37,,,,,,,,,,,S1773,Cain A. Knight / Cageside Seats,HIGH,TRUE
RR2026M,brock-lesnar,22,,,34:13,,,,,,,,,,,S1773,Cain A. Knight / Cageside Seats,HIGH,TRUE
RR2026M,the-miz,23,,,36:08,,,,,,,,,,,S1773,Cain A. Knight / Cageside Seats,HIGH,TRUE
RR2026M,rey-fenix,24,,,37:32,,,,,,,,,,,S1773,Cain A. Knight / Cageside Seats,HIGH,TRUE
RR2026M,jey-uso,25,,,39:08,,,,,,,,,,,S1773,Cain A. Knight / Cageside Seats,HIGH,TRUE
RR2026M,roman-reigns,26,,,41:25,,,,,,,,,,,S1773,Cain A. Knight / Cageside Seats,HIGH,TRUE
RR2026M,jacob-fatu,27,,,43:48,,,,,,,,,,,S1773,Cain A. Knight / Cageside Seats,HIGH,TRUE
RR2026M,penta,28,,,45:56,,,,,,,,,,,S1773,Cain A. Knight / Cageside Seats,HIGH,TRUE
RR2026M,randy-orton,29,,,47:40,,,,,,,,,,,S1773,Cain A. Knight / Cageside Seats,HIGH,TRUE
RR2026M,gunther,30,,,49:46,,,,,,,,,,,S1773,Cain A. Knight / Cageside Seats,HIGH,TRUE
RR2026W,kiana-james,3,,,1:40,,,,,,,,,,,S1774,Cain A. Knight / Cageside Seats,HIGH,TRUE
RR2026W,nia-jax,4,,,3:14,,,,,,,,,,,S1774,Cain A. Knight / Cageside Seats,HIGH,TRUE
RR2026W,ivy-nile,5,,,5:23,,,,,,,,,,,S1774,Cain A. Knight / Cageside Seats,HIGH,TRUE
RR2026W,lola-vice,6,,,6:59,,,,,,,,,,,S1774,Cain A. Knight / Cageside Seats,HIGH,TRUE
RR2026W,candice-lerae,7,,,9:26,,,,,,,,,,,S1774,Cain A. Knight / Cageside Seats,HIGH,TRUE
RR2026W,jordynne-grace,8,,,11:01,,,,,,,,,,,S1774,Cain A. Knight / Cageside Seats,HIGH,TRUE
RR2026W,becky-lynch,9,,,13:46,,,,,,,,,,,S1774,Cain A. Knight / Cageside Seats,HIGH,TRUE
RR2026W,sol-ruca,10,,,15:27,,,,,,,,,,,S1774,Cain A. Knight / Cageside Seats,HIGH,TRUE
RR2026W,roxanne-perez,11,,,17:01,,,,,,,,,,,S1774,Cain A. Knight / Cageside Seats,HIGH,TRUE
RR2026W,maxxine-dupri,12,,,18:39,,,,,,,,,,,S1774,Cain A. Knight / Cageside Seats,HIGH,TRUE
RR2026W,natalya,13,,,20:26,,,,,,,,,,,S1774,Cain A. Knight / Cageside Seats,HIGH,TRUE
RR2026W,liv-morgan,14,,,22:29,,,,,,,,,,,S1774,Cain A. Knight / Cageside Seats,HIGH,TRUE
RR2026W,lash-legend,15,,,24:02,,,,,,,,,,,S1774,Cain A. Knight / Cageside Seats,HIGH,TRUE
RR2026W,zelina-vega,16,,,26:29,,,,,,,,,,,S1774,Cain A. Knight / Cageside Seats,HIGH,TRUE
RR2026W,raquel-rodriguez,17,,,28:00,,,,,,,,,,,S1774,Cain A. Knight / Cageside Seats,HIGH,TRUE
RR2026W,chelsea-green,18,,,29:54,,,,,,,,,,,S1774,Cain A. Knight / Cageside Seats,HIGH,TRUE
RR2026W,giulia,19,,,31:48,,,,,,,,,,,S1774,Cain A. Knight / Cageside Seats,HIGH,TRUE
RR2026W,io-shirai,20,,,33:27,,,,,,,,,,,S1774,Cain A. Knight / Cageside Seats,HIGH,TRUE
RR2026W,asuka,21,,,35:17,,,,,,,,,,,S1774,Cain A. Knight / Cageside Seats,HIGH,TRUE
RR2026W,rhea-ripley,22,,,37:23,,,,,,,,,,,S1774,Cain A. Knight / Cageside Seats,HIGH,TRUE
RR2026W,bayley,23,,,40:06,,,,,,,,,,,S1774,Cain A. Knight / Cageside Seats,HIGH,TRUE
RR2026W,jacy-jayne,24,,,41:32,,,,,,,,,,,S1774,Cain A. Knight / Cageside Seats,HIGH,TRUE
RR2026W,nikki-bella,25,,,44:24,,,,,,,,,,,S1774,Cain A. Knight / Cageside Seats,HIGH,TRUE
RR2026W,lyra-valkyria,26,,,45:57,,,,,,,,,,,S1774,Cain A. Knight / Cageside Seats,HIGH,TRUE
RR2026W,kelani-jordan,27,,,47:54,,,,,,,,,,,S1774,Cain A. Knight / Cageside Seats,HIGH,TRUE
RR2026W,kairi-sane,28,,,49:18,,,,,,,,,,,S1774,Cain A. Knight / Cageside Seats,HIGH,TRUE
RR2026W,brie-bella,29,,,51:46,,,,,,,,,,,S1774,Cain A. Knight / Cageside Seats,HIGH,TRUE
RR2026W,tiffany-stratton,30,,,53:21,,,,,,,,,,,S1774,Cain A. Knight / Cageside Seats,HIGH,TRUE
