table,row_key,change_type,changed_fields,reason
entrants.csv,RR1988M;b-brian-blair,CHANGED,elimination_clock_time;elimination_clock_seconds;promotion_at_event;promotion_at_event_status;wrestled_masked;source_ids,event-era WWE/WWF brand or promotion affiliation populated; per-appearance masked status completed
entrants.csv,RR1988M;boris-zhukov,CHANGED,elimination_clock_time;elimination_clock_seconds;promotion_at_event;promotion_at_event_status;wrestled_masked;source_ids,event-era WWE/WWF brand or promotion affiliation populated; per-appearance masked status completed
entrants.csv,RR1988M;bret-hart,CHANGED,promotion_at_event;promotion_at_event_status;wrestled_masked;source_ids,event-era WWE/WWF brand or promotion affiliation populated; per-appearance masked status completed
entrants.csv,RR1988M;butch-reed,CHANGED,elimination_clock_time;elimination_clock_seconds;promotion_at_event;promotion_at_event_status;wrestled_masked;source_ids,event-era WWE/WWF brand or promotion affiliation populated; per-appearance masked status completed
entrants.csv,RR1988M;danny-davis,CHANGED,elimination_clock_time;elimination_clock_seconds;promotion_at_event;promotion_at_event_status;wrestled_masked;source_ids,event-era WWE/WWF brand or promotion affiliation populated; per-appearance masked status completed
entrants.csv,RR1988M;dino-bravo,CHANGED,elimination_clock_time;elimination_clock_seconds;promotion_at_event;promotion_at_event_status;wrestled_masked;source_ids,event-era WWE/WWF brand or promotion affiliation populated; per-appearance masked status completed
entrants.csv,RR1988M;don-muraco,CHANGED,elimination_clock_time;elimination_clock_seconds;promotion_at_event;promotion_at_event_status;wrestled_masked;source_ids,event-era WWE/WWF brand or promotion affiliation populated; per-appearance masked status completed
entrants.csv,RR1988M;harley-race,CHANGED,elimination_clock_time;elimination_clock_seconds;promotion_at_event;promotion_at_event_status;wrestled_masked;source_ids,event-era WWE/WWF brand or promotion affiliation populated; per-appearance masked status completed
entrants.csv,RR1988M;hillbilly-jim,CHANGED,elimination_clock_time;elimination_clock_seconds;promotion_at_event;promotion_at_event_status;wrestled_masked;source_ids,event-era WWE/WWF brand or promotion affiliation populated; per-appearance masked status completed
entrants.csv,RR1988M;jake-roberts,CHANGED,elimination_clock_time;elimination_clock_seconds;promotion_at_event;promotion_at_event_status;wrestled_masked;source_ids,event-era WWE/WWF brand or promotion affiliation populated; per-appearance masked status completed
entrants.csv,RR1988M;jim-brunzell,CHANGED,elimination_clock_time;elimination_clock_seconds;promotion_at_event;promotion_at_event_status;wrestled_masked;source_ids,event-era WWE/WWF brand or promotion affiliation populated; per-appearance masked status completed
entrants.csv,RR1988M;jim-duggan,CHANGED,promotion_at_event;promotion_at_event_status;wrestled_masked;source_ids,event-era WWE/WWF brand or promotion affiliation populated; per-appearance masked status completed
entrants.csv,RR1988M;jim-neidhart,CHANGED,elimination_clock_time;elimination_clock_seconds;promotion_at_event;promotion_at_event_status;wrestled_masked;source_ids,event-era WWE/WWF brand or promotion affiliation populated; per-appearance masked status completed
entrants.csv,RR1988M;junkyard-dog,CHANGED,elimination_clock_time;elimination_clock_seconds;promotion_at_event;promotion_at_event_status;wrestled_masked;source_ids,event-era WWE/WWF brand or promotion affiliation populated; per-appearance masked status completed
entrants.csv,RR1988M;nikolai-volkoff,CHANGED,elimination_clock_time;elimination_clock_seconds;promotion_at_event;promotion_at_event_status;wrestled_masked;source_ids,event-era WWE/WWF brand or promotion affiliation populated; per-appearance masked status completed
entrants.csv,RR1988M;one-man-gang,CHANGED,elimination_clock_time;elimination_clock_seconds;promotion_at_event;promotion_at_event_status;wrestled_masked;source_ids,event-era WWE/WWF brand or promotion affiliation populated; per-appearance masked status completed
entrants.csv,RR1988M;ron-bass,CHANGED,elimination_clock_time;elimination_clock_seconds;promotion_at_event;promotion_at_event_status;wrestled_masked;source_ids,event-era WWE/WWF brand or promotion affiliation populated; per-appearance masked status completed
entrants.csv,RR1988M;sam-houston,CHANGED,elimination_clock_time;elimination_clock_seconds;promotion_at_event;promotion_at_event_status;wrestled_masked;source_ids,event-era WWE/WWF brand or promotion affiliation populated; per-appearance masked status completed
entrants.csv,RR1988M;the-ultimate-warrior,CHANGED,elimination_clock_time;elimination_clock_seconds;promotion_at_event;promotion_at_event_status;wrestled_masked;source_ids,event-era WWE/WWF brand or promotion affiliation populated; per-appearance masked status completed
entrants.csv,RR1988M;tito-santana,CHANGED,promotion_at_event;promotion_at_event_status;wrestled_masked;source_ids,event-era WWE/WWF brand or promotion affiliation populated; per-appearance masked status completed
entrants.csv,RR1989M;andre-the-giant,CHANGED,elimination_clock_time;elimination_clock_seconds;promotion_at_event;promotion_at_event_status;wrestled_masked;source_ids,event-era WWE/WWF brand or promotion affiliation populated; per-appearance masked status completed
entrants.csv,RR1989M;arn-anderson,CHANGED,elimination_clock_time;elimination_clock_seconds;promotion_at_event;promotion_at_event_status;wrestled_masked;source_ids,event-era WWE/WWF brand or promotion affiliation populated; per-appearance masked status completed
entrants.csv,RR1989M;ax,CHANGED,promotion_at_event;promotion_at_event_status;wrestled_masked;source_ids,event-era WWE/WWF brand or promotion affiliation populated; per-appearance masked status completed
entrants.csv,RR1989M;bad-news-brown,CHANGED,elimination_clock_time;elimination_clock_seconds;promotion_at_event;promotion_at_event_status;wrestled_masked;source_ids,event-era WWE/WWF brand or promotion affiliation populated; per-appearance masked status completed
entrants.csv,RR1989M;big-bossman,CHANGED,promotion_at_event;promotion_at_event_status;wrestled_masked;source_ids,event-era WWE/WWF brand or promotion affiliation populated; per-appearance masked status completed
entrants.csv,RR1989M;big-john-studd,CHANGED,promotion_at_event;promotion_at_event_status;wrestled_masked;source_ids,event-era WWE/WWF brand or promotion affiliation populated; per-appearance masked status completed
entrants.csv,RR1989M;brutus-beefcake,CHANGED,elimination_clock_time;elimination_clock_seconds;promotion_at_event;promotion_at_event_status;wrestled_masked;source_ids,event-era WWE/WWF brand or promotion affiliation populated; per-appearance masked status completed
entrants.csv,RR1989M;butch-miller,CHANGED,elimination_clock_time;elimination_clock_seconds;promotion_at_event;promotion_at_event_status;wrestled_masked;source_ids,event-era WWE/WWF brand or promotion affiliation populated; per-appearance masked status completed
entrants.csv,RR1989M;greg-valentine,CHANGED,elimination_clock_time;elimination_clock_seconds;promotion_at_event;promotion_at_event_status;wrestled_masked;source_ids,event-era WWE/WWF brand or promotion affiliation populated; per-appearance masked status completed
entrants.csv,RR1989M;hercules,CHANGED,elimination_clock_time;elimination_clock_seconds;promotion_at_event;promotion_at_event_status;wrestled_masked;source_ids,event-era WWE/WWF brand or promotion affiliation populated; per-appearance masked status completed
entrants.csv,RR1989M;hulk-hogan,CHANGED,elimination_clock_time;elimination_clock_seconds;promotion_at_event;promotion_at_event_status;wrestled_masked;source_ids,event-era WWE/WWF brand or promotion affiliation populated; per-appearance masked status completed
entrants.csv,RR1989M;jake-roberts,CHANGED,elimination_clock_time;elimination_clock_seconds;promotion_at_event;promotion_at_event_status;wrestled_masked;source_ids,event-era WWE/WWF brand or promotion affiliation populated; per-appearance masked status completed
entrants.csv,RR1989M;koko-b-ware,CHANGED,elimination_clock_time;elimination_clock_seconds;promotion_at_event;promotion_at_event_status;wrestled_masked;source_ids,event-era WWE/WWF brand or promotion affiliation populated; per-appearance masked status completed
entrants.csv,RR1989M;luke-williams,CHANGED,elimination_clock_time;elimination_clock_seconds;promotion_at_event;promotion_at_event_status;wrestled_masked;source_ids,event-era WWE/WWF brand or promotion affiliation populated; per-appearance masked status completed
entrants.csv,RR1989M;marty-jannetty,CHANGED,elimination_clock_time;elimination_clock_seconds;promotion_at_event;promotion_at_event_status;wrestled_masked;source_ids,event-era WWE/WWF brand or promotion affiliation populated; per-appearance masked status completed
entrants.csv,RR1989M;mr-perfect,CHANGED,elimination_clock_time;elimination_clock_seconds;promotion_at_event;promotion_at_event_status;wrestled_masked;source_ids,event-era WWE/WWF brand or promotion affiliation populated; per-appearance masked status completed
entrants.csv,RR1989M;one-man-gang,CHANGED,elimination_clock_time;elimination_clock_seconds;promotion_at_event;promotion_at_event_status;wrestled_masked;source_ids,event-era WWE/WWF brand or promotion affiliation populated; per-appearance masked status completed
entrants.csv,RR1989M;randy-savage,CHANGED,elimination_clock_time;elimination_clock_seconds;promotion_at_event;promotion_at_event_status;wrestled_masked;source_ids,event-era WWE/WWF brand or promotion affiliation populated; per-appearance masked status completed
entrants.csv,RR1989M;red-rooster,CHANGED,elimination_clock_time;elimination_clock_seconds;promotion_at_event;promotion_at_event_status;wrestled_masked;source_ids,event-era WWE/WWF brand or promotion affiliation populated; per-appearance masked status completed
entrants.csv,RR1989M;rick-martel,CHANGED,elimination_clock_time;elimination_clock_seconds;promotion_at_event;promotion_at_event_status;wrestled_masked;source_ids,event-era WWE/WWF brand or promotion affiliation populated; per-appearance masked status completed
entrants.csv,RR1989M;ron-bass,CHANGED,elimination_clock_time;elimination_clock_seconds;promotion_at_event;promotion_at_event_status;wrestled_masked;source_ids,event-era WWE/WWF brand or promotion affiliation populated; per-appearance masked status completed
entrants.csv,RR1989M;ronnie-garvin,CHANGED,elimination_clock_time;elimination_clock_seconds;promotion_at_event;promotion_at_event_status;wrestled_masked;source_ids,event-era WWE/WWF brand or promotion affiliation populated; per-appearance masked status completed
entrants.csv,RR1989M;shawn-michaels,CHANGED,elimination_clock_time;elimination_clock_seconds;promotion_at_event;promotion_at_event_status;wrestled_masked;source_ids,event-era WWE/WWF brand or promotion affiliation populated; per-appearance masked status completed
entrants.csv,RR1989M;smash,CHANGED,elimination_clock_time;promotion_at_event;promotion_at_event_status;wrestled_masked;source_ids,event-era WWE/WWF brand or promotion affiliation populated; per-appearance masked status completed
entrants.csv,RR1989M;ted-dibiase,CHANGED,promotion_at_event;promotion_at_event_status;wrestled_masked;source_ids,event-era WWE/WWF brand or promotion affiliation populated; per-appearance masked status completed
entrants.csv,RR1989M;the-barbarian,CHANGED,elimination_clock_time;elimination_clock_seconds;promotion_at_event;promotion_at_event_status;wrestled_masked;source_ids,event-era WWE/WWF brand or promotion affiliation populated; per-appearance masked status completed
entrants.csv,RR1989M;the-honky-tonk-man,CHANGED,elimination_clock_time;elimination_clock_seconds;promotion_at_event;promotion_at_event_status;wrestled_masked;source_ids,event-era WWE/WWF brand or promotion affiliation populated; per-appearance masked status completed
entrants.csv,RR1989M;the-warlord,CHANGED,elimination_clock_time;elimination_clock_seconds;promotion_at_event;promotion_at_event_status;wrestled_masked;source_ids,event-era WWE/WWF brand or promotion affiliation populated; per-appearance masked status completed
entrants.csv,RR1989M;tito-santana,CHANGED,elimination_clock_time;elimination_clock_seconds;promotion_at_event;promotion_at_event_status;wrestled_masked;source_ids,event-era WWE/WWF brand or promotion affiliation populated; per-appearance masked status completed
entrants.csv,RR1989M;tully-blanchard,CHANGED,elimination_clock_time;elimination_clock_seconds;promotion_at_event;promotion_at_event_status;wrestled_masked;source_ids,event-era WWE/WWF brand or promotion affiliation populated; per-appearance masked status completed
entrants.csv,RR1990M;andre-the-giant,CHANGED,promotion_at_event;promotion_at_event_status;wrestled_masked;source_ids,event-era WWE/WWF brand or promotion affiliation populated; per-appearance masked status completed
entrants.csv,RR1990M;ax,CHANGED,promotion_at_event;promotion_at_event_status;wrestled_masked;source_ids,event-era WWE/WWF brand or promotion affiliation populated; per-appearance masked status completed
entrants.csv,RR1990M;bad-news-brown,CHANGED,promotion_at_event;promotion_at_event_status;wrestled_masked;source_ids,event-era WWE/WWF brand or promotion affiliation populated; per-appearance masked status completed
entrants.csv,RR1990M;bret-hart,CHANGED,promotion_at_event;promotion_at_event_status;wrestled_masked;source_ids,event-era WWE/WWF brand or promotion affiliation populated; per-appearance masked status completed
entrants.csv,RR1990M;dino-bravo,CHANGED,promotion_at_event;promotion_at_event_status;wrestled_masked;source_ids,event-era WWE/WWF brand or promotion affiliation populated; per-appearance masked status completed
entrants.csv,RR1990M;dusty-rhodes,CHANGED,promotion_at_event;promotion_at_event_status;wrestled_masked;source_ids,event-era WWE/WWF brand or promotion affiliation populated; per-appearance masked status completed
entrants.csv,RR1990M;earthquake,CHANGED,promotion_at_event;promotion_at_event_status;wrestled_masked;source_ids,event-era WWE/WWF brand or promotion affiliation populated; per-appearance masked status completed
entrants.csv,RR1990M;haku,CHANGED,promotion_at_event;promotion_at_event_status;wrestled_masked;source_ids,event-era WWE/WWF brand or promotion affiliation populated; per-appearance masked status completed
entrants.csv,RR1990M;hercules,CHANGED,promotion_at_event;promotion_at_event_status;wrestled_masked;source_ids,event-era WWE/WWF brand or promotion affiliation populated; per-appearance masked status completed
entrants.csv,RR1990M;hulk-hogan,CHANGED,promotion_at_event;promotion_at_event_status;wrestled_masked;source_ids,event-era WWE/WWF brand or promotion affiliation populated; per-appearance masked status completed
entrants.csv,RR1990M;jake-roberts,CHANGED,promotion_at_event;promotion_at_event_status;wrestled_masked;source_ids,event-era WWE/WWF brand or promotion affiliation populated; per-appearance masked status completed
entrants.csv,RR1990M;jim-neidhart,CHANGED,promotion_at_event;promotion_at_event_status;wrestled_masked;source_ids,event-era WWE/WWF brand or promotion affiliation populated; per-appearance masked status completed
entrants.csv,RR1990M;jimmy-snuka,CHANGED,promotion_at_event;promotion_at_event_status;wrestled_masked;source_ids,event-era WWE/WWF brand or promotion affiliation populated; per-appearance masked status completed
entrants.csv,RR1990M;koko-b-ware,CHANGED,promotion_at_event;promotion_at_event_status;wrestled_masked;source_ids,event-era WWE/WWF brand or promotion affiliation populated; per-appearance masked status completed
entrants.csv,RR1990M;marty-jannetty,CHANGED,promotion_at_event;promotion_at_event_status;wrestled_masked;source_ids,event-era WWE/WWF brand or promotion affiliation populated; per-appearance masked status completed
entrants.csv,RR1990M;mr-perfect,CHANGED,promotion_at_event;promotion_at_event_status;wrestled_masked;source_ids,event-era WWE/WWF brand or promotion affiliation populated; per-appearance masked status completed
entrants.csv,RR1990M;one-man-gang,CHANGED,promotion_at_event;promotion_at_event_status;wrestled_masked;source_ids,event-era WWE/WWF brand or promotion affiliation populated; per-appearance masked status completed
entrants.csv,RR1990M;randy-savage,CHANGED,promotion_at_event;promotion_at_event_status;wrestled_masked;source_ids,event-era WWE/WWF brand or promotion affiliation populated; per-appearance masked status completed
entrants.csv,RR1990M;red-rooster,CHANGED,promotion_at_event;promotion_at_event_status;wrestled_masked;source_ids,event-era WWE/WWF brand or promotion affiliation populated; per-appearance masked status completed
entrants.csv,RR1990M;rick-martel,CHANGED,promotion_at_event;promotion_at_event_status;wrestled_masked;source_ids,event-era WWE/WWF brand or promotion affiliation populated; per-appearance masked status completed
entrants.csv,RR1990M;rick-rude,CHANGED,promotion_at_event;promotion_at_event_status;wrestled_masked;source_ids,event-era WWE/WWF brand or promotion affiliation populated; per-appearance masked status completed
entrants.csv,RR1990M;roddy-piper,CHANGED,promotion_at_event;promotion_at_event_status;wrestled_masked;source_ids,event-era WWE/WWF brand or promotion affiliation populated; per-appearance masked status completed
entrants.csv,RR1990M;shawn-michaels,CHANGED,promotion_at_event;promotion_at_event_status;wrestled_masked;source_ids,event-era WWE/WWF brand or promotion affiliation populated; per-appearance masked status completed
entrants.csv,RR1990M;smash,CHANGED,promotion_at_event;promotion_at_event_status;wrestled_masked;source_ids,event-era WWE/WWF brand or promotion affiliation populated; per-appearance masked status completed
entrants.csv,RR1990M;ted-dibiase,CHANGED,promotion_at_event;promotion_at_event_status;wrestled_masked;source_ids,event-era WWE/WWF brand or promotion affiliation populated; per-appearance masked status completed
entrants.csv,RR1990M;the-barbarian,CHANGED,promotion_at_event;promotion_at_event_status;wrestled_masked;source_ids,event-era WWE/WWF brand or promotion affiliation populated; per-appearance masked status completed
entrants.csv,RR1990M;the-honky-tonk-man,CHANGED,promotion_at_event;promotion_at_event_status;wrestled_masked;source_ids,event-era WWE/WWF brand or promotion affiliation populated; per-appearance masked status completed
entrants.csv,RR1990M;the-ultimate-warrior,CHANGED,promotion_at_event;promotion_at_event_status;wrestled_masked;source_ids,event-era WWE/WWF brand or promotion affiliation populated; per-appearance masked status completed
entrants.csv,RR1990M;the-warlord,CHANGED,promotion_at_event;promotion_at_event_status;wrestled_masked;source_ids,event-era WWE/WWF brand or promotion affiliation populated; per-appearance masked status completed
entrants.csv,RR1990M;tito-santana,CHANGED,promotion_at_event;promotion_at_event_status;wrestled_masked;source_ids,event-era WWE/WWF brand or promotion affiliation populated; per-appearance masked status completed
entrants.csv,RR1991M;animal,CHANGED,promotion_at_event;promotion_at_event_status;wrestled_masked;source_ids,event-era WWE/WWF brand or promotion affiliation populated; per-appearance masked status completed
entrants.csv,RR1991M;bret-hart,CHANGED,promotion_at_event;promotion_at_event_status;wrestled_masked;source_ids,event-era WWE/WWF brand or promotion affiliation populated; per-appearance masked status completed
entrants.csv,RR1991M;brian-knobbs,CHANGED,promotion_at_event;promotion_at_event_status;wrestled_masked;source_ids,event-era WWE/WWF brand or promotion affiliation populated; per-appearance masked status completed
entrants.csv,RR1991M;british-bulldog,CHANGED,promotion_at_event;promotion_at_event_status;wrestled_masked;source_ids,event-era WWE/WWF brand or promotion affiliation populated; per-appearance masked status completed
entrants.csv,RR1991M;butch-miller,CHANGED,promotion_at_event;promotion_at_event_status;wrestled_masked;source_ids,event-era WWE/WWF brand or promotion affiliation populated; per-appearance masked status completed
entrants.csv,RR1991M;demolition-crush,CHANGED,promotion_at_event;promotion_at_event_status;wrestled_masked;source_ids,event-era WWE/WWF brand or promotion affiliation populated; per-appearance masked status completed
entrants.csv,RR1991M;dino-bravo,CHANGED,promotion_at_event;promotion_at_event_status;wrestled_masked;source_ids,event-era WWE/WWF brand or promotion affiliation populated; per-appearance masked status completed
entrants.csv,RR1991M;earthquake,CHANGED,promotion_at_event;promotion_at_event_status;wrestled_masked;source_ids,event-era WWE/WWF brand or promotion affiliation populated; per-appearance masked status completed
entrants.csv,RR1991M;greg-valentine,CHANGED,promotion_at_event;promotion_at_event_status;wrestled_masked;source_ids,event-era WWE/WWF brand or promotion affiliation populated; per-appearance masked status completed
entrants.csv,RR1991M;haku,CHANGED,promotion_at_event;promotion_at_event_status;wrestled_masked;source_ids,event-era WWE/WWF brand or promotion affiliation populated; per-appearance masked status completed
entrants.csv,RR1991M;hawk,CHANGED,promotion_at_event;promotion_at_event_status;wrestled_masked;source_ids,event-era WWE/WWF brand or promotion affiliation populated; per-appearance masked status completed
entrants.csv,RR1991M;hercules,CHANGED,promotion_at_event;promotion_at_event_status;wrestled_masked;source_ids,event-era WWE/WWF brand or promotion affiliation populated; per-appearance masked status completed
entrants.csv,RR1991M;hulk-hogan,CHANGED,promotion_at_event;promotion_at_event_status;wrestled_masked;source_ids,event-era WWE/WWF brand or promotion affiliation populated; per-appearance masked status completed
entrants.csv,RR1991M;jake-roberts,CHANGED,promotion_at_event;promotion_at_event_status;wrestled_masked;source_ids,event-era WWE/WWF brand or promotion affiliation populated; per-appearance masked status completed
entrants.csv,RR1991M;jim-duggan,CHANGED,promotion_at_event;promotion_at_event_status;wrestled_masked;source_ids,event-era WWE/WWF brand or promotion affiliation populated; per-appearance masked status completed
entrants.csv,RR1991M;jim-neidhart,CHANGED,promotion_at_event;promotion_at_event_status;wrestled_masked;source_ids,event-era WWE/WWF brand or promotion affiliation populated; per-appearance masked status completed
entrants.csv,RR1991M;jimmy-snuka,CHANGED,promotion_at_event;promotion_at_event_status;wrestled_masked;source_ids,event-era WWE/WWF brand or promotion affiliation populated; per-appearance masked status completed
entrants.csv,RR1991M;luke-williams,CHANGED,promotion_at_event;promotion_at_event_status;wrestled_masked;source_ids,event-era WWE/WWF brand or promotion affiliation populated; per-appearance masked status completed
entrants.csv,RR1991M;mr-perfect,CHANGED,promotion_at_event;promotion_at_event_status;wrestled_masked;source_ids,event-era WWE/WWF brand or promotion affiliation populated; per-appearance masked status completed
entrants.csv,RR1991M;paul-roma,CHANGED,promotion_at_event;promotion_at_event_status;wrestled_masked;source_ids,event-era WWE/WWF brand or promotion affiliation populated; per-appearance masked status completed
entrants.csv,RR1991M;randy-savage,CHANGED,promotion_at_event;promotion_at_event_status;wrestled_masked;source_ids,event-era WWE/WWF brand or promotion affiliation populated; per-appearance masked status completed
entrants.csv,RR1991M;rick-martel,CHANGED,promotion_at_event;promotion_at_event_status;wrestled_masked;source_ids,event-era WWE/WWF brand or promotion affiliation populated; per-appearance masked status completed
entrants.csv,RR1991M;saba-simba,CHANGED,promotion_at_event;promotion_at_event_status;wrestled_masked;source_ids,event-era WWE/WWF brand or promotion affiliation populated; per-appearance masked status completed
entrants.csv,RR1991M;shane-douglas,CHANGED,promotion_at_event;promotion_at_event_status;wrestled_masked;source_ids,event-era WWE/WWF brand or promotion affiliation populated; per-appearance masked status completed
entrants.csv,RR1991M;smash,CHANGED,promotion_at_event;promotion_at_event_status;wrestled_masked;source_ids,event-era WWE/WWF brand or promotion affiliation populated; per-appearance masked status completed
entrants.csv,RR1991M;texas-tornado,CHANGED,promotion_at_event;promotion_at_event_status;wrestled_masked;source_ids,event-era WWE/WWF brand or promotion affiliation populated; per-appearance masked status completed
entrants.csv,RR1991M;the-undertaker,CHANGED,promotion_at_event;promotion_at_event_status;wrestled_masked;source_ids,event-era WWE/WWF brand or promotion affiliation populated; per-appearance masked status completed
entrants.csv,RR1991M;the-warlord,CHANGED,promotion_at_event;promotion_at_event_status;wrestled_masked;source_ids,event-era WWE/WWF brand or promotion affiliation populated; per-appearance masked status completed
entrants.csv,RR1991M;tito-santana,CHANGED,promotion_at_event;promotion_at_event_status;wrestled_masked;source_ids,event-era WWE/WWF brand or promotion affiliation populated; per-appearance masked status completed
entrants.csv,RR1991M;tugboat,CHANGED,promotion_at_event;promotion_at_event_status;wrestled_masked;source_ids,event-era WWE/WWF brand or promotion affiliation populated; per-appearance masked status completed
entrants.csv,RR1992M;big-bossman,CHANGED,promotion_at_event;promotion_at_event_status;wrestled_masked;source_ids,event-era WWE/WWF brand or promotion affiliation populated; per-appearance masked status completed
entrants.csv,RR1992M;british-bulldog,CHANGED,promotion_at_event;promotion_at_event_status;wrestled_masked;source_ids,event-era WWE/WWF brand or promotion affiliation populated; per-appearance masked status completed
entrants.csv,RR1992M;col-mustafa,CHANGED,promotion_at_event;promotion_at_event_status;wrestled_masked;source_ids,event-era WWE/WWF brand or promotion affiliation populated; per-appearance masked status completed
entrants.csv,RR1992M;greg-valentine,CHANGED,promotion_at_event;promotion_at_event_status;wrestled_masked;source_ids,event-era WWE/WWF brand or promotion affiliation populated; per-appearance masked status completed
entrants.csv,RR1992M;haku,CHANGED,promotion_at_event;promotion_at_event_status;wrestled_masked;source_ids,event-era WWE/WWF brand or promotion affiliation populated; per-appearance masked status completed
entrants.csv,RR1992M;hercules,CHANGED,promotion_at_event;promotion_at_event_status;wrestled_masked;source_ids,event-era WWE/WWF brand or promotion affiliation populated; per-appearance masked status completed
entrants.csv,RR1992M;hulk-hogan,CHANGED,promotion_at_event;promotion_at_event_status;wrestled_masked;source_ids,event-era WWE/WWF brand or promotion affiliation populated; per-appearance masked status completed
entrants.csv,RR1992M;irwin-r-schyster,CHANGED,promotion_at_event;promotion_at_event_status;wrestled_masked;source_ids,event-era WWE/WWF brand or promotion affiliation populated; per-appearance masked status completed
entrants.csv,RR1992M;jake-roberts,CHANGED,promotion_at_event;promotion_at_event_status;wrestled_masked;source_ids,event-era WWE/WWF brand or promotion affiliation populated; per-appearance masked status completed
entrants.csv,RR1992M;jerry-sags,CHANGED,promotion_at_event;promotion_at_event_status;wrestled_masked;source_ids,event-era WWE/WWF brand or promotion affiliation populated; per-appearance masked status completed
entrants.csv,RR1992M;jim-duggan,CHANGED,promotion_at_event;promotion_at_event_status;wrestled_masked;source_ids,event-era WWE/WWF brand or promotion affiliation populated; per-appearance masked status completed
entrants.csv,RR1992M;jimmy-snuka,CHANGED,promotion_at_event;promotion_at_event_status;wrestled_masked;source_ids,event-era WWE/WWF brand or promotion affiliation populated; per-appearance masked status completed
entrants.csv,RR1992M;nikolai-volkoff,CHANGED,promotion_at_event;promotion_at_event_status;wrestled_masked;source_ids,event-era WWE/WWF brand or promotion affiliation populated; per-appearance masked status completed
entrants.csv,RR1992M;randy-savage,CHANGED,promotion_at_event;promotion_at_event_status;wrestled_masked;source_ids,event-era WWE/WWF brand or promotion affiliation populated; per-appearance masked status completed
entrants.csv,RR1992M;ric-flair,CHANGED,promotion_at_event;promotion_at_event_status;wrestled_masked;source_ids,event-era WWE/WWF brand or promotion affiliation populated; per-appearance masked status completed
entrants.csv,RR1992M;rick-martel,CHANGED,promotion_at_event;promotion_at_event_status;wrestled_masked;source_ids,event-era WWE/WWF brand or promotion affiliation populated; per-appearance masked status completed
entrants.csv,RR1992M;roddy-piper,CHANGED,promotion_at_event;promotion_at_event_status;wrestled_masked;source_ids,event-era WWE/WWF brand or promotion affiliation populated; per-appearance masked status completed
entrants.csv,RR1992M;sgt-slaughter,CHANGED,promotion_at_event;promotion_at_event_status;wrestled_masked;source_ids,event-era WWE/WWF brand or promotion affiliation populated; per-appearance masked status completed
entrants.csv,RR1992M;shawn-michaels,CHANGED,promotion_at_event;promotion_at_event_status;wrestled_masked;source_ids,event-era WWE/WWF brand or promotion affiliation populated; per-appearance masked status completed
entrants.csv,RR1992M;sid-justice,CHANGED,promotion_at_event;promotion_at_event_status;wrestled_masked;source_ids,event-era WWE/WWF brand or promotion affiliation populated; per-appearance masked status completed
entrants.csv,RR1992M;skinner,CHANGED,promotion_at_event;promotion_at_event_status;wrestled_masked;source_ids,event-era WWE/WWF brand or promotion affiliation populated; per-appearance masked status completed
entrants.csv,RR1992M;smash,CHANGED,promotion_at_event;promotion_at_event_status;wrestled_masked;source_ids,event-era WWE/WWF brand or promotion affiliation populated; per-appearance masked status completed
entrants.csv,RR1992M;ted-dibiase,CHANGED,promotion_at_event;promotion_at_event_status;wrestled_masked;source_ids,event-era WWE/WWF brand or promotion affiliation populated; per-appearance masked status completed
entrants.csv,RR1992M;texas-tornado,CHANGED,promotion_at_event;promotion_at_event_status;wrestled_masked;source_ids,event-era WWE/WWF brand or promotion affiliation populated; per-appearance masked status completed
entrants.csv,RR1992M;the-barbarian,CHANGED,promotion_at_event;promotion_at_event_status;wrestled_masked;source_ids,event-era WWE/WWF brand or promotion affiliation populated; per-appearance masked status completed
entrants.csv,RR1992M;the-berzerker,CHANGED,promotion_at_event;promotion_at_event_status;wrestled_masked;source_ids,event-era WWE/WWF brand or promotion affiliation populated; per-appearance masked status completed
entrants.csv,RR1992M;the-undertaker,CHANGED,promotion_at_event;promotion_at_event_status;wrestled_masked;source_ids,event-era WWE/WWF brand or promotion affiliation populated; per-appearance masked status completed
entrants.csv,RR1992M;the-warlord,CHANGED,promotion_at_event;promotion_at_event_status;wrestled_masked;source_ids,event-era WWE/WWF brand or promotion affiliation populated; per-appearance masked status completed
entrants.csv,RR1992M;tito-santana,CHANGED,promotion_at_event;promotion_at_event_status;wrestled_masked;source_ids,event-era WWE/WWF brand or promotion affiliation populated; per-appearance masked status completed
entrants.csv,RR1992M;virgil,CHANGED,promotion_at_event;promotion_at_event_status;wrestled_masked;source_ids,event-era WWE/WWF brand or promotion affiliation populated; per-appearance masked status completed
entrants.csv,RR1993M;bob-backlund,CHANGED,promotion_at_event;promotion_at_event_status;wrestled_masked;source_ids,event-era WWE/WWF brand or promotion affiliation populated; per-appearance masked status completed
entrants.csv,RR1993M;brian-knobbs,CHANGED,promotion_at_event;promotion_at_event_status;wrestled_masked;source_ids,event-era WWE/WWF brand or promotion affiliation populated; per-appearance masked status completed
entrants.csv,RR1993M;carlos-colon,CHANGED,promotion_at_event;promotion_at_event_status;wrestled_masked;source_ids,event-era WWE/WWF brand or promotion affiliation populated; per-appearance masked status completed
entrants.csv,RR1993M;damien-demento,CHANGED,promotion_at_event;promotion_at_event_status;wrestled_masked;source_ids,event-era WWE/WWF brand or promotion affiliation populated; per-appearance masked status completed
entrants.csv,RR1993M;earthquake,CHANGED,promotion_at_event;promotion_at_event_status;wrestled_masked;source_ids,event-era WWE/WWF brand or promotion affiliation populated; per-appearance masked status completed
entrants.csv,RR1993M;fatu,CHANGED,promotion_at_event;promotion_at_event_status;wrestled_masked;source_ids,event-era WWE/WWF brand or promotion affiliation populated; per-appearance masked status completed
entrants.csv,RR1993M;genichiro-tenryu,CHANGED,promotion_at_event;promotion_at_event_status;wrestled_masked;source_ids,event-era WWE/WWF brand or promotion affiliation populated; per-appearance masked status completed
entrants.csv,RR1993M;irwin-r-schyster,CHANGED,promotion_at_event;promotion_at_event_status;wrestled_masked;source_ids,event-era WWE/WWF brand or promotion affiliation populated; per-appearance masked status completed
entrants.csv,RR1993M;jerry-lawler,CHANGED,promotion_at_event;promotion_at_event_status;wrestled_masked;source_ids,event-era WWE/WWF brand or promotion affiliation populated; per-appearance masked status completed
entrants.csv,RR1993M;jerry-sags,CHANGED,promotion_at_event;promotion_at_event_status;wrestled_masked;source_ids,event-era WWE/WWF brand or promotion affiliation populated; per-appearance masked status completed
entrants.csv,RR1993M;koko-b-ware,CHANGED,promotion_at_event;promotion_at_event_status;wrestled_masked;source_ids,event-era WWE/WWF brand or promotion affiliation populated; per-appearance masked status completed
entrants.csv,RR1993M;max-moon,CHANGED,promotion_at_event;promotion_at_event_status;wrestled_masked;source_ids,event-era WWE/WWF brand or promotion affiliation populated; per-appearance masked status completed
entrants.csv,RR1993M;mr-perfect,CHANGED,promotion_at_event;promotion_at_event_status;wrestled_masked;source_ids,event-era WWE/WWF brand or promotion affiliation populated; per-appearance masked status completed
entrants.csv,RR1993M;owen-hart,CHANGED,promotion_at_event;promotion_at_event_status;wrestled_masked;source_ids,event-era WWE/WWF brand or promotion affiliation populated; per-appearance masked status completed
entrants.csv,RR1993M;papa-shango,CHANGED,promotion_at_event;promotion_at_event_status;wrestled_masked;source_ids,event-era WWE/WWF brand or promotion affiliation populated; per-appearance masked status completed
entrants.csv,RR1993M;randy-savage,CHANGED,promotion_at_event;promotion_at_event_status;wrestled_masked;source_ids,event-era WWE/WWF brand or promotion affiliation populated; per-appearance masked status completed
entrants.csv,RR1993M;red-rooster,CHANGED,promotion_at_event;promotion_at_event_status;wrestled_masked;source_ids,event-era WWE/WWF brand or promotion affiliation populated; per-appearance masked status completed
entrants.csv,RR1993M;ric-flair,CHANGED,promotion_at_event;promotion_at_event_status;wrestled_masked;source_ids,event-era WWE/WWF brand or promotion affiliation populated; per-appearance masked status completed
entrants.csv,RR1993M;rick-martel,CHANGED,promotion_at_event;promotion_at_event_status;wrestled_masked;source_ids,event-era WWE/WWF brand or promotion affiliation populated; per-appearance masked status completed
entrants.csv,RR1993M;samu,CHANGED,promotion_at_event;promotion_at_event_status;wrestled_masked;source_ids,event-era WWE/WWF brand or promotion affiliation populated; per-appearance masked status completed
entrants.csv,RR1993M;skinner,CHANGED,promotion_at_event;promotion_at_event_status;wrestled_masked;source_ids,event-era WWE/WWF brand or promotion affiliation populated; per-appearance masked status completed
entrants.csv,RR1993M;smash,CHANGED,promotion_at_event;promotion_at_event_status;wrestled_masked;source_ids,event-era WWE/WWF brand or promotion affiliation populated; per-appearance masked status completed
entrants.csv,RR1993M;tatanka,CHANGED,promotion_at_event;promotion_at_event_status;wrestled_masked;source_ids,event-era WWE/WWF brand or promotion affiliation populated; per-appearance masked status completed
entrants.csv,RR1993M;ted-dibiase,CHANGED,promotion_at_event;promotion_at_event_status;wrestled_masked;source_ids,event-era WWE/WWF brand or promotion affiliation populated; per-appearance masked status completed
entrants.csv,RR1993M;the-berzerker,CHANGED,promotion_at_event;promotion_at_event_status;wrestled_masked;source_ids,event-era WWE/WWF brand or promotion affiliation populated; per-appearance masked status completed
entrants.csv,RR1993M;the-undertaker,CHANGED,promotion_at_event;promotion_at_event_status;wrestled_masked;source_ids,event-era WWE/WWF brand or promotion affiliation populated; per-appearance masked status completed
entrants.csv,RR1993M;tito-santana,CHANGED,promotion_at_event;promotion_at_event_status;wrestled_masked;source_ids,event-era WWE/WWF brand or promotion affiliation populated; per-appearance masked status completed
entrants.csv,RR1993M;tugboat,CHANGED,promotion_at_event;promotion_at_event_status;wrestled_masked;source_ids,event-era WWE/WWF brand or promotion affiliation populated; per-appearance masked status completed
entrants.csv,RR1993M;virgil,CHANGED,promotion_at_event;promotion_at_event_status;wrestled_masked;source_ids,event-era WWE/WWF brand or promotion affiliation populated; per-appearance masked status completed
entrants.csv,RR1993M;yokozuna,CHANGED,promotion_at_event;promotion_at_event_status;wrestled_masked;source_ids,event-era WWE/WWF brand or promotion affiliation populated; per-appearance masked status completed
entrants.csv,RR1994M;adam-bomb,CHANGED,elimination_clock_time;elimination_clock_seconds;ring_time;ring_time_seconds;ring_time_status;promotion_at_event;promotion_at_event_status;wrestled_masked;source_ids,event-era WWE/WWF brand or promotion affiliation populated; per-appearance masked status completed
entrants.csv,RR1994M;bam-bam-bigelow,CHANGED,elimination_clock_time;elimination_clock_seconds;ring_time;ring_time_seconds;ring_time_status;promotion_at_event;promotion_at_event_status;wrestled_masked;source_ids,event-era WWE/WWF brand or promotion affiliation populated; per-appearance masked status completed
entrants.csv,RR1994M;bart-gunn,CHANGED,elimination_clock_time;elimination_clock_seconds;ring_time;ring_time_seconds;ring_time_status;promotion_at_event;promotion_at_event_status;wrestled_masked;source_ids,event-era WWE/WWF brand or promotion affiliation populated; per-appearance masked status completed
entrants.csv,RR1994M;bastion-booger,CHANGED,promotion_at_event;promotion_at_event_status;wrestled_masked;source_ids,event-era WWE/WWF brand or promotion affiliation populated; per-appearance masked status completed
entrants.csv,RR1994M;billy-gunn,CHANGED,elimination_clock_time;elimination_clock_seconds;ring_time;ring_time_seconds;ring_time_status;promotion_at_event;promotion_at_event_status;wrestled_masked;source_ids,event-era WWE/WWF brand or promotion affiliation populated; per-appearance masked status completed
entrants.csv,RR1994M;bob-backlund,CHANGED,elimination_clock_time;elimination_clock_seconds;ring_time;ring_time_seconds;ring_time_status;promotion_at_event;promotion_at_event_status;wrestled_masked;source_ids,event-era WWE/WWF brand or promotion affiliation populated; per-appearance masked status completed
entrants.csv,RR1994M;bret-hart,CHANGED,ring_time;ring_time_seconds;ring_time_status;promotion_at_event;promotion_at_event_status;wrestled_masked;source_ids,event-era WWE/WWF brand or promotion affiliation populated; per-appearance masked status completed
entrants.csv,RR1994M;demolition-crush,CHANGED,elimination_clock_time;elimination_clock_seconds;ring_time;ring_time_seconds;ring_time_status;promotion_at_event;promotion_at_event_status;wrestled_masked;source_ids,event-era WWE/WWF brand or promotion affiliation populated; per-appearance masked status completed
entrants.csv,RR1994M;diesel,CHANGED,elimination_clock_time;elimination_clock_seconds;ring_time;ring_time_seconds;ring_time_status;promotion_at_event;promotion_at_event_status;wrestled_masked;source_ids,event-era WWE/WWF brand or promotion affiliation populated; per-appearance masked status completed
entrants.csv,RR1994M;doink,CHANGED,elimination_clock_time;elimination_clock_seconds;ring_time;ring_time_seconds;ring_time_status;promotion_at_event;promotion_at_event_status;wrestled_masked;source_ids,event-era WWE/WWF brand or promotion affiliation populated; per-appearance masked status completed
entrants.csv,RR1994M;fatu,CHANGED,elimination_clock_time;elimination_clock_seconds;ring_time;ring_time_seconds;ring_time_status;promotion_at_event;promotion_at_event_status;wrestled_masked;source_ids,event-era WWE/WWF brand or promotion affiliation populated; per-appearance masked status completed
entrants.csv,RR1994M;genichiro-tenryu,CHANGED,elimination_clock_time;elimination_clock_seconds;ring_time;ring_time_seconds;ring_time_status;promotion_at_event;promotion_at_event_status;wrestled_masked;source_ids,event-era WWE/WWF brand or promotion affiliation populated; per-appearance masked status completed
entrants.csv,RR1994M;great-kabuki,CHANGED,elimination_clock_time;elimination_clock_seconds;ring_time;ring_time_seconds;ring_time_status;promotion_at_event;promotion_at_event_status;wrestled_masked;source_ids,event-era WWE/WWF brand or promotion affiliation populated; per-appearance masked status completed
entrants.csv,RR1994M;greg-valentine,CHANGED,elimination_clock_time;elimination_clock_seconds;ring_time;ring_time_seconds;ring_time_status;promotion_at_event;promotion_at_event_status;wrestled_masked;source_ids,event-era WWE/WWF brand or promotion affiliation populated; per-appearance masked status completed
entrants.csv,RR1994M;jeff-jarrett,CHANGED,elimination_clock_time;elimination_clock_seconds;ring_time;ring_time_seconds;ring_time_status;promotion_at_event;promotion_at_event_status;wrestled_masked;source_ids,event-era WWE/WWF brand or promotion affiliation populated; per-appearance masked status completed
entrants.csv,RR1994M;kwang,CHANGED,elimination_clock_time;elimination_clock_seconds;ring_time;ring_time_seconds;ring_time_status;promotion_at_event;promotion_at_event_status;wrestled_masked;source_ids,event-era WWE/WWF brand or promotion affiliation populated; per-appearance masked status completed
entrants.csv,RR1994M;lex-luger,CHANGED,ring_time;ring_time_seconds;ring_time_status;promotion_at_event;promotion_at_event_status;wrestled_masked;source_ids,event-era WWE/WWF brand or promotion affiliation populated; per-appearance masked status completed
entrants.csv,RR1994M;mabel,CHANGED,elimination_clock_time;elimination_clock_seconds;ring_time;ring_time_seconds;ring_time_status;promotion_at_event;promotion_at_event_status;wrestled_masked;source_ids,event-era WWE/WWF brand or promotion affiliation populated; per-appearance masked status completed
entrants.csv,RR1994M;marty-jannetty,CHANGED,elimination_clock_time;elimination_clock_seconds;ring_time;ring_time_seconds;ring_time_status;promotion_at_event;promotion_at_event_status;wrestled_masked;source_ids,event-era WWE/WWF brand or promotion affiliation populated; per-appearance masked status completed
entrants.csv,RR1994M;mo,CHANGED,elimination_clock_time;elimination_clock_seconds;ring_time;ring_time_seconds;ring_time_status;promotion_at_event;promotion_at_event_status;wrestled_masked;source_ids,event-era WWE/WWF brand or promotion affiliation populated; per-appearance masked status completed
entrants.csv,RR1994M;owen-hart,CHANGED,elimination_clock_time;elimination_clock_seconds;ring_time;ring_time_seconds;ring_time_status;promotion_at_event;promotion_at_event_status;wrestled_masked;source_ids,event-era WWE/WWF brand or promotion affiliation populated; per-appearance masked status completed
entrants.csv,RR1994M;randy-savage,CHANGED,elimination_clock_time;elimination_clock_seconds;ring_time;ring_time_seconds;ring_time_status;promotion_at_event;promotion_at_event_status;wrestled_masked;source_ids,event-era WWE/WWF brand or promotion affiliation populated; per-appearance masked status completed
entrants.csv,RR1994M;rick-martel,CHANGED,elimination_clock_time;elimination_clock_seconds;ring_time;ring_time_seconds;ring_time_status;promotion_at_event;promotion_at_event_status;wrestled_masked;source_ids,event-era WWE/WWF brand or promotion affiliation populated; per-appearance masked status completed
entrants.csv,RR1994M;rick-steiner,CHANGED,elimination_clock_time;elimination_clock_seconds;ring_time;ring_time_seconds;ring_time_status;promotion_at_event;promotion_at_event_status;wrestled_masked;source_ids,event-era WWE/WWF brand or promotion affiliation populated; per-appearance masked status completed
entrants.csv,RR1994M;samu,CHANGED,elimination_clock_time;elimination_clock_seconds;ring_time;ring_time_seconds;ring_time_status;promotion_at_event;promotion_at_event_status;wrestled_masked;source_ids,event-era WWE/WWF brand or promotion affiliation populated; per-appearance masked status completed
entrants.csv,RR1994M;scott-steiner,CHANGED,elimination_clock_time;elimination_clock_seconds;ring_time;ring_time_seconds;ring_time_status;promotion_at_event;promotion_at_event_status;wrestled_masked;source_ids,event-era WWE/WWF brand or promotion affiliation populated; per-appearance masked status completed
entrants.csv,RR1994M;shawn-michaels,CHANGED,elimination_clock_time;elimination_clock_seconds;ring_time;ring_time_seconds;ring_time_status;promotion_at_event;promotion_at_event_status;wrestled_masked;source_ids,event-era WWE/WWF brand or promotion affiliation populated; per-appearance masked status completed
entrants.csv,RR1994M;sparky-plugg,CHANGED,elimination_clock_time;elimination_clock_seconds;ring_time;ring_time_seconds;ring_time_status;promotion_at_event;promotion_at_event_status;wrestled_masked;source_ids,event-era WWE/WWF brand or promotion affiliation populated; per-appearance masked status completed
entrants.csv,RR1994M;tatanka,CHANGED,elimination_clock_time;elimination_clock_seconds;ring_time;ring_time_seconds;ring_time_status;promotion_at_event;promotion_at_event_status;wrestled_masked;source_ids,event-era WWE/WWF brand or promotion affiliation populated; per-appearance masked status completed
entrants.csv,RR1994M;virgil,CHANGED,elimination_clock_time;elimination_clock_seconds;ring_time;ring_time_seconds;ring_time_status;promotion_at_event;promotion_at_event_status;wrestled_masked;source_ids,event-era WWE/WWF brand or promotion affiliation populated; per-appearance masked status completed
entrants.csv,RR1995M;adam-bomb,CHANGED,promotion_at_event;promotion_at_event_status;wrestled_masked;source_ids,event-era WWE/WWF brand or promotion affiliation populated; per-appearance masked status completed
entrants.csv,RR1995M;aldo-montoya,CHANGED,promotion_at_event;promotion_at_event_status;wrestled_masked;source_ids,event-era WWE/WWF brand or promotion affiliation populated; per-appearance masked status completed
entrants.csv,RR1995M;bart-gunn,CHANGED,promotion_at_event;promotion_at_event_status;wrestled_masked;source_ids,event-era WWE/WWF brand or promotion affiliation populated; per-appearance masked status completed
entrants.csv,RR1995M;billy-gunn,CHANGED,promotion_at_event;promotion_at_event_status;wrestled_masked;source_ids,event-era WWE/WWF brand or promotion affiliation populated; per-appearance masked status completed
entrants.csv,RR1995M;bob-backlund,CHANGED,promotion_at_event;promotion_at_event_status;wrestled_masked;source_ids,event-era WWE/WWF brand or promotion affiliation populated; per-appearance masked status completed
entrants.csv,RR1995M;british-bulldog,CHANGED,promotion_at_event;promotion_at_event_status;wrestled_masked;source_ids,event-era WWE/WWF brand or promotion affiliation populated; per-appearance masked status completed
entrants.csv,RR1995M;butch-miller,CHANGED,promotion_at_event;promotion_at_event_status;wrestled_masked;source_ids,event-era WWE/WWF brand or promotion affiliation populated; per-appearance masked status completed
entrants.csv,RR1995M;demolition-crush,CHANGED,promotion_at_event;promotion_at_event_status;wrestled_masked;source_ids,event-era WWE/WWF brand or promotion affiliation populated; per-appearance masked status completed
entrants.csv,RR1995M;dick-murdoch,CHANGED,promotion_at_event;promotion_at_event_status;wrestled_masked;source_ids,event-era WWE/WWF brand or promotion affiliation populated; per-appearance masked status completed
entrants.csv,RR1995M;doink-1995,CHANGED,promotion_at_event;promotion_at_event_status;wrestled_masked;source_ids,event-era WWE/WWF brand or promotion affiliation populated; per-appearance masked status completed
entrants.csv,RR1995M;duke-droese,CHANGED,promotion_at_event;promotion_at_event_status;wrestled_masked;source_ids,event-era WWE/WWF brand or promotion affiliation populated; per-appearance masked status completed
entrants.csv,RR1995M;eli-blu,CHANGED,promotion_at_event;promotion_at_event_status;wrestled_masked;source_ids,event-era WWE/WWF brand or promotion affiliation populated; per-appearance masked status completed
entrants.csv,RR1995M;fatu,CHANGED,promotion_at_event;promotion_at_event_status;wrestled_masked;source_ids,event-era WWE/WWF brand or promotion affiliation populated; per-appearance masked status completed
entrants.csv,RR1995M;headshrinker-sione,CHANGED,promotion_at_event;promotion_at_event_status;wrestled_masked;source_ids,event-era WWE/WWF brand or promotion affiliation populated; per-appearance masked status completed
entrants.csv,RR1995M;henry-godwinn,CHANGED,promotion_at_event;promotion_at_event_status;wrestled_masked;source_ids,event-era WWE/WWF brand or promotion affiliation populated; per-appearance masked status completed
entrants.csv,RR1995M;jacob-blu,CHANGED,promotion_at_event;promotion_at_event_status;wrestled_masked;source_ids,event-era WWE/WWF brand or promotion affiliation populated; per-appearance masked status completed
entrants.csv,RR1995M;jimmy-del-ray,CHANGED,promotion_at_event;promotion_at_event_status;wrestled_masked;source_ids,event-era WWE/WWF brand or promotion affiliation populated; per-appearance masked status completed
entrants.csv,RR1995M;king-kong-bundy,CHANGED,promotion_at_event;promotion_at_event_status;wrestled_masked;source_ids,event-era WWE/WWF brand or promotion affiliation populated; per-appearance masked status completed
entrants.csv,RR1995M;kwang,CHANGED,promotion_at_event;promotion_at_event_status;wrestled_masked;source_ids,event-era WWE/WWF brand or promotion affiliation populated; per-appearance masked status completed
entrants.csv,RR1995M;lex-luger,CHANGED,promotion_at_event;promotion_at_event_status;wrestled_masked;source_ids,event-era WWE/WWF brand or promotion affiliation populated; per-appearance masked status completed
entrants.csv,RR1995M;luke-williams,CHANGED,promotion_at_event;promotion_at_event_status;wrestled_masked;source_ids,event-era WWE/WWF brand or promotion affiliation populated; per-appearance masked status completed
entrants.csv,RR1995M;mabel,CHANGED,promotion_at_event;promotion_at_event_status;wrestled_masked;source_ids,event-era WWE/WWF brand or promotion affiliation populated; per-appearance masked status completed
entrants.csv,RR1995M;mantaur,CHANGED,promotion_at_event;promotion_at_event_status;wrestled_masked;source_ids,event-era WWE/WWF brand or promotion affiliation populated; per-appearance masked status completed
entrants.csv,RR1995M;mo,CHANGED,promotion_at_event;promotion_at_event_status;wrestled_masked;source_ids,event-era WWE/WWF brand or promotion affiliation populated; per-appearance masked status completed
entrants.csv,RR1995M;owen-hart,CHANGED,promotion_at_event;promotion_at_event_status;wrestled_masked;source_ids,event-era WWE/WWF brand or promotion affiliation populated; per-appearance masked status completed
entrants.csv,RR1995M;rick-martel,CHANGED,promotion_at_event;promotion_at_event_status;wrestled_masked;source_ids,event-era WWE/WWF brand or promotion affiliation populated; per-appearance masked status completed
entrants.csv,RR1995M;shawn-michaels,CHANGED,promotion_at_event;promotion_at_event_status;wrestled_masked;source_ids,event-era WWE/WWF brand or promotion affiliation populated; per-appearance masked status completed
entrants.csv,RR1995M;steven-dunn,CHANGED,promotion_at_event;promotion_at_event_status;wrestled_masked;source_ids,event-era WWE/WWF brand or promotion affiliation populated; per-appearance masked status completed
entrants.csv,RR1995M;timothy-well,CHANGED,promotion_at_event;promotion_at_event_status;wrestled_masked;source_ids,event-era WWE/WWF brand or promotion affiliation populated; per-appearance masked status completed
entrants.csv,RR1995M;tom-prichard,CHANGED,promotion_at_event;promotion_at_event_status;wrestled_masked;source_ids,event-era WWE/WWF brand or promotion affiliation populated; per-appearance masked status completed
entrants.csv,RR1996M;1-2-3-kid,CHANGED,promotion_at_event;promotion_at_event_status;wrestled_masked;source_ids,event-era WWE/WWF brand or promotion affiliation populated; per-appearance masked status completed
entrants.csv,RR1996M;aldo-montoya,CHANGED,promotion_at_event;promotion_at_event_status;wrestled_masked;source_ids,event-era WWE/WWF brand or promotion affiliation populated; per-appearance masked status completed
entrants.csv,RR1996M;barry-horowitz,CHANGED,promotion_at_event;promotion_at_event_status;wrestled_masked;source_ids,event-era WWE/WWF brand or promotion affiliation populated; per-appearance masked status completed
entrants.csv,RR1996M;bob-backlund,CHANGED,promotion_at_event;promotion_at_event_status;wrestled_masked;source_ids,event-era WWE/WWF brand or promotion affiliation populated; per-appearance masked status completed
entrants.csv,RR1996M;bob-holly,CHANGED,promotion_at_event;promotion_at_event_status;wrestled_masked;source_ids,event-era WWE/WWF brand or promotion affiliation populated; per-appearance masked status completed
entrants.csv,RR1996M;british-bulldog,CHANGED,promotion_at_event;promotion_at_event_status;wrestled_masked;source_ids,event-era WWE/WWF brand or promotion affiliation populated; per-appearance masked status completed
entrants.csv,RR1996M;diesel,CHANGED,promotion_at_event;promotion_at_event_status;wrestled_masked;source_ids,event-era WWE/WWF brand or promotion affiliation populated; per-appearance masked status completed
entrants.csv,RR1996M;dory-funk-jr,CHANGED,promotion_at_event;promotion_at_event_status;wrestled_masked;source_ids,event-era WWE/WWF brand or promotion affiliation populated; per-appearance masked status completed
entrants.csv,RR1996M;doug-gilbert,CHANGED,promotion_at_event;promotion_at_event_status;wrestled_masked;source_ids,event-era WWE/WWF brand or promotion affiliation populated; per-appearance masked status completed
entrants.csv,RR1996M;duke-droese,CHANGED,promotion_at_event;promotion_at_event_status;wrestled_masked;source_ids,event-era WWE/WWF brand or promotion affiliation populated; per-appearance masked status completed
entrants.csv,RR1996M;fatu,CHANGED,promotion_at_event;promotion_at_event_status;wrestled_masked;source_ids,event-era WWE/WWF brand or promotion affiliation populated; per-appearance masked status completed
entrants.csv,RR1996M;hakushi,CHANGED,promotion_at_event;promotion_at_event_status;wrestled_masked;source_ids,event-era WWE/WWF brand or promotion affiliation populated; per-appearance masked status completed
entrants.csv,RR1996M;headhunter-1,CHANGED,promotion_at_event;promotion_at_event_status;wrestled_masked;source_ids,event-era WWE/WWF brand or promotion affiliation populated; per-appearance masked status completed
entrants.csv,RR1996M;headhunter-2,CHANGED,promotion_at_event;promotion_at_event_status;wrestled_masked;source_ids,event-era WWE/WWF brand or promotion affiliation populated; per-appearance masked status completed
entrants.csv,RR1996M;henry-godwinn,CHANGED,promotion_at_event;promotion_at_event_status;wrestled_masked;source_ids,event-era WWE/WWF brand or promotion affiliation populated; per-appearance masked status completed
entrants.csv,RR1996M;hunter-hearst-helmsley,CHANGED,promotion_at_event;promotion_at_event_status;wrestled_masked;source_ids,event-era WWE/WWF brand or promotion affiliation populated; per-appearance masked status completed
entrants.csv,RR1996M;isaac-yankem,CHANGED,promotion_at_event;promotion_at_event_status;wrestled_masked;source_ids,event-era WWE/WWF brand or promotion affiliation populated; per-appearance masked status completed
entrants.csv,RR1996M;jake-roberts,CHANGED,promotion_at_event;promotion_at_event_status;wrestled_masked;source_ids,event-era WWE/WWF brand or promotion affiliation populated; per-appearance masked status completed
entrants.csv,RR1996M;jerry-lawler,CHANGED,promotion_at_event;promotion_at_event_status;wrestled_masked;source_ids,event-era WWE/WWF brand or promotion affiliation populated; per-appearance masked status completed
entrants.csv,RR1996M;kama,CHANGED,promotion_at_event;promotion_at_event_status;wrestled_masked;source_ids,event-era WWE/WWF brand or promotion affiliation populated; per-appearance masked status completed
entrants.csv,RR1996M;mabel,CHANGED,promotion_at_event;promotion_at_event_status;wrestled_masked;source_ids,event-era WWE/WWF brand or promotion affiliation populated; per-appearance masked status completed
entrants.csv,RR1996M;marty-jannetty,CHANGED,promotion_at_event;promotion_at_event_status;wrestled_masked;source_ids,event-era WWE/WWF brand or promotion affiliation populated; per-appearance masked status completed
entrants.csv,RR1996M;owen-hart,CHANGED,promotion_at_event;promotion_at_event_status;wrestled_masked;source_ids,event-era WWE/WWF brand or promotion affiliation populated; per-appearance masked status completed
entrants.csv,RR1996M;savio-vega,CHANGED,promotion_at_event;promotion_at_event_status;wrestled_masked;source_ids,event-era WWE/WWF brand or promotion affiliation populated; per-appearance masked status completed
entrants.csv,RR1996M;shawn-michaels,CHANGED,promotion_at_event;promotion_at_event_status;wrestled_masked;source_ids,event-era WWE/WWF brand or promotion affiliation populated; per-appearance masked status completed
entrants.csv,RR1996M;steve-austin,CHANGED,promotion_at_event;promotion_at_event_status;wrestled_masked;source_ids,event-era WWE/WWF brand or promotion affiliation populated; per-appearance masked status completed
entrants.csv,RR1996M;takao-omori,CHANGED,promotion_at_event;promotion_at_event_status;wrestled_masked;source_ids,event-era WWE/WWF brand or promotion affiliation populated; per-appearance masked status completed
entrants.csv,RR1996M;tatanka,CHANGED,promotion_at_event;promotion_at_event_status;wrestled_masked;source_ids,event-era WWE/WWF brand or promotion affiliation populated; per-appearance masked status completed
entrants.csv,RR1996M;vader,CHANGED,promotion_at_event;promotion_at_event_status;wrestled_masked;source_ids,event-era WWE/WWF brand or promotion affiliation populated; per-appearance masked status completed
entrants.csv,RR1996M;yokozuna,CHANGED,promotion_at_event;promotion_at_event_status;wrestled_masked;source_ids,event-era WWE/WWF brand or promotion affiliation populated; per-appearance masked status completed
entrants.csv,RR1997M;ahmed-johnson,CHANGED,promotion_at_event;promotion_at_event_status;wrestled_masked;source_ids,event-era WWE/WWF brand or promotion affiliation populated; per-appearance masked status completed
entrants.csv,RR1997M;bart-gunn,CHANGED,promotion_at_event;promotion_at_event_status;wrestled_masked;source_ids,event-era WWE/WWF brand or promotion affiliation populated; per-appearance masked status completed
entrants.csv,RR1997M;bret-hart,CHANGED,promotion_at_event;promotion_at_event_status;wrestled_masked;source_ids,event-era WWE/WWF brand or promotion affiliation populated; per-appearance masked status completed
entrants.csv,RR1997M;british-bulldog,CHANGED,promotion_at_event;promotion_at_event_status;wrestled_masked;source_ids,event-era WWE/WWF brand or promotion affiliation populated; per-appearance masked status completed
entrants.csv,RR1997M;cibernetico,CHANGED,promotion_at_event;promotion_at_event_status;wrestled_masked;source_ids,event-era WWE/WWF brand or promotion affiliation populated; per-appearance masked status completed
entrants.csv,RR1997M;demolition-crush,CHANGED,promotion_at_event;promotion_at_event_status;wrestled_masked;source_ids,event-era WWE/WWF brand or promotion affiliation populated; per-appearance masked status completed
entrants.csv,RR1997M;faarooq,CHANGED,promotion_at_event;promotion_at_event_status;wrestled_masked;source_ids,event-era WWE/WWF brand or promotion affiliation populated; per-appearance masked status completed
entrants.csv,RR1997M;fake-diesel,CHANGED,promotion_at_event;promotion_at_event_status;wrestled_masked;source_ids,event-era WWE/WWF brand or promotion affiliation populated; per-appearance masked status completed
entrants.csv,RR1997M;fake-razor-ramon,CHANGED,promotion_at_event;promotion_at_event_status;wrestled_masked;source_ids,event-era WWE/WWF brand or promotion affiliation populated; per-appearance masked status completed
entrants.csv,RR1997M;flash-funk,CHANGED,promotion_at_event;promotion_at_event_status;wrestled_masked;source_ids,event-era WWE/WWF brand or promotion affiliation populated; per-appearance masked status completed
entrants.csv,RR1997M;goldust,CHANGED,promotion_at_event;promotion_at_event_status;wrestled_masked;source_ids,event-era WWE/WWF brand or promotion affiliation populated; per-appearance masked status completed
entrants.csv,RR1997M;henry-godwinn,CHANGED,promotion_at_event;promotion_at_event_status;wrestled_masked;source_ids,event-era WWE/WWF brand or promotion affiliation populated; per-appearance masked status completed
entrants.csv,RR1997M;hunter-hearst-helmsley,CHANGED,promotion_at_event;promotion_at_event_status;wrestled_masked;source_ids,event-era WWE/WWF brand or promotion affiliation populated; per-appearance masked status completed
entrants.csv,RR1997M;jake-roberts,CHANGED,promotion_at_event;promotion_at_event_status;wrestled_masked;source_ids,event-era WWE/WWF brand or promotion affiliation populated; per-appearance masked status completed
entrants.csv,RR1997M;jerry-lawler,CHANGED,promotion_at_event;promotion_at_event_status;wrestled_masked;source_ids,event-era WWE/WWF brand or promotion affiliation populated; per-appearance masked status completed
entrants.csv,RR1997M;jesse-james,CHANGED,promotion_at_event;promotion_at_event_status;wrestled_masked;source_ids,event-era WWE/WWF brand or promotion affiliation populated; per-appearance masked status completed
entrants.csv,RR1997M;latin-lover,CHANGED,promotion_at_event;promotion_at_event_status;wrestled_masked;source_ids,event-era WWE/WWF brand or promotion affiliation populated; per-appearance masked status completed
entrants.csv,RR1997M;mankind,CHANGED,promotion_at_event;promotion_at_event_status;wrestled_masked;source_ids,event-era WWE/WWF brand or promotion affiliation populated; per-appearance masked status completed
entrants.csv,RR1997M;marc-mero,CHANGED,promotion_at_event;promotion_at_event_status;wrestled_masked;source_ids,event-era WWE/WWF brand or promotion affiliation populated; per-appearance masked status completed
entrants.csv,RR1997M;mil-mascaras,CHANGED,promotion_at_event;promotion_at_event_status;wrestled_masked;source_ids,event-era WWE/WWF brand or promotion affiliation populated; per-appearance masked status completed
entrants.csv,RR1997M;owen-hart,CHANGED,promotion_at_event;promotion_at_event_status;wrestled_masked;source_ids,event-era WWE/WWF brand or promotion affiliation populated; per-appearance masked status completed
entrants.csv,RR1997M;phineas-godwinn,CHANGED,promotion_at_event;promotion_at_event_status;wrestled_masked;source_ids,event-era WWE/WWF brand or promotion affiliation populated; per-appearance masked status completed
entrants.csv,RR1997M;pierroth-jr,CHANGED,promotion_at_event;promotion_at_event_status;wrestled_masked;source_ids,event-era WWE/WWF brand or promotion affiliation populated; per-appearance masked status completed
entrants.csv,RR1997M;rocky-maivia,CHANGED,promotion_at_event;promotion_at_event_status;wrestled_masked;source_ids,event-era WWE/WWF brand or promotion affiliation populated; per-appearance masked status completed
entrants.csv,RR1997M;savio-vega,CHANGED,promotion_at_event;promotion_at_event_status;wrestled_masked;source_ids,event-era WWE/WWF brand or promotion affiliation populated; per-appearance masked status completed
entrants.csv,RR1997M;steve-austin,CHANGED,promotion_at_event;promotion_at_event_status;wrestled_masked;source_ids,event-era WWE/WWF brand or promotion affiliation populated; per-appearance masked status completed
entrants.csv,RR1997M;terry-funk,CHANGED,promotion_at_event;promotion_at_event_status;wrestled_masked;source_ids,event-era WWE/WWF brand or promotion affiliation populated; per-appearance masked status completed
entrants.csv,RR1997M;the-sultan,CHANGED,promotion_at_event;promotion_at_event_status;wrestled_masked;source_ids,event-era WWE/WWF brand or promotion affiliation populated; per-appearance masked status completed
entrants.csv,RR1997M;the-undertaker,CHANGED,promotion_at_event;promotion_at_event_status;wrestled_masked;source_ids,event-era WWE/WWF brand or promotion affiliation populated; per-appearance masked status completed
entrants.csv,RR1997M;vader,CHANGED,promotion_at_event;promotion_at_event_status;wrestled_masked;source_ids,event-era WWE/WWF brand or promotion affiliation populated; per-appearance masked status completed
entrants.csv,RR1998M;ahmed-johnson,CHANGED,promotion_at_event;promotion_at_event_status;wrestled_masked;source_ids,event-era WWE/WWF brand or promotion affiliation populated; per-appearance masked status completed
entrants.csv,RR1998M;bradshaw,CHANGED,promotion_at_event;promotion_at_event_status;wrestled_masked;source_ids,event-era WWE/WWF brand or promotion affiliation populated; per-appearance masked status completed
entrants.csv,RR1998M;cactus-jack,CHANGED,promotion_at_event;promotion_at_event_status;wrestled_masked;source_ids,event-era WWE/WWF brand or promotion affiliation populated; per-appearance masked status completed
entrants.csv,RR1998M;chainz,CHANGED,promotion_at_event;promotion_at_event_status;wrestled_masked;source_ids,event-era WWE/WWF brand or promotion affiliation populated; per-appearance masked status completed
entrants.csv,RR1998M;d-lo-brown,CHANGED,promotion_at_event;promotion_at_event_status;wrestled_masked;source_ids,event-era WWE/WWF brand or promotion affiliation populated; per-appearance masked status completed
entrants.csv,RR1998M;dude-love,CHANGED,promotion_at_event;promotion_at_event_status;wrestled_masked;source_ids,event-era WWE/WWF brand or promotion affiliation populated; per-appearance masked status completed
entrants.csv,RR1998M;eight-ball,CHANGED,promotion_at_event;promotion_at_event_status;wrestled_masked;source_ids,event-era WWE/WWF brand or promotion affiliation populated; per-appearance masked status completed
entrants.csv,RR1998M;faarooq,CHANGED,promotion_at_event;promotion_at_event_status;wrestled_masked;source_ids,event-era WWE/WWF brand or promotion affiliation populated; per-appearance masked status completed
entrants.csv,RR1998M;goldust,CHANGED,promotion_at_event;promotion_at_event_status;wrestled_masked;source_ids,event-era WWE/WWF brand or promotion affiliation populated; per-appearance masked status completed
entrants.csv,RR1998M;henry-godwinn,CHANGED,promotion_at_event;promotion_at_event_status;wrestled_masked;source_ids,event-era WWE/WWF brand or promotion affiliation populated; per-appearance masked status completed
entrants.csv,RR1998M;jeff-jarrett,CHANGED,promotion_at_event;promotion_at_event_status;wrestled_masked;source_ids,event-era WWE/WWF brand or promotion affiliation populated; per-appearance masked status completed
entrants.csv,RR1998M;kama,CHANGED,promotion_at_event;promotion_at_event_status;wrestled_masked;source_ids,event-era WWE/WWF brand or promotion affiliation populated; per-appearance masked status completed
entrants.csv,RR1998M;ken-shamrock,CHANGED,promotion_at_event;promotion_at_event_status;wrestled_masked;source_ids,event-era WWE/WWF brand or promotion affiliation populated; per-appearance masked status completed
entrants.csv,RR1998M;kurrgan,CHANGED,promotion_at_event;promotion_at_event_status;wrestled_masked;source_ids,event-era WWE/WWF brand or promotion affiliation populated; per-appearance masked status completed
entrants.csv,RR1998M;mankind,CHANGED,promotion_at_event;promotion_at_event_status;wrestled_masked;source_ids,event-era WWE/WWF brand or promotion affiliation populated; per-appearance masked status completed
entrants.csv,RR1998M;marc-mero,CHANGED,promotion_at_event;promotion_at_event_status;wrestled_masked;source_ids,event-era WWE/WWF brand or promotion affiliation populated; per-appearance masked status completed
entrants.csv,RR1998M;mark-henry,CHANGED,promotion_at_event;promotion_at_event_status;wrestled_masked;source_ids,event-era WWE/WWF brand or promotion affiliation populated; per-appearance masked status completed
entrants.csv,RR1998M;mosh,CHANGED,promotion_at_event;promotion_at_event_status;wrestled_masked;source_ids,event-era WWE/WWF brand or promotion affiliation populated; per-appearance masked status completed
entrants.csv,RR1998M;owen-hart,CHANGED,promotion_at_event;promotion_at_event_status;wrestled_masked;source_ids,event-era WWE/WWF brand or promotion affiliation populated; per-appearance masked status completed
entrants.csv,RR1998M;phineas-godwinn,CHANGED,promotion_at_event;promotion_at_event_status;wrestled_masked;source_ids,event-era WWE/WWF brand or promotion affiliation populated; per-appearance masked status completed
entrants.csv,RR1998M;rocky-maivia,CHANGED,promotion_at_event;promotion_at_event_status;wrestled_masked;source_ids,event-era WWE/WWF brand or promotion affiliation populated; per-appearance masked status completed
entrants.csv,RR1998M;savio-vega,CHANGED,promotion_at_event;promotion_at_event_status;wrestled_masked;source_ids,event-era WWE/WWF brand or promotion affiliation populated; per-appearance masked status completed
entrants.csv,RR1998M;skull,CHANGED,promotion_at_event;promotion_at_event_status;wrestled_masked;source_ids,event-era WWE/WWF brand or promotion affiliation populated; per-appearance masked status completed
entrants.csv,RR1998M;steve-austin,CHANGED,promotion_at_event;promotion_at_event_status;wrestled_masked;source_ids,event-era WWE/WWF brand or promotion affiliation populated; per-appearance masked status completed
entrants.csv,RR1998M;steve-blackman,CHANGED,promotion_at_event;promotion_at_event_status;wrestled_masked;source_ids,event-era WWE/WWF brand or promotion affiliation populated; per-appearance masked status completed
entrants.csv,RR1998M;terry-funk,CHANGED,promotion_at_event;promotion_at_event_status;wrestled_masked;source_ids,event-era WWE/WWF brand or promotion affiliation populated; per-appearance masked status completed
entrants.csv,RR1998M;the-honky-tonk-man,CHANGED,promotion_at_event;promotion_at_event_status;wrestled_masked;source_ids,event-era WWE/WWF brand or promotion affiliation populated; per-appearance masked status completed
entrants.csv,RR1998M;thrasher,CHANGED,promotion_at_event;promotion_at_event_status;wrestled_masked;source_ids,event-era WWE/WWF brand or promotion affiliation populated; per-appearance masked status completed
entrants.csv,RR1998M;tom-brandi,CHANGED,promotion_at_event;promotion_at_event_status;wrestled_masked;source_ids,event-era WWE/WWF brand or promotion affiliation populated; per-appearance masked status completed
entrants.csv,RR1998M;vader,CHANGED,promotion_at_event;promotion_at_event_status;wrestled_masked;source_ids,event-era WWE/WWF brand or promotion affiliation populated; per-appearance masked status completed
entrants.csv,RR1999M;1-2-3-kid,CHANGED,promotion_at_event;promotion_at_event_status;wrestled_masked;source_ids,event-era WWE/WWF brand or promotion affiliation populated; per-appearance masked status completed
entrants.csv,RR1999M;al-snow,CHANGED,promotion_at_event;promotion_at_event_status;wrestled_masked;source_ids,event-era WWE/WWF brand or promotion affiliation populated; per-appearance masked status completed
entrants.csv,RR1999M;big-boss-man,CHANGED,promotion_at_event;promotion_at_event_status;wrestled_masked;source_ids,event-era WWE/WWF brand or promotion affiliation populated; per-appearance masked status completed
entrants.csv,RR1999M;billy-gunn,CHANGED,promotion_at_event;promotion_at_event_status;wrestled_masked;source_ids,event-era WWE/WWF brand or promotion affiliation populated; per-appearance masked status completed
entrants.csv,RR1999M;blue-meanie,CHANGED,promotion_at_event;promotion_at_event_status;wrestled_masked;source_ids,event-era WWE/WWF brand or promotion affiliation populated; per-appearance masked status completed
entrants.csv,RR1999M;chyna,CHANGED,promotion_at_event;promotion_at_event_status;wrestled_masked;source_ids,event-era WWE/WWF brand or promotion affiliation populated; per-appearance masked status completed
entrants.csv,RR1999M;d-lo-brown,CHANGED,promotion_at_event;promotion_at_event_status;wrestled_masked;source_ids,event-era WWE/WWF brand or promotion affiliation populated; per-appearance masked status completed
entrants.csv,RR1999M;dan-severn,CHANGED,promotion_at_event;promotion_at_event_status;wrestled_masked;source_ids,event-era WWE/WWF brand or promotion affiliation populated; per-appearance masked status completed
entrants.csv,RR1999M;droz,CHANGED,promotion_at_event;promotion_at_event_status;wrestled_masked;source_ids,event-era WWE/WWF brand or promotion affiliation populated; per-appearance masked status completed
entrants.csv,RR1999M;edge,CHANGED,promotion_at_event;promotion_at_event_status;wrestled_masked;source_ids,event-era WWE/WWF brand or promotion affiliation populated; per-appearance masked status completed
entrants.csv,RR1999M;gangrel,CHANGED,promotion_at_event;promotion_at_event_status;wrestled_masked;source_ids,event-era WWE/WWF brand or promotion affiliation populated; per-appearance masked status completed
entrants.csv,RR1999M;gillberg,CHANGED,promotion_at_event;promotion_at_event_status;wrestled_masked;source_ids,event-era WWE/WWF brand or promotion affiliation populated; per-appearance masked status completed
entrants.csv,RR1999M;goldust,CHANGED,promotion_at_event;promotion_at_event_status;wrestled_masked;source_ids,event-era WWE/WWF brand or promotion affiliation populated; per-appearance masked status completed
entrants.csv,RR1999M;golga,CHANGED,promotion_at_event;promotion_at_event_status;wrestled_masked;source_ids,event-era WWE/WWF brand or promotion affiliation populated; per-appearance masked status completed
entrants.csv,RR1999M;hunter-hearst-helmsley,CHANGED,promotion_at_event;promotion_at_event_status;wrestled_masked;source_ids,event-era WWE/WWF brand or promotion affiliation populated; per-appearance masked status completed
entrants.csv,RR1999M;jeff-jarrett,CHANGED,promotion_at_event;promotion_at_event_status;wrestled_masked;source_ids,event-era WWE/WWF brand or promotion affiliation populated; per-appearance masked status completed
entrants.csv,RR1999M;jesse-james,CHANGED,promotion_at_event;promotion_at_event_status;wrestled_masked;source_ids,event-era WWE/WWF brand or promotion affiliation populated; per-appearance masked status completed
entrants.csv,RR1999M;kane,CHANGED,promotion_at_event;promotion_at_event_status;wrestled_masked;source_ids,event-era WWE/WWF brand or promotion affiliation populated; per-appearance masked status completed
entrants.csv,RR1999M;ken-shamrock,CHANGED,promotion_at_event;promotion_at_event_status;wrestled_masked;source_ids,event-era WWE/WWF brand or promotion affiliation populated; per-appearance masked status completed
entrants.csv,RR1999M;kurrgan,CHANGED,promotion_at_event;promotion_at_event_status;wrestled_masked;source_ids,event-era WWE/WWF brand or promotion affiliation populated; per-appearance masked status completed
entrants.csv,RR1999M;mabel,CHANGED,promotion_at_event;promotion_at_event_status;wrestled_masked;source_ids,event-era WWE/WWF brand or promotion affiliation populated; per-appearance masked status completed
entrants.csv,RR1999M;mark-henry,CHANGED,promotion_at_event;promotion_at_event_status;wrestled_masked;source_ids,event-era WWE/WWF brand or promotion affiliation populated; per-appearance masked status completed
entrants.csv,RR1999M;owen-hart,CHANGED,promotion_at_event;promotion_at_event_status;wrestled_masked;source_ids,event-era WWE/WWF brand or promotion affiliation populated; per-appearance masked status completed
entrants.csv,RR1999M;steve-austin,CHANGED,promotion_at_event;promotion_at_event_status;wrestled_masked;source_ids,event-era WWE/WWF brand or promotion affiliation populated; per-appearance masked status completed
entrants.csv,RR1999M;steve-blackman,CHANGED,promotion_at_event;promotion_at_event_status;wrestled_masked;source_ids,event-era WWE/WWF brand or promotion affiliation populated; per-appearance masked status completed
entrants.csv,RR1999M;test,CHANGED,promotion_at_event;promotion_at_event_status;wrestled_masked;source_ids,event-era WWE/WWF brand or promotion affiliation populated; per-appearance masked status completed
entrants.csv,RR1999M;the-godfather,CHANGED,promotion_at_event;promotion_at_event_status;wrestled_masked;source_ids,event-era WWE/WWF brand or promotion affiliation populated; per-appearance masked status completed
entrants.csv,RR1999M;tiger-ali-singh,CHANGED,promotion_at_event;promotion_at_event_status;wrestled_masked;source_ids,event-era WWE/WWF brand or promotion affiliation populated; per-appearance masked status completed
entrants.csv,RR1999M;val-venis,CHANGED,promotion_at_event;promotion_at_event_status;wrestled_masked;source_ids,event-era WWE/WWF brand or promotion affiliation populated; per-appearance masked status completed
entrants.csv,RR1999M;vince-mcmahon,CHANGED,promotion_at_event;promotion_at_event_status;wrestled_masked;source_ids,event-era WWE/WWF brand or promotion affiliation populated; per-appearance masked status completed
entrants.csv,RR2000M;1-2-3-kid,CHANGED,elimination_clock_time;elimination_clock_seconds;promotion_at_event;promotion_at_event_status;wrestled_masked;source_ids,event-era WWE/WWF brand or promotion affiliation populated; per-appearance masked status completed
entrants.csv,RR2000M;al-snow,CHANGED,elimination_clock_time;elimination_clock_seconds;promotion_at_event;promotion_at_event_status;wrestled_masked;source_ids,event-era WWE/WWF brand or promotion affiliation populated; per-appearance masked status completed
entrants.csv,RR2000M;big-boss-man,CHANGED,elimination_clock_time;elimination_clock_seconds;promotion_at_event;promotion_at_event_status;wrestled_masked;source_ids,event-era WWE/WWF brand or promotion affiliation populated; per-appearance masked status completed
entrants.csv,RR2000M;big-show,CHANGED,elimination_clock_time;elimination_clock_seconds;promotion_at_event;promotion_at_event_status;wrestled_masked;source_ids,event-era WWE/WWF brand or promotion affiliation populated; per-appearance masked status completed
entrants.csv,RR2000M;billy-gunn,CHANGED,elimination_clock_time;elimination_clock_seconds;promotion_at_event;promotion_at_event_status;wrestled_masked;source_ids,event-era WWE/WWF brand or promotion affiliation populated; per-appearance masked status completed
entrants.csv,RR2000M;bob-backlund,CHANGED,elimination_clock_time;elimination_clock_seconds;promotion_at_event;promotion_at_event_status;wrestled_masked;source_ids,event-era WWE/WWF brand or promotion affiliation populated; per-appearance masked status completed
entrants.csv,RR2000M;bradshaw,CHANGED,elimination_clock_time;elimination_clock_seconds;promotion_at_event;promotion_at_event_status;wrestled_masked;source_ids,event-era WWE/WWF brand or promotion affiliation populated; per-appearance masked status completed
entrants.csv,RR2000M;brian-christopher,CHANGED,elimination_clock_time;elimination_clock_seconds;promotion_at_event;promotion_at_event_status;wrestled_masked;source_ids,event-era WWE/WWF brand or promotion affiliation populated; per-appearance masked status completed
entrants.csv,RR2000M;british-bulldog,CHANGED,elimination_clock_time;elimination_clock_seconds;promotion_at_event;promotion_at_event_status;wrestled_masked;source_ids,event-era WWE/WWF brand or promotion affiliation populated; per-appearance masked status completed
entrants.csv,RR2000M;chris-jericho,CHANGED,elimination_clock_time;elimination_clock_seconds;promotion_at_event;promotion_at_event_status;wrestled_masked;source_ids,event-era WWE/WWF brand or promotion affiliation populated; per-appearance masked status completed
entrants.csv,RR2000M;christian,CHANGED,elimination_clock_time;elimination_clock_seconds;promotion_at_event;promotion_at_event_status;wrestled_masked;source_ids,event-era WWE/WWF brand or promotion affiliation populated; per-appearance masked status completed
entrants.csv,RR2000M;chyna,CHANGED,elimination_clock_time;elimination_clock_seconds;promotion_at_event;promotion_at_event_status;wrestled_masked;source_ids,event-era WWE/WWF brand or promotion affiliation populated; per-appearance masked status completed
entrants.csv,RR2000M;crash-holly,CHANGED,elimination_clock_time;elimination_clock_seconds;promotion_at_event;promotion_at_event_status;wrestled_masked;source_ids,event-era WWE/WWF brand or promotion affiliation populated; per-appearance masked status completed
entrants.csv,RR2000M;d-lo-brown,CHANGED,elimination_clock_time;elimination_clock_seconds;promotion_at_event;promotion_at_event_status;wrestled_masked;source_ids,event-era WWE/WWF brand or promotion affiliation populated; per-appearance masked status completed
entrants.csv,RR2000M;edge,CHANGED,elimination_clock_time;elimination_clock_seconds;promotion_at_event;promotion_at_event_status;wrestled_masked;source_ids,event-era WWE/WWF brand or promotion affiliation populated; per-appearance masked status completed
entrants.csv,RR2000M;faarooq,CHANGED,elimination_clock_time;elimination_clock_seconds;promotion_at_event;promotion_at_event_status;wrestled_masked;source_ids,event-era WWE/WWF brand or promotion affiliation populated; per-appearance masked status completed
entrants.csv,RR2000M;gangrel,CHANGED,elimination_clock_time;elimination_clock_seconds;promotion_at_event;promotion_at_event_status;wrestled_masked;source_ids,event-era WWE/WWF brand or promotion affiliation populated; per-appearance masked status completed
entrants.csv,RR2000M;hardcore-holly,CHANGED,elimination_clock_time;elimination_clock_seconds;promotion_at_event;promotion_at_event_status;wrestled_masked;source_ids,event-era WWE/WWF brand or promotion affiliation populated; per-appearance masked status completed
entrants.csv,RR2000M;jesse-james,CHANGED,elimination_clock_time;elimination_clock_seconds;promotion_at_event;promotion_at_event_status;wrestled_masked;source_ids,event-era WWE/WWF brand or promotion affiliation populated; per-appearance masked status completed
entrants.csv,RR2000M;kane,CHANGED,elimination_clock_time;elimination_clock_seconds;promotion_at_event;promotion_at_event_status;wrestled_masked;source_ids,event-era WWE/WWF brand or promotion affiliation populated; per-appearance masked status completed
entrants.csv,RR2000M;mabel,CHANGED,elimination_clock_time;elimination_clock_seconds;promotion_at_event;promotion_at_event_status;wrestled_masked;source_ids,event-era WWE/WWF brand or promotion affiliation populated; per-appearance masked status completed
entrants.csv,RR2000M;mosh,CHANGED,elimination_clock_time;elimination_clock_seconds;promotion_at_event;promotion_at_event_status;wrestled_masked;source_ids,event-era WWE/WWF brand or promotion affiliation populated; per-appearance masked status completed
entrants.csv,RR2000M;prince-albert,CHANGED,elimination_clock_time;elimination_clock_seconds;promotion_at_event;promotion_at_event_status;wrestled_masked;source_ids,event-era WWE/WWF brand or promotion affiliation populated; per-appearance masked status completed
entrants.csv,RR2000M;rikishi,CHANGED,elimination_clock_time;elimination_clock_seconds;promotion_at_event;promotion_at_event_status;wrestled_masked;source_ids,event-era WWE/WWF brand or promotion affiliation populated; per-appearance masked status completed
entrants.csv,RR2000M;rocky-maivia,CHANGED,ring_time;ring_time_seconds;ring_time_status;promotion_at_event;promotion_at_event_status;wrestled_masked;source_ids,event-era WWE/WWF brand or promotion affiliation populated; per-appearance masked status completed
entrants.csv,RR2000M;scott-taylor,CHANGED,elimination_clock_time;elimination_clock_seconds;promotion_at_event;promotion_at_event_status;wrestled_masked;source_ids,event-era WWE/WWF brand or promotion affiliation populated; per-appearance masked status completed
entrants.csv,RR2000M;steve-blackman,CHANGED,elimination_clock_time;elimination_clock_seconds;promotion_at_event;promotion_at_event_status;wrestled_masked;source_ids,event-era WWE/WWF brand or promotion affiliation populated; per-appearance masked status completed
entrants.csv,RR2000M;test,CHANGED,elimination_clock_time;elimination_clock_seconds;promotion_at_event;promotion_at_event_status;wrestled_masked;source_ids,event-era WWE/WWF brand or promotion affiliation populated; per-appearance masked status completed
entrants.csv,RR2000M;the-godfather,CHANGED,elimination_clock_time;elimination_clock_seconds;promotion_at_event;promotion_at_event_status;wrestled_masked;source_ids,event-era WWE/WWF brand or promotion affiliation populated; per-appearance masked status completed
entrants.csv,RR2000M;val-venis,CHANGED,elimination_clock_time;elimination_clock_seconds;promotion_at_event;promotion_at_event_status;wrestled_masked;source_ids,event-era WWE/WWF brand or promotion affiliation populated; per-appearance masked status completed
entrants.csv,RR2001M;al-snow,CHANGED,promotion_at_event;promotion_at_event_status;wrestled_masked;source_ids,event-era WWE/WWF brand or promotion affiliation populated; per-appearance masked status completed
entrants.csv,RR2001M;big-show,CHANGED,promotion_at_event;promotion_at_event_status;wrestled_masked;source_ids,event-era WWE/WWF brand or promotion affiliation populated; per-appearance masked status completed
entrants.csv,RR2001M;billy-gunn,CHANGED,promotion_at_event;promotion_at_event_status;wrestled_masked;source_ids,event-era WWE/WWF brand or promotion affiliation populated; per-appearance masked status completed
entrants.csv,RR2001M;bradshaw,CHANGED,promotion_at_event;promotion_at_event_status;wrestled_masked;source_ids,event-era WWE/WWF brand or promotion affiliation populated; per-appearance masked status completed
entrants.csv,RR2001M;brian-christopher,CHANGED,promotion_at_event;promotion_at_event_status;wrestled_masked;source_ids,event-era WWE/WWF brand or promotion affiliation populated; per-appearance masked status completed
entrants.csv,RR2001M;bull-buchanan,CHANGED,promotion_at_event;promotion_at_event_status;wrestled_masked;source_ids,event-era WWE/WWF brand or promotion affiliation populated; per-appearance masked status completed
entrants.csv,RR2001M;crash-holly,CHANGED,promotion_at_event;promotion_at_event_status;wrestled_masked;source_ids,event-era WWE/WWF brand or promotion affiliation populated; per-appearance masked status completed
entrants.csv,RR2001M;drew-carey,CHANGED,promotion_at_event;promotion_at_event_status;wrestled_masked;source_ids,event-era WWE/WWF brand or promotion affiliation populated; per-appearance masked status completed
entrants.csv,RR2001M;faarooq,CHANGED,promotion_at_event;promotion_at_event_status;wrestled_masked;source_ids,event-era WWE/WWF brand or promotion affiliation populated; per-appearance masked status completed
entrants.csv,RR2001M;haku,CHANGED,promotion_at_event;promotion_at_event_status;wrestled_masked;source_ids,event-era WWE/WWF brand or promotion affiliation populated; per-appearance masked status completed
entrants.csv,RR2001M;hardcore-holly,CHANGED,promotion_at_event;promotion_at_event_status;wrestled_masked;source_ids,event-era WWE/WWF brand or promotion affiliation populated; per-appearance masked status completed
entrants.csv,RR2001M;jeff-hardy,CHANGED,promotion_at_event;promotion_at_event_status;wrestled_masked;source_ids,event-era WWE/WWF brand or promotion affiliation populated; per-appearance masked status completed
entrants.csv,RR2001M;k-kwik,CHANGED,promotion_at_event;promotion_at_event_status;wrestled_masked;source_ids,event-era WWE/WWF brand or promotion affiliation populated; per-appearance masked status completed
entrants.csv,RR2001M;kane,CHANGED,promotion_at_event;promotion_at_event_status;wrestled_masked;source_ids,event-era WWE/WWF brand or promotion affiliation populated; per-appearance masked status completed
entrants.csv,RR2001M;matt-hardy,CHANGED,promotion_at_event;promotion_at_event_status;wrestled_masked;source_ids,event-era WWE/WWF brand or promotion affiliation populated; per-appearance masked status completed
entrants.csv,RR2001M;perry-saturn,CHANGED,promotion_at_event;promotion_at_event_status;wrestled_masked;source_ids,event-era WWE/WWF brand or promotion affiliation populated; per-appearance masked status completed
entrants.csv,RR2001M;prince-albert,CHANGED,promotion_at_event;promotion_at_event_status;wrestled_masked;source_ids,event-era WWE/WWF brand or promotion affiliation populated; per-appearance masked status completed
entrants.csv,RR2001M;raven,CHANGED,promotion_at_event;promotion_at_event_status;wrestled_masked;source_ids,event-era WWE/WWF brand or promotion affiliation populated; per-appearance masked status completed
entrants.csv,RR2001M;rikishi,CHANGED,promotion_at_event;promotion_at_event_status;wrestled_masked;source_ids,event-era WWE/WWF brand or promotion affiliation populated; per-appearance masked status completed
entrants.csv,RR2001M;rocky-maivia,CHANGED,promotion_at_event;promotion_at_event_status;wrestled_masked;source_ids,event-era WWE/WWF brand or promotion affiliation populated; per-appearance masked status completed
entrants.csv,RR2001M;scott-taylor,CHANGED,promotion_at_event;promotion_at_event_status;wrestled_masked;source_ids,event-era WWE/WWF brand or promotion affiliation populated; per-appearance masked status completed
entrants.csv,RR2001M;steve-austin,CHANGED,promotion_at_event;promotion_at_event_status;wrestled_masked;source_ids,event-era WWE/WWF brand or promotion affiliation populated; per-appearance masked status completed
entrants.csv,RR2001M;steve-blackman,CHANGED,promotion_at_event;promotion_at_event_status;wrestled_masked;source_ids,event-era WWE/WWF brand or promotion affiliation populated; per-appearance masked status completed
entrants.csv,RR2001M;tazz,CHANGED,promotion_at_event;promotion_at_event_status;wrestled_masked;source_ids,event-era WWE/WWF brand or promotion affiliation populated; per-appearance masked status completed
entrants.csv,RR2001M;test,CHANGED,promotion_at_event;promotion_at_event_status;wrestled_masked;source_ids,event-era WWE/WWF brand or promotion affiliation populated; per-appearance masked status completed
entrants.csv,RR2001M;the-godfather,CHANGED,promotion_at_event;promotion_at_event_status;wrestled_masked;source_ids,event-era WWE/WWF brand or promotion affiliation populated; per-appearance masked status completed
entrants.csv,RR2001M;the-honky-tonk-man,CHANGED,promotion_at_event;promotion_at_event_status;wrestled_masked;source_ids,event-era WWE/WWF brand or promotion affiliation populated; per-appearance masked status completed
entrants.csv,RR2001M;the-undertaker,CHANGED,promotion_at_event;promotion_at_event_status;wrestled_masked;source_ids,event-era WWE/WWF brand or promotion affiliation populated; per-appearance masked status completed
entrants.csv,RR2001M;val-venis,CHANGED,promotion_at_event;promotion_at_event_status;wrestled_masked;source_ids,event-era WWE/WWF brand or promotion affiliation populated; per-appearance masked status completed
entrants.csv,RR2001M;william-regal,CHANGED,promotion_at_event;promotion_at_event_status;wrestled_masked;source_ids,event-era WWE/WWF brand or promotion affiliation populated; per-appearance masked status completed
entrants.csv,RR2002M;al-snow,CHANGED,elimination_clock_time;elimination_clock_seconds;promotion_at_event;promotion_at_event_status;wrestled_masked;source_ids,event-era WWE/WWF brand or promotion affiliation populated; per-appearance masked status completed
entrants.csv,RR2002M;big-boss-man,CHANGED,elimination_clock_time;elimination_clock_seconds;promotion_at_event;promotion_at_event_status;wrestled_masked;source_ids,event-era WWE/WWF brand or promotion affiliation populated; per-appearance masked status completed
entrants.csv,RR2002M;big-show,CHANGED,elimination_clock_time;elimination_clock_seconds;promotion_at_event;promotion_at_event_status;wrestled_masked;source_ids,event-era WWE/WWF brand or promotion affiliation populated; per-appearance masked status completed
entrants.csv,RR2002M;billy-gunn,CHANGED,elimination_clock_time;elimination_clock_seconds;promotion_at_event;promotion_at_event_status;wrestled_masked;source_ids,event-era WWE/WWF brand or promotion affiliation populated; per-appearance masked status completed
entrants.csv,RR2002M;booker-t,CHANGED,elimination_clock_time;elimination_clock_seconds;promotion_at_event;promotion_at_event_status;wrestled_masked;source_ids,event-era WWE/WWF brand or promotion affiliation populated; per-appearance masked status completed
entrants.csv,RR2002M;bradshaw,CHANGED,elimination_clock_time;elimination_clock_seconds;promotion_at_event;promotion_at_event_status;wrestled_masked;source_ids,event-era WWE/WWF brand or promotion affiliation populated; per-appearance masked status completed
entrants.csv,RR2002M;christian,CHANGED,elimination_clock_time;elimination_clock_seconds;promotion_at_event;promotion_at_event_status;wrestled_masked;source_ids,event-era WWE/WWF brand or promotion affiliation populated; per-appearance masked status completed
entrants.csv,RR2002M;chuck-palumbo,CHANGED,elimination_clock_time;elimination_clock_seconds;promotion_at_event;promotion_at_event_status;wrestled_masked;source_ids,event-era WWE/WWF brand or promotion affiliation populated; per-appearance masked status completed
entrants.csv,RR2002M;diamond-dallas-page,CHANGED,elimination_clock_time;elimination_clock_seconds;promotion_at_event;promotion_at_event_status;wrestled_masked;source_ids,event-era WWE/WWF brand or promotion affiliation populated; per-appearance masked status completed
entrants.csv,RR2002M;faarooq,CHANGED,elimination_clock_time;elimination_clock_seconds;promotion_at_event;promotion_at_event_status;wrestled_masked;source_ids,event-era WWE/WWF brand or promotion affiliation populated; per-appearance masked status completed
entrants.csv,RR2002M;goldust,CHANGED,elimination_clock_time;elimination_clock_seconds;promotion_at_event;promotion_at_event_status;wrestled_masked;source_ids,event-era WWE/WWF brand or promotion affiliation populated; per-appearance masked status completed
entrants.csv,RR2002M;hunter-hearst-helmsley,CHANGED,promotion_at_event;promotion_at_event_status;wrestled_masked;source_ids,event-era WWE/WWF brand or promotion affiliation populated; per-appearance masked status completed
entrants.csv,RR2002M;jeff-hardy,CHANGED,elimination_clock_time;elimination_clock_seconds;promotion_at_event;promotion_at_event_status;wrestled_masked;source_ids,event-era WWE/WWF brand or promotion affiliation populated; per-appearance masked status completed
entrants.csv,RR2002M;kane,CHANGED,elimination_clock_time;elimination_clock_seconds;promotion_at_event;promotion_at_event_status;wrestled_masked;source_ids,event-era WWE/WWF brand or promotion affiliation populated; per-appearance masked status completed
entrants.csv,RR2002M;kurt-angle,CHANGED,elimination_clock_time;elimination_clock_seconds;promotion_at_event;promotion_at_event_status;wrestled_masked;source_ids,event-era WWE/WWF brand or promotion affiliation populated; per-appearance masked status completed
entrants.csv,RR2002M;lance-storm,CHANGED,elimination_clock_time;elimination_clock_seconds;promotion_at_event;promotion_at_event_status;wrestled_masked;source_ids,event-era WWE/WWF brand or promotion affiliation populated; per-appearance masked status completed
entrants.csv,RR2002M;matt-hardy,CHANGED,elimination_clock_time;elimination_clock_seconds;promotion_at_event;promotion_at_event_status;wrestled_masked;source_ids,event-era WWE/WWF brand or promotion affiliation populated; per-appearance masked status completed
entrants.csv,RR2002M;maven,CHANGED,elimination_clock_time;elimination_clock_seconds;ring_time;ring_time_seconds;ring_time_status;promotion_at_event;promotion_at_event_status;wrestled_masked;source_ids,event-era WWE/WWF brand or promotion affiliation populated; per-appearance masked status completed
entrants.csv,RR2002M;mr-perfect,CHANGED,elimination_clock_time;elimination_clock_seconds;promotion_at_event;promotion_at_event_status;wrestled_masked;source_ids,event-era WWE/WWF brand or promotion affiliation populated; per-appearance masked status completed
entrants.csv,RR2002M;perry-saturn,CHANGED,elimination_clock_time;elimination_clock_seconds;promotion_at_event;promotion_at_event_status;wrestled_masked;source_ids,event-era WWE/WWF brand or promotion affiliation populated; per-appearance masked status completed
entrants.csv,RR2002M;prince-albert,CHANGED,elimination_clock_time;elimination_clock_seconds;promotion_at_event;promotion_at_event_status;wrestled_masked;source_ids,event-era WWE/WWF brand or promotion affiliation populated; per-appearance masked status completed
entrants.csv,RR2002M;rikishi,CHANGED,elimination_clock_time;elimination_clock_seconds;promotion_at_event;promotion_at_event_status;wrestled_masked;source_ids,event-era WWE/WWF brand or promotion affiliation populated; per-appearance masked status completed
entrants.csv,RR2002M;rob-van-dam,CHANGED,elimination_clock_time;elimination_clock_seconds;promotion_at_event;promotion_at_event_status;wrestled_masked;source_ids,event-era WWE/WWF brand or promotion affiliation populated; per-appearance masked status completed
entrants.csv,RR2002M;scott-taylor,CHANGED,elimination_clock_time;elimination_clock_seconds;promotion_at_event;promotion_at_event_status;wrestled_masked;source_ids,event-era WWE/WWF brand or promotion affiliation populated; per-appearance masked status completed
entrants.csv,RR2002M;steve-austin,CHANGED,elimination_clock_time;elimination_clock_seconds;promotion_at_event;promotion_at_event_status;wrestled_masked;source_ids,event-era WWE/WWF brand or promotion affiliation populated; per-appearance masked status completed
entrants.csv,RR2002M;test,CHANGED,elimination_clock_time;elimination_clock_seconds;promotion_at_event;promotion_at_event_status;wrestled_masked;source_ids,event-era WWE/WWF brand or promotion affiliation populated; per-appearance masked status completed
entrants.csv,RR2002M;the-godfather,CHANGED,elimination_clock_time;elimination_clock_seconds;promotion_at_event;promotion_at_event_status;wrestled_masked;source_ids,event-era WWE/WWF brand or promotion affiliation populated; per-appearance masked status completed
entrants.csv,RR2002M;the-hurricane,CHANGED,elimination_clock_time;elimination_clock_seconds;promotion_at_event;promotion_at_event_status;wrestled_masked;source_ids,event-era WWE/WWF brand or promotion affiliation populated; per-appearance masked status completed
entrants.csv,RR2002M;the-undertaker,CHANGED,elimination_clock_time;elimination_clock_seconds;promotion_at_event;promotion_at_event_status;wrestled_masked;source_ids,event-era WWE/WWF brand or promotion affiliation populated; per-appearance masked status completed
entrants.csv,RR2002M;val-venis,CHANGED,elimination_clock_time;elimination_clock_seconds;promotion_at_event;promotion_at_event_status;wrestled_masked;source_ids,event-era WWE/WWF brand or promotion affiliation populated; per-appearance masked status completed
entrants.csv,RR2003M;batista,CHANGED,promotion_at_event;promotion_at_event_status;wrestled_masked;source_ids,event-era WWE/WWF brand or promotion affiliation populated; per-appearance masked status completed
entrants.csv,RR2003M;bill-demott,CHANGED,promotion_at_event;promotion_at_event_status;wrestled_masked;source_ids,event-era WWE/WWF brand or promotion affiliation populated; per-appearance masked status completed
entrants.csv,RR2003M;booker-t,CHANGED,promotion_at_event;promotion_at_event_status;wrestled_masked;source_ids,event-era WWE/WWF brand or promotion affiliation populated; per-appearance masked status completed
entrants.csv,RR2003M;brock-lesnar,CHANGED,promotion_at_event;promotion_at_event_status;wrestled_masked;source_ids,event-era WWE/WWF brand or promotion affiliation populated; per-appearance masked status completed
entrants.csv,RR2003M;bull-buchanan,CHANGED,promotion_at_event;promotion_at_event_status;wrestled_masked;source_ids,event-era WWE/WWF brand or promotion affiliation populated; per-appearance masked status completed
entrants.csv,RR2003M;charlie-haas,CHANGED,promotion_at_event;promotion_at_event_status;wrestled_masked;source_ids,event-era WWE/WWF brand or promotion affiliation populated; per-appearance masked status completed
entrants.csv,RR2003M;chavo-guerrero,CHANGED,promotion_at_event;promotion_at_event_status;wrestled_masked;source_ids,event-era WWE/WWF brand or promotion affiliation populated; per-appearance masked status completed
entrants.csv,RR2003M;chris-jericho,CHANGED,promotion_at_event;promotion_at_event_status;wrestled_masked;source_ids,event-era WWE/WWF brand or promotion affiliation populated; per-appearance masked status completed
entrants.csv,RR2003M;chris-nowinski,CHANGED,promotion_at_event;promotion_at_event_status;wrestled_masked;source_ids,event-era WWE/WWF brand or promotion affiliation populated; per-appearance masked status completed
entrants.csv,RR2003M;christian,CHANGED,promotion_at_event;promotion_at_event_status;wrestled_masked;source_ids,event-era WWE/WWF brand or promotion affiliation populated; per-appearance masked status completed
entrants.csv,RR2003M;eddie-guerrero,CHANGED,promotion_at_event;promotion_at_event_status;wrestled_masked;source_ids,event-era WWE/WWF brand or promotion affiliation populated; per-appearance masked status completed
entrants.csv,RR2003M;edge,CHANGED,promotion_at_event;promotion_at_event_status;wrestled_masked;source_ids,event-era WWE/WWF brand or promotion affiliation populated; per-appearance masked status completed
entrants.csv,RR2003M;goldust,CHANGED,promotion_at_event;promotion_at_event_status;wrestled_masked;source_ids,event-era WWE/WWF brand or promotion affiliation populated; per-appearance masked status completed
entrants.csv,RR2003M;jamal,CHANGED,promotion_at_event;promotion_at_event_status;wrestled_masked;source_ids,event-era WWE/WWF brand or promotion affiliation populated; per-appearance masked status completed
entrants.csv,RR2003M;jeff-hardy,CHANGED,promotion_at_event;promotion_at_event_status;wrestled_masked;source_ids,event-era WWE/WWF brand or promotion affiliation populated; per-appearance masked status completed
entrants.csv,RR2003M;john-cena,CHANGED,promotion_at_event;promotion_at_event_status;wrestled_masked;source_ids,event-era WWE/WWF brand or promotion affiliation populated; per-appearance masked status completed
entrants.csv,RR2003M;kane,CHANGED,promotion_at_event;promotion_at_event_status;wrestled_masked;source_ids,event-era WWE/WWF brand or promotion affiliation populated; per-appearance masked status completed
entrants.csv,RR2003M;matt-hardy,CHANGED,promotion_at_event;promotion_at_event_status;wrestled_masked;source_ids,event-era WWE/WWF brand or promotion affiliation populated; per-appearance masked status completed
entrants.csv,RR2003M;maven,CHANGED,promotion_at_event;promotion_at_event_status;wrestled_masked;source_ids,event-era WWE/WWF brand or promotion affiliation populated; per-appearance masked status completed
entrants.csv,RR2003M;prince-albert,CHANGED,promotion_at_event;promotion_at_event_status;wrestled_masked;source_ids,event-era WWE/WWF brand or promotion affiliation populated; per-appearance masked status completed
entrants.csv,RR2003M;rey-mysterio,CHANGED,promotion_at_event;promotion_at_event_status;wrestled_masked;source_ids,event-era WWE/WWF brand or promotion affiliation populated; per-appearance masked status completed
entrants.csv,RR2003M;rikishi,CHANGED,promotion_at_event;promotion_at_event_status;wrestled_masked;source_ids,event-era WWE/WWF brand or promotion affiliation populated; per-appearance masked status completed
entrants.csv,RR2003M;rob-van-dam,CHANGED,promotion_at_event;promotion_at_event_status;wrestled_masked;source_ids,event-era WWE/WWF brand or promotion affiliation populated; per-appearance masked status completed
entrants.csv,RR2003M;rosey,CHANGED,promotion_at_event;promotion_at_event_status;wrestled_masked;source_ids,event-era WWE/WWF brand or promotion affiliation populated; per-appearance masked status completed
entrants.csv,RR2003M;shawn-michaels,CHANGED,promotion_at_event;promotion_at_event_status;wrestled_masked;source_ids,event-era WWE/WWF brand or promotion affiliation populated; per-appearance masked status completed
entrants.csv,RR2003M;shelton-benjamin,CHANGED,promotion_at_event;promotion_at_event_status;wrestled_masked;source_ids,event-era WWE/WWF brand or promotion affiliation populated; per-appearance masked status completed
entrants.csv,RR2003M;test,CHANGED,promotion_at_event;promotion_at_event_status;wrestled_masked;source_ids,event-era WWE/WWF brand or promotion affiliation populated; per-appearance masked status completed
entrants.csv,RR2003M;the-undertaker,CHANGED,promotion_at_event;promotion_at_event_status;wrestled_masked;source_ids,event-era WWE/WWF brand or promotion affiliation populated; per-appearance masked status completed
entrants.csv,RR2003M;tommy-dreamer,CHANGED,promotion_at_event;promotion_at_event_status;wrestled_masked;source_ids,event-era WWE/WWF brand or promotion affiliation populated; per-appearance masked status completed
entrants.csv,RR2003M;yoshihiro-tajiri,CHANGED,promotion_at_event;promotion_at_event_status;wrestled_masked;source_ids,event-era WWE/WWF brand or promotion affiliation populated; per-appearance masked status completed
entrants.csv,RR2004M;big-show,CHANGED,elimination_clock_time;elimination_clock_seconds;promotion_at_event;promotion_at_event_status;wrestled_masked;source_ids,event-era WWE/WWF brand or promotion affiliation populated; per-appearance masked status completed
entrants.csv,RR2004M;bill-goldberg,CHANGED,elimination_clock_time;elimination_clock_seconds;promotion_at_event;promotion_at_event_status;wrestled_masked;source_ids,event-era WWE/WWF brand or promotion affiliation populated; per-appearance masked status completed
entrants.csv,RR2004M;billy-gunn,CHANGED,elimination_clock_time;elimination_clock_seconds;promotion_at_event;promotion_at_event_status;wrestled_masked;source_ids,event-era WWE/WWF brand or promotion affiliation populated; per-appearance masked status completed
entrants.csv,RR2004M;booker-t,CHANGED,elimination_clock_time;elimination_clock_seconds;promotion_at_event;promotion_at_event_status;wrestled_masked;source_ids,event-era WWE/WWF brand or promotion affiliation populated; per-appearance masked status completed
entrants.csv,RR2004M;bradshaw,CHANGED,elimination_clock_time;elimination_clock_seconds;promotion_at_event;promotion_at_event_status;wrestled_masked;source_ids,event-era WWE/WWF brand or promotion affiliation populated; per-appearance masked status completed
entrants.csv,RR2004M;charlie-haas,CHANGED,elimination_clock_time;elimination_clock_seconds;promotion_at_event;promotion_at_event_status;wrestled_masked;source_ids,event-era WWE/WWF brand or promotion affiliation populated; per-appearance masked status completed
entrants.csv,RR2004M;chris-benoit,CHANGED,promotion_at_event;promotion_at_event_status;wrestled_masked;source_ids,event-era WWE/WWF brand or promotion affiliation populated; per-appearance masked status completed
entrants.csv,RR2004M;chris-jericho,CHANGED,elimination_clock_time;elimination_clock_seconds;promotion_at_event;promotion_at_event_status;wrestled_masked;source_ids,event-era WWE/WWF brand or promotion affiliation populated; per-appearance masked status completed
entrants.csv,RR2004M;christian,CHANGED,elimination_clock_time;elimination_clock_seconds;promotion_at_event;promotion_at_event_status;wrestled_masked;source_ids,event-era WWE/WWF brand or promotion affiliation populated; per-appearance masked status completed
entrants.csv,RR2004M;ernest-miller,CHANGED,elimination_clock_time;elimination_clock_seconds;promotion_at_event;promotion_at_event_status;wrestled_masked;source_ids,event-era WWE/WWF brand or promotion affiliation populated; per-appearance masked status completed
entrants.csv,RR2004M;john-cena,CHANGED,elimination_clock_time;elimination_clock_seconds;promotion_at_event;promotion_at_event_status;wrestled_masked;source_ids,event-era WWE/WWF brand or promotion affiliation populated; per-appearance masked status completed
entrants.csv,RR2004M;kane,CHANGED,elimination_clock_time;elimination_clock_seconds;promotion_at_event;promotion_at_event_status;wrestled_masked;source_ids,event-era WWE/WWF brand or promotion affiliation populated; per-appearance masked status completed
entrants.csv,RR2004M;kurt-angle,CHANGED,elimination_clock_time;elimination_clock_seconds;promotion_at_event;promotion_at_event_status;wrestled_masked;source_ids,event-era WWE/WWF brand or promotion affiliation populated; per-appearance masked status completed
entrants.csv,RR2004M;mark-henry,CHANGED,elimination_clock_time;elimination_clock_seconds;promotion_at_event;promotion_at_event_status;wrestled_masked;source_ids,event-era WWE/WWF brand or promotion affiliation populated; per-appearance masked status completed
entrants.csv,RR2004M;matt-hardy,CHANGED,elimination_clock_time;elimination_clock_seconds;promotion_at_event;promotion_at_event_status;wrestled_masked;source_ids,event-era WWE/WWF brand or promotion affiliation populated; per-appearance masked status completed
entrants.csv,RR2004M;matt-morgan,CHANGED,elimination_clock_time;elimination_clock_seconds;promotion_at_event;promotion_at_event_status;wrestled_masked;source_ids,event-era WWE/WWF brand or promotion affiliation populated; per-appearance masked status completed
entrants.csv,RR2004M;mick-foley,CHANGED,elimination_clock_time;elimination_clock_seconds;promotion_at_event;promotion_at_event_status;wrestled_masked;source_ids,event-era WWE/WWF brand or promotion affiliation populated; per-appearance masked status completed
entrants.csv,RR2004M;nunzio,CHANGED,elimination_clock_time;elimination_clock_seconds;promotion_at_event;promotion_at_event_status;wrestled_masked;source_ids,event-era WWE/WWF brand or promotion affiliation populated; per-appearance masked status completed
entrants.csv,RR2004M;prince-albert,CHANGED,elimination_clock_time;elimination_clock_seconds;promotion_at_event;promotion_at_event_status;wrestled_masked;source_ids,event-era WWE/WWF brand or promotion affiliation populated; per-appearance masked status completed
entrants.csv,RR2004M;randy-orton,CHANGED,elimination_clock_time;elimination_clock_seconds;promotion_at_event;promotion_at_event_status;wrestled_masked;source_ids,event-era WWE/WWF brand or promotion affiliation populated; per-appearance masked status completed
entrants.csv,RR2004M;renee-dupree,CHANGED,elimination_clock_time;elimination_clock_seconds;promotion_at_event;promotion_at_event_status;wrestled_masked;source_ids,event-era WWE/WWF brand or promotion affiliation populated; per-appearance masked status completed
entrants.csv,RR2004M;rhyno,CHANGED,elimination_clock_time;elimination_clock_seconds;promotion_at_event;promotion_at_event_status;wrestled_masked;source_ids,event-era WWE/WWF brand or promotion affiliation populated; per-appearance masked status completed
entrants.csv,RR2004M;rico,CHANGED,elimination_clock_time;elimination_clock_seconds;promotion_at_event;promotion_at_event_status;wrestled_masked;source_ids,event-era WWE/WWF brand or promotion affiliation populated; per-appearance masked status completed
entrants.csv,RR2004M;rikishi,CHANGED,elimination_clock_time;elimination_clock_seconds;promotion_at_event;promotion_at_event_status;wrestled_masked;source_ids,event-era WWE/WWF brand or promotion affiliation populated; per-appearance masked status completed
entrants.csv,RR2004M;rob-van-dam,CHANGED,elimination_clock_time;elimination_clock_seconds;promotion_at_event;promotion_at_event_status;wrestled_masked;source_ids,event-era WWE/WWF brand or promotion affiliation populated; per-appearance masked status completed
entrants.csv,RR2004M;scott-steiner,CHANGED,elimination_clock_time;elimination_clock_seconds;promotion_at_event;promotion_at_event_status;wrestled_masked;source_ids,event-era WWE/WWF brand or promotion affiliation populated; per-appearance masked status completed
entrants.csv,RR2004M;shelton-benjamin,CHANGED,elimination_clock_time;elimination_clock_seconds;promotion_at_event;promotion_at_event_status;wrestled_masked;source_ids,event-era WWE/WWF brand or promotion affiliation populated; per-appearance masked status completed
entrants.csv,RR2004M;spike-dudley,CHANGED,promotion_at_event;promotion_at_event_status;wrestled_masked;source_ids,event-era WWE/WWF brand or promotion affiliation populated; per-appearance masked status completed
entrants.csv,RR2004M;test,CHANGED,promotion_at_event;promotion_at_event_status;wrestled_masked;source_ids,event-era WWE/WWF brand or promotion affiliation populated; per-appearance masked status completed
entrants.csv,RR2004M;the-hurricane,CHANGED,elimination_clock_time;elimination_clock_seconds;promotion_at_event;promotion_at_event_status;wrestled_masked;source_ids,event-era WWE/WWF brand or promotion affiliation populated; per-appearance masked status completed
entrants.csv,RR2004M;yoshihiro-tajiri,CHANGED,elimination_clock_time;elimination_clock_seconds;promotion_at_event;promotion_at_event_status;wrestled_masked;source_ids,event-era WWE/WWF brand or promotion affiliation populated; per-appearance masked status completed
entrants.csv,RR2005M;batista,CHANGED,promotion_at_event;promotion_at_event_status;wrestled_masked;source_ids,event-era WWE/WWF brand or promotion affiliation populated; per-appearance masked status completed
entrants.csv,RR2005M;booker-t,CHANGED,promotion_at_event;promotion_at_event_status;wrestled_masked;source_ids,event-era WWE/WWF brand or promotion affiliation populated; per-appearance masked status completed
entrants.csv,RR2005M;charlie-haas,CHANGED,promotion_at_event;promotion_at_event_status;wrestled_masked;source_ids,event-era WWE/WWF brand or promotion affiliation populated; per-appearance masked status completed
entrants.csv,RR2005M;chris-benoit,CHANGED,promotion_at_event;promotion_at_event_status;wrestled_masked;source_ids,event-era WWE/WWF brand or promotion affiliation populated; per-appearance masked status completed
entrants.csv,RR2005M;chris-jericho,CHANGED,promotion_at_event;promotion_at_event_status;wrestled_masked;source_ids,event-era WWE/WWF brand or promotion affiliation populated; per-appearance masked status completed
entrants.csv,RR2005M;christian,CHANGED,promotion_at_event;promotion_at_event_status;wrestled_masked;source_ids,event-era WWE/WWF brand or promotion affiliation populated; per-appearance masked status completed
entrants.csv,RR2005M;daniel-puder,CHANGED,promotion_at_event;promotion_at_event_status;wrestled_masked;source_ids,event-era WWE/WWF brand or promotion affiliation populated; per-appearance masked status completed
entrants.csv,RR2005M;eddie-guerrero,CHANGED,promotion_at_event;promotion_at_event_status;wrestled_masked;source_ids,event-era WWE/WWF brand or promotion affiliation populated; per-appearance masked status completed
entrants.csv,RR2005M;edge,CHANGED,promotion_at_event;promotion_at_event_status;wrestled_masked;source_ids,event-era WWE/WWF brand or promotion affiliation populated; per-appearance masked status completed
entrants.csv,RR2005M;gene-snitsky,CHANGED,promotion_at_event;promotion_at_event_status;wrestled_masked;source_ids,event-era WWE/WWF brand or promotion affiliation populated; per-appearance masked status completed
entrants.csv,RR2005M;hardcore-holly,CHANGED,promotion_at_event;promotion_at_event_status;wrestled_masked;source_ids,event-era WWE/WWF brand or promotion affiliation populated; per-appearance masked status completed
entrants.csv,RR2005M;john-cena,CHANGED,promotion_at_event;promotion_at_event_status;wrestled_masked;source_ids,event-era WWE/WWF brand or promotion affiliation populated; per-appearance masked status completed
entrants.csv,RR2005M;jonathan-coachman,CHANGED,promotion_at_event;promotion_at_event_status;wrestled_masked;source_ids,event-era WWE/WWF brand or promotion affiliation populated; per-appearance masked status completed
entrants.csv,RR2005M;kane,CHANGED,promotion_at_event;promotion_at_event_status;wrestled_masked;source_ids,event-era WWE/WWF brand or promotion affiliation populated; per-appearance masked status completed
entrants.csv,RR2005M;kenzo-suzuki,CHANGED,promotion_at_event;promotion_at_event_status;wrestled_masked;source_ids,event-era WWE/WWF brand or promotion affiliation populated; per-appearance masked status completed
entrants.csv,RR2005M;kurt-angle,CHANGED,promotion_at_event;promotion_at_event_status;wrestled_masked;source_ids,event-era WWE/WWF brand or promotion affiliation populated; per-appearance masked status completed
entrants.csv,RR2005M;luther-reigns,CHANGED,promotion_at_event;promotion_at_event_status;wrestled_masked;source_ids,event-era WWE/WWF brand or promotion affiliation populated; per-appearance masked status completed
entrants.csv,RR2005M;mabel,CHANGED,promotion_at_event;promotion_at_event_status;wrestled_masked;source_ids,event-era WWE/WWF brand or promotion affiliation populated; per-appearance masked status completed
entrants.csv,RR2005M;mark-jindrak,CHANGED,promotion_at_event;promotion_at_event_status;wrestled_masked;source_ids,event-era WWE/WWF brand or promotion affiliation populated; per-appearance masked status completed
entrants.csv,RR2005M;muhammad-hassan,CHANGED,promotion_at_event;promotion_at_event_status;wrestled_masked;source_ids,event-era WWE/WWF brand or promotion affiliation populated; per-appearance masked status completed
entrants.csv,RR2005M;orlando-jordan,CHANGED,promotion_at_event;promotion_at_event_status;wrestled_masked;source_ids,event-era WWE/WWF brand or promotion affiliation populated; per-appearance masked status completed
entrants.csv,RR2005M;paul-london,CHANGED,promotion_at_event;promotion_at_event_status;wrestled_masked;source_ids,event-era WWE/WWF brand or promotion affiliation populated; per-appearance masked status completed
entrants.csv,RR2005M;renee-dupree,CHANGED,promotion_at_event;promotion_at_event_status;wrestled_masked;source_ids,event-era WWE/WWF brand or promotion affiliation populated; per-appearance masked status completed
entrants.csv,RR2005M;rey-mysterio,CHANGED,promotion_at_event;promotion_at_event_status;wrestled_masked;source_ids,event-era WWE/WWF brand or promotion affiliation populated; per-appearance masked status completed
entrants.csv,RR2005M;ric-flair,CHANGED,promotion_at_event;promotion_at_event_status;wrestled_masked;source_ids,event-era WWE/WWF brand or promotion affiliation populated; per-appearance masked status completed
entrants.csv,RR2005M;scott-taylor,CHANGED,promotion_at_event;promotion_at_event_status;wrestled_masked;source_ids,event-era WWE/WWF brand or promotion affiliation populated; per-appearance masked status completed
entrants.csv,RR2005M;shawn-michaels,CHANGED,promotion_at_event;promotion_at_event_status;wrestled_masked;source_ids,event-era WWE/WWF brand or promotion affiliation populated; per-appearance masked status completed
entrants.csv,RR2005M;shelton-benjamin,CHANGED,promotion_at_event;promotion_at_event_status;wrestled_masked;source_ids,event-era WWE/WWF brand or promotion affiliation populated; per-appearance masked status completed
entrants.csv,RR2005M;simon-dean,CHANGED,promotion_at_event;promotion_at_event_status;wrestled_masked;source_ids,event-era WWE/WWF brand or promotion affiliation populated; per-appearance masked status completed
entrants.csv,RR2005M;the-hurricane,CHANGED,promotion_at_event;promotion_at_event_status;wrestled_masked;source_ids,event-era WWE/WWF brand or promotion affiliation populated; per-appearance masked status completed
entrants.csv,RR2006M;big-show,CHANGED,elimination_clock_time;elimination_clock_seconds;ring_time;ring_time_seconds;ring_time_status;promotion_at_event;promotion_at_event_status;wrestled_masked;source_ids,event-era WWE/WWF brand or promotion affiliation populated; per-appearance masked status completed
entrants.csv,RR2006M;bobby-lashley,CHANGED,elimination_clock_time;elimination_clock_seconds;ring_time;ring_time_seconds;ring_time_status;promotion_at_event;promotion_at_event_status;wrestled_masked;source_ids,event-era WWE/WWF brand or promotion affiliation populated; per-appearance masked status completed
entrants.csv,RR2006M;booker-t,CHANGED,elimination_clock_time;elimination_clock_seconds;ring_time;ring_time_seconds;ring_time_status;promotion_at_event;promotion_at_event_status;wrestled_masked;source_ids,event-era WWE/WWF brand or promotion affiliation populated; per-appearance masked status completed
entrants.csv,RR2006M;carlito,CHANGED,elimination_clock_time;elimination_clock_seconds;promotion_at_event;promotion_at_event_status;wrestled_masked;source_ids,event-era WWE/WWF brand or promotion affiliation populated; per-appearance masked status completed
entrants.csv,RR2006M;chavo-guerrero,CHANGED,elimination_clock_time;elimination_clock_seconds;promotion_at_event;promotion_at_event_status;wrestled_masked;source_ids,event-era WWE/WWF brand or promotion affiliation populated; per-appearance masked status completed
entrants.csv,RR2006M;chris-benoit,CHANGED,elimination_clock_time;elimination_clock_seconds;promotion_at_event;promotion_at_event_status;wrestled_masked;source_ids,event-era WWE/WWF brand or promotion affiliation populated; per-appearance masked status completed
entrants.csv,RR2006M;chris-masters,CHANGED,elimination_clock_time;elimination_clock_seconds;ring_time;ring_time_seconds;ring_time_status;promotion_at_event;promotion_at_event_status;wrestled_masked;source_ids,event-era WWE/WWF brand or promotion affiliation populated; per-appearance masked status completed
entrants.csv,RR2006M;eugene,CHANGED,elimination_clock_time;elimination_clock_seconds;ring_time;ring_time_seconds;ring_time_status;promotion_at_event;promotion_at_event_status;wrestled_masked;source_ids,event-era WWE/WWF brand or promotion affiliation populated; per-appearance masked status completed
entrants.csv,RR2006M;goldust,CHANGED,elimination_clock_time;elimination_clock_seconds;ring_time;ring_time_seconds;ring_time_status;promotion_at_event;promotion_at_event_status;wrestled_masked;source_ids,event-era WWE/WWF brand or promotion affiliation populated; per-appearance masked status completed
entrants.csv,RR2006M;hunter-hearst-helmsley,CHANGED,elimination_clock_time;elimination_clock_seconds;promotion_at_event;promotion_at_event_status;wrestled_masked;source_ids,event-era WWE/WWF brand or promotion affiliation populated; per-appearance masked status completed
entrants.csv,RR2006M;joey-mercury,CHANGED,elimination_clock_time;elimination_clock_seconds;ring_time;ring_time_seconds;ring_time_status;promotion_at_event;promotion_at_event_status;wrestled_masked;source_ids,event-era WWE/WWF brand or promotion affiliation populated; per-appearance masked status completed
entrants.csv,RR2006M;johnny-nitro,CHANGED,elimination_clock_time;elimination_clock_seconds;promotion_at_event;promotion_at_event_status;wrestled_masked;source_ids,event-era WWE/WWF brand or promotion affiliation populated; per-appearance masked status completed
entrants.csv,RR2006M;jonathan-coachman,CHANGED,elimination_clock_time;elimination_clock_seconds;promotion_at_event;promotion_at_event_status;wrestled_masked;source_ids,event-era WWE/WWF brand or promotion affiliation populated; per-appearance masked status completed
entrants.csv,RR2006M;kane,CHANGED,elimination_clock_time;elimination_clock_seconds;ring_time;ring_time_seconds;ring_time_status;promotion_at_event;promotion_at_event_status;wrestled_masked;source_ids,event-era WWE/WWF brand or promotion affiliation populated; per-appearance masked status completed
entrants.csv,RR2006M;mabel,CHANGED,elimination_clock_time;elimination_clock_seconds;ring_time;ring_time_seconds;ring_time_status;promotion_at_event;promotion_at_event_status;wrestled_masked;source_ids,event-era WWE/WWF brand or promotion affiliation populated; per-appearance masked status completed
entrants.csv,RR2006M;matt-hardy,CHANGED,elimination_clock_time;elimination_clock_seconds;ring_time;ring_time_seconds;ring_time_status;promotion_at_event;promotion_at_event_status;wrestled_masked;source_ids,event-era WWE/WWF brand or promotion affiliation populated; per-appearance masked status completed
entrants.csv,RR2006M;orlando-jordan,CHANGED,elimination_clock_time;elimination_clock_seconds;ring_time;ring_time_seconds;ring_time_status;promotion_at_event;promotion_at_event_status;wrestled_masked;source_ids,event-era WWE/WWF brand or promotion affiliation populated; per-appearance masked status completed
entrants.csv,RR2006M;psicosis,CHANGED,elimination_clock_time;elimination_clock_seconds;ring_time;ring_time_seconds;ring_time_status;promotion_at_event;promotion_at_event_status;wrestled_masked;source_ids,event-era WWE/WWF brand or promotion affiliation populated; per-appearance masked status completed
entrants.csv,RR2006M;randy-orton,CHANGED,elimination_clock_time;elimination_clock_seconds;ring_time;ring_time_seconds;ring_time_status;promotion_at_event;promotion_at_event_status;wrestled_masked;source_ids,event-era WWE/WWF brand or promotion affiliation populated; per-appearance masked status completed
entrants.csv,RR2006M;rey-mysterio,CHANGED,promotion_at_event;promotion_at_event_status;wrestled_masked;source_ids,event-era WWE/WWF brand or promotion affiliation populated; per-appearance masked status completed
entrants.csv,RR2006M;ric-flair,CHANGED,elimination_clock_time;elimination_clock_seconds;ring_time;ring_time_seconds;ring_time_status;promotion_at_event;promotion_at_event_status;wrestled_masked;source_ids,event-era WWE/WWF brand or promotion affiliation populated; per-appearance masked status completed
entrants.csv,RR2006M;road-warrior-animal,CHANGED,elimination_clock_time;elimination_clock_seconds;ring_time;ring_time_seconds;ring_time_status;promotion_at_event;promotion_at_event_status;wrestled_masked;source_ids,event-era WWE/WWF brand or promotion affiliation populated; per-appearance masked status completed
entrants.csv,RR2006M;rob-van-dam,CHANGED,elimination_clock_time;elimination_clock_seconds;promotion_at_event;promotion_at_event_status;wrestled_masked;source_ids,event-era WWE/WWF brand or promotion affiliation populated; per-appearance masked status completed
entrants.csv,RR2006M;shawn-michaels,CHANGED,elimination_clock_time;elimination_clock_seconds;ring_time;ring_time_seconds;ring_time_status;promotion_at_event;promotion_at_event_status;wrestled_masked;source_ids,event-era WWE/WWF brand or promotion affiliation populated; per-appearance masked status completed
entrants.csv,RR2006M;shelton-benjamin,CHANGED,elimination_clock_time;elimination_clock_seconds;ring_time;ring_time_seconds;ring_time_status;promotion_at_event;promotion_at_event_status;wrestled_masked;source_ids,event-era WWE/WWF brand or promotion affiliation populated; per-appearance masked status completed
entrants.csv,RR2006M;simon-dean,CHANGED,elimination_clock_time;elimination_clock_seconds;ring_time;ring_time_seconds;ring_time_status;promotion_at_event;promotion_at_event_status;wrestled_masked;source_ids,event-era WWE/WWF brand or promotion affiliation populated; per-appearance masked status completed
entrants.csv,RR2006M;super-crazy,CHANGED,elimination_clock_time;elimination_clock_seconds;ring_time;ring_time_seconds;ring_time_status;promotion_at_event;promotion_at_event_status;wrestled_masked;source_ids,event-era WWE/WWF brand or promotion affiliation populated; per-appearance masked status completed
entrants.csv,RR2006M;sylvan-grenier,CHANGED,elimination_clock_time;elimination_clock_seconds;promotion_at_event;promotion_at_event_status;wrestled_masked;source_ids,event-era WWE/WWF brand or promotion affiliation populated; per-appearance masked status completed
entrants.csv,RR2006M;tatanka,CHANGED,elimination_clock_time;elimination_clock_seconds;ring_time;ring_time_seconds;ring_time_status;promotion_at_event;promotion_at_event_status;wrestled_masked;source_ids,event-era WWE/WWF brand or promotion affiliation populated; per-appearance masked status completed
entrants.csv,RR2006M;trevor-murdoch,CHANGED,elimination_clock_time;elimination_clock_seconds;ring_time;ring_time_seconds;ring_time_status;promotion_at_event;promotion_at_event_status;wrestled_masked;source_ids,event-era WWE/WWF brand or promotion affiliation populated; per-appearance masked status completed
entrants.csv,RR2007M;booker-t,CHANGED,promotion_at_event;promotion_at_event_status;wrestled_masked;source_ids,event-era WWE/WWF brand or promotion affiliation populated; per-appearance masked status completed
entrants.csv,RR2007M;carlito,CHANGED,promotion_at_event;promotion_at_event_status;wrestled_masked;source_ids,event-era WWE/WWF brand or promotion affiliation populated; per-appearance masked status completed
entrants.csv,RR2007M;chavo-guerrero,CHANGED,promotion_at_event;promotion_at_event_status;wrestled_masked;source_ids,event-era WWE/WWF brand or promotion affiliation populated; per-appearance masked status completed
entrants.csv,RR2007M;chris-benoit,CHANGED,promotion_at_event;promotion_at_event_status;wrestled_masked;source_ids,event-era WWE/WWF brand or promotion affiliation populated; per-appearance masked status completed
entrants.csv,RR2007M;chris-masters,CHANGED,promotion_at_event;promotion_at_event_status;wrestled_masked;source_ids,event-era WWE/WWF brand or promotion affiliation populated; per-appearance masked status completed
entrants.csv,RR2007M;cm-punk,CHANGED,promotion_at_event;promotion_at_event_status;wrestled_masked;source_ids,event-era WWE/WWF brand or promotion affiliation populated; per-appearance masked status completed
entrants.csv,RR2007M;edge,CHANGED,promotion_at_event;promotion_at_event_status;wrestled_masked;source_ids,event-era WWE/WWF brand or promotion affiliation populated; per-appearance masked status completed
entrants.csv,RR2007M;finlay,CHANGED,promotion_at_event;promotion_at_event_status;wrestled_masked;source_ids,event-era WWE/WWF brand or promotion affiliation populated; per-appearance masked status completed
entrants.csv,RR2007M;hardcore-holly,CHANGED,promotion_at_event;promotion_at_event_status;wrestled_masked;source_ids,event-era WWE/WWF brand or promotion affiliation populated; per-appearance masked status completed
entrants.csv,RR2007M;jeff-hardy,CHANGED,promotion_at_event;promotion_at_event_status;wrestled_masked;source_ids,event-era WWE/WWF brand or promotion affiliation populated; per-appearance masked status completed
entrants.csv,RR2007M;johnny-nitro,CHANGED,promotion_at_event;promotion_at_event_status;wrestled_masked;source_ids,event-era WWE/WWF brand or promotion affiliation populated; per-appearance masked status completed
entrants.csv,RR2007M;kane,CHANGED,promotion_at_event;promotion_at_event_status;wrestled_masked;source_ids,event-era WWE/WWF brand or promotion affiliation populated; per-appearance masked status completed
entrants.csv,RR2007M;kenny-dykstra,CHANGED,promotion_at_event;promotion_at_event_status;wrestled_masked;source_ids,event-era WWE/WWF brand or promotion affiliation populated; per-appearance masked status completed
entrants.csv,RR2007M;kevin-thorn,CHANGED,promotion_at_event;promotion_at_event_status;wrestled_masked;source_ids,event-era WWE/WWF brand or promotion affiliation populated; per-appearance masked status completed
entrants.csv,RR2007M;mabel,CHANGED,promotion_at_event;promotion_at_event_status;wrestled_masked;source_ids,event-era WWE/WWF brand or promotion affiliation populated; per-appearance masked status completed
entrants.csv,RR2007M;matt-hardy,CHANGED,promotion_at_event;promotion_at_event_status;wrestled_masked;source_ids,event-era WWE/WWF brand or promotion affiliation populated; per-appearance masked status completed
entrants.csv,RR2007M;mvp,CHANGED,promotion_at_event;promotion_at_event_status;wrestled_masked;source_ids,event-era WWE/WWF brand or promotion affiliation populated; per-appearance masked status completed
entrants.csv,RR2007M;randy-orton,CHANGED,promotion_at_event;promotion_at_event_status;wrestled_masked;source_ids,event-era WWE/WWF brand or promotion affiliation populated; per-appearance masked status completed
entrants.csv,RR2007M;ric-flair,CHANGED,promotion_at_event;promotion_at_event_status;wrestled_masked;source_ids,event-era WWE/WWF brand or promotion affiliation populated; per-appearance masked status completed
entrants.csv,RR2007M;rob-van-dam,CHANGED,promotion_at_event;promotion_at_event_status;wrestled_masked;source_ids,event-era WWE/WWF brand or promotion affiliation populated; per-appearance masked status completed
entrants.csv,RR2007M;sabu,CHANGED,promotion_at_event;promotion_at_event_status;wrestled_masked;source_ids,event-era WWE/WWF brand or promotion affiliation populated; per-appearance masked status completed
entrants.csv,RR2007M;shawn-michaels,CHANGED,promotion_at_event;promotion_at_event_status;wrestled_masked;source_ids,event-era WWE/WWF brand or promotion affiliation populated; per-appearance masked status completed
entrants.csv,RR2007M;shelton-benjamin,CHANGED,promotion_at_event;promotion_at_event_status;wrestled_masked;source_ids,event-era WWE/WWF brand or promotion affiliation populated; per-appearance masked status completed
entrants.csv,RR2007M;super-crazy,CHANGED,promotion_at_event;promotion_at_event_status;wrestled_masked;source_ids,event-era WWE/WWF brand or promotion affiliation populated; per-appearance masked status completed
entrants.csv,RR2007M;the-great-khali,CHANGED,promotion_at_event;promotion_at_event_status;wrestled_masked;source_ids,event-era WWE/WWF brand or promotion affiliation populated; per-appearance masked status completed
entrants.csv,RR2007M;the-hurricane,CHANGED,promotion_at_event;promotion_at_event_status;wrestled_masked;source_ids,event-era WWE/WWF brand or promotion affiliation populated; per-appearance masked status completed
entrants.csv,RR2007M;the-miz,CHANGED,promotion_at_event;promotion_at_event_status;wrestled_masked;source_ids,event-era WWE/WWF brand or promotion affiliation populated; per-appearance masked status completed
entrants.csv,RR2007M;the-sandman,CHANGED,promotion_at_event;promotion_at_event_status;wrestled_masked;source_ids,event-era WWE/WWF brand or promotion affiliation populated; per-appearance masked status completed
entrants.csv,RR2007M;the-undertaker,CHANGED,promotion_at_event;promotion_at_event_status;wrestled_masked;source_ids,event-era WWE/WWF brand or promotion affiliation populated; per-appearance masked status completed
entrants.csv,RR2007M;tommy-dreamer,CHANGED,promotion_at_event;promotion_at_event_status;wrestled_masked;source_ids,event-era WWE/WWF brand or promotion affiliation populated; per-appearance masked status completed
entrants.csv,RR2008M;batista,CHANGED,promotion_at_event;promotion_at_event_status;wrestled_masked;source_ids,event-era WWE/WWF brand or promotion affiliation populated; per-appearance masked status completed
entrants.csv,RR2008M;carlito,CHANGED,promotion_at_event;promotion_at_event_status;wrestled_masked;source_ids,event-era WWE/WWF brand or promotion affiliation populated; per-appearance masked status completed
entrants.csv,RR2008M;chavo-guerrero,CHANGED,promotion_at_event;promotion_at_event_status;wrestled_masked;source_ids,event-era WWE/WWF brand or promotion affiliation populated; per-appearance masked status completed
entrants.csv,RR2008M;chuck-palumbo,CHANGED,promotion_at_event;promotion_at_event_status;wrestled_masked;source_ids,event-era WWE/WWF brand or promotion affiliation populated; per-appearance masked status completed
entrants.csv,RR2008M;cm-punk,CHANGED,promotion_at_event;promotion_at_event_status;wrestled_masked;source_ids,event-era WWE/WWF brand or promotion affiliation populated; per-appearance masked status completed
entrants.csv,RR2008M;cody-rhodes,CHANGED,promotion_at_event;promotion_at_event_status;wrestled_masked;source_ids,event-era WWE/WWF brand or promotion affiliation populated; per-appearance masked status completed
entrants.csv,RR2008M;elijah-burke,CHANGED,promotion_at_event;promotion_at_event_status;wrestled_masked;source_ids,event-era WWE/WWF brand or promotion affiliation populated; per-appearance masked status completed
entrants.csv,RR2008M;finlay,CHANGED,promotion_at_event;promotion_at_event_status;wrestled_masked;source_ids,event-era WWE/WWF brand or promotion affiliation populated; per-appearance masked status completed
entrants.csv,RR2008M;gene-snitsky,CHANGED,promotion_at_event;promotion_at_event_status;wrestled_masked;source_ids,event-era WWE/WWF brand or promotion affiliation populated; per-appearance masked status completed
entrants.csv,RR2008M;hardcore-holly,CHANGED,promotion_at_event;promotion_at_event_status;wrestled_masked;source_ids,event-era WWE/WWF brand or promotion affiliation populated; per-appearance masked status completed
entrants.csv,RR2008M;hornswoggle,CHANGED,promotion_at_event;promotion_at_event_status;wrestled_masked;source_ids,event-era WWE/WWF brand or promotion affiliation populated; per-appearance masked status completed
entrants.csv,RR2008M;hunter-hearst-helmsley,CHANGED,promotion_at_event;promotion_at_event_status;wrestled_masked;source_ids,event-era WWE/WWF brand or promotion affiliation populated; per-appearance masked status completed
entrants.csv,RR2008M;jamal,CHANGED,promotion_at_event;promotion_at_event_status;wrestled_masked;source_ids,event-era WWE/WWF brand or promotion affiliation populated; per-appearance masked status completed
entrants.csv,RR2008M;jamie-noble,CHANGED,promotion_at_event;promotion_at_event_status;wrestled_masked;source_ids,event-era WWE/WWF brand or promotion affiliation populated; per-appearance masked status completed
entrants.csv,RR2008M;jimmy-snuka,CHANGED,promotion_at_event;promotion_at_event_status;wrestled_masked;source_ids,event-era WWE/WWF brand or promotion affiliation populated; per-appearance masked status completed
entrants.csv,RR2008M;john-cena,CHANGED,promotion_at_event;promotion_at_event_status;wrestled_masked;source_ids,event-era WWE/WWF brand or promotion affiliation populated; per-appearance masked status completed
entrants.csv,RR2008M;johnny-nitro,CHANGED,promotion_at_event;promotion_at_event_status;wrestled_masked;source_ids,event-era WWE/WWF brand or promotion affiliation populated; per-appearance masked status completed
entrants.csv,RR2008M;kane,CHANGED,promotion_at_event;promotion_at_event_status;wrestled_masked;source_ids,event-era WWE/WWF brand or promotion affiliation populated; per-appearance masked status completed
entrants.csv,RR2008M;mabel,CHANGED,promotion_at_event;promotion_at_event_status;wrestled_masked;source_ids,event-era WWE/WWF brand or promotion affiliation populated; per-appearance masked status completed
entrants.csv,RR2008M;mark-henry,CHANGED,promotion_at_event;promotion_at_event_status;wrestled_masked;source_ids,event-era WWE/WWF brand or promotion affiliation populated; per-appearance masked status completed
entrants.csv,RR2008M;mick-foley,CHANGED,promotion_at_event;promotion_at_event_status;wrestled_masked;source_ids,event-era WWE/WWF brand or promotion affiliation populated; per-appearance masked status completed
entrants.csv,RR2008M;mr-kennedy,CHANGED,promotion_at_event;promotion_at_event_status;wrestled_masked;source_ids,event-era WWE/WWF brand or promotion affiliation populated; per-appearance masked status completed
entrants.csv,RR2008M;roddy-piper,CHANGED,promotion_at_event;promotion_at_event_status;wrestled_masked;source_ids,event-era WWE/WWF brand or promotion affiliation populated; per-appearance masked status completed
entrants.csv,RR2008M;santino-marella,CHANGED,promotion_at_event;promotion_at_event_status;wrestled_masked;source_ids,event-era WWE/WWF brand or promotion affiliation populated; per-appearance masked status completed
entrants.csv,RR2008M;shawn-michaels,CHANGED,promotion_at_event;promotion_at_event_status;wrestled_masked;source_ids,event-era WWE/WWF brand or promotion affiliation populated; per-appearance masked status completed
entrants.csv,RR2008M;shelton-benjamin,CHANGED,promotion_at_event;promotion_at_event_status;wrestled_masked;source_ids,event-era WWE/WWF brand or promotion affiliation populated; per-appearance masked status completed
entrants.csv,RR2008M;the-great-khali,CHANGED,promotion_at_event;promotion_at_event_status;wrestled_masked;source_ids,event-era WWE/WWF brand or promotion affiliation populated; per-appearance masked status completed
entrants.csv,RR2008M;the-miz,CHANGED,promotion_at_event;promotion_at_event_status;wrestled_masked;source_ids,event-era WWE/WWF brand or promotion affiliation populated; per-appearance masked status completed
entrants.csv,RR2008M;the-undertaker,CHANGED,promotion_at_event;promotion_at_event_status;wrestled_masked;source_ids,event-era WWE/WWF brand or promotion affiliation populated; per-appearance masked status completed
entrants.csv,RR2008M;tommy-dreamer,CHANGED,promotion_at_event;promotion_at_event_status;wrestled_masked;source_ids,event-era WWE/WWF brand or promotion affiliation populated; per-appearance masked status completed
entrants.csv,RR2009M;big-show,CHANGED,promotion_at_event;promotion_at_event_status;wrestled_masked;source_ids,event-era WWE/WWF brand or promotion affiliation populated; per-appearance masked status completed
entrants.csv,RR2009M;carlito,CHANGED,promotion_at_event;promotion_at_event_status;wrestled_masked;source_ids,event-era WWE/WWF brand or promotion affiliation populated; per-appearance masked status completed
entrants.csv,RR2009M;chris-jericho,CHANGED,promotion_at_event;promotion_at_event_status;wrestled_masked;source_ids,event-era WWE/WWF brand or promotion affiliation populated; per-appearance masked status completed
entrants.csv,RR2009M;cm-punk,CHANGED,promotion_at_event;promotion_at_event_status;wrestled_masked;source_ids,event-era WWE/WWF brand or promotion affiliation populated; per-appearance masked status completed
entrants.csv,RR2009M;cody-rhodes,CHANGED,promotion_at_event;promotion_at_event_status;wrestled_masked;source_ids,event-era WWE/WWF brand or promotion affiliation populated; per-appearance masked status completed
entrants.csv,RR2009M;dolph-ziggler,CHANGED,promotion_at_event;promotion_at_event_status;wrestled_masked;source_ids,event-era WWE/WWF brand or promotion affiliation populated; per-appearance masked status completed
entrants.csv,RR2009M;finlay,CHANGED,promotion_at_event;promotion_at_event_status;wrestled_masked;source_ids,event-era WWE/WWF brand or promotion affiliation populated; per-appearance masked status completed
entrants.csv,RR2009M;goldust,CHANGED,promotion_at_event;promotion_at_event_status;wrestled_masked;source_ids,event-era WWE/WWF brand or promotion affiliation populated; per-appearance masked status completed
entrants.csv,RR2009M;hunter-hearst-helmsley,CHANGED,promotion_at_event;promotion_at_event_status;wrestled_masked;source_ids,event-era WWE/WWF brand or promotion affiliation populated; per-appearance masked status completed
entrants.csv,RR2009M;jim-duggan,CHANGED,promotion_at_event;promotion_at_event_status;wrestled_masked;source_ids,event-era WWE/WWF brand or promotion affiliation populated; per-appearance masked status completed
entrants.csv,RR2009M;johnny-nitro,CHANGED,promotion_at_event;promotion_at_event_status;wrestled_masked;source_ids,event-era WWE/WWF brand or promotion affiliation populated; per-appearance masked status completed
entrants.csv,RR2009M;jtg,CHANGED,promotion_at_event;promotion_at_event_status;wrestled_masked;source_ids,event-era WWE/WWF brand or promotion affiliation populated; per-appearance masked status completed
entrants.csv,RR2009M;kane,CHANGED,promotion_at_event;promotion_at_event_status;wrestled_masked;source_ids,event-era WWE/WWF brand or promotion affiliation populated; per-appearance masked status completed
entrants.csv,RR2009M;kofi-kingston,CHANGED,promotion_at_event;promotion_at_event_status;wrestled_masked;source_ids,event-era WWE/WWF brand or promotion affiliation populated; per-appearance masked status completed
entrants.csv,RR2009M;mark-henry,CHANGED,promotion_at_event;promotion_at_event_status;wrestled_masked;source_ids,event-era WWE/WWF brand or promotion affiliation populated; per-appearance masked status completed
entrants.csv,RR2009M;mike-knox,CHANGED,promotion_at_event;promotion_at_event_status;wrestled_masked;source_ids,event-era WWE/WWF brand or promotion affiliation populated; per-appearance masked status completed
entrants.csv,RR2009M;mvp,CHANGED,promotion_at_event;promotion_at_event_status;wrestled_masked;source_ids,event-era WWE/WWF brand or promotion affiliation populated; per-appearance masked status completed
entrants.csv,RR2009M;r-truth,CHANGED,promotion_at_event;promotion_at_event_status;wrestled_masked;source_ids,event-era WWE/WWF brand or promotion affiliation populated; per-appearance masked status completed
entrants.csv,RR2009M;randy-orton,CHANGED,promotion_at_event;promotion_at_event_status;wrestled_masked;source_ids,event-era WWE/WWF brand or promotion affiliation populated; per-appearance masked status completed
entrants.csv,RR2009M;rey-mysterio,CHANGED,promotion_at_event;promotion_at_event_status;wrestled_masked;source_ids,event-era WWE/WWF brand or promotion affiliation populated; per-appearance masked status completed
entrants.csv,RR2009M;rob-van-dam,CHANGED,promotion_at_event;promotion_at_event_status;wrestled_masked;source_ids,event-era WWE/WWF brand or promotion affiliation populated; per-appearance masked status completed
entrants.csv,RR2009M;santino-marella,CHANGED,promotion_at_event;promotion_at_event_status;wrestled_masked;source_ids,event-era WWE/WWF brand or promotion affiliation populated; per-appearance masked status completed
entrants.csv,RR2009M;shelton-benjamin,CHANGED,promotion_at_event;promotion_at_event_status;wrestled_masked;source_ids,event-era WWE/WWF brand or promotion affiliation populated; per-appearance masked status completed
entrants.csv,RR2009M;ted-dibiase-jr,CHANGED,promotion_at_event;promotion_at_event_status;wrestled_masked;source_ids,event-era WWE/WWF brand or promotion affiliation populated; per-appearance masked status completed
entrants.csv,RR2009M;the-brian-kendrick,CHANGED,promotion_at_event;promotion_at_event_status;wrestled_masked;source_ids,event-era WWE/WWF brand or promotion affiliation populated; per-appearance masked status completed
entrants.csv,RR2009M;the-great-khali,CHANGED,promotion_at_event;promotion_at_event_status;wrestled_masked;source_ids,event-era WWE/WWF brand or promotion affiliation populated; per-appearance masked status completed
entrants.csv,RR2009M;the-miz,CHANGED,promotion_at_event;promotion_at_event_status;wrestled_masked;source_ids,event-era WWE/WWF brand or promotion affiliation populated; per-appearance masked status completed
entrants.csv,RR2009M;the-undertaker,CHANGED,promotion_at_event;promotion_at_event_status;wrestled_masked;source_ids,event-era WWE/WWF brand or promotion affiliation populated; per-appearance masked status completed
entrants.csv,RR2009M;vladimir-kozlov,CHANGED,promotion_at_event;promotion_at_event_status;wrestled_masked;source_ids,event-era WWE/WWF brand or promotion affiliation populated; per-appearance masked status completed
entrants.csv,RR2009M;william-regal,CHANGED,promotion_at_event;promotion_at_event_status;wrestled_masked;source_ids,event-era WWE/WWF brand or promotion affiliation populated; per-appearance masked status completed
entrants.csv,RR2010M;batista,CHANGED,elimination_clock_time;elimination_clock_seconds;ring_time;ring_time_seconds;ring_time_status;promotion_at_event;promotion_at_event_status;wrestled_masked;source_ids,event-era WWE/WWF brand or promotion affiliation populated; per-appearance masked status completed
entrants.csv,RR2010M;beth-phoenix,CHANGED,elimination_clock_time;elimination_clock_seconds;ring_time;ring_time_seconds;ring_time_status;promotion_at_event;promotion_at_event_status;wrestled_masked;source_ids,event-era WWE/WWF brand or promotion affiliation populated; per-appearance masked status completed
entrants.csv,RR2010M;big-show,CHANGED,elimination_clock_time;elimination_clock_seconds;ring_time;ring_time_seconds;ring_time_status;promotion_at_event;promotion_at_event_status;wrestled_masked;source_ids,event-era WWE/WWF brand or promotion affiliation populated; per-appearance masked status completed
entrants.csv,RR2010M;carlito,CHANGED,elimination_clock_time;elimination_clock_seconds;ring_time;ring_time_seconds;ring_time_status;promotion_at_event;promotion_at_event_status;wrestled_masked;source_ids,event-era WWE/WWF brand or promotion affiliation populated; per-appearance masked status completed
entrants.csv,RR2010M;chris-jericho,CHANGED,elimination_clock_time;elimination_clock_seconds;ring_time;ring_time_seconds;ring_time_status;promotion_at_event;promotion_at_event_status;wrestled_masked;source_ids,event-era WWE/WWF brand or promotion affiliation populated; per-appearance masked status completed
entrants.csv,RR2010M;chris-masters,CHANGED,elimination_clock_time;elimination_clock_seconds;ring_time;ring_time_seconds;ring_time_status;promotion_at_event;promotion_at_event_status;wrestled_masked;source_ids,event-era WWE/WWF brand or promotion affiliation populated; per-appearance masked status completed
entrants.csv,RR2010M;cm-punk,CHANGED,elimination_clock_time;elimination_clock_seconds;ring_time;ring_time_seconds;ring_time_status;promotion_at_event;promotion_at_event_status;wrestled_masked;source_ids,event-era WWE/WWF brand or promotion affiliation populated; per-appearance masked status completed
entrants.csv,RR2010M;cody-rhodes,CHANGED,elimination_clock_time;elimination_clock_seconds;ring_time;ring_time_seconds;ring_time_status;promotion_at_event;promotion_at_event_status;wrestled_masked;source_ids,event-era WWE/WWF brand or promotion affiliation populated; per-appearance masked status completed
entrants.csv,RR2010M;dolph-ziggler,CHANGED,elimination_clock_time;elimination_clock_seconds;ring_time;ring_time_seconds;ring_time_status;promotion_at_event;promotion_at_event_status;wrestled_masked;source_ids,event-era WWE/WWF brand or promotion affiliation populated; per-appearance masked status completed
entrants.csv,RR2010M;drew-mcintyre,CHANGED,elimination_clock_time;elimination_clock_seconds;ring_time;ring_time_seconds;ring_time_status;promotion_at_event;promotion_at_event_status;wrestled_masked;source_ids,event-era WWE/WWF brand or promotion affiliation populated; per-appearance masked status completed
entrants.csv,RR2010M;edge,CHANGED,promotion_at_event;promotion_at_event_status;wrestled_masked;source_ids,event-era WWE/WWF brand or promotion affiliation populated; per-appearance masked status completed
entrants.csv,RR2010M;evan-bourne,CHANGED,elimination_clock_time;elimination_clock_seconds;ring_time;ring_time_seconds;ring_time_status;promotion_at_event;promotion_at_event_status;wrestled_masked;source_ids,event-era WWE/WWF brand or promotion affiliation populated; per-appearance masked status completed
entrants.csv,RR2010M;hunter-hearst-helmsley,CHANGED,elimination_clock_time;elimination_clock_seconds;ring_time;ring_time_seconds;ring_time_status;promotion_at_event;promotion_at_event_status;wrestled_masked;source_ids,event-era WWE/WWF brand or promotion affiliation populated; per-appearance masked status completed
entrants.csv,RR2010M;jack-swagger,CHANGED,elimination_clock_time;elimination_clock_seconds;ring_time;ring_time_seconds;ring_time_status;promotion_at_event;promotion_at_event_status;wrestled_masked;source_ids,event-era WWE/WWF brand or promotion affiliation populated; per-appearance masked status completed
entrants.csv,RR2010M;john-cena,CHANGED,promotion_at_event;promotion_at_event_status;wrestled_masked;source_ids,event-era WWE/WWF brand or promotion affiliation populated; per-appearance masked status completed
entrants.csv,RR2010M;johnny-nitro,CHANGED,elimination_clock_time;elimination_clock_seconds;ring_time;ring_time_seconds;ring_time_status;promotion_at_event;promotion_at_event_status;wrestled_masked;source_ids,event-era WWE/WWF brand or promotion affiliation populated; per-appearance masked status completed
entrants.csv,RR2010M;jtg,CHANGED,elimination_clock_time;elimination_clock_seconds;ring_time;ring_time_seconds;ring_time_status;promotion_at_event;promotion_at_event_status;wrestled_masked;source_ids,event-era WWE/WWF brand or promotion affiliation populated; per-appearance masked status completed
entrants.csv,RR2010M;kane,CHANGED,elimination_clock_time;elimination_clock_seconds;ring_time;ring_time_seconds;ring_time_status;promotion_at_event;promotion_at_event_status;wrestled_masked;source_ids,event-era WWE/WWF brand or promotion affiliation populated; per-appearance masked status completed
entrants.csv,RR2010M;kofi-kingston,CHANGED,elimination_clock_time;elimination_clock_seconds;ring_time;ring_time_seconds;ring_time_status;promotion_at_event;promotion_at_event_status;wrestled_masked;source_ids,event-era WWE/WWF brand or promotion affiliation populated; per-appearance masked status completed
entrants.csv,RR2010M;mark-henry,CHANGED,elimination_clock_time;elimination_clock_seconds;ring_time;ring_time_seconds;ring_time_status;promotion_at_event;promotion_at_event_status;wrestled_masked;source_ids,event-era WWE/WWF brand or promotion affiliation populated; per-appearance masked status completed
entrants.csv,RR2010M;matt-hardy,CHANGED,elimination_clock_time;elimination_clock_seconds;ring_time;ring_time_seconds;ring_time_status;promotion_at_event;promotion_at_event_status;wrestled_masked;source_ids,event-era WWE/WWF brand or promotion affiliation populated; per-appearance masked status completed
entrants.csv,RR2010M;mvp,CHANGED,elimination_clock_time;elimination_clock_seconds;ring_time;ring_time_seconds;ring_time_status;promotion_at_event;promotion_at_event_status;wrestled_masked;source_ids,event-era WWE/WWF brand or promotion affiliation populated; per-appearance masked status completed
entrants.csv,RR2010M;r-truth,CHANGED,elimination_clock_time;elimination_clock_seconds;ring_time;ring_time_seconds;ring_time_status;promotion_at_event;promotion_at_event_status;wrestled_masked;source_ids,event-era WWE/WWF brand or promotion affiliation populated; per-appearance masked status completed
entrants.csv,RR2010M;shawn-michaels,CHANGED,elimination_clock_time;elimination_clock_seconds;ring_time;ring_time_seconds;ring_time_status;promotion_at_event;promotion_at_event_status;wrestled_masked;source_ids,event-era WWE/WWF brand or promotion affiliation populated; per-appearance masked status completed
entrants.csv,RR2010M;shelton-benjamin,CHANGED,elimination_clock_time;elimination_clock_seconds;ring_time;ring_time_seconds;ring_time_status;promotion_at_event;promotion_at_event_status;wrestled_masked;source_ids,event-era WWE/WWF brand or promotion affiliation populated; per-appearance masked status completed
entrants.csv,RR2010M;ted-dibiase-jr,CHANGED,elimination_clock_time;elimination_clock_seconds;ring_time;ring_time_seconds;ring_time_status;promotion_at_event;promotion_at_event_status;wrestled_masked;source_ids,event-era WWE/WWF brand or promotion affiliation populated; per-appearance masked status completed
entrants.csv,RR2010M;the-great-khali,CHANGED,elimination_clock_time;elimination_clock_seconds;ring_time;ring_time_seconds;ring_time_status;promotion_at_event;promotion_at_event_status;wrestled_masked;source_ids,event-era WWE/WWF brand or promotion affiliation populated; per-appearance masked status completed
entrants.csv,RR2010M;the-miz,CHANGED,elimination_clock_time;elimination_clock_seconds;ring_time;ring_time_seconds;ring_time_status;promotion_at_event;promotion_at_event_status;wrestled_masked;source_ids,event-era WWE/WWF brand or promotion affiliation populated; per-appearance masked status completed
entrants.csv,RR2010M;yoshi-tatsu,CHANGED,elimination_clock_time;elimination_clock_seconds;ring_time;ring_time_seconds;ring_time_status;promotion_at_event;promotion_at_event_status;wrestled_masked;source_ids,event-era WWE/WWF brand or promotion affiliation populated; per-appearance masked status completed
entrants.csv,RR2010M;zack-ryder,CHANGED,elimination_clock_time;elimination_clock_seconds;ring_time;ring_time_seconds;ring_time_status;promotion_at_event;promotion_at_event_status;wrestled_masked;source_ids,event-era WWE/WWF brand or promotion affiliation populated; per-appearance masked status completed
entrants.csv,RR2011M;alberto-del-rio,CHANGED,promotion_at_event;promotion_at_event_status;wrestled_masked;source_ids,event-era WWE/WWF brand or promotion affiliation populated; per-appearance masked status completed
entrants.csv,RR2011M;alex-riley,CHANGED,promotion_at_event;promotion_at_event_status;wrestled_masked;source_ids,event-era WWE/WWF brand or promotion affiliation populated; per-appearance masked status completed
entrants.csv,RR2011M;big-show,CHANGED,promotion_at_event;promotion_at_event_status;wrestled_masked;source_ids,event-era WWE/WWF brand or promotion affiliation populated; per-appearance masked status completed
entrants.csv,RR2011M;booker-t,CHANGED,promotion_at_event;promotion_at_event_status;wrestled_masked;source_ids,event-era WWE/WWF brand or promotion affiliation populated; per-appearance masked status completed
entrants.csv,RR2011M;chavo-guerrero,CHANGED,promotion_at_event;promotion_at_event_status;wrestled_masked;source_ids,event-era WWE/WWF brand or promotion affiliation populated; per-appearance masked status completed
entrants.csv,RR2011M;chris-masters,CHANGED,promotion_at_event;promotion_at_event_status;wrestled_masked;source_ids,event-era WWE/WWF brand or promotion affiliation populated; per-appearance masked status completed
entrants.csv,RR2011M;cm-punk,CHANGED,promotion_at_event;promotion_at_event_status;wrestled_masked;source_ids,event-era WWE/WWF brand or promotion affiliation populated; per-appearance masked status completed
entrants.csv,RR2011M;daniel-bryan,CHANGED,promotion_at_event;promotion_at_event_status;wrestled_masked;source_ids,event-era WWE/WWF brand or promotion affiliation populated; per-appearance masked status completed
entrants.csv,RR2011M;david-otunga,CHANGED,promotion_at_event;promotion_at_event_status;wrestled_masked;source_ids,event-era WWE/WWF brand or promotion affiliation populated; per-appearance masked status completed
entrants.csv,RR2011M;diesel,CHANGED,promotion_at_event;promotion_at_event_status;wrestled_masked;source_ids,event-era WWE/WWF brand or promotion affiliation populated; per-appearance masked status completed
entrants.csv,RR2011M;dolph-ziggler,CHANGED,promotion_at_event;promotion_at_event_status;wrestled_masked;source_ids,event-era WWE/WWF brand or promotion affiliation populated; per-appearance masked status completed
entrants.csv,RR2011M;drew-mcintyre,CHANGED,promotion_at_event;promotion_at_event_status;wrestled_masked;source_ids,event-era WWE/WWF brand or promotion affiliation populated; per-appearance masked status completed
entrants.csv,RR2011M;ezekiel-jackson,CHANGED,promotion_at_event;promotion_at_event_status;wrestled_masked;source_ids,event-era WWE/WWF brand or promotion affiliation populated; per-appearance masked status completed
entrants.csv,RR2011M;heath-slater,CHANGED,promotion_at_event;promotion_at_event_status;wrestled_masked;source_ids,event-era WWE/WWF brand or promotion affiliation populated; per-appearance masked status completed
entrants.csv,RR2011M;hornswoggle,CHANGED,promotion_at_event;promotion_at_event_status;wrestled_masked;source_ids,event-era WWE/WWF brand or promotion affiliation populated; per-appearance masked status completed
entrants.csv,RR2011M;husky-harris,CHANGED,promotion_at_event;promotion_at_event_status;wrestled_masked;source_ids,event-era WWE/WWF brand or promotion affiliation populated; per-appearance masked status completed
entrants.csv,RR2011M;jack-swagger,CHANGED,promotion_at_event;promotion_at_event_status;wrestled_masked;source_ids,event-era WWE/WWF brand or promotion affiliation populated; per-appearance masked status completed
entrants.csv,RR2011M;john-cena,CHANGED,promotion_at_event;promotion_at_event_status;wrestled_masked;source_ids,event-era WWE/WWF brand or promotion affiliation populated; per-appearance masked status completed
entrants.csv,RR2011M;johnny-nitro,CHANGED,promotion_at_event;promotion_at_event_status;wrestled_masked;source_ids,event-era WWE/WWF brand or promotion affiliation populated; per-appearance masked status completed
entrants.csv,RR2011M;jtg,CHANGED,promotion_at_event;promotion_at_event_status;wrestled_masked;source_ids,event-era WWE/WWF brand or promotion affiliation populated; per-appearance masked status completed
entrants.csv,RR2011M;justin-gabriel,CHANGED,promotion_at_event;promotion_at_event_status;wrestled_masked;source_ids,event-era WWE/WWF brand or promotion affiliation populated; per-appearance masked status completed
entrants.csv,RR2011M;kane,CHANGED,promotion_at_event;promotion_at_event_status;wrestled_masked;source_ids,event-era WWE/WWF brand or promotion affiliation populated; per-appearance masked status completed
entrants.csv,RR2011M;kofi-kingston,CHANGED,promotion_at_event;promotion_at_event_status;wrestled_masked;source_ids,event-era WWE/WWF brand or promotion affiliation populated; per-appearance masked status completed
entrants.csv,RR2011M;mark-henry,CHANGED,promotion_at_event;promotion_at_event_status;wrestled_masked;source_ids,event-era WWE/WWF brand or promotion affiliation populated; per-appearance masked status completed
entrants.csv,RR2011M;mason-ryan,CHANGED,promotion_at_event;promotion_at_event_status;wrestled_masked;source_ids,event-era WWE/WWF brand or promotion affiliation populated; per-appearance masked status completed
entrants.csv,RR2011M;michael-mcgillicutty,CHANGED,promotion_at_event;promotion_at_event_status;wrestled_masked;source_ids,event-era WWE/WWF brand or promotion affiliation populated; per-appearance masked status completed
entrants.csv,RR2011M;r-truth,CHANGED,promotion_at_event;promotion_at_event_status;wrestled_masked;source_ids,event-era WWE/WWF brand or promotion affiliation populated; per-appearance masked status completed
entrants.csv,RR2011M;randy-orton,CHANGED,promotion_at_event;promotion_at_event_status;wrestled_masked;source_ids,event-era WWE/WWF brand or promotion affiliation populated; per-appearance masked status completed
entrants.csv,RR2011M;rey-mysterio,CHANGED,promotion_at_event;promotion_at_event_status;wrestled_masked;source_ids,event-era WWE/WWF brand or promotion affiliation populated; per-appearance masked status completed
entrants.csv,RR2011M;santino-marella,CHANGED,promotion_at_event;promotion_at_event_status;wrestled_masked;source_ids,event-era WWE/WWF brand or promotion affiliation populated; per-appearance masked status completed
entrants.csv,RR2011M;sheamus,CHANGED,promotion_at_event;promotion_at_event_status;wrestled_masked;source_ids,event-era WWE/WWF brand or promotion affiliation populated; per-appearance masked status completed
entrants.csv,RR2011M;ted-dibiase-jr,CHANGED,promotion_at_event;promotion_at_event_status;wrestled_masked;source_ids,event-era WWE/WWF brand or promotion affiliation populated; per-appearance masked status completed
entrants.csv,RR2011M;the-great-khali,CHANGED,promotion_at_event;promotion_at_event_status;wrestled_masked;source_ids,event-era WWE/WWF brand or promotion affiliation populated; per-appearance masked status completed
entrants.csv,RR2011M;tyler-reks,CHANGED,promotion_at_event;promotion_at_event_status;wrestled_masked;source_ids,event-era WWE/WWF brand or promotion affiliation populated; per-appearance masked status completed
entrants.csv,RR2011M;tyson-kidd,CHANGED,promotion_at_event;promotion_at_event_status;wrestled_masked;source_ids,event-era WWE/WWF brand or promotion affiliation populated; per-appearance masked status completed
entrants.csv,RR2011M;vladimir-kozlov,CHANGED,promotion_at_event;promotion_at_event_status;wrestled_masked;source_ids,event-era WWE/WWF brand or promotion affiliation populated; per-appearance masked status completed
entrants.csv,RR2011M;wade-barrett,CHANGED,promotion_at_event;promotion_at_event_status;wrestled_masked;source_ids,event-era WWE/WWF brand or promotion affiliation populated; per-appearance masked status completed
entrants.csv,RR2011M;william-regal,CHANGED,promotion_at_event;promotion_at_event_status;wrestled_masked;source_ids,event-era WWE/WWF brand or promotion affiliation populated; per-appearance masked status completed
entrants.csv,RR2011M;yoshi-tatsu,CHANGED,promotion_at_event;promotion_at_event_status;wrestled_masked;source_ids,event-era WWE/WWF brand or promotion affiliation populated; per-appearance masked status completed
entrants.csv,RR2011M;zack-ryder,CHANGED,promotion_at_event;promotion_at_event_status;wrestled_masked;source_ids,event-era WWE/WWF brand or promotion affiliation populated; per-appearance masked status completed
entrants.csv,RR2012M;alex-riley,CHANGED,promotion_at_event;promotion_at_event_status;wrestled_masked;source_ids,event-era WWE/WWF brand or promotion affiliation populated; per-appearance masked status completed
entrants.csv,RR2012M;big-show,CHANGED,promotion_at_event;promotion_at_event_status;wrestled_masked;source_ids,event-era WWE/WWF brand or promotion affiliation populated; per-appearance masked status completed
entrants.csv,RR2012M;booker-t,CHANGED,promotion_at_event;promotion_at_event_status;wrestled_masked;source_ids,event-era WWE/WWF brand or promotion affiliation populated; per-appearance masked status completed
entrants.csv,RR2012M;chris-jericho,CHANGED,promotion_at_event;promotion_at_event_status;wrestled_masked;source_ids,event-era WWE/WWF brand or promotion affiliation populated; per-appearance masked status completed
entrants.csv,RR2012M;cody-rhodes,CHANGED,promotion_at_event;promotion_at_event_status;wrestled_masked;source_ids,event-era WWE/WWF brand or promotion affiliation populated; per-appearance masked status completed
entrants.csv,RR2012M;david-otunga,CHANGED,promotion_at_event;promotion_at_event_status;wrestled_masked;source_ids,event-era WWE/WWF brand or promotion affiliation populated; per-appearance masked status completed
entrants.csv,RR2012M;dolph-ziggler,CHANGED,promotion_at_event;promotion_at_event_status;wrestled_masked;source_ids,event-era WWE/WWF brand or promotion affiliation populated; per-appearance masked status completed
entrants.csv,RR2012M;epico,CHANGED,promotion_at_event;promotion_at_event_status;wrestled_masked;source_ids,event-era WWE/WWF brand or promotion affiliation populated; per-appearance masked status completed
entrants.csv,RR2012M;ezekiel-jackson,CHANGED,promotion_at_event;promotion_at_event_status;wrestled_masked;source_ids,event-era WWE/WWF brand or promotion affiliation populated; per-appearance masked status completed
entrants.csv,RR2012M;hunico,CHANGED,promotion_at_event;promotion_at_event_status;wrestled_masked;source_ids,event-era WWE/WWF brand or promotion affiliation populated; per-appearance masked status completed
entrants.csv,RR2012M;jack-swagger,CHANGED,promotion_at_event;promotion_at_event_status;wrestled_masked;source_ids,event-era WWE/WWF brand or promotion affiliation populated; per-appearance masked status completed
entrants.csv,RR2012M;jerry-lawler,CHANGED,promotion_at_event;promotion_at_event_status;wrestled_masked;source_ids,event-era WWE/WWF brand or promotion affiliation populated; per-appearance masked status completed
entrants.csv,RR2012M;jey-uso,CHANGED,promotion_at_event;promotion_at_event_status;wrestled_masked;source_ids,event-era WWE/WWF brand or promotion affiliation populated; per-appearance masked status completed
entrants.csv,RR2012M;jim-duggan,CHANGED,promotion_at_event;promotion_at_event_status;wrestled_masked;source_ids,event-era WWE/WWF brand or promotion affiliation populated; per-appearance masked status completed
entrants.csv,RR2012M;jinder-mahal,CHANGED,promotion_at_event;promotion_at_event_status;wrestled_masked;source_ids,event-era WWE/WWF brand or promotion affiliation populated; per-appearance masked status completed
entrants.csv,RR2012M;justin-gabriel,CHANGED,promotion_at_event;promotion_at_event_status;wrestled_masked;source_ids,event-era WWE/WWF brand or promotion affiliation populated; per-appearance masked status completed
entrants.csv,RR2012M;kharma,CHANGED,promotion_at_event;promotion_at_event_status;wrestled_masked;source_ids,event-era WWE/WWF brand or promotion affiliation populated; per-appearance masked status completed
entrants.csv,RR2012M;kofi-kingston,CHANGED,promotion_at_event;promotion_at_event_status;wrestled_masked;source_ids,event-era WWE/WWF brand or promotion affiliation populated; per-appearance masked status completed
entrants.csv,RR2012M;michael-cole,CHANGED,promotion_at_event;promotion_at_event_status;wrestled_masked;source_ids,event-era WWE/WWF brand or promotion affiliation populated; per-appearance masked status completed
entrants.csv,RR2012M;mick-foley,CHANGED,promotion_at_event;promotion_at_event_status;wrestled_masked;source_ids,event-era WWE/WWF brand or promotion affiliation populated; per-appearance masked status completed
entrants.csv,RR2012M;primo,CHANGED,promotion_at_event;promotion_at_event_status;wrestled_masked;source_ids,event-era WWE/WWF brand or promotion affiliation populated; per-appearance masked status completed
entrants.csv,RR2012M;r-truth,CHANGED,promotion_at_event;promotion_at_event_status;wrestled_masked;source_ids,event-era WWE/WWF brand or promotion affiliation populated; per-appearance masked status completed
entrants.csv,RR2012M;randy-orton,CHANGED,promotion_at_event;promotion_at_event_status;wrestled_masked;source_ids,event-era WWE/WWF brand or promotion affiliation populated; per-appearance masked status completed
entrants.csv,RR2012M;ricardo-rodriguez,CHANGED,promotion_at_event;promotion_at_event_status;wrestled_masked;source_ids,event-era WWE/WWF brand or promotion affiliation populated; per-appearance masked status completed
entrants.csv,RR2012M;road-dogg,CHANGED,promotion_at_event;promotion_at_event_status;wrestled_masked;source_ids,event-era WWE/WWF brand or promotion affiliation populated; per-appearance masked status completed
entrants.csv,RR2012M;santino-marella,CHANGED,promotion_at_event;promotion_at_event_status;wrestled_masked;source_ids,event-era WWE/WWF brand or promotion affiliation populated; per-appearance masked status completed
entrants.csv,RR2012M;sheamus,CHANGED,promotion_at_event;promotion_at_event_status;wrestled_masked;source_ids,event-era WWE/WWF brand or promotion affiliation populated; per-appearance masked status completed
entrants.csv,RR2012M;the-great-khali,CHANGED,promotion_at_event;promotion_at_event_status;wrestled_masked;source_ids,event-era WWE/WWF brand or promotion affiliation populated; per-appearance masked status completed
entrants.csv,RR2012M;the-miz,CHANGED,promotion_at_event;promotion_at_event_status;wrestled_masked;source_ids,event-era WWE/WWF brand or promotion affiliation populated; per-appearance masked status completed
entrants.csv,RR2012M;wade-barrett,CHANGED,promotion_at_event;promotion_at_event_status;wrestled_masked;source_ids,event-era WWE/WWF brand or promotion affiliation populated; per-appearance masked status completed
entrants.csv,RR2013M;bo-dallas,CHANGED,promotion_at_event;promotion_at_event_status;wrestled_masked;source_ids,event-era WWE/WWF brand or promotion affiliation populated; per-appearance masked status completed
entrants.csv,RR2013M;brodus-clay,CHANGED,promotion_at_event;promotion_at_event_status;wrestled_masked;source_ids,event-era WWE/WWF brand or promotion affiliation populated; per-appearance masked status completed
entrants.csv,RR2013M;cesaro,CHANGED,promotion_at_event;promotion_at_event_status;wrestled_masked;source_ids,event-era WWE/WWF brand or promotion affiliation populated; per-appearance masked status completed
entrants.csv,RR2013M;chris-jericho,CHANGED,promotion_at_event;promotion_at_event_status;wrestled_masked;source_ids,event-era WWE/WWF brand or promotion affiliation populated; per-appearance masked status completed
entrants.csv,RR2013M;cody-rhodes,CHANGED,promotion_at_event;promotion_at_event_status;wrestled_masked;source_ids,event-era WWE/WWF brand or promotion affiliation populated; per-appearance masked status completed
entrants.csv,RR2013M;damien-sandow,CHANGED,promotion_at_event;promotion_at_event_status;wrestled_masked;source_ids,event-era WWE/WWF brand or promotion affiliation populated; per-appearance masked status completed
entrants.csv,RR2013M;daniel-bryan,CHANGED,promotion_at_event;promotion_at_event_status;wrestled_masked;source_ids,event-era WWE/WWF brand or promotion affiliation populated; per-appearance masked status completed
entrants.csv,RR2013M;darren-young,CHANGED,promotion_at_event;promotion_at_event_status;wrestled_masked;source_ids,event-era WWE/WWF brand or promotion affiliation populated; per-appearance masked status completed
entrants.csv,RR2013M;david-otunga,CHANGED,promotion_at_event;promotion_at_event_status;wrestled_masked;source_ids,event-era WWE/WWF brand or promotion affiliation populated; per-appearance masked status completed
entrants.csv,RR2013M;dolph-ziggler,CHANGED,promotion_at_event;promotion_at_event_status;wrestled_masked;source_ids,event-era WWE/WWF brand or promotion affiliation populated; per-appearance masked status completed
entrants.csv,RR2013M;drew-mcintyre,CHANGED,promotion_at_event;promotion_at_event_status;wrestled_masked;source_ids,event-era WWE/WWF brand or promotion affiliation populated; per-appearance masked status completed
entrants.csv,RR2013M;goldust,CHANGED,promotion_at_event;promotion_at_event_status;wrestled_masked;source_ids,event-era WWE/WWF brand or promotion affiliation populated; per-appearance masked status completed
entrants.csv,RR2013M;heath-slater,CHANGED,promotion_at_event;promotion_at_event_status;wrestled_masked;source_ids,event-era WWE/WWF brand or promotion affiliation populated; per-appearance masked status completed
entrants.csv,RR2013M;hunico,CHANGED,promotion_at_event;promotion_at_event_status;wrestled_masked;source_ids,event-era WWE/WWF brand or promotion affiliation populated; per-appearance masked status completed
entrants.csv,RR2013M;jinder-mahal,CHANGED,promotion_at_event;promotion_at_event_status;wrestled_masked;source_ids,event-era WWE/WWF brand or promotion affiliation populated; per-appearance masked status completed
entrants.csv,RR2013M;john-cena,CHANGED,promotion_at_event;promotion_at_event_status;wrestled_masked;source_ids,event-era WWE/WWF brand or promotion affiliation populated; per-appearance masked status completed
entrants.csv,RR2013M;kane,CHANGED,promotion_at_event;promotion_at_event_status;wrestled_masked;source_ids,event-era WWE/WWF brand or promotion affiliation populated; per-appearance masked status completed
entrants.csv,RR2013M;kofi-kingston,CHANGED,promotion_at_event;promotion_at_event_status;wrestled_masked;source_ids,event-era WWE/WWF brand or promotion affiliation populated; per-appearance masked status completed
entrants.csv,RR2013M;prince-albert,CHANGED,promotion_at_event;promotion_at_event_status;wrestled_masked;source_ids,event-era WWE/WWF brand or promotion affiliation populated; per-appearance masked status completed
entrants.csv,RR2013M;randy-orton,CHANGED,promotion_at_event;promotion_at_event_status;wrestled_masked;source_ids,event-era WWE/WWF brand or promotion affiliation populated; per-appearance masked status completed
entrants.csv,RR2013M;rey-mysterio,CHANGED,promotion_at_event;promotion_at_event_status;wrestled_masked;source_ids,event-era WWE/WWF brand or promotion affiliation populated; per-appearance masked status completed
entrants.csv,RR2013M;ryback,CHANGED,promotion_at_event;promotion_at_event_status;wrestled_masked;source_ids,event-era WWE/WWF brand or promotion affiliation populated; per-appearance masked status completed
entrants.csv,RR2013M;santino-marella,CHANGED,promotion_at_event;promotion_at_event_status;wrestled_masked;source_ids,event-era WWE/WWF brand or promotion affiliation populated; per-appearance masked status completed
entrants.csv,RR2013M;sheamus,CHANGED,promotion_at_event;promotion_at_event_status;wrestled_masked;source_ids,event-era WWE/WWF brand or promotion affiliation populated; per-appearance masked status completed
entrants.csv,RR2013M;the-godfather,CHANGED,promotion_at_event;promotion_at_event_status;wrestled_masked;source_ids,event-era WWE/WWF brand or promotion affiliation populated; per-appearance masked status completed
entrants.csv,RR2013M;the-great-khali,CHANGED,promotion_at_event;promotion_at_event_status;wrestled_masked;source_ids,event-era WWE/WWF brand or promotion affiliation populated; per-appearance masked status completed
entrants.csv,RR2013M;the-miz,CHANGED,promotion_at_event;promotion_at_event_status;wrestled_masked;source_ids,event-era WWE/WWF brand or promotion affiliation populated; per-appearance masked status completed
entrants.csv,RR2013M;titus-oneil,CHANGED,promotion_at_event;promotion_at_event_status;wrestled_masked;source_ids,event-era WWE/WWF brand or promotion affiliation populated; per-appearance masked status completed
entrants.csv,RR2013M;wade-barrett,CHANGED,promotion_at_event;promotion_at_event_status;wrestled_masked;source_ids,event-era WWE/WWF brand or promotion affiliation populated; per-appearance masked status completed
entrants.csv,RR2013M;zack-ryder,CHANGED,promotion_at_event;promotion_at_event_status;wrestled_masked;source_ids,event-era WWE/WWF brand or promotion affiliation populated; per-appearance masked status completed
entrants.csv,RR2014M;alberto-del-rio,CHANGED,promotion_at_event;promotion_at_event_status;wrestled_masked;source_ids,event-era WWE/WWF brand or promotion affiliation populated; per-appearance masked status completed
entrants.csv,RR2014M;batista,CHANGED,promotion_at_event;promotion_at_event_status;wrestled_masked;source_ids,event-era WWE/WWF brand or promotion affiliation populated; per-appearance masked status completed
entrants.csv,RR2014M;big-e,CHANGED,promotion_at_event;promotion_at_event_status;wrestled_masked;source_ids,event-era WWE/WWF brand or promotion affiliation populated; per-appearance masked status completed
entrants.csv,RR2014M;bradshaw,CHANGED,promotion_at_event;promotion_at_event_status;wrestled_masked;source_ids,event-era WWE/WWF brand or promotion affiliation populated; per-appearance masked status completed
entrants.csv,RR2014M;cesaro,CHANGED,promotion_at_event;promotion_at_event_status;wrestled_masked;source_ids,event-era WWE/WWF brand or promotion affiliation populated; per-appearance masked status completed
entrants.csv,RR2014M;cm-punk,CHANGED,promotion_at_event;promotion_at_event_status;wrestled_masked;source_ids,event-era WWE/WWF brand or promotion affiliation populated; per-appearance masked status completed
entrants.csv,RR2014M;cody-rhodes,CHANGED,promotion_at_event;promotion_at_event_status;wrestled_masked;source_ids,event-era WWE/WWF brand or promotion affiliation populated; per-appearance masked status completed
entrants.csv,RR2014M;damien-sandow,CHANGED,promotion_at_event;promotion_at_event_status;wrestled_masked;source_ids,event-era WWE/WWF brand or promotion affiliation populated; per-appearance masked status completed
entrants.csv,RR2014M;dean-ambrose,CHANGED,promotion_at_event;promotion_at_event_status;wrestled_masked;source_ids,event-era WWE/WWF brand or promotion affiliation populated; per-appearance masked status completed
entrants.csv,RR2014M;diesel,CHANGED,promotion_at_event;promotion_at_event_status;wrestled_masked;source_ids,event-era WWE/WWF brand or promotion affiliation populated; per-appearance masked status completed
entrants.csv,RR2014M;dolph-ziggler,CHANGED,promotion_at_event;promotion_at_event_status;wrestled_masked;source_ids,event-era WWE/WWF brand or promotion affiliation populated; per-appearance masked status completed
entrants.csv,RR2014M;el-torito,CHANGED,promotion_at_event;promotion_at_event_status;wrestled_masked;source_ids,event-era WWE/WWF brand or promotion affiliation populated; per-appearance masked status completed
entrants.csv,RR2014M;erick-rowan,CHANGED,promotion_at_event;promotion_at_event_status;wrestled_masked;source_ids,event-era WWE/WWF brand or promotion affiliation populated; per-appearance masked status completed
entrants.csv,RR2014M;fandango,CHANGED,promotion_at_event;promotion_at_event_status;wrestled_masked;source_ids,event-era WWE/WWF brand or promotion affiliation populated; per-appearance masked status completed
entrants.csv,RR2014M;goldust,CHANGED,promotion_at_event;promotion_at_event_status;wrestled_masked;source_ids,event-era WWE/WWF brand or promotion affiliation populated; per-appearance masked status completed
entrants.csv,RR2014M;jack-swagger,CHANGED,promotion_at_event;promotion_at_event_status;wrestled_masked;source_ids,event-era WWE/WWF brand or promotion affiliation populated; per-appearance masked status completed
entrants.csv,RR2014M;jey-uso,CHANGED,promotion_at_event;promotion_at_event_status;wrestled_masked;source_ids,event-era WWE/WWF brand or promotion affiliation populated; per-appearance masked status completed
entrants.csv,RR2014M;jimmy-uso,CHANGED,promotion_at_event;promotion_at_event_status;wrestled_masked;source_ids,event-era WWE/WWF brand or promotion affiliation populated; per-appearance masked status completed
entrants.csv,RR2014M;kane,CHANGED,promotion_at_event;promotion_at_event_status;wrestled_masked;source_ids,event-era WWE/WWF brand or promotion affiliation populated; per-appearance masked status completed
entrants.csv,RR2014M;kofi-kingston,CHANGED,promotion_at_event;promotion_at_event_status;wrestled_masked;source_ids,event-era WWE/WWF brand or promotion affiliation populated; per-appearance masked status completed
entrants.csv,RR2014M;luke-harper,CHANGED,promotion_at_event;promotion_at_event_status;wrestled_masked;source_ids,event-era WWE/WWF brand or promotion affiliation populated; per-appearance masked status completed
entrants.csv,RR2014M;r-truth,CHANGED,promotion_at_event;promotion_at_event_status;wrestled_masked;source_ids,event-era WWE/WWF brand or promotion affiliation populated; per-appearance masked status completed
entrants.csv,RR2014M;rey-mysterio,CHANGED,promotion_at_event;promotion_at_event_status;wrestled_masked;source_ids,event-era WWE/WWF brand or promotion affiliation populated; per-appearance masked status completed
entrants.csv,RR2014M;roman-reigns,CHANGED,promotion_at_event;promotion_at_event_status;wrestled_masked;source_ids,event-era WWE/WWF brand or promotion affiliation populated; per-appearance masked status completed
entrants.csv,RR2014M;rusev,CHANGED,promotion_at_event;promotion_at_event_status;wrestled_masked;source_ids,event-era WWE/WWF brand or promotion affiliation populated; per-appearance masked status completed
entrants.csv,RR2014M;ryback,CHANGED,promotion_at_event;promotion_at_event_status;wrestled_masked;source_ids,event-era WWE/WWF brand or promotion affiliation populated; per-appearance masked status completed
entrants.csv,RR2014M;seth-rollins,CHANGED,promotion_at_event;promotion_at_event_status;wrestled_masked;source_ids,event-era WWE/WWF brand or promotion affiliation populated; per-appearance masked status completed
entrants.csv,RR2014M;sheamus,CHANGED,promotion_at_event;promotion_at_event_status;wrestled_masked;source_ids,event-era WWE/WWF brand or promotion affiliation populated; per-appearance masked status completed
entrants.csv,RR2014M;the-great-khali,CHANGED,promotion_at_event;promotion_at_event_status;wrestled_masked;source_ids,event-era WWE/WWF brand or promotion affiliation populated; per-appearance masked status completed
entrants.csv,RR2014M;the-miz,CHANGED,promotion_at_event;promotion_at_event_status;wrestled_masked;source_ids,event-era WWE/WWF brand or promotion affiliation populated; per-appearance masked status completed
entrants.csv,RR2015M;adam-rose,CHANGED,promotion_at_event;promotion_at_event_status;wrestled_masked;source_ids,event-era WWE/WWF brand or promotion affiliation populated; per-appearance masked status completed
entrants.csv,RR2015M;big-e,CHANGED,promotion_at_event;promotion_at_event_status;wrestled_masked;source_ids,event-era WWE/WWF brand or promotion affiliation populated; per-appearance masked status completed
entrants.csv,RR2015M;big-show,CHANGED,promotion_at_event;promotion_at_event_status;wrestled_masked;source_ids,event-era WWE/WWF brand or promotion affiliation populated; per-appearance masked status completed
entrants.csv,RR2015M;bray-wyatt,CHANGED,promotion_at_event;promotion_at_event_status;wrestled_masked;source_ids,event-era WWE/WWF brand or promotion affiliation populated; per-appearance masked status completed
entrants.csv,RR2015M;bubba-ray-dudley,CHANGED,promotion_at_event;promotion_at_event_status;wrestled_masked;source_ids,event-era WWE/WWF brand or promotion affiliation populated; per-appearance masked status completed
entrants.csv,RR2015M;cesaro,CHANGED,promotion_at_event;promotion_at_event_status;wrestled_masked;source_ids,event-era WWE/WWF brand or promotion affiliation populated; per-appearance masked status completed
entrants.csv,RR2015M;cody-rhodes,CHANGED,promotion_at_event;promotion_at_event_status;wrestled_masked;source_ids,event-era WWE/WWF brand or promotion affiliation populated; per-appearance masked status completed
entrants.csv,RR2015M;curtis-axel,CHANGED,promotion_at_event;promotion_at_event_status;wrestled_masked;source_ids,event-era WWE/WWF brand or promotion affiliation populated; per-appearance masked status completed
entrants.csv,RR2015M;damien-sandow,CHANGED,promotion_at_event;promotion_at_event_status;wrestled_masked;source_ids,event-era WWE/WWF brand or promotion affiliation populated; per-appearance masked status completed
entrants.csv,RR2015M;daniel-bryan,CHANGED,promotion_at_event;promotion_at_event_status;wrestled_masked;source_ids,event-era WWE/WWF brand or promotion affiliation populated; per-appearance masked status completed
entrants.csv,RR2015M;dean-ambrose,CHANGED,promotion_at_event;promotion_at_event_status;wrestled_masked;source_ids,event-era WWE/WWF brand or promotion affiliation populated; per-appearance masked status completed
entrants.csv,RR2015M;diamond-dallas-page,CHANGED,promotion_at_event;promotion_at_event_status;wrestled_masked;source_ids,event-era WWE/WWF brand or promotion affiliation populated; per-appearance masked status completed
entrants.csv,RR2015M;dolph-ziggler,CHANGED,promotion_at_event;promotion_at_event_status;wrestled_masked;source_ids,event-era WWE/WWF brand or promotion affiliation populated; per-appearance masked status completed
entrants.csv,RR2015M;fandango,CHANGED,promotion_at_event;promotion_at_event_status;wrestled_masked;source_ids,event-era WWE/WWF brand or promotion affiliation populated; per-appearance masked status completed
entrants.csv,RR2015M;goldust,CHANGED,promotion_at_event;promotion_at_event_status;wrestled_masked;source_ids,event-era WWE/WWF brand or promotion affiliation populated; per-appearance masked status completed
entrants.csv,RR2015M;hunico,CHANGED,promotion_at_event;promotion_at_event_status;wrestled_masked;source_ids,event-era WWE/WWF brand or promotion affiliation populated; per-appearance masked status completed
entrants.csv,RR2015M;jack-swagger,CHANGED,promotion_at_event;promotion_at_event_status;wrestled_masked;source_ids,event-era WWE/WWF brand or promotion affiliation populated; per-appearance masked status completed
entrants.csv,RR2015M;kane,CHANGED,promotion_at_event;promotion_at_event_status;wrestled_masked;source_ids,event-era WWE/WWF brand or promotion affiliation populated; per-appearance masked status completed
entrants.csv,RR2015M;kofi-kingston,CHANGED,promotion_at_event;promotion_at_event_status;wrestled_masked;source_ids,event-era WWE/WWF brand or promotion affiliation populated; per-appearance masked status completed
entrants.csv,RR2015M;luke-harper,CHANGED,promotion_at_event;promotion_at_event_status;wrestled_masked;source_ids,event-era WWE/WWF brand or promotion affiliation populated; per-appearance masked status completed
entrants.csv,RR2015M;r-truth,CHANGED,promotion_at_event;promotion_at_event_status;wrestled_masked;source_ids,event-era WWE/WWF brand or promotion affiliation populated; per-appearance masked status completed
entrants.csv,RR2015M;roman-reigns,CHANGED,promotion_at_event;promotion_at_event_status;wrestled_masked;source_ids,event-era WWE/WWF brand or promotion affiliation populated; per-appearance masked status completed
entrants.csv,RR2015M;rusev,CHANGED,promotion_at_event;promotion_at_event_status;wrestled_masked;source_ids,event-era WWE/WWF brand or promotion affiliation populated; per-appearance masked status completed
entrants.csv,RR2015M;ryback,CHANGED,promotion_at_event;promotion_at_event_status;wrestled_masked;source_ids,event-era WWE/WWF brand or promotion affiliation populated; per-appearance masked status completed
entrants.csv,RR2015M;the-boogeyman,CHANGED,promotion_at_event;promotion_at_event_status;wrestled_masked;source_ids,event-era WWE/WWF brand or promotion affiliation populated; per-appearance masked status completed
entrants.csv,RR2015M;the-miz,CHANGED,promotion_at_event;promotion_at_event_status;wrestled_masked;source_ids,event-era WWE/WWF brand or promotion affiliation populated; per-appearance masked status completed
entrants.csv,RR2015M;titus-oneil,CHANGED,promotion_at_event;promotion_at_event_status;wrestled_masked;source_ids,event-era WWE/WWF brand or promotion affiliation populated; per-appearance masked status completed
entrants.csv,RR2015M;tyson-kidd,CHANGED,promotion_at_event;promotion_at_event_status;wrestled_masked;source_ids,event-era WWE/WWF brand or promotion affiliation populated; per-appearance masked status completed
entrants.csv,RR2015M;wade-barrett,CHANGED,promotion_at_event;promotion_at_event_status;wrestled_masked;source_ids,event-era WWE/WWF brand or promotion affiliation populated; per-appearance masked status completed
entrants.csv,RR2015M;zack-ryder,CHANGED,promotion_at_event;promotion_at_event_status;wrestled_masked;source_ids,event-era WWE/WWF brand or promotion affiliation populated; per-appearance masked status completed
entrants.csv,RR2016M;aj-styles,CHANGED,promotion_at_event;promotion_at_event_status;wrestled_masked;source_ids,event-era WWE/WWF brand or promotion affiliation populated; per-appearance masked status completed
entrants.csv,RR2016M;alberto-del-rio,CHANGED,promotion_at_event;promotion_at_event_status;wrestled_masked;source_ids,event-era WWE/WWF brand or promotion affiliation populated; per-appearance masked status completed
entrants.csv,RR2016M;big-show,CHANGED,promotion_at_event;promotion_at_event_status;wrestled_masked;source_ids,event-era WWE/WWF brand or promotion affiliation populated; per-appearance masked status completed
entrants.csv,RR2016M;braun-strowman,CHANGED,promotion_at_event;promotion_at_event_status;wrestled_masked;source_ids,event-era WWE/WWF brand or promotion affiliation populated; per-appearance masked status completed
entrants.csv,RR2016M;bray-wyatt,CHANGED,promotion_at_event;promotion_at_event_status;wrestled_masked;source_ids,event-era WWE/WWF brand or promotion affiliation populated; per-appearance masked status completed
entrants.csv,RR2016M;brock-lesnar,CHANGED,promotion_at_event;promotion_at_event_status;wrestled_masked;source_ids,event-era WWE/WWF brand or promotion affiliation populated; per-appearance masked status completed
entrants.csv,RR2016M;chris-jericho,CHANGED,promotion_at_event;promotion_at_event_status;wrestled_masked;source_ids,event-era WWE/WWF brand or promotion affiliation populated; per-appearance masked status completed
entrants.csv,RR2016M;cody-rhodes,CHANGED,promotion_at_event;promotion_at_event_status;wrestled_masked;source_ids,event-era WWE/WWF brand or promotion affiliation populated; per-appearance masked status completed
entrants.csv,RR2016M;curtis-axel,CHANGED,promotion_at_event;promotion_at_event_status;wrestled_masked;source_ids,event-era WWE/WWF brand or promotion affiliation populated; per-appearance masked status completed
entrants.csv,RR2016M;dean-ambrose,CHANGED,promotion_at_event;promotion_at_event_status;wrestled_masked;source_ids,event-era WWE/WWF brand or promotion affiliation populated; per-appearance masked status completed
entrants.csv,RR2016M;dolph-ziggler,CHANGED,promotion_at_event;promotion_at_event_status;wrestled_masked;source_ids,event-era WWE/WWF brand or promotion affiliation populated; per-appearance masked status completed
entrants.csv,RR2016M;erick-rowan,CHANGED,promotion_at_event;promotion_at_event_status;wrestled_masked;source_ids,event-era WWE/WWF brand or promotion affiliation populated; per-appearance masked status completed
entrants.csv,RR2016M;goldust,CHANGED,promotion_at_event;promotion_at_event_status;wrestled_masked;source_ids,event-era WWE/WWF brand or promotion affiliation populated; per-appearance masked status completed
entrants.csv,RR2016M;hunter-hearst-helmsley,CHANGED,promotion_at_event;promotion_at_event_status;wrestled_masked;source_ids,event-era WWE/WWF brand or promotion affiliation populated; per-appearance masked status completed
entrants.csv,RR2016M;jack-swagger,CHANGED,promotion_at_event;promotion_at_event_status;wrestled_masked;source_ids,event-era WWE/WWF brand or promotion affiliation populated; per-appearance masked status completed
entrants.csv,RR2016M;kane,CHANGED,promotion_at_event;promotion_at_event_status;wrestled_masked;source_ids,event-era WWE/WWF brand or promotion affiliation populated; per-appearance masked status completed
entrants.csv,RR2016M;kevin-owens,CHANGED,promotion_at_event;promotion_at_event_status;wrestled_masked;source_ids,event-era WWE/WWF brand or promotion affiliation populated; per-appearance masked status completed
entrants.csv,RR2016M;kofi-kingston,CHANGED,promotion_at_event;promotion_at_event_status;wrestled_masked;source_ids,event-era WWE/WWF brand or promotion affiliation populated; per-appearance masked status completed
entrants.csv,RR2016M;luke-harper,CHANGED,promotion_at_event;promotion_at_event_status;wrestled_masked;source_ids,event-era WWE/WWF brand or promotion affiliation populated; per-appearance masked status completed
entrants.csv,RR2016M;mark-henry,CHANGED,promotion_at_event;promotion_at_event_status;wrestled_masked;source_ids,event-era WWE/WWF brand or promotion affiliation populated; per-appearance masked status completed
entrants.csv,RR2016M;neville,CHANGED,promotion_at_event;promotion_at_event_status;wrestled_masked;source_ids,event-era WWE/WWF brand or promotion affiliation populated; per-appearance masked status completed
entrants.csv,RR2016M;r-truth,CHANGED,promotion_at_event;promotion_at_event_status;wrestled_masked;source_ids,event-era WWE/WWF brand or promotion affiliation populated; per-appearance masked status completed
entrants.csv,RR2016M;roman-reigns,CHANGED,promotion_at_event;promotion_at_event_status;wrestled_masked;source_ids,event-era WWE/WWF brand or promotion affiliation populated; per-appearance masked status completed
entrants.csv,RR2016M;rusev,CHANGED,promotion_at_event;promotion_at_event_status;wrestled_masked;source_ids,event-era WWE/WWF brand or promotion affiliation populated; per-appearance masked status completed
entrants.csv,RR2016M;ryback,CHANGED,promotion_at_event;promotion_at_event_status;wrestled_masked;source_ids,event-era WWE/WWF brand or promotion affiliation populated; per-appearance masked status completed
entrants.csv,RR2016M;sami-zayn,CHANGED,promotion_at_event;promotion_at_event_status;wrestled_masked;source_ids,event-era WWE/WWF brand or promotion affiliation populated; per-appearance masked status completed
entrants.csv,RR2016M;sheamus,CHANGED,promotion_at_event;promotion_at_event_status;wrestled_masked;source_ids,event-era WWE/WWF brand or promotion affiliation populated; per-appearance masked status completed
entrants.csv,RR2016M;the-miz,CHANGED,promotion_at_event;promotion_at_event_status;wrestled_masked;source_ids,event-era WWE/WWF brand or promotion affiliation populated; per-appearance masked status completed
entrants.csv,RR2016M;titus-oneil,CHANGED,promotion_at_event;promotion_at_event_status;wrestled_masked;source_ids,event-era WWE/WWF brand or promotion affiliation populated; per-appearance masked status completed
entrants.csv,RR2016M;tyler-breeze,CHANGED,promotion_at_event;promotion_at_event_status;wrestled_masked;source_ids,event-era WWE/WWF brand or promotion affiliation populated; per-appearance masked status completed
entrants.csv,RR2017M;apollo-crews,CHANGED,promotion_at_event;promotion_at_event_status;wrestled_masked;source_ids,event-era WWE/WWF brand or promotion affiliation populated; per-appearance masked status completed
entrants.csv,RR2017M;baron-corbin,CHANGED,promotion_at_event;promotion_at_event_status;wrestled_masked;source_ids,event-era WWE/WWF brand or promotion affiliation populated; per-appearance masked status completed
entrants.csv,RR2017M;big-cass,CHANGED,promotion_at_event;promotion_at_event_status;wrestled_masked;source_ids,event-era WWE/WWF brand or promotion affiliation populated; per-appearance masked status completed
entrants.csv,RR2017M;big-e,CHANGED,promotion_at_event;promotion_at_event_status;wrestled_masked;source_ids,event-era WWE/WWF brand or promotion affiliation populated; per-appearance masked status completed
entrants.csv,RR2017M;big-show,CHANGED,promotion_at_event;promotion_at_event_status;wrestled_masked;source_ids,event-era WWE/WWF brand or promotion affiliation populated; per-appearance masked status completed
entrants.csv,RR2017M;braun-strowman,CHANGED,promotion_at_event;promotion_at_event_status;wrestled_masked;source_ids,event-era WWE/WWF brand or promotion affiliation populated; per-appearance masked status completed
entrants.csv,RR2017M;bray-wyatt,CHANGED,promotion_at_event;promotion_at_event_status;wrestled_masked;source_ids,event-era WWE/WWF brand or promotion affiliation populated; per-appearance masked status completed
entrants.csv,RR2017M;brock-lesnar,CHANGED,promotion_at_event;promotion_at_event_status;wrestled_masked;source_ids,event-era WWE/WWF brand or promotion affiliation populated; per-appearance masked status completed
entrants.csv,RR2017M;cesaro,CHANGED,promotion_at_event;promotion_at_event_status;wrestled_masked;source_ids,event-era WWE/WWF brand or promotion affiliation populated; per-appearance masked status completed
entrants.csv,RR2017M;chris-jericho,CHANGED,promotion_at_event;promotion_at_event_status;wrestled_masked;source_ids,event-era WWE/WWF brand or promotion affiliation populated; per-appearance masked status completed
entrants.csv,RR2017M;dean-ambrose,CHANGED,promotion_at_event;promotion_at_event_status;wrestled_masked;source_ids,event-era WWE/WWF brand or promotion affiliation populated; per-appearance masked status completed
entrants.csv,RR2017M;dolph-ziggler,CHANGED,promotion_at_event;promotion_at_event_status;wrestled_masked;source_ids,event-era WWE/WWF brand or promotion affiliation populated; per-appearance masked status completed
entrants.csv,RR2017M;enzo-amore,CHANGED,promotion_at_event;promotion_at_event_status;wrestled_masked;source_ids,event-era WWE/WWF brand or promotion affiliation populated; per-appearance masked status completed
entrants.csv,RR2017M;goldberg,CHANGED,promotion_at_event;promotion_at_event_status;wrestled_masked;source_ids,event-era WWE/WWF brand or promotion affiliation populated; per-appearance masked status completed
entrants.csv,RR2017M;jack-gallagher,CHANGED,promotion_at_event;promotion_at_event_status;wrestled_masked;source_ids,event-era WWE/WWF brand or promotion affiliation populated; per-appearance masked status completed
entrants.csv,RR2017M;james-ellsworth,CHANGED,promotion_at_event;promotion_at_event_status;wrestled_masked;source_ids,event-era WWE/WWF brand or promotion affiliation populated; per-appearance masked status completed
entrants.csv,RR2017M;kalisto,CHANGED,promotion_at_event;promotion_at_event_status;wrestled_masked;source_ids,event-era WWE/WWF brand or promotion affiliation populated; per-appearance masked status completed
entrants.csv,RR2017M;kofi-kingston,CHANGED,promotion_at_event;promotion_at_event_status;wrestled_masked;source_ids,event-era WWE/WWF brand or promotion affiliation populated; per-appearance masked status completed
entrants.csv,RR2017M;luke-harper,CHANGED,promotion_at_event;promotion_at_event_status;wrestled_masked;source_ids,event-era WWE/WWF brand or promotion affiliation populated; per-appearance masked status completed
entrants.csv,RR2017M;mark-henry,CHANGED,promotion_at_event;promotion_at_event_status;wrestled_masked;source_ids,event-era WWE/WWF brand or promotion affiliation populated; per-appearance masked status completed
entrants.csv,RR2017M;mojo-rawley,CHANGED,promotion_at_event;promotion_at_event_status;wrestled_masked;source_ids,event-era WWE/WWF brand or promotion affiliation populated; per-appearance masked status completed
entrants.csv,RR2017M;randy-orton,CHANGED,promotion_at_event;promotion_at_event_status;wrestled_masked;source_ids,event-era WWE/WWF brand or promotion affiliation populated; per-appearance masked status completed
entrants.csv,RR2017M;roman-reigns,CHANGED,promotion_at_event;promotion_at_event_status;wrestled_masked;source_ids,event-era WWE/WWF brand or promotion affiliation populated; per-appearance masked status completed
entrants.csv,RR2017M;rusev,CHANGED,promotion_at_event;promotion_at_event_status;wrestled_masked;source_ids,event-era WWE/WWF brand or promotion affiliation populated; per-appearance masked status completed
entrants.csv,RR2017M;sami-zayn,CHANGED,promotion_at_event;promotion_at_event_status;wrestled_masked;source_ids,event-era WWE/WWF brand or promotion affiliation populated; per-appearance masked status completed
entrants.csv,RR2017M;sheamus,CHANGED,promotion_at_event;promotion_at_event_status;wrestled_masked;source_ids,event-era WWE/WWF brand or promotion affiliation populated; per-appearance masked status completed
entrants.csv,RR2017M;the-miz,CHANGED,promotion_at_event;promotion_at_event_status;wrestled_masked;source_ids,event-era WWE/WWF brand or promotion affiliation populated; per-appearance masked status completed
entrants.csv,RR2017M;the-undertaker,CHANGED,promotion_at_event;promotion_at_event_status;wrestled_masked;source_ids,event-era WWE/WWF brand or promotion affiliation populated; per-appearance masked status completed
entrants.csv,RR2017M;tye-dillinger,CHANGED,promotion_at_event;promotion_at_event_status;wrestled_masked;source_ids,event-era WWE/WWF brand or promotion affiliation populated; per-appearance masked status completed
entrants.csv,RR2017M;xavier-woods,CHANGED,promotion_at_event;promotion_at_event_status;wrestled_masked;source_ids,event-era WWE/WWF brand or promotion affiliation populated; per-appearance masked status completed
entrants.csv,RR2018M;adam-cole,CHANGED,promotion_at_event;promotion_at_event_status;wrestled_masked;source_ids,event-era WWE/WWF brand or promotion affiliation populated; per-appearance masked status completed
entrants.csv,RR2018M;aiden-english,CHANGED,promotion_at_event;promotion_at_event_status;wrestled_masked;source_ids,event-era WWE/WWF brand or promotion affiliation populated; per-appearance masked status completed
entrants.csv,RR2018M;andrade,CHANGED,promotion_at_event;promotion_at_event_status;wrestled_masked;source_ids,event-era WWE/WWF brand or promotion affiliation populated; per-appearance masked status completed
entrants.csv,RR2018M;apollo-crews,CHANGED,promotion_at_event;promotion_at_event_status;wrestled_masked;source_ids,event-era WWE/WWF brand or promotion affiliation populated; per-appearance masked status completed
entrants.csv,RR2018M;baron-corbin,CHANGED,promotion_at_event;promotion_at_event_status;wrestled_masked;source_ids,event-era WWE/WWF brand or promotion affiliation populated; per-appearance masked status completed
entrants.csv,RR2018M;big-e,CHANGED,promotion_at_event;promotion_at_event_status;wrestled_masked;source_ids,event-era WWE/WWF brand or promotion affiliation populated; per-appearance masked status completed
entrants.csv,RR2018M;bray-wyatt,CHANGED,promotion_at_event;promotion_at_event_status;wrestled_masked;source_ids,event-era WWE/WWF brand or promotion affiliation populated; per-appearance masked status completed
entrants.csv,RR2018M;cesaro,CHANGED,promotion_at_event;promotion_at_event_status;wrestled_masked;source_ids,event-era WWE/WWF brand or promotion affiliation populated; per-appearance masked status completed
entrants.csv,RR2018M;dolph-ziggler,CHANGED,promotion_at_event;promotion_at_event_status;wrestled_masked;source_ids,event-era WWE/WWF brand or promotion affiliation populated; per-appearance masked status completed
entrants.csv,RR2018M;elias,CHANGED,promotion_at_event;promotion_at_event_status;wrestled_masked;source_ids,event-era WWE/WWF brand or promotion affiliation populated; per-appearance masked status completed
entrants.csv,RR2018M;finn-balor,CHANGED,promotion_at_event;promotion_at_event_status;wrestled_masked;source_ids,event-era WWE/WWF brand or promotion affiliation populated; per-appearance masked status completed
entrants.csv,RR2018M;goldust,CHANGED,promotion_at_event;promotion_at_event_status;wrestled_masked;source_ids,event-era WWE/WWF brand or promotion affiliation populated; per-appearance masked status completed
entrants.csv,RR2018M;heath-slater,CHANGED,promotion_at_event;promotion_at_event_status;wrestled_masked;source_ids,event-era WWE/WWF brand or promotion affiliation populated; per-appearance masked status completed
entrants.csv,RR2018M;jinder-mahal,CHANGED,promotion_at_event;promotion_at_event_status;wrestled_masked;source_ids,event-era WWE/WWF brand or promotion affiliation populated; per-appearance masked status completed
entrants.csv,RR2018M;john-cena,CHANGED,promotion_at_event;promotion_at_event_status;wrestled_masked;source_ids,event-era WWE/WWF brand or promotion affiliation populated; per-appearance masked status completed
entrants.csv,RR2018M;kofi-kingston,CHANGED,promotion_at_event;promotion_at_event_status;wrestled_masked;source_ids,event-era WWE/WWF brand or promotion affiliation populated; per-appearance masked status completed
entrants.csv,RR2018M;matt-hardy,CHANGED,promotion_at_event;promotion_at_event_status;wrestled_masked;source_ids,event-era WWE/WWF brand or promotion affiliation populated; per-appearance masked status completed
entrants.csv,RR2018M;randy-orton,CHANGED,promotion_at_event;promotion_at_event_status;wrestled_masked;source_ids,event-era WWE/WWF brand or promotion affiliation populated; per-appearance masked status completed
entrants.csv,RR2018M;rey-mysterio,CHANGED,promotion_at_event;promotion_at_event_status;wrestled_masked;source_ids,event-era WWE/WWF brand or promotion affiliation populated; per-appearance masked status completed
entrants.csv,RR2018M;rhyno,CHANGED,promotion_at_event;promotion_at_event_status;wrestled_masked;source_ids,event-era WWE/WWF brand or promotion affiliation populated; per-appearance masked status completed
entrants.csv,RR2018M;roman-reigns,CHANGED,promotion_at_event;promotion_at_event_status;wrestled_masked;source_ids,event-era WWE/WWF brand or promotion affiliation populated; per-appearance masked status completed
entrants.csv,RR2018M;rusev,CHANGED,promotion_at_event;promotion_at_event_status;wrestled_masked;source_ids,event-era WWE/WWF brand or promotion affiliation populated; per-appearance masked status completed
entrants.csv,RR2018M;sami-zayn,CHANGED,promotion_at_event;promotion_at_event_status;wrestled_masked;source_ids,event-era WWE/WWF brand or promotion affiliation populated; per-appearance masked status completed
entrants.csv,RR2018M;seth-rollins,CHANGED,promotion_at_event;promotion_at_event_status;wrestled_masked;source_ids,event-era WWE/WWF brand or promotion affiliation populated; per-appearance masked status completed
entrants.csv,RR2018M;sheamus,CHANGED,promotion_at_event;promotion_at_event_status;wrestled_masked;source_ids,event-era WWE/WWF brand or promotion affiliation populated; per-appearance masked status completed
entrants.csv,RR2018M;shinsuke-nakamura,CHANGED,promotion_at_event;promotion_at_event_status;wrestled_masked;source_ids,event-era WWE/WWF brand or promotion affiliation populated; per-appearance masked status completed
entrants.csv,RR2018M;the-hurricane,CHANGED,promotion_at_event;promotion_at_event_status;wrestled_masked;source_ids,event-era WWE/WWF brand or promotion affiliation populated; per-appearance masked status completed
entrants.csv,RR2018M;the-miz,CHANGED,promotion_at_event;promotion_at_event_status;wrestled_masked;source_ids,event-era WWE/WWF brand or promotion affiliation populated; per-appearance masked status completed
entrants.csv,RR2018M;titus-oneil,CHANGED,promotion_at_event;promotion_at_event_status;wrestled_masked;source_ids,event-era WWE/WWF brand or promotion affiliation populated; per-appearance masked status completed
entrants.csv,RR2018M;xavier-woods,CHANGED,promotion_at_event;promotion_at_event_status;wrestled_masked;source_ids,event-era WWE/WWF brand or promotion affiliation populated; per-appearance masked status completed
entrants.csv,RR2018W;asuka,CHANGED,promotion_at_event;promotion_at_event_status;wrestled_masked;source_ids,event-era WWE/WWF brand or promotion affiliation populated; per-appearance masked status completed
entrants.csv,RR2018W;bayley,CHANGED,promotion_at_event;promotion_at_event_status;wrestled_masked;source_ids,event-era WWE/WWF brand or promotion affiliation populated; per-appearance masked status completed
entrants.csv,RR2018W;becky-lynch,CHANGED,promotion_at_event;promotion_at_event_status;wrestled_masked;source_ids,event-era WWE/WWF brand or promotion affiliation populated; per-appearance masked status completed
entrants.csv,RR2018W;beth-phoenix,CHANGED,promotion_at_event;promotion_at_event_status;wrestled_masked;source_ids,event-era WWE/WWF brand or promotion affiliation populated; per-appearance masked status completed
entrants.csv,RR2018W;brie-bella,CHANGED,promotion_at_event;promotion_at_event_status;wrestled_masked;source_ids,event-era WWE/WWF brand or promotion affiliation populated; per-appearance masked status completed
entrants.csv,RR2018W;carmella,CHANGED,promotion_at_event;promotion_at_event_status;wrestled_masked;source_ids,event-era WWE/WWF brand or promotion affiliation populated; per-appearance masked status completed
entrants.csv,RR2018W;dana-brooke,CHANGED,promotion_at_event;promotion_at_event_status;wrestled_masked;source_ids,event-era WWE/WWF brand or promotion affiliation populated; per-appearance masked status completed
entrants.csv,RR2018W;ember-moon,CHANGED,promotion_at_event;promotion_at_event_status;wrestled_masked;source_ids,event-era WWE/WWF brand or promotion affiliation populated; per-appearance masked status completed
entrants.csv,RR2018W;jacqueline,CHANGED,promotion_at_event;promotion_at_event_status;wrestled_masked;source_ids,event-era WWE/WWF brand or promotion affiliation populated; per-appearance masked status completed
entrants.csv,RR2018W;kairi-sane,CHANGED,promotion_at_event;promotion_at_event_status;wrestled_masked;source_ids,event-era WWE/WWF brand or promotion affiliation populated; per-appearance masked status completed
entrants.csv,RR2018W;kelly-kelly,CHANGED,promotion_at_event;promotion_at_event_status;wrestled_masked;source_ids,event-era WWE/WWF brand or promotion affiliation populated; per-appearance masked status completed
entrants.csv,RR2018W;lana,CHANGED,promotion_at_event;promotion_at_event_status;wrestled_masked;source_ids,event-era WWE/WWF brand or promotion affiliation populated; per-appearance masked status completed
entrants.csv,RR2018W;lita,CHANGED,promotion_at_event;promotion_at_event_status;wrestled_masked;source_ids,event-era WWE/WWF brand or promotion affiliation populated; per-appearance masked status completed
entrants.csv,RR2018W;liv-morgan,CHANGED,promotion_at_event;promotion_at_event_status;wrestled_masked;source_ids,event-era WWE/WWF brand or promotion affiliation populated; per-appearance masked status completed
entrants.csv,RR2018W;mandy-rose,CHANGED,promotion_at_event;promotion_at_event_status;wrestled_masked;source_ids,event-era WWE/WWF brand or promotion affiliation populated; per-appearance masked status completed
entrants.csv,RR2018W;michelle-mccool,CHANGED,promotion_at_event;promotion_at_event_status;wrestled_masked;source_ids,event-era WWE/WWF brand or promotion affiliation populated; per-appearance masked status completed
entrants.csv,RR2018W;mickie-james,CHANGED,promotion_at_event;promotion_at_event_status;wrestled_masked;source_ids,event-era WWE/WWF brand or promotion affiliation populated; per-appearance masked status completed
entrants.csv,RR2018W;molly-holly,CHANGED,promotion_at_event;promotion_at_event_status;wrestled_masked;source_ids,event-era WWE/WWF brand or promotion affiliation populated; per-appearance masked status completed
entrants.csv,RR2018W;naomi,CHANGED,promotion_at_event;promotion_at_event_status;wrestled_masked;source_ids,event-era WWE/WWF brand or promotion affiliation populated; per-appearance masked status completed
entrants.csv,RR2018W;natalya,CHANGED,promotion_at_event;promotion_at_event_status;wrestled_masked;source_ids,event-era WWE/WWF brand or promotion affiliation populated; per-appearance masked status completed
entrants.csv,RR2018W;nia-jax,CHANGED,promotion_at_event;promotion_at_event_status;wrestled_masked;source_ids,event-era WWE/WWF brand or promotion affiliation populated; per-appearance masked status completed
entrants.csv,RR2018W;nikki-bella,CHANGED,promotion_at_event;promotion_at_event_status;wrestled_masked;source_ids,event-era WWE/WWF brand or promotion affiliation populated; per-appearance masked status completed
entrants.csv,RR2018W;ruby-riott,CHANGED,promotion_at_event;promotion_at_event_status;wrestled_masked;source_ids,event-era WWE/WWF brand or promotion affiliation populated; per-appearance masked status completed
entrants.csv,RR2018W;sarah-logan,CHANGED,promotion_at_event;promotion_at_event_status;wrestled_masked;source_ids,event-era WWE/WWF brand or promotion affiliation populated; per-appearance masked status completed
entrants.csv,RR2018W;sasha-banks,CHANGED,promotion_at_event;promotion_at_event_status;wrestled_masked;source_ids,event-era WWE/WWF brand or promotion affiliation populated; per-appearance masked status completed
entrants.csv,RR2018W;sonya-deville,CHANGED,promotion_at_event;promotion_at_event_status;wrestled_masked;source_ids,event-era WWE/WWF brand or promotion affiliation populated; per-appearance masked status completed
entrants.csv,RR2018W;tamina,CHANGED,promotion_at_event;promotion_at_event_status;wrestled_masked;source_ids,event-era WWE/WWF brand or promotion affiliation populated; per-appearance masked status completed
entrants.csv,RR2018W;torrie-wilson,CHANGED,promotion_at_event;promotion_at_event_status;wrestled_masked;source_ids,event-era WWE/WWF brand or promotion affiliation populated; per-appearance masked status completed
entrants.csv,RR2018W;trish-stratus,CHANGED,promotion_at_event;promotion_at_event_status;wrestled_masked;source_ids,event-era WWE/WWF brand or promotion affiliation populated; per-appearance masked status completed
entrants.csv,RR2018W;vickie-guerrero,CHANGED,promotion_at_event;promotion_at_event_status;wrestled_masked;source_ids,event-era WWE/WWF brand or promotion affiliation populated; per-appearance masked status completed
entrants.csv,RR2019M;aleister-black,CHANGED,promotion_at_event;promotion_at_event_status;wrestled_masked;source_ids,event-era WWE/WWF brand or promotion affiliation populated; per-appearance masked status completed
entrants.csv,RR2019M;andrade,CHANGED,promotion_at_event;promotion_at_event_status;wrestled_masked;source_ids,event-era WWE/WWF brand or promotion affiliation populated; per-appearance masked status completed
entrants.csv,RR2019M;apollo-crews,CHANGED,promotion_at_event;promotion_at_event_status;wrestled_masked;source_ids,event-era WWE/WWF brand or promotion affiliation populated; per-appearance masked status completed
entrants.csv,RR2019M;baron-corbin,CHANGED,promotion_at_event;promotion_at_event_status;wrestled_masked;source_ids,event-era WWE/WWF brand or promotion affiliation populated; per-appearance masked status completed
entrants.csv,RR2019M;big-e,CHANGED,promotion_at_event;promotion_at_event_status;wrestled_masked;source_ids,event-era WWE/WWF brand or promotion affiliation populated; per-appearance masked status completed
entrants.csv,RR2019M;bobby-lashley,CHANGED,promotion_at_event;promotion_at_event_status;wrestled_masked;source_ids,event-era WWE/WWF brand or promotion affiliation populated; per-appearance masked status completed
entrants.csv,RR2019M;braun-strowman,CHANGED,promotion_at_event;promotion_at_event_status;wrestled_masked;source_ids,event-era WWE/WWF brand or promotion affiliation populated; per-appearance masked status completed
entrants.csv,RR2019M;curt-hawkins,CHANGED,promotion_at_event;promotion_at_event_status;wrestled_masked;source_ids,event-era WWE/WWF brand or promotion affiliation populated; per-appearance masked status completed
entrants.csv,RR2019M;dean-ambrose,CHANGED,promotion_at_event;promotion_at_event_status;wrestled_masked;source_ids,event-era WWE/WWF brand or promotion affiliation populated; per-appearance masked status completed
entrants.csv,RR2019M;dolph-ziggler,CHANGED,promotion_at_event;promotion_at_event_status;wrestled_masked;source_ids,event-era WWE/WWF brand or promotion affiliation populated; per-appearance masked status completed
entrants.csv,RR2019M;drew-mcintyre,CHANGED,promotion_at_event;promotion_at_event_status;wrestled_masked;source_ids,event-era WWE/WWF brand or promotion affiliation populated; per-appearance masked status completed
entrants.csv,RR2019M;elias,CHANGED,promotion_at_event;promotion_at_event_status;wrestled_masked;source_ids,event-era WWE/WWF brand or promotion affiliation populated; per-appearance masked status completed
entrants.csv,RR2019M;jeff-hardy,CHANGED,promotion_at_event;promotion_at_event_status;wrestled_masked;source_ids,event-era WWE/WWF brand or promotion affiliation populated; per-appearance masked status completed
entrants.csv,RR2019M;jeff-jarrett,CHANGED,promotion_at_event;promotion_at_event_status;wrestled_masked;source_ids,event-era WWE/WWF brand or promotion affiliation populated; per-appearance masked status completed
entrants.csv,RR2019M;jinder-mahal,CHANGED,promotion_at_event;promotion_at_event_status;wrestled_masked;source_ids,event-era WWE/WWF brand or promotion affiliation populated; per-appearance masked status completed
entrants.csv,RR2019M;johnny-gargano,CHANGED,promotion_at_event;promotion_at_event_status;wrestled_masked;source_ids,event-era WWE/WWF brand or promotion affiliation populated; per-appearance masked status completed
entrants.csv,RR2019M;kofi-kingston,CHANGED,promotion_at_event;promotion_at_event_status;wrestled_masked;source_ids,event-era WWE/WWF brand or promotion affiliation populated; per-appearance masked status completed
entrants.csv,RR2019M;kurt-angle,CHANGED,promotion_at_event;promotion_at_event_status;wrestled_masked;source_ids,event-era WWE/WWF brand or promotion affiliation populated; per-appearance masked status completed
entrants.csv,RR2019M;mustafa-ali,CHANGED,promotion_at_event;promotion_at_event_status;wrestled_masked;source_ids,event-era WWE/WWF brand or promotion affiliation populated; per-appearance masked status completed
entrants.csv,RR2019M;nia-jax,CHANGED,promotion_at_event;promotion_at_event_status;wrestled_masked;source_ids,event-era WWE/WWF brand or promotion affiliation populated; per-appearance masked status completed
entrants.csv,RR2019M;no-way-jose,CHANGED,promotion_at_event;promotion_at_event_status;wrestled_masked;source_ids,event-era WWE/WWF brand or promotion affiliation populated; per-appearance masked status completed
entrants.csv,RR2019M;pete-dunne,CHANGED,promotion_at_event;promotion_at_event_status;wrestled_masked;source_ids,event-era WWE/WWF brand or promotion affiliation populated; per-appearance masked status completed
entrants.csv,RR2019M;randy-orton,CHANGED,promotion_at_event;promotion_at_event_status;wrestled_masked;source_ids,event-era WWE/WWF brand or promotion affiliation populated; per-appearance masked status completed
entrants.csv,RR2019M;rey-mysterio,CHANGED,promotion_at_event;promotion_at_event_status;wrestled_masked;source_ids,event-era WWE/WWF brand or promotion affiliation populated; per-appearance masked status completed
entrants.csv,RR2019M;samoa-joe,CHANGED,promotion_at_event;promotion_at_event_status;wrestled_masked;source_ids,event-era WWE/WWF brand or promotion affiliation populated; per-appearance masked status completed
entrants.csv,RR2019M;seth-rollins,CHANGED,promotion_at_event;promotion_at_event_status;wrestled_masked;source_ids,event-era WWE/WWF brand or promotion affiliation populated; per-appearance masked status completed
entrants.csv,RR2019M;shelton-benjamin,CHANGED,promotion_at_event;promotion_at_event_status;wrestled_masked;source_ids,event-era WWE/WWF brand or promotion affiliation populated; per-appearance masked status completed
entrants.csv,RR2019M;shinsuke-nakamura,CHANGED,promotion_at_event;promotion_at_event_status;wrestled_masked;source_ids,event-era WWE/WWF brand or promotion affiliation populated; per-appearance masked status completed
entrants.csv,RR2019M;titus-oneil,CHANGED,promotion_at_event;promotion_at_event_status;wrestled_masked;source_ids,event-era WWE/WWF brand or promotion affiliation populated; per-appearance masked status completed
entrants.csv,RR2019M;xavier-woods,CHANGED,promotion_at_event;promotion_at_event_status;wrestled_masked;source_ids,event-era WWE/WWF brand or promotion affiliation populated; per-appearance masked status completed
entrants.csv,RR2019W;alexa-bliss,CHANGED,promotion_at_event;promotion_at_event_status;wrestled_masked;source_ids,event-era WWE/WWF brand or promotion affiliation populated; per-appearance masked status completed
entrants.csv,RR2019W;alicia-fox,CHANGED,promotion_at_event;promotion_at_event_status;wrestled_masked;source_ids,event-era WWE/WWF brand or promotion affiliation populated; per-appearance masked status completed
entrants.csv,RR2019W;bayley,CHANGED,promotion_at_event;promotion_at_event_status;wrestled_masked;source_ids,event-era WWE/WWF brand or promotion affiliation populated; per-appearance masked status completed
entrants.csv,RR2019W;becky-lynch,CHANGED,promotion_at_event;promotion_at_event_status;wrestled_masked;source_ids,event-era WWE/WWF brand or promotion affiliation populated; per-appearance masked status completed
entrants.csv,RR2019W;billie-kay,CHANGED,promotion_at_event;promotion_at_event_status;wrestled_masked;source_ids,event-era WWE/WWF brand or promotion affiliation populated; per-appearance masked status completed
entrants.csv,RR2019W;candice-lerae,CHANGED,promotion_at_event;promotion_at_event_status;wrestled_masked;source_ids,event-era WWE/WWF brand or promotion affiliation populated; per-appearance masked status completed
entrants.csv,RR2019W;carmella,CHANGED,promotion_at_event;promotion_at_event_status;wrestled_masked;source_ids,event-era WWE/WWF brand or promotion affiliation populated; per-appearance masked status completed
entrants.csv,RR2019W;charlotte-flair,CHANGED,promotion_at_event;promotion_at_event_status;wrestled_masked;source_ids,event-era WWE/WWF brand or promotion affiliation populated; per-appearance masked status completed
entrants.csv,RR2019W;dana-brooke,CHANGED,promotion_at_event;promotion_at_event_status;wrestled_masked;source_ids,event-era WWE/WWF brand or promotion affiliation populated; per-appearance masked status completed
entrants.csv,RR2019W;ember-moon,CHANGED,promotion_at_event;promotion_at_event_status;wrestled_masked;source_ids,event-era WWE/WWF brand or promotion affiliation populated; per-appearance masked status completed
entrants.csv,RR2019W;io-shirai,CHANGED,promotion_at_event;promotion_at_event_status;wrestled_masked;source_ids,event-era WWE/WWF brand or promotion affiliation populated; per-appearance masked status completed
entrants.csv,RR2019W;kacy-catanzaro,CHANGED,promotion_at_event;promotion_at_event_status;wrestled_masked;source_ids,event-era WWE/WWF brand or promotion affiliation populated; per-appearance masked status completed
entrants.csv,RR2019W;kairi-sane,CHANGED,promotion_at_event;promotion_at_event_status;wrestled_masked;source_ids,event-era WWE/WWF brand or promotion affiliation populated; per-appearance masked status completed
entrants.csv,RR2019W;lacey-evans,CHANGED,promotion_at_event;promotion_at_event_status;wrestled_masked;source_ids,event-era WWE/WWF brand or promotion affiliation populated; per-appearance masked status completed
entrants.csv,RR2019W;liv-morgan,CHANGED,promotion_at_event;promotion_at_event_status;wrestled_masked;source_ids,event-era WWE/WWF brand or promotion affiliation populated; per-appearance masked status completed
entrants.csv,RR2019W;mandy-rose,CHANGED,promotion_at_event;promotion_at_event_status;wrestled_masked;source_ids,event-era WWE/WWF brand or promotion affiliation populated; per-appearance masked status completed
entrants.csv,RR2019W;maria-kanellis,CHANGED,promotion_at_event;promotion_at_event_status;wrestled_masked;source_ids,event-era WWE/WWF brand or promotion affiliation populated; per-appearance masked status completed
entrants.csv,RR2019W;mickie-james,CHANGED,promotion_at_event;promotion_at_event_status;wrestled_masked;source_ids,event-era WWE/WWF brand or promotion affiliation populated; per-appearance masked status completed
entrants.csv,RR2019W;naomi,CHANGED,promotion_at_event;promotion_at_event_status;wrestled_masked;source_ids,event-era WWE/WWF brand or promotion affiliation populated; per-appearance masked status completed
entrants.csv,RR2019W;natalya,CHANGED,promotion_at_event;promotion_at_event_status;wrestled_masked;source_ids,event-era WWE/WWF brand or promotion affiliation populated; per-appearance masked status completed
entrants.csv,RR2019W;nia-jax,CHANGED,promotion_at_event;promotion_at_event_status;wrestled_masked;source_ids,event-era WWE/WWF brand or promotion affiliation populated; per-appearance masked status completed
entrants.csv,RR2019W;nikki-cross,CHANGED,promotion_at_event;promotion_at_event_status;wrestled_masked;source_ids,event-era WWE/WWF brand or promotion affiliation populated; per-appearance masked status completed
entrants.csv,RR2019W;peyton-royce,CHANGED,promotion_at_event;promotion_at_event_status;wrestled_masked;source_ids,event-era WWE/WWF brand or promotion affiliation populated; per-appearance masked status completed
entrants.csv,RR2019W;rhea-ripley,CHANGED,promotion_at_event;promotion_at_event_status;wrestled_masked;source_ids,event-era WWE/WWF brand or promotion affiliation populated; per-appearance masked status completed
entrants.csv,RR2019W;ruby-riott,CHANGED,promotion_at_event;promotion_at_event_status;wrestled_masked;source_ids,event-era WWE/WWF brand or promotion affiliation populated; per-appearance masked status completed
entrants.csv,RR2019W;sarah-logan,CHANGED,promotion_at_event;promotion_at_event_status;wrestled_masked;source_ids,event-era WWE/WWF brand or promotion affiliation populated; per-appearance masked status completed
entrants.csv,RR2019W;sonya-deville,CHANGED,promotion_at_event;promotion_at_event_status;wrestled_masked;source_ids,event-era WWE/WWF brand or promotion affiliation populated; per-appearance masked status completed
entrants.csv,RR2019W;tamina,CHANGED,promotion_at_event;promotion_at_event_status;wrestled_masked;source_ids,event-era WWE/WWF brand or promotion affiliation populated; per-appearance masked status completed
entrants.csv,RR2019W;xia-li,CHANGED,promotion_at_event;promotion_at_event_status;wrestled_masked;source_ids,event-era WWE/WWF brand or promotion affiliation populated; per-appearance masked status completed
entrants.csv,RR2019W;zelina-vega,CHANGED,billed_weight_kg_at_event;promotion_at_event;promotion_at_event_status;wrestled_masked;source_ids,event-era WWE/WWF brand or promotion affiliation populated; per-appearance masked status completed; residual sourced billed weight populated
entrants.csv,RR2020M;aj-styles,CHANGED,promotion_at_event;promotion_at_event_status;wrestled_masked;source_ids,event-era WWE/WWF brand or promotion affiliation populated; per-appearance masked status completed
entrants.csv,RR2020M;aleister-black,CHANGED,promotion_at_event;promotion_at_event_status;wrestled_masked;source_ids,event-era WWE/WWF brand or promotion affiliation populated; per-appearance masked status completed
entrants.csv,RR2020M;baron-corbin,CHANGED,promotion_at_event;promotion_at_event_status;wrestled_masked;source_ids,event-era WWE/WWF brand or promotion affiliation populated; per-appearance masked status completed
entrants.csv,RR2020M;big-e,CHANGED,promotion_at_event;promotion_at_event_status;wrestled_masked;source_ids,event-era WWE/WWF brand or promotion affiliation populated; per-appearance masked status completed
entrants.csv,RR2020M;braun-strowman,CHANGED,promotion_at_event;promotion_at_event_status;wrestled_masked;source_ids,event-era WWE/WWF brand or promotion affiliation populated; per-appearance masked status completed
entrants.csv,RR2020M;brock-lesnar,CHANGED,promotion_at_event;promotion_at_event_status;wrestled_masked;source_ids,event-era WWE/WWF brand or promotion affiliation populated; per-appearance masked status completed
entrants.csv,RR2020M;cesaro,CHANGED,promotion_at_event;promotion_at_event_status;wrestled_masked;source_ids,event-era WWE/WWF brand or promotion affiliation populated; per-appearance masked status completed
entrants.csv,RR2020M;dolph-ziggler,CHANGED,promotion_at_event;promotion_at_event_status;wrestled_masked;source_ids,event-era WWE/WWF brand or promotion affiliation populated; per-appearance masked status completed
entrants.csv,RR2020M;drew-mcintyre,CHANGED,promotion_at_event;promotion_at_event_status;wrestled_masked;source_ids,event-era WWE/WWF brand or promotion affiliation populated; per-appearance masked status completed
entrants.csv,RR2020M;edge,CHANGED,promotion_at_event;promotion_at_event_status;wrestled_masked;source_ids,event-era WWE/WWF brand or promotion affiliation populated; per-appearance masked status completed
entrants.csv,RR2020M;elias,CHANGED,promotion_at_event;promotion_at_event_status;wrestled_masked;source_ids,event-era WWE/WWF brand or promotion affiliation populated; per-appearance masked status completed
entrants.csv,RR2020M;erick-rowan,CHANGED,promotion_at_event;promotion_at_event_status;wrestled_masked;source_ids,event-era WWE/WWF brand or promotion affiliation populated; per-appearance masked status completed
entrants.csv,RR2020M;john-morrison,CHANGED,promotion_at_event;promotion_at_event_status;wrestled_masked;source_ids,event-era WWE/WWF brand or promotion affiliation populated; per-appearance masked status completed
entrants.csv,RR2020M;karl-anderson,CHANGED,promotion_at_event;promotion_at_event_status;wrestled_masked;source_ids,event-era WWE/WWF brand or promotion affiliation populated; per-appearance masked status completed
entrants.csv,RR2020M;keith-lee,CHANGED,promotion_at_event;promotion_at_event_status;wrestled_masked;source_ids,event-era WWE/WWF brand or promotion affiliation populated; per-appearance masked status completed
entrants.csv,RR2020M;kevin-owens,CHANGED,promotion_at_event;promotion_at_event_status;wrestled_masked;source_ids,event-era WWE/WWF brand or promotion affiliation populated; per-appearance masked status completed
entrants.csv,RR2020M;kofi-kingston,CHANGED,promotion_at_event;promotion_at_event_status;wrestled_masked;source_ids,event-era WWE/WWF brand or promotion affiliation populated; per-appearance masked status completed
entrants.csv,RR2020M;luke-gallows,CHANGED,promotion_at_event;promotion_at_event_status;wrestled_masked;source_ids,event-era WWE/WWF brand or promotion affiliation populated; per-appearance masked status completed
entrants.csv,RR2020M;matt-riddle,CHANGED,promotion_at_event;promotion_at_event_status;wrestled_masked;source_ids,event-era WWE/WWF brand or promotion affiliation populated; per-appearance masked status completed
entrants.csv,RR2020M;mvp,CHANGED,promotion_at_event;promotion_at_event_status;wrestled_masked;source_ids,event-era WWE/WWF brand or promotion affiliation populated; per-appearance masked status completed
entrants.csv,RR2020M;randy-orton,CHANGED,promotion_at_event;promotion_at_event_status;wrestled_masked;source_ids,event-era WWE/WWF brand or promotion affiliation populated; per-appearance masked status completed
entrants.csv,RR2020M;rey-mysterio,CHANGED,promotion_at_event;promotion_at_event_status;wrestled_masked;source_ids,event-era WWE/WWF brand or promotion affiliation populated; per-appearance masked status completed
entrants.csv,RR2020M;ricochet,CHANGED,promotion_at_event;promotion_at_event_status;wrestled_masked;source_ids,event-era WWE/WWF brand or promotion affiliation populated; per-appearance masked status completed
entrants.csv,RR2020M;robert-roode,CHANGED,promotion_at_event;promotion_at_event_status;wrestled_masked;source_ids,event-era WWE/WWF brand or promotion affiliation populated; per-appearance masked status completed
entrants.csv,RR2020M;roman-reigns,CHANGED,promotion_at_event;promotion_at_event_status;wrestled_masked;source_ids,event-era WWE/WWF brand or promotion affiliation populated; per-appearance masked status completed
entrants.csv,RR2020M;samoa-joe,CHANGED,promotion_at_event;promotion_at_event_status;wrestled_masked;source_ids,event-era WWE/WWF brand or promotion affiliation populated; per-appearance masked status completed
entrants.csv,RR2020M;seth-rollins,CHANGED,promotion_at_event;promotion_at_event_status;wrestled_masked;source_ids,event-era WWE/WWF brand or promotion affiliation populated; per-appearance masked status completed
entrants.csv,RR2020M;shelton-benjamin,CHANGED,promotion_at_event;promotion_at_event_status;wrestled_masked;source_ids,event-era WWE/WWF brand or promotion affiliation populated; per-appearance masked status completed
entrants.csv,RR2020M;shinsuke-nakamura,CHANGED,promotion_at_event;promotion_at_event_status;wrestled_masked;source_ids,event-era WWE/WWF brand or promotion affiliation populated; per-appearance masked status completed
entrants.csv,RR2020M;the-miz,CHANGED,promotion_at_event;promotion_at_event_status;wrestled_masked;source_ids,event-era WWE/WWF brand or promotion affiliation populated; per-appearance masked status completed
entrants.csv,RR2020W;alexa-bliss,CHANGED,promotion_at_event;promotion_at_event_status;wrestled_masked;source_ids,event-era WWE/WWF brand or promotion affiliation populated; per-appearance masked status completed
entrants.csv,RR2020W;beth-phoenix,CHANGED,promotion_at_event;promotion_at_event_status;wrestled_masked;source_ids,event-era WWE/WWF brand or promotion affiliation populated; per-appearance masked status completed
entrants.csv,RR2020W;bianca-belair,CHANGED,promotion_at_event;promotion_at_event_status;wrestled_masked;source_ids,event-era WWE/WWF brand or promotion affiliation populated; per-appearance masked status completed
entrants.csv,RR2020W;candice-lerae,CHANGED,promotion_at_event;promotion_at_event_status;wrestled_masked;source_ids,event-era WWE/WWF brand or promotion affiliation populated; per-appearance masked status completed
entrants.csv,RR2020W;carmella,CHANGED,promotion_at_event;promotion_at_event_status;wrestled_masked;source_ids,event-era WWE/WWF brand or promotion affiliation populated; per-appearance masked status completed
entrants.csv,RR2020W;charlotte-flair,CHANGED,promotion_at_event;promotion_at_event_status;wrestled_masked;source_ids,event-era WWE/WWF brand or promotion affiliation populated; per-appearance masked status completed
entrants.csv,RR2020W;chelsea-green,CHANGED,promotion_at_event;promotion_at_event_status;wrestled_masked;source_ids,event-era WWE/WWF brand or promotion affiliation populated; per-appearance masked status completed
entrants.csv,RR2020W;dakota-kai,CHANGED,promotion_at_event;promotion_at_event_status;wrestled_masked;source_ids,event-era WWE/WWF brand or promotion affiliation populated; per-appearance masked status completed
entrants.csv,RR2020W;dana-brooke,CHANGED,promotion_at_event;promotion_at_event_status;wrestled_masked;source_ids,event-era WWE/WWF brand or promotion affiliation populated; per-appearance masked status completed
entrants.csv,RR2020W;kairi-sane,CHANGED,promotion_at_event;promotion_at_event_status;wrestled_masked;source_ids,event-era WWE/WWF brand or promotion affiliation populated; per-appearance masked status completed
entrants.csv,RR2020W;kelly-kelly,CHANGED,promotion_at_event;promotion_at_event_status;wrestled_masked;source_ids,event-era WWE/WWF brand or promotion affiliation populated; per-appearance masked status completed
entrants.csv,RR2020W;lana,CHANGED,promotion_at_event;promotion_at_event_status;wrestled_masked;source_ids,event-era WWE/WWF brand or promotion affiliation populated; per-appearance masked status completed
entrants.csv,RR2020W;liv-morgan,CHANGED,promotion_at_event;promotion_at_event_status;wrestled_masked;source_ids,event-era WWE/WWF brand or promotion affiliation populated; per-appearance masked status completed
entrants.csv,RR2020W;mandy-rose,CHANGED,promotion_at_event;promotion_at_event_status;wrestled_masked;source_ids,event-era WWE/WWF brand or promotion affiliation populated; per-appearance masked status completed
entrants.csv,RR2020W;mercedes-martinez,CHANGED,promotion_at_event;promotion_at_event_status;wrestled_masked;source_ids,event-era WWE/WWF brand or promotion affiliation populated; per-appearance masked status completed
entrants.csv,RR2020W;mia-yim,CHANGED,promotion_at_event;promotion_at_event_status;wrestled_masked;source_ids,event-era WWE/WWF brand or promotion affiliation populated; per-appearance masked status completed
entrants.csv,RR2020W;molly-holly,CHANGED,promotion_at_event;promotion_at_event_status;wrestled_masked;source_ids,event-era WWE/WWF brand or promotion affiliation populated; per-appearance masked status completed
entrants.csv,RR2020W;naomi,CHANGED,promotion_at_event;promotion_at_event_status;wrestled_masked;source_ids,event-era WWE/WWF brand or promotion affiliation populated; per-appearance masked status completed
entrants.csv,RR2020W;natalya,CHANGED,promotion_at_event;promotion_at_event_status;wrestled_masked;source_ids,event-era WWE/WWF brand or promotion affiliation populated; per-appearance masked status completed
entrants.csv,RR2020W;nikki-cross,CHANGED,promotion_at_event;promotion_at_event_status;wrestled_masked;source_ids,event-era WWE/WWF brand or promotion affiliation populated; per-appearance masked status completed
entrants.csv,RR2020W;santino-marella,CHANGED,promotion_at_event;promotion_at_event_status;wrestled_masked;source_ids,event-era WWE/WWF brand or promotion affiliation populated; per-appearance masked status completed
entrants.csv,RR2020W;sarah-logan,CHANGED,promotion_at_event;promotion_at_event_status;wrestled_masked;source_ids,event-era WWE/WWF brand or promotion affiliation populated; per-appearance masked status completed
entrants.csv,RR2020W;shayna-baszler,CHANGED,promotion_at_event;promotion_at_event_status;wrestled_masked;source_ids,event-era WWE/WWF brand or promotion affiliation populated; per-appearance masked status completed
entrants.csv,RR2020W;shotzi-blackheart,CHANGED,promotion_at_event;promotion_at_event_status;wrestled_masked;source_ids,event-era WWE/WWF brand or promotion affiliation populated; per-appearance masked status completed
entrants.csv,RR2020W;sonya-deville,CHANGED,promotion_at_event;promotion_at_event_status;wrestled_masked;source_ids,event-era WWE/WWF brand or promotion affiliation populated; per-appearance masked status completed
entrants.csv,RR2020W;tamina,CHANGED,promotion_at_event;promotion_at_event_status;wrestled_masked;source_ids,event-era WWE/WWF brand or promotion affiliation populated; per-appearance masked status completed
entrants.csv,RR2020W;tegan-nox,CHANGED,promotion_at_event;promotion_at_event_status;wrestled_masked;source_ids,event-era WWE/WWF brand or promotion affiliation populated; per-appearance masked status completed
entrants.csv,RR2020W;toni-storm,CHANGED,promotion_at_event;promotion_at_event_status;wrestled_masked;source_ids,event-era WWE/WWF brand or promotion affiliation populated; per-appearance masked status completed
entrants.csv,RR2020W;xia-li,CHANGED,promotion_at_event;promotion_at_event_status;wrestled_masked;source_ids,event-era WWE/WWF brand or promotion affiliation populated; per-appearance masked status completed
entrants.csv,RR2020W;zelina-vega,CHANGED,billed_weight_kg_at_event;promotion_at_event;promotion_at_event_status;wrestled_masked;source_ids,event-era WWE/WWF brand or promotion affiliation populated; per-appearance masked status completed; residual sourced billed weight populated
entrants.csv,RR2021M;aj-styles,CHANGED,promotion_at_event;promotion_at_event_status;wrestled_masked;source_ids,event-era WWE/WWF brand or promotion affiliation populated; per-appearance masked status completed
entrants.csv,RR2021M;baron-corbin,CHANGED,promotion_at_event;promotion_at_event_status;wrestled_masked;source_ids,event-era WWE/WWF brand or promotion affiliation populated; per-appearance masked status completed
entrants.csv,RR2021M;big-e,CHANGED,promotion_at_event;promotion_at_event_status;wrestled_masked;source_ids,event-era WWE/WWF brand or promotion affiliation populated; per-appearance masked status completed
entrants.csv,RR2021M;bobby-lashley,CHANGED,promotion_at_event;promotion_at_event_status;wrestled_masked;source_ids,event-era WWE/WWF brand or promotion affiliation populated; per-appearance masked status completed
entrants.csv,RR2021M;braun-strowman,CHANGED,promotion_at_event;promotion_at_event_status;wrestled_masked;source_ids,event-era WWE/WWF brand or promotion affiliation populated; per-appearance masked status completed
entrants.csv,RR2021M;carlito,CHANGED,promotion_at_event;promotion_at_event_status;wrestled_masked;source_ids,event-era WWE/WWF brand or promotion affiliation populated; per-appearance masked status completed
entrants.csv,RR2021M;cesaro,CHANGED,promotion_at_event;promotion_at_event_status;wrestled_masked;source_ids,event-era WWE/WWF brand or promotion affiliation populated; per-appearance masked status completed
entrants.csv,RR2021M;christian,CHANGED,promotion_at_event;promotion_at_event_status;wrestled_masked;source_ids,event-era WWE/WWF brand or promotion affiliation populated; per-appearance masked status completed
entrants.csv,RR2021M;damian-priest,CHANGED,promotion_at_event;promotion_at_event_status;wrestled_masked;source_ids,event-era WWE/WWF brand or promotion affiliation populated; per-appearance masked status completed
entrants.csv,RR2021M;daniel-bryan,CHANGED,promotion_at_event;promotion_at_event_status;wrestled_masked;source_ids,event-era WWE/WWF brand or promotion affiliation populated; per-appearance masked status completed
entrants.csv,RR2021M;dolph-ziggler,CHANGED,promotion_at_event;promotion_at_event_status;wrestled_masked;source_ids,event-era WWE/WWF brand or promotion affiliation populated; per-appearance masked status completed
entrants.csv,RR2021M;dominik-mysterio,CHANGED,promotion_at_event;promotion_at_event_status;wrestled_masked;source_ids,event-era WWE/WWF brand or promotion affiliation populated; per-appearance masked status completed
entrants.csv,RR2021M;edge,CHANGED,promotion_at_event;promotion_at_event_status;wrestled_masked;source_ids,event-era WWE/WWF brand or promotion affiliation populated; per-appearance masked status completed
entrants.csv,RR2021M;elias,CHANGED,promotion_at_event;promotion_at_event_status;wrestled_masked;source_ids,event-era WWE/WWF brand or promotion affiliation populated; per-appearance masked status completed
entrants.csv,RR2021M;jeff-hardy,CHANGED,promotion_at_event;promotion_at_event_status;wrestled_masked;source_ids,event-era WWE/WWF brand or promotion affiliation populated; per-appearance masked status completed
entrants.csv,RR2021M;john-morrison,CHANGED,promotion_at_event;promotion_at_event_status;wrestled_masked;source_ids,event-era WWE/WWF brand or promotion affiliation populated; per-appearance masked status completed
entrants.csv,RR2021M;kane,CHANGED,promotion_at_event;promotion_at_event_status;wrestled_masked;source_ids,event-era WWE/WWF brand or promotion affiliation populated; per-appearance masked status completed
entrants.csv,RR2021M;matt-riddle,CHANGED,promotion_at_event;promotion_at_event_status;wrestled_masked;source_ids,event-era WWE/WWF brand or promotion affiliation populated; per-appearance masked status completed
entrants.csv,RR2021M;mustafa-ali,CHANGED,promotion_at_event;promotion_at_event_status;wrestled_masked;source_ids,event-era WWE/WWF brand or promotion affiliation populated; per-appearance masked status completed
entrants.csv,RR2021M;otis,CHANGED,promotion_at_event;promotion_at_event_status;wrestled_masked;source_ids,event-era WWE/WWF brand or promotion affiliation populated; per-appearance masked status completed
entrants.csv,RR2021M;randy-orton,CHANGED,promotion_at_event;promotion_at_event_status;wrestled_masked;source_ids,event-era WWE/WWF brand or promotion affiliation populated; per-appearance masked status completed
entrants.csv,RR2021M;rey-mysterio,CHANGED,promotion_at_event;promotion_at_event_status;wrestled_masked;source_ids,event-era WWE/WWF brand or promotion affiliation populated; per-appearance masked status completed
entrants.csv,RR2021M;ricochet,CHANGED,promotion_at_event;promotion_at_event_status;wrestled_masked;source_ids,event-era WWE/WWF brand or promotion affiliation populated; per-appearance masked status completed
entrants.csv,RR2021M;sami-zayn,CHANGED,promotion_at_event;promotion_at_event_status;wrestled_masked;source_ids,event-era WWE/WWF brand or promotion affiliation populated; per-appearance masked status completed
entrants.csv,RR2021M;seth-rollins,CHANGED,promotion_at_event;promotion_at_event_status;wrestled_masked;source_ids,event-era WWE/WWF brand or promotion affiliation populated; per-appearance masked status completed
entrants.csv,RR2021M;sheamus,CHANGED,promotion_at_event;promotion_at_event_status;wrestled_masked;source_ids,event-era WWE/WWF brand or promotion affiliation populated; per-appearance masked status completed
entrants.csv,RR2021M;shinsuke-nakamura,CHANGED,promotion_at_event;promotion_at_event_status;wrestled_masked;source_ids,event-era WWE/WWF brand or promotion affiliation populated; per-appearance masked status completed
entrants.csv,RR2021M;the-hurricane,CHANGED,promotion_at_event;promotion_at_event_status;wrestled_masked;source_ids,event-era WWE/WWF brand or promotion affiliation populated; per-appearance masked status completed
entrants.csv,RR2021M;the-miz,CHANGED,promotion_at_event;promotion_at_event_status;wrestled_masked;source_ids,event-era WWE/WWF brand or promotion affiliation populated; per-appearance masked status completed
entrants.csv,RR2021M;xavier-woods,CHANGED,promotion_at_event;promotion_at_event_status;wrestled_masked;source_ids,event-era WWE/WWF brand or promotion affiliation populated; per-appearance masked status completed
entrants.csv,RR2021W;alexa-bliss,CHANGED,promotion_at_event;promotion_at_event_status;wrestled_masked;source_ids,event-era WWE/WWF brand or promotion affiliation populated; per-appearance masked status completed
entrants.csv,RR2021W;alicia-fox,CHANGED,promotion_at_event;promotion_at_event_status;wrestled_masked;source_ids,event-era WWE/WWF brand or promotion affiliation populated; per-appearance masked status completed
entrants.csv,RR2021W;bayley,CHANGED,promotion_at_event;promotion_at_event_status;wrestled_masked;source_ids,event-era WWE/WWF brand or promotion affiliation populated; per-appearance masked status completed
entrants.csv,RR2021W;bianca-belair,CHANGED,promotion_at_event;promotion_at_event_status;wrestled_masked;source_ids,event-era WWE/WWF brand or promotion affiliation populated; per-appearance masked status completed
entrants.csv,RR2021W;billie-kay,CHANGED,promotion_at_event;promotion_at_event_status;wrestled_masked;source_ids,event-era WWE/WWF brand or promotion affiliation populated; per-appearance masked status completed
entrants.csv,RR2021W;carmella,CHANGED,promotion_at_event;promotion_at_event_status;wrestled_masked;source_ids,event-era WWE/WWF brand or promotion affiliation populated; per-appearance masked status completed
entrants.csv,RR2021W;charlotte-flair,CHANGED,promotion_at_event;promotion_at_event_status;wrestled_masked;source_ids,event-era WWE/WWF brand or promotion affiliation populated; per-appearance masked status completed
entrants.csv,RR2021W;dakota-kai,CHANGED,promotion_at_event;promotion_at_event_status;wrestled_masked;source_ids,event-era WWE/WWF brand or promotion affiliation populated; per-appearance masked status completed
entrants.csv,RR2021W;dana-brooke,CHANGED,promotion_at_event;promotion_at_event_status;wrestled_masked;source_ids,event-era WWE/WWF brand or promotion affiliation populated; per-appearance masked status completed
entrants.csv,RR2021W;ember-moon,CHANGED,promotion_at_event;promotion_at_event_status;wrestled_masked;source_ids,event-era WWE/WWF brand or promotion affiliation populated; per-appearance masked status completed
entrants.csv,RR2021W;jillian-hall,CHANGED,promotion_at_event;promotion_at_event_status;wrestled_masked;source_ids,event-era WWE/WWF brand or promotion affiliation populated; per-appearance masked status completed
entrants.csv,RR2021W;lacey-evans,CHANGED,promotion_at_event;promotion_at_event_status;wrestled_masked;source_ids,event-era WWE/WWF brand or promotion affiliation populated; per-appearance masked status completed
entrants.csv,RR2021W;lana,CHANGED,promotion_at_event;promotion_at_event_status;wrestled_masked;source_ids,event-era WWE/WWF brand or promotion affiliation populated; per-appearance masked status completed
entrants.csv,RR2021W;liv-morgan,CHANGED,promotion_at_event;promotion_at_event_status;wrestled_masked;source_ids,event-era WWE/WWF brand or promotion affiliation populated; per-appearance masked status completed
entrants.csv,RR2021W;mandy-rose,CHANGED,promotion_at_event;promotion_at_event_status;wrestled_masked;source_ids,event-era WWE/WWF brand or promotion affiliation populated; per-appearance masked status completed
entrants.csv,RR2021W;mickie-james,CHANGED,promotion_at_event;promotion_at_event_status;wrestled_masked;source_ids,event-era WWE/WWF brand or promotion affiliation populated; per-appearance masked status completed
entrants.csv,RR2021W;naomi,CHANGED,promotion_at_event;promotion_at_event_status;wrestled_masked;source_ids,event-era WWE/WWF brand or promotion affiliation populated; per-appearance masked status completed
entrants.csv,RR2021W;natalya,CHANGED,promotion_at_event;promotion_at_event_status;wrestled_masked;source_ids,event-era WWE/WWF brand or promotion affiliation populated; per-appearance masked status completed
entrants.csv,RR2021W;nia-jax,CHANGED,promotion_at_event;promotion_at_event_status;wrestled_masked;source_ids,event-era WWE/WWF brand or promotion affiliation populated; per-appearance masked status completed
entrants.csv,RR2021W;nikki-cross,CHANGED,promotion_at_event;promotion_at_event_status;wrestled_masked;source_ids,event-era WWE/WWF brand or promotion affiliation populated; per-appearance masked status completed
entrants.csv,RR2021W;peyton-royce,CHANGED,promotion_at_event;promotion_at_event_status;wrestled_masked;source_ids,event-era WWE/WWF brand or promotion affiliation populated; per-appearance masked status completed
entrants.csv,RR2021W;rhea-ripley,CHANGED,promotion_at_event;promotion_at_event_status;wrestled_masked;source_ids,event-era WWE/WWF brand or promotion affiliation populated; per-appearance masked status completed
entrants.csv,RR2021W;ruby-riott,CHANGED,promotion_at_event;promotion_at_event_status;wrestled_masked;source_ids,event-era WWE/WWF brand or promotion affiliation populated; per-appearance masked status completed
entrants.csv,RR2021W;santana-garrett,CHANGED,promotion_at_event;promotion_at_event_status;wrestled_masked;source_ids,event-era WWE/WWF brand or promotion affiliation populated; per-appearance masked status completed
entrants.csv,RR2021W;shayna-baszler,CHANGED,promotion_at_event;promotion_at_event_status;wrestled_masked;source_ids,event-era WWE/WWF brand or promotion affiliation populated; per-appearance masked status completed
entrants.csv,RR2021W;shotzi-blackheart,CHANGED,promotion_at_event;promotion_at_event_status;wrestled_masked;source_ids,event-era WWE/WWF brand or promotion affiliation populated; per-appearance masked status completed
entrants.csv,RR2021W;tamina,CHANGED,promotion_at_event;promotion_at_event_status;wrestled_masked;source_ids,event-era WWE/WWF brand or promotion affiliation populated; per-appearance masked status completed
entrants.csv,RR2021W;toni-storm,CHANGED,promotion_at_event;promotion_at_event_status;wrestled_masked;source_ids,event-era WWE/WWF brand or promotion affiliation populated; per-appearance masked status completed
entrants.csv,RR2021W;torrie-wilson,CHANGED,promotion_at_event;promotion_at_event_status;wrestled_masked;source_ids,event-era WWE/WWF brand or promotion affiliation populated; per-appearance masked status completed
entrants.csv,RR2021W;victoria,CHANGED,promotion_at_event;promotion_at_event_status;wrestled_masked;source_ids,event-era WWE/WWF brand or promotion affiliation populated; per-appearance masked status completed
entrants.csv,RR2022M;aj-styles,CHANGED,promotion_at_event;promotion_at_event_status;wrestled_masked;source_ids,event-era WWE/WWF brand or promotion affiliation populated; per-appearance masked status completed
entrants.csv,RR2022M;angelo-dawkins,CHANGED,promotion_at_event;promotion_at_event_status;wrestled_masked;source_ids,event-era WWE/WWF brand or promotion affiliation populated; per-appearance masked status completed
entrants.csv,RR2022M;austin-theory,CHANGED,promotion_at_event;promotion_at_event_status;wrestled_masked;source_ids,event-era WWE/WWF brand or promotion affiliation populated; per-appearance masked status completed
entrants.csv,RR2022M;bad-bunny,CHANGED,promotion_at_event;promotion_at_event_status;wrestled_masked;source_ids,event-era WWE/WWF brand or promotion affiliation populated; per-appearance masked status completed
entrants.csv,RR2022M;baron-corbin,CHANGED,promotion_at_event;promotion_at_event_status;wrestled_masked;source_ids,event-era WWE/WWF brand or promotion affiliation populated; per-appearance masked status completed
entrants.csv,RR2022M;big-e,CHANGED,promotion_at_event;promotion_at_event_status;wrestled_masked;source_ids,event-era WWE/WWF brand or promotion affiliation populated; per-appearance masked status completed
entrants.csv,RR2022M;brock-lesnar,CHANGED,promotion_at_event;promotion_at_event_status;wrestled_masked;source_ids,event-era WWE/WWF brand or promotion affiliation populated; per-appearance masked status completed
entrants.csv,RR2022M;chad-gable,CHANGED,promotion_at_event;promotion_at_event_status;wrestled_masked;source_ids,event-era WWE/WWF brand or promotion affiliation populated; per-appearance masked status completed
entrants.csv,RR2022M;damian-priest,CHANGED,promotion_at_event;promotion_at_event_status;wrestled_masked;source_ids,event-era WWE/WWF brand or promotion affiliation populated; per-appearance masked status completed
entrants.csv,RR2022M;dolph-ziggler,CHANGED,promotion_at_event;promotion_at_event_status;wrestled_masked;source_ids,event-era WWE/WWF brand or promotion affiliation populated; per-appearance masked status completed
entrants.csv,RR2022M;dominik-mysterio,CHANGED,promotion_at_event;promotion_at_event_status;wrestled_masked;source_ids,event-era WWE/WWF brand or promotion affiliation populated; per-appearance masked status completed
entrants.csv,RR2022M;drew-mcintyre,CHANGED,promotion_at_event;promotion_at_event_status;wrestled_masked;source_ids,event-era WWE/WWF brand or promotion affiliation populated; per-appearance masked status completed
entrants.csv,RR2022M;johnny-knoxville,CHANGED,promotion_at_event;promotion_at_event_status;wrestled_masked;source_ids,event-era WWE/WWF brand or promotion affiliation populated; per-appearance masked status completed
entrants.csv,RR2022M;kevin-owens,CHANGED,promotion_at_event;promotion_at_event_status;wrestled_masked;source_ids,event-era WWE/WWF brand or promotion affiliation populated; per-appearance masked status completed
entrants.csv,RR2022M;kofi-kingston,CHANGED,promotion_at_event;promotion_at_event_status;wrestled_masked;source_ids,event-era WWE/WWF brand or promotion affiliation populated; per-appearance masked status completed
entrants.csv,RR2022M;matt-riddle,CHANGED,promotion_at_event;promotion_at_event_status;wrestled_masked;source_ids,event-era WWE/WWF brand or promotion affiliation populated; per-appearance masked status completed
entrants.csv,RR2022M;montez-ford,CHANGED,promotion_at_event;promotion_at_event_status;wrestled_masked;source_ids,event-era WWE/WWF brand or promotion affiliation populated; per-appearance masked status completed
entrants.csv,RR2022M;omos,CHANGED,promotion_at_event;promotion_at_event_status;wrestled_masked;source_ids,event-era WWE/WWF brand or promotion affiliation populated; per-appearance masked status completed
entrants.csv,RR2022M;otis,CHANGED,promotion_at_event;promotion_at_event_status;wrestled_masked;source_ids,event-era WWE/WWF brand or promotion affiliation populated; per-appearance masked status completed
entrants.csv,RR2022M;randy-orton,CHANGED,promotion_at_event;promotion_at_event_status;wrestled_masked;source_ids,event-era WWE/WWF brand or promotion affiliation populated; per-appearance masked status completed
entrants.csv,RR2022M;rey-mysterio,CHANGED,promotion_at_event;promotion_at_event_status;wrestled_masked;source_ids,event-era WWE/WWF brand or promotion affiliation populated; per-appearance masked status completed
entrants.csv,RR2022M;rick-boogs,CHANGED,promotion_at_event;promotion_at_event_status;wrestled_masked;source_ids,event-era WWE/WWF brand or promotion affiliation populated; per-appearance masked status completed
entrants.csv,RR2022M;ricochet,CHANGED,promotion_at_event;promotion_at_event_status;wrestled_masked;source_ids,event-era WWE/WWF brand or promotion affiliation populated; per-appearance masked status completed
entrants.csv,RR2022M;riddick-moss,CHANGED,promotion_at_event;promotion_at_event_status;wrestled_masked;source_ids,event-era WWE/WWF brand or promotion affiliation populated; per-appearance masked status completed
entrants.csv,RR2022M;ridge-holland,CHANGED,promotion_at_event;promotion_at_event_status;wrestled_masked;source_ids,event-era WWE/WWF brand or promotion affiliation populated; per-appearance masked status completed
entrants.csv,RR2022M;robert-roode,CHANGED,promotion_at_event;promotion_at_event_status;wrestled_masked;source_ids,event-era WWE/WWF brand or promotion affiliation populated; per-appearance masked status completed
entrants.csv,RR2022M;sami-zayn,CHANGED,promotion_at_event;promotion_at_event_status;wrestled_masked;source_ids,event-era WWE/WWF brand or promotion affiliation populated; per-appearance masked status completed
entrants.csv,RR2022M;shane-mcmahon,CHANGED,promotion_at_event;promotion_at_event_status;wrestled_masked;source_ids,event-era WWE/WWF brand or promotion affiliation populated; per-appearance masked status completed
entrants.csv,RR2022M;sheamus,CHANGED,promotion_at_event;promotion_at_event_status;wrestled_masked;source_ids,event-era WWE/WWF brand or promotion affiliation populated; per-appearance masked status completed
entrants.csv,RR2022M;shinsuke-nakamura,CHANGED,promotion_at_event;promotion_at_event_status;wrestled_masked;source_ids,event-era WWE/WWF brand or promotion affiliation populated; per-appearance masked status completed
entrants.csv,RR2022W;alicia-fox,CHANGED,promotion_at_event;promotion_at_event_status;wrestled_masked;source_ids,event-era WWE/WWF brand or promotion affiliation populated; per-appearance masked status completed
entrants.csv,RR2022W;aliyah,CHANGED,promotion_at_event;promotion_at_event_status;wrestled_masked;source_ids,event-era WWE/WWF brand or promotion affiliation populated; per-appearance masked status completed
entrants.csv,RR2022W;bianca-belair,CHANGED,promotion_at_event;promotion_at_event_status;wrestled_masked;source_ids,event-era WWE/WWF brand or promotion affiliation populated; per-appearance masked status completed
entrants.csv,RR2022W;brie-bella,CHANGED,promotion_at_event;promotion_at_event_status;wrestled_masked;source_ids,event-era WWE/WWF brand or promotion affiliation populated; per-appearance masked status completed
entrants.csv,RR2022W;cameron,CHANGED,promotion_at_event;promotion_at_event_status;wrestled_masked;source_ids,event-era WWE/WWF brand or promotion affiliation populated; per-appearance masked status completed
entrants.csv,RR2022W;carmella,CHANGED,promotion_at_event;promotion_at_event_status;wrestled_masked;source_ids,event-era WWE/WWF brand or promotion affiliation populated; per-appearance masked status completed
entrants.csv,RR2022W;charlotte-flair,CHANGED,promotion_at_event;promotion_at_event_status;wrestled_masked;source_ids,event-era WWE/WWF brand or promotion affiliation populated; per-appearance masked status completed
entrants.csv,RR2022W;dana-brooke,CHANGED,promotion_at_event;promotion_at_event_status;wrestled_masked;source_ids,event-era WWE/WWF brand or promotion affiliation populated; per-appearance masked status completed
entrants.csv,RR2022W;ivory,CHANGED,promotion_at_event;promotion_at_event_status;wrestled_masked;source_ids,event-era WWE/WWF brand or promotion affiliation populated; per-appearance masked status completed
entrants.csv,RR2022W;kelly-kelly,CHANGED,promotion_at_event;promotion_at_event_status;wrestled_masked;source_ids,event-era WWE/WWF brand or promotion affiliation populated; per-appearance masked status completed
entrants.csv,RR2022W;lita,CHANGED,promotion_at_event;promotion_at_event_status;wrestled_masked;source_ids,event-era WWE/WWF brand or promotion affiliation populated; per-appearance masked status completed
entrants.csv,RR2022W;liv-morgan,CHANGED,promotion_at_event;promotion_at_event_status;wrestled_masked;source_ids,event-era WWE/WWF brand or promotion affiliation populated; per-appearance masked status completed
entrants.csv,RR2022W;melina,CHANGED,promotion_at_event;promotion_at_event_status;wrestled_masked;source_ids,event-era WWE/WWF brand or promotion affiliation populated; per-appearance masked status completed
entrants.csv,RR2022W;michelle-mccool,CHANGED,promotion_at_event;promotion_at_event_status;wrestled_masked;source_ids,event-era WWE/WWF brand or promotion affiliation populated; per-appearance masked status completed
entrants.csv,RR2022W;mickie-james,CHANGED,promotion_at_event;promotion_at_event_status;wrestled_masked;source_ids,event-era WWE/WWF brand or promotion affiliation populated; per-appearance masked status completed
entrants.csv,RR2022W;molly-holly,CHANGED,promotion_at_event;promotion_at_event_status;wrestled_masked;source_ids,event-era WWE/WWF brand or promotion affiliation populated; per-appearance masked status completed
entrants.csv,RR2022W;naomi,CHANGED,promotion_at_event;promotion_at_event_status;wrestled_masked;source_ids,event-era WWE/WWF brand or promotion affiliation populated; per-appearance masked status completed
entrants.csv,RR2022W;natalya,CHANGED,promotion_at_event;promotion_at_event_status;wrestled_masked;source_ids,event-era WWE/WWF brand or promotion affiliation populated; per-appearance masked status completed
entrants.csv,RR2022W;nikki-bella,CHANGED,promotion_at_event;promotion_at_event_status;wrestled_masked;source_ids,event-era WWE/WWF brand or promotion affiliation populated; per-appearance masked status completed
entrants.csv,RR2022W;nikki-cross,CHANGED,promotion_at_event;promotion_at_event_status;wrestled_masked;source_ids,event-era WWE/WWF brand or promotion affiliation populated; per-appearance masked status completed
entrants.csv,RR2022W;rhea-ripley,CHANGED,promotion_at_event;promotion_at_event_status;wrestled_masked;source_ids,event-era WWE/WWF brand or promotion affiliation populated; per-appearance masked status completed
entrants.csv,RR2022W;ronda-rousey,CHANGED,promotion_at_event;promotion_at_event_status;wrestled_masked;source_ids,event-era WWE/WWF brand or promotion affiliation populated; per-appearance masked status completed
entrants.csv,RR2022W;sarah-logan,CHANGED,promotion_at_event;promotion_at_event_status;wrestled_masked;source_ids,event-era WWE/WWF brand or promotion affiliation populated; per-appearance masked status completed
entrants.csv,RR2022W;sasha-banks,CHANGED,promotion_at_event;promotion_at_event_status;wrestled_masked;source_ids,event-era WWE/WWF brand or promotion affiliation populated; per-appearance masked status completed
entrants.csv,RR2022W;shayna-baszler,CHANGED,promotion_at_event;promotion_at_event_status;wrestled_masked;source_ids,event-era WWE/WWF brand or promotion affiliation populated; per-appearance masked status completed
entrants.csv,RR2022W;shotzi-blackheart,CHANGED,promotion_at_event;promotion_at_event_status;wrestled_masked;source_ids,event-era WWE/WWF brand or promotion affiliation populated; per-appearance masked status completed
entrants.csv,RR2022W;sonya-deville,CHANGED,promotion_at_event;promotion_at_event_status;wrestled_masked;source_ids,event-era WWE/WWF brand or promotion affiliation populated; per-appearance masked status completed
entrants.csv,RR2022W;summer-rae,CHANGED,promotion_at_event;promotion_at_event_status;wrestled_masked;source_ids,event-era WWE/WWF brand or promotion affiliation populated; per-appearance masked status completed
entrants.csv,RR2022W;tamina,CHANGED,promotion_at_event;promotion_at_event_status;wrestled_masked;source_ids,event-era WWE/WWF brand or promotion affiliation populated; per-appearance masked status completed
entrants.csv,RR2022W;zelina-vega,CHANGED,billed_weight_kg_at_event;promotion_at_event;promotion_at_event_status;wrestled_masked;source_ids,event-era WWE/WWF brand or promotion affiliation populated; per-appearance masked status completed; residual sourced billed weight populated
entrants.csv,RR2023M;angelo-dawkins,CHANGED,promotion_at_event;promotion_at_event_status;wrestled_masked;source_ids,event-era WWE/WWF brand or promotion affiliation populated; per-appearance masked status completed
entrants.csv,RR2023M;austin-theory,CHANGED,promotion_at_event;promotion_at_event_status;wrestled_masked;source_ids,event-era WWE/WWF brand or promotion affiliation populated; per-appearance masked status completed
entrants.csv,RR2023M;baron-corbin,CHANGED,promotion_at_event;promotion_at_event_status;wrestled_masked;source_ids,event-era WWE/WWF brand or promotion affiliation populated; per-appearance masked status completed
entrants.csv,RR2023M;bobby-lashley,CHANGED,promotion_at_event;promotion_at_event_status;wrestled_masked;source_ids,event-era WWE/WWF brand or promotion affiliation populated; per-appearance masked status completed
entrants.csv,RR2023M;booker-t,CHANGED,promotion_at_event;promotion_at_event_status;wrestled_masked;source_ids,event-era WWE/WWF brand or promotion affiliation populated; per-appearance masked status completed
entrants.csv,RR2023M;braun-strowman,CHANGED,promotion_at_event;promotion_at_event_status;wrestled_masked;source_ids,event-era WWE/WWF brand or promotion affiliation populated; per-appearance masked status completed
entrants.csv,RR2023M;brock-lesnar,CHANGED,promotion_at_event;promotion_at_event_status;wrestled_masked;source_ids,event-era WWE/WWF brand or promotion affiliation populated; per-appearance masked status completed
entrants.csv,RR2023M;chad-gable,CHANGED,promotion_at_event;promotion_at_event_status;wrestled_masked;source_ids,event-era WWE/WWF brand or promotion affiliation populated; per-appearance masked status completed
entrants.csv,RR2023M;cody-rhodes,CHANGED,promotion_at_event;promotion_at_event_status;wrestled_masked;source_ids,event-era WWE/WWF brand or promotion affiliation populated; per-appearance masked status completed
entrants.csv,RR2023M;damian-priest,CHANGED,promotion_at_event;promotion_at_event_status;wrestled_masked;source_ids,event-era WWE/WWF brand or promotion affiliation populated; per-appearance masked status completed
entrants.csv,RR2023M;dominik-mysterio,CHANGED,promotion_at_event;promotion_at_event_status;wrestled_masked;source_ids,event-era WWE/WWF brand or promotion affiliation populated; per-appearance masked status completed
entrants.csv,RR2023M;drew-mcintyre,CHANGED,promotion_at_event;promotion_at_event_status;wrestled_masked;source_ids,event-era WWE/WWF brand or promotion affiliation populated; per-appearance masked status completed
entrants.csv,RR2023M;edge,CHANGED,promotion_at_event;promotion_at_event_status;wrestled_masked;source_ids,event-era WWE/WWF brand or promotion affiliation populated; per-appearance masked status completed
entrants.csv,RR2023M;elias,CHANGED,promotion_at_event;promotion_at_event_status;wrestled_masked;source_ids,event-era WWE/WWF brand or promotion affiliation populated; per-appearance masked status completed
entrants.csv,RR2023M;finn-balor,CHANGED,promotion_at_event;promotion_at_event_status;wrestled_masked;source_ids,event-era WWE/WWF brand or promotion affiliation populated; per-appearance masked status completed
entrants.csv,RR2023M;gunther,CHANGED,promotion_at_event;promotion_at_event_status;wrestled_masked;source_ids,event-era WWE/WWF brand or promotion affiliation populated; per-appearance masked status completed
entrants.csv,RR2023M;johnny-gargano,CHANGED,promotion_at_event;promotion_at_event_status;wrestled_masked;source_ids,event-era WWE/WWF brand or promotion affiliation populated; per-appearance masked status completed
entrants.csv,RR2023M;karrion-kross,CHANGED,promotion_at_event;promotion_at_event_status;wrestled_masked;source_ids,event-era WWE/WWF brand or promotion affiliation populated; per-appearance masked status completed
entrants.csv,RR2023M;kofi-kingston,CHANGED,promotion_at_event;promotion_at_event_status;wrestled_masked;source_ids,event-era WWE/WWF brand or promotion affiliation populated; per-appearance masked status completed
entrants.csv,RR2023M;logan-paul,CHANGED,promotion_at_event;promotion_at_event_status;wrestled_masked;source_ids,event-era WWE/WWF brand or promotion affiliation populated; per-appearance masked status completed
entrants.csv,RR2023M;montez-ford,CHANGED,promotion_at_event;promotion_at_event_status;wrestled_masked;source_ids,event-era WWE/WWF brand or promotion affiliation populated; per-appearance masked status completed
entrants.csv,RR2023M;omos,CHANGED,promotion_at_event;promotion_at_event_status;wrestled_masked;source_ids,event-era WWE/WWF brand or promotion affiliation populated; per-appearance masked status completed
entrants.csv,RR2023M;otis,CHANGED,promotion_at_event;promotion_at_event_status;wrestled_masked;source_ids,event-era WWE/WWF brand or promotion affiliation populated; per-appearance masked status completed
entrants.csv,RR2023M;rey-mysterio,CHANGED,promotion_at_event;promotion_at_event_status;wrestled_masked;source_ids,event-era WWE/WWF brand or promotion affiliation populated; per-appearance masked status completed
entrants.csv,RR2023M;ricochet,CHANGED,promotion_at_event;promotion_at_event_status;wrestled_masked;source_ids,event-era WWE/WWF brand or promotion affiliation populated; per-appearance masked status completed
entrants.csv,RR2023M;santos-escobar,CHANGED,promotion_at_event;promotion_at_event_status;wrestled_masked;source_ids,event-era WWE/WWF brand or promotion affiliation populated; per-appearance masked status completed
entrants.csv,RR2023M;seth-rollins,CHANGED,promotion_at_event;promotion_at_event_status;wrestled_masked;source_ids,event-era WWE/WWF brand or promotion affiliation populated; per-appearance masked status completed
entrants.csv,RR2023M;sheamus,CHANGED,promotion_at_event;promotion_at_event_status;wrestled_masked;source_ids,event-era WWE/WWF brand or promotion affiliation populated; per-appearance masked status completed
entrants.csv,RR2023M;the-miz,CHANGED,promotion_at_event;promotion_at_event_status;wrestled_masked;source_ids,event-era WWE/WWF brand or promotion affiliation populated; per-appearance masked status completed
entrants.csv,RR2023M;xavier-woods,CHANGED,promotion_at_event;promotion_at_event_status;wrestled_masked;source_ids,event-era WWE/WWF brand or promotion affiliation populated; per-appearance masked status completed
entrants.csv,RR2023W;asuka,CHANGED,promotion_at_event;promotion_at_event_status;wrestled_masked;source_ids,event-era WWE/WWF brand or promotion affiliation populated; per-appearance masked status completed
entrants.csv,RR2023W;b-fab,CHANGED,promotion_at_event;promotion_at_event_status;wrestled_masked;source_ids,event-era WWE/WWF brand or promotion affiliation populated; per-appearance masked status completed
entrants.csv,RR2023W;bayley,CHANGED,promotion_at_event;promotion_at_event_status;wrestled_masked;source_ids,event-era WWE/WWF brand or promotion affiliation populated; per-appearance masked status completed
entrants.csv,RR2023W;becky-lynch,CHANGED,promotion_at_event;promotion_at_event_status;wrestled_masked;source_ids,event-era WWE/WWF brand or promotion affiliation populated; per-appearance masked status completed
entrants.csv,RR2023W;candice-lerae,CHANGED,promotion_at_event;promotion_at_event_status;wrestled_masked;source_ids,event-era WWE/WWF brand or promotion affiliation populated; per-appearance masked status completed
entrants.csv,RR2023W;chelsea-green,CHANGED,promotion_at_event;promotion_at_event_status;wrestled_masked;source_ids,event-era WWE/WWF brand or promotion affiliation populated; per-appearance masked status completed
entrants.csv,RR2023W;dakota-kai,CHANGED,promotion_at_event;promotion_at_event_status;wrestled_masked;source_ids,event-era WWE/WWF brand or promotion affiliation populated; per-appearance masked status completed
entrants.csv,RR2023W;dana-brooke,CHANGED,promotion_at_event;promotion_at_event_status;wrestled_masked;source_ids,event-era WWE/WWF brand or promotion affiliation populated; per-appearance masked status completed
entrants.csv,RR2023W;emma,CHANGED,promotion_at_event;promotion_at_event_status;wrestled_masked;source_ids,event-era WWE/WWF brand or promotion affiliation populated; per-appearance masked status completed
entrants.csv,RR2023W;indi-hartwell,CHANGED,promotion_at_event;promotion_at_event_status;wrestled_masked;source_ids,event-era WWE/WWF brand or promotion affiliation populated; per-appearance masked status completed
entrants.csv,RR2023W;io-shirai,CHANGED,promotion_at_event;promotion_at_event_status;wrestled_masked;source_ids,event-era WWE/WWF brand or promotion affiliation populated; per-appearance masked status completed
entrants.csv,RR2023W;lacey-evans,CHANGED,promotion_at_event;promotion_at_event_status;wrestled_masked;source_ids,event-era WWE/WWF brand or promotion affiliation populated; per-appearance masked status completed
entrants.csv,RR2023W;liv-morgan,CHANGED,promotion_at_event;promotion_at_event_status;wrestled_masked;source_ids,event-era WWE/WWF brand or promotion affiliation populated; per-appearance masked status completed
entrants.csv,RR2023W;mia-yim,CHANGED,promotion_at_event;promotion_at_event_status;wrestled_masked;source_ids,event-era WWE/WWF brand or promotion affiliation populated; per-appearance masked status completed
entrants.csv,RR2023W;michelle-mccool,CHANGED,promotion_at_event;promotion_at_event_status;wrestled_masked;source_ids,event-era WWE/WWF brand or promotion affiliation populated; per-appearance masked status completed
entrants.csv,RR2023W;natalya,CHANGED,promotion_at_event;promotion_at_event_status;wrestled_masked;source_ids,event-era WWE/WWF brand or promotion affiliation populated; per-appearance masked status completed
entrants.csv,RR2023W;nia-jax,CHANGED,promotion_at_event;promotion_at_event_status;wrestled_masked;source_ids,event-era WWE/WWF brand or promotion affiliation populated; per-appearance masked status completed
entrants.csv,RR2023W;nikki-cross,CHANGED,promotion_at_event;promotion_at_event_status;wrestled_masked;source_ids,event-era WWE/WWF brand or promotion affiliation populated; per-appearance masked status completed
entrants.csv,RR2023W;piper-niven,CHANGED,promotion_at_event;promotion_at_event_status;wrestled_masked;source_ids,event-era WWE/WWF brand or promotion affiliation populated; per-appearance masked status completed
entrants.csv,RR2023W;raquel-rodriguez,CHANGED,promotion_at_event;promotion_at_event_status;wrestled_masked;source_ids,event-era WWE/WWF brand or promotion affiliation populated; per-appearance masked status completed
entrants.csv,RR2023W;rhea-ripley,CHANGED,promotion_at_event;promotion_at_event_status;wrestled_masked;source_ids,event-era WWE/WWF brand or promotion affiliation populated; per-appearance masked status completed
entrants.csv,RR2023W;roxanne-perez,CHANGED,billed_weight_kg_at_event;physical_status;promotion_at_event;promotion_at_event_status;wrestled_masked;source_ids,event-era WWE/WWF brand or promotion affiliation populated; per-appearance masked status completed; residual sourced billed weight populated
entrants.csv,RR2023W;shayna-baszler,CHANGED,promotion_at_event;promotion_at_event_status;wrestled_masked;source_ids,event-era WWE/WWF brand or promotion affiliation populated; per-appearance masked status completed
entrants.csv,RR2023W;shotzi-blackheart,CHANGED,promotion_at_event;promotion_at_event_status;wrestled_masked;source_ids,event-era WWE/WWF brand or promotion affiliation populated; per-appearance masked status completed
entrants.csv,RR2023W;sonya-deville,CHANGED,promotion_at_event;promotion_at_event_status;wrestled_masked;source_ids,event-era WWE/WWF brand or promotion affiliation populated; per-appearance masked status completed
entrants.csv,RR2023W;tamina,CHANGED,promotion_at_event;promotion_at_event_status;wrestled_masked;source_ids,event-era WWE/WWF brand or promotion affiliation populated; per-appearance masked status completed
entrants.csv,RR2023W;tegan-nox,CHANGED,promotion_at_event;promotion_at_event_status;wrestled_masked;source_ids,event-era WWE/WWF brand or promotion affiliation populated; per-appearance masked status completed
entrants.csv,RR2023W;xia-li,CHANGED,promotion_at_event;promotion_at_event_status;wrestled_masked;source_ids,event-era WWE/WWF brand or promotion affiliation populated; per-appearance masked status completed
entrants.csv,RR2023W;zelina-vega,CHANGED,billed_weight_kg_at_event;promotion_at_event;promotion_at_event_status;wrestled_masked;source_ids,event-era WWE/WWF brand or promotion affiliation populated; per-appearance masked status completed; residual sourced billed weight populated
entrants.csv,RR2023W;zoey-stark,CHANGED,promotion_at_event;promotion_at_event_status;wrestled_masked;source_ids,event-era WWE/WWF brand or promotion affiliation populated; per-appearance masked status completed
entrants.csv,RR2024M;andrade,CHANGED,promotion_at_event;promotion_at_event_status;wrestled_masked;source_ids,event-era WWE/WWF brand or promotion affiliation populated; per-appearance masked status completed
entrants.csv,RR2024M;austin-theory,CHANGED,promotion_at_event;promotion_at_event_status;wrestled_masked;source_ids,event-era WWE/WWF brand or promotion affiliation populated; per-appearance masked status completed
entrants.csv,RR2024M;bobby-lashley,CHANGED,promotion_at_event;promotion_at_event_status;wrestled_masked;source_ids,event-era WWE/WWF brand or promotion affiliation populated; per-appearance masked status completed
entrants.csv,RR2024M;bron-breakker,CHANGED,promotion_at_event;promotion_at_event_status;wrestled_masked;source_ids,event-era WWE/WWF brand or promotion affiliation populated; per-appearance masked status completed
entrants.csv,RR2024M;bronson-reed,CHANGED,promotion_at_event;promotion_at_event_status;wrestled_masked;source_ids,event-era WWE/WWF brand or promotion affiliation populated; per-appearance masked status completed
entrants.csv,RR2024M;carlito,CHANGED,promotion_at_event;promotion_at_event_status;wrestled_masked;source_ids,event-era WWE/WWF brand or promotion affiliation populated; per-appearance masked status completed
entrants.csv,RR2024M;carmelo-hayes,CHANGED,promotion_at_event;promotion_at_event_status;wrestled_masked;source_ids,event-era WWE/WWF brand or promotion affiliation populated; per-appearance masked status completed
entrants.csv,RR2024M;cm-punk,CHANGED,promotion_at_event;promotion_at_event_status;wrestled_masked;source_ids,event-era WWE/WWF brand or promotion affiliation populated; per-appearance masked status completed
entrants.csv,RR2024M;cody-rhodes,CHANGED,promotion_at_event;promotion_at_event_status;wrestled_masked;source_ids,event-era WWE/WWF brand or promotion affiliation populated; per-appearance masked status completed
entrants.csv,RR2024M;damian-priest,CHANGED,promotion_at_event;promotion_at_event_status;wrestled_masked;source_ids,event-era WWE/WWF brand or promotion affiliation populated; per-appearance masked status completed
entrants.csv,RR2024M;dominik-mysterio,CHANGED,promotion_at_event;promotion_at_event_status;wrestled_masked;source_ids,event-era WWE/WWF brand or promotion affiliation populated; per-appearance masked status completed
entrants.csv,RR2024M;drew-mcintyre,CHANGED,promotion_at_event;promotion_at_event_status;wrestled_masked;source_ids,event-era WWE/WWF brand or promotion affiliation populated; per-appearance masked status completed
entrants.csv,RR2024M;finn-balor,CHANGED,promotion_at_event;promotion_at_event_status;wrestled_masked;source_ids,event-era WWE/WWF brand or promotion affiliation populated; per-appearance masked status completed
entrants.csv,RR2024M;grayson-waller,CHANGED,promotion_at_event;promotion_at_event_status;wrestled_masked;source_ids,event-era WWE/WWF brand or promotion affiliation populated; per-appearance masked status completed
entrants.csv,RR2024M;gunther,CHANGED,promotion_at_event;promotion_at_event_status;wrestled_masked;source_ids,event-era WWE/WWF brand or promotion affiliation populated; per-appearance masked status completed
entrants.csv,RR2024M;ivar,CHANGED,promotion_at_event;promotion_at_event_status;wrestled_masked;source_ids,event-era WWE/WWF brand or promotion affiliation populated; per-appearance masked status completed
entrants.csv,RR2024M;jd-mcdonagh,CHANGED,promotion_at_event;promotion_at_event_status;wrestled_masked;source_ids,event-era WWE/WWF brand or promotion affiliation populated; per-appearance masked status completed
entrants.csv,RR2024M;jey-uso,CHANGED,promotion_at_event;promotion_at_event_status;wrestled_masked;source_ids,event-era WWE/WWF brand or promotion affiliation populated; per-appearance masked status completed
entrants.csv,RR2024M;jimmy-uso,CHANGED,promotion_at_event;promotion_at_event_status;wrestled_masked;source_ids,event-era WWE/WWF brand or promotion affiliation populated; per-appearance masked status completed
entrants.csv,RR2024M;karrion-kross,CHANGED,promotion_at_event;promotion_at_event_status;wrestled_masked;source_ids,event-era WWE/WWF brand or promotion affiliation populated; per-appearance masked status completed
entrants.csv,RR2024M;kofi-kingston,CHANGED,promotion_at_event;promotion_at_event_status;wrestled_masked;source_ids,event-era WWE/WWF brand or promotion affiliation populated; per-appearance masked status completed
entrants.csv,RR2024M;ludwig-kaiser,CHANGED,promotion_at_event;promotion_at_event_status;wrestled_masked;source_ids,event-era WWE/WWF brand or promotion affiliation populated; per-appearance masked status completed
entrants.csv,RR2024M;omos,CHANGED,promotion_at_event;promotion_at_event_status;wrestled_masked;source_ids,event-era WWE/WWF brand or promotion affiliation populated; per-appearance masked status completed
entrants.csv,RR2024M;pat-mcafee,CHANGED,promotion_at_event;promotion_at_event_status;wrestled_masked;source_ids,event-era WWE/WWF brand or promotion affiliation populated; per-appearance masked status completed
entrants.csv,RR2024M;r-truth,CHANGED,promotion_at_event;promotion_at_event_status;wrestled_masked;source_ids,event-era WWE/WWF brand or promotion affiliation populated; per-appearance masked status completed
entrants.csv,RR2024M;ricochet,CHANGED,promotion_at_event;promotion_at_event_status;wrestled_masked;source_ids,event-era WWE/WWF brand or promotion affiliation populated; per-appearance masked status completed
entrants.csv,RR2024M;sami-zayn,CHANGED,promotion_at_event;promotion_at_event_status;wrestled_masked;source_ids,event-era WWE/WWF brand or promotion affiliation populated; per-appearance masked status completed
entrants.csv,RR2024M;santos-escobar,CHANGED,promotion_at_event;promotion_at_event_status;wrestled_masked;source_ids,event-era WWE/WWF brand or promotion affiliation populated; per-appearance masked status completed
entrants.csv,RR2024M;shinsuke-nakamura,CHANGED,promotion_at_event;promotion_at_event_status;wrestled_masked;source_ids,event-era WWE/WWF brand or promotion affiliation populated; per-appearance masked status completed
entrants.csv,RR2024M;the-miz,CHANGED,promotion_at_event;promotion_at_event_status;wrestled_masked;source_ids,event-era WWE/WWF brand or promotion affiliation populated; per-appearance masked status completed
entrants.csv,RR2024W;alba-fyre,CHANGED,promotion_at_event;promotion_at_event_status;wrestled_masked;source_ids,event-era WWE/WWF brand or promotion affiliation populated; per-appearance masked status completed
entrants.csv,RR2024W;asuka,CHANGED,promotion_at_event;promotion_at_event_status;wrestled_masked;source_ids,event-era WWE/WWF brand or promotion affiliation populated; per-appearance masked status completed
entrants.csv,RR2024W;bayley,CHANGED,promotion_at_event;promotion_at_event_status;wrestled_masked;source_ids,event-era WWE/WWF brand or promotion affiliation populated; per-appearance masked status completed
entrants.csv,RR2024W;becky-lynch,CHANGED,promotion_at_event;promotion_at_event_status;wrestled_masked;source_ids,event-era WWE/WWF brand or promotion affiliation populated; per-appearance masked status completed
entrants.csv,RR2024W;bianca-belair,CHANGED,promotion_at_event;promotion_at_event_status;wrestled_masked;source_ids,event-era WWE/WWF brand or promotion affiliation populated; per-appearance masked status completed
entrants.csv,RR2024W;candice-lerae,CHANGED,promotion_at_event;promotion_at_event_status;wrestled_masked;source_ids,event-era WWE/WWF brand or promotion affiliation populated; per-appearance masked status completed
entrants.csv,RR2024W;chelsea-green,CHANGED,promotion_at_event;promotion_at_event_status;wrestled_masked;source_ids,event-era WWE/WWF brand or promotion affiliation populated; per-appearance masked status completed
entrants.csv,RR2024W;indi-hartwell,CHANGED,promotion_at_event;promotion_at_event_status;wrestled_masked;source_ids,event-era WWE/WWF brand or promotion affiliation populated; per-appearance masked status completed
entrants.csv,RR2024W;ivy-nile,CHANGED,promotion_at_event;promotion_at_event_status;wrestled_masked;source_ids,event-era WWE/WWF brand or promotion affiliation populated; per-appearance masked status completed
entrants.csv,RR2024W;jade-cargill,CHANGED,promotion_at_event;promotion_at_event_status;wrestled_masked;source_ids,event-era WWE/WWF brand or promotion affiliation populated; per-appearance masked status completed
entrants.csv,RR2024W;jordynne-grace,CHANGED,promotion_at_event;promotion_at_event_status;wrestled_masked;source_ids,event-era WWE/WWF brand or promotion affiliation populated; per-appearance masked status completed
entrants.csv,RR2024W;kacy-catanzaro,CHANGED,promotion_at_event;promotion_at_event_status;wrestled_masked;source_ids,event-era WWE/WWF brand or promotion affiliation populated; per-appearance masked status completed
entrants.csv,RR2024W;kairi-sane,CHANGED,promotion_at_event;promotion_at_event_status;wrestled_masked;source_ids,event-era WWE/WWF brand or promotion affiliation populated; per-appearance masked status completed
entrants.csv,RR2024W;kayden-carter,CHANGED,promotion_at_event;promotion_at_event_status;wrestled_masked;source_ids,event-era WWE/WWF brand or promotion affiliation populated; per-appearance masked status completed
entrants.csv,RR2024W;liv-morgan,CHANGED,promotion_at_event;promotion_at_event_status;wrestled_masked;source_ids,event-era WWE/WWF brand or promotion affiliation populated; per-appearance masked status completed
entrants.csv,RR2024W;maxxine-dupri,CHANGED,promotion_at_event;promotion_at_event_status;wrestled_masked;source_ids,event-era WWE/WWF brand or promotion affiliation populated; per-appearance masked status completed
entrants.csv,RR2024W;mia-yim,CHANGED,promotion_at_event;promotion_at_event_status;wrestled_masked;source_ids,event-era WWE/WWF brand or promotion affiliation populated; per-appearance masked status completed
entrants.csv,RR2024W;naomi,CHANGED,promotion_at_event;promotion_at_event_status;wrestled_masked;source_ids,event-era WWE/WWF brand or promotion affiliation populated; per-appearance masked status completed
entrants.csv,RR2024W;natalya,CHANGED,promotion_at_event;promotion_at_event_status;wrestled_masked;source_ids,event-era WWE/WWF brand or promotion affiliation populated; per-appearance masked status completed
entrants.csv,RR2024W;nia-jax,CHANGED,promotion_at_event;promotion_at_event_status;wrestled_masked;source_ids,event-era WWE/WWF brand or promotion affiliation populated; per-appearance masked status completed
entrants.csv,RR2024W;piper-niven,CHANGED,promotion_at_event;promotion_at_event_status;wrestled_masked;source_ids,event-era WWE/WWF brand or promotion affiliation populated; per-appearance masked status completed
entrants.csv,RR2024W;roxanne-perez,CHANGED,billed_weight_kg_at_event;physical_status;promotion_at_event;promotion_at_event_status;wrestled_masked;source_ids,event-era WWE/WWF brand or promotion affiliation populated; per-appearance masked status completed; residual sourced billed weight populated
entrants.csv,RR2024W;sarah-logan,CHANGED,promotion_at_event;promotion_at_event_status;wrestled_masked;source_ids,event-era WWE/WWF brand or promotion affiliation populated; per-appearance masked status completed
entrants.csv,RR2024W;shayna-baszler,CHANGED,promotion_at_event;promotion_at_event_status;wrestled_masked;source_ids,event-era WWE/WWF brand or promotion affiliation populated; per-appearance masked status completed
entrants.csv,RR2024W;shotzi-blackheart,CHANGED,promotion_at_event;promotion_at_event_status;wrestled_masked;source_ids,event-era WWE/WWF brand or promotion affiliation populated; per-appearance masked status completed
entrants.csv,RR2024W;tegan-nox,CHANGED,promotion_at_event;promotion_at_event_status;wrestled_masked;source_ids,event-era WWE/WWF brand or promotion affiliation populated; per-appearance masked status completed
entrants.csv,RR2024W;tiffany-stratton,CHANGED,promotion_at_event;promotion_at_event_status;wrestled_masked;source_ids,event-era WWE/WWF brand or promotion affiliation populated; per-appearance masked status completed
entrants.csv,RR2024W;xia-li,CHANGED,promotion_at_event;promotion_at_event_status;wrestled_masked;source_ids,event-era WWE/WWF brand or promotion affiliation populated; per-appearance masked status completed
entrants.csv,RR2024W;zelina-vega,CHANGED,billed_weight_kg_at_event;promotion_at_event;promotion_at_event_status;wrestled_masked;source_ids,event-era WWE/WWF brand or promotion affiliation populated; per-appearance masked status completed; residual sourced billed weight populated
entrants.csv,RR2024W;zoey-stark,CHANGED,promotion_at_event;promotion_at_event_status;wrestled_masked;source_ids,event-era WWE/WWF brand or promotion affiliation populated; per-appearance masked status completed
entrants.csv,RR2025M;aj-styles,CHANGED,promotion_at_event;promotion_at_event_status;wrestled_masked;source_ids,event-era WWE/WWF brand or promotion affiliation populated; per-appearance masked status completed
entrants.csv,RR2025M;akira-tozawa,CHANGED,promotion_at_event;promotion_at_event_status;wrestled_masked;source_ids,event-era WWE/WWF brand or promotion affiliation populated; per-appearance masked status completed
entrants.csv,RR2025M;andrade,CHANGED,promotion_at_event;promotion_at_event_status;wrestled_masked;source_ids,event-era WWE/WWF brand or promotion affiliation populated; per-appearance masked status completed
entrants.csv,RR2025M;braun-strowman,CHANGED,promotion_at_event;promotion_at_event_status;wrestled_masked;source_ids,event-era WWE/WWF brand or promotion affiliation populated; per-appearance masked status completed
entrants.csv,RR2025M;bron-breakker,CHANGED,promotion_at_event;promotion_at_event_status;wrestled_masked;source_ids,event-era WWE/WWF brand or promotion affiliation populated; per-appearance masked status completed
entrants.csv,RR2025M;carmelo-hayes,CHANGED,promotion_at_event;promotion_at_event_status;wrestled_masked;source_ids,event-era WWE/WWF brand or promotion affiliation populated; per-appearance masked status completed
entrants.csv,RR2025M;chad-gable,CHANGED,promotion_at_event;promotion_at_event_status;wrestled_masked;source_ids,event-era WWE/WWF brand or promotion affiliation populated; per-appearance masked status completed
entrants.csv,RR2025M;cm-punk,CHANGED,promotion_at_event;promotion_at_event_status;wrestled_masked;source_ids,event-era WWE/WWF brand or promotion affiliation populated; per-appearance masked status completed
entrants.csv,RR2025M;damian-priest,CHANGED,promotion_at_event;promotion_at_event_status;wrestled_masked;source_ids,event-era WWE/WWF brand or promotion affiliation populated; per-appearance masked status completed
entrants.csv,RR2025M;dominik-mysterio,CHANGED,promotion_at_event;promotion_at_event_status;wrestled_masked;source_ids,event-era WWE/WWF brand or promotion affiliation populated; per-appearance masked status completed
entrants.csv,RR2025M;drew-mcintyre,CHANGED,promotion_at_event;promotion_at_event_status;wrestled_masked;source_ids,event-era WWE/WWF brand or promotion affiliation populated; per-appearance masked status completed
entrants.csv,RR2025M;finn-balor,CHANGED,promotion_at_event;promotion_at_event_status;wrestled_masked;source_ids,event-era WWE/WWF brand or promotion affiliation populated; per-appearance masked status completed
entrants.csv,RR2025M;ishowspeed,CHANGED,promotion_at_event;promotion_at_event_status;wrestled_masked;source_ids,event-era WWE/WWF brand or promotion affiliation populated; per-appearance masked status completed
entrants.csv,RR2025M;jacob-fatu,CHANGED,promotion_at_event;promotion_at_event_status;wrestled_masked;source_ids,event-era WWE/WWF brand or promotion affiliation populated; per-appearance masked status completed
entrants.csv,RR2025M;jey-uso,CHANGED,promotion_at_event;promotion_at_event_status;wrestled_masked;source_ids,event-era WWE/WWF brand or promotion affiliation populated; per-appearance masked status completed
entrants.csv,RR2025M;jimmy-uso,CHANGED,promotion_at_event;promotion_at_event_status;wrestled_masked;source_ids,event-era WWE/WWF brand or promotion affiliation populated; per-appearance masked status completed
entrants.csv,RR2025M;joe-hendry,CHANGED,promotion_at_event;promotion_at_event_status;wrestled_masked;source_ids,event-era WWE/WWF brand or promotion affiliation populated; per-appearance masked status completed
entrants.csv,RR2025M;john-cena,CHANGED,promotion_at_event;promotion_at_event_status;wrestled_masked;source_ids,event-era WWE/WWF brand or promotion affiliation populated; per-appearance masked status completed
entrants.csv,RR2025M;la-knight,CHANGED,promotion_at_event;promotion_at_event_status;wrestled_masked;source_ids,event-era WWE/WWF brand or promotion affiliation populated; per-appearance masked status completed
entrants.csv,RR2025M;logan-paul,CHANGED,promotion_at_event;promotion_at_event_status;wrestled_masked;source_ids,event-era WWE/WWF brand or promotion affiliation populated; per-appearance masked status completed
entrants.csv,RR2025M;ludwig-kaiser,CHANGED,promotion_at_event;promotion_at_event_status;wrestled_masked;source_ids,event-era WWE/WWF brand or promotion affiliation populated; per-appearance masked status completed
entrants.csv,RR2025M;otis,CHANGED,promotion_at_event;promotion_at_event_status;wrestled_masked;source_ids,event-era WWE/WWF brand or promotion affiliation populated; per-appearance masked status completed
entrants.csv,RR2025M;penta,CHANGED,promotion_at_event;promotion_at_event_status;wrestled_masked;source_ids,event-era WWE/WWF brand or promotion affiliation populated; per-appearance masked status completed
entrants.csv,RR2025M;rey-mysterio,CHANGED,promotion_at_event;promotion_at_event_status;wrestled_masked;source_ids,event-era WWE/WWF brand or promotion affiliation populated; per-appearance masked status completed
entrants.csv,RR2025M;roman-reigns,CHANGED,promotion_at_event;promotion_at_event_status;wrestled_masked;source_ids,event-era WWE/WWF brand or promotion affiliation populated; per-appearance masked status completed
entrants.csv,RR2025M;sami-zayn,CHANGED,promotion_at_event;promotion_at_event_status;wrestled_masked;source_ids,event-era WWE/WWF brand or promotion affiliation populated; per-appearance masked status completed
entrants.csv,RR2025M;santos-escobar,CHANGED,promotion_at_event;promotion_at_event_status;wrestled_masked;source_ids,event-era WWE/WWF brand or promotion affiliation populated; per-appearance masked status completed
entrants.csv,RR2025M;seth-rollins,CHANGED,promotion_at_event;promotion_at_event_status;wrestled_masked;source_ids,event-era WWE/WWF brand or promotion affiliation populated; per-appearance masked status completed
entrants.csv,RR2025M;sheamus,CHANGED,promotion_at_event;promotion_at_event_status;wrestled_masked;source_ids,event-era WWE/WWF brand or promotion affiliation populated; per-appearance masked status completed
entrants.csv,RR2025M;shinsuke-nakamura,CHANGED,promotion_at_event;promotion_at_event_status;wrestled_masked;source_ids,event-era WWE/WWF brand or promotion affiliation populated; per-appearance masked status completed
entrants.csv,RR2025M;the-miz,CHANGED,promotion_at_event;promotion_at_event_status;wrestled_masked;source_ids,event-era WWE/WWF brand or promotion affiliation populated; per-appearance masked status completed
entrants.csv,RR2025W;alexa-bliss,CHANGED,promotion_at_event;promotion_at_event_status;wrestled_masked;source_ids,event-era WWE/WWF brand or promotion affiliation populated; per-appearance masked status completed
entrants.csv,RR2025W;b-fab,CHANGED,promotion_at_event;promotion_at_event_status;wrestled_masked;source_ids,event-era WWE/WWF brand or promotion affiliation populated; per-appearance masked status completed
entrants.csv,RR2025W;bayley,CHANGED,promotion_at_event;promotion_at_event_status;wrestled_masked;source_ids,event-era WWE/WWF brand or promotion affiliation populated; per-appearance masked status completed
entrants.csv,RR2025W;bianca-belair,CHANGED,promotion_at_event;promotion_at_event_status;wrestled_masked;source_ids,event-era WWE/WWF brand or promotion affiliation populated; per-appearance masked status completed
entrants.csv,RR2025W;candice-lerae,CHANGED,promotion_at_event;promotion_at_event_status;wrestled_masked;source_ids,event-era WWE/WWF brand or promotion affiliation populated; per-appearance masked status completed
entrants.csv,RR2025W;charlotte-flair,CHANGED,promotion_at_event;promotion_at_event_status;wrestled_masked;source_ids,event-era WWE/WWF brand or promotion affiliation populated; per-appearance masked status completed
entrants.csv,RR2025W;chelsea-green,CHANGED,promotion_at_event;promotion_at_event_status;wrestled_masked;source_ids,event-era WWE/WWF brand or promotion affiliation populated; per-appearance masked status completed
entrants.csv,RR2025W;giulia,CHANGED,promotion_at_event;promotion_at_event_status;wrestled_masked;source_ids,event-era WWE/WWF brand or promotion affiliation populated; per-appearance masked status completed
entrants.csv,RR2025W;io-shirai,CHANGED,promotion_at_event;promotion_at_event_status;wrestled_masked;source_ids,event-era WWE/WWF brand or promotion affiliation populated; per-appearance masked status completed
entrants.csv,RR2025W;ivy-nile,CHANGED,promotion_at_event;promotion_at_event_status;wrestled_masked;source_ids,event-era WWE/WWF brand or promotion affiliation populated; per-appearance masked status completed
entrants.csv,RR2025W;jaida-parker,CHANGED,promotion_at_event;promotion_at_event_status;wrestled_masked;source_ids,event-era WWE/WWF brand or promotion affiliation populated; per-appearance masked status completed
entrants.csv,RR2025W;jordynne-grace,CHANGED,promotion_at_event;promotion_at_event_status;wrestled_masked;source_ids,event-era WWE/WWF brand or promotion affiliation populated; per-appearance masked status completed
entrants.csv,RR2025W;lash-legend,CHANGED,promotion_at_event;promotion_at_event_status;wrestled_masked;source_ids,event-era WWE/WWF brand or promotion affiliation populated; per-appearance masked status completed
entrants.csv,RR2025W;liv-morgan,CHANGED,promotion_at_event;promotion_at_event_status;wrestled_masked;source_ids,event-era WWE/WWF brand or promotion affiliation populated; per-appearance masked status completed
entrants.csv,RR2025W;lyra-valkyria,CHANGED,promotion_at_event;promotion_at_event_status;wrestled_masked;source_ids,event-era WWE/WWF brand or promotion affiliation populated; per-appearance masked status completed
entrants.csv,RR2025W;maxxine-dupri,CHANGED,promotion_at_event;promotion_at_event_status;wrestled_masked;source_ids,event-era WWE/WWF brand or promotion affiliation populated; per-appearance masked status completed
entrants.csv,RR2025W;mia-yim,CHANGED,promotion_at_event;promotion_at_event_status;wrestled_masked;source_ids,event-era WWE/WWF brand or promotion affiliation populated; per-appearance masked status completed
entrants.csv,RR2025W;naomi,CHANGED,promotion_at_event;promotion_at_event_status;wrestled_masked;source_ids,event-era WWE/WWF brand or promotion affiliation populated; per-appearance masked status completed
entrants.csv,RR2025W;natalya,CHANGED,promotion_at_event;promotion_at_event_status;wrestled_masked;source_ids,event-era WWE/WWF brand or promotion affiliation populated; per-appearance masked status completed
entrants.csv,RR2025W;nia-jax,CHANGED,promotion_at_event;promotion_at_event_status;wrestled_masked;source_ids,event-era WWE/WWF brand or promotion affiliation populated; per-appearance masked status completed
entrants.csv,RR2025W;nikki-bella,CHANGED,promotion_at_event;promotion_at_event_status;wrestled_masked;source_ids,event-era WWE/WWF brand or promotion affiliation populated; per-appearance masked status completed
entrants.csv,RR2025W;piper-niven,CHANGED,promotion_at_event;promotion_at_event_status;wrestled_masked;source_ids,event-era WWE/WWF brand or promotion affiliation populated; per-appearance masked status completed
entrants.csv,RR2025W;raquel-rodriguez,CHANGED,promotion_at_event;promotion_at_event_status;wrestled_masked;source_ids,event-era WWE/WWF brand or promotion affiliation populated; per-appearance masked status completed
entrants.csv,RR2025W;roxanne-perez,CHANGED,billed_weight_kg_at_event;physical_status;promotion_at_event;promotion_at_event_status;wrestled_masked;source_ids,event-era WWE/WWF brand or promotion affiliation populated; per-appearance masked status completed; residual sourced billed weight populated
entrants.csv,RR2025W;shayna-baszler,CHANGED,promotion_at_event;promotion_at_event_status;wrestled_masked;source_ids,event-era WWE/WWF brand or promotion affiliation populated; per-appearance masked status completed
entrants.csv,RR2025W;sonya-deville,CHANGED,promotion_at_event;promotion_at_event_status;wrestled_masked;source_ids,event-era WWE/WWF brand or promotion affiliation populated; per-appearance masked status completed
entrants.csv,RR2025W;stephanie-vaquer,CHANGED,promotion_at_event;promotion_at_event_status;wrestled_masked;source_ids,event-era WWE/WWF brand or promotion affiliation populated; per-appearance masked status completed
entrants.csv,RR2025W;trish-stratus,CHANGED,promotion_at_event;promotion_at_event_status;wrestled_masked;source_ids,event-era WWE/WWF brand or promotion affiliation populated; per-appearance masked status completed
entrants.csv,RR2025W;zelina-vega,CHANGED,billed_weight_kg_at_event;promotion_at_event;promotion_at_event_status;wrestled_masked;source_ids,event-era WWE/WWF brand or promotion affiliation populated; per-appearance masked status completed; residual sourced billed weight populated
entrants.csv,RR2025W;zoey-stark,CHANGED,promotion_at_event;promotion_at_event_status;wrestled_masked;source_ids,event-era WWE/WWF brand or promotion affiliation populated; per-appearance masked status completed
entrants.csv,RR2026M;austin-theory,CHANGED,promotion_at_event;promotion_at_event_status;wrestled_masked;source_ids,event-era WWE/WWF brand or promotion affiliation populated; per-appearance masked status completed
entrants.csv,RR2026M;brock-lesnar,CHANGED,promotion_at_event;promotion_at_event_status;wrestled_masked;source_ids,event-era WWE/WWF brand or promotion affiliation populated; per-appearance masked status completed
entrants.csv,RR2026M;bron-breakker,CHANGED,promotion_at_event;promotion_at_event_status;wrestled_masked;source_ids,event-era WWE/WWF brand or promotion affiliation populated; per-appearance masked status completed
entrants.csv,RR2026M;bronson-reed,CHANGED,promotion_at_event;promotion_at_event_status;wrestled_masked;source_ids,event-era WWE/WWF brand or promotion affiliation populated; per-appearance masked status completed
entrants.csv,RR2026M;cody-rhodes,CHANGED,promotion_at_event;promotion_at_event_status;wrestled_masked;source_ids,event-era WWE/WWF brand or promotion affiliation populated; per-appearance masked status completed
entrants.csv,RR2026M;damian-priest,CHANGED,promotion_at_event;promotion_at_event_status;wrestled_masked;source_ids,event-era WWE/WWF brand or promotion affiliation populated; per-appearance masked status completed
entrants.csv,RR2026M;dragon-lee,CHANGED,promotion_at_event;promotion_at_event_status;wrestled_masked;source_ids,event-era WWE/WWF brand or promotion affiliation populated; per-appearance masked status completed
entrants.csv,RR2026M;el-grande-americano-i,CHANGED,promotion_at_event;promotion_at_event_status;wrestled_masked;source_ids,event-era WWE/WWF brand or promotion affiliation populated; per-appearance masked status completed
entrants.csv,RR2026M;el-grande-americano-ii,CHANGED,promotion_at_event;promotion_at_event_status;wrestled_masked;source_ids,event-era WWE/WWF brand or promotion affiliation populated; per-appearance masked status completed
entrants.csv,RR2026M;gunther,CHANGED,promotion_at_event;promotion_at_event_status;wrestled_masked;source_ids,event-era WWE/WWF brand or promotion affiliation populated; per-appearance masked status completed
entrants.csv,RR2026M;ilja-dragunov,CHANGED,promotion_at_event;promotion_at_event_status;wrestled_masked;source_ids,event-era WWE/WWF brand or promotion affiliation populated; per-appearance masked status completed
entrants.csv,RR2026M;jacob-fatu,CHANGED,promotion_at_event;promotion_at_event_status;wrestled_masked;source_ids,event-era WWE/WWF brand or promotion affiliation populated; per-appearance masked status completed
entrants.csv,RR2026M;jevon-evans,CHANGED,promotion_at_event;promotion_at_event_status;wrestled_masked;source_ids,event-era WWE/WWF brand or promotion affiliation populated; per-appearance masked status completed
entrants.csv,RR2026M;jey-uso,CHANGED,promotion_at_event;promotion_at_event_status;wrestled_masked;source_ids,event-era WWE/WWF brand or promotion affiliation populated; per-appearance masked status completed
entrants.csv,RR2026M;la-knight,CHANGED,promotion_at_event;promotion_at_event_status;wrestled_masked;source_ids,event-era WWE/WWF brand or promotion affiliation populated; per-appearance masked status completed
entrants.csv,RR2026M;la-parka-iii,CHANGED,promotion_at_event;promotion_at_event_status;wrestled_masked;source_ids,event-era WWE/WWF brand or promotion affiliation populated; per-appearance masked status completed
entrants.csv,RR2026M;logan-paul,CHANGED,promotion_at_event;promotion_at_event_status;wrestled_masked;source_ids,event-era WWE/WWF brand or promotion affiliation populated; per-appearance masked status completed
entrants.csv,RR2026M;mr-iguana,CHANGED,promotion_at_event;promotion_at_event_status;wrestled_masked;source_ids,event-era WWE/WWF brand or promotion affiliation populated; per-appearance masked status completed
entrants.csv,RR2026M;oba-femi,CHANGED,promotion_at_event;promotion_at_event_status;wrestled_masked;source_ids,event-era WWE/WWF brand or promotion affiliation populated; per-appearance masked status completed
entrants.csv,RR2026M;penta,CHANGED,promotion_at_event;promotion_at_event_status;wrestled_masked;source_ids,event-era WWE/WWF brand or promotion affiliation populated; per-appearance masked status completed
entrants.csv,RR2026M;powerhouse-hobbs,CHANGED,promotion_at_event;promotion_at_event_status;wrestled_masked;source_ids,event-era WWE/WWF brand or promotion affiliation populated; per-appearance masked status completed
entrants.csv,RR2026M;randy-orton,CHANGED,promotion_at_event;promotion_at_event_status;wrestled_masked;source_ids,event-era WWE/WWF brand or promotion affiliation populated; per-appearance masked status completed
entrants.csv,RR2026M;rey-fenix,CHANGED,promotion_at_event;promotion_at_event_status;wrestled_masked;source_ids,event-era WWE/WWF brand or promotion affiliation populated; per-appearance masked status completed
entrants.csv,RR2026M;rey-mysterio,CHANGED,promotion_at_event;promotion_at_event_status;wrestled_masked;source_ids,event-era WWE/WWF brand or promotion affiliation populated; per-appearance masked status completed
entrants.csv,RR2026M;roman-reigns,CHANGED,promotion_at_event;promotion_at_event_status;wrestled_masked;source_ids,event-era WWE/WWF brand or promotion affiliation populated; per-appearance masked status completed
entrants.csv,RR2026M;rusev,CHANGED,promotion_at_event;promotion_at_event_status;wrestled_masked;source_ids,event-era WWE/WWF brand or promotion affiliation populated; per-appearance masked status completed
entrants.csv,RR2026M;solo-sikoa,CHANGED,promotion_at_event;promotion_at_event_status;wrestled_masked;source_ids,event-era WWE/WWF brand or promotion affiliation populated; per-appearance masked status completed
entrants.csv,RR2026M;the-miz,CHANGED,promotion_at_event;promotion_at_event_status;wrestled_masked;source_ids,event-era WWE/WWF brand or promotion affiliation populated; per-appearance masked status completed
entrants.csv,RR2026M;trick-williams,CHANGED,promotion_at_event;promotion_at_event_status;wrestled_masked;source_ids,event-era WWE/WWF brand or promotion affiliation populated; per-appearance masked status completed
entrants.csv,RR2026M;zack-ryder,CHANGED,promotion_at_event;promotion_at_event_status;wrestled_masked;source_ids,event-era WWE/WWF brand or promotion affiliation populated; per-appearance masked status completed
entrants.csv,RR2026W;alexa-bliss,CHANGED,promotion_at_event;promotion_at_event_status;wrestled_masked;source_ids,event-era WWE/WWF brand or promotion affiliation populated; per-appearance masked status completed
entrants.csv,RR2026W;asuka,CHANGED,promotion_at_event;promotion_at_event_status;wrestled_masked;source_ids,event-era WWE/WWF brand or promotion affiliation populated; per-appearance masked status completed
entrants.csv,RR2026W;bayley,CHANGED,promotion_at_event;promotion_at_event_status;wrestled_masked;source_ids,event-era WWE/WWF brand or promotion affiliation populated; per-appearance masked status completed
entrants.csv,RR2026W;becky-lynch,CHANGED,promotion_at_event;promotion_at_event_status;wrestled_masked;source_ids,event-era WWE/WWF brand or promotion affiliation populated; per-appearance masked status completed
entrants.csv,RR2026W;brie-bella,CHANGED,promotion_at_event;promotion_at_event_status;wrestled_masked;source_ids,event-era WWE/WWF brand or promotion affiliation populated; per-appearance masked status completed
entrants.csv,RR2026W;candice-lerae,CHANGED,promotion_at_event;promotion_at_event_status;wrestled_masked;source_ids,event-era WWE/WWF brand or promotion affiliation populated; per-appearance masked status completed
entrants.csv,RR2026W;charlotte-flair,CHANGED,promotion_at_event;promotion_at_event_status;wrestled_masked;source_ids,event-era WWE/WWF brand or promotion affiliation populated; per-appearance masked status completed
entrants.csv,RR2026W;chelsea-green,CHANGED,promotion_at_event;promotion_at_event_status;wrestled_masked;source_ids,event-era WWE/WWF brand or promotion affiliation populated; per-appearance masked status completed
entrants.csv,RR2026W;giulia,CHANGED,promotion_at_event;promotion_at_event_status;wrestled_masked;source_ids,event-era WWE/WWF brand or promotion affiliation populated; per-appearance masked status completed
entrants.csv,RR2026W;io-shirai,CHANGED,promotion_at_event;promotion_at_event_status;wrestled_masked;source_ids,event-era WWE/WWF brand or promotion affiliation populated; per-appearance masked status completed
entrants.csv,RR2026W;ivy-nile,CHANGED,promotion_at_event;promotion_at_event_status;wrestled_masked;source_ids,event-era WWE/WWF brand or promotion affiliation populated; per-appearance masked status completed
entrants.csv,RR2026W;jacy-jayne,CHANGED,promotion_at_event;promotion_at_event_status;wrestled_masked;source_ids,event-era WWE/WWF brand or promotion affiliation populated; per-appearance masked status completed
entrants.csv,RR2026W;jordynne-grace,CHANGED,promotion_at_event;promotion_at_event_status;wrestled_masked;source_ids,event-era WWE/WWF brand or promotion affiliation populated; per-appearance masked status completed
entrants.csv,RR2026W;kairi-sane,CHANGED,promotion_at_event;promotion_at_event_status;wrestled_masked;source_ids,event-era WWE/WWF brand or promotion affiliation populated; per-appearance masked status completed
entrants.csv,RR2026W;kelani-jordan,CHANGED,promotion_at_event;promotion_at_event_status;wrestled_masked;source_ids,event-era WWE/WWF brand or promotion affiliation populated; per-appearance masked status completed
entrants.csv,RR2026W;kiana-james,CHANGED,promotion_at_event;promotion_at_event_status;wrestled_masked;source_ids,event-era WWE/WWF brand or promotion affiliation populated; per-appearance masked status completed
entrants.csv,RR2026W;lash-legend,CHANGED,promotion_at_event;promotion_at_event_status;wrestled_masked;source_ids,event-era WWE/WWF brand or promotion affiliation populated; per-appearance masked status completed
entrants.csv,RR2026W;liv-morgan,CHANGED,promotion_at_event;promotion_at_event_status;wrestled_masked;source_ids,event-era WWE/WWF brand or promotion affiliation populated; per-appearance masked status completed
entrants.csv,RR2026W;lola-vice,CHANGED,promotion_at_event;promotion_at_event_status;wrestled_masked;source_ids,event-era WWE/WWF brand or promotion affiliation populated; per-appearance masked status completed
entrants.csv,RR2026W;lyra-valkyria,CHANGED,promotion_at_event;promotion_at_event_status;wrestled_masked;source_ids,event-era WWE/WWF brand or promotion affiliation populated; per-appearance masked status completed
entrants.csv,RR2026W;maxxine-dupri,CHANGED,promotion_at_event;promotion_at_event_status;wrestled_masked;source_ids,event-era WWE/WWF brand or promotion affiliation populated; per-appearance masked status completed
entrants.csv,RR2026W;natalya,CHANGED,promotion_at_event;promotion_at_event_status;wrestled_masked;source_ids,event-era WWE/WWF brand or promotion affiliation populated; per-appearance masked status completed
entrants.csv,RR2026W;nia-jax,CHANGED,promotion_at_event;promotion_at_event_status;wrestled_masked;source_ids,event-era WWE/WWF brand or promotion affiliation populated; per-appearance masked status completed
entrants.csv,RR2026W;nikki-bella,CHANGED,promotion_at_event;promotion_at_event_status;wrestled_masked;source_ids,event-era WWE/WWF brand or promotion affiliation populated; per-appearance masked status completed
entrants.csv,RR2026W;raquel-rodriguez,CHANGED,promotion_at_event;promotion_at_event_status;wrestled_masked;source_ids,event-era WWE/WWF brand or promotion affiliation populated; per-appearance masked status completed
entrants.csv,RR2026W;rhea-ripley,CHANGED,promotion_at_event;promotion_at_event_status;wrestled_masked;source_ids,event-era WWE/WWF brand or promotion affiliation populated; per-appearance masked status completed
entrants.csv,RR2026W;roxanne-perez,CHANGED,billed_weight_kg_at_event;physical_status;promotion_at_event;promotion_at_event_status;wrestled_masked;source_ids,event-era WWE/WWF brand or promotion affiliation populated; per-appearance masked status completed; residual sourced billed weight populated
entrants.csv,RR2026W;sol-ruca,CHANGED,promotion_at_event;promotion_at_event_status;wrestled_masked;source_ids,event-era WWE/WWF brand or promotion affiliation populated; per-appearance masked status completed
entrants.csv,RR2026W;tiffany-stratton,CHANGED,promotion_at_event;promotion_at_event_status;wrestled_masked;source_ids,event-era WWE/WWF brand or promotion affiliation populated; per-appearance masked status completed
entrants.csv,RR2026W;zelina-vega,CHANGED,billed_weight_kg_at_event;promotion_at_event;promotion_at_event_status;wrestled_masked;source_ids,event-era WWE/WWF brand or promotion affiliation populated; per-appearance masked status completed; residual sourced billed weight populated
entrances.csv,RR1988M;b-brian-blair,CHANGED,enters_ring_ts;entrance_duration_seconds,Sourcing/status update.
entrances.csv,RR1988M;boris-zhukov,CHANGED,enters_ring_ts;entrance_duration_seconds,Sourcing/status update.
entrances.csv,RR1988M;butch-reed,CHANGED,enters_ring_ts;entrance_duration_seconds,Sourcing/status update.
entrances.csv,RR1988M;danny-davis,CHANGED,enters_ring_ts;entrance_duration_seconds,Sourcing/status update.
entrances.csv,RR1988M;dino-bravo,CHANGED,enters_ring_ts;entrance_duration_seconds,Sourcing/status update.
entrances.csv,RR1988M;don-muraco,CHANGED,enters_ring_ts;entrance_duration_seconds,Sourcing/status update.
entrances.csv,RR1988M;harley-race,CHANGED,enters_ring_ts;entrance_duration_seconds,Sourcing/status update.
entrances.csv,RR1988M;hillbilly-jim,CHANGED,enters_ring_ts;entrance_duration_seconds,Sourcing/status update.
entrances.csv,RR1988M;jake-roberts,CHANGED,enters_ring_ts;entrance_duration_seconds,Sourcing/status update.
entrances.csv,RR1988M;jim-brunzell,CHANGED,enters_ring_ts;entrance_duration_seconds,Sourcing/status update.
entrances.csv,RR1988M;jim-duggan,CHANGED,enters_ring_ts;entrance_duration_seconds,Sourcing/status update.
entrances.csv,RR1988M;jim-neidhart,CHANGED,enters_ring_ts;entrance_duration_seconds,Sourcing/status update.
entrances.csv,RR1988M;junkyard-dog,CHANGED,enters_ring_ts;entrance_duration_seconds,Sourcing/status update.
entrances.csv,RR1988M;nikolai-volkoff,CHANGED,enters_ring_ts;entrance_duration_seconds,Sourcing/status update.
entrances.csv,RR1988M;one-man-gang,CHANGED,enters_ring_ts;entrance_duration_seconds,Sourcing/status update.
entrances.csv,RR1988M;ron-bass,CHANGED,enters_ring_ts;entrance_duration_seconds,Sourcing/status update.
entrances.csv,RR1988M;sam-houston,CHANGED,enters_ring_ts;entrance_duration_seconds,Sourcing/status update.
entrances.csv,RR1988M;the-ultimate-warrior,CHANGED,enters_ring_ts;entrance_duration_seconds,Sourcing/status update.
entrances.csv,RR1989M;andre-the-giant,CHANGED,enters_ring_ts;entrance_duration_seconds,Sourcing/status update.
entrances.csv,RR1989M;arn-anderson,CHANGED,enters_ring_ts;entrance_duration_seconds,Sourcing/status update.
entrances.csv,RR1989M;bad-news-brown,CHANGED,enters_ring_ts;entrance_duration_seconds,Sourcing/status update.
entrances.csv,RR1989M;big-john-studd,CHANGED,enters_ring_ts;entrance_duration_seconds,Sourcing/status update.
entrances.csv,RR1989M;brutus-beefcake,CHANGED,enters_ring_ts;entrance_duration_seconds,Sourcing/status update.
entrances.csv,RR1989M;butch-miller,CHANGED,enters_ring_ts;entrance_duration_seconds,Sourcing/status update.
entrances.csv,RR1989M;greg-valentine,CHANGED,enters_ring_ts;entrance_duration_seconds,Sourcing/status update.
entrances.csv,RR1989M;hercules,CHANGED,enters_ring_ts;entrance_duration_seconds,Sourcing/status update.
entrances.csv,RR1989M;hulk-hogan,CHANGED,enters_ring_ts;entrance_duration_seconds,Sourcing/status update.
entrances.csv,RR1989M;jake-roberts,CHANGED,enters_ring_ts;entrance_duration_seconds,Sourcing/status update.
entrances.csv,RR1989M;koko-b-ware,CHANGED,enters_ring_ts;entrance_duration_seconds,Sourcing/status update.
entrances.csv,RR1989M;luke-williams,CHANGED,enters_ring_ts;entrance_duration_seconds,Sourcing/status update.
entrances.csv,RR1989M;marty-jannetty,CHANGED,enters_ring_ts;entrance_duration_seconds,Sourcing/status update.
entrances.csv,RR1989M;mr-perfect,CHANGED,enters_ring_ts;entrance_duration_seconds,Sourcing/status update.
entrances.csv,RR1989M;one-man-gang,CHANGED,enters_ring_ts;entrance_duration_seconds,Sourcing/status update.
entrances.csv,RR1989M;randy-savage,CHANGED,enters_ring_ts;entrance_duration_seconds,Sourcing/status update.
entrances.csv,RR1989M;red-rooster,CHANGED,enters_ring_ts;entrance_duration_seconds,Sourcing/status update.
entrances.csv,RR1989M;rick-martel,CHANGED,enters_ring_ts;entrance_duration_seconds,Sourcing/status update.
entrances.csv,RR1989M;ron-bass,CHANGED,enters_ring_ts;entrance_duration_seconds,Sourcing/status update.
entrances.csv,RR1989M;ronnie-garvin,CHANGED,enters_ring_ts;entrance_duration_seconds,Sourcing/status update.
entrances.csv,RR1989M;shawn-michaels,CHANGED,enters_ring_ts;entrance_duration_seconds,Sourcing/status update.
entrances.csv,RR1989M;the-barbarian,CHANGED,enters_ring_ts;entrance_duration_seconds,Sourcing/status update.
entrances.csv,RR1989M;the-honky-tonk-man,CHANGED,enters_ring_ts;entrance_duration_seconds,Sourcing/status update.
entrances.csv,RR1989M;the-warlord,CHANGED,enters_ring_ts;entrance_duration_seconds,Sourcing/status update.
entrances.csv,RR1989M;tito-santana,CHANGED,enters_ring_ts;entrance_duration_seconds,Sourcing/status update.
entrances.csv,RR1989M;tully-blanchard,CHANGED,enters_ring_ts;entrance_duration_seconds,Sourcing/status update.
entrances.csv,RR2004M;mick-foley,ADDED,event_id;wrestler_id;entry_number;music_start_ts;name_announced_ts;countdown_ts;first_movement_ts;leaves_stage_ts;reaches_ringside_ts;enters_ring_ts;entrance_duration_seconds;posed;ran;walked;special_entry_location;entrance_interrupted;video_source;reviewer;confidence;human_verified,New sourced V40 row.
wrestlers.csv,cactus-jack,CHANGED,hall_of_fame_year;hall_of_fame_year_status;source_ids,exact performer/persona Hall of Fame year populated
wrestlers.csv,chainz,CHANGED,hall_of_fame_year;hall_of_fame_year_status;source_ids,exact performer/persona Hall of Fame year populated
wrestlers.csv,drew-carey,CHANGED,hall_of_fame_year;hall_of_fame_year_status;source_ids,exact performer/persona Hall of Fame year populated
wrestlers.csv,dude-love,CHANGED,hall_of_fame_year;hall_of_fame_year_status;source_ids,exact performer/persona Hall of Fame year populated
wrestlers.csv,fake-diesel,CHANGED,hall_of_fame_year;hall_of_fame_year_status;source_ids,exact performer/persona Hall of Fame year populated
wrestlers.csv,fatu,CHANGED,hall_of_fame_year;hall_of_fame_year_status;source_ids,exact performer/persona Hall of Fame year populated
wrestlers.csv,giant-gonzalez,CHANGED,deceased_date;deceased_date_status;source_ids,exact-identity deceased date populated
wrestlers.csv,harley-race,CHANGED,deceased_date;deceased_date_status;source_ids,exact-identity deceased date populated
wrestlers.csv,isaac-yankem,CHANGED,hall_of_fame_year;hall_of_fame_year_status;source_ids,exact performer/persona Hall of Fame year populated
wrestlers.csv,ivory,CHANGED,hall_of_fame_year;hall_of_fame_year_status,exact performer/persona Hall of Fame year populated
wrestlers.csv,jeff-jarrett,CHANGED,hall_of_fame_year;hall_of_fame_year_status;source_ids,exact performer/persona Hall of Fame year populated
wrestlers.csv,kama,CHANGED,hall_of_fame_year;hall_of_fame_year_status;source_ids,exact performer/persona Hall of Fame year populated
wrestlers.csv,lex-luger,CHANGED,hall_of_fame_year;hall_of_fame_year_status;source_ids,exact performer/persona Hall of Fame year populated
wrestlers.csv,mil-mascaras,CHANGED,hall_of_fame_year;hall_of_fame_year_status;source_ids,exact performer/persona Hall of Fame year populated
wrestlers.csv,mo,CHANGED,deceased_date;deceased_date_status;source_ids,exact-identity deceased date populated
wrestlers.csv,papa-shango,CHANGED,hall_of_fame_year;hall_of_fame_year_status;source_ids,exact performer/persona Hall of Fame year populated
wrestlers.csv,rick-rude,CHANGED,hall_of_fame_year;hall_of_fame_year_status;source_ids,exact performer/persona Hall of Fame year populated
wrestlers.csv,road-dogg,CHANGED,hall_of_fame_year;hall_of_fame_year_status;source_ids,exact performer/persona Hall of Fame year populated
wrestlers.csv,ron-bass,CHANGED,deceased_date;deceased_date_status;source_ids,exact-identity deceased date populated
wrestlers.csv,sapphire,CHANGED,deceased_date;deceased_date_status;source_ids,exact-identity deceased date populated
wrestlers.csv,sgt-slaughter,CHANGED,hall_of_fame_year;hall_of_fame_year_status;source_ids,exact performer/persona Hall of Fame year populated
wrestlers.csv,sid-justice,CHANGED,deceased_date;deceased_date_status;hall_of_fame_year;hall_of_fame_year_status;source_ids,exact-identity deceased date populated; exact performer/persona Hall of Fame year populated
wrestlers.csv,steven-dunn,CHANGED,deceased_date;deceased_date_status;source_ids,exact-identity deceased date populated
wrestlers.csv,the-honky-tonk-man,CHANGED,hall_of_fame_year;hall_of_fame_year_status;source_ids,exact performer/persona Hall of Fame year populated
wrestlers.csv,the-sultan,CHANGED,hall_of_fame_year;hall_of_fame_year_status;source_ids,exact performer/persona Hall of Fame year populated
wrestlers.csv,timothy-well,CHANGED,deceased_date;deceased_date_status;source_ids,exact-identity deceased date populated
wrestlers.csv,umaga,CHANGED,deceased_date;deceased_date_status;source_ids,exact-identity deceased date populated
wrestlers.csv,viscera,CHANGED,deceased_date;deceased_date_status;source_ids,exact-identity deceased date populated
wrestlers.csv,x-pac,CHANGED,hall_of_fame_year;hall_of_fame_year_status;source_ids,exact performer/persona Hall of Fame year populated
families.csv,FAM001,ADDED,family_id;family_name;member_wrestler_ids;relationship_type;notes;data_quality_status;source_ids,New sourced V40 row.
families.csv,FAM002,ADDED,family_id;family_name;member_wrestler_ids;relationship_type;notes;data_quality_status;source_ids,New sourced V40 row.
families.csv,FAM003,ADDED,family_id;family_name;member_wrestler_ids;relationship_type;notes;data_quality_status;source_ids,New sourced V40 row.
families.csv,FAM004,ADDED,family_id;family_name;member_wrestler_ids;relationship_type;notes;data_quality_status;source_ids,New sourced V40 row.
families.csv,FAM005,ADDED,family_id;family_name;member_wrestler_ids;relationship_type;notes;data_quality_status;source_ids,New sourced V40 row.
families.csv,FAM006,ADDED,family_id;family_name;member_wrestler_ids;relationship_type;notes;data_quality_status;source_ids,New sourced V40 row.
families.csv,FAM007,ADDED,family_id;family_name;member_wrestler_ids;relationship_type;notes;data_quality_status;source_ids,New sourced V40 row.
families.csv,FAM008,ADDED,family_id;family_name;member_wrestler_ids;relationship_type;notes;data_quality_status;source_ids,New sourced V40 row.
families.csv,FAM009,ADDED,family_id;family_name;member_wrestler_ids;relationship_type;notes;data_quality_status;source_ids,New sourced V40 row.
families.csv,FAM010,ADDED,family_id;family_name;member_wrestler_ids;relationship_type;notes;data_quality_status;source_ids,New sourced V40 row.
families.csv,FAM011,ADDED,family_id;family_name;member_wrestler_ids;relationship_type;notes;data_quality_status;source_ids,New sourced V40 row.
families.csv,FAM012,ADDED,family_id;family_name;member_wrestler_ids;relationship_type;notes;data_quality_status;source_ids,New sourced V40 row.
families.csv,FAM013,ADDED,family_id;family_name;member_wrestler_ids;relationship_type;notes;data_quality_status;source_ids,New sourced V40 row.
families.csv,FAM014,ADDED,family_id;family_name;member_wrestler_ids;relationship_type;notes;data_quality_status;source_ids,New sourced V40 row.
families.csv,FAM015,ADDED,family_id;family_name;member_wrestler_ids;relationship_type;notes;data_quality_status;source_ids,New sourced V40 row.
families.csv,FAM016,ADDED,family_id;family_name;member_wrestler_ids;relationship_type;notes;data_quality_status;source_ids,New sourced V40 row.
families.csv,FAM017,ADDED,family_id;family_name;member_wrestler_ids;relationship_type;notes;data_quality_status;source_ids,New sourced V40 row.
families.csv,FAM018,ADDED,family_id;family_name;member_wrestler_ids;relationship_type;notes;data_quality_status;source_ids,New sourced V40 row.
families.csv,FAM019,ADDED,family_id;family_name;member_wrestler_ids;relationship_type;notes;data_quality_status;source_ids,New sourced V40 row.
sources.csv,S1775,ADDED,source_id;source_name;source_type;url;reliability_tier;tier_label;accessed_date;notes,New sourced V40 row.
sources.csv,S1776,ADDED,source_id;source_name;source_type;url;reliability_tier;tier_label;accessed_date;notes,New sourced V40 row.
sources.csv,S1777,ADDED,source_id;source_name;source_type;url;reliability_tier;tier_label;accessed_date;notes,New sourced V40 row.
sources.csv,S1778,ADDED,source_id;source_name;source_type;url;reliability_tier;tier_label;accessed_date;notes,New sourced V40 row.
sources.csv,S1779,ADDED,source_id;source_name;source_type;url;reliability_tier;tier_label;accessed_date;notes,New sourced V40 row.
sources.csv,S1780,ADDED,source_id;source_name;source_type;url;reliability_tier;tier_label;accessed_date;notes,New sourced V40 row.
sources.csv,S1781,ADDED,source_id;source_name;source_type;url;reliability_tier;tier_label;accessed_date;notes,New sourced V40 row.
sources.csv,S1782,ADDED,source_id;source_name;source_type;url;reliability_tier;tier_label;accessed_date;notes,New sourced V40 row.
sources.csv,S1783,ADDED,source_id;source_name;source_type;url;reliability_tier;tier_label;accessed_date;notes,New sourced V40 row.
sources.csv,S1784,ADDED,source_id;source_name;source_type;url;reliability_tier;tier_label;accessed_date;notes,New sourced V40 row.
sources.csv,S1785,ADDED,source_id;source_name;source_type;url;reliability_tier;tier_label;accessed_date;notes,New sourced V40 row.
sources.csv,S1786,ADDED,source_id;source_name;source_type;url;reliability_tier;tier_label;accessed_date;notes,New sourced V40 row.
sources.csv,S1787,ADDED,source_id;source_name;source_type;url;reliability_tier;tier_label;accessed_date;notes,New sourced V40 row.
sources.csv,S1788,ADDED,source_id;source_name;source_type;url;reliability_tier;tier_label;accessed_date;notes,New sourced V40 row.
sources.csv,S1789,ADDED,source_id;source_name;source_type;url;reliability_tier;tier_label;accessed_date;notes,New sourced V40 row.
sources.csv,S1790,ADDED,source_id;source_name;source_type;url;reliability_tier;tier_label;accessed_date;notes,New sourced V40 row.
sources.csv,S1791,ADDED,source_id;source_name;source_type;url;reliability_tier;tier_label;accessed_date;notes,New sourced V40 row.
sources.csv,S1792,ADDED,source_id;source_name;source_type;url;reliability_tier;tier_label;accessed_date;notes,New sourced V40 row.
sources.csv,S1793,ADDED,source_id;source_name;source_type;url;reliability_tier;tier_label;accessed_date;notes,New sourced V40 row.
sources.csv,S1794,ADDED,source_id;source_name;source_type;url;reliability_tier;tier_label;accessed_date;notes,New sourced V40 row.
sources.csv,S1795,ADDED,source_id;source_name;source_type;url;reliability_tier;tier_label;accessed_date;notes,New sourced V40 row.
sources.csv,S1796,ADDED,source_id;source_name;source_type;url;reliability_tier;tier_label;accessed_date;notes,New sourced V40 row.
sources.csv,S1797,ADDED,source_id;source_name;source_type;url;reliability_tier;tier_label;accessed_date;notes,New sourced V40 row.
sources.csv,S1798,ADDED,source_id;source_name;source_type;url;reliability_tier;tier_label;accessed_date;notes,New sourced V40 row.
sources.csv,S1799,ADDED,source_id;source_name;source_type;url;reliability_tier;tier_label;accessed_date;notes,New sourced V40 row.
sources.csv,S1800,ADDED,source_id;source_name;source_type;url;reliability_tier;tier_label;accessed_date;notes,New sourced V40 row.
sources.csv,S1801,ADDED,source_id;source_name;source_type;url;reliability_tier;tier_label;accessed_date;notes,New sourced V40 row.
sources.csv,S1802,ADDED,source_id;source_name;source_type;url;reliability_tier;tier_label;accessed_date;notes,New sourced V40 row.
sources.csv,S1803,ADDED,source_id;source_name;source_type;url;reliability_tier;tier_label;accessed_date;notes,New sourced V40 row.
sources.csv,S1804,ADDED,source_id;source_name;source_type;url;reliability_tier;tier_label;accessed_date;notes,New sourced V40 row.
sources.csv,S1805,ADDED,source_id;source_name;source_type;url;reliability_tier;tier_label;accessed_date;notes,New sourced V40 row.
sources.csv,S1806,ADDED,source_id;source_name;source_type;url;reliability_tier;tier_label;accessed_date;notes,New sourced V40 row.
sources.csv,S1807,ADDED,source_id;source_name;source_type;url;reliability_tier;tier_label;accessed_date;notes,New sourced V40 row.
sources.csv,S1808,ADDED,source_id;source_name;source_type;url;reliability_tier;tier_label;accessed_date;notes,New sourced V40 row.
sources.csv,S1809,ADDED,source_id;source_name;source_type;url;reliability_tier;tier_label;accessed_date;notes,New sourced V40 row.
sources.csv,S1810,ADDED,source_id;source_name;source_type;url;reliability_tier;tier_label;accessed_date;notes,New sourced V40 row.
sources.csv,S1811,ADDED,source_id;source_name;source_type;url;reliability_tier;tier_label;accessed_date;notes,New sourced V40 row.
sources.csv,S1812,ADDED,source_id;source_name;source_type;url;reliability_tier;tier_label;accessed_date;notes,New sourced V40 row.
sources.csv,S1813,ADDED,source_id;source_name;source_type;url;reliability_tier;tier_label;accessed_date;notes,New sourced V40 row.
sources.csv,S1814,ADDED,source_id;source_name;source_type;url;reliability_tier;tier_label;accessed_date;notes,New sourced V40 row.
sources.csv,S1815,ADDED,source_id;source_name;source_type;url;reliability_tier;tier_label;accessed_date;notes,New sourced V40 row.
sources.csv,S1816,ADDED,source_id;source_name;source_type;url;reliability_tier;tier_label;accessed_date;notes,New sourced V40 row.
sources.csv,S1817,ADDED,source_id;source_name;source_type;url;reliability_tier;tier_label;accessed_date;notes,New sourced V40 row.
sources.csv,S1818,ADDED,source_id;source_name;source_type;url;reliability_tier;tier_label;accessed_date;notes,New sourced V40 row.
sources.csv,S1819,ADDED,source_id;source_name;source_type;url;reliability_tier;tier_label;accessed_date;notes,New sourced V40 row.
sources.csv,S1820,ADDED,source_id;source_name;source_type;url;reliability_tier;tier_label;accessed_date;notes,New sourced V40 row.
sources.csv,S1821,ADDED,source_id;source_name;source_type;url;reliability_tier;tier_label;accessed_date;notes,New sourced V40 row.
sources.csv,S1822,ADDED,source_id;source_name;source_type;url;reliability_tier;tier_label;accessed_date;notes,New sourced V40 row.
sources.csv,S1823,ADDED,source_id;source_name;source_type;url;reliability_tier;tier_label;accessed_date;notes,New sourced V40 row.
sources.csv,S1824,ADDED,source_id;source_name;source_type;url;reliability_tier;tier_label;accessed_date;notes,New sourced V40 row.
sources.csv,S1825,ADDED,source_id;source_name;source_type;url;reliability_tier;tier_label;accessed_date;notes,New sourced V40 row.
sources.csv,S1826,ADDED,source_id;source_name;source_type;url;reliability_tier;tier_label;accessed_date;notes,New sourced V40 row.
sources.csv,S1827,ADDED,source_id;source_name;source_type;url;reliability_tier;tier_label;accessed_date;notes,New sourced V40 row.
sources.csv,S1828,ADDED,source_id;source_name;source_type;url;reliability_tier;tier_label;accessed_date;notes,New sourced V40 row.
sources.csv,S1829,ADDED,source_id;source_name;source_type;url;reliability_tier;tier_label;accessed_date;notes,New sourced V40 row.
sources.csv,S1830,ADDED,source_id;source_name;source_type;url;reliability_tier;tier_label;accessed_date;notes,New sourced V40 row.
sources.csv,S1831,ADDED,source_id;source_name;source_type;url;reliability_tier;tier_label;accessed_date;notes,New sourced V40 row.
sources.csv,S1832,ADDED,source_id;source_name;source_type;url;reliability_tier;tier_label;accessed_date;notes,New sourced V40 row.
sources.csv,S1833,ADDED,source_id;source_name;source_type;url;reliability_tier;tier_label;accessed_date;notes,New sourced V40 row.
sources.csv,S1834,ADDED,source_id;source_name;source_type;url;reliability_tier;tier_label;accessed_date;notes,New sourced V40 row.
sources.csv,S1835,ADDED,source_id;source_name;source_type;url;reliability_tier;tier_label;accessed_date;notes,New sourced V40 row.
sources.csv,S1836,ADDED,source_id;source_name;source_type;url;reliability_tier;tier_label;accessed_date;notes,New sourced V40 row.
sources.csv,S1837,ADDED,source_id;source_name;source_type;url;reliability_tier;tier_label;accessed_date;notes,New sourced V40 row.
sources.csv,S1838,ADDED,source_id;source_name;source_type;url;reliability_tier;tier_label;accessed_date;notes,New sourced V40 row.
sources.csv,S1839,ADDED,source_id;source_name;source_type;url;reliability_tier;tier_label;accessed_date;notes,New sourced V40 row.
sources.csv,S1840,ADDED,source_id;source_name;source_type;url;reliability_tier;tier_label;accessed_date;notes,New sourced V40 row.
sources.csv,S1841,ADDED,source_id;source_name;source_type;url;reliability_tier;tier_label;accessed_date;notes,New sourced V40 row.
flags.csv,F560,ADDED,flag_id;event_id;table;record_id;field;issue_type;description;source_ids_involved;status;date_logged,New sourced V40 row.
