event_id,order_in_match,eliminated_wrestler_id,eliminator_wrestler_id,assisting_wrestler_ids,entry_number_of_eliminated,entry_number_of_eliminator,elimination_clock_time,elimination_clock_seconds,elimination_type,elimination_method,location_side,location_status,is_solo,is_shared,is_accidental,is_self_elimination,is_storyline_related,was_already_incapacitated,is_disputed,simultaneous_group_id,data_quality_status,source_ids,notes
RR1988M,1,butch-reed,jake-roberts,,3,,3:18,198,over_top_rope,UNKNOWN,,UNKNOWN,TRUE,FALSE,UNKNOWN,FALSE,UNKNOWN,UNKNOWN,FALSE,,CONFIRMED,S001;S004;S008,
RR1988M,2,tito-santana,bret-hart,jim-neidhart,2,,10:41,641,over_top_rope,UNKNOWN,,UNKNOWN,FALSE,TRUE,UNKNOWN,FALSE,UNKNOWN,UNKNOWN,FALSE,RR1988M-G1,CONFIRMED,S001;S004;S008,
RR1988M,2,tito-santana,jim-neidhart,bret-hart,2,,10:41,641,over_top_rope,UNKNOWN,,UNKNOWN,FALSE,TRUE,UNKNOWN,FALSE,UNKNOWN,UNKNOWN,FALSE,RR1988M-G1,CONFIRMED,S001;S004;S008,
RR1988M,3,boris-zhukov,jake-roberts,jim-brunzell,10,,2:33,153,over_top_rope,UNKNOWN,,UNKNOWN,FALSE,TRUE,UNKNOWN,FALSE,UNKNOWN,UNKNOWN,FALSE,RR1988M-G2,CONFIRMED,S001;S004;S008,
RR1988M,3,boris-zhukov,jim-brunzell,jake-roberts,10,,2:33,153,over_top_rope,UNKNOWN,,UNKNOWN,FALSE,TRUE,UNKNOWN,FALSE,UNKNOWN,UNKNOWN,FALSE,RR1988M-G2,CONFIRMED,S001;S004;S008,
RR1988M,4,harley-race,don-muraco,,6,,10:03,603,over_top_rope,UNKNOWN,,UNKNOWN,TRUE,FALSE,UNKNOWN,FALSE,UNKNOWN,UNKNOWN,FALSE,,CONFIRMED,S001;S004;S008,
RR1988M,5,jim-brunzell,nikolai-volkoff,,7,,12:06,726,over_top_rope,UNKNOWN,,UNKNOWN,TRUE,FALSE,UNKNOWN,FALSE,UNKNOWN,UNKNOWN,FALSE,,CONFIRMED,S001;S004;S008,
RR1988M,6,jim-neidhart,hillbilly-jim,,4,,19:06,1146,over_top_rope,UNKNOWN,,UNKNOWN,TRUE,FALSE,UNKNOWN,FALSE,UNKNOWN,UNKNOWN,FALSE,,CONFIRMED,S001;S004;S008,
RR1988M,7,sam-houston,ron-bass,,8,,14:39,879,over_top_rope,UNKNOWN,,UNKNOWN,TRUE,FALSE,UNKNOWN,FALSE,UNKNOWN,UNKNOWN,FALSE,,CONFIRMED,S001;S004;S008,
RR1988M,8,bret-hart,don-muraco,,1,,25:42,1542,over_top_rope,UNKNOWN,,UNKNOWN,TRUE,FALSE,UNKNOWN,FALSE,UNKNOWN,UNKNOWN,FALSE,,CONFIRMED,S001;S004;S008,
RR1988M,9,b-brian-blair,one-man-gang,,15,,5:50,350,over_top_rope,UNKNOWN,,UNKNOWN,TRUE,FALSE,UNKNOWN,FALSE,UNKNOWN,UNKNOWN,FALSE,,CONFIRMED,S001;S004;S008,
RR1988M,10,jake-roberts,one-man-gang,,5,,21:52,1312,over_top_rope,UNKNOWN,,UNKNOWN,TRUE,FALSE,UNKNOWN,FALSE,UNKNOWN,UNKNOWN,FALSE,,CONFIRMED,S001;S004;S008,
RR1988M,11,nikolai-volkoff,jim-duggan,,12,,11:40,700,over_top_rope,UNKNOWN,,UNKNOWN,TRUE,FALSE,UNKNOWN,FALSE,UNKNOWN,UNKNOWN,FALSE,,CONFIRMED,S001;S004;S008,
RR1988M,12,hillbilly-jim,one-man-gang,,16,,5:55,355,over_top_rope,UNKNOWN,,UNKNOWN,TRUE,FALSE,UNKNOWN,FALSE,UNKNOWN,UNKNOWN,FALSE,,CONFIRMED,S001;S004;S008,
RR1988M,13,danny-davis,jim-duggan,,9,,17:51,1071,over_top_rope,UNKNOWN,,UNKNOWN,TRUE,FALSE,UNKNOWN,FALSE,UNKNOWN,UNKNOWN,FALSE,,CONFIRMED,S001;S004;S008,
RR1988M,14,the-ultimate-warrior,dino-bravo,one-man-gang,18,,3:51,231,over_top_rope,UNKNOWN,,UNKNOWN,FALSE,TRUE,UNKNOWN,FALSE,UNKNOWN,UNKNOWN,FALSE,RR1988M-G4,CONFIRMED,S001;S004;S008,"Scott Keith's blow-by-blow recap (S010/S129) instead credits Ron Bass alone with this elimination. Structured record (S001 Wikipedia + S004 Shane's doc, agreeing) kept as the CONFIRMED credit per this database's convention (2-source structured agreement over 1 narrative account), but flagged disputed rather than silently overriding the recap -- same treatment as F006's Bravo/One Man Gang case. See F337. Shane personally checked this (2026-09-18) and confirmed the structured credit (Dino Bravo + One Man Gang) is correct -- Scott Keith's recap account is the inaccurate one here. Dispute resolved, see F337."
RR1988M,14,the-ultimate-warrior,one-man-gang,dino-bravo,18,,3:51,231,over_top_rope,UNKNOWN,,UNKNOWN,FALSE,TRUE,UNKNOWN,FALSE,UNKNOWN,UNKNOWN,FALSE,RR1988M-G4,CONFIRMED,S001;S004;S008,"Scott Keith's blow-by-blow recap (S010/S129) instead credits Ron Bass alone with this elimination. Structured record (S001 Wikipedia + S004 Shane's doc, agreeing) kept as the CONFIRMED credit per this database's convention (2-source structured agreement over 1 narrative account), but flagged disputed rather than silently overriding the recap -- same treatment as F006's Bravo/One Man Gang case. See F337. Shane personally checked this (2026-09-18) and confirmed the structured credit (Dino Bravo + One Man Gang) is correct -- Scott Keith's recap account is the inaccurate one here. Dispute resolved, see F337."
RR1988M,15,junkyard-dog,dino-bravo,,20,,2:08,128,over_top_rope,UNKNOWN,,UNKNOWN,TRUE,FALSE,UNKNOWN,FALSE,UNKNOWN,UNKNOWN,FALSE,,CONFIRMED,S001;S004;S008,
RR1988M,16,ron-bass,don-muraco,,14,,10:14,614,over_top_rope,UNKNOWN,,UNKNOWN,TRUE,FALSE,UNKNOWN,FALSE,UNKNOWN,UNKNOWN,FALSE,,CONFIRMED,S001;S004;S008,
RR1988M,17,don-muraco,dino-bravo,one-man-gang,11,,16:16,976,over_top_rope,UNKNOWN,,UNKNOWN,FALSE,TRUE,UNKNOWN,FALSE,UNKNOWN,UNKNOWN,FALSE,RR1988M-G3,CONFIRMED,S001;S004;S008,
RR1988M,17,don-muraco,one-man-gang,dino-bravo,11,,16:16,976,over_top_rope,UNKNOWN,,UNKNOWN,FALSE,TRUE,UNKNOWN,FALSE,UNKNOWN,UNKNOWN,FALSE,RR1988M-G3,CONFIRMED,S001;S004;S008,
RR1988M,18,dino-bravo,one-man-gang,,17,,8:12,492,over_top_rope,backfired double-team spot (per S010),,UNKNOWN,TRUE,FALSE,UNKNOWN,FALSE,UNKNOWN,UNKNOWN,TRUE,,CONFIRMED,S001;S004;S008;S010,S010 (Scott Keith recap) describes this as a SECOND double-team attempt by Bravo+Gang against Duggan that 'backfired' -- reads more like Bravo went out as a result of the botched spot than a clean Gang elimination. Structured sources (S001/S004) credit Gang outright; kept as the credited eliminator but flagged. See flags.csv F006.
RR1988M,19,one-man-gang,jim-duggan,,19,,6:50,410,over_top_rope,ducked charge / possible self-elimination (per S010),,UNKNOWN,TRUE,FALSE,UNKNOWN,UNCERTAIN,UNKNOWN,UNKNOWN,TRUE,,CONFIRMED,S001;S004;S008;S010,S010 describes this as 'Duggan ducks one last desperate Gang charge' -- reads as Gang going over on his own momentum (self-elimination) rather than a direct takedown by Duggan. Structured sources (S001/S004) credit Duggan with the match-winning elimination; kept as the credited eliminator but flagged. See flags.csv F006.
RR1989M,1,smash,andre-the-giant,,2,,04:55,295,over_top_rope,UNKNOWN,,UNKNOWN,TRUE,FALSE,UNKNOWN,FALSE,UNKNOWN,UNKNOWN,FALSE,,CONFIRMED,S014;S015,
RR1989M,2,ronnie-garvin,andre-the-giant,,5,,02:39,159,over_top_rope,UNKNOWN,,UNKNOWN,TRUE,FALSE,UNKNOWN,FALSE,UNKNOWN,UNKNOWN,FALSE,,CONFIRMED,S014;S015,
RR1989M,3,jake-roberts,andre-the-giant,,7,,02:08,128,over_top_rope,UNKNOWN,,UNKNOWN,TRUE,FALSE,UNKNOWN,FALSE,UNKNOWN,UNKNOWN,FALSE,,CONFIRMED,S014;S015,
RR1989M,4,ax,mr-perfect,,1,,14:37,877,over_top_rope,UNKNOWN,,UNKNOWN,TRUE,FALSE,UNKNOWN,FALSE,UNKNOWN,UNKNOWN,FALSE,,CONFIRMED,S014;S015,
RR1989M,5,andre-the-giant,andre-the-giant,,3,,14:55,895,self_elimination,self-elimination via Jake Roberts/Damien distraction (per S012/S014),,UNKNOWN,TRUE,FALSE,UNKNOWN,TRUE,TRUE,UNKNOWN,FALSE,,CONFIRMED,S014;S015;S013,
RR1989M,6,the-honky-tonk-man,tito-santana,butch-miller,11,,04:12,252,over_top_rope,UNKNOWN,,UNKNOWN,FALSE,TRUE,UNKNOWN,FALSE,UNKNOWN,UNKNOWN,FALSE,,CONFIRMED,S014;S015,
RR1989M,6,the-honky-tonk-man,butch-miller,tito-santana,11,,04:12,252,over_top_rope,UNKNOWN,,UNKNOWN,FALSE,TRUE,UNKNOWN,FALSE,UNKNOWN,UNKNOWN,FALSE,,CONFIRMED,S014;S015,
RR1989M,7,ron-bass,shawn-michaels,marty-jannetty,8,,12:36,756,over_top_rope,UNKNOWN,,UNKNOWN,FALSE,TRUE,UNKNOWN,FALSE,UNKNOWN,UNKNOWN,FALSE,,CONFIRMED,S014;S015,
RR1989M,7,ron-bass,marty-jannetty,shawn-michaels,8,,12:36,756,over_top_rope,UNKNOWN,,UNKNOWN,FALSE,TRUE,UNKNOWN,FALSE,UNKNOWN,UNKNOWN,FALSE,,CONFIRMED,S014;S015,
RR1989M,8,greg-valentine,randy-savage,,6,,19:52,1192,over_top_rope,UNKNOWN,,UNKNOWN,TRUE,FALSE,UNKNOWN,FALSE,UNKNOWN,UNKNOWN,FALSE,,CONFIRMED,S014;S015,
RR1989M,9,shawn-michaels,randy-savage,arn-anderson,9,,14:30,870,over_top_rope,UNKNOWN,,UNKNOWN,FALSE,TRUE,UNKNOWN,FALSE,UNKNOWN,UNKNOWN,FALSE,,CONFIRMED,S014;S015,
RR1989M,9,shawn-michaels,arn-anderson,randy-savage,9,,14:30,870,over_top_rope,UNKNOWN,,UNKNOWN,FALSE,TRUE,UNKNOWN,FALSE,UNKNOWN,UNKNOWN,FALSE,,CONFIRMED,S014;S015,
RR1989M,10,marty-jannetty,tully-blanchard,arn-anderson,14,,07:52,472,over_top_rope,UNKNOWN,,UNKNOWN,FALSE,TRUE,UNKNOWN,FALSE,UNKNOWN,UNKNOWN,FALSE,,CONFIRMED,S014;S015,
RR1989M,10,marty-jannetty,arn-anderson,tully-blanchard,14,,07:52,472,over_top_rope,UNKNOWN,,UNKNOWN,FALSE,TRUE,UNKNOWN,FALSE,UNKNOWN,UNKNOWN,FALSE,,CONFIRMED,S014;S015,
RR1989M,11,mr-perfect,hulk-hogan,,4,,27:58,1678,over_top_rope,UNKNOWN,,UNKNOWN,TRUE,FALSE,UNKNOWN,FALSE,UNKNOWN,UNKNOWN,FALSE,,CONFIRMED,S014;S015,
RR1989M,12,tito-santana,randy-savage,,12,,12:47,767,over_top_rope,UNKNOWN,,UNKNOWN,TRUE,FALSE,UNKNOWN,FALSE,UNKNOWN,UNKNOWN,FALSE,,CONFIRMED,S014;S015,
RR1989M,13,butch-miller,bad-news-brown,,10,,18:13,1093,over_top_rope,UNKNOWN,,UNKNOWN,TRUE,FALSE,UNKNOWN,FALSE,UNKNOWN,UNKNOWN,FALSE,,CONFIRMED,S014;S015,
RR1989M,14,koko-b-ware,hulk-hogan,,20,,01:08,68,over_top_rope,UNKNOWN,,UNKNOWN,TRUE,FALSE,UNKNOWN,FALSE,UNKNOWN,UNKNOWN,FALSE,,CONFIRMED,S014;S015,
RR1989M,15,luke-williams,hulk-hogan,,19,,03:08,188,over_top_rope,UNKNOWN,,UNKNOWN,TRUE,FALSE,UNKNOWN,FALSE,UNKNOWN,UNKNOWN,FALSE,,CONFIRMED,S014;S015,
RR1989M,16,arn-anderson,hulk-hogan,,16,,10:00,600,over_top_rope,UNKNOWN,,UNKNOWN,FALSE,FALSE,UNKNOWN,FALSE,UNKNOWN,UNKNOWN,FALSE,RR1989M-brain-busters,CONFIRMED,S014;S015;S012,Simultaneous elimination per S012/S014 -- see notes on the paired entrant's row too.
RR1989M,17,tully-blanchard,hulk-hogan,,17,,08:02,482,over_top_rope,UNKNOWN,,UNKNOWN,FALSE,FALSE,UNKNOWN,FALSE,UNKNOWN,UNKNOWN,FALSE,RR1989M-brain-busters,CONFIRMED,S014;S015;S012,Simultaneous elimination per S012/S014 -- see notes on the paired entrant's row too.
RR1989M,18,the-warlord,hulk-hogan,,21,,00:03,3,over_top_rope,UNKNOWN,,UNKNOWN,TRUE,FALSE,UNKNOWN,FALSE,UNKNOWN,UNKNOWN,FALSE,,CONFIRMED,S014;S015,
RR1989M,19,bad-news-brown,hulk-hogan,,13,,16:24,984,over_top_rope,UNKNOWN,,UNKNOWN,FALSE,FALSE,UNKNOWN,FALSE,UNKNOWN,UNKNOWN,FALSE,RR1989M-bad-news-savage,CONFIRMED,S014;S015;S012,Simultaneous elimination per S012/S014 -- see notes on the paired entrant's row too.
RR1989M,20,randy-savage,hulk-hogan,,15,,12:26,746,over_top_rope,UNKNOWN,,UNKNOWN,FALSE,FALSE,UNKNOWN,FALSE,UNKNOWN,UNKNOWN,FALSE,RR1989M-bad-news-savage,CONFIRMED,S014;S015;S012,Simultaneous elimination per S012/S014 -- see notes on the paired entrant's row too.
RR1989M,21,hulk-hogan,big-bossman,one-man-gang,18,,11:31,691,over_top_rope,UNKNOWN,,UNKNOWN,FALSE,TRUE,UNKNOWN,FALSE,UNKNOWN,UNKNOWN,FALSE,,CONFIRMED,S014;S015,
RR1989M,21,hulk-hogan,one-man-gang,big-bossman,18,,11:31,691,over_top_rope,UNKNOWN,,UNKNOWN,FALSE,TRUE,UNKNOWN,FALSE,UNKNOWN,UNKNOWN,FALSE,,CONFIRMED,S014;S015,
RR1989M,22,big-bossman,hulk-hogan,,22,,04:18,258,over_top_rope,UNKNOWN,,UNKNOWN,TRUE,FALSE,UNKNOWN,FALSE,UNKNOWN,UNKNOWN,FALSE,,CONFIRMED,S014;S015,
RR1989M,23,red-rooster,ted-dibiase,,25,,11:17,677,over_top_rope,UNKNOWN,,UNKNOWN,TRUE,FALSE,UNKNOWN,FALSE,UNKNOWN,UNKNOWN,FALSE,,CONFIRMED,S014;S015,
RR1989M,24,brutus-beefcake,ted-dibiase,the-barbarian,24,,13:56,836,over_top_rope,UNKNOWN,,UNKNOWN,FALSE,TRUE,UNKNOWN,FALSE,UNKNOWN,UNKNOWN,FALSE,RR1989M-hercules-beefcake,CONFIRMED,S014;S015;S012,Simultaneous elimination per S012/S014 -- see notes on the paired entrant's row too.
RR1989M,24,brutus-beefcake,the-barbarian,ted-dibiase,24,,13:56,836,over_top_rope,UNKNOWN,,UNKNOWN,FALSE,TRUE,UNKNOWN,FALSE,UNKNOWN,UNKNOWN,FALSE,RR1989M-hercules-beefcake,CONFIRMED,S014;S015;S012,Simultaneous elimination per S012/S014 -- see notes on the paired entrant's row too.
RR1989M,25,hercules,ted-dibiase,the-barbarian,28,,06:11,371,over_top_rope,UNKNOWN,,UNKNOWN,FALSE,TRUE,UNKNOWN,FALSE,UNKNOWN,UNKNOWN,FALSE,RR1989M-hercules-beefcake,CONFIRMED,S014;S015;S012,Simultaneous elimination per S012/S014 -- see notes on the paired entrant's row too.
RR1989M,25,hercules,the-barbarian,ted-dibiase,28,,06:11,371,over_top_rope,UNKNOWN,,UNKNOWN,FALSE,TRUE,UNKNOWN,FALSE,UNKNOWN,UNKNOWN,FALSE,RR1989M-hercules-beefcake,CONFIRMED,S014;S015;S012,Simultaneous elimination per S012/S014 -- see notes on the paired entrant's row too.
RR1989M,26,the-barbarian,rick-martel,,26,,11:15,675,over_top_rope,UNKNOWN,,UNKNOWN,TRUE,FALSE,UNKNOWN,FALSE,UNKNOWN,UNKNOWN,FALSE,,CONFIRMED,S014;S015,
RR1989M,27,rick-martel,one-man-gang,,29,,05:29,329,over_top_rope,UNKNOWN,,UNKNOWN,TRUE,FALSE,UNKNOWN,FALSE,UNKNOWN,UNKNOWN,FALSE,,CONFIRMED,S014;S015,
RR1989M,28,one-man-gang,big-john-studd,,23,,18:36,1116,over_top_rope,UNKNOWN,,UNKNOWN,TRUE,FALSE,UNKNOWN,FALSE,UNKNOWN,UNKNOWN,FALSE,,CONFIRMED,S014;S015,
RR1989M,29,ted-dibiase,big-john-studd,,30,,06:27,387,over_top_rope,UNKNOWN,,UNKNOWN,TRUE,FALSE,UNKNOWN,FALSE,UNKNOWN,UNKNOWN,FALSE,,CONFIRMED,S014;S015,
RR1990M,1,koko-b-ware,ted-dibiase,,2,,01:36,96,over_top_rope,UNKNOWN,,UNKNOWN,TRUE,FALSE,UNKNOWN,FALSE,UNKNOWN,UNKNOWN,FALSE,,CONFIRMED,S016;S017,
RR1990M,2,marty-jannetty,ted-dibiase,,3,,01:35,95,over_top_rope,UNKNOWN,,UNKNOWN,TRUE,FALSE,UNKNOWN,FALSE,UNKNOWN,UNKNOWN,FALSE,,CONFIRMED,S016;S017,
RR1990M,3,jake-roberts,randy-savage,,4,,10:03,603,over_top_rope,UNKNOWN,,UNKNOWN,TRUE,FALSE,UNKNOWN,FALSE,UNKNOWN,UNKNOWN,FALSE,,CONFIRMED,S016;S017,
RR1990M,4,randy-savage,dusty-rhodes,,5,,10:10,610,over_top_rope,UNKNOWN,,UNKNOWN,TRUE,FALSE,UNKNOWN,FALSE,UNKNOWN,UNKNOWN,FALSE,,CONFIRMED,S016;S017,
RR1990M,5,the-warlord,andre-the-giant,,7,,08:16,496,over_top_rope,UNKNOWN,,UNKNOWN,TRUE,FALSE,UNKNOWN,FALSE,UNKNOWN,UNKNOWN,FALSE,,CONFIRMED,S016;S017,
RR1990M,6,bad-news-brown,roddy-piper,,9,,06:04,364,over_top_rope,UNKNOWN,,UNKNOWN,TRUE,FALSE,UNKNOWN,FALSE,UNKNOWN,UNKNOWN,FALSE,,CONFIRMED,S016;S017,
RR1990M,7,roddy-piper,bad-news-brown,,6,,12:20,740,over_top_rope,UNKNOWN,,UNKNOWN,TRUE,FALSE,UNKNOWN,FALSE,UNKNOWN,UNKNOWN,FALSE,,CONFIRMED,S016;S017,
RR1990M,8,red-rooster,andre-the-giant,,12,,01:58,118,over_top_rope,UNKNOWN,,UNKNOWN,TRUE,FALSE,UNKNOWN,FALSE,UNKNOWN,UNKNOWN,FALSE,,CONFIRMED,S016;S017,
RR1990M,9,bret-hart,dusty-rhodes,,8,,16:16,976,over_top_rope,UNKNOWN,,UNKNOWN,TRUE,FALSE,UNKNOWN,FALSE,UNKNOWN,UNKNOWN,FALSE,,CONFIRMED,S016;S017,
RR1990M,10,andre-the-giant,ax,smash,11,,10:16,616,over_top_rope,UNKNOWN,,UNKNOWN,FALSE,TRUE,UNKNOWN,FALSE,UNKNOWN,UNKNOWN,FALSE,,CONFIRMED,S016;S017,
RR1990M,10,andre-the-giant,smash,ax,11,,10:16,616,over_top_rope,UNKNOWN,,UNKNOWN,FALSE,TRUE,UNKNOWN,FALSE,UNKNOWN,UNKNOWN,FALSE,,CONFIRMED,S016;S017,
RR1990M,11,one-man-gang,jimmy-snuka,,16,,02:31,151,over_top_rope,UNKNOWN,,UNKNOWN,TRUE,FALSE,UNKNOWN,FALSE,UNKNOWN,UNKNOWN,FALSE,,CONFIRMED,S016;S017,
RR1990M,12,dusty-rhodes,earthquake,,10,,18:18,1098,over_top_rope,UNKNOWN,,UNKNOWN,TRUE,FALSE,UNKNOWN,FALSE,UNKNOWN,UNKNOWN,FALSE,,CONFIRMED,S016;S017,
RR1990M,13,ax,earthquake,,13,,12:50,770,over_top_rope,UNKNOWN,,UNKNOWN,TRUE,FALSE,UNKNOWN,FALSE,UNKNOWN,UNKNOWN,FALSE,,CONFIRMED,S016;S017,
RR1990M,14,earthquake,ted-dibiase,smash;haku;jimmy-snuka;jim-neidhart,19,,02:31,151,over_top_rope,UNKNOWN,,UNKNOWN,FALSE,TRUE,UNKNOWN,FALSE,UNKNOWN,UNKNOWN,FALSE,,CONFIRMED,S016;S017,
RR1990M,14,earthquake,smash,ted-dibiase;haku;jimmy-snuka;jim-neidhart,19,,02:31,151,over_top_rope,UNKNOWN,,UNKNOWN,FALSE,TRUE,UNKNOWN,FALSE,UNKNOWN,UNKNOWN,FALSE,,CONFIRMED,S016;S017,
RR1990M,14,earthquake,haku,ted-dibiase;smash;jimmy-snuka;jim-neidhart,19,,02:31,151,over_top_rope,UNKNOWN,,UNKNOWN,FALSE,TRUE,UNKNOWN,FALSE,UNKNOWN,UNKNOWN,FALSE,,CONFIRMED,S016;S017,
RR1990M,14,earthquake,jimmy-snuka,ted-dibiase;smash;haku;jim-neidhart,19,,02:31,151,over_top_rope,UNKNOWN,,UNKNOWN,FALSE,TRUE,UNKNOWN,FALSE,UNKNOWN,UNKNOWN,FALSE,,CONFIRMED,S016;S017,
RR1990M,14,earthquake,jim-neidhart,ted-dibiase;smash;haku;jimmy-snuka,19,,02:31,151,over_top_rope,UNKNOWN,,UNKNOWN,FALSE,TRUE,UNKNOWN,FALSE,UNKNOWN,UNKNOWN,FALSE,,CONFIRMED,S016;S017,
RR1990M,15,dino-bravo,the-ultimate-warrior,,18,,06:13,373,over_top_rope,UNKNOWN,,UNKNOWN,TRUE,FALSE,UNKNOWN,FALSE,UNKNOWN,UNKNOWN,FALSE,,CONFIRMED,S016;S017,
RR1990M,16,smash,haku,,15,,15:01,901,over_top_rope,UNKNOWN,,UNKNOWN,TRUE,FALSE,UNKNOWN,FALSE,UNKNOWN,UNKNOWN,FALSE,,CONFIRMED,S016;S017,
RR1990M,17,jim-neidhart,the-ultimate-warrior,rick-martel,20,,08:42,522,over_top_rope,UNKNOWN,,UNKNOWN,FALSE,TRUE,UNKNOWN,FALSE,UNKNOWN,UNKNOWN,FALSE,,CONFIRMED,S016;S017,
RR1990M,17,jim-neidhart,rick-martel,the-ultimate-warrior,20,,08:42,522,over_top_rope,UNKNOWN,,UNKNOWN,FALSE,TRUE,UNKNOWN,FALSE,UNKNOWN,UNKNOWN,FALSE,,CONFIRMED,S016;S017,
RR1990M,18,ted-dibiase,the-ultimate-warrior,,1,,44:47,2687,over_top_rope,UNKNOWN,,UNKNOWN,TRUE,FALSE,UNKNOWN,FALSE,UNKNOWN,UNKNOWN,FALSE,,CONFIRMED,S016;S017,
RR1990M,19,jimmy-snuka,hulk-hogan,,17,,17:03,1023,over_top_rope,UNKNOWN,,UNKNOWN,TRUE,FALSE,UNKNOWN,FALSE,UNKNOWN,UNKNOWN,FALSE,,CONFIRMED,S016;S017,
RR1990M,20,haku,hulk-hogan,,14,,22:31,1351,over_top_rope,UNKNOWN,,UNKNOWN,TRUE,FALSE,UNKNOWN,FALSE,UNKNOWN,UNKNOWN,FALSE,,CONFIRMED,S016;S017,
RR1990M,21,tito-santana,the-ultimate-warrior,rick-martel,23,,05:09,309,over_top_rope,UNKNOWN,,UNKNOWN,FALSE,TRUE,UNKNOWN,FALSE,UNKNOWN,UNKNOWN,FALSE,,CONFIRMED,S016;S017,
RR1990M,21,tito-santana,rick-martel,the-ultimate-warrior,23,,05:09,309,over_top_rope,UNKNOWN,,UNKNOWN,FALSE,TRUE,UNKNOWN,FALSE,UNKNOWN,UNKNOWN,FALSE,,CONFIRMED,S016;S017,
RR1990M,22,the-honky-tonk-man,hulk-hogan,,24,,04:01,241,over_top_rope,UNKNOWN,,UNKNOWN,TRUE,FALSE,UNKNOWN,FALSE,UNKNOWN,UNKNOWN,FALSE,,CONFIRMED,S016;S017,
RR1990M,23,shawn-michaels,the-ultimate-warrior,,26,,00:12,12,over_top_rope,UNKNOWN,,UNKNOWN,TRUE,FALSE,UNKNOWN,FALSE,UNKNOWN,UNKNOWN,FALSE,,CONFIRMED,S016;S017,
RR1990M,24,rick-martel,the-ultimate-warrior,,22,,08:14,494,over_top_rope,UNKNOWN,,UNKNOWN,TRUE,FALSE,UNKNOWN,FALSE,UNKNOWN,UNKNOWN,FALSE,,CONFIRMED,S016;S017,
RR1990M,25,the-ultimate-warrior,hulk-hogan,rick-rude;the-barbarian,21,,14:29,869,over_top_rope,UNKNOWN,,UNKNOWN,FALSE,TRUE,UNKNOWN,FALSE,UNKNOWN,UNKNOWN,FALSE,,CONFIRMED,S016;S017,
RR1990M,25,the-ultimate-warrior,rick-rude,hulk-hogan;the-barbarian,21,,14:29,869,over_top_rope,UNKNOWN,,UNKNOWN,FALSE,TRUE,UNKNOWN,FALSE,UNKNOWN,UNKNOWN,FALSE,,CONFIRMED,S016;S017,
RR1990M,25,the-ultimate-warrior,the-barbarian,hulk-hogan;rick-rude,21,,14:29,869,over_top_rope,UNKNOWN,,UNKNOWN,FALSE,TRUE,UNKNOWN,FALSE,UNKNOWN,UNKNOWN,FALSE,,CONFIRMED,S016;S017,
RR1990M,26,the-barbarian,hercules,,27,,05:47,347,over_top_rope,UNKNOWN,,UNKNOWN,TRUE,FALSE,UNKNOWN,FALSE,UNKNOWN,UNKNOWN,FALSE,,CONFIRMED,S016;S017,
RR1990M,27,hercules,rick-rude,,29,,03:02,182,over_top_rope,UNKNOWN,,UNKNOWN,TRUE,FALSE,UNKNOWN,FALSE,UNKNOWN,UNKNOWN,FALSE,,CONFIRMED,S016;S017,
RR1990M,28,rick-rude,mr-perfect,,28,,06:29,389,over_top_rope,UNKNOWN,,UNKNOWN,TRUE,FALSE,UNKNOWN,FALSE,UNKNOWN,UNKNOWN,FALSE,,CONFIRMED,S016;S017,
RR1990M,29,mr-perfect,hulk-hogan,,30,,03:32,212,over_top_rope,UNKNOWN,,UNKNOWN,TRUE,FALSE,UNKNOWN,FALSE,UNKNOWN,UNKNOWN,FALSE,,CONFIRMED,S016;S017,
RR1991M,1,dino-bravo,greg-valentine,,2,,3:08,188,over_top_rope,UNKNOWN,,UNKNOWN,TRUE,FALSE,UNKNOWN,FALSE,UNKNOWN,UNKNOWN,FALSE,,CONFIRMED,S026;S040;S118;S119,
RR1991M,2,saba-simba,rick-martel,,7,,2:28,148,over_top_rope,UNKNOWN,,UNKNOWN,TRUE,FALSE,UNKNOWN,FALSE,UNKNOWN,UNKNOWN,FALSE,,CONFIRMED,S026;S040;S118;S119,
RR1991M,3,paul-roma,jake-roberts,,4,,14:06,846,over_top_rope,UNKNOWN,,UNKNOWN,TRUE,FALSE,UNKNOWN,FALSE,UNKNOWN,UNKNOWN,TRUE,,CONFIRMED,S026;S040;S118;S119;S037,Jake Roberts ducked a charge and Roma went over the top. Wikipedia's own table alone classifies this as a self-elimination; 3 independent sources plus TJR's narrative review agree Jake Roberts caused it -- see flag.
RR1991M,4,bret-hart,the-undertaker,,1,,20:39,1239,over_top_rope,UNKNOWN,,UNKNOWN,TRUE,FALSE,UNKNOWN,FALSE,UNKNOWN,UNKNOWN,FALSE,,CONFIRMED,S018;S019,
RR1991M,5,butch-miller,the-undertaker,,8,,10:09,609,over_top_rope,UNKNOWN,,UNKNOWN,TRUE,FALSE,UNKNOWN,FALSE,UNKNOWN,UNKNOWN,FALSE,,CONFIRMED,S026;S040;S118;S119,
RR1991M,6,jake-roberts,rick-martel,,9,,13:01,781,over_top_rope,UNKNOWN,,UNKNOWN,TRUE,FALSE,UNKNOWN,FALSE,UNKNOWN,UNKNOWN,FALSE,,CONFIRMED,S026;S040;S118;S119,
RR1991M,7,texas-tornado,the-undertaker,,5,,24:21,1461,over_top_rope,UNKNOWN,,UNKNOWN,TRUE,FALSE,UNKNOWN,FALSE,UNKNOWN,UNKNOWN,FALSE,,CONFIRMED,S026;S040;S118;S119,
RR1991M,8,jimmy-snuka,hawk,,13,,8:09,489,over_top_rope,UNKNOWN,,UNKNOWN,TRUE,FALSE,UNKNOWN,FALSE,UNKNOWN,UNKNOWN,FALSE,,CONFIRMED,S026;S040;S118;S119,
RR1991M,9,the-undertaker,hawk,animal,12,,14:19,859,over_top_rope,UNKNOWN,,UNKNOWN,FALSE,TRUE,UNKNOWN,FALSE,UNKNOWN,UNKNOWN,FALSE,undertaker_hawk_animal,CONFIRMED,S026;S040;S118;S119,
RR1991M,9,the-undertaker,animal,hawk,12,,14:19,859,over_top_rope,UNKNOWN,,UNKNOWN,FALSE,TRUE,UNKNOWN,FALSE,UNKNOWN,UNKNOWN,FALSE,undertaker_hawk_animal,CONFIRMED,S026;S040;S118;S119,
RR1991M,10,hawk,rick-martel,hercules,16,,6:40,400,over_top_rope,UNKNOWN,,UNKNOWN,FALSE,TRUE,UNKNOWN,FALSE,UNKNOWN,UNKNOWN,FALSE,hawk_martel_hercules,CONFIRMED,S026;S040;S118;S119,
RR1991M,10,hawk,hercules,rick-martel,16,,6:40,400,over_top_rope,UNKNOWN,,UNKNOWN,FALSE,TRUE,UNKNOWN,FALSE,UNKNOWN,UNKNOWN,FALSE,hawk_martel_hercules,CONFIRMED,S026;S040;S118;S119,
RR1991M,11,animal,earthquake,,19,,6:41,401,over_top_rope,UNKNOWN,,UNKNOWN,TRUE,FALSE,UNKNOWN,FALSE,UNKNOWN,UNKNOWN,FALSE,,CONFIRMED,S026;S040;S118;S119,
RR1991M,12,jim-duggan,mr-perfect,,21,,4:45,285,over_top_rope,UNKNOWN,,UNKNOWN,TRUE,FALSE,UNKNOWN,FALSE,UNKNOWN,UNKNOWN,FALSE,,CONFIRMED,S026;S040;S118;S119,
RR1991M,13,smash,hulk-hogan,,15,,18:28,1108,over_top_rope,UNKNOWN,,UNKNOWN,TRUE,FALSE,UNKNOWN,FALSE,UNKNOWN,UNKNOWN,FALSE,,CONFIRMED,S026;S040;S118;S119,
RR1991M,14,greg-valentine,hulk-hogan,,3,,44:13,2653,over_top_rope,UNKNOWN,,UNKNOWN,TRUE,FALSE,UNKNOWN,FALSE,UNKNOWN,UNKNOWN,FALSE,,CONFIRMED,S018;S019,
RR1991M,15,tito-santana,earthquake,,11,,30:31,1831,over_top_rope,UNKNOWN,,UNKNOWN,TRUE,FALSE,UNKNOWN,FALSE,UNKNOWN,UNKNOWN,FALSE,,CONFIRMED,S026;S040;S118;S119,
RR1991M,16,luke-williams,earthquake,,27,,0:04,4,over_top_rope,UNKNOWN,,UNKNOWN,TRUE,FALSE,UNKNOWN,FALSE,UNKNOWN,UNKNOWN,FALSE,,CONFIRMED,S018;S019,
RR1991M,17,hercules,brian-knobbs,,10,,37:45,2265,over_top_rope,UNKNOWN,,UNKNOWN,TRUE,FALSE,UNKNOWN,FALSE,UNKNOWN,UNKNOWN,FALSE,,CONFIRMED,S026;S040;S118;S119,
RR1991M,18,demolition-crush,hulk-hogan,,20,,18:38,1118,over_top_rope,UNKNOWN,,UNKNOWN,TRUE,FALSE,UNKNOWN,FALSE,UNKNOWN,UNKNOWN,FALSE,,CONFIRMED,S026;S040;S118;S119,
RR1991M,19,the-warlord,hulk-hogan,,29,,1:37,97,over_top_rope,UNKNOWN,,UNKNOWN,TRUE,FALSE,UNKNOWN,FALSE,UNKNOWN,UNKNOWN,FALSE,,CONFIRMED,S026;S040;S118;S119;S037,"Wikipedia's table alone leaves this cell blank; 3 independent sources plus TJR's narrative ('Hogan eliminated Warlord with a clothesline') agree. Treated as a data gap in that one table, not a genuine conflict."
RR1991M,20,shane-douglas,brian-knobbs,,17,,26:31,1591,over_top_rope,UNKNOWN,,UNKNOWN,TRUE,FALSE,UNKNOWN,FALSE,UNKNOWN,UNKNOWN,FALSE,,CONFIRMED,S026;S040;S118;S119,
RR1991M,21,tugboat,hulk-hogan,,30,,2:33,153,over_top_rope,UNKNOWN,,UNKNOWN,TRUE,FALSE,UNKNOWN,FALSE,UNKNOWN,UNKNOWN,FALSE,,CONFIRMED,S026;S040;S118;S119;S037,Same Wikipedia-table-gap situation as The Warlord above; 3 sources plus TJR's narrative ('Hogan threw him out on the other side of the ring' after Tugboat tried to eliminate Hogan first) agree.
RR1991M,22,mr-perfect,british-bulldog,,23,,16:17,977,over_top_rope,UNKNOWN,,UNKNOWN,TRUE,FALSE,UNKNOWN,FALSE,UNKNOWN,UNKNOWN,FALSE,,CONFIRMED,S026;S040;S118;S119,
RR1991M,23,jim-neidhart,rick-martel,,26,,11:12,672,over_top_rope,UNKNOWN,,UNKNOWN,TRUE,FALSE,UNKNOWN,FALSE,UNKNOWN,UNKNOWN,FALSE,,CONFIRMED,S026;S040;S118;S119,
RR1991M,24,haku,british-bulldog,,25,,13:25,805,over_top_rope,UNKNOWN,,UNKNOWN,TRUE,FALSE,UNKNOWN,FALSE,UNKNOWN,UNKNOWN,FALSE,,CONFIRMED,S026;S040;S118;S119,
RR1991M,25,rick-martel,british-bulldog,,6,,52:30,3150,over_top_rope,UNKNOWN,,UNKNOWN,TRUE,FALSE,UNKNOWN,FALSE,UNKNOWN,UNKNOWN,FALSE,,CONFIRMED,S018;S019,
RR1991M,26,british-bulldog,earthquake,brian-knobbs,14,,36:50,2210,over_top_rope,UNKNOWN,,UNKNOWN,FALSE,TRUE,UNKNOWN,FALSE,UNKNOWN,UNKNOWN,FALSE,bulldog_earthquake_knobbs,CONFIRMED,S026;S040;S118;S119,
RR1991M,26,british-bulldog,brian-knobbs,earthquake,14,,36:50,2210,over_top_rope,UNKNOWN,,UNKNOWN,FALSE,TRUE,UNKNOWN,FALSE,UNKNOWN,UNKNOWN,FALSE,bulldog_earthquake_knobbs,CONFIRMED,S026;S040;S118;S119,
RR1991M,27,brian-knobbs,hulk-hogan,,28,,10:08,608,over_top_rope,UNKNOWN,,UNKNOWN,TRUE,FALSE,UNKNOWN,FALSE,UNKNOWN,UNKNOWN,FALSE,,CONFIRMED,S018;S019,
RR1991M,28,earthquake,hulk-hogan,,22,,24:46,1486,over_top_rope,UNKNOWN,,UNKNOWN,TRUE,FALSE,UNKNOWN,FALSE,UNKNOWN,UNKNOWN,FALSE,,CONFIRMED,S018;S019,
RR1992M,1,ted-dibiase,british-bulldog,,2,,1:19,79,over_top_rope,UNKNOWN,,UNKNOWN,TRUE,FALSE,FALSE,FALSE,UNKNOWN,UNKNOWN,FALSE,,CONFIRMED,S020;S021,
RR1992M,2,jerry-sags,british-bulldog,,4,,1:05,65,over_top_rope,UNKNOWN,,UNKNOWN,TRUE,FALSE,UNKNOWN,FALSE,UNKNOWN,UNKNOWN,FALSE,,CONFIRMED,S026;S041;S042;S037,
RR1992M,3,haku,british-bulldog,,5,,1:52,112,over_top_rope,UNKNOWN,,UNKNOWN,TRUE,FALSE,UNKNOWN,FALSE,UNKNOWN,UNKNOWN,FALSE,,CONFIRMED,S041;S042;S037,
RR1992M,4,nikolai-volkoff,smash,,12,,1:04,64,over_top_rope,UNKNOWN,,UNKNOWN,TRUE,FALSE,UNKNOWN,FALSE,UNKNOWN,UNKNOWN,FALSE,,CONFIRMED,S041;S042;S037;S119,"Sourced eliminator name is 'Repo Man' -> wrestler_id 'smash', as above. Wikipedia's own table left this cell blank; 4 other sources agree."
RR1992M,5,greg-valentine,smash,,11,,4:14,254,over_top_rope,UNKNOWN,,UNKNOWN,TRUE,FALSE,UNKNOWN,FALSE,UNKNOWN,UNKNOWN,FALSE,,CONFIRMED,S026;S041;S042;S037;S119,Sourced eliminator name is 'Repo Man'; this database's existing wrestler_id for that gimmick-era Barry Darsow appearance is 'smash' (ring_name_at_time='Repo Man').
RR1992M,6,smash,big-bossman,,10,,6:26,386,over_top_rope,UNKNOWN,,UNKNOWN,TRUE,FALSE,UNKNOWN,FALSE,UNKNOWN,UNKNOWN,FALSE,,CONFIRMED,S026;S042,"Verified directly (Wikipedia's Royal Rumble (1992) elimination table; OnlineWorldOfWrestling's 1992 results page, 'Repo by Bossman before #14') rather than by one of the 5 research agents -- that agent could not find 'Smash' as a separate entrant, not knowing this database's existing convention of reusing wrestler_id 'smash' across gimmick eras (ring_name_at_time='Repo Man' for both this event and 1993)."
RR1992M,7,british-bulldog,ric-flair,,1,,23:27,1407,over_top_rope,UNKNOWN,,UNKNOWN,TRUE,FALSE,UNKNOWN,FALSE,UNKNOWN,UNKNOWN,FALSE,,CONFIRMED,S026;S041;S042;S037,
RR1992M,8,texas-tornado,ric-flair,,9,,9:21,561,over_top_rope,UNKNOWN,,UNKNOWN,TRUE,FALSE,UNKNOWN,FALSE,UNKNOWN,UNKNOWN,FALSE,,CONFIRMED,S026;S041;S042;S037,
RR1992M,9,shawn-michaels,tito-santana,,6,,15:48,948,over_top_rope,UNKNOWN,,UNKNOWN,FALSE,TRUE,FALSE,FALSE,UNKNOWN,UNKNOWN,FALSE,michaels_santana,DERIVED,S020;S021,Elimination timestamp derived/normalized against the +7:40 'Miscellaneous Notes' clock offset -- see flags.csv F029.
RR1992M,10,tito-santana,shawn-michaels,,7,,13:56,836,over_top_rope,UNKNOWN,,UNKNOWN,FALSE,TRUE,FALSE,FALSE,UNKNOWN,UNKNOWN,FALSE,michaels_santana,DERIVED,S020;S021,Elimination timestamp derived/normalized against the +7:40 'Miscellaneous Notes' clock offset -- see flags.csv F029.
RR1992M,11,the-barbarian,hercules,,8,,12:57,777,over_top_rope,UNKNOWN,,UNKNOWN,TRUE,FALSE,UNKNOWN,FALSE,UNKNOWN,UNKNOWN,FALSE,,CONFIRMED,S026;S041;S042;S037,
RR1992M,12,hercules,big-bossman,,14,,0:56,56,over_top_rope,UNKNOWN,,UNKNOWN,TRUE,FALSE,UNKNOWN,FALSE,UNKNOWN,UNKNOWN,FALSE,,CONFIRMED,S026;S041;S042;S037,
RR1992M,13,big-bossman,big-bossman,,13,,3:38,218,over_top_rope,"Lunged mid-air at Ric Flair and missed, went over the top rope untouched",,UNKNOWN,TRUE,FALSE,TRUE,TRUE,UNKNOWN,UNKNOWN,FALSE,,DERIVED,S020,Elimination timestamp derived/normalized -- see flags.csv F029.
RR1992M,14,jimmy-snuka,the-undertaker,,19,,2:28,148,over_top_rope,UNKNOWN,,UNKNOWN,TRUE,FALSE,UNKNOWN,FALSE,UNKNOWN,UNKNOWN,FALSE,,CONFIRMED,S026;S041;S042;S037,
RR1992M,15,jake-roberts,randy-savage,,16,,10:56,656,over_top_rope,UNKNOWN,,UNKNOWN,TRUE,FALSE,FALSE,FALSE,TRUE,UNKNOWN,FALSE,,DERIVED,S020;S021,Elimination timestamp derived/normalized against the +7:40 'Miscellaneous Notes' clock offset -- see flags.csv F029.
RR1992M,16,col-mustafa,randy-savage,,24,,2:36,156,over_top_rope,UNKNOWN,,UNKNOWN,TRUE,FALSE,UNKNOWN,FALSE,UNKNOWN,UNKNOWN,FALSE,,CONFIRMED,S026;S041;S042;S037,
RR1992M,17,the-undertaker,hulk-hogan,,20,,13:52,832,over_top_rope,UNKNOWN,,UNKNOWN,TRUE,FALSE,UNKNOWN,FALSE,UNKNOWN,UNKNOWN,FALSE,,CONFIRMED,S026;S041;S042;S037,
RR1992M,18,the-berzerker,hulk-hogan,,22,,9:00,540,over_top_rope,UNKNOWN,,UNKNOWN,TRUE,FALSE,UNKNOWN,FALSE,UNKNOWN,UNKNOWN,FALSE,,CONFIRMED,S026;S041;S042;S037,
RR1992M,19,jim-duggan,virgil,,17,,20:47,1247,over_top_rope,UNKNOWN,,UNKNOWN,FALSE,TRUE,FALSE,FALSE,UNKNOWN,UNKNOWN,FALSE,duggan_virgil,DERIVED,S020;S021,Elimination timestamp derived/normalized against the +7:40 'Miscellaneous Notes' clock offset -- see flags.csv F029.
RR1992M,20,virgil,jim-duggan,,23,,7:30,450,over_top_rope,UNKNOWN,,UNKNOWN,FALSE,TRUE,FALSE,FALSE,UNKNOWN,UNKNOWN,FALSE,duggan_virgil,DERIVED,S020;S021,Elimination timestamp derived/normalized against the +7:40 'Miscellaneous Notes' clock offset -- see flags.csv F029.
RR1992M,21,skinner,rick-martel,,27,,2:13,133,over_top_rope,UNKNOWN,,UNKNOWN,TRUE,FALSE,UNKNOWN,FALSE,UNKNOWN,UNKNOWN,FALSE,,CONFIRMED,S026;S041;S042,
RR1992M,22,sgt-slaughter,sid-justice,,28,,4:37,277,over_top_rope,UNKNOWN,,UNKNOWN,TRUE,FALSE,UNKNOWN,FALSE,UNKNOWN,UNKNOWN,FALSE,,CONFIRMED,S026;S041;S042;S037,
RR1992M,23,irwin-r-schyster,roddy-piper,,18,,27:03,1623,over_top_rope,UNKNOWN,,UNKNOWN,TRUE,FALSE,UNKNOWN,FALSE,UNKNOWN,UNKNOWN,FALSE,,CONFIRMED,S026;S041;S042;S037,
RR1992M,24,the-warlord,hulk-hogan,sid-justice,30,,1:43,103,over_top_rope,UNKNOWN,,UNKNOWN,FALSE,TRUE,UNKNOWN,FALSE,UNKNOWN,UNKNOWN,FALSE,warlord_hogan_sid,CONFIRMED,S026;S041;S042;S037,
RR1992M,24,the-warlord,sid-justice,hulk-hogan,30,,1:43,103,over_top_rope,UNKNOWN,,UNKNOWN,FALSE,TRUE,UNKNOWN,FALSE,UNKNOWN,UNKNOWN,FALSE,warlord_hogan_sid,CONFIRMED,S026;S041;S042;S037,
RR1992M,25,rick-martel,sid-justice,,25,,12:39,759,over_top_rope,UNKNOWN,,UNKNOWN,FALSE,TRUE,FALSE,FALSE,UNKNOWN,UNKNOWN,FALSE,sid_piper_martel,DERIVED,S020;S021,Elimination timestamp derived/normalized against the +7:40 'Miscellaneous Notes' clock offset -- see flags.csv F029.
RR1992M,26,roddy-piper,sid-justice,,15,,34:08,2048,over_top_rope,UNKNOWN,,UNKNOWN,FALSE,TRUE,FALSE,FALSE,UNKNOWN,UNKNOWN,FALSE,sid_piper_martel,DERIVED,S020;S021,Elimination timestamp derived/normalized against the +7:40 'Miscellaneous Notes' clock offset -- see flags.csv F029.
RR1992M,27,randy-savage,sid-justice,,21,,22:27,1347,over_top_rope,UNKNOWN,,UNKNOWN,TRUE,FALSE,FALSE,FALSE,TRUE,UNKNOWN,FALSE,,DERIVED,S020;S021,Elimination timestamp derived/normalized against the +7:40 'Miscellaneous Notes' clock offset -- see flags.csv F029.
RR1992M,28,hulk-hogan,sid-justice,,26,,11:30,690,over_top_rope,UNKNOWN,,UNKNOWN,TRUE,FALSE,FALSE,FALSE,UNKNOWN,UNKNOWN,FALSE,,DERIVED,S020;S021,
RR1992M,29,sid-justice,ric-flair,,29,,5:56,356,over_top_rope,UNKNOWN,,UNKNOWN,TRUE,FALSE,FALSE,FALSE,UNKNOWN,UNKNOWN,FALSE,,DERIVED,S020;S021,
RR1993M,1,papa-shango,ric-flair,,3,,0:27,27,over_top_rope,UNKNOWN,,UNKNOWN,TRUE,FALSE,UNKNOWN,FALSE,UNKNOWN,UNKNOWN,FALSE,,CONFIRMED,S035;S040;S042;S052;S118,
RR1993M,2,brian-knobbs,ted-dibiase,,5,,2:59,179,over_top_rope,UNKNOWN,,UNKNOWN,TRUE,FALSE,UNKNOWN,FALSE,UNKNOWN,UNKNOWN,FALSE,,CONFIRMED,S035;S040;S042;S052,
RR1993M,3,max-moon,jerry-lawler,,8,,1:59,119,over_top_rope,UNKNOWN,,UNKNOWN,TRUE,FALSE,UNKNOWN,FALSE,UNKNOWN,UNKNOWN,FALSE,,CONFIRMED,S035;S040;S042;S052,
RR1993M,4,ric-flair,mr-perfect,,1,,18:41,1121,over_top_rope,UNKNOWN,,UNKNOWN,TRUE,FALSE,FALSE,FALSE,UNKNOWN,UNKNOWN,FALSE,,CONFIRMED,S027;S028,
RR1993M,5,skinner,mr-perfect,,11,,3:05,185,over_top_rope,UNKNOWN,,UNKNOWN,TRUE,FALSE,UNKNOWN,FALSE,UNKNOWN,UNKNOWN,FALSE,,CONFIRMED,S035;S040;S042;S052,
RR1993M,6,jerry-lawler,mr-perfect,,7,,14:36,876,over_top_rope,UNKNOWN,,UNKNOWN,TRUE,FALSE,UNKNOWN,FALSE,UNKNOWN,UNKNOWN,FALSE,,CONFIRMED,S035;S040;S042;S052,
RR1993M,7,virgil,the-berzerker,,6,,17:10,1030,over_top_rope,UNKNOWN,,UNKNOWN,TRUE,FALSE,UNKNOWN,FALSE,UNKNOWN,UNKNOWN,FALSE,,CONFIRMED,S035;S040;S042;S052,
RR1993M,8,mr-perfect,ted-dibiase,koko-b-ware;jerry-lawler,10,,9:15,555,over_top_rope,UNKNOWN,,UNKNOWN,FALSE,TRUE,UNKNOWN,FALSE,UNKNOWN,UNKNOWN,TRUE,perfect_dibiase_koko_lawler,CONFIRMED,S035;S040;S042;S052;S120,"Per Wikipedia's own footnote, Lawler had already been eliminated himself earlier in the match but assisted from ringside. One source (WrestlingRecaps.com) names Yokozuna instead of Koko B. Ware as the third contributor; 4 other sources (Wikipedia, AllRumbleStats, OWW, Grokipedia) agree on Koko B. Ware -- see flag."
RR1993M,8,mr-perfect,koko-b-ware,ted-dibiase;jerry-lawler,10,,9:15,555,over_top_rope,UNKNOWN,,UNKNOWN,FALSE,TRUE,UNKNOWN,FALSE,UNKNOWN,UNKNOWN,TRUE,perfect_dibiase_koko_lawler,CONFIRMED,S035;S040;S042;S052;S120,"Per Wikipedia's own footnote, Lawler had already been eliminated himself earlier in the match but assisted from ringside. One source (WrestlingRecaps.com) names Yokozuna instead of Koko B. Ware as the third contributor; 4 other sources (Wikipedia, AllRumbleStats, OWW, Grokipedia) agree on Koko B. Ware -- see flag."
RR1993M,8,mr-perfect,jerry-lawler,ted-dibiase;koko-b-ware,10,,9:15,555,over_top_rope,UNKNOWN,,UNKNOWN,FALSE,TRUE,UNKNOWN,FALSE,UNKNOWN,UNKNOWN,TRUE,perfect_dibiase_koko_lawler,CONFIRMED,S035;S040;S042;S052;S120,"Per Wikipedia's own footnote, Lawler had already been eliminated himself earlier in the match but assisted from ringside. One source (WrestlingRecaps.com) names Yokozuna instead of Koko B. Ware as the third contributor; 4 other sources (Wikipedia, AllRumbleStats, OWW, Grokipedia) agree on Koko B. Ware -- see flag."
RR1993M,9,samu,the-undertaker,,13,,4:50,290,over_top_rope,UNKNOWN,,UNKNOWN,TRUE,FALSE,UNKNOWN,FALSE,UNKNOWN,UNKNOWN,FALSE,,CONFIRMED,S035;S040;S042;S052,
RR1993M,10,genichiro-tenryu,the-undertaker,,9,,13:17,797,over_top_rope,UNKNOWN,,UNKNOWN,TRUE,FALSE,UNKNOWN,FALSE,UNKNOWN,UNKNOWN,FALSE,,CONFIRMED,S035;S040;S042;S052,
RR1993M,11,koko-b-ware,ted-dibiase,,12,,8:31,511,over_top_rope,UNKNOWN,,UNKNOWN,TRUE,FALSE,UNKNOWN,FALSE,UNKNOWN,UNKNOWN,FALSE,,CONFIRMED,S035;S040;S042;S052,
RR1993M,12,red-rooster,ted-dibiase,,16,,0:24,24,over_top_rope,UNKNOWN,,UNKNOWN,TRUE,FALSE,UNKNOWN,FALSE,UNKNOWN,UNKNOWN,FALSE,,CONFIRMED,S035;S040;S042;S052;S120;S118,"Billed simply as 'Terry Taylor' for this event (Red Rooster gimmick had ended in 1989) -- already correctly reflected in this database's ring_name_at_time field, no change needed there. Recorded the shortest stay in the match (0:24)."
RR1993M,13,ted-dibiase,the-undertaker,,4,,24:57,1497,over_top_rope,UNKNOWN,,UNKNOWN,TRUE,FALSE,UNKNOWN,FALSE,UNKNOWN,UNKNOWN,FALSE,,CONFIRMED,S035;S040;S042;S052,
RR1993M,14,the-berzerker,the-undertaker,,14,,5:21,321,over_top_rope,UNKNOWN,,UNKNOWN,TRUE,FALSE,UNKNOWN,FALSE,UNKNOWN,UNKNOWN,FALSE,,CONFIRMED,S040;S042;S052;S120;S037,"Wikipedia's own table cell for this row was blank; 5 other sources agree, including TJR's narrative ('Undertaker eliminates The Berzerker with a backdrop')."
RR1993M,15,the-undertaker,giant-gonzalez,,15,,4:14,254,over_top_rope,"Giant Gonzalez (a non-entrant interloper) ran in and attacked Undertaker, knocking him out of the ring -- see flags.csv F053.",,UNKNOWN,TRUE,FALSE,FALSE,FALSE,TRUE,UNKNOWN,FALSE,,PROBABLE,S027;S028,Giant Gonzalez was not an official Rumble entrant -- see F053.
RR1993M,16,tugboat,earthquake,,21,,5:13,313,over_top_rope,UNKNOWN,,UNKNOWN,TRUE,FALSE,UNKNOWN,FALSE,UNKNOWN,UNKNOWN,FALSE,,CONFIRMED,S035;S040;S042;S052,Billed as 'Typhoon' for this event.
RR1993M,17,damien-demento,carlos-colon,,17,,12:21,741,over_top_rope,UNKNOWN,,UNKNOWN,TRUE,FALSE,UNKNOWN,FALSE,UNKNOWN,UNKNOWN,FALSE,,CONFIRMED,S035;S040;S042;S052;S037,
RR1993M,18,fatu,bob-backlund,,22,,6:31,391,over_top_rope,UNKNOWN,,UNKNOWN,TRUE,FALSE,UNKNOWN,FALSE,UNKNOWN,UNKNOWN,FALSE,,CONFIRMED,S035;S040;S042;S052,
RR1993M,19,irwin-r-schyster,earthquake,,18,,15:56,956,over_top_rope,UNKNOWN,,UNKNOWN,TRUE,FALSE,UNKNOWN,FALSE,UNKNOWN,UNKNOWN,FALSE,,CONFIRMED,S035;S040;S042;S052,
RR1993M,20,tatanka,yokozuna,,19,,17:37,1057,over_top_rope,UNKNOWN,,UNKNOWN,TRUE,FALSE,UNKNOWN,FALSE,UNKNOWN,UNKNOWN,FALSE,,CONFIRMED,S035;S040;S042;S052,
RR1993M,21,carlos-colon,yokozuna,,24,,7:25,445,over_top_rope,UNKNOWN,,UNKNOWN,TRUE,FALSE,UNKNOWN,FALSE,UNKNOWN,UNKNOWN,FALSE,,CONFIRMED,S040;S042;S052;S120;S119,Wikipedia's own table cell was blank; 5 other sources agree.
RR1993M,22,earthquake,yokozuna,,23,,11:02,662,over_top_rope,UNKNOWN,,UNKNOWN,TRUE,FALSE,UNKNOWN,FALSE,UNKNOWN,UNKNOWN,FALSE,,CONFIRMED,S035;S040;S042;S052,
RR1993M,23,tito-santana,yokozuna,,25,,11:03,663,over_top_rope,UNKNOWN,,UNKNOWN,TRUE,FALSE,UNKNOWN,FALSE,UNKNOWN,UNKNOWN,FALSE,,CONFIRMED,S040;S042;S052;S120;S119,"Wrestling as 'El Matador' this event, per TJR's review text. Wikipedia's own table cell was blank; 5 other sources agree."
RR1993M,24,jerry-sags,owen-hart,,20,,21:51,1311,over_top_rope,UNKNOWN,,UNKNOWN,TRUE,FALSE,UNKNOWN,FALSE,UNKNOWN,UNKNOWN,FALSE,,CONFIRMED,S035;S040;S042;S119,"One source's (ProWrestling Fandom Wiki) automated extraction returned 'Bret Hart', who was not in this match at all -- treated as a site/extraction error, not a genuine conflict, given 4-source agreement on Owen Hart."
RR1993M,25,owen-hart,yokozuna,,28,,5:39,339,over_top_rope,UNKNOWN,,UNKNOWN,TRUE,FALSE,UNKNOWN,FALSE,UNKNOWN,UNKNOWN,FALSE,,CONFIRMED,S035;S040;S042;S052,
RR1993M,26,smash,randy-savage,,29,,3:33,213,over_top_rope,UNKNOWN,,UNKNOWN,TRUE,FALSE,UNKNOWN,FALSE,UNKNOWN,UNKNOWN,FALSE,,CONFIRMED,S035;S040;S042;S052;S119,Wrestling as 'Repo Man' this event (see 1992 notes above on this wrestler_id).
RR1993M,27,rick-martel,bob-backlund,,26,,11:23,683,over_top_rope,UNKNOWN,,UNKNOWN,TRUE,FALSE,UNKNOWN,FALSE,UNKNOWN,UNKNOWN,FALSE,,CONFIRMED,S035;S040;S042;S052,
RR1993M,28,bob-backlund,yokozuna,,2,,61:16,3676,over_top_rope,UNKNOWN,,UNKNOWN,TRUE,FALSE,FALSE,FALSE,UNKNOWN,UNKNOWN,FALSE,,CONFIRMED,S027;S028,
RR1993M,29,randy-savage,yokozuna,,30,,9:02,542,over_top_rope,Yokozuna pushed Savage off a pin attempt; Savage's momentum carried him over the top rope -- see flags.csv F054 for the self-elimination-adjacent ambiguity.,,UNKNOWN,TRUE,FALSE,FALSE,FALSE,TRUE,UNKNOWN,TRUE,,PROBABLE,S027;S028,"Savage's own momentum/jump after being pushed off a cover attempt reads closer to a self-elimination than a clean toss; credited to Yokozuna since his shove directly triggered it, but flagged as disputed -- see F054."
RR1994M,1,samu,scott-steiner,,2,,,,over_the_top_rope,,,UNKNOWN,TRUE,FALSE,FALSE,FALSE,FALSE,FALSE,FALSE,,CONFIRMED,S035;S024;S466;S481,"Eliminated  -- entry order and eliminator CONFIRMED (Wikipedia + PWDB agree); exact elimination timestamp/order is UNKNOWN, no source states it. Elimination rank independently cross-checked against S481."
RR1994M,2,rick-steiner,owen-hart,,3,,,,over_the_top_rope,,,UNKNOWN,TRUE,FALSE,FALSE,FALSE,FALSE,FALSE,FALSE,,CONFIRMED,S035;S024;S466;S481,"Eliminated  -- entry order and eliminator CONFIRMED (Wikipedia + PWDB agree); exact elimination timestamp/order is UNKNOWN, no source states it. Elimination rank independently cross-checked against S481."
RR1994M,3,bart-gunn,diesel,,6,,,,over_the_top_rope,,,UNKNOWN,TRUE,FALSE,FALSE,FALSE,FALSE,FALSE,FALSE,,CONFIRMED,S035;S024;S466;S481,"Eliminated  -- entry order and eliminator CONFIRMED (Wikipedia + PWDB agree); exact elimination timestamp/order is UNKNOWN, no source states it. Elimination rank independently cross-checked against S481."
RR1994M,4,scott-steiner,diesel,,1,,,,over_the_top_rope,,,UNKNOWN,TRUE,FALSE,FALSE,FALSE,FALSE,FALSE,FALSE,,CONFIRMED,S035;S024;S466;S481,"Eliminated  -- entry order and eliminator CONFIRMED (Wikipedia + PWDB agree); exact elimination timestamp/order is UNKNOWN, no source states it. Elimination rank independently cross-checked against S481."
RR1994M,5,owen-hart,diesel,,5,,,,over_the_top_rope,,,UNKNOWN,TRUE,FALSE,FALSE,FALSE,FALSE,FALSE,FALSE,,CONFIRMED,S035;S024;S466;S481,"Eliminated  -- entry order and eliminator CONFIRMED (Wikipedia + PWDB agree); exact elimination timestamp/order is UNKNOWN, no source states it. Elimination rank independently cross-checked against S481."
RR1994M,6,kwang,diesel,,4,,,,over_the_top_rope,,,UNKNOWN,TRUE,FALSE,FALSE,FALSE,FALSE,FALSE,FALSE,,CONFIRMED,S035;S024;S466;S481,"Eliminated  -- entry order and eliminator CONFIRMED (Wikipedia + PWDB agree); exact elimination timestamp/order is UNKNOWN, no source states it. Elimination rank independently cross-checked against S481."
RR1994M,7,bob-backlund,diesel,,8,,,,over_the_top_rope,,,UNKNOWN,TRUE,FALSE,FALSE,FALSE,FALSE,FALSE,FALSE,,CONFIRMED,S035;S024;S466;S481,"Eliminated  -- entry order and eliminator CONFIRMED (Wikipedia + PWDB agree); exact elimination timestamp/order is UNKNOWN, no source states it. Elimination rank independently cross-checked against S481."
RR1994M,8,billy-gunn,diesel,,9,,,,over_the_top_rope,,,UNKNOWN,TRUE,FALSE,FALSE,FALSE,FALSE,FALSE,FALSE,,CONFIRMED,S035;S024;S466;S481,"Eliminated  -- entry order and eliminator CONFIRMED (Wikipedia + PWDB agree); exact elimination timestamp/order is UNKNOWN, no source states it. Elimination rank independently cross-checked against S481."
RR1994M,9,virgil,diesel,,10,,,,over_the_top_rope,,,UNKNOWN,TRUE,FALSE,FALSE,FALSE,FALSE,FALSE,FALSE,,CONFIRMED,S035;S024;S466;S481,"Eliminated  -- entry order and eliminator CONFIRMED (Wikipedia + PWDB agree); exact elimination timestamp/order is UNKNOWN, no source states it. Elimination rank independently cross-checked against S481."
RR1994M,10,jeff-jarrett,randy-savage,,12,,,,over_the_top_rope,,,UNKNOWN,TRUE,FALSE,FALSE,FALSE,FALSE,FALSE,FALSE,,CONFIRMED,S035;S024;S466;S481,"Eliminated  -- entry order and eliminator CONFIRMED (Wikipedia + PWDB agree); exact elimination timestamp/order is UNKNOWN, no source states it. Elimination rank independently cross-checked against S481."
RR1994M,11,randy-savage,demolition-crush,,11,,,,over_the_top_rope,,,UNKNOWN,TRUE,FALSE,FALSE,FALSE,FALSE,FALSE,FALSE,,CONFIRMED,S035;S024;S466;S481,"Eliminated  -- entry order and eliminator CONFIRMED (Wikipedia + PWDB agree); exact elimination timestamp/order is UNKNOWN, no source states it. Elimination rank independently cross-checked against S481."
RR1994M,12,doink,bam-bam-bigelow,,14,,,,over_the_top_rope,,,UNKNOWN,TRUE,FALSE,FALSE,FALSE,FALSE,FALSE,FALSE,,CONFIRMED,S035;S024;S466;S481,"Eliminated  -- entry order and eliminator CONFIRMED (Wikipedia + PWDB agree); exact elimination timestamp/order is UNKNOWN, no source states it. Elimination rank independently cross-checked against S481."
RR1994M,13,diesel,demolition-crush,bam-bam-bigelow;mabel;sparky-plugg;shawn-michaels,7,,,,over_the_top_rope,,,UNKNOWN,FALSE,TRUE,FALSE,FALSE,FALSE,FALSE,FALSE,1994_diesel,CONFIRMED,S035;S024;S466;S481,"Eliminated jointly with bam-bam-bigelow, mabel, sparky-plugg, shawn-michaels -- entry order and eliminator CONFIRMED (Wikipedia + PWDB agree); exact elimination timestamp/order is UNKNOWN, no source states it. Elimination rank independently cross-checked against S481."
RR1994M,13,diesel,bam-bam-bigelow,demolition-crush;mabel;sparky-plugg;shawn-michaels,7,,,,over_the_top_rope,,,UNKNOWN,FALSE,TRUE,FALSE,FALSE,FALSE,FALSE,FALSE,1994_diesel,CONFIRMED,S035;S024;S466;S481,"Eliminated jointly with demolition-crush, mabel, sparky-plugg, shawn-michaels -- entry order and eliminator CONFIRMED (Wikipedia + PWDB agree); exact elimination timestamp/order is UNKNOWN, no source states it. Elimination rank independently cross-checked against S481."
RR1994M,13,diesel,mabel,demolition-crush;bam-bam-bigelow;sparky-plugg;shawn-michaels,7,,,,over_the_top_rope,,,UNKNOWN,FALSE,TRUE,FALSE,FALSE,FALSE,FALSE,FALSE,1994_diesel,CONFIRMED,S035;S024;S466;S481,"Eliminated jointly with demolition-crush, bam-bam-bigelow, sparky-plugg, shawn-michaels -- entry order and eliminator CONFIRMED (Wikipedia + PWDB agree); exact elimination timestamp/order is UNKNOWN, no source states it. Elimination rank independently cross-checked against S481."
RR1994M,13,diesel,sparky-plugg,demolition-crush;bam-bam-bigelow;mabel;shawn-michaels,7,,,,over_the_top_rope,,,UNKNOWN,FALSE,TRUE,FALSE,FALSE,FALSE,FALSE,FALSE,1994_diesel,CONFIRMED,S035;S024;S466;S481,"Eliminated jointly with demolition-crush, bam-bam-bigelow, mabel, shawn-michaels -- entry order and eliminator CONFIRMED (Wikipedia + PWDB agree); exact elimination timestamp/order is UNKNOWN, no source states it. Elimination rank independently cross-checked against S481."
RR1994M,13,diesel,shawn-michaels,demolition-crush;bam-bam-bigelow;mabel;sparky-plugg,7,,,,over_the_top_rope,,,UNKNOWN,FALSE,TRUE,FALSE,FALSE,FALSE,FALSE,FALSE,1994_diesel,CONFIRMED,S035;S024;S466;S481,"Eliminated jointly with demolition-crush, bam-bam-bigelow, mabel, sparky-plugg -- entry order and eliminator CONFIRMED (Wikipedia + PWDB agree); exact elimination timestamp/order is UNKNOWN, no source states it. Elimination rank independently cross-checked against S481."
RR1994M,14,mabel,demolition-crush,sparky-plugg;tatanka;great-kabuki;bam-bam-bigelow;shawn-michaels;greg-valentine,16,13,,,over_the_top_rope,Eliminated over the top rope.,,UNKNOWN,FALSE,TRUE,FALSE,FALSE,FALSE,FALSE,FALSE,,PROBABLE,S466;S481,"Absolute elimination clock time remains UNKNOWN; cited tables provide survival time, not match-clock timestamp. Elimination rank independently cross-checked against S481."
RR1994M,15,great-kabuki,lex-luger,,22,,,,over_the_top_rope,,,UNKNOWN,TRUE,FALSE,FALSE,FALSE,FALSE,FALSE,FALSE,,CONFIRMED,S035;S024;S466;S481,"Eliminated  -- entry order and eliminator CONFIRMED (Wikipedia + PWDB agree); exact elimination timestamp/order is UNKNOWN, no source states it. Elimination rank independently cross-checked against S481."
RR1994M,16,demolition-crush,bam-bam-bigelow,sparky-plugg;lex-luger;bret-hart,13,,,,over_the_top_rope,,,UNKNOWN,FALSE,TRUE,FALSE,FALSE,FALSE,FALSE,FALSE,1994_demolition-crush,CONFIRMED,S035;S024;S466;S481,"Eliminated jointly with sparky-plugg, lex-luger, bret-hart -- entry order and eliminator CONFIRMED (Wikipedia + PWDB agree); exact elimination timestamp/order is UNKNOWN, no source states it. Elimination rank independently cross-checked against S481."
RR1994M,16,demolition-crush,sparky-plugg,bam-bam-bigelow;lex-luger;bret-hart,13,,,,over_the_top_rope,,,UNKNOWN,FALSE,TRUE,FALSE,FALSE,FALSE,FALSE,FALSE,1994_demolition-crush,CONFIRMED,S035;S024;S466;S481,"Eliminated jointly with bam-bam-bigelow, lex-luger, bret-hart -- entry order and eliminator CONFIRMED (Wikipedia + PWDB agree); exact elimination timestamp/order is UNKNOWN, no source states it. Elimination rank independently cross-checked against S481."
RR1994M,16,demolition-crush,lex-luger,bam-bam-bigelow;sparky-plugg;bret-hart,13,,,,over_the_top_rope,,,UNKNOWN,FALSE,TRUE,FALSE,FALSE,FALSE,FALSE,FALSE,1994_demolition-crush,CONFIRMED,S035;S024;S466;S481,"Eliminated jointly with bam-bam-bigelow, sparky-plugg, bret-hart -- entry order and eliminator CONFIRMED (Wikipedia + PWDB agree); exact elimination timestamp/order is UNKNOWN, no source states it. Elimination rank independently cross-checked against S481."
RR1994M,16,demolition-crush,bret-hart,bam-bam-bigelow;sparky-plugg;lex-luger,13,,,,over_the_top_rope,,,UNKNOWN,FALSE,TRUE,FALSE,FALSE,FALSE,FALSE,FALSE,1994_demolition-crush,CONFIRMED,S035;S024;S466;S481,"Eliminated jointly with bam-bam-bigelow, sparky-plugg, lex-luger -- entry order and eliminator CONFIRMED (Wikipedia + PWDB agree); exact elimination timestamp/order is UNKNOWN, no source states it. Elimination rank independently cross-checked against S481."
RR1994M,17,sparky-plugg,shawn-michaels,bret-hart,17,,,,over_the_top_rope,,,UNKNOWN,FALSE,TRUE,FALSE,FALSE,FALSE,FALSE,FALSE,1994_sparky-plugg,CONFIRMED,S035;S024;S466;S481,"Eliminated jointly with bret-hart -- entry order and eliminator CONFIRMED (Wikipedia + PWDB agree); exact elimination timestamp/order is UNKNOWN, no source states it. Elimination rank independently cross-checked against S481."
RR1994M,17,sparky-plugg,bret-hart,shawn-michaels,17,,,,over_the_top_rope,,,UNKNOWN,FALSE,TRUE,FALSE,FALSE,FALSE,FALSE,FALSE,1994_sparky-plugg,CONFIRMED,S035;S024;S466;S481,"Eliminated jointly with shawn-michaels -- entry order and eliminator CONFIRMED (Wikipedia + PWDB agree); exact elimination timestamp/order is UNKNOWN, no source states it. Elimination rank independently cross-checked against S481."
RR1994M,18,greg-valentine,rick-martel,,20,,,,over_the_top_rope,,,UNKNOWN,TRUE,FALSE,FALSE,FALSE,FALSE,FALSE,FALSE,,CONFIRMED,S035;S024;S466;S481,"Eliminated  -- entry order and eliminator CONFIRMED (Wikipedia + PWDB agree); exact elimination timestamp/order is UNKNOWN, no source states it. Elimination rank independently cross-checked against S481."
RR1994M,19,rick-martel,tatanka,,26,,,,over_the_top_rope,,,UNKNOWN,TRUE,FALSE,FALSE,FALSE,FALSE,FALSE,FALSE,,CONFIRMED,S035;S024;S466;S481,"Eliminated  -- entry order and eliminator CONFIRMED (Wikipedia + PWDB agree); exact elimination timestamp/order is UNKNOWN, no source states it. Elimination rank independently cross-checked against S481."
RR1994M,20,adam-bomb,lex-luger,,30,,,,over_the_top_rope,,,UNKNOWN,TRUE,FALSE,FALSE,FALSE,FALSE,FALSE,FALSE,,CONFIRMED,S035;S024;S466;S481,"Eliminated  -- entry order and eliminator CONFIRMED (Wikipedia + PWDB agree); exact elimination timestamp/order is UNKNOWN, no source states it. Elimination rank independently cross-checked against S481."
RR1994M,21,mo,fatu,,19,,,,over_the_top_rope,,,UNKNOWN,TRUE,FALSE,FALSE,FALSE,FALSE,FALSE,FALSE,,CONFIRMED,S035;S024;S466;S481,"Eliminated  -- entry order and eliminator CONFIRMED (Wikipedia + PWDB agree); exact elimination timestamp/order is UNKNOWN, no source states it. Elimination rank independently cross-checked against S481."
RR1994M,22,tatanka,bam-bam-bigelow,,21,,,,over_the_top_rope,,,UNKNOWN,TRUE,FALSE,FALSE,FALSE,FALSE,FALSE,FALSE,,CONFIRMED,S035;S024;S466;S481,"Eliminated  -- entry order and eliminator CONFIRMED (Wikipedia + PWDB agree); exact elimination timestamp/order is UNKNOWN, no source states it. Elimination rank independently cross-checked against S481."
RR1994M,23,bam-bam-bigelow,lex-luger,,15,,,,over_the_top_rope,,,UNKNOWN,TRUE,FALSE,FALSE,FALSE,FALSE,FALSE,FALSE,,CONFIRMED,S035;S024;S466;S481,"Eliminated  -- entry order and eliminator CONFIRMED (Wikipedia + PWDB agree); exact elimination timestamp/order is UNKNOWN, no source states it. Elimination rank independently cross-checked against S481."
RR1994M,24,marty-jannetty,shawn-michaels,,29,,,,over_the_top_rope,,,UNKNOWN,TRUE,FALSE,FALSE,FALSE,FALSE,FALSE,FALSE,,CONFIRMED,S035;S024;S466;S481,"Eliminated  -- entry order and eliminator CONFIRMED (Wikipedia + PWDB agree); exact elimination timestamp/order is UNKNOWN, no source states it. Elimination rank independently cross-checked against S481."
RR1994M,25,genichiro-tenryu,bret-hart,lex-luger,24,,,,over_the_top_rope,,,UNKNOWN,FALSE,TRUE,FALSE,FALSE,FALSE,FALSE,FALSE,1994_genichiro-tenryu,CONFIRMED,S035;S024;S466;S481,"Eliminated jointly with lex-luger -- entry order and eliminator CONFIRMED (Wikipedia + PWDB agree); exact elimination timestamp/order is UNKNOWN, no source states it. Elimination rank independently cross-checked against S481."
RR1994M,25,genichiro-tenryu,lex-luger,bret-hart,24,,,,over_the_top_rope,,,UNKNOWN,FALSE,TRUE,FALSE,FALSE,FALSE,FALSE,FALSE,1994_genichiro-tenryu,CONFIRMED,S035;S024;S466;S481,"Eliminated jointly with bret-hart -- entry order and eliminator CONFIRMED (Wikipedia + PWDB agree); exact elimination timestamp/order is UNKNOWN, no source states it. Elimination rank independently cross-checked against S481."
RR1994M,26,fatu,bret-hart,,28,,,,over_the_top_rope,,,UNKNOWN,TRUE,FALSE,FALSE,FALSE,FALSE,FALSE,FALSE,,CONFIRMED,S035;S024;S466;S481,"Eliminated  -- entry order and eliminator CONFIRMED (Wikipedia + PWDB agree); exact elimination timestamp/order is UNKNOWN, no source states it. Elimination rank independently cross-checked against S481."
RR1994M,27,shawn-michaels,lex-luger,,18,,,,over_the_top_rope,,,UNKNOWN,TRUE,FALSE,FALSE,FALSE,FALSE,FALSE,FALSE,,CONFIRMED,S035;S024;S466;S481,"Eliminated  -- entry order and eliminator CONFIRMED (Wikipedia + PWDB agree); exact elimination timestamp/order is UNKNOWN, no source states it. Elimination rank independently cross-checked against S481."
RR1995M,1,jimmy-del-ray,british-bulldog,,5,,1:24,84,over_top_rope,UNKNOWN,,UNKNOWN,TRUE,FALSE,UNKNOWN,FALSE,UNKNOWN,UNKNOWN,FALSE,,CONFIRMED,S035;S040;S118;S052;S042,"One source's extraction returned Shawn Michaels; 3 other sources (including OWW's eliminator-sequence listing) agree on British Bulldog -- treated as an extraction error, not a genuine conflict, given the 3-1 majority."
RR1995M,2,owen-hart,british-bulldog,,11,,0:04,4,over_top_rope,UNKNOWN,,UNKNOWN,TRUE,FALSE,UNKNOWN,FALSE,UNKNOWN,UNKNOWN,FALSE,,CONFIRMED,S035;S040;S118;S052;S042,
RR1995M,3,duke-droese,shawn-michaels,,4,,8:12,492,over_top_rope,UNKNOWN,,UNKNOWN,TRUE,FALSE,UNKNOWN,FALSE,UNKNOWN,UNKNOWN,FALSE,,CONFIRMED,S035;S040;S118;S052,
RR1995M,4,timothy-well,british-bulldog,,12,,0:22,22,over_top_rope,UNKNOWN,,UNKNOWN,TRUE,FALSE,UNKNOWN,FALSE,UNKNOWN,UNKNOWN,FALSE,,CONFIRMED,S040;S118;S052,Wikipedia's own table cell was blank; 3 other sources agree.
RR1995M,5,rick-martel,headshrinker-sione,,10,,2:28,148,over_top_rope,UNKNOWN,,UNKNOWN,TRUE,FALSE,UNKNOWN,FALSE,UNKNOWN,UNKNOWN,FALSE,,CONFIRMED,S040;S118;S052,Wikipedia's own table cell was blank; 3 other sources agree.
RR1995M,6,tom-prichard,shawn-michaels,,7,,5:30,330,over_top_rope,UNKNOWN,,UNKNOWN,TRUE,FALSE,UNKNOWN,FALSE,UNKNOWN,UNKNOWN,FALSE,,CONFIRMED,S035;S040;S118;S052,
RR1995M,7,doink-1995,kwang,,8,,4:49,289,over_top_rope,UNKNOWN,,UNKNOWN,TRUE,FALSE,UNKNOWN,FALSE,UNKNOWN,UNKNOWN,FALSE,,CONFIRMED,S035;S040;S118;S052,
RR1995M,8,kwang,headshrinker-sione,,9,,4:00,240,over_top_rope,UNKNOWN,,UNKNOWN,TRUE,FALSE,UNKNOWN,FALSE,UNKNOWN,UNKNOWN,FALSE,,CONFIRMED,S035;S040;S118;S052,
RR1995M,9,eli-blu,headshrinker-sione,,3,,9:57,597,over_top_rope,UNKNOWN,,UNKNOWN,TRUE,FALSE,UNKNOWN,FALSE,UNKNOWN,UNKNOWN,FALSE,,CONFIRMED,S035;S040;S118;S052,
RR1995M,10,headshrinker-sione,eli-blu,,6,,6:57,417,over_top_rope,UNKNOWN,,UNKNOWN,TRUE,FALSE,UNKNOWN,FALSE,UNKNOWN,UNKNOWN,FALSE,,CONFIRMED,S035;S040;S118;S052,"Part of the match's well-known 'revenge spot': Sione eliminates Eli Blu, then Eli Blu (from ringside) pulls Sione out moments later. One source's extraction returned 'Jacob Blue' (a different entrant in the same match) -- treated as a site/extraction error, not a genuine conflict, given agreement elsewhere and this database's own preserved sequence."
RR1995M,11,luke-williams,shawn-michaels,,13,,0:12,12,over_top_rope,UNKNOWN,,UNKNOWN,TRUE,FALSE,UNKNOWN,FALSE,UNKNOWN,UNKNOWN,FALSE,,CONFIRMED,S035;S040;S118;S052,
RR1995M,12,jacob-blu,shawn-michaels,,14,,0:18,18,over_top_rope,UNKNOWN,,UNKNOWN,TRUE,FALSE,UNKNOWN,FALSE,UNKNOWN,UNKNOWN,FALSE,,CONFIRMED,S040;S118;S052,Wikipedia's own table cell was blank; 3 other sources agree.
RR1995M,13,mo,king-kong-bundy,,16,,0:04,4,over_top_rope,UNKNOWN,,UNKNOWN,TRUE,FALSE,UNKNOWN,FALSE,UNKNOWN,UNKNOWN,FALSE,,CONFIRMED,S035;S040;S118;S052,
RR1995M,14,king-kong-bundy,shawn-michaels,,15,,3:01,181,over_top_rope,UNKNOWN,,UNKNOWN,TRUE,FALSE,UNKNOWN,FALSE,UNKNOWN,UNKNOWN,FALSE,,CONFIRMED,S035;S040;S118;S052,
RR1995M,15,butch-miller,shawn-michaels,,18,,0:18,18,over_top_rope,UNKNOWN,,UNKNOWN,TRUE,FALSE,UNKNOWN,FALSE,UNKNOWN,UNKNOWN,FALSE,,CONFIRMED,S035;S040;S118;S052,
RR1995M,16,mabel,lex-luger,,17,,1:57,117,over_top_rope,UNKNOWN,,UNKNOWN,TRUE,FALSE,UNKNOWN,FALSE,UNKNOWN,UNKNOWN,FALSE,,CONFIRMED,S035;S040;S118;S052;S042,
RR1995M,17,bob-backlund,lex-luger,,25,,0:15,15,over_top_rope,UNKNOWN,,UNKNOWN,TRUE,FALSE,UNKNOWN,FALSE,UNKNOWN,UNKNOWN,FALSE,,CONFIRMED,S035;S040;S118;S052,
RR1995M,18,mantaur,lex-luger,,20,,9:32,572,over_top_rope,UNKNOWN,,UNKNOWN,TRUE,FALSE,UNKNOWN,FALSE,UNKNOWN,UNKNOWN,FALSE,,CONFIRMED,S035;S040;S118;S052,
RR1995M,19,bart-gunn,demolition-crush,dick-murdoch,24,,6:20,380,over_top_rope,UNKNOWN,,UNKNOWN,FALSE,TRUE,UNKNOWN,FALSE,UNKNOWN,UNKNOWN,FALSE,bartgunn_crush_murdoch,CONFIRMED,S035;S040;S118;S052,
RR1995M,19,bart-gunn,dick-murdoch,demolition-crush,24,,6:20,380,over_top_rope,UNKNOWN,,UNKNOWN,FALSE,TRUE,UNKNOWN,FALSE,UNKNOWN,UNKNOWN,FALSE,bartgunn_crush_murdoch,CONFIRMED,S035;S040;S118;S052,
RR1995M,20,billy-gunn,demolition-crush,dick-murdoch,23,,7:25,445,over_top_rope,UNKNOWN,,UNKNOWN,FALSE,TRUE,UNKNOWN,FALSE,UNKNOWN,UNKNOWN,FALSE,billygunn_crush_murdoch,CONFIRMED,S035;S040;S118;S052,
RR1995M,20,billy-gunn,dick-murdoch,demolition-crush,23,,7:25,445,over_top_rope,UNKNOWN,,UNKNOWN,FALSE,TRUE,UNKNOWN,FALSE,UNKNOWN,UNKNOWN,FALSE,billygunn_crush_murdoch,CONFIRMED,S035;S040;S118;S052,
RR1995M,21,steven-dunn,aldo-montoya,,26,,4:30,270,over_top_rope,UNKNOWN,,UNKNOWN,TRUE,FALSE,UNKNOWN,FALSE,UNKNOWN,UNKNOWN,FALSE,,CONFIRMED,S035;S040;S118;S052,
RR1995M,22,adam-bomb,demolition-crush,,28,,5:21,321,over_top_rope,UNKNOWN,,UNKNOWN,TRUE,FALSE,UNKNOWN,FALSE,UNKNOWN,UNKNOWN,FALSE,,CONFIRMED,S035;S040;S118;S052,
RR1995M,23,aldo-montoya,shawn-michaels,,21,,13:22,802,over_top_rope,UNKNOWN,,UNKNOWN,TRUE,FALSE,UNKNOWN,FALSE,UNKNOWN,UNKNOWN,FALSE,,CONFIRMED,S035;S040;S118;S052,
RR1995M,24,fatu,demolition-crush,,29,,5:33,333,over_top_rope,UNKNOWN,,UNKNOWN,TRUE,FALSE,UNKNOWN,FALSE,UNKNOWN,UNKNOWN,FALSE,,CONFIRMED,S040;S118;S052,Wikipedia's own table cell was blank; 3 other sources agree.
RR1995M,25,dick-murdoch,henry-godwinn,,27,,8:09,489,over_top_rope,UNKNOWN,,UNKNOWN,TRUE,FALSE,UNKNOWN,FALSE,UNKNOWN,UNKNOWN,FALSE,,CONFIRMED,S035;S040;S118;S052,
RR1995M,26,henry-godwinn,lex-luger,,22,,14:41,881,over_top_rope,UNKNOWN,,UNKNOWN,TRUE,FALSE,UNKNOWN,FALSE,UNKNOWN,UNKNOWN,FALSE,,CONFIRMED,S035;S040;S118;S052,
RR1995M,27,lex-luger,demolition-crush,shawn-michaels,19,,18:52,1132,over_top_rope,UNKNOWN,,UNKNOWN,FALSE,TRUE,UNKNOWN,FALSE,UNKNOWN,UNKNOWN,FALSE,luger_crush_michaels,CONFIRMED,S035;S040;S118;S052,
RR1995M,27,lex-luger,shawn-michaels,demolition-crush,19,,18:52,1132,over_top_rope,UNKNOWN,,UNKNOWN,FALSE,TRUE,UNKNOWN,FALSE,UNKNOWN,UNKNOWN,FALSE,luger_crush_michaels,CONFIRMED,S035;S040;S118;S052,
RR1995M,28,demolition-crush,british-bulldog,,30,,8:52,532,over_top_rope,UNKNOWN,,UNKNOWN,TRUE,FALSE,UNKNOWN,FALSE,UNKNOWN,UNKNOWN,FALSE,,CONFIRMED,S035;S040;S118;S052,
RR1995M,29,british-bulldog,shawn-michaels,,2,,38:42,2322,over_top_rope,Bulldog thought he'd eliminated Michaels and began celebrating; Michaels came back in and knocked Bulldog out of the ring to actually win the match -- see script docstring.,,UNKNOWN,TRUE,FALSE,FALSE,FALSE,TRUE,UNKNOWN,FALSE,,CONFIRMED,S030;S031,
RR1996M,1,bob-backlund,yokozuna,,3,,,,over_the_top_rope,,,UNKNOWN,TRUE,FALSE,FALSE,FALSE,FALSE,FALSE,FALSE,,PROBABLE,S035,"Ring time and elimination order recovered from Wikipedia's structured Royal Rumble (1996) table this pass -- single-primary-sourced (PROBABLE), except where corroborated elsewhere (Vader's 4-elimination total, Michaels' 8-elimination total, and Triple H's 48:04 survival time are all independently corroborated -- see F103)."
RR1996M,2,henry-godwinn,jake-roberts,,2,,,,over_the_top_rope,,,UNKNOWN,TRUE,FALSE,FALSE,FALSE,FALSE,FALSE,FALSE,,PROBABLE,S035,"Ring time and elimination order recovered from Wikipedia's structured Royal Rumble (1996) table this pass -- single-primary-sourced (PROBABLE), except where corroborated elsewhere (Vader's 4-elimination total, Michaels' 8-elimination total, and Triple H's 48:04 survival time are all independently corroborated -- see F103)."
RR1996M,3,mabel,yokozuna,,6,,,,over_the_top_rope,,,UNKNOWN,TRUE,FALSE,FALSE,FALSE,FALSE,FALSE,FALSE,,PROBABLE,S035,"Ring time and elimination order recovered from Wikipedia's structured Royal Rumble (1996) table this pass -- single-primary-sourced (PROBABLE), except where corroborated elsewhere (Vader's 4-elimination total, Michaels' 8-elimination total, and Triple H's 48:04 survival time are all independently corroborated -- see F103)."
RR1996M,4,takao-omori,jake-roberts,hunter-hearst-helmsley,11,,,,over_the_top_rope,,,UNKNOWN,FALSE,TRUE,FALSE,FALSE,FALSE,FALSE,FALSE,1996_takao-omori,PROBABLE,S035,"Ring time and elimination order recovered from Wikipedia's structured Royal Rumble (1996) table this pass -- single-primary-sourced (PROBABLE), except where corroborated elsewhere (Vader's 4-elimination total, Michaels' 8-elimination total, and Triple H's 48:04 survival time are all independently corroborated -- see F103)."
RR1996M,4,takao-omori,hunter-hearst-helmsley,jake-roberts,11,,,,over_the_top_rope,,,UNKNOWN,FALSE,TRUE,FALSE,FALSE,FALSE,FALSE,FALSE,1996_takao-omori,PROBABLE,S035,"Ring time and elimination order recovered from Wikipedia's structured Royal Rumble (1996) table this pass -- single-primary-sourced (PROBABLE), except where corroborated elsewhere (Vader's 4-elimination total, Michaels' 8-elimination total, and Triple H's 48:04 survival time are all independently corroborated -- see F103)."
RR1996M,5,dory-funk-jr,savio-vega,,8,,,,over_the_top_rope,,,UNKNOWN,TRUE,FALSE,FALSE,FALSE,FALSE,FALSE,FALSE,,PROBABLE,S035,"Ring time and elimination order recovered from Wikipedia's structured Royal Rumble (1996) table this pass -- single-primary-sourced (PROBABLE), except where corroborated elsewhere (Vader's 4-elimination total, Michaels' 8-elimination total, and Triple H's 48:04 survival time are all independently corroborated -- see F103)."
RR1996M,6,jake-roberts,vader,,7,,,,over_the_top_rope,,,UNKNOWN,TRUE,FALSE,FALSE,FALSE,FALSE,FALSE,FALSE,,PROBABLE,S035,"Ring time and elimination order recovered from Wikipedia's structured Royal Rumble (1996) table this pass -- single-primary-sourced (PROBABLE), except where corroborated elsewhere (Vader's 4-elimination total, Michaels' 8-elimination total, and Triple H's 48:04 survival time are all independently corroborated -- see F103)."
RR1996M,7,doug-gilbert,vader,,14,,,,over_the_top_rope,,,UNKNOWN,TRUE,FALSE,FALSE,FALSE,FALSE,FALSE,FALSE,,PROBABLE,S035,"Ring time and elimination order recovered from Wikipedia's structured Royal Rumble (1996) table this pass -- single-primary-sourced (PROBABLE), except where corroborated elsewhere (Vader's 4-elimination total, Michaels' 8-elimination total, and Triple H's 48:04 survival time are all independently corroborated -- see F103)."
RR1996M,8,headhunter-1,vader,,15,,,,over_the_top_rope,,,UNKNOWN,TRUE,FALSE,FALSE,FALSE,FALSE,FALSE,FALSE,,PROBABLE,S035,"Ring time and elimination order recovered from Wikipedia's structured Royal Rumble (1996) table this pass -- single-primary-sourced (PROBABLE), except where corroborated elsewhere (Vader's 4-elimination total, Michaels' 8-elimination total, and Triple H's 48:04 survival time are all independently corroborated -- see F103)."
RR1996M,9,headhunter-2,yokozuna,,16,,,,over_the_top_rope,,,UNKNOWN,TRUE,FALSE,FALSE,FALSE,FALSE,FALSE,FALSE,,PROBABLE,S035,"Ring time and elimination order recovered from Wikipedia's structured Royal Rumble (1996) table this pass -- single-primary-sourced (PROBABLE), except where corroborated elsewhere (Vader's 4-elimination total, Michaels' 8-elimination total, and Triple H's 48:04 survival time are all independently corroborated -- see F103)."
RR1996M,10,savio-vega,vader,,12,,,,over_the_top_rope,,,UNKNOWN,TRUE,FALSE,FALSE,FALSE,FALSE,FALSE,FALSE,,PROBABLE,S035,"Ring time and elimination order recovered from Wikipedia's structured Royal Rumble (1996) table this pass -- single-primary-sourced (PROBABLE), except where corroborated elsewhere (Vader's 4-elimination total, Michaels' 8-elimination total, and Triple H's 48:04 survival time are all independently corroborated -- see F103)."
RR1996M,11,yokozuna,shawn-michaels,,9,,,,over_the_top_rope,,,UNKNOWN,TRUE,FALSE,FALSE,FALSE,FALSE,FALSE,FALSE,,PROBABLE,S035,"Ring time and elimination order recovered from Wikipedia's structured Royal Rumble (1996) table this pass -- single-primary-sourced (PROBABLE), except where corroborated elsewhere (Vader's 4-elimination total, Michaels' 8-elimination total, and Triple H's 48:04 survival time are all independently corroborated -- see F103)."
RR1996M,12,vader,shawn-michaels,,13,,,,over_the_top_rope,,,UNKNOWN,TRUE,FALSE,FALSE,FALSE,FALSE,FALSE,FALSE,,PROBABLE,S035,"Ring time and elimination order recovered from Wikipedia's structured Royal Rumble (1996) table this pass -- single-primary-sourced (PROBABLE), except where corroborated elsewhere (Vader's 4-elimination total, Michaels' 8-elimination total, and Triple H's 48:04 survival time are all independently corroborated -- see F103)."
RR1996M,13,1-2-3-kid,shawn-michaels,,10,,,,over_the_top_rope,,,UNKNOWN,TRUE,FALSE,FALSE,FALSE,FALSE,FALSE,FALSE,,PROBABLE,S035,"Ring time and elimination order recovered from Wikipedia's structured Royal Rumble (1996) table this pass -- single-primary-sourced (PROBABLE), except where corroborated elsewhere (Vader's 4-elimination total, Michaels' 8-elimination total, and Triple H's 48:04 survival time are all independently corroborated -- see F103)."
RR1996M,14,hakushi,owen-hart,,19,,,,over_the_top_rope,,,UNKNOWN,TRUE,FALSE,FALSE,FALSE,FALSE,FALSE,FALSE,,PROBABLE,S035,"Ring time and elimination order recovered from Wikipedia's structured Royal Rumble (1996) table this pass -- single-primary-sourced (PROBABLE), except where corroborated elsewhere (Vader's 4-elimination total, Michaels' 8-elimination total, and Triple H's 48:04 survival time are all independently corroborated -- see F103)."
RR1996M,15,aldo-montoya,tatanka,,21,,,,over_the_top_rope,,,UNKNOWN,TRUE,FALSE,FALSE,FALSE,FALSE,FALSE,FALSE,,PROBABLE,S035,"Ring time and elimination order recovered from Wikipedia's structured Royal Rumble (1996) table this pass -- single-primary-sourced (PROBABLE), except where corroborated elsewhere (Vader's 4-elimination total, Michaels' 8-elimination total, and Triple H's 48:04 survival time are all independently corroborated -- see F103)."
RR1996M,16,jerry-lawler,shawn-michaels,,4,,,,over_the_top_rope,,,UNKNOWN,TRUE,FALSE,FALSE,FALSE,FALSE,FALSE,FALSE,,PROBABLE,S035,"Ring time and elimination order recovered from Wikipedia's structured Royal Rumble (1996) table this pass -- single-primary-sourced (PROBABLE), except where corroborated elsewhere (Vader's 4-elimination total, Michaels' 8-elimination total, and Triple H's 48:04 survival time are all independently corroborated -- see F103)."
RR1996M,17,tatanka,diesel,,20,,,,over_the_top_rope,,,UNKNOWN,TRUE,FALSE,FALSE,FALSE,FALSE,FALSE,FALSE,,PROBABLE,S035,"Ring time and elimination order recovered from Wikipedia's structured Royal Rumble (1996) table this pass -- single-primary-sourced (PROBABLE), except where corroborated elsewhere (Vader's 4-elimination total, Michaels' 8-elimination total, and Triple H's 48:04 survival time are all independently corroborated -- see F103)."
RR1996M,18,bob-holly,steve-austin,,5,,,,over_the_top_rope,,,UNKNOWN,TRUE,FALSE,FALSE,FALSE,FALSE,FALSE,FALSE,,PROBABLE,S035,"Ring time and elimination order recovered from Wikipedia's structured Royal Rumble (1996) table this pass -- single-primary-sourced (PROBABLE), except where corroborated elsewhere (Vader's 4-elimination total, Michaels' 8-elimination total, and Triple H's 48:04 survival time are all independently corroborated -- see F103)."
RR1996M,19,hunter-hearst-helmsley,diesel,,1,,,,over_the_top_rope,,,UNKNOWN,TRUE,FALSE,FALSE,FALSE,FALSE,FALSE,FALSE,,PROBABLE,S035,"Ring time and elimination order recovered from Wikipedia's structured Royal Rumble (1996) table this pass -- single-primary-sourced (PROBABLE), except where corroborated elsewhere (Vader's 4-elimination total, Michaels' 8-elimination total, and Triple H's 48:04 survival time are all independently corroborated -- see F103)."
RR1996M,20,barry-horowitz,owen-hart,,25,,,,over_the_top_rope,,,UNKNOWN,TRUE,FALSE,FALSE,FALSE,FALSE,FALSE,FALSE,,PROBABLE,S035,"Ring time and elimination order recovered from Wikipedia's structured Royal Rumble (1996) table this pass -- single-primary-sourced (PROBABLE), except where corroborated elsewhere (Vader's 4-elimination total, Michaels' 8-elimination total, and Triple H's 48:04 survival time are all independently corroborated -- see F103)."
RR1996M,21,owen-hart,diesel,shawn-michaels,17,,,,over_the_top_rope,,,UNKNOWN,FALSE,TRUE,FALSE,FALSE,FALSE,FALSE,FALSE,1996_owen-hart,PROBABLE,S035,"Ring time and elimination order recovered from Wikipedia's structured Royal Rumble (1996) table this pass -- single-primary-sourced (PROBABLE), except where corroborated elsewhere (Vader's 4-elimination total, Michaels' 8-elimination total, and Triple H's 48:04 survival time are all independently corroborated -- see F103)."
RR1996M,21,owen-hart,shawn-michaels,diesel,17,,,,over_the_top_rope,,,UNKNOWN,FALSE,TRUE,FALSE,FALSE,FALSE,FALSE,FALSE,1996_owen-hart,PROBABLE,S035,"Ring time and elimination order recovered from Wikipedia's structured Royal Rumble (1996) table this pass -- single-primary-sourced (PROBABLE), except where corroborated elsewhere (Vader's 4-elimination total, Michaels' 8-elimination total, and Triple H's 48:04 survival time are all independently corroborated -- see F103)."
RR1996M,22,marty-jannetty,british-bulldog,,28,,,,over_the_top_rope,,,UNKNOWN,TRUE,FALSE,FALSE,FALSE,FALSE,FALSE,FALSE,,PROBABLE,S035,"Ring time and elimination order recovered from Wikipedia's structured Royal Rumble (1996) table this pass -- single-primary-sourced (PROBABLE), except where corroborated elsewhere (Vader's 4-elimination total, Michaels' 8-elimination total, and Triple H's 48:04 survival time are all independently corroborated -- see F103)."
RR1996M,23,steve-austin,fatu,,24,,,,over_the_top_rope,,,UNKNOWN,TRUE,FALSE,FALSE,FALSE,FALSE,FALSE,FALSE,,PROBABLE,S035,"Ring time and elimination order recovered from Wikipedia's structured Royal Rumble (1996) table this pass -- single-primary-sourced (PROBABLE), except where corroborated elsewhere (Vader's 4-elimination total, Michaels' 8-elimination total, and Triple H's 48:04 survival time are all independently corroborated -- see F103)."
RR1996M,24,fatu,isaac-yankem,,26,,,,over_the_top_rope,,,UNKNOWN,TRUE,FALSE,FALSE,FALSE,FALSE,FALSE,FALSE,,PROBABLE,S035,"Ring time and elimination order recovered from Wikipedia's structured Royal Rumble (1996) table this pass -- single-primary-sourced (PROBABLE), except where corroborated elsewhere (Vader's 4-elimination total, Michaels' 8-elimination total, and Triple H's 48:04 survival time are all independently corroborated -- see F103)."
RR1996M,25,isaac-yankem,shawn-michaels,,27,,,,over_the_top_rope,,,UNKNOWN,TRUE,FALSE,FALSE,FALSE,FALSE,FALSE,FALSE,,PROBABLE,S035,"Ring time and elimination order recovered from Wikipedia's structured Royal Rumble (1996) table this pass -- single-primary-sourced (PROBABLE), except where corroborated elsewhere (Vader's 4-elimination total, Michaels' 8-elimination total, and Triple H's 48:04 survival time are all independently corroborated -- see F103)."
RR1996M,26,duke-droese,diesel,kama,30,,,,over_the_top_rope,,,UNKNOWN,FALSE,TRUE,FALSE,FALSE,FALSE,FALSE,FALSE,1996_duke-droese,PROBABLE,S035,"Ring time and elimination order recovered from Wikipedia's structured Royal Rumble (1996) table this pass -- single-primary-sourced (PROBABLE), except where corroborated elsewhere (Vader's 4-elimination total, Michaels' 8-elimination total, and Triple H's 48:04 survival time are all independently corroborated -- see F103)."
RR1996M,26,duke-droese,kama,diesel,30,,,,over_the_top_rope,,,UNKNOWN,FALSE,TRUE,FALSE,FALSE,FALSE,FALSE,FALSE,1996_duke-droese,PROBABLE,S035,"Ring time and elimination order recovered from Wikipedia's structured Royal Rumble (1996) table this pass -- single-primary-sourced (PROBABLE), except where corroborated elsewhere (Vader's 4-elimination total, Michaels' 8-elimination total, and Triple H's 48:04 survival time are all independently corroborated -- see F103)."
RR1996M,27,british-bulldog,shawn-michaels,,29,,,,over_the_top_rope,,,UNKNOWN,TRUE,FALSE,FALSE,FALSE,FALSE,FALSE,FALSE,,PROBABLE,S035,"Ring time and elimination order recovered from Wikipedia's structured Royal Rumble (1996) table this pass -- single-primary-sourced (PROBABLE), except where corroborated elsewhere (Vader's 4-elimination total, Michaels' 8-elimination total, and Triple H's 48:04 survival time are all independently corroborated -- see F103)."
RR1997M,1,fake-razor-ramon,ahmed-johnson,,3,,0:16,16,over_top_rope,UNKNOWN,,UNKNOWN,TRUE,FALSE,UNKNOWN,FALSE,UNKNOWN,UNKNOWN,FALSE,,CONFIRMED,S035;S040;S042;S121;S121,
RR1997M,2,ahmed-johnson,ahmed-johnson,,2,2,2:57,177,voluntary_exit,"Self-elimination (voluntary exit) -- per S103/S116, Ahmed Johnson jumped over the top rope to chase down Faarooq upon (or in anticipation of) Faarooq's entrance, letting his personal rivalry with the Nation of Domination leader cost him the match. Modeled the same way as Kane's 1999 and Hornswoggle's 2008 self-eliminations.",,UNKNOWN,TRUE,FALSE,FALSE,TRUE,TRUE,UNKNOWN,FALSE,,CONFIRMED,S103;S116;S033;S034,"elimination_clock_time/seconds reused from the pre-existing entrants.csv fields (sourced S033;S034), not re-derived this pass. order_in_match left blank -- see this script's Part 3 docstring."
RR1997M,3,demolition-crush,phineas-godwinn,,1,,6:13,373,over_top_rope,UNKNOWN,,UNKNOWN,TRUE,FALSE,UNKNOWN,FALSE,UNKNOWN,UNKNOWN,FALSE,,CONFIRMED,S035;S040;S042;S121,
RR1997M,4,phineas-godwinn,steve-austin,,4,,2:53,173,over_top_rope,UNKNOWN,,UNKNOWN,TRUE,FALSE,UNKNOWN,FALSE,UNKNOWN,UNKNOWN,FALSE,,CONFIRMED,S035;S040;S042;S121;S121,
RR1997M,5,bart-gunn,steve-austin,,6,,0:25,25,over_top_rope,UNKNOWN,,UNKNOWN,TRUE,FALSE,UNKNOWN,FALSE,UNKNOWN,UNKNOWN,FALSE,,CONFIRMED,S035;S040;S042;S121;S121,
RR1997M,6,jake-roberts,steve-austin,,7,,1:11,71,over_top_rope,UNKNOWN,,UNKNOWN,TRUE,FALSE,UNKNOWN,FALSE,UNKNOWN,UNKNOWN,FALSE,,CONFIRMED,S035;S040;S042;S121;S121,
RR1997M,7,the-sultan,british-bulldog,,10,,3:24,204,over_top_rope,UNKNOWN,,UNKNOWN,TRUE,FALSE,UNKNOWN,FALSE,UNKNOWN,UNKNOWN,TRUE,,CONFIRMED,S040;S042;S121,Wikipedia alone credits a joint British Bulldog + Mil Mascaras elimination; 3 other independent sources credit British Bulldog solo -- see flag.
RR1997M,8,british-bulldog,owen-hart,,8,,8:04,484,over_top_rope,UNKNOWN,,UNKNOWN,TRUE,FALSE,UNKNOWN,FALSE,UNKNOWN,UNKNOWN,FALSE,,CONFIRMED,S035;S040;S042;S121,
RR1997M,9,cibernetico,mil-mascaras,pierroth-jr,15,,1:24,84,over_top_rope,UNKNOWN,,UNKNOWN,FALSE,TRUE,UNKNOWN,FALSE,UNKNOWN,UNKNOWN,FALSE,cibernetico_mascaras_pierroth,CONFIRMED,S035;S040;S042;S121,
RR1997M,9,cibernetico,pierroth-jr,mil-mascaras,15,,1:24,84,over_top_rope,UNKNOWN,,UNKNOWN,FALSE,TRUE,UNKNOWN,FALSE,UNKNOWN,UNKNOWN,FALSE,cibernetico_mascaras_pierroth,CONFIRMED,S035;S040;S042;S121,
RR1997M,10,pierroth-jr,mil-mascaras,,9,,10:32,632,over_top_rope,UNKNOWN,,UNKNOWN,TRUE,FALSE,UNKNOWN,FALSE,UNKNOWN,UNKNOWN,FALSE,,CONFIRMED,S035;S040;S042;S121,
RR1997M,11,mil-mascaras,mil-mascaras,,11,,7:28,448,voluntary_dive,"Ducked through the middle rope, climbed to the turnbuckle from the ring apron, and dove onto his opponent outside the ring -- eliminating himself. See flags.csv F082.",,UNKNOWN,TRUE,FALSE,FALSE,TRUE,UNKNOWN,FALSE,TRUE,,CONFIRMED,S033,Unconventional voluntary self-elimination -- see F082.
RR1997M,12,hunter-hearst-helmsley,goldust,,12,,6:43,403,over_top_rope,UNKNOWN,,UNKNOWN,TRUE,FALSE,UNKNOWN,FALSE,UNKNOWN,UNKNOWN,FALSE,,CONFIRMED,S035;S040;S042;S121,
RR1997M,13,goldust,owen-hart,,14,,5:34,334,over_top_rope,UNKNOWN,,UNKNOWN,TRUE,FALSE,UNKNOWN,FALSE,UNKNOWN,UNKNOWN,FALSE,,CONFIRMED,S035;S040;S042;S121,
RR1997M,14,latin-lover,faarooq,,17,,1:48,108,over_top_rope,UNKNOWN,,UNKNOWN,TRUE,FALSE,UNKNOWN,FALSE,UNKNOWN,UNKNOWN,FALSE,,CONFIRMED,S035;S040;S042;S121,
RR1997M,15,faarooq,faarooq,,18,18,0:41,41,voluntary_exit,"Self-elimination (voluntary exit) -- per S103/S116, upon entering at #18 and seeing Ahmed Johnson (who had already left the match chasing him), Faarooq immediately leapt over the top rope himself in a failed attempt to get at Johnson.",,UNKNOWN,TRUE,FALSE,FALSE,TRUE,TRUE,UNKNOWN,FALSE,,CONFIRMED,S103;S116;S033;S034,"elimination_clock_time/seconds reused from the pre-existing entrants.csv fields (sourced S033;S034), not re-derived this pass. order_in_match left blank -- see this script's Part 3 docstring."
RR1997M,16,owen-hart,steve-austin,,13,,8:28,508,over_top_rope,UNKNOWN,,UNKNOWN,TRUE,FALSE,UNKNOWN,FALSE,UNKNOWN,UNKNOWN,FALSE,,CONFIRMED,S035;S040;S042;S121,
RR1997M,17,marc-mero,steve-austin,,16,,3:54,234,over_top_rope,UNKNOWN,,UNKNOWN,TRUE,FALSE,UNKNOWN,FALSE,UNKNOWN,UNKNOWN,FALSE,,CONFIRMED,S035;S040;S042;S121;S121,
RR1997M,18,savio-vega,steve-austin,,19,,0:46,46,over_top_rope,UNKNOWN,,UNKNOWN,TRUE,FALSE,UNKNOWN,FALSE,UNKNOWN,UNKNOWN,FALSE,,CONFIRMED,S035;S040;S042;S121;S121,
RR1997M,19,jesse-james,steve-austin,,20,,0:28,28,over_top_rope,UNKNOWN,,UNKNOWN,TRUE,FALSE,UNKNOWN,FALSE,UNKNOWN,UNKNOWN,FALSE,,CONFIRMED,S035;S040;S042;S121;S042,
RR1997M,20,jerry-lawler,bret-hart,,22,,0:05,5,over_top_rope,UNKNOWN,,UNKNOWN,TRUE,FALSE,UNKNOWN,FALSE,UNKNOWN,UNKNOWN,FALSE,,CONFIRMED,S035;S040;S042;S121;S121,
RR1997M,21,flash-funk,vader,,27,,6:13,373,over_top_rope,UNKNOWN,,UNKNOWN,TRUE,FALSE,UNKNOWN,FALSE,UNKNOWN,UNKNOWN,FALSE,,CONFIRMED,S035;S040;S023,
RR1997M,22,henry-godwinn,the-undertaker,,29,,6:12,372,over_top_rope,UNKNOWN,,UNKNOWN,TRUE,FALSE,UNKNOWN,FALSE,UNKNOWN,UNKNOWN,FALSE,,CONFIRMED,S035;S040;S042;S121,
RR1997M,23,rocky-maivia,mankind,,25,,13:01,781,over_top_rope,UNKNOWN,,UNKNOWN,TRUE,FALSE,UNKNOWN,FALSE,UNKNOWN,UNKNOWN,TRUE,,CONFIRMED,S042;S040;S122;S121,Wikipedia alone credits Vader; 3-4 other independent sources credit Mankind ('thrown out by Mick Foley') -- see flag.
RR1997M,24,terry-funk,mankind,,24,,15:19,919,over_top_rope,Mutual elimination -- Mankind and Terry Funk eliminated each other while brawling outside the ring.,,UNKNOWN,FALSE,TRUE,FALSE,FALSE,UNKNOWN,UNKNOWN,FALSE,funk_mankind,CONFIRMED,S033;S034,
RR1997M,25,mankind,terry-funk,,26,,12:22,742,over_top_rope,Mutual elimination -- Mankind and Terry Funk eliminated each other while brawling outside the ring.,,UNKNOWN,FALSE,TRUE,FALSE,FALSE,UNKNOWN,UNKNOWN,FALSE,funk_mankind,CONFIRMED,S033;S034,
RR1997M,26,vader,steve-austin,,28,,10:05,605,over_top_rope,Eliminated by Austin during the final-sequence confusion after Bret Hart's missed elimination of Austin -- see F081.,,UNKNOWN,TRUE,FALSE,FALSE,FALSE,UNKNOWN,UNKNOWN,FALSE,,CONFIRMED,S033;S034,
RR1997M,27,the-undertaker,steve-austin,,30,,6:47,407,over_top_rope,Eliminated by Austin during the final-sequence confusion after Bret Hart's missed elimination of Austin -- see F081.,,UNKNOWN,TRUE,FALSE,FALSE,FALSE,UNKNOWN,UNKNOWN,FALSE,,CONFIRMED,S033;S034,
RR1997M,28,fake-diesel,bret-hart,,23,,17:51,1071,over_top_rope,UNKNOWN,,UNKNOWN,TRUE,FALSE,UNKNOWN,FALSE,UNKNOWN,UNKNOWN,TRUE,,CONFIRMED,S042;S121;S040;S122,Wikipedia alone credits Steve Austin; 4 other independent sources (including a narrative account of the specific post-elimination angle) credit Bret Hart -- see flag.
RR1997M,29,bret-hart,steve-austin,,21,,21:02,1262,over_top_rope,Eliminated by Austin during the final-sequence confusion after Bret Hart's missed elimination of Austin -- see F081.,,UNKNOWN,TRUE,FALSE,FALSE,FALSE,TRUE,UNKNOWN,TRUE,,CONFIRMED,S033;S034,The winning elimination -- but see F081: this only happened because Bret Hart's own earlier elimination of Austin was missed by the referees.
RR1998M,1,tom-brandi,cactus-jack,terry-funk,,,,,over_the_top_rope,,,UNKNOWN,FALSE,TRUE,FALSE,FALSE,FALSE,FALSE,FALSE,,PROBABLE,S050;S024;S474;S481,"Entry order/eliminator recovered from S050, independently matched by S024. Group elimination -- cactus-jack, terry-funk. Elimination rank independently cross-checked against S481."
RR1998M,1,tom-brandi,terry-funk,cactus-jack,,,,,over_the_top_rope,,,UNKNOWN,FALSE,TRUE,FALSE,FALSE,FALSE,FALSE,FALSE,,PROBABLE,S050;S024;S474;S481,"Entry order/eliminator recovered from S050, independently matched by S024. Group elimination -- cactus-jack, terry-funk. Elimination rank independently cross-checked against S481."
RR1998M,2,cactus-jack,terry-funk,,1,2,,,over_top_rope,Battered with chairshots by Terry Funk/Chainsaw Charlie early in the match.,,UNKNOWN,TRUE,FALSE,FALSE,FALSE,UNKNOWN,UNKNOWN,FALSE,,PROBABLE,S043;S474;S481,Elimination rank independently cross-checked against S481.
RR1998M,3,mosh,kurrgan,,,,,,over_the_top_rope,,,UNKNOWN,TRUE,FALSE,FALSE,FALSE,FALSE,FALSE,FALSE,,PROBABLE,S050;S024;S474;S481,"Entry order/eliminator recovered from S050, independently matched by S024. Elimination rank independently cross-checked against S481."
RR1998M,4,steve-blackman,kurrgan,,,,,,over_the_top_rope,,,UNKNOWN,TRUE,FALSE,FALSE,FALSE,FALSE,FALSE,FALSE,,PROBABLE,S050;S024;S474;S481,"Entry order/eliminator recovered from S050, independently matched by S024. Elimination rank independently cross-checked against S481."
RR1998M,5,kurrgan,eight-ball,bradshaw;ken-shamrock;terry-funk;phineas-godwinn;rocky-maivia,,,,,over_the_top_rope,,,UNKNOWN,FALSE,TRUE,FALSE,FALSE,FALSE,FALSE,TRUE,,PROBABLE,S050;S024;S474;S481,"Entry order/eliminator recovered from S050, independently matched by S024. Group elimination -- eight-ball, bradshaw, ken-shamrock, terry-funk, phineas-godwinn, rocky-maivia. Elimination rank independently cross-checked against S481."
RR1998M,5,kurrgan,bradshaw,eight-ball;ken-shamrock;terry-funk;phineas-godwinn;rocky-maivia,,,,,over_the_top_rope,,,UNKNOWN,FALSE,TRUE,FALSE,FALSE,FALSE,FALSE,TRUE,,PROBABLE,S050;S024;S474;S481,"Entry order/eliminator recovered from S050, independently matched by S024. Group elimination -- eight-ball, bradshaw, ken-shamrock, terry-funk, phineas-godwinn, rocky-maivia. Elimination rank independently cross-checked against S481."
RR1998M,5,kurrgan,ken-shamrock,eight-ball;bradshaw;terry-funk;phineas-godwinn;rocky-maivia,,,,,over_the_top_rope,,,UNKNOWN,FALSE,TRUE,FALSE,FALSE,FALSE,FALSE,TRUE,,PROBABLE,S050;S024;S474;S481,"Entry order/eliminator recovered from S050, independently matched by S024. Group elimination -- eight-ball, bradshaw, ken-shamrock, terry-funk, phineas-godwinn, rocky-maivia. Elimination rank independently cross-checked against S481."
RR1998M,5,kurrgan,terry-funk,eight-ball;bradshaw;ken-shamrock;phineas-godwinn;rocky-maivia,,,,,over_the_top_rope,,,UNKNOWN,FALSE,TRUE,FALSE,FALSE,FALSE,FALSE,TRUE,,PROBABLE,S050;S024;S474;S481,"Entry order/eliminator recovered from S050, independently matched by S024. Group elimination -- eight-ball, bradshaw, ken-shamrock, terry-funk, phineas-godwinn, rocky-maivia. Elimination rank independently cross-checked against S481."
RR1998M,5,kurrgan,phineas-godwinn,eight-ball;bradshaw;ken-shamrock;terry-funk;rocky-maivia,,,,,over_the_top_rope,,,UNKNOWN,FALSE,TRUE,FALSE,FALSE,FALSE,FALSE,TRUE,,PROBABLE,S050;S024;S474;S481,"Entry order/eliminator recovered from S050, independently matched by S024. Group elimination -- eight-ball, bradshaw, ken-shamrock, terry-funk, phineas-godwinn, rocky-maivia. Elimination rank independently cross-checked against S481."
RR1998M,5,kurrgan,rocky-maivia,eight-ball;bradshaw;ken-shamrock;terry-funk;phineas-godwinn,,,,,over_the_top_rope,,,UNKNOWN,FALSE,TRUE,FALSE,FALSE,FALSE,FALSE,TRUE,,PROBABLE,S050;S024;S474;S481,"Entry order/eliminator recovered from S050, independently matched by S024. Group elimination -- eight-ball, bradshaw, ken-shamrock, terry-funk, phineas-godwinn, rocky-maivia. Elimination rank independently cross-checked against S481."
RR1998M,6,terry-funk,mankind,,2,,,,over_top_rope,"Eliminated by Mick Foley's returning Mankind persona, 'right after' Mankind's re-entry.",,UNKNOWN,TRUE,FALSE,FALSE,FALSE,UNKNOWN,UNKNOWN,FALSE,,CONFIRMED,S043;S474;S481,Elimination rank independently cross-checked against S481.
RR1998M,7,mankind,goldust,,,,,,over_top_rope,Thrown out by Goldust.,,UNKNOWN,TRUE,FALSE,FALSE,FALSE,UNKNOWN,UNKNOWN,FALSE,,CONFIRMED,S043;S474;S481,Elimination rank independently cross-checked against S481.
RR1998M,8,jeff-jarrett,owen-hart,,,,,,over_the_top_rope,,,UNKNOWN,TRUE,FALSE,FALSE,FALSE,FALSE,FALSE,FALSE,,PROBABLE,S050;S024;S474;S481,"Entry order/eliminator recovered from S050, independently matched by S024. Elimination rank independently cross-checked against S481."
RR1998M,9,ken-shamrock,rocky-maivia,,,,,,over_the_top_rope,,,UNKNOWN,TRUE,FALSE,FALSE,FALSE,FALSE,FALSE,FALSE,,PROBABLE,S050;S024;S474;S481,"Entry order/eliminator recovered from S050, independently matched by S024. Elimination rank independently cross-checked against S481."
RR1998M,10,owen-hart,hunter-hearst-helmsley,chyna,,,,,over_top_rope,"Clobbered with a crutch by the injured, non-entrant Triple H, who was not an official numbered entrant this year -- see F113.",,UNKNOWN,TRUE,TRUE,FALSE,FALSE,TRUE,UNKNOWN,FALSE,,CONFIRMED,S043;S050;S474;S481,"S050 credits this jointly to Triple H and Chyna -- neither was an official entrant in this match; both are credited as ringside interference, consistent with F113's existing framing for Triple H. See F144. Elimination rank independently cross-checked against S481."
RR1998M,11,ahmed-johnson,d-lo-brown,mark-henry,,,,,over_the_top_rope,,,UNKNOWN,FALSE,TRUE,FALSE,FALSE,FALSE,FALSE,FALSE,,PROBABLE,S050;S024;S474;S481,"Entry order/eliminator recovered from S050, independently matched by S024. Group elimination -- d-lo-brown, mark-henry. Elimination rank independently cross-checked against S481."
RR1998M,11,ahmed-johnson,mark-henry,d-lo-brown,,,,,over_the_top_rope,,,UNKNOWN,FALSE,TRUE,FALSE,FALSE,FALSE,FALSE,FALSE,,PROBABLE,S050;S024;S474;S481,"Entry order/eliminator recovered from S050, independently matched by S024. Group elimination -- d-lo-brown, mark-henry. Elimination rank independently cross-checked against S481."
RR1998M,12,phineas-godwinn,mark-henry,,,,,,over_the_top_rope,,,UNKNOWN,TRUE,FALSE,FALSE,FALSE,FALSE,FALSE,FALSE,,PROBABLE,S050;S024;S474;S481,"Entry order/eliminator recovered from S050, independently matched by S024. Elimination rank independently cross-checked against S481."
RR1998M,13,marc-mero,steve-austin,,,24,,,over_top_rope,Tossed out by Steve Austin during his post-entry rampage.,,UNKNOWN,TRUE,FALSE,FALSE,FALSE,UNKNOWN,UNKNOWN,FALSE,,CONFIRMED,S043;S474;S481,Elimination rank independently cross-checked against S481.
RR1998M,14,eight-ball,steve-austin,,,,,,over_the_top_rope,,,UNKNOWN,TRUE,FALSE,FALSE,FALSE,FALSE,FALSE,FALSE,,PROBABLE,S050;S024;S474;S481,"Entry order/eliminator recovered from S050, independently matched by S024. Elimination rank independently cross-checked against S481."
RR1998M,15,bradshaw,dude-love,,,,,,over_the_top_rope,,,UNKNOWN,TRUE,FALSE,FALSE,FALSE,FALSE,FALSE,FALSE,,PROBABLE,S050;S024;S474;S481,"Entry order/eliminator recovered from S050, independently matched by S024. Elimination rank independently cross-checked against S481."
RR1998M,16,d-lo-brown,faarooq,,,,,,over_the_top_rope,,,UNKNOWN,TRUE,FALSE,FALSE,FALSE,FALSE,FALSE,FALSE,,PROBABLE,S050;S024;S474;S481,"Entry order/eliminator recovered from S050, independently matched by S024. Elimination rank independently cross-checked against S481."
RR1998M,17,the-honky-tonk-man,vader,,,,,,over_the_top_rope,,,UNKNOWN,TRUE,FALSE,FALSE,FALSE,FALSE,FALSE,FALSE,,PROBABLE,S050;S024;S474;S481,"Entry order/eliminator recovered from S050, independently matched by S024. Elimination rank independently cross-checked against S481."
RR1998M,18,thrasher,steve-austin,,,24,,,over_top_rope,Sent out by Steve Austin.,,UNKNOWN,TRUE,FALSE,FALSE,FALSE,UNKNOWN,UNKNOWN,FALSE,,CONFIRMED,S043;S474;S481,Elimination rank independently cross-checked against S481.
RR1998M,19,kama,steve-austin,,,,,,over_the_top_rope,,,UNKNOWN,TRUE,FALSE,FALSE,FALSE,FALSE,FALSE,FALSE,,PROBABLE,S050;S024;S474;S481,"Entry order/eliminator recovered from S050, independently matched by S024. Elimination rank independently cross-checked against S481."
RR1998M,20,savio-vega,steve-austin,,,24,,,over_top_rope,Sent out by Steve Austin.,,UNKNOWN,TRUE,FALSE,FALSE,FALSE,UNKNOWN,UNKNOWN,FALSE,,CONFIRMED,S043;S474;S481,Elimination rank independently cross-checked against S481.
RR1998M,21,vader,goldust,,,,,,over_the_top_rope,,,UNKNOWN,TRUE,FALSE,FALSE,FALSE,FALSE,FALSE,FALSE,,PROBABLE,S050;S024;S474;S481,"Entry order/eliminator recovered from S050, independently matched by S024. Elimination rank independently cross-checked against S481."
RR1998M,22,henry-godwinn,dude-love,,,,,,over_the_top_rope,,,UNKNOWN,TRUE,FALSE,FALSE,FALSE,FALSE,FALSE,FALSE,,PROBABLE,S050;S024;S474;S481,"Entry order/eliminator recovered from S050, independently matched by S024. Elimination rank independently cross-checked against S481."
RR1998M,23,goldust,chainz,,,,,,over_the_top_rope,,,UNKNOWN,TRUE,FALSE,FALSE,FALSE,FALSE,FALSE,FALSE,,PROBABLE,S050;S024;S474;S481,"Entry order/eliminator recovered from S050, independently matched by S024. Elimination rank independently cross-checked against S481."
RR1998M,24,chainz,steve-austin,,,,,,over_the_top_rope,,,UNKNOWN,TRUE,FALSE,FALSE,FALSE,FALSE,FALSE,FALSE,,PROBABLE,S050;S024;S474;S481,"Entry order/eliminator recovered from S050, independently matched by S024. Elimination rank independently cross-checked against S481."
RR1998M,25,mark-henry,faarooq,,,,,,over_the_top_rope,,,UNKNOWN,TRUE,FALSE,FALSE,FALSE,FALSE,FALSE,FALSE,,PROBABLE,S050;S024;S474;S481,"Entry order/eliminator recovered from S050, independently matched by S024. Elimination rank independently cross-checked against S481."
RR1998M,26,dude-love,faarooq,,28,24,,,over_top_rope,"Contextually implied to have been eliminated by Austin during the same rampage described immediately after Dude Love's #28 entry ('Austin continued cleaning trash from the ring') -- not explicitly stated as an Austin elimination, so kept PROBABLE/DERIVED rather than CONFIRMED.",,UNKNOWN,TRUE,FALSE,FALSE,FALSE,UNKNOWN,UNKNOWN,FALSE,,PROBABLE,S024;S043;S050;S474;S481,CORRECTED 2026-09-16: was credited to Steve Austin in the build phase; S050/S024 both independently credit Faarooq. See F143 (resolved). Elimination rank independently cross-checked against S481.
RR1998M,27,faarooq,rocky-maivia,,,,,,over_the_top_rope,,,UNKNOWN,TRUE,FALSE,FALSE,FALSE,FALSE,FALSE,FALSE,,PROBABLE,S050;S024;S474;S481,"Entry order/eliminator recovered from S050, independently matched by S024. Elimination rank independently cross-checked against S481."
RR1998M,28,rocky-maivia,steve-austin,,4,24,,,over_top_rope,Winning elimination -- Stone Cold Stunner followed by a clothesline over the top rope.,,UNKNOWN,TRUE,FALSE,FALSE,FALSE,UNKNOWN,UNKNOWN,FALSE,,CONFIRMED,S043;S474;S481,Elimination rank independently cross-checked against S481.
RR1999M,1,golga,steve-austin,,,,,,over_the_top_rope,,,UNKNOWN,TRUE,FALSE,FALSE,FALSE,FALSE,FALSE,FALSE,,PROBABLE,S050;S024;S052;S044;S045,"Eliminator recovered from S050, cross-checked by S024/S052."
RR1999M,2,gillberg,edge,,,,,,over_the_top_rope,,,UNKNOWN,TRUE,FALSE,FALSE,FALSE,FALSE,FALSE,FALSE,,PROBABLE,S050;S024;S052;S044;S045,"Eliminator recovered from S050, cross-checked by S024/S052."
RR1999M,3,dan-severn,mabel,,,,,,over_the_top_rope,,,UNKNOWN,TRUE,FALSE,FALSE,FALSE,FALSE,FALSE,FALSE,,PROBABLE,S050;S024;S052;S044;S045,"Eliminator recovered from S050, cross-checked by S024/S052."
RR1999M,4,steve-blackman,mabel,,,,,,over_the_top_rope,,,UNKNOWN,TRUE,FALSE,FALSE,FALSE,FALSE,FALSE,FALSE,,PROBABLE,S050;S024;S052;S044;S045,"Eliminator recovered from S050, cross-checked by S024/S052."
RR1999M,5,tiger-ali-singh,mabel,,,,,,over_the_top_rope,,,UNKNOWN,TRUE,FALSE,FALSE,FALSE,FALSE,FALSE,FALSE,,PROBABLE,S050;S024;S052;S044;S045,"Eliminator recovered from S050, cross-checked by S024/S052."
RR1999M,6,blue-meanie,mabel,,,,,,over_the_top_rope,,,UNKNOWN,TRUE,FALSE,FALSE,FALSE,FALSE,FALSE,FALSE,,PROBABLE,S050;S024;S052;S044;S045,"Eliminator recovered from S050, cross-checked by S024/S052."
RR1999M,7,droz,mabel,,,,,,over_the_top_rope,,,UNKNOWN,TRUE,FALSE,FALSE,FALSE,FALSE,FALSE,FALSE,,PROBABLE,S050;S024;S052;S044;S045,"Eliminator recovered from S050, cross-checked by S024/S052."
RR1999M,8,edge,mabel,,,,,,over_the_top_rope,,,UNKNOWN,TRUE,FALSE,FALSE,FALSE,FALSE,FALSE,FALSE,,PROBABLE,S050;S024;S052;S044;S045,"Eliminator recovered from S050, cross-checked by S024/S052."
RR1999M,9,mabel,phineas-godwinn,bradshaw;faarooq,11,,16:52,1012,over_top_rope,Abducted from outside the ring during a 'lights out' angle involving The Undertaker's Ministry-adjacent group -- an outside-interference elimination rather than a standard in-ring toss. The Undertaker was not a Rumble entrant this year (no entrant row added for him) -- see F121.,,UNKNOWN,FALSE,TRUE,FALSE,FALSE,TRUE,UNKNOWN,FALSE,1999_mabel,CONFIRMED,S037;S044;S045;S050;S055,"CORRECTED 2026-09-16: was credited solely to The Undertaker. 3 independent sources (S050, S037, S055) agree the physical/credited eliminators of record were Mideon (this DB's 'phineas-godwinn' wrestler_id, a later ring name of the same performer, Dennis Knight), Bradshaw, and Faarooq -- acting on The Undertaker's orders as part of his 'Ministry of Darkness' abduction storyline. Undertaker appeared at ringside and was the storyline architect but is not the credited in-ring eliminator. None of the three were official entrants in this match -- credited via ringside interference, consistent with F113/F144's precedent. See F154 (resolved)."
RR1999M,9,mabel,bradshaw,phineas-godwinn;faarooq,,,,,over_the_top_rope,,,UNKNOWN,FALSE,TRUE,FALSE,FALSE,FALSE,FALSE,FALSE,,PROBABLE,S050;S037;S055;S044;S045,Ministry of Darkness abduction angle -- see the Mideon/phineas-godwinn row for full detail.
RR1999M,9,mabel,faarooq,phineas-godwinn;bradshaw,,,,,over_the_top_rope,,,UNKNOWN,FALSE,TRUE,FALSE,FALSE,FALSE,FALSE,FALSE,,PROBABLE,S050;S037;S055;S044;S045,Ministry of Darkness abduction angle -- see the Mideon/phineas-godwinn row for full detail.
RR1999M,10,gangrel,jesse-james,,,,,,over_the_top_rope,,,UNKNOWN,TRUE,FALSE,FALSE,FALSE,FALSE,FALSE,FALSE,,PROBABLE,S050;S024;S052;S044;S045,"Eliminator recovered from S050, cross-checked by S024/S052."
RR1999M,11,al-snow,jesse-james,,,,,,over_the_top_rope,,,UNKNOWN,TRUE,FALSE,FALSE,FALSE,FALSE,FALSE,FALSE,,PROBABLE,S050;S024;S052;S044;S045,"Eliminator recovered from S050, cross-checked by S024/S052."
RR1999M,12,jesse-james,kane,,,,,,over_the_top_rope,,,UNKNOWN,TRUE,FALSE,FALSE,FALSE,FALSE,FALSE,FALSE,,PROBABLE,S050;S024;S052;S044;S045,"Eliminator recovered from S050, cross-checked by S024/S052."
RR1999M,13,kurrgan,kane,,,,,,over_the_top_rope,,,UNKNOWN,TRUE,FALSE,FALSE,FALSE,FALSE,FALSE,FALSE,,PROBABLE,S050;S024;S052;S044;S045,"Eliminator recovered from S050, cross-checked by S024/S052."
RR1999M,14,the-godfather,kane,,,,,,over_the_top_rope,,,UNKNOWN,TRUE,FALSE,FALSE,FALSE,FALSE,FALSE,FALSE,,PROBABLE,S050;S024;S052;S044;S045,"Eliminator recovered from S050, cross-checked by S024/S052."
RR1999M,15,goldust,kane,,,,,,over_the_top_rope,,,UNKNOWN,TRUE,FALSE,FALSE,FALSE,FALSE,FALSE,FALSE,,PROBABLE,S050;S024;S052;S044;S045,"Eliminator recovered from S050, cross-checked by S024/S052."
RR1999M,16,kane,kane,,,,,,over_the_top_rope,,,UNKNOWN,TRUE,FALSE,FALSE,TRUE,FALSE,FALSE,FALSE,,PROBABLE,S037;S050;S115;S116;S044;S045,"Self-elimination -- per S050/S037, Kane 'threw the coat over the rope and then walked out of the ring' unprompted, chasing storyline 'orderlies/handlers' during his contemporaneous psychological-instability angle. Not a conventional in-ring finish; modeled as eliminator=self per the same convention already used for Drew Carey's 2001 self-elimination."
RR1999M,17,ken-shamrock,steve-austin,,,,,,over_the_top_rope,,,UNKNOWN,TRUE,FALSE,FALSE,FALSE,FALSE,FALSE,FALSE,,PROBABLE,S050;S024;S052;S044;S045,"Eliminator recovered from S050, cross-checked by S024/S052."
RR1999M,18,billy-gunn,steve-austin,,,,,,over_the_top_rope,,,UNKNOWN,TRUE,FALSE,FALSE,FALSE,FALSE,FALSE,FALSE,,PROBABLE,S050;S024;S052;S044;S045,"Eliminator recovered from S050, cross-checked by S024/S052."
RR1999M,19,test,steve-austin,,,,,,over_the_top_rope,,,UNKNOWN,TRUE,FALSE,FALSE,FALSE,FALSE,FALSE,FALSE,,PROBABLE,S050;S024;S052;S044;S045,"Eliminator recovered from S050, cross-checked by S024/S052."
RR1999M,20,1-2-3-kid,big-boss-man,,,,,,over_the_top_rope,,,UNKNOWN,TRUE,FALSE,FALSE,FALSE,FALSE,FALSE,FALSE,,PROBABLE,S050;S024;S052;S044;S045,"Eliminator recovered from S050, cross-checked by S024/S052."
RR1999M,21,jeff-jarrett,hunter-hearst-helmsley,,27,1,44:59,2699,over_top_rope,Tossed out by Steve Austin.,,UNKNOWN,TRUE,FALSE,FALSE,FALSE,UNKNOWN,UNKNOWN,FALSE,,CONFIRMED,S024;S044;S045;S050;S052,"CORRECTED 2026-09-16: was credited to Steve Austin; 3 independent sources (Wikipedia, thesmackdownhotel.com/PWDB, prowrestling.fandom.com) unanimously credit Triple H, with a matching elimination time (~3:38-3:39). See F153 (resolved)."
RR1999M,22,mark-henry,chyna,,26,30,47:31,2851,over_top_rope,"Eliminated by Chyna, per S044's ring-crowdedness commentary -- Chyna's only credited elimination this match, and a notable trivia point as she became the first woman to accumulate survival time in a Royal Rumble.",,UNKNOWN,TRUE,FALSE,FALSE,FALSE,UNKNOWN,UNKNOWN,FALSE,,CONFIRMED,S044,
RR1999M,23,chyna,steve-austin,,,,,,over_the_top_rope,,,UNKNOWN,TRUE,FALSE,FALSE,FALSE,FALSE,FALSE,FALSE,,PROBABLE,S050;S024;S052;S044;S045,"Eliminator recovered from S050, cross-checked by S024/S052."
RR1999M,24,val-venis,hunter-hearst-helmsley,,,,,,over_the_top_rope,,,UNKNOWN,TRUE,FALSE,FALSE,FALSE,FALSE,FALSE,FALSE,,PROBABLE,S050;S024;S052;S044;S045,"Eliminator recovered from S050, cross-checked by S024/S052."
RR1999M,25,hunter-hearst-helmsley,steve-austin,,23,1,49:00,2940,over_top_rope,Tossed out by Steve Austin.,,UNKNOWN,TRUE,FALSE,FALSE,FALSE,UNKNOWN,UNKNOWN,FALSE,,CONFIRMED,S044;S045,
RR1999M,26,owen-hart,steve-austin,,29,1,51:45,3105,over_top_rope,"Tossed out by Steve Austin, part of his rampage against everyone chasing the $100,000 McMahon bounty on Austin's own head.",,UNKNOWN,TRUE,FALSE,FALSE,FALSE,UNKNOWN,UNKNOWN,FALSE,,CONFIRMED,S044;S045,
RR1999M,27,d-lo-brown,big-boss-man,,,,,,over_the_top_rope,,,UNKNOWN,TRUE,FALSE,FALSE,FALSE,FALSE,FALSE,FALSE,,PROBABLE,S050;S024;S052;S044;S045,"Eliminator recovered from S050, cross-checked by S024/S052."
RR1999M,28,big-boss-man,steve-austin,,22,1,52:25,3145,over_top_rope,"Contextually implied as Austin's 4th and final named elimination ('Bossman was the last to go, and it was down to Austin and Vince again') of his stated 8 total -- not explicitly named as an Austin elimination, so kept PROBABLE. See F119.",,UNKNOWN,TRUE,FALSE,FALSE,FALSE,UNKNOWN,UNKNOWN,FALSE,,PROBABLE,S044;S045,
RR1999M,29,steve-austin,vince-mcmahon,,1,2,56:38,3398,over_top_rope,The winning elimination -- McMahon dumped Austin over the top rope from behind while Austin was distracted by The Rock at ringside.,,UNKNOWN,TRUE,FALSE,FALSE,FALSE,TRUE,UNKNOWN,FALSE,,CONFIRMED,S044;S045,
RR2000M,1,mosh,rikishi,,,,,,over_the_top_rope,,,UNKNOWN,TRUE,FALSE,FALSE,FALSE,FALSE,FALSE,FALSE,,PROBABLE,S050;S058;S024;S059;S037;S476;S481,"Entry order/eliminator recovered from S050, cross-checked by S058/S024/S059/S037. Elimination rank independently cross-checked against S481."
RR2000M,2,christian,rikishi,,,,,,over_the_top_rope,,,UNKNOWN,TRUE,FALSE,FALSE,FALSE,FALSE,FALSE,FALSE,,PROBABLE,S050;S058;S024;S059;S037;S476;S481,"Entry order/eliminator recovered from S050, cross-checked by S058/S024/S059/S037. Elimination rank independently cross-checked against S481."
RR2000M,3,d-lo-brown,rikishi,,,,,,over_the_top_rope,,,UNKNOWN,TRUE,FALSE,FALSE,FALSE,FALSE,FALSE,FALSE,,PROBABLE,S050;S058;S024;S059;S037;S476;S481,"Entry order/eliminator recovered from S050, cross-checked by S058/S024/S059/S037. Elimination rank independently cross-checked against S481."
RR2000M,4,brian-christopher,rikishi,,,,,,over_the_top_rope,,,UNKNOWN,TRUE,FALSE,FALSE,FALSE,FALSE,FALSE,FALSE,,PROBABLE,S050;S058;S024;S059;S037;S476;S481,"Entry order/eliminator recovered from S050, cross-checked by S058/S024/S059/S037. Elimination rank independently cross-checked against S481."
RR2000M,5,scott-taylor,rikishi,,,,,,over_the_top_rope,,,UNKNOWN,TRUE,FALSE,FALSE,FALSE,FALSE,FALSE,FALSE,,PROBABLE,S050;S058;S024;S059;S037;S476;S481,"Entry order/eliminator recovered from S050, cross-checked by S058/S024/S059/S037. Elimination rank independently cross-checked against S481."
RR2000M,6,steve-blackman,rikishi,,,,,,over_the_top_rope,,,UNKNOWN,TRUE,FALSE,FALSE,FALSE,FALSE,FALSE,FALSE,,PROBABLE,S050;S058;S024;S059;S037;S476;S481,"Entry order/eliminator recovered from S050, cross-checked by S058/S024/S059/S037. Elimination rank independently cross-checked against S481."
RR2000M,7,mabel,rikishi,,,,,,over_the_top_rope,,,UNKNOWN,TRUE,FALSE,FALSE,FALSE,FALSE,FALSE,FALSE,,PROBABLE,S050;S058;S024;S059;S037;S476;S481,"Entry order/eliminator recovered from S050, cross-checked by S058/S024/S059/S037. Elimination rank independently cross-checked against S481."
RR2000M,8,rikishi,big-boss-man,bob-backlund;edge;gangrel;test;british-bulldog,,,,,over_the_top_rope,,,UNKNOWN,FALSE,TRUE,FALSE,FALSE,FALSE,FALSE,FALSE,,PROBABLE,S050;S058;S024;S059;S037;S476;S481,"Entry order/eliminator recovered from S050, cross-checked by S058/S024/S059/S037. Group elimination -- big-boss-man, bob-backlund, edge, gangrel, test, british-bulldog. Elimination rank independently cross-checked against S481."
RR2000M,8,rikishi,bob-backlund,big-boss-man;edge;gangrel;test;british-bulldog,,,,,over_the_top_rope,,,UNKNOWN,FALSE,TRUE,FALSE,FALSE,FALSE,FALSE,FALSE,,PROBABLE,S050;S058;S024;S059;S037;S476;S481,"Entry order/eliminator recovered from S050, cross-checked by S058/S024/S059/S037. Group elimination -- big-boss-man, bob-backlund, edge, gangrel, test, british-bulldog. Elimination rank independently cross-checked against S481."
RR2000M,8,rikishi,edge,big-boss-man;bob-backlund;gangrel;test;british-bulldog,,,,,over_the_top_rope,,,UNKNOWN,FALSE,TRUE,FALSE,FALSE,FALSE,FALSE,FALSE,,PROBABLE,S050;S058;S024;S059;S037;S476;S481,"Entry order/eliminator recovered from S050, cross-checked by S058/S024/S059/S037. Group elimination -- big-boss-man, bob-backlund, edge, gangrel, test, british-bulldog. Elimination rank independently cross-checked against S481."
RR2000M,8,rikishi,gangrel,big-boss-man;bob-backlund;edge;test;british-bulldog,,,,,over_the_top_rope,,,UNKNOWN,FALSE,TRUE,FALSE,FALSE,FALSE,FALSE,FALSE,,PROBABLE,S050;S058;S024;S059;S037;S476;S481,"Entry order/eliminator recovered from S050, cross-checked by S058/S024/S059/S037. Group elimination -- big-boss-man, bob-backlund, edge, gangrel, test, british-bulldog. Elimination rank independently cross-checked against S481."
RR2000M,8,rikishi,test,big-boss-man;bob-backlund;edge;gangrel;british-bulldog,,,,,over_the_top_rope,,,UNKNOWN,FALSE,TRUE,FALSE,FALSE,FALSE,FALSE,FALSE,,PROBABLE,S050;S058;S024;S059;S037;S476;S481,"Entry order/eliminator recovered from S050, cross-checked by S058/S024/S059/S037. Group elimination -- big-boss-man, bob-backlund, edge, gangrel, test, british-bulldog. Elimination rank independently cross-checked against S481."
RR2000M,8,rikishi,british-bulldog,big-boss-man;bob-backlund;edge;gangrel;test,,,,,over_the_top_rope,,,UNKNOWN,FALSE,TRUE,FALSE,FALSE,FALSE,FALSE,FALSE,,PROBABLE,S050;S058;S024;S059;S037;S476;S481,"Entry order/eliminator recovered from S050, cross-checked by S058/S024/S059/S037. Group elimination -- big-boss-man, bob-backlund, edge, gangrel, test, british-bulldog. Elimination rank independently cross-checked against S481."
RR2000M,9,bob-backlund,chris-jericho,,,,,,over_the_top_rope,,,UNKNOWN,TRUE,FALSE,FALSE,FALSE,FALSE,FALSE,FALSE,,PROBABLE,S050;S058;S024;S059;S037;S476;S481,"Entry order/eliminator recovered from S050, cross-checked by S058/S024/S059/S037. Elimination rank independently cross-checked against S481."
RR2000M,10,chris-jericho,chyna,,,,,,over_the_top_rope,,,UNKNOWN,TRUE,FALSE,FALSE,FALSE,FALSE,FALSE,FALSE,,PROBABLE,S050;S058;S024;S059;S037;S476;S481,"Entry order/eliminator recovered from S050, cross-checked by S058/S024/S059/S037. Elimination rank independently cross-checked against S481."
RR2000M,11,chyna,big-boss-man,,,,,,over_the_top_rope,,,UNKNOWN,TRUE,FALSE,FALSE,FALSE,FALSE,FALSE,FALSE,,PROBABLE,S050;S058;S024;S059;S037;S476;S481,"Entry order/eliminator recovered from S050, cross-checked by S058/S024/S059/S037. Elimination rank independently cross-checked against S481."
RR2000M,12,faarooq,big-boss-man,,,,,,over_the_top_rope,,,UNKNOWN,TRUE,FALSE,FALSE,FALSE,FALSE,FALSE,FALSE,,PROBABLE,S050;S058;S024;S059;S037;S476;S481,"Entry order/eliminator recovered from S050, cross-checked by S058/S024/S059/S037. Elimination rank independently cross-checked against S481."
RR2000M,13,british-bulldog,jesse-james,,,,,,over_the_top_rope,,,UNKNOWN,TRUE,FALSE,FALSE,FALSE,FALSE,FALSE,FALSE,,PROBABLE,S050;S058;S024;S059;S037;S476;S481,"Entry order/eliminator recovered from S050, cross-checked by S058/S024/S059/S037. Elimination rank independently cross-checked against S481."
RR2000M,14,edge,al-snow,val-venis,,,,,over_the_top_rope,,,UNKNOWN,FALSE,TRUE,FALSE,FALSE,FALSE,FALSE,FALSE,,PROBABLE,S050;S058;S024;S059;S037;S476;S481,"Entry order/eliminator recovered from S050, cross-checked by S058/S024/S059/S037. Group elimination -- al-snow, val-venis. Elimination rank independently cross-checked against S481."
RR2000M,14,edge,val-venis,al-snow,,,,,over_the_top_rope,,,UNKNOWN,FALSE,TRUE,FALSE,FALSE,FALSE,FALSE,FALSE,,PROBABLE,S050;S058;S024;S059;S037;S476;S481,"Entry order/eliminator recovered from S050, cross-checked by S058/S024/S059/S037. Group elimination -- al-snow, val-venis. Elimination rank independently cross-checked against S481."
RR2000M,15,big-boss-man,rocky-maivia,,,24,,,over_top_rope,Deposited on the floor by The Rock shortly after his #24 entrance.,,UNKNOWN,TRUE,FALSE,FALSE,FALSE,UNKNOWN,UNKNOWN,FALSE,,CONFIRMED,S046;S476;S481,Elimination rank independently cross-checked against S481.
RR2000M,16,crash-holly,rocky-maivia,,,24,,,over_top_rope,Deposited on the floor by The Rock shortly after his #24 entrance.,,UNKNOWN,TRUE,FALSE,FALSE,FALSE,UNKNOWN,UNKNOWN,FALSE,,CONFIRMED,S046;S476;S481,Elimination rank independently cross-checked against S481.
RR2000M,17,test,big-show,,,26,,,over_top_rope,Gotten rid of by Big Show 'in short order' after his #26 entrance.,,UNKNOWN,TRUE,FALSE,FALSE,FALSE,UNKNOWN,UNKNOWN,FALSE,,CONFIRMED,S046;S476;S481,Elimination rank independently cross-checked against S481.
RR2000M,18,gangrel,big-show,,,26,,,over_top_rope,Gotten rid of by Big Show 'in short order' after his #26 entrance.,,UNKNOWN,TRUE,FALSE,FALSE,FALSE,UNKNOWN,UNKNOWN,FALSE,,CONFIRMED,S046;S476;S481,Elimination rank independently cross-checked against S481.
RR2000M,19,bradshaw,jesse-james,billy-gunn,,,,,over_the_top_rope,,,UNKNOWN,FALSE,TRUE,FALSE,FALSE,FALSE,FALSE,FALSE,,PROBABLE,S050;S058;S024;S059;S037;S476;S481,"Entry order/eliminator recovered from S050, cross-checked by S058/S024/S059/S037. Group elimination -- jesse-james, billy-gunn. Elimination rank independently cross-checked against S481."
RR2000M,19,bradshaw,billy-gunn,jesse-james,,,,,over_the_top_rope,,,UNKNOWN,FALSE,TRUE,FALSE,FALSE,FALSE,FALSE,FALSE,,PROBABLE,S050;S058;S024;S059;S037;S476;S481,"Entry order/eliminator recovered from S050, cross-checked by S058/S024/S059/S037. Group elimination -- jesse-james, billy-gunn. Elimination rank independently cross-checked against S481."
RR2000M,20,val-venis,kane,,,27,,,over_top_rope,Gotten rid of by Kane after his #27 entrance.,,UNKNOWN,TRUE,FALSE,FALSE,FALSE,UNKNOWN,UNKNOWN,FALSE,,CONFIRMED,S046;S476;S481,Elimination rank independently cross-checked against S481.
RR2000M,21,prince-albert,kane,,,27,,,over_top_rope,Gotten rid of by Kane after his #27 entrance.,,UNKNOWN,TRUE,FALSE,FALSE,FALSE,UNKNOWN,UNKNOWN,FALSE,,CONFIRMED,S046;S476;S481,Elimination rank independently cross-checked against S481.
RR2000M,22,hardcore-holly,al-snow,,,,,,over_the_top_rope,,,UNKNOWN,TRUE,FALSE,FALSE,FALSE,FALSE,FALSE,FALSE,,PROBABLE,S050;S058;S024;S059;S037;S476;S481,"Entry order/eliminator recovered from S050, cross-checked by S058/S024/S059/S037. Elimination rank independently cross-checked against S481."
RR2000M,23,the-godfather,big-show,,,,,,over_the_top_rope,,,UNKNOWN,TRUE,FALSE,FALSE,FALSE,FALSE,FALSE,FALSE,,PROBABLE,S050;S058;S024;S059;S037;S476;S481,"Entry order/eliminator recovered from S050, cross-checked by S058/S024/S059/S037. Elimination rank independently cross-checked against S481."
RR2000M,24,al-snow,rocky-maivia,,,,,,over_the_top_rope,,,UNKNOWN,TRUE,FALSE,FALSE,FALSE,FALSE,FALSE,FALSE,,PROBABLE,S050;S058;S024;S059;S037;S476;S481,"Entry order/eliminator recovered from S050, cross-checked by S058/S024/S059/S037. Elimination rank independently cross-checked against S481."
RR2000M,25,jesse-james,billy-gunn,,,,,,over_the_top_rope,,,UNKNOWN,TRUE,FALSE,FALSE,FALSE,FALSE,FALSE,FALSE,,PROBABLE,S050;S058;S024;S059;S037;S476;S481,"Entry order/eliminator recovered from S050, cross-checked by S058/S024/S059/S037. Elimination rank independently cross-checked against S481."
RR2000M,26,billy-gunn,kane,,,,,,over_the_top_rope,,,UNKNOWN,TRUE,FALSE,FALSE,FALSE,FALSE,FALSE,FALSE,,PROBABLE,S050;S058;S024;S059;S037;S476;S481,"Entry order/eliminator recovered from S050, cross-checked by S058/S024/S059/S037. Elimination rank independently cross-checked against S481."
RR2000M,27,kane,1-2-3-kid,,27,,,,over_top_rope,"Spin-kicked out by X-Pac in the Final Four, after X-Pac snuck back in unnoticed from an earlier Rock elimination attempt.",,UNKNOWN,TRUE,FALSE,FALSE,FALSE,UNKNOWN,UNKNOWN,FALSE,,CONFIRMED,S046;S476;S481,Elimination rank independently cross-checked against S481.
RR2000M,28,1-2-3-kid,big-show,,,26,,,over_top_rope,One-handed out of the ring by Big Show in the Final Four.,,UNKNOWN,TRUE,FALSE,FALSE,FALSE,UNKNOWN,UNKNOWN,FALSE,,CONFIRMED,S046;S476;S481,Elimination rank independently cross-checked against S481.
RR2000M,29,big-show,rocky-maivia,,26,24,,,over_top_rope,"The winning elimination -- Rock got back in the ring and eliminated Big Show after Show (wrongly, per replay) believed he had already eliminated Rock -- see F126.",,UNKNOWN,TRUE,FALSE,FALSE,FALSE,UNKNOWN,UNKNOWN,FALSE,,CONFIRMED,S046;S476;S481,Elimination rank independently cross-checked against S481.
RR2001M,1,bull-buchanan,matt-hardy,,2,3,2:09,129,over_top_rope,"Eliminated together by Matt and Jeff Hardy, who then immediately began fighting each other.",,UNKNOWN,FALSE,TRUE,FALSE,FALSE,UNKNOWN,UNKNOWN,FALSE,bull_buchanan_hardys,CONFIRMED,S047;S048,
RR2001M,1,bull-buchanan,jeff-hardy,,2,1,2:09,129,over_top_rope,"Eliminated together by Matt and Jeff Hardy, who then immediately began fighting each other.",,UNKNOWN,FALSE,TRUE,FALSE,FALSE,UNKNOWN,UNKNOWN,FALSE,bull_buchanan_hardys,CONFIRMED,S047;S048,
RR2001M,2,faarooq,jeff-hardy,matt-hardy,4,1,,,over_top_rope,,,,FALSE,TRUE,,FALSE,,,,RR2001M-faarooq,PROBABLE,S434,F502; order synchronized from sourced entrant row.
RR2001M,2,faarooq,matt-hardy,jeff-hardy,4,3,,,over_top_rope,,,,FALSE,TRUE,,FALSE,,,,RR2001M-faarooq,PROBABLE,S434,F502; order synchronized from sourced entrant row.
RR2001M,3,matt-hardy,jeff-hardy,,3,1,6:37,397,over_top_rope,Mutual elimination -- Matt and Jeff Hardy eliminated each other while brawling.,,UNKNOWN,TRUE,FALSE,FALSE,FALSE,UNKNOWN,UNKNOWN,FALSE,,CONFIRMED,S047;S048,
RR2001M,4,jeff-hardy,matt-hardy,,1,3,6:38,398,over_top_rope,Mutual elimination -- Matt and Jeff Hardy eliminated each other while brawling.,,UNKNOWN,TRUE,FALSE,FALSE,FALSE,UNKNOWN,UNKNOWN,FALSE,,CONFIRMED,S047;S048,
RR2001M,5,drew-carey,drew-carey,,5,5,9:07,547,self_elimination,"Self-elimination -- after failing to bribe Kane with cash, Carey 'smartly eliminated himself by jumping over the top rope.'",,UNKNOWN,TRUE,FALSE,FALSE,TRUE,TRUE,UNKNOWN,FALSE,,CONFIRMED,S047;S048,
RR2001M,6,brian-christopher,kane,,,,,,over_the_top_rope,,,UNKNOWN,TRUE,FALSE,FALSE,FALSE,FALSE,FALSE,FALSE,,PROBABLE,S050;S025;S040;S047;S048,"One of Kane's then-record 11 eliminations; recovered from 3 independent sources (Wikipedia, Online World of Wrestling, allrumblestats.com)."
RR2001M,7,steve-blackman,kane,,10,6,17:36,1056,over_top_rope,One of Kane's record-setting 11 eliminations.,,UNKNOWN,TRUE,FALSE,FALSE,FALSE,UNKNOWN,UNKNOWN,FALSE,,CONFIRMED,S047;S048,
RR2001M,8,al-snow,kane,,8,6,17:44,1064,over_top_rope,One of Kane's record-setting 11 eliminations.,,UNKNOWN,TRUE,FALSE,FALSE,FALSE,UNKNOWN,UNKNOWN,FALSE,,CONFIRMED,S047;S048,
RR2001M,9,raven,kane,,,,,,over_the_top_rope,,,UNKNOWN,TRUE,FALSE,FALSE,FALSE,FALSE,FALSE,FALSE,,PROBABLE,S050;S025;S040;S047;S048,"One of Kane's then-record 11 eliminations; recovered from 3 independent sources (Wikipedia, Online World of Wrestling, allrumblestats.com)."
RR2001M,10,perry-saturn,kane,,9,6,18:00,1080,over_top_rope,One of Kane's record-setting 11 eliminations.,,UNKNOWN,TRUE,FALSE,FALSE,FALSE,UNKNOWN,UNKNOWN,FALSE,,CONFIRMED,S047;S048,
RR2001M,11,the-honky-tonk-man,kane,,12,6,19:56,1196,over_top_rope,"Turned around after his entrance shtick to get bashed in the head with his own guitar, then tossed by Kane -- one of Kane's record-setting 11 eliminations.",,UNKNOWN,TRUE,FALSE,FALSE,FALSE,UNKNOWN,UNKNOWN,FALSE,,CONFIRMED,S047;S048,
RR2001M,12,the-godfather,rocky-maivia,,14,13,,,over_top_rope,,,,TRUE,FALSE,,FALSE,,,,,PROBABLE,S434,F502; order synchronized from sourced entrant row.
RR2001M,13,tazz,kane,,,,,,over_the_top_rope,,,UNKNOWN,TRUE,FALSE,FALSE,FALSE,FALSE,FALSE,FALSE,,PROBABLE,S050;S025;S040;S047;S048,"One of Kane's then-record 11 eliminations; recovered from 3 independent sources (Wikipedia, Online World of Wrestling, allrumblestats.com)."
RR2001M,14,william-regal,test,,21,22,,,over_top_rope,,,,TRUE,FALSE,,FALSE,,,,,PROBABLE,S434,F502; order synchronized from sourced entrant row.
RR2001M,15,test,big-show,,22,23,,,over_top_rope,,,,TRUE,FALSE,,FALSE,,,,,PROBABLE,S434,F502; order synchronized from sourced entrant row.
RR2001M,16,k-kwik,big-show,,19,23,,,over_top_rope,,,,TRUE,FALSE,,FALSE,,,,,PROBABLE,S434,F502; order synchronized from sourced entrant row.
RR2001M,17,big-show,rocky-maivia,,23,13,40:29,2429,over_top_rope,Tossed by Rock shortly after returning from a months-long absence; Show then retaliated by dragging Rock out and chokeslamming him through a ringside table.,,UNKNOWN,TRUE,FALSE,FALSE,FALSE,UNKNOWN,UNKNOWN,FALSE,,CONFIRMED,S047;S048,
RR2001M,18,bradshaw,the-undertaker,,16,25,,,over_top_rope,,,,TRUE,FALSE,,FALSE,,,,,PROBABLE,S434,F502; order synchronized from sourced entrant row.
RR2001M,19,crash-holly,kane,,,,,,over_the_top_rope,,,UNKNOWN,TRUE,FALSE,FALSE,FALSE,FALSE,FALSE,FALSE,,PROBABLE,S050;S025;S040;S047;S048,"One of Kane's then-record 11 eliminations; recovered from 3 independent sources (Wikipedia, Online World of Wrestling, allrumblestats.com)."
RR2001M,20,prince-albert,kane,,,,,,over_the_top_rope,,,UNKNOWN,TRUE,FALSE,FALSE,FALSE,FALSE,FALSE,FALSE,,PROBABLE,S050;S025;S040;S047;S048,"One of Kane's then-record 11 eliminations; recovered from 3 independent sources (Wikipedia, Online World of Wrestling, allrumblestats.com)."
RR2001M,21,hardcore-holly,the-undertaker,,18,25,,,over_top_rope,,,,TRUE,FALSE,,FALSE,,,,,PROBABLE,S434,F502; order synchronized from sourced entrant row.
RR2001M,22,val-venis,the-undertaker,,20,25,,,over_top_rope,,,,TRUE,FALSE,,FALSE,,,,,PROBABLE,S434,F502; order synchronized from sourced entrant row.
RR2001M,23,scott-taylor,kane,the-undertaker,,,,,over_the_top_rope,,,UNKNOWN,FALSE,TRUE,FALSE,FALSE,FALSE,FALSE,FALSE,,PROBABLE,S050;S025;S040;S047;S048,"Scott Taylor's (as 'Scotty 2 Hotty') own 2001 elimination -- credited jointly to Kane (his 11th and final elimination of the match) and The Undertaker. Recovered from 3 independent sources (Wikipedia, Online World of Wrestling, allrumblestats.com)."
RR2001M,23,scott-taylor,the-undertaker,kane,,,,,over_the_top_rope,,,UNKNOWN,FALSE,TRUE,FALSE,FALSE,FALSE,FALSE,FALSE,,PROBABLE,S050;S025;S040;S047;S048,See the Kane row above for full detail.
RR2001M,24,haku,steve-austin,,29,27,,,over_top_rope,,,,TRUE,FALSE,,FALSE,,,,,PROBABLE,S434,F502; order synchronized from sourced entrant row.
RR2001M,25,the-undertaker,rikishi,,25,30,53:54,3234,over_top_rope,"Eliminated by the #30 entrant, Rikishi.",,UNKNOWN,TRUE,FALSE,FALSE,FALSE,UNKNOWN,UNKNOWN,FALSE,,CONFIRMED,S047;S048,
RR2001M,26,rikishi,rocky-maivia,,30,13,54:52,3292,over_top_rope,"Taken out by Rock, setting the Final Four of Austin, Rock, Kane, and Billy Gunn.",,UNKNOWN,TRUE,FALSE,FALSE,FALSE,UNKNOWN,UNKNOWN,FALSE,,CONFIRMED,S047;S048,
RR2001M,27,billy-gunn,steve-austin,,28,27,55:24,3324,over_top_rope,Dumped by Austin in the Final Four.,,UNKNOWN,TRUE,FALSE,FALSE,FALSE,UNKNOWN,UNKNOWN,FALSE,,CONFIRMED,S047;S048,
RR2001M,28,rocky-maivia,kane,,13,6,59:09,3549,over_top_rope,"Kane snuck in and tossed both Austin and Rock, but only Rock actually went out.",,UNKNOWN,TRUE,FALSE,FALSE,FALSE,UNKNOWN,UNKNOWN,FALSE,,CONFIRMED,S047;S048,
RR2001M,29,kane,steve-austin,,6,27,61:55,3715,over_top_rope,"The winning elimination -- Austin bashed Kane with a steel chair four times, the last shot sending him over the top rope.",,UNKNOWN,TRUE,FALSE,FALSE,FALSE,UNKNOWN,UNKNOWN,FALSE,,CONFIRMED,S047;S048,
RR2002M,1,big-boss-man,rikishi,,,,,,over_the_top_rope,,,UNKNOWN,TRUE,FALSE,FALSE,FALSE,FALSE,FALSE,FALSE,,PROBABLE,S050;S051;S040;S481,"Entry order/eliminator recovered from S050, cross-checked by S051/S040. Elimination rank independently cross-checked against S481."
RR2002M,2,lance-storm,al-snow,,,,,,over_the_top_rope,,,UNKNOWN,TRUE,FALSE,FALSE,FALSE,FALSE,FALSE,FALSE,,PROBABLE,S050;S051;S040;S481,"Entry order/eliminator recovered from S050, cross-checked by S051/S040. Elimination rank independently cross-checked against S481."
RR2002M,3,bradshaw,billy-gunn,,,,,,over_the_top_rope,,,UNKNOWN,TRUE,FALSE,FALSE,FALSE,FALSE,FALSE,FALSE,,PROBABLE,S050;S051;S040;S481,"Entry order/eliminator recovered from S050, cross-checked by S051/S040. Elimination rank independently cross-checked against S481."
RR2002M,4,goldust,the-undertaker,,2,8,,,over_top_rope,One of several midcarders cleared out right after Undertaker's #8 entrance.,,UNKNOWN,TRUE,FALSE,FALSE,FALSE,UNKNOWN,UNKNOWN,FALSE,,CONFIRMED,S049;S050;S481,Elimination rank independently cross-checked against S481.
RR2002M,5,al-snow,the-undertaker,,,8,,,over_top_rope,One of several midcarders cleared out right after Undertaker's #8 entrance.,,UNKNOWN,TRUE,FALSE,FALSE,FALSE,UNKNOWN,UNKNOWN,FALSE,,CONFIRMED,S049;S050;S481,Elimination rank independently cross-checked against S481.
RR2002M,6,rikishi,the-undertaker,,1,8,,,over_top_rope,One of several midcarders cleared out right after Undertaker's #8 entrance.,,UNKNOWN,TRUE,FALSE,FALSE,FALSE,UNKNOWN,UNKNOWN,FALSE,,CONFIRMED,S049;S050;S481,Elimination rank independently cross-checked against S481.
RR2002M,7,billy-gunn,the-undertaker,,,8,,,over_top_rope,One of several midcarders cleared out right after Undertaker's #8 entrance.,,UNKNOWN,TRUE,FALSE,FALSE,FALSE,UNKNOWN,UNKNOWN,FALSE,,CONFIRMED,S049;S050;S481,Elimination rank independently cross-checked against S481.
RR2002M,8,jeff-hardy,the-undertaker,,,8,,,over_top_rope,Thrown out by Undertaker after entering together with Matt Hardy -- see F136 for the pair's later non-canonical interference.,,UNKNOWN,TRUE,FALSE,FALSE,FALSE,UNKNOWN,UNKNOWN,FALSE,,CONFIRMED,S049;S050;S481,Elimination rank independently cross-checked against S481.
RR2002M,9,matt-hardy,the-undertaker,,,8,,,over_top_rope,Thrown out by Undertaker after entering together with Jeff Hardy -- see F136 for the pair's later non-canonical interference.,,UNKNOWN,TRUE,FALSE,FALSE,FALSE,UNKNOWN,UNKNOWN,FALSE,,CONFIRMED,S049;S050;S481,Elimination rank independently cross-checked against S481.
RR2002M,10,the-undertaker,maven,,8,11,,,over_top_rope,"One of the most famous surprise eliminations in Royal Rumble history -- Maven dropkicked Undertaker over the top rope while Undertaker was distracted yelling at the Hardys, who had jumped back in as interference after already being eliminated -- see F136.",,UNKNOWN,TRUE,FALSE,FALSE,FALSE,UNKNOWN,UNKNOWN,FALSE,,CONFIRMED,S049;S050;S481,Elimination rank independently cross-checked against S481.
RR2002M,11,maven,the-undertaker,,11,8,,,over_the_top_rope,Eliminated over the top rope.,,UNKNOWN,TRUE,FALSE,FALSE,FALSE,FALSE,FALSE,FALSE,,CONFIRMED,S050;S481,"Absolute elimination clock time remains UNKNOWN; cited tables provide survival time, not match-clock timestamp. Elimination rank independently cross-checked against S481."
RR2002M,12,scott-taylor,diamond-dallas-page,,,,,,over_the_top_rope,,,UNKNOWN,TRUE,FALSE,FALSE,FALSE,FALSE,FALSE,FALSE,,PROBABLE,S050;S051;S040;S481,"Entry order/eliminator recovered from S050, cross-checked by S051/S040. Elimination rank independently cross-checked against S481."
RR2002M,13,diamond-dallas-page,christian,,,,,,over_the_top_rope,,,UNKNOWN,TRUE,FALSE,FALSE,FALSE,FALSE,FALSE,FALSE,,PROBABLE,S050;S051;S040;S481,"Entry order/eliminator recovered from S050, cross-checked by S051/S040. Elimination rank independently cross-checked against S481."
RR2002M,14,prince-albert,chuck-palumbo,christian,,,,,over_the_top_rope,,,UNKNOWN,FALSE,TRUE,FALSE,FALSE,FALSE,FALSE,FALSE,,PROBABLE,S050;S040;S481,"Jointly eliminated by Chuck Palumbo and Christian -- per S050, a detail not previously in the database, suggesting a mini-alliance/spot between the two mid-match. Elimination rank independently cross-checked against S481."
RR2002M,14,prince-albert,christian,chuck-palumbo,,,,,over_the_top_rope,,,UNKNOWN,FALSE,TRUE,FALSE,FALSE,FALSE,FALSE,FALSE,,PROBABLE,S050;S040;S481,"Jointly eliminated by Chuck Palumbo and Christian -- per S050, a detail not previously in the database, suggesting a mini-alliance/spot between the two mid-match. Elimination rank independently cross-checked against S481."
RR2002M,15,the-godfather,chuck-palumbo,christian,,,,,over_the_top_rope,,,UNKNOWN,FALSE,TRUE,FALSE,FALSE,FALSE,FALSE,FALSE,,PROBABLE,S050;S040;S481,"Jointly eliminated by Chuck Palumbo and Christian -- per S050, a detail not previously in the database, suggesting a mini-alliance/spot between the two mid-match. Elimination rank independently cross-checked against S481."
RR2002M,15,the-godfather,christian,chuck-palumbo,,,,,over_the_top_rope,,,UNKNOWN,FALSE,TRUE,FALSE,FALSE,FALSE,FALSE,FALSE,,PROBABLE,S050;S040;S481,"Jointly eliminated by Chuck Palumbo and Christian -- per S050, a detail not previously in the database, suggesting a mini-alliance/spot between the two mid-match. Elimination rank independently cross-checked against S481."
RR2002M,16,christian,steve-austin,,,19,,,over_top_rope,Stunnered and eliminated by Austin shortly after his #19 entrance.,,UNKNOWN,TRUE,FALSE,FALSE,FALSE,UNKNOWN,UNKNOWN,FALSE,,CONFIRMED,S049;S050;S481,Elimination rank independently cross-checked against S481.
RR2002M,17,chuck-palumbo,steve-austin,,,19,,,over_top_rope,Stunnered and eliminated by Austin shortly after his #19 entrance.,,UNKNOWN,TRUE,FALSE,FALSE,FALSE,UNKNOWN,UNKNOWN,FALSE,,CONFIRMED,S049;S050;S481,Elimination rank independently cross-checked against S481.
RR2002M,18,perry-saturn,steve-austin,,,19,,,over_top_rope,Stunnered and eliminated by Austin shortly after his #19 entrance.,,UNKNOWN,TRUE,FALSE,FALSE,FALSE,UNKNOWN,UNKNOWN,FALSE,,CONFIRMED,S049;S050;S481,Elimination rank independently cross-checked against S481.
RR2002M,19,val-venis,steve-austin,,,19,,,over_top_rope,"Double-teamed Austin (with Test) before 'eventually they got tossed' -- contextually implied to be by Austin, not an explicit statement.",,UNKNOWN,TRUE,FALSE,FALSE,FALSE,UNKNOWN,UNKNOWN,FALSE,,PROBABLE,S049;S050;S481,Elimination rank independently cross-checked against S481.
RR2002M,20,test,steve-austin,,,19,,,over_top_rope,"Double-teamed Austin (with Val Venis) before 'eventually they got tossed' -- contextually implied to be by Austin, not an explicit statement.",,UNKNOWN,TRUE,FALSE,FALSE,FALSE,UNKNOWN,UNKNOWN,FALSE,,PROBABLE,S049;S050;S481,Elimination rank independently cross-checked against S481.
RR2002M,21,the-hurricane,steve-austin,hunter-hearst-helmsley,,19,,,over_top_rope,Ran into both Austin and HHH and was 'gotten rid of' by the two of them together -- modeled as a shared elimination. See F137.,,UNKNOWN,FALSE,TRUE,FALSE,FALSE,UNKNOWN,UNKNOWN,FALSE,hurricane_austin_hhh,CONFIRMED,S049;S050;S481,Elimination rank independently cross-checked against S481.
RR2002M,21,the-hurricane,hunter-hearst-helmsley,steve-austin,,24,,,over_top_rope,Ran into both Austin and HHH and was 'gotten rid of' by the two of them together -- modeled as a shared elimination. See F137.,,UNKNOWN,FALSE,TRUE,FALSE,FALSE,UNKNOWN,UNKNOWN,FALSE,hurricane_austin_hhh,CONFIRMED,S049;S050;S481,Elimination rank independently cross-checked against S481.
RR2002M,22,faarooq,hunter-hearst-helmsley,,,,,,over_the_top_rope,,,UNKNOWN,TRUE,FALSE,FALSE,FALSE,FALSE,FALSE,FALSE,,PROBABLE,S050;S051;S040;S037;S024;S481,"Faarooq's entry number (#24) was previously entirely unknown -- newly established by 5 independent sources, all also crediting Triple H with this elimination at 0:36. Elimination rank independently cross-checked against S481."
RR2002M,23,big-show,kane,,27,28,,,over_top_rope,"Thrown out by the next entrant, Kane, 'in an impressive show of strength,' shortly after Show himself had chokeslammed everybody.",,UNKNOWN,TRUE,FALSE,FALSE,FALSE,UNKNOWN,UNKNOWN,FALSE,,CONFIRMED,S049;S050;S481,Elimination rank independently cross-checked against S481.
RR2002M,24,kane,kurt-angle,,,,,,over_the_top_rope,,,UNKNOWN,TRUE,FALSE,FALSE,FALSE,FALSE,FALSE,FALSE,,PROBABLE,S050;S040;S481,Previously had no eliminator credited. Recovered from Wikipedia + allrumblestats.com. Elimination rank independently cross-checked against S481.
RR2002M,25,rob-van-dam,booker-t,,29,30,,,over_top_rope,"Weakened by a Triple H Pedigree just before Booker T's #30 entrance, then eliminated by Booker T ('quickly disposed of the lifeless RVD') -- see F138.",,UNKNOWN,TRUE,FALSE,FALSE,FALSE,UNKNOWN,UNKNOWN,FALSE,,CONFIRMED,S049;S050;S481,Elimination rank independently cross-checked against S481.
RR2002M,26,booker-t,steve-austin,,30,19,,,over_top_rope,Stunnered and thrown out by Austin.,,UNKNOWN,TRUE,FALSE,FALSE,FALSE,UNKNOWN,UNKNOWN,FALSE,,CONFIRMED,S049;S050;S481,Elimination rank independently cross-checked against S481.
RR2002M,27,steve-austin,kurt-angle,mr-perfect,19,26,,,over_top_rope,Eliminated by Angle in the Final Four.,,UNKNOWN,FALSE,TRUE,FALSE,FALSE,UNKNOWN,UNKNOWN,FALSE,,CONFIRMED,S049;S050;S481,CORRECTED 2026-09-16: was credited solely to Kurt Angle. Wikipedia's entrant table instead credits this elimination jointly to Kurt Angle AND Mr. Perfect. See F175 (resolved). Elimination rank independently cross-checked against S481.
RR2002M,28,mr-perfect,hunter-hearst-helmsley,,25,24,,,over_top_rope,"Eliminated by HHH immediately after hitting the Perfectplex on Kurt Angle -- 'HHH was there to ruin everyone's fun, and Hennig's night was done.'",,UNKNOWN,TRUE,FALSE,FALSE,FALSE,UNKNOWN,UNKNOWN,FALSE,,CONFIRMED,S049;S050;S481,Elimination rank independently cross-checked against S481.
RR2002M,29,kurt-angle,hunter-hearst-helmsley,,26,24,,,over_top_rope,"The winning elimination -- Angle believed he'd already eliminated HHH with an Angle Slam and began celebrating, but HHH came back in and clotheslined him out for the win at 69:22, the longest Royal Rumble match ever at the time.",,UNKNOWN,TRUE,FALSE,FALSE,FALSE,UNKNOWN,UNKNOWN,FALSE,,CONFIRMED,S049;S050;S481,Elimination rank independently cross-checked against S481.
RR2003M,1,shawn-michaels,chris-jericho,,1,2,2:30,150,over_top_rope,"Ambushed from behind with a low blow and busted open with a chair before the bell even rang, then dumped from the ring right away -- not counted as part of match time or Jericho's own survival time.",,UNKNOWN,TRUE,FALSE,FALSE,FALSE,UNKNOWN,UNKNOWN,FALSE,,CONFIRMED,S065;S066,
RR2003M,2,chris-nowinski,rey-mysterio,,3,4,9:06,546,over_top_rope,"Slid into the ring after a long, hesitant entrance and lasted only a short time before being tossed by Mysterio.",,UNKNOWN,TRUE,FALSE,FALSE,FALSE,UNKNOWN,UNKNOWN,FALSE,,CONFIRMED,S065;S066,
RR2003M,3,rey-mysterio,chris-jericho,,,,,,over_the_top_rope,,,UNKNOWN,TRUE,FALSE,FALSE,FALSE,FALSE,FALSE,FALSE,,PROBABLE,S073;S040;S065;S066,"Eliminator recovered from S073, independently cross-checked by S040."
RR2003M,4,bill-demott,edge,,,,,,over_the_top_rope,,,UNKNOWN,TRUE,FALSE,FALSE,FALSE,FALSE,FALSE,FALSE,,PROBABLE,S073;S040;S065;S066,"Eliminator recovered from S073, independently cross-checked by S040."
RR2003M,5,tommy-dreamer,chris-jericho,christian,,,,,over_the_top_rope,,,UNKNOWN,FALSE,TRUE,FALSE,FALSE,FALSE,FALSE,FALSE,RR2003M_tommy-dreamer,PROBABLE,S073;S040;S065;S066,"Eliminator recovered from S073, independently cross-checked by S040."
RR2003M,5,tommy-dreamer,christian,chris-jericho,,,,,over_the_top_rope,,,UNKNOWN,FALSE,TRUE,FALSE,FALSE,FALSE,FALSE,FALSE,RR2003M_tommy-dreamer,PROBABLE,S073;S040;S065;S066,"Eliminator recovered from S073, independently cross-checked by S040."
RR2003M,6,yoshihiro-tajiri,chris-jericho,,,,,,over_the_top_rope,,,UNKNOWN,TRUE,FALSE,FALSE,FALSE,FALSE,FALSE,FALSE,,PROBABLE,S073;S040;S065;S066,"Eliminator recovered from S073, independently cross-checked by S040."
RR2003M,7,bull-buchanan,edge,,,,,,over_the_top_rope,,,UNKNOWN,TRUE,FALSE,FALSE,FALSE,FALSE,FALSE,FALSE,,PROBABLE,S073;S040;S065;S066,"Eliminator recovered from S073, independently cross-checked by S040."
RR2003M,8,chavo-guerrero,edge,,,,,,over_the_top_rope,,,UNKNOWN,TRUE,FALSE,FALSE,FALSE,FALSE,FALSE,FALSE,,PROBABLE,S073;S040;S065;S066,"Eliminator recovered from S073, independently cross-checked by S040."
RR2003M,9,edge,chris-jericho,,5,2,15:51,951,over_top_rope,Eliminated together with Christian at the 15:51 mark -- one of only 3 individually named of Jericho's narrative-stated 6 total eliminations this match. See F168.,,UNKNOWN,TRUE,FALSE,FALSE,FALSE,UNKNOWN,UNKNOWN,FALSE,jericho_edge_christian,CONFIRMED,S065;S066,
RR2003M,10,christian,chris-jericho,,6,2,15:51,951,over_top_rope,Eliminated together with Edge at the 15:51 mark -- one of only 3 individually named of Jericho's narrative-stated 6 total eliminations this match. See F168.,,UNKNOWN,TRUE,FALSE,FALSE,FALSE,UNKNOWN,UNKNOWN,FALSE,jericho_edge_christian,CONFIRMED,S065;S066,
RR2003M,11,jeff-hardy,rob-van-dam,,,,,,over_the_top_rope,,,UNKNOWN,TRUE,FALSE,FALSE,FALSE,FALSE,FALSE,FALSE,,PROBABLE,S073;S040;S065;S066,"Eliminator recovered from S073, independently cross-checked by S040."
RR2003M,12,rosey,kane,,16,30,33:41,2021,over_top_rope,"Narrative groups his elimination with Cena's, right after Undertaker's #30 entrance ('Rosie, and John Cena quickly bit the dust') -- but Rosey's own computed elimination timestamp (33:41) is well before Undertaker's actual entry (47:00), so the narrative's 'quickly' framing appears compressed/imprecise. Eliminator kept as Undertaker (the only named candidate) but downgraded to PROBABLE given the timing mismatch. See F169.",,UNKNOWN,TRUE,FALSE,FALSE,FALSE,UNKNOWN,UNKNOWN,FALSE,,PROBABLE,S040;S065;S066;S073,"CORRECTED 2026-09-16: was credited to The Undertaker per S066's timing-compressed narrative framing. 2 independent external sources (Wikipedia + allrumblestats.com) unambiguously credit Kane instead (a backdrop elimination), consistent with Rosey's own computed elimination timestamp (33:41) falling well before Undertaker's actual entry (47:00). See F169 (resolved)."
RR2003M,13,eddie-guerrero,booker-t,,,,,,over_the_top_rope,,,UNKNOWN,TRUE,FALSE,FALSE,FALSE,FALSE,FALSE,FALSE,,PROBABLE,S073;S040;S065;S066,"Eliminator recovered from S073, independently cross-checked by S040."
RR2003M,14,chris-jericho,test,,2,17,38:59,2339,over_top_rope,"Test dumped Jericho after a returning (already-eliminated) Shawn Michaels ran back in, bandaged up, for revenge and helped wear Jericho down -- Michaels' interference is a contributing factor, not co-credited, consistent with this database's 'officiated record' convention.",,UNKNOWN,TRUE,FALSE,FALSE,FALSE,UNKNOWN,UNKNOWN,FALSE,,CONFIRMED,S065;S066,
RR2003M,15,goldust,charlie-haas,shelton-benjamin,,,,,over_the_top_rope,,,UNKNOWN,FALSE,TRUE,FALSE,FALSE,FALSE,FALSE,FALSE,RR2003M_goldust,PROBABLE,S073;S040;S065;S066,"Eliminator recovered from S073, independently cross-checked by S040."
RR2003M,15,goldust,shelton-benjamin,charlie-haas,,,,,over_the_top_rope,,,UNKNOWN,FALSE,TRUE,FALSE,FALSE,FALSE,FALSE,FALSE,RR2003M_goldust,PROBABLE,S073;S040;S065;S066,"Eliminator recovered from S073, independently cross-checked by S040."
RR2003M,16,booker-t,charlie-haas,shelton-benjamin,,,,,over_the_top_rope,,,UNKNOWN,FALSE,TRUE,FALSE,FALSE,FALSE,FALSE,FALSE,RR2003M_booker-t,PROBABLE,S073;S040;S065;S066,"Eliminator recovered from S073, independently cross-checked by S040."
RR2003M,16,booker-t,shelton-benjamin,charlie-haas,,,,,over_the_top_rope,,,UNKNOWN,FALSE,TRUE,FALSE,FALSE,FALSE,FALSE,FALSE,RR2003M_booker-t,PROBABLE,S073;S040;S065;S066,"Eliminator recovered from S073, independently cross-checked by S040."
RR2003M,17,test,batista,,,,,,over_the_top_rope,,,UNKNOWN,TRUE,FALSE,FALSE,FALSE,FALSE,FALSE,FALSE,,PROBABLE,S073;S040;S065;S066,"Eliminator recovered from S073, independently cross-checked by S040."
RR2003M,18,rikishi,batista,,,,,,over_the_top_rope,,,UNKNOWN,TRUE,FALSE,FALSE,FALSE,FALSE,FALSE,FALSE,,PROBABLE,S073;S040;S065;S066,"Eliminator recovered from S073, independently cross-checked by S040."
RR2003M,19,charlie-haas,brock-lesnar,,19,29,45:20,2720,over_top_rope,Eliminated together with tag partner Shelton Benjamin as 'Team Angle' -- Lesnar 'took care of' both.,,UNKNOWN,TRUE,FALSE,FALSE,FALSE,UNKNOWN,UNKNOWN,FALSE,lesnar_team_angle,CONFIRMED,S065;S066,
RR2003M,20,shelton-benjamin,brock-lesnar,,23,29,45:20,2720,over_top_rope,Eliminated together with tag partner Charlie Haas as 'Team Angle' -- Lesnar 'took care of' both.,,UNKNOWN,TRUE,FALSE,FALSE,FALSE,UNKNOWN,UNKNOWN,FALSE,lesnar_team_angle,CONFIRMED,S065;S066,
RR2003M,21,matt-hardy,brock-lesnar,,13,29,45:33,2733,over_top_rope,F5'd right out of the ring by Lesnar.,,UNKNOWN,TRUE,FALSE,FALSE,FALSE,UNKNOWN,UNKNOWN,FALSE,,CONFIRMED,S065;S066,
RR2003M,22,john-cena,the-undertaker,,18,30,47:22,2842,over_top_rope,"Eliminated shortly after Undertaker's #30 entrance, consistent with the narrative and the computed timestamps (Cena eliminated at 47:22, 22 seconds after Undertaker's 47:00 entry).",,UNKNOWN,TRUE,FALSE,FALSE,FALSE,UNKNOWN,UNKNOWN,FALSE,,CONFIRMED,S065;S066,
RR2003M,23,jamal,the-undertaker,,,,,,over_the_top_rope,,,UNKNOWN,TRUE,FALSE,FALSE,FALSE,FALSE,FALSE,FALSE,,PROBABLE,S073;S040;S065;S066,"Eliminator recovered from S073, independently cross-checked by S040."
RR2003M,24,maven,the-undertaker,,26,30,48:02,2882,over_top_rope,"Tried to repeat his famous 2002 dropkick elimination of Undertaker -- this time it didn't work, and Undertaker got his revenge.",,UNKNOWN,TRUE,FALSE,FALSE,FALSE,UNKNOWN,UNKNOWN,FALSE,,CONFIRMED,S065;S066,
RR2003M,25,prince-albert,kane,rob-van-dam,,,,,over_the_top_rope,,,UNKNOWN,FALSE,TRUE,FALSE,FALSE,FALSE,FALSE,FALSE,RR2003M_prince-albert,PROBABLE,S073;S040;S065;S066,"Eliminator recovered from S073, independently cross-checked by S040."
RR2003M,25,prince-albert,rob-van-dam,kane,,,,,over_the_top_rope,,,UNKNOWN,FALSE,TRUE,FALSE,FALSE,FALSE,FALSE,FALSE,RR2003M_prince-albert,PROBABLE,S073;S040;S065;S066,"Eliminator recovered from S073, independently cross-checked by S040."
RR2003M,26,rob-van-dam,kane,,,,,,over_the_top_rope,,,UNKNOWN,TRUE,FALSE,FALSE,FALSE,FALSE,FALSE,FALSE,,PROBABLE,S073;S040;S065;S066,"Eliminator recovered from S073, independently cross-checked by S040."
RR2003M,27,batista,the-undertaker,,28,30,53:02,3182,over_top_rope,"Thrown out by Undertaker in the Final Four. Batista then came back in with a chair as interference; Undertaker tossed him again, but this is not modeled as a second official entry -- see F171.",,UNKNOWN,TRUE,FALSE,FALSE,FALSE,UNKNOWN,UNKNOWN,FALSE,,CONFIRMED,S065;S066,
RR2003M,28,kane,the-undertaker,,22,30,53:31,3211,over_top_rope,"'Double crossed' and thrown out by Undertaker in the Final Four, setting the Final Two of Lesnar and Undertaker.",,UNKNOWN,TRUE,FALSE,FALSE,FALSE,UNKNOWN,UNKNOWN,FALSE,,CONFIRMED,S065;S066,
RR2003M,29,the-undertaker,brock-lesnar,,30,29,53:47,3227,over_top_rope,"The winning elimination -- Lesnar hoisted Undertaker out while he stood by the ropes, securing his WrestleMania 19 title-match slot.",,UNKNOWN,TRUE,FALSE,FALSE,FALSE,UNKNOWN,UNKNOWN,FALSE,,CONFIRMED,S065;S066,
RR2004M,1,bradshaw,chris-benoit,,5,1,,,over_top_rope,"The first man eliminated, shortly after his #5 entrance.",,UNKNOWN,TRUE,FALSE,FALSE,FALSE,UNKNOWN,UNKNOWN,FALSE,,CONFIRMED,S067;S073;S481,Elimination rank independently cross-checked against S481.
RR2004M,2,yoshihiro-tajiri,rhyno,,,,,,over_the_top_rope,,,UNKNOWN,TRUE,FALSE,FALSE,FALSE,FALSE,FALSE,TRUE,,PROBABLE,S073;S040;S481,Eliminator per Wikipedia (solo credit); allrumblestats.com instead credits Mark Henry AND Rhyno jointly. See F205 for the flagged disagreement. Elimination rank independently cross-checked against S481.
RR2004M,3,mark-henry,chris-benoit,,,,,,over_the_top_rope,,,UNKNOWN,TRUE,FALSE,FALSE,FALSE,FALSE,FALSE,FALSE,,PROBABLE,S073;S040;S481,"Eliminator recovered from S073, independently cross-checked by S040. Elimination rank independently cross-checked against S481."
RR2004M,4,the-hurricane,matt-morgan,,,,,,over_the_top_rope,,,UNKNOWN,TRUE,FALSE,FALSE,FALSE,FALSE,FALSE,FALSE,,PROBABLE,S073;S040;S481,"Eliminator recovered from S073, independently cross-checked by S040. Elimination rank independently cross-checked against S481."
RR2004M,5,scott-steiner,booker-t,,,,,,over_the_top_rope,,,UNKNOWN,TRUE,FALSE,FALSE,FALSE,FALSE,FALSE,FALSE,,PROBABLE,S073;S040;S481,"Eliminator recovered from S073, independently cross-checked by S040. Elimination rank independently cross-checked against S481."
RR2004M,6,kane,booker-t,,12,,,,over_top_rope,"Kane cleaned house without eliminating anyone, then was tossed by Booker T while distracted by The Undertaker's gong sounding (a false-alarm tease of a surprise Taker appearance).",,UNKNOWN,TRUE,FALSE,FALSE,FALSE,UNKNOWN,UNKNOWN,FALSE,,CONFIRMED,S067;S073;S481,Elimination rank independently cross-checked against S481.
RR2004M,7,rhyno,chris-benoit,,,1,,,over_top_rope,One of several midcarders eliminated by Benoit along the way.,,UNKNOWN,TRUE,FALSE,FALSE,FALSE,UNKNOWN,UNKNOWN,FALSE,,CONFIRMED,S067;S073;S481,Elimination rank independently cross-checked against S481.
RR2004M,8,matt-hardy,renee-dupree,,7,15,,,over_the_top_rope,Eliminated over the top rope.,,UNKNOWN,TRUE,FALSE,FALSE,FALSE,FALSE,FALSE,FALSE,,CONFIRMED,S073;S481,"Absolute elimination clock time remains UNKNOWN; cited tables provide survival time, not match-clock timestamp. Elimination rank independently cross-checked against S481."
RR2004M,9,renee-dupree,rikishi,,,,,,over_the_top_rope,,,UNKNOWN,TRUE,FALSE,FALSE,FALSE,FALSE,FALSE,FALSE,,PROBABLE,S073;S040;S481,"Eliminator recovered from S073, independently cross-checked by S040. Elimination rank independently cross-checked against S481."
RR2004M,10,matt-morgan,chris-benoit,,,1,,,over_top_rope,One of several midcarders eliminated by Benoit along the way.,,UNKNOWN,TRUE,FALSE,FALSE,FALSE,UNKNOWN,UNKNOWN,FALSE,,CONFIRMED,S067;S073;S481,Elimination rank independently cross-checked against S481.
RR2004M,11,rikishi,randy-orton,,,,,,over_the_top_rope,,,UNKNOWN,TRUE,FALSE,FALSE,FALSE,FALSE,FALSE,FALSE,,PROBABLE,S073;S040;S481,"Eliminator recovered from S073, independently cross-checked by S040. Elimination rank independently cross-checked against S481."
RR2004M,12,booker-t,randy-orton,,,,,,over_the_top_rope,,,UNKNOWN,TRUE,FALSE,FALSE,FALSE,FALSE,FALSE,FALSE,,PROBABLE,S073;S040;S481,"Eliminator recovered from S073, independently cross-checked by S040. Elimination rank independently cross-checked against S481."
RR2004M,13,prince-albert,chris-benoit,,,1,,,over_top_rope,One of several midcarders eliminated by Benoit along the way.,,UNKNOWN,TRUE,FALSE,FALSE,FALSE,UNKNOWN,UNKNOWN,FALSE,,CONFIRMED,S067;S073;S481,Elimination rank independently cross-checked against S481.
RR2004M,14,shelton-benjamin,randy-orton,,17,2,,,over_top_rope,Made an appearance at #17 but 'didn't last long courtesy of Orton.',,UNKNOWN,TRUE,FALSE,FALSE,FALSE,UNKNOWN,UNKNOWN,FALSE,,CONFIRMED,S067;S073;S481,Elimination rank independently cross-checked against S481.
RR2004M,15,ernest-miller,chris-benoit,randy-orton,,1,,,over_top_rope,"Did his 'Cat' dance routine for comic relief, then was 'rudely shown the exit' by Benoit and Orton together.",,UNKNOWN,FALSE,TRUE,FALSE,FALSE,UNKNOWN,UNKNOWN,FALSE,miller_benoit_orton,CONFIRMED,S067;S073;S481,Elimination rank independently cross-checked against S481.
RR2004M,15,ernest-miller,randy-orton,chris-benoit,,2,,,over_top_rope,"Did his 'Cat' dance routine for comic relief, then was 'rudely shown the exit' by Benoit and Orton together.",,UNKNOWN,FALSE,TRUE,FALSE,FALSE,UNKNOWN,UNKNOWN,FALSE,miller_benoit_orton,CONFIRMED,S067;S073;S481,Elimination rank independently cross-checked against S481.
RR2004M,16,rico,randy-orton,,,,,,over_the_top_rope,,,UNKNOWN,TRUE,FALSE,FALSE,FALSE,FALSE,FALSE,FALSE,,PROBABLE,S073;S040;S481,"Eliminator recovered from S073, independently cross-checked by S040. Elimination rank independently cross-checked against S481."
RR2004M,17,randy-orton,mick-foley,,2,21,,,over_top_rope,"Worn down by Foley (JR: 'He's not a coward, by god!'), then taken over the top rope together with Foley in the 'Cactus Jack clothesline' spot -- a simultaneous double-elimination. See F176.",,UNKNOWN,TRUE,FALSE,FALSE,FALSE,TRUE,UNKNOWN,FALSE,RR2004M_FOLEY_ORTON,CONFIRMED,S067;S073;S481,Elimination rank independently cross-checked against S481.
RR2004M,18,mick-foley,randy-orton,,21,21,,,self_elimination,"Self-eliminated in the same 'Cactus Jack clothesline' spot that eliminated Randy Orton -- both men went over the top rope together, with the brawl continuing on the floor. See F176.",,UNKNOWN,TRUE,TRUE,FALSE,TRUE,TRUE,UNKNOWN,FALSE,RR2004M_FOLEY_ORTON,CONFIRMED,S040;S052;S067;S073;S481,"CORRECTED 2026-09-16: was a build-time self-elimination placeholder. 5 independent sources agree Foley and Randy Orton eliminated EACH OTHER simultaneously in the 'Cactus Clothesline' spot (both went over the top rope together, the brawl continuing on the floor) -- Foley's on-screen motive was revenge on Orton. Orton's own row already correctly credited Foley as his eliminator. Modeled as a mutual/simultaneous double-elimination, matching F176's existing framing. Elimination rank independently cross-checked against S481."
RR2004M,19,christian,chris-jericho,,,25,,,over_top_rope,"Tried to eliminate Jericho from behind (the start of their feud, as the two were 'still technically friends' beforehand) but ended up being the one tossed out by Y2J.",,UNKNOWN,TRUE,FALSE,FALSE,FALSE,UNKNOWN,UNKNOWN,FALSE,,CONFIRMED,S067;S073;S481,Elimination rank independently cross-checked against S481.
RR2004M,20,charlie-haas,bill-goldberg,,,30,,,over_top_rope,One of three eliminated by a dominant Goldberg run (with Nunzio and Billy Gunn).,,UNKNOWN,TRUE,FALSE,FALSE,FALSE,UNKNOWN,UNKNOWN,TRUE,goldberg_run,CONFIRMED,S067;S073;S481,Elimination rank independently cross-checked against S481.
RR2004M,21,billy-gunn,bill-goldberg,,,30,,,over_top_rope,One of three eliminated by a dominant Goldberg run (with Charlie Haas and Nunzio).,,UNKNOWN,TRUE,FALSE,FALSE,FALSE,UNKNOWN,UNKNOWN,FALSE,goldberg_run,CONFIRMED,S067;S073;S481,Elimination rank independently cross-checked against S481.
RR2004M,22,nunzio,bill-goldberg,,,30,,,over_top_rope,"Per S067, was 'technically in the match' while sitting on the floor outside the ring for a stretch, before being speared and eliminated by Goldberg (one of three, with Charlie Haas and Billy Gunn).",,UNKNOWN,TRUE,FALSE,FALSE,FALSE,UNKNOWN,UNKNOWN,FALSE,goldberg_run,CONFIRMED,S067;S073;S481,Elimination rank independently cross-checked against S481.
RR2004M,23,bill-goldberg,kurt-angle,,30,19,,,over_top_rope,"Went for a Jackhammer on Big Show, but Brock Lesnar ran in and hit Goldberg with an F5 (setting up their dubious WrestleMania XX match) -- a stunned Goldberg was then thrown out by Kurt Angle. Lesnar's run-in is a contributing factor, not co-credited, consistent with this database's 'officiated record' convention. See F178.",,UNKNOWN,TRUE,FALSE,FALSE,FALSE,UNKNOWN,UNKNOWN,FALSE,,CONFIRMED,S067;S073;S481,Elimination rank independently cross-checked against S481.
RR2004M,24,john-cena,big-show,,28,24,,,over_top_rope,"Thrown out by Big Show after a 5-man finisher gang-up (with Benoit, Jericho, RVD, Angle) failed to budge him; Cena landed awkwardly on his knee.",,UNKNOWN,TRUE,FALSE,FALSE,FALSE,UNKNOWN,UNKNOWN,FALSE,,CONFIRMED,S067;S073;S481,Elimination rank independently cross-checked against S481.
RR2004M,25,rob-van-dam,big-show,,29,24,,,over_top_rope,"Eliminated by Big Show immediately after Cena, as part of the same dominant stretch.",,UNKNOWN,TRUE,FALSE,FALSE,FALSE,UNKNOWN,UNKNOWN,FALSE,,CONFIRMED,S067;S073;S481,Elimination rank independently cross-checked against S481.
RR2004M,26,chris-jericho,big-show,,25,24,,,over_top_rope,"Tossed by Show, did a Shawn Michaels-style 'skin the cat' to get back in, before finally being chokeslammed out.",,UNKNOWN,TRUE,FALSE,FALSE,FALSE,UNKNOWN,UNKNOWN,FALSE,,CONFIRMED,S067;S073;S481,Elimination rank independently cross-checked against S481.
RR2004M,27,kurt-angle,big-show,,19,24,,,over_top_rope,"Went for the ankle lock on Show, who stayed in it a long time before kicking Angle out.",,UNKNOWN,TRUE,FALSE,FALSE,FALSE,UNKNOWN,UNKNOWN,FALSE,,CONFIRMED,S067;S073;S481,Elimination rank independently cross-checked against S481.
RR2004M,28,big-show,chris-benoit,,24,1,,,over_top_rope,"The winning elimination at 61:37 -- Show had Benoit up for a press slam, Benoit escaped into a front face lock, and slowly pulled Show off his feet and over the top rope.",,UNKNOWN,TRUE,FALSE,FALSE,FALSE,UNKNOWN,UNKNOWN,FALSE,,CONFIRMED,S067;S073;S481,Elimination rank independently cross-checked against S481.
RR2005M,1,daniel-puder,hardcore-holly,,,,,,over_the_top_rope,,,UNKNOWN,TRUE,FALSE,FALSE,FALSE,FALSE,FALSE,FALSE,,PROBABLE,S073;S040;S068;S069,"Eliminator recovered from S073, independently cross-checked by S040."
RR2005M,2,hardcore-holly,eddie-guerrero,chris-benoit,,,,,over_the_top_rope,,,UNKNOWN,FALSE,TRUE,FALSE,FALSE,FALSE,FALSE,FALSE,RR2005M_hardcore-holly,PROBABLE,S073;S040;S068;S069,"Eliminator recovered from S073, independently cross-checked by S040."
RR2005M,2,hardcore-holly,chris-benoit,eddie-guerrero,,,,,over_the_top_rope,,,UNKNOWN,FALSE,TRUE,FALSE,FALSE,FALSE,FALSE,FALSE,RR2005M_hardcore-holly,PROBABLE,S073;S040;S068;S069,"Eliminator recovered from S073, independently cross-checked by S040."
RR2005M,3,the-hurricane,eddie-guerrero,chris-benoit,,,,,over_the_top_rope,,,UNKNOWN,FALSE,TRUE,FALSE,FALSE,FALSE,FALSE,FALSE,RR2005M_the-hurricane,PROBABLE,S073;S040;S068;S069,"Eliminator recovered from S073, independently cross-checked by S040."
RR2005M,3,the-hurricane,chris-benoit,eddie-guerrero,,,,,over_the_top_rope,,,UNKNOWN,FALSE,TRUE,FALSE,FALSE,FALSE,FALSE,FALSE,RR2005M_the-hurricane,PROBABLE,S073;S040;S068;S069,"Eliminator recovered from S073, independently cross-checked by S040."
RR2005M,4,kenzo-suzuki,rey-mysterio,,,,,,over_the_top_rope,,,UNKNOWN,TRUE,FALSE,FALSE,FALSE,FALSE,FALSE,FALSE,,PROBABLE,S073;S040;S068;S069,"Eliminator recovered from S073, independently cross-checked by S040."
RR2005M,5,muhammad-hassan,eddie-guerrero,chris-benoit;edge;rey-mysterio;shelton-benjamin;booker-t;chris-jericho;luther-reigns,13,1,20:15,1215,over_top_rope,S068 states 'all 8 men in the ring' turned on Hassan and eliminated him together; this script's own timing derivation independently confirms exactly these 8 names were active in the ring at Hassan's 20:15 elimination timestamp. See F183.,,UNKNOWN,FALSE,TRUE,FALSE,FALSE,TRUE,UNKNOWN,TRUE,hassan_8man_group,CONFLICTING,S024;S040;S068;S069;S073,"3 independent external sources (Wikipedia, thesmackdownhotel.com/PWDB, allrumblestats.com) instead unanimously name a 6-man group EXCLUDING Eddie Guerrero and Rey Mysterio -- genuine, unresolved external contradiction. See F208."
RR2005M,5,muhammad-hassan,chris-benoit,eddie-guerrero;edge;rey-mysterio;shelton-benjamin;booker-t;chris-jericho;luther-reigns,13,2,20:15,1215,over_top_rope,S068 states 'all 8 men in the ring' turned on Hassan and eliminated him together; this script's own timing derivation independently confirms exactly these 8 names were active in the ring at Hassan's 20:15 elimination timestamp. See F183.,,UNKNOWN,FALSE,TRUE,FALSE,FALSE,TRUE,UNKNOWN,TRUE,hassan_8man_group,CONFLICTING,S024;S040;S068;S069;S073,"3 independent external sources (Wikipedia, thesmackdownhotel.com/PWDB, allrumblestats.com) instead unanimously name a 6-man group EXCLUDING Eddie Guerrero and Rey Mysterio -- genuine, unresolved external contradiction. See F208."
RR2005M,5,muhammad-hassan,edge,eddie-guerrero;chris-benoit;rey-mysterio;shelton-benjamin;booker-t;chris-jericho;luther-reigns,13,7,20:15,1215,over_top_rope,S068 states 'all 8 men in the ring' turned on Hassan and eliminated him together; this script's own timing derivation independently confirms exactly these 8 names were active in the ring at Hassan's 20:15 elimination timestamp. See F183.,,UNKNOWN,FALSE,TRUE,FALSE,FALSE,TRUE,UNKNOWN,TRUE,hassan_8man_group,CONFLICTING,S024;S040;S068;S069;S073,"3 independent external sources (Wikipedia, thesmackdownhotel.com/PWDB, allrumblestats.com) instead unanimously name a 6-man group EXCLUDING Eddie Guerrero and Rey Mysterio -- genuine, unresolved external contradiction. See F208."
RR2005M,5,muhammad-hassan,rey-mysterio,eddie-guerrero;chris-benoit;edge;shelton-benjamin;booker-t;chris-jericho;luther-reigns,13,8,20:15,1215,over_top_rope,S068 states 'all 8 men in the ring' turned on Hassan and eliminated him together; this script's own timing derivation independently confirms exactly these 8 names were active in the ring at Hassan's 20:15 elimination timestamp. See F183.,,UNKNOWN,FALSE,TRUE,FALSE,FALSE,TRUE,UNKNOWN,TRUE,hassan_8man_group,CONFLICTING,S024;S040;S068;S069;S073,"3 independent external sources (Wikipedia, thesmackdownhotel.com/PWDB, allrumblestats.com) instead unanimously name a 6-man group EXCLUDING Eddie Guerrero and Rey Mysterio -- genuine, unresolved external contradiction. See F208."
RR2005M,5,muhammad-hassan,shelton-benjamin,eddie-guerrero;chris-benoit;edge;rey-mysterio;booker-t;chris-jericho;luther-reigns,13,9,20:15,1215,over_top_rope,S068 states 'all 8 men in the ring' turned on Hassan and eliminated him together; this script's own timing derivation independently confirms exactly these 8 names were active in the ring at Hassan's 20:15 elimination timestamp. See F183.,,UNKNOWN,FALSE,TRUE,FALSE,FALSE,TRUE,UNKNOWN,TRUE,hassan_8man_group,CONFLICTING,S024;S040;S068;S069;S073,"3 independent external sources (Wikipedia, thesmackdownhotel.com/PWDB, allrumblestats.com) instead unanimously name a 6-man group EXCLUDING Eddie Guerrero and Rey Mysterio -- genuine, unresolved external contradiction. See F208."
RR2005M,5,muhammad-hassan,booker-t,eddie-guerrero;chris-benoit;edge;rey-mysterio;shelton-benjamin;chris-jericho;luther-reigns,13,10,20:15,1215,over_top_rope,S068 states 'all 8 men in the ring' turned on Hassan and eliminated him together; this script's own timing derivation independently confirms exactly these 8 names were active in the ring at Hassan's 20:15 elimination timestamp. See F183.,,UNKNOWN,FALSE,TRUE,FALSE,FALSE,TRUE,UNKNOWN,TRUE,hassan_8man_group,CONFLICTING,S024;S040;S068;S069;S073,"3 independent external sources (Wikipedia, thesmackdownhotel.com/PWDB, allrumblestats.com) instead unanimously name a 6-man group EXCLUDING Eddie Guerrero and Rey Mysterio -- genuine, unresolved external contradiction. See F208."
RR2005M,5,muhammad-hassan,chris-jericho,eddie-guerrero;chris-benoit;edge;rey-mysterio;shelton-benjamin;booker-t;luther-reigns,13,11,20:15,1215,over_top_rope,S068 states 'all 8 men in the ring' turned on Hassan and eliminated him together; this script's own timing derivation independently confirms exactly these 8 names were active in the ring at Hassan's 20:15 elimination timestamp. See F183.,,UNKNOWN,FALSE,TRUE,FALSE,FALSE,TRUE,UNKNOWN,TRUE,hassan_8man_group,CONFLICTING,S024;S040;S068;S069;S073,"3 independent external sources (Wikipedia, thesmackdownhotel.com/PWDB, allrumblestats.com) instead unanimously name a 6-man group EXCLUDING Eddie Guerrero and Rey Mysterio -- genuine, unresolved external contradiction. See F208."
RR2005M,5,muhammad-hassan,luther-reigns,eddie-guerrero;chris-benoit;edge;rey-mysterio;shelton-benjamin;booker-t;chris-jericho,13,12,20:15,1215,over_top_rope,S068 states 'all 8 men in the ring' turned on Hassan and eliminated him together; this script's own timing derivation independently confirms exactly these 8 names were active in the ring at Hassan's 20:15 elimination timestamp. See F183.,,UNKNOWN,FALSE,TRUE,FALSE,FALSE,TRUE,UNKNOWN,TRUE,hassan_8man_group,CONFLICTING,S024;S040;S068;S069;S073,"3 independent external sources (Wikipedia, thesmackdownhotel.com/PWDB, allrumblestats.com) instead unanimously name a 6-man group EXCLUDING Eddie Guerrero and Rey Mysterio -- genuine, unresolved external contradiction. See F208."
RR2005M,6,luther-reigns,booker-t,,,,,,over_the_top_rope,,,UNKNOWN,TRUE,FALSE,FALSE,FALSE,FALSE,FALSE,FALSE,,PROBABLE,S073;S040;S068;S069,"Eliminator recovered from S073, independently cross-checked by S040."
RR2005M,7,orlando-jordan,booker-t,,,,,,over_the_top_rope,,,UNKNOWN,TRUE,FALSE,FALSE,FALSE,FALSE,FALSE,FALSE,,PROBABLE,S073;S040;S068;S069,"Eliminator recovered from S073, independently cross-checked by S040."
RR2005M,8,booker-t,rey-mysterio,eddie-guerrero,,,,,over_the_top_rope,,,UNKNOWN,FALSE,TRUE,FALSE,FALSE,FALSE,FALSE,FALSE,RR2005M_booker-t,PROBABLE,S073;S040;S068;S069,"Eliminator recovered from S073, independently cross-checked by S040."
RR2005M,8,booker-t,eddie-guerrero,rey-mysterio,,,,,over_the_top_rope,,,UNKNOWN,FALSE,TRUE,FALSE,FALSE,FALSE,FALSE,FALSE,RR2005M_booker-t,PROBABLE,S073;S040;S068;S069,"Eliminator recovered from S073, independently cross-checked by S040."
RR2005M,9,shelton-benjamin,edge,,,,,,over_the_top_rope,,,UNKNOWN,TRUE,FALSE,FALSE,FALSE,FALSE,FALSE,FALSE,,PROBABLE,S073;S040;S068;S069,"Eliminator recovered from S073, independently cross-checked by S040."
RR2005M,10,eddie-guerrero,edge,,1,7,28:16,1696,over_top_rope,Eliminated by Edge after roughly 27 minutes in the match.,,UNKNOWN,TRUE,FALSE,FALSE,FALSE,UNKNOWN,UNKNOWN,FALSE,,CONFIRMED,S068;S069,
RR2005M,11,simon-dean,shawn-michaels,,,,,,over_the_top_rope,,,UNKNOWN,TRUE,FALSE,FALSE,FALSE,FALSE,FALSE,FALSE,,PROBABLE,S073;S040;S068;S069,"Eliminator recovered from S073, independently cross-checked by S040."
RR2005M,12,charlie-haas,shawn-michaels,,,,,,over_the_top_rope,,,UNKNOWN,TRUE,FALSE,FALSE,FALSE,FALSE,FALSE,FALSE,,PROBABLE,S073;S040;S068;S069,"Eliminator recovered from S073, independently cross-checked by S040."
RR2005M,13,kurt-angle,shawn-michaels,,20,19,31:16,1876,over_top_rope,"Came in a house of fire, German suplexing everyone in the ring, before being quickly superkicked out by HBK.",,UNKNOWN,TRUE,FALSE,FALSE,FALSE,UNKNOWN,UNKNOWN,FALSE,,CONFIRMED,S068;S069,
RR2005M,14,shawn-michaels,kurt-angle,,19,20,33:58,2038,over_top_rope,"Angle ran back into the match after his own elimination -- no longer a legal competitor -- and dragged HBK from the ring into the Ankle Lock, birthing one of 2005's best feuds. A deliberate exception to this database's usual officiated-record convention since the source explicitly narrates Angle as the one who physically eliminated him. See F184.",,UNKNOWN,TRUE,FALSE,FALSE,FALSE,TRUE,UNKNOWN,FALSE,,CONFIRMED,S068;S069,
RR2005M,15,renee-dupree,chris-jericho,,,,,,over_the_top_rope,,,UNKNOWN,TRUE,FALSE,FALSE,FALSE,FALSE,FALSE,FALSE,,PROBABLE,S073;S040;S068;S069,"Eliminator recovered from S073, independently cross-checked by S040."
RR2005M,16,mabel,john-cena,,,,,,over_the_top_rope,,,UNKNOWN,TRUE,FALSE,FALSE,FALSE,FALSE,FALSE,FALSE,,PROBABLE,S073;S040;S068;S069,"Eliminator recovered from S073, independently cross-checked by S040."
RR2005M,17,paul-london,gene-snitsky,,,,,,over_the_top_rope,,,UNKNOWN,TRUE,FALSE,FALSE,FALSE,FALSE,FALSE,FALSE,,PROBABLE,S073;S040;S068;S069,"Eliminator recovered from S073, independently cross-checked by S040."
RR2005M,18,mark-jindrak,kane,,,,,,over_the_top_rope,,,UNKNOWN,TRUE,FALSE,FALSE,FALSE,FALSE,FALSE,FALSE,,PROBABLE,S073;S040;S068;S069,"Eliminator recovered from S073, independently cross-checked by S040."
RR2005M,19,gene-snitsky,batista,,,,,,over_the_top_rope,,,UNKNOWN,TRUE,FALSE,FALSE,FALSE,FALSE,FALSE,FALSE,,PROBABLE,S073;S040;S068;S069,"Eliminator recovered from S073, independently cross-checked by S040."
RR2005M,20,chris-jericho,batista,,11,28,,,over_top_rope,,,,TRUE,FALSE,,FALSE,,,,,PROBABLE,S436,F503; order synchronized from sourced entrant row.
RR2005M,21,kane,john-cena,,,,,,over_the_top_rope,,,UNKNOWN,TRUE,FALSE,FALSE,FALSE,FALSE,FALSE,FALSE,,PROBABLE,S073;S040;S068;S069,"Eliminator recovered from S073, independently cross-checked by S040."
RR2005M,22,jonathan-coachman,ric-flair,,,,,,over_the_top_rope,,,UNKNOWN,TRUE,FALSE,FALSE,FALSE,FALSE,FALSE,FALSE,,PROBABLE,S073;S040;S068;S069,"Eliminator recovered from S073, independently cross-checked by S040."
RR2005M,23,christian,batista,,,,,,over_the_top_rope,,,UNKNOWN,TRUE,FALSE,FALSE,FALSE,FALSE,FALSE,FALSE,,PROBABLE,S073;S040;S068;S069,"Eliminator recovered from S073, independently cross-checked by S040."
RR2005M,24,chris-benoit,batista,ric-flair,2,28,,,over_top_rope,,,,FALSE,TRUE,,FALSE,,,,RR2005M-chris-benoit,PROBABLE,S436,F503; order synchronized from sourced entrant row.
RR2005M,24,chris-benoit,ric-flair,batista,2,30,,,over_top_rope,,,,FALSE,TRUE,,FALSE,,,,RR2005M-chris-benoit,PROBABLE,S436,F503; order synchronized from sourced entrant row.
RR2005M,25,ric-flair,edge,,30,7,48:06,2886,over_top_rope,Tried to double-cross Batista (his Evolution stablemate) but was thrown out by Edge instead.,,UNKNOWN,TRUE,FALSE,FALSE,FALSE,UNKNOWN,UNKNOWN,FALSE,,CONFIRMED,S068;S069,
RR2005M,26,rey-mysterio,edge,,8,7,,,over_top_rope,,,,TRUE,FALSE,,FALSE,,,,,PROBABLE,S436,F503; order synchronized from sourced entrant row.
RR2005M,27,edge,batista,john-cena,7,28,,,over_top_rope,,,,FALSE,TRUE,,FALSE,,,,RR2005M-edge,PROBABLE,S436,F503; order synchronized from sourced entrant row.
RR2005M,27,edge,john-cena,batista,7,25,,,over_top_rope,,,,FALSE,TRUE,,FALSE,,,,RR2005M-edge,PROBABLE,S436,F503; order synchronized from sourced entrant row.
RR2005M,28,john-cena,batista,,25,28,51:22,3082,over_top_rope,"The official, scored winning elimination -- after an initial botched spot sent both men over the top rope simultaneously (a 2m35s real-time controversy during which Vince McMahon tore both quads diving into the ring to sort it out), the match was restarted and Batista hit a spinebuster to toss Cena for the win. See F185.",,UNKNOWN,TRUE,FALSE,FALSE,FALSE,UNKNOWN,UNKNOWN,TRUE,,CONFIRMED,S068;S069,
RR2006M,1,simon-dean,hunter-hearst-helmsley,,,,,,over_the_top_rope,,,UNKNOWN,TRUE,FALSE,FALSE,FALSE,FALSE,FALSE,FALSE,,PROBABLE,S073;S075;S076;S077;S481,"Eliminator recovered from S073, cross-checked by 411Mania/Blog of Doom/LiveJournal (S075/S076/S077). Elimination rank independently cross-checked against S481."
RR2006M,2,psicosis,rey-mysterio,,,,,,over_the_top_rope,,,UNKNOWN,TRUE,FALSE,FALSE,FALSE,FALSE,FALSE,FALSE,,PROBABLE,S073;S075;S076;S077;S481,"Eliminator recovered from S073, cross-checked by 411Mania/Blog of Doom/LiveJournal (S075/S076/S077). Elimination rank independently cross-checked against S481."
RR2006M,3,ric-flair,hunter-hearst-helmsley,,,1,,,over_top_rope,"Eliminated early on by Triple H, lasting only a little more than a minute -- the fans were upset at how carelessly he was tossed.",,UNKNOWN,TRUE,FALSE,FALSE,FALSE,UNKNOWN,UNKNOWN,FALSE,,CONFIRMED,S070;S073;S481,Elimination rank independently cross-checked against S481.
RR2006M,4,jonathan-coachman,big-show,,,,,,over_the_top_rope,,,UNKNOWN,TRUE,FALSE,FALSE,FALSE,FALSE,FALSE,FALSE,,CONFIRMED,S074;S076;S075;S077;S037;S073;S481,"Previously entirely missing 30th entrant, recovered via WWE.com official archived video plus 4 secondary sources. See F190 (resolved). Elimination rank independently cross-checked against S481."
RR2006M,5,sylvan-grenier,bobby-lashley,,,,,,over_the_top_rope,,,UNKNOWN,TRUE,FALSE,FALSE,FALSE,FALSE,FALSE,FALSE,,PROBABLE,S073;S075;S076;S077;S481,"Eliminator recovered from S073, cross-checked by 411Mania/Blog of Doom/LiveJournal (S075/S076/S077). Elimination rank independently cross-checked against S481."
RR2006M,6,bobby-lashley,big-show,kane,8,,,,over_top_rope,Made to look strong in confrontations with both men before they eliminated him together.,,UNKNOWN,FALSE,TRUE,FALSE,FALSE,UNKNOWN,UNKNOWN,FALSE,lashley_show_kane,CONFIRMED,S070;S073;S481,Elimination rank independently cross-checked against S481.
RR2006M,6,bobby-lashley,kane,big-show,8,,,,over_top_rope,Made to look strong in confrontations with both men before they eliminated him together.,,UNKNOWN,FALSE,TRUE,FALSE,FALSE,UNKNOWN,UNKNOWN,FALSE,lashley_show_kane,CONFIRMED,S070;S073;S481,Elimination rank independently cross-checked against S481.
RR2006M,7,big-show,hunter-hearst-helmsley,,,1,,,over_top_rope,"Eliminated by Triple H -- narrated as 'early on' alongside Flair, though Show is separately credited (with Kane) for eliminating Bobby Lashley (#8) later in the match; no exact timestamps exist this year to resolve the sequencing. See F191.",,UNKNOWN,TRUE,FALSE,FALSE,FALSE,UNKNOWN,UNKNOWN,FALSE,,CONFIRMED,S070;S073;S481,Elimination rank independently cross-checked against S481.
RR2006M,8,kane,hunter-hearst-helmsley,,,,,,over_the_top_rope,,,UNKNOWN,TRUE,FALSE,FALSE,FALSE,FALSE,FALSE,FALSE,,PROBABLE,S073;S075;S076;S077;S481,"Eliminator recovered from S073, cross-checked by 411Mania/Blog of Doom/LiveJournal (S075/S076/S077). Elimination rank independently cross-checked against S481."
RR2006M,9,booker-t,chris-benoit,,,,,,over_the_top_rope,,,UNKNOWN,TRUE,FALSE,FALSE,FALSE,FALSE,FALSE,FALSE,,PROBABLE,S073;S075;S076;S077;S481,"Eliminator recovered from S073, cross-checked by 411Mania/Blog of Doom/LiveJournal (S075/S076/S077). Elimination rank independently cross-checked against S481."
RR2006M,10,road-warrior-animal,rob-van-dam,,,,,,over_the_top_rope,,,UNKNOWN,TRUE,FALSE,FALSE,FALSE,FALSE,FALSE,FALSE,,PROBABLE,S073;S075;S076;S077;S481,"Eliminator recovered from S073, cross-checked by 411Mania/Blog of Doom/LiveJournal (S075/S076/S077). Elimination rank independently cross-checked against S481."
RR2006M,11,chavo-guerrero,hunter-hearst-helmsley,,,1,,,over_top_rope,Pushed off the top rope by Triple H as he was getting ready to hit a Frog Splash; the fans booed the move.,,UNKNOWN,TRUE,FALSE,FALSE,FALSE,UNKNOWN,UNKNOWN,FALSE,,CONFIRMED,S070;S073;S481,Elimination rank independently cross-checked against S481.
RR2006M,12,tatanka,joey-mercury,johnny-nitro,,,,,over_the_top_rope,,,UNKNOWN,FALSE,TRUE,FALSE,FALSE,FALSE,FALSE,FALSE,RR2006M_tatanka,PROBABLE,S073;S075;S481,MNM (Joey Mercury & Johnny Nitro) interference elimination. Elimination rank independently cross-checked against S481.
RR2006M,12,tatanka,johnny-nitro,joey-mercury,,,,,over_the_top_rope,,,UNKNOWN,FALSE,TRUE,FALSE,FALSE,FALSE,FALSE,FALSE,RR2006M_tatanka,PROBABLE,S073;S075;S481,MNM (Joey Mercury & Johnny Nitro) interference elimination. Elimination rank independently cross-checked against S481.
RR2006M,13,trevor-murdoch,shawn-michaels,,,,,,over_the_top_rope,,,UNKNOWN,TRUE,FALSE,FALSE,FALSE,FALSE,FALSE,FALSE,,PROBABLE,S073;S075;S076;S077;S481,"Eliminator recovered from S073, cross-checked by 411Mania/Blog of Doom/LiveJournal (S075/S076/S077). Elimination rank independently cross-checked against S481."
RR2006M,14,matt-hardy,mabel,,,,,,over_top_rope,"'Dry humped, and then eliminated by Viscera.'",,UNKNOWN,TRUE,FALSE,FALSE,FALSE,UNKNOWN,UNKNOWN,FALSE,,CONFIRMED,S070;S073;S481,Elimination rank independently cross-checked against S481.
RR2006M,15,eugene,chris-benoit,,,,,,over_the_top_rope,,,UNKNOWN,TRUE,FALSE,FALSE,FALSE,FALSE,FALSE,FALSE,,PROBABLE,S073;S075;S076;S077;S481,"Eliminator recovered from S073, cross-checked by 411Mania/Blog of Doom/LiveJournal (S075/S076/S077). Elimination rank independently cross-checked against S481."
RR2006M,16,super-crazy,rey-mysterio,,24,2,,,over_the_top_rope,Eliminated over the top rope.,,UNKNOWN,TRUE,FALSE,FALSE,FALSE,FALSE,FALSE,TRUE,,CONFLICTING,S073;S481,"Absolute elimination clock time remains UNKNOWN; cited tables provide survival time, not match-clock timestamp. Elimination rank independently cross-checked against S481."
RR2006M,17,chris-benoit,randy-orton,,,,,,over_the_top_rope,,,UNKNOWN,TRUE,FALSE,FALSE,FALSE,FALSE,FALSE,FALSE,,PROBABLE,S073;S075;S076;S077;S481,"Eliminator recovered from S073, cross-checked by 411Mania/Blog of Doom/LiveJournal (S075/S076/S077). Elimination rank independently cross-checked against S481."
RR2006M,18,mabel,chris-masters,,,,,,over_the_top_rope,,,UNKNOWN,TRUE,FALSE,FALSE,FALSE,FALSE,FALSE,TRUE,,PROBABLE,S073;S075;S076;S077;S481,"Eliminator recovered from S073, cross-checked by 411Mania/Blog of Doom/LiveJournal (S075/S076/S077). Elimination rank independently cross-checked against S481."
RR2006M,19,chris-masters,carlito,,,,,,over_the_top_rope,,,UNKNOWN,TRUE,FALSE,FALSE,FALSE,FALSE,FALSE,FALSE,,PROBABLE,S073;S075;S076;S077;S481,"Eliminator recovered from S073, cross-checked by 411Mania/Blog of Doom/LiveJournal (S075/S076/S077). Elimination rank independently cross-checked against S481."
RR2006M,20,goldust,rob-van-dam,,,,,,over_the_top_rope,,,UNKNOWN,TRUE,FALSE,FALSE,FALSE,FALSE,FALSE,FALSE,,PROBABLE,S073;S075;S076;S077;S481,"Eliminator recovered from S073, cross-checked by 411Mania/Blog of Doom/LiveJournal (S075/S076/S077). Elimination rank independently cross-checked against S481."
RR2006M,21,orlando-jordan,randy-orton,,,,,,over_the_top_rope,,,UNKNOWN,TRUE,FALSE,FALSE,FALSE,FALSE,FALSE,FALSE,,PROBABLE,S073;S075;S076;S077;S481,"Eliminator recovered from S073, cross-checked by 411Mania/Blog of Doom/LiveJournal (S075/S076/S077). Elimination rank independently cross-checked against S481."
RR2006M,22,joey-mercury,shawn-michaels,,,,,,over_the_top_rope,,,UNKNOWN,TRUE,FALSE,FALSE,FALSE,FALSE,FALSE,FALSE,,PROBABLE,S073;S075;S076;S077;S481,"Eliminator recovered from S073, cross-checked by 411Mania/Blog of Doom/LiveJournal (S075/S076/S077). Elimination rank independently cross-checked against S481."
RR2006M,23,johnny-nitro,shawn-michaels,,,,,,over_the_top_rope,,,UNKNOWN,TRUE,FALSE,FALSE,FALSE,FALSE,FALSE,FALSE,,PROBABLE,S073;S075;S076;S077;S481,"Eliminator recovered from S073, cross-checked by 411Mania/Blog of Doom/LiveJournal (S075/S076/S077). Elimination rank independently cross-checked against S481."
RR2006M,24,shelton-benjamin,shawn-michaels,,,,,,over_the_top_rope,,,UNKNOWN,TRUE,FALSE,FALSE,FALSE,FALSE,FALSE,FALSE,,PROBABLE,S073;S075;S076;S077;S481,"Eliminator recovered from S073, cross-checked by 411Mania/Blog of Doom/LiveJournal (S075/S076/S077). Elimination rank independently cross-checked against S481."
RR2006M,25,shawn-michaels,shane-mcmahon,,,,,,over_top_rope,"Fended off attacks from pretty much everyone in the match (Vince McMahon had promised a reward for eliminating him), before being eliminated from behind by Shane McMahon -- who was never a legal competitor in the match. See F192.",,UNKNOWN,TRUE,FALSE,FALSE,FALSE,TRUE,UNKNOWN,FALSE,,CONFIRMED,S070;S073;S481,Elimination rank independently cross-checked against S481.
RR2006M,26,carlito,rob-van-dam,,,,,,over_the_top_rope,,,UNKNOWN,TRUE,FALSE,FALSE,FALSE,FALSE,FALSE,FALSE,,PROBABLE,S073;S075;S076;S077;S481,"Eliminator recovered from S073, cross-checked by 411Mania/Blog of Doom/LiveJournal (S075/S076/S077). Elimination rank independently cross-checked against S481."
RR2006M,27,rob-van-dam,rey-mysterio,,,,,,over_the_top_rope,,,UNKNOWN,TRUE,FALSE,FALSE,FALSE,FALSE,FALSE,TRUE,,PROBABLE,S076;S077;S037;S073;S481,"Eliminator per 3-source majority (Blog of Doom, LiveJournal, TJR Wrestling); 411Mania's outlier 'Triple H alone' claim is a flagged minority reading -- see F212. Elimination rank independently cross-checked against S481."
RR2006M,28,hunter-hearst-helmsley,rey-mysterio,,1,2,,,over_top_rope,"Double-teamed Mysterio 2-on-1 with Orton in the final four, but Rey defied the odds and sent HHH out. Triple H lasted 60:09 in the match.",,UNKNOWN,TRUE,FALSE,FALSE,FALSE,UNKNOWN,UNKNOWN,FALSE,,CONFIRMED,S070;S073;S481,Elimination rank independently cross-checked against S481.
RR2006M,29,randy-orton,rey-mysterio,,,2,,,over_top_rope,"The winning elimination -- Mysterio pulled Orton over the top rope with a body-scissors-like maneuver, winning at 62:12 and breaking Chris Benoit's 2004 longevity record (61:37).",,UNKNOWN,TRUE,FALSE,FALSE,FALSE,UNKNOWN,UNKNOWN,FALSE,,CONFIRMED,S070;S073;S481,Elimination rank independently cross-checked against S481.
RR2007M,1,ric-flair,edge,,,,,,over_the_top_rope,,,UNKNOWN,TRUE,FALSE,FALSE,FALSE,FALSE,FALSE,FALSE,,PROBABLE,S073;S052;S024;S071;S072,"Eliminator recovered from S073, independently cross-checked by S052/S024."
RR2007M,2,kenny-dykstra,edge,,,,,,over_the_top_rope,,,UNKNOWN,TRUE,FALSE,FALSE,FALSE,FALSE,FALSE,FALSE,,PROBABLE,S073;S052;S024;S071;S072,"Eliminator recovered from S073, independently cross-checked by S052/S024."
RR2007M,3,tommy-dreamer,kane,,6,10,12:53,773,over_top_rope,"Eliminated by Kane right after his #10 entrance, alongside Sabu.",,UNKNOWN,TRUE,FALSE,FALSE,FALSE,UNKNOWN,UNKNOWN,FALSE,kane_dreamer_sabu,CONFIRMED,S071;S072,
RR2007M,4,sabu,kane,,7,10,13:24,804,over_top_rope,"Unceremoniously chokeslammed to the floor through a table he had set up himself, by Kane right after his #10 entrance, alongside Tommy Dreamer.",,UNKNOWN,TRUE,FALSE,FALSE,FALSE,UNKNOWN,UNKNOWN,FALSE,kane_dreamer_sabu,CONFIRMED,S071;S072,
RR2007M,5,the-hurricane,booker-t,,,,,,over_the_top_rope,,,UNKNOWN,TRUE,FALSE,FALSE,FALSE,FALSE,FALSE,FALSE,,PROBABLE,S073;S052;S024;S071;S072,"Eliminator recovered from S073, independently cross-checked by S052/S024."
RR2007M,6,the-sandman,booker-t,,,,,,over_the_top_rope,,,UNKNOWN,TRUE,FALSE,FALSE,FALSE,FALSE,FALSE,FALSE,,PROBABLE,S073;S052;S024;S071;S072,"Eliminator recovered from S073, independently cross-checked by S052/S024."
RR2007M,7,super-crazy,edge,randy-orton,,,,,over_the_top_rope,,,UNKNOWN,FALSE,TRUE,FALSE,FALSE,FALSE,FALSE,FALSE,RR2007M_super-crazy,PROBABLE,S073;S052;S024;S071;S072,"Eliminator recovered from S073, independently cross-checked by S052/S024."
RR2007M,7,super-crazy,randy-orton,edge,,,,,over_the_top_rope,,,UNKNOWN,FALSE,TRUE,FALSE,FALSE,FALSE,FALSE,FALSE,RR2007M_super-crazy,PROBABLE,S073;S052;S024;S071;S072,"Eliminator recovered from S073, independently cross-checked by S052/S024."
RR2007M,8,jeff-hardy,edge,,14,5,,,over_top_rope,,,,TRUE,FALSE,,FALSE,,,,,PROBABLE,S437,F504; order synchronized from sourced entrant row.
RR2007M,9,matt-hardy,randy-orton,,,,,,over_the_top_rope,,,UNKNOWN,TRUE,FALSE,FALSE,FALSE,FALSE,FALSE,FALSE,,PROBABLE,S073;S052;S024;S071;S072,"Eliminator recovered from S073, independently cross-checked by S052/S024."
RR2007M,10,booker-t,kane,,12,10,25:12,1512,over_the_top_rope,Eliminated over the top rope.,,UNKNOWN,TRUE,FALSE,FALSE,FALSE,TRUE,FALSE,TRUE,,PROBABLE,S073;S481,See F220.
RR2007M,11,kane,booker-t,,10,12,,,over_top_rope,,,,TRUE,FALSE,,FALSE,,,,,PROBABLE,S437,F504; order synchronized from sourced entrant row.
RR2007M,12,finlay,shawn-michaels,,2,23,32:34,1954,over_top_rope,"Had been in the match since the opening bell before being eliminated by HBK, alongside Shelton Benjamin.",,UNKNOWN,TRUE,FALSE,FALSE,FALSE,UNKNOWN,UNKNOWN,FALSE,hbk_finlay_benjamin,CONFIRMED,S071;S072,
RR2007M,13,mabel,rob-van-dam,cm-punk;edge;chris-benoit;johnny-nitro;shelton-benjamin;hardcore-holly;kevin-thorn,,,,,over_the_top_rope,,,UNKNOWN,FALSE,TRUE,FALSE,FALSE,FALSE,FALSE,FALSE,RR2007M_mabel,DERIVED,S073;S052;S071;S072,DERIVED group elimination -- prowrestling.fandom.com names these 8 as Viscera's eliminators (set up by a Shawn Michaels superkick); Wikipedia's table vaguely says 'Nine wrestlers' instead. See the dedicated flag on this record.
RR2007M,13,mabel,cm-punk,rob-van-dam;edge;chris-benoit;johnny-nitro;shelton-benjamin;hardcore-holly;kevin-thorn,,,,,over_the_top_rope,,,UNKNOWN,FALSE,TRUE,FALSE,FALSE,FALSE,FALSE,FALSE,RR2007M_mabel,DERIVED,S073;S052;S071;S072,DERIVED group elimination -- prowrestling.fandom.com names these 8 as Viscera's eliminators (set up by a Shawn Michaels superkick); Wikipedia's table vaguely says 'Nine wrestlers' instead. See the dedicated flag on this record.
RR2007M,13,mabel,edge,rob-van-dam;cm-punk;chris-benoit;johnny-nitro;shelton-benjamin;hardcore-holly;kevin-thorn,,,,,over_the_top_rope,,,UNKNOWN,FALSE,TRUE,FALSE,FALSE,FALSE,FALSE,FALSE,RR2007M_mabel,DERIVED,S073;S052;S071;S072,DERIVED group elimination -- prowrestling.fandom.com names these 8 as Viscera's eliminators (set up by a Shawn Michaels superkick); Wikipedia's table vaguely says 'Nine wrestlers' instead. See the dedicated flag on this record.
RR2007M,13,mabel,chris-benoit,rob-van-dam;cm-punk;edge;johnny-nitro;shelton-benjamin;hardcore-holly;kevin-thorn,,,,,over_the_top_rope,,,UNKNOWN,FALSE,TRUE,FALSE,FALSE,FALSE,FALSE,FALSE,RR2007M_mabel,DERIVED,S073;S052;S071;S072,DERIVED group elimination -- prowrestling.fandom.com names these 8 as Viscera's eliminators (set up by a Shawn Michaels superkick); Wikipedia's table vaguely says 'Nine wrestlers' instead. See the dedicated flag on this record.
RR2007M,13,mabel,johnny-nitro,rob-van-dam;cm-punk;edge;chris-benoit;shelton-benjamin;hardcore-holly;kevin-thorn,,,,,over_the_top_rope,,,UNKNOWN,FALSE,TRUE,FALSE,FALSE,FALSE,FALSE,FALSE,RR2007M_mabel,DERIVED,S073;S052;S071;S072,DERIVED group elimination -- prowrestling.fandom.com names these 8 as Viscera's eliminators (set up by a Shawn Michaels superkick); Wikipedia's table vaguely says 'Nine wrestlers' instead. See the dedicated flag on this record.
RR2007M,13,mabel,shelton-benjamin,rob-van-dam;cm-punk;edge;chris-benoit;johnny-nitro;hardcore-holly;kevin-thorn,,,,,over_the_top_rope,,,UNKNOWN,FALSE,TRUE,FALSE,FALSE,FALSE,FALSE,FALSE,RR2007M_mabel,DERIVED,S073;S052;S071;S072,DERIVED group elimination -- prowrestling.fandom.com names these 8 as Viscera's eliminators (set up by a Shawn Michaels superkick); Wikipedia's table vaguely says 'Nine wrestlers' instead. See the dedicated flag on this record.
RR2007M,13,mabel,hardcore-holly,rob-van-dam;cm-punk;edge;chris-benoit;johnny-nitro;shelton-benjamin;kevin-thorn,,,,,over_the_top_rope,,,UNKNOWN,FALSE,TRUE,FALSE,FALSE,FALSE,FALSE,FALSE,RR2007M_mabel,DERIVED,S073;S052;S071;S072,DERIVED group elimination -- prowrestling.fandom.com names these 8 as Viscera's eliminators (set up by a Shawn Michaels superkick); Wikipedia's table vaguely says 'Nine wrestlers' instead. See the dedicated flag on this record.
RR2007M,13,mabel,kevin-thorn,rob-van-dam;cm-punk;edge;chris-benoit;johnny-nitro;shelton-benjamin;hardcore-holly,,,,,over_the_top_rope,,,UNKNOWN,FALSE,TRUE,FALSE,FALSE,FALSE,FALSE,FALSE,RR2007M_mabel,DERIVED,S073;S052;S071;S072,DERIVED group elimination -- prowrestling.fandom.com names these 8 as Viscera's eliminators (set up by a Shawn Michaels superkick); Wikipedia's table vaguely says 'Nine wrestlers' instead. See the dedicated flag on this record.
RR2007M,14,shelton-benjamin,shawn-michaels,,9,23,33:03,1983,over_top_rope,"Eliminated by HBK, alongside Finlay.",,UNKNOWN,TRUE,FALSE,FALSE,FALSE,UNKNOWN,UNKNOWN,FALSE,hbk_finlay_benjamin,CONFIRMED,S071;S072,
RR2007M,15,johnny-nitro,chris-benoit,,,,,,over_the_top_rope,,,UNKNOWN,TRUE,FALSE,FALSE,FALSE,FALSE,FALSE,FALSE,,PROBABLE,S073;S052;S024;S071;S072,"Eliminator recovered from S073, independently cross-checked by S052/S024."
RR2007M,16,kevin-thorn,chris-benoit,,,,,,over_the_top_rope,,,UNKNOWN,TRUE,FALSE,FALSE,FALSE,FALSE,FALSE,FALSE,,PROBABLE,S073;S052;S024;S071;S072,"Eliminator recovered from S073, independently cross-checked by S052/S024."
RR2007M,17,chris-masters,rob-van-dam,,,,,,over_the_top_rope,,,UNKNOWN,TRUE,FALSE,FALSE,FALSE,FALSE,FALSE,FALSE,,PROBABLE,S073;S052;S024;S071;S072,"Eliminator recovered from S073, independently cross-checked by S052/S024."
RR2007M,18,hardcore-holly,the-great-khali,,22,28,40:54,2454,over_top_rope,"One of 7 eliminated by Khali in a 44-second span -- 6 individually named by S072, with CM Punk DERIVED as the unnamed 7th. See F196.",,UNKNOWN,TRUE,FALSE,FALSE,FALSE,UNKNOWN,UNKNOWN,FALSE,khali_seven,CONFIRMED,S071;S072,
RR2007M,19,chris-benoit,the-great-khali,,17,28,41:01,2461,over_top_rope,One of 7 eliminated by Khali in a 44-second span. See F196.,,UNKNOWN,TRUE,FALSE,FALSE,FALSE,UNKNOWN,UNKNOWN,FALSE,khali_seven,CONFIRMED,S071;S072,
RR2007M,20,the-miz,the-great-khali,,29,28,41:09,2469,over_top_rope,One of 7 eliminated by Khali in a 44-second span. See F196.,,UNKNOWN,TRUE,FALSE,FALSE,FALSE,UNKNOWN,UNKNOWN,FALSE,khali_seven,CONFIRMED,S071;S072,
RR2007M,21,rob-van-dam,the-great-khali,,18,28,41:16,2476,over_top_rope,One of 7 eliminated by Khali in a 44-second span. See F196.,,UNKNOWN,TRUE,FALSE,FALSE,FALSE,UNKNOWN,UNKNOWN,FALSE,khali_seven,CONFIRMED,S071;S072,
RR2007M,22,cm-punk,the-great-khali,,11,28,41:24,2484,over_top_rope,"DERIVED as the unnamed 7th of Khali's 7 eliminations -- Punk's computed elimination timestamp (41:24) falls squarely inside the exact 44-second span (40:54-41:38) of the 6 named victims, and Punk has no other credited eliminator this match. See F196.",,UNKNOWN,TRUE,FALSE,FALSE,FALSE,UNKNOWN,UNKNOWN,FALSE,khali_seven,CONFIRMED,S052;S071;S072;S073,"Externally CONFIRMED 2026-09-16: 2 independent sources (Wikipedia's table, prowrestling.fandom.com) BOTH independently name all 7 Khali victims explicitly, including CM Punk -- upgrading this database's own DERIVED reconstruction (F196) to externally CONFIRMED."
RR2007M,23,carlito,the-great-khali,,27,28,41:31,2491,over_top_rope,One of 7 eliminated by Khali in a 44-second span. See F196.,,UNKNOWN,TRUE,FALSE,FALSE,FALSE,UNKNOWN,UNKNOWN,FALSE,khali_seven,CONFIRMED,S071;S072,
RR2007M,24,chavo-guerrero,the-great-khali,,25,28,41:38,2498,over_top_rope,One of 7 eliminated by Khali in a 44-second span. See F196.,,UNKNOWN,TRUE,FALSE,FALSE,FALSE,UNKNOWN,UNKNOWN,FALSE,khali_seven,CONFIRMED,S071;S072,
RR2007M,25,the-great-khali,the-undertaker,,28,30,43:48,2628,over_top_rope,Clotheslined out by The Undertaker after his dominant 7-elimination stretch.,,UNKNOWN,TRUE,FALSE,FALSE,FALSE,UNKNOWN,UNKNOWN,FALSE,,CONFIRMED,S071;S072,
RR2007M,26,mvp,the-undertaker,,26,30,44:22,2662,over_top_rope,"Eliminated by Undertaker, leaving the Final Four of Undertaker, Michaels, Edge, and Orton.",,UNKNOWN,TRUE,FALSE,FALSE,FALSE,UNKNOWN,UNKNOWN,FALSE,,CONFIRMED,S071;S072,
RR2007M,27,randy-orton,shawn-michaels,,16,23,48:43,2923,over_top_rope,"Cracked Undertaker in the face with a chair (brought in by MVP), then double-teamed him with Edge, before HBK got back in the ring and eliminated both Edge and Orton together.",,UNKNOWN,TRUE,FALSE,FALSE,FALSE,UNKNOWN,UNKNOWN,FALSE,hbk_edge_orton,CONFIRMED,S071;S072,
RR2007M,28,edge,shawn-michaels,,5,23,48:46,2926,over_top_rope,"Double-teamed Undertaker with Orton, before HBK got back in the ring and eliminated both together. Edge was the match's 'Iron Man,' lasting 44:06.",,UNKNOWN,TRUE,FALSE,FALSE,FALSE,UNKNOWN,UNKNOWN,FALSE,hbk_edge_orton,CONFIRMED,S071;S072,
RR2007M,29,shawn-michaels,the-undertaker,,23,30,56:20,3380,over_top_rope,"The winning elimination, capping a widely-praised ~7-minute final one-on-one segment -- Michaels landed a Superkick, both men went down, and as HBK went for a second Superkick, Undertaker ducked and hoisted him up and over the top rope for the win.",,UNKNOWN,TRUE,FALSE,FALSE,FALSE,UNKNOWN,UNKNOWN,FALSE,,CONFIRMED,S071;S072,
RR2008M,1,santino-marella,the-undertaker,,,,,,over_top_rope,,,UNKNOWN,TRUE,FALSE,FALSE,FALSE,FALSE,FALSE,FALSE,,CONFIRMED,S097;S024;S080;S081,"Eliminator per Wikipedia's event article and thesmackdownhotel.com (unanimous, no disagreement found). This database's own independently-computed ring_time for the victim matches the externally-reported elimination time to within 1-2 seconds -- treated as CONFIRMED per this project's strong-triangulation convention."
RR2008M,2,the-great-khali,the-undertaker,,,,,,over_top_rope,,,UNKNOWN,TRUE,FALSE,FALSE,FALSE,FALSE,FALSE,FALSE,,CONFIRMED,S097;S024;S080;S081,"Eliminator per Wikipedia's event article and thesmackdownhotel.com (unanimous, no disagreement found). This database's own independently-computed ring_time for the victim matches the externally-reported elimination time to within 1-2 seconds -- treated as CONFIRMED per this project's strong-triangulation convention."
RR2008M,3,tommy-dreamer,batista,,,,,,over_top_rope,,,UNKNOWN,TRUE,FALSE,FALSE,FALSE,FALSE,FALSE,FALSE,,CONFIRMED,S097;S024;S080;S081,"Eliminator per Wikipedia's event article and thesmackdownhotel.com (unanimous, no disagreement found). This database's own independently-computed ring_time for the victim matches the externally-reported elimination time to within 1-2 seconds -- treated as CONFIRMED per this project's strong-triangulation convention."
RR2008M,4,jamie-noble,chuck-palumbo,,,,,,over_top_rope,,,UNKNOWN,TRUE,FALSE,FALSE,FALSE,FALSE,FALSE,FALSE,,CONFIRMED,S097;S024;S080;S081,"Eliminator per Wikipedia's event article and thesmackdownhotel.com (unanimous, no disagreement found). This database's own independently-computed ring_time for the victim matches the externally-reported elimination time to within 1-2 seconds -- treated as CONFIRMED per this project's strong-triangulation convention."
RR2008M,5,chuck-palumbo,cm-punk,,,,,,over_top_rope,,,UNKNOWN,TRUE,FALSE,FALSE,FALSE,FALSE,FALSE,FALSE,,CONFIRMED,S097;S024;S080;S081,"Eliminator per Wikipedia's event article and thesmackdownhotel.com (unanimous, no disagreement found). This database's own independently-computed ring_time for the victim matches the externally-reported elimination time to within 1-2 seconds -- treated as CONFIRMED per this project's strong-triangulation convention."
RR2008M,6,hardcore-holly,jamal,,,,,,over_top_rope,,,UNKNOWN,TRUE,FALSE,FALSE,FALSE,FALSE,FALSE,FALSE,,CONFIRMED,S097;S024;S080;S081,"Eliminator per Wikipedia's event article and thesmackdownhotel.com (unanimous, no disagreement found). This database's own independently-computed ring_time for the victim matches the externally-reported elimination time to within 1-2 seconds -- treated as CONFIRMED per this project's strong-triangulation convention."
RR2008M,7,shelton-benjamin,shawn-michaels,,,,,,over_top_rope,,,UNKNOWN,TRUE,FALSE,FALSE,FALSE,FALSE,FALSE,FALSE,,CONFIRMED,S097;S024;S080;S081,"Eliminator per Wikipedia's event article and thesmackdownhotel.com (unanimous, no disagreement found). This database's own independently-computed ring_time for the victim matches the externally-reported elimination time to within 1-2 seconds -- treated as CONFIRMED per this project's strong-triangulation convention."
RR2008M,8,roddy-piper,kane,,19,20,27:00,1620,over_top_rope,"Eliminated by Kane within seconds of Kane's #20 entrance, alongside Jimmy Snuka, ending the Piper/Snuka nostalgia face-off.",,UNKNOWN,TRUE,FALSE,FALSE,FALSE,UNKNOWN,UNKNOWN,FALSE,kane_piper_snuka,CONFIRMED,S080;S081,
RR2008M,9,jimmy-snuka,kane,,18,20,27:01,1621,over_top_rope,"Eliminated by Kane within seconds of Kane's #20 entrance, alongside Roddy Piper.",,UNKNOWN,TRUE,FALSE,FALSE,FALSE,UNKNOWN,UNKNOWN,FALSE,kane_piper_snuka,CONFIRMED,S080;S081,
RR2008M,10,gene-snitsky,the-undertaker,,15,1,32:31,1951,over_top_rope,Eliminated by The Undertaker moments before Undertaker himself was superkicked out by Shawn Michaels.,,UNKNOWN,TRUE,FALSE,FALSE,FALSE,UNKNOWN,UNKNOWN,FALSE,,CONFIRMED,S080;S081,
RR2008M,11,the-undertaker,shawn-michaels,,1,2,32:35,1955,over_top_rope,"Turned around right into a Superkick from Shawn Michaels immediately after eliminating Gene Snitsky. Computed elimination timestamp lands 4 seconds after Snitsky's and 6 seconds before Michaels' own elimination, disambiguating the narrative's ambiguous phrasing.",,UNKNOWN,TRUE,FALSE,FALSE,FALSE,UNKNOWN,UNKNOWN,FALSE,,CONFIRMED,S080;S081,
RR2008M,12,shawn-michaels,mr-kennedy,,2,23,32:41,1961,over_top_rope,"Eliminated by Ken Kennedy while HBK was looking back at a glaring Undertaker, 6 seconds after HBK's own superkick had eliminated Undertaker.",,UNKNOWN,TRUE,FALSE,FALSE,FALSE,UNKNOWN,UNKNOWN,FALSE,,CONFIRMED,S080;S081,
RR2008M,13,the-miz,hornswoggle,,,,,,over_top_rope,,,UNKNOWN,TRUE,FALSE,FALSE,FALSE,FALSE,FALSE,FALSE,,CONFIRMED,S097;S024;S080;S081,"Eliminator per Wikipedia's event article and thesmackdownhotel.com (unanimous, no disagreement found). This database's own independently-computed ring_time for the victim matches the externally-reported elimination time to within 1-2 seconds -- treated as CONFIRMED per this project's strong-triangulation convention."
RR2008M,14,johnny-nitro,kane,,,,,,over_top_rope,,,UNKNOWN,TRUE,FALSE,FALSE,FALSE,FALSE,FALSE,FALSE,,CONFIRMED,S097;S024;S080;S081,"Eliminator per Wikipedia's event article and thesmackdownhotel.com (unanimous, no disagreement found). This database's own independently-computed ring_time for the victim matches the externally-reported elimination time to within 1-2 seconds -- treated as CONFIRMED per this project's strong-triangulation convention."
RR2008M,15,hornswoggle,hornswoggle,,9,9,37:11,2231,voluntary_exit,"Self-elimination (voluntary exit), not thrown over the top rope -- per S080, Hornswoggle 'voluntarily left the ring and returned to the backstage area' alongside a disqualified Finlay. Modeled the same way as Kane's 1999 and Drew Carey's 2001 self-eliminations.",,UNKNOWN,TRUE,FALSE,FALSE,TRUE,UNKNOWN,UNKNOWN,FALSE,,CONFIRMED,S080;S081,
RR2008M,16,cm-punk,chavo-guerrero,,,,,,over_top_rope,,,UNKNOWN,TRUE,FALSE,FALSE,FALSE,FALSE,FALSE,FALSE,,CONFIRMED,S097;S024;S080;S081,"Eliminator per Wikipedia's event article and thesmackdownhotel.com (unanimous, no disagreement found). This database's own independently-computed ring_time for the victim matches the externally-reported elimination time to within 1-2 seconds -- treated as CONFIRMED per this project's strong-triangulation convention."
RR2008M,17,cody-rhodes,hunter-hearst-helmsley,,13,29,40:16,2416,over_top_rope,"One of Triple H's narrative-stated 6 eliminations (the most in the match), eliminated shortly after HHH's #29 entrance alongside Big Daddy V.",,UNKNOWN,TRUE,FALSE,FALSE,FALSE,UNKNOWN,UNKNOWN,FALSE,hhh_cody_bigdaddyv,CONFIRMED,S080;S081,
RR2008M,18,mabel,hunter-hearst-helmsley,,24,29,40:32,2432,over_top_rope,"One of Triple H's 6 eliminations, alongside Cody Rhodes right after HHH's #29 entrance.",,UNKNOWN,TRUE,FALSE,FALSE,FALSE,UNKNOWN,UNKNOWN,FALSE,hhh_cody_bigdaddyv,CONFIRMED,S080;S081,
RR2008M,19,mick-foley,hunter-hearst-helmsley,,22,29,40:57,2457,over_top_rope,"One of Triple H's 6 eliminations -- thrown into Elijah Burke, both going to the floor together.",,UNKNOWN,TRUE,FALSE,FALSE,FALSE,UNKNOWN,UNKNOWN,FALSE,hhh_foley_burke,CONFIRMED,S080;S081,
RR2008M,20,elijah-burke,hunter-hearst-helmsley,,28,29,40:58,2458,over_top_rope,"One of Triple H's 6 eliminations -- Foley was thrown into Burke by Triple H, and both went to the floor together.",,UNKNOWN,TRUE,FALSE,FALSE,FALSE,UNKNOWN,UNKNOWN,FALSE,hhh_foley_burke,CONFIRMED,S080;S081,
RR2008M,21,carlito,john-cena,,21,30,43:18,2598,over_top_rope,"One of 3 eliminated in a rapid-fire 'house cleaning' stretch by the returning John Cena, alongside Chavo Guerrero and Mark Henry.",,UNKNOWN,TRUE,FALSE,FALSE,FALSE,UNKNOWN,UNKNOWN,FALSE,cena_housecleaning,CONFIRMED,S080;S081,
RR2008M,22,chavo-guerrero,john-cena,,26,30,43:21,2601,over_top_rope,"One of Cena's rapid-fire 'house cleaning' eliminations, alongside Carlito and Mark Henry.",,UNKNOWN,TRUE,FALSE,FALSE,FALSE,UNKNOWN,UNKNOWN,FALSE,cena_housecleaning,CONFIRMED,S080;S081,
RR2008M,23,mark-henry,john-cena,,25,30,43:25,2605,over_top_rope,"One of Cena's rapid-fire 'house cleaning' eliminations, alongside Carlito and Chavo Guerrero.",,UNKNOWN,TRUE,FALSE,FALSE,FALSE,UNKNOWN,UNKNOWN,FALSE,cena_housecleaning,CONFIRMED,S080;S081,
RR2008M,24,mr-kennedy,batista,,23,8,44:28,2668,over_top_rope,Thrown out by Batista while Triple H simultaneously eliminated Umaga.,,UNKNOWN,TRUE,FALSE,FALSE,FALSE,UNKNOWN,UNKNOWN,FALSE,,CONFIRMED,S080;S081,
RR2008M,25,jamal,hunter-hearst-helmsley,,14,29,44:41,2681,over_top_rope,"One of Triple H's 6 eliminations. Reuses this database's existing 'jamal' wrestler_id (merged identity, see F198).",,UNKNOWN,TRUE,FALSE,FALSE,FALSE,UNKNOWN,UNKNOWN,TRUE,,CONFLICTING,S024;S080;S081;S097,"CONFLICTING as of the 2026-09-17 fact-check pass: this credit is Shane's own document's directly-quoted, double-checked-at-build-time narrative statement (one of Triple H's 6 individually-narrated eliminations). However, Wikipedia's event article AND thesmackdownhotel.com -- 2 unanimous, independent external sources -- instead credit Batista, at a reported time (26:05) that matches this database's own independently-computed ring_time for Umaga (26:06) to within 1 second, confirming it is the same real-world moment with a different credited eliminator. No external source at all was found supporting Triple H. Per this project's Muhammad Hassan-case precedent (2005 fact-check pass), BOTH versions are preserved here rather than one overwriting the other: Triple H remains the primary structured credit (kept as the internal document's own explicit, carefully-verified narrative claim), with Batista's external claim documented as a disputed alternative. See F251."
RR2008M,26,kane,hunter-hearst-helmsley,,20,29,44:53,2693,over_top_rope,"The 6th of Triple H's narrative-stated 6 eliminations -- double-teamed out of the match by Triple H and Batista together, leaving the Final Three of Cena, Triple H, and Batista.",,UNKNOWN,FALSE,TRUE,FALSE,FALSE,UNKNOWN,UNKNOWN,FALSE,,CONFIRMED,S080;S081,
RR2008M,26,kane,batista,,20,8,44:53,2693,over_top_rope,"The 6th of Triple H's narrative-stated 6 eliminations -- double-teamed out of the match by Triple H and Batista together, leaving the Final Three of Cena, Triple H, and Batista.",,UNKNOWN,FALSE,TRUE,FALSE,FALSE,UNKNOWN,UNKNOWN,FALSE,,CONFIRMED,S080;S081,
RR2008M,27,batista,hunter-hearst-helmsley,,8,29,47:18,2838,over_top_rope,"Went for a Batista Bomb on Cena, who back-dropped out of it; Triple H then tossed Batista out to bring the match down to a final two of himself and Cena.",,UNKNOWN,TRUE,FALSE,FALSE,FALSE,UNKNOWN,UNKNOWN,FALSE,,CONFIRMED,S080;S081,
RR2008M,28,hunter-hearst-helmsley,john-cena,,29,30,51:29,3089,over_top_rope,The winning elimination -- Cena finally got Triple H up for the FU (despite HHH holding onto the ropes) and dumped him out to win his first career Royal Rumble.,,UNKNOWN,TRUE,FALSE,FALSE,FALSE,UNKNOWN,UNKNOWN,FALSE,,CONFIRMED,S080;S081,
RR2009M,1,the-great-khali,vladimir-kozlov,,5,6,6:52,412,over_top_rope,"DERIVED -- the Cageside prose states Kozlov 'was tasked with cleaning the ring of three bodies' in the window before Triple H's entrance; this script's own elim_ts derivation finds exactly 3 wrestlers (Khali, MVP, Carlito) eliminated inside that window, none with any other credited eliminator. See F231.",,UNKNOWN,TRUE,FALSE,FALSE,FALSE,UNKNOWN,UNKNOWN,FALSE,kozlov_cleanup,CONFIRMED,S039;S082;S097,
RR2009M,2,mvp,vladimir-kozlov,,4,6,7:16,436,over_top_rope,DERIVED as one of Kozlov's 3-man 'cleaning the ring' stretch. See F231.,,UNKNOWN,TRUE,FALSE,FALSE,FALSE,UNKNOWN,UNKNOWN,FALSE,kozlov_cleanup,CONFIRMED,S039;S082;S097,
RR2009M,3,carlito,vladimir-kozlov,,3,6,7:50,470,over_top_rope,DERIVED as one of Kozlov's 3-man 'cleaning the ring' stretch. See F231.,,UNKNOWN,TRUE,FALSE,FALSE,FALSE,UNKNOWN,UNKNOWN,FALSE,kozlov_cleanup,CONFIRMED,S039;S082;S097,
RR2009M,4,vladimir-kozlov,hunter-hearst-helmsley,,6,7,,,over_top_rope,,,,TRUE,FALSE,,FALSE,,,,,CONFIRMED,S438;S444,F505; order synchronized from sourced entrant row.
RR2009M,5,johnny-nitro,hunter-hearst-helmsley,,,,,,over_top_rope,,,UNKNOWN,TRUE,FALSE,FALSE,FALSE,FALSE,FALSE,FALSE,,PROBABLE,S097;S039;S082,"Eliminator per Wikipedia's event article, cross-checked by WrestlingInc.com and Pro Wrestling Fandom (unanimous unless separately flagged)."
RR2009M,6,the-miz,hunter-hearst-helmsley,,,,,,over_top_rope,,,UNKNOWN,TRUE,FALSE,FALSE,FALSE,FALSE,FALSE,FALSE,,PROBABLE,S097;S039;S082,"Eliminator per Wikipedia's event article, cross-checked by WrestlingInc.com and Pro Wrestling Fandom (unanimous unless separately flagged)."
RR2009M,7,jtg,the-undertaker,,,,,,over_top_rope,,,UNKNOWN,TRUE,FALSE,FALSE,FALSE,FALSE,FALSE,FALSE,,PROBABLE,S097;S039;S082,"Eliminator per Wikipedia's event article, cross-checked by WrestlingInc.com and Pro Wrestling Fandom (unanimous unless separately flagged)."
RR2009M,8,goldust,cody-rhodes,,,,,,over_top_rope,,,UNKNOWN,TRUE,FALSE,FALSE,FALSE,FALSE,FALSE,FALSE,,PROBABLE,S097;S039;S082,"Eliminator per Wikipedia's event article, cross-checked by WrestlingInc.com and Pro Wrestling Fandom (unanimous unless separately flagged)."
RR2009M,9,mark-henry,rey-mysterio,,,,,,over_top_rope,,,UNKNOWN,TRUE,FALSE,FALSE,FALSE,FALSE,FALSE,FALSE,,PROBABLE,S052;S039;S082,"Eliminator per 3 sources (Pro Wrestling Fandom, 2 separate WrestlingInc pages), all crediting Rey Mysterio solo; Wikipedia's own elimination table instead credits it jointly as 'The Undertaker & Rey Mysterio.' See F256 for the flagged disagreement."
RR2009M,10,shelton-benjamin,the-undertaker,,,,,,over_top_rope,,,UNKNOWN,TRUE,FALSE,FALSE,FALSE,FALSE,FALSE,FALSE,,PROBABLE,S097;S039;S082,"Eliminator per Wikipedia's event article, cross-checked by WrestlingInc.com and Pro Wrestling Fandom (unanimous unless separately flagged)."
RR2009M,11,william-regal,cm-punk,,,,,,over_top_rope,,,UNKNOWN,TRUE,FALSE,FALSE,FALSE,FALSE,FALSE,FALSE,,PROBABLE,S097;S039;S082,"Eliminator per Wikipedia's event article, cross-checked by WrestlingInc.com and Pro Wrestling Fandom (unanimous unless separately flagged)."
RR2009M,12,kofi-kingston,the-brian-kendrick,,,,,,over_top_rope,,,UNKNOWN,TRUE,FALSE,FALSE,FALSE,FALSE,FALSE,FALSE,,PROBABLE,S097;S039;S082,"Eliminator per Wikipedia's event article, cross-checked by WrestlingInc.com and Pro Wrestling Fandom (unanimous unless separately flagged)."
RR2009M,13,the-brian-kendrick,hunter-hearst-helmsley,,,,,,over_top_rope,,,UNKNOWN,TRUE,FALSE,FALSE,FALSE,FALSE,FALSE,FALSE,,PROBABLE,S097;S039;S082,"Eliminator per Wikipedia's event article, cross-checked by WrestlingInc.com and Pro Wrestling Fandom (unanimous unless separately flagged)."
RR2009M,14,dolph-ziggler,kane,,,,,,over_top_rope,,,UNKNOWN,TRUE,FALSE,FALSE,FALSE,FALSE,FALSE,FALSE,,PROBABLE,S097;S039;S082,"Eliminator per Wikipedia's event article, cross-checked by WrestlingInc.com and Pro Wrestling Fandom (unanimous unless separately flagged)."
RR2009M,15,santino-marella,kane,,,,,,over_top_rope,,,UNKNOWN,TRUE,FALSE,FALSE,FALSE,FALSE,FALSE,FALSE,,PROBABLE,S097;S039;S082,"Eliminator per Wikipedia's event article, cross-checked by WrestlingInc.com and Pro Wrestling Fandom (unanimous unless separately flagged)."
RR2009M,16,jim-duggan,big-show,,,,,,over_top_rope,,,UNKNOWN,TRUE,FALSE,FALSE,FALSE,FALSE,FALSE,FALSE,,PROBABLE,S097;S039;S082,"Eliminator per Wikipedia's event article, cross-checked by WrestlingInc.com and Pro Wrestling Fandom (unanimous unless separately flagged)."
RR2009M,17,r-truth,big-show,,,,,,over_top_rope,,,UNKNOWN,TRUE,FALSE,FALSE,FALSE,FALSE,FALSE,FALSE,,PROBABLE,S097;S039;S082,"Eliminator per Wikipedia's event article, cross-checked by WrestlingInc.com and Pro Wrestling Fandom (unanimous unless separately flagged)."
RR2009M,18,cm-punk,big-show,,,,,,over_top_rope,,,UNKNOWN,TRUE,FALSE,FALSE,FALSE,FALSE,FALSE,FALSE,,PROBABLE,S097;S039;S082,"Eliminator per Wikipedia's event article, cross-checked by WrestlingInc.com and Pro Wrestling Fandom (unanimous unless separately flagged)."
RR2009M,19,rey-mysterio,big-show,,,,,,over_top_rope,,,UNKNOWN,TRUE,FALSE,FALSE,FALSE,FALSE,FALSE,FALSE,,PROBABLE,S097;S039;S082,"Eliminator per Wikipedia's event article, cross-checked by WrestlingInc.com and Pro Wrestling Fandom (unanimous unless separately flagged)."
RR2009M,20,mike-knox,big-show,,,,,,over_top_rope,,,UNKNOWN,TRUE,FALSE,FALSE,FALSE,FALSE,FALSE,FALSE,,PROBABLE,S097;S039;S082,"Eliminator per 3 sources (Wikipedia, OWW, WrestlingInc); Pro Wrestling Fandom alone instead credits Rey Mysterio (time given as 34:42). See F255 for the flagged minority disagreement."
RR2009M,21,finlay,kane,,,,,,over_top_rope,,,UNKNOWN,TRUE,FALSE,FALSE,FALSE,FALSE,FALSE,FALSE,,PROBABLE,S097;S039;S082,"Eliminator per Wikipedia's event article, cross-checked by WrestlingInc.com and Pro Wrestling Fandom (unanimous unless separately flagged)."
RR2009M,22,rob-van-dam,chris-jericho,,,,,,over_top_rope,,,UNKNOWN,TRUE,FALSE,FALSE,FALSE,FALSE,FALSE,FALSE,,PROBABLE,S097;S039;S082,"Eliminator per Wikipedia's event article, cross-checked by WrestlingInc.com and Pro Wrestling Fandom (unanimous unless separately flagged)."
RR2009M,23,chris-jericho,the-undertaker,,,,,,over_top_rope,,,UNKNOWN,TRUE,FALSE,FALSE,FALSE,FALSE,FALSE,FALSE,,PROBABLE,S097;S039;S082,"Eliminator per Wikipedia's event article, cross-checked by WrestlingInc.com and Pro Wrestling Fandom (unanimous unless separately flagged)."
RR2009M,24,kane,cody-rhodes,randy-orton;ted-dibiase-jr,,,,,over_top_rope,,,UNKNOWN,FALSE,TRUE,FALSE,FALSE,FALSE,FALSE,FALSE,RR2009M_kane,PROBABLE,S097;S039;S082,"Eliminator per Wikipedia's event article, cross-checked by WrestlingInc.com and Pro Wrestling Fandom (unanimous unless separately flagged)."
RR2009M,24,kane,randy-orton,cody-rhodes;ted-dibiase-jr,,,,,over_top_rope,,,UNKNOWN,FALSE,TRUE,FALSE,FALSE,FALSE,FALSE,FALSE,RR2009M_kane,PROBABLE,S097;S039;S082,"Eliminator per Wikipedia's event article, cross-checked by WrestlingInc.com and Pro Wrestling Fandom (unanimous unless separately flagged)."
RR2009M,24,kane,ted-dibiase-jr,cody-rhodes;randy-orton,,,,,over_top_rope,,,UNKNOWN,FALSE,TRUE,FALSE,FALSE,FALSE,FALSE,FALSE,RR2009M_kane,PROBABLE,S097;S039;S082,"Eliminator per Wikipedia's event article, cross-checked by WrestlingInc.com and Pro Wrestling Fandom (unanimous unless separately flagged)."
RR2009M,25,big-show,randy-orton,,,,,,over_top_rope,,,UNKNOWN,TRUE,FALSE,FALSE,FALSE,FALSE,FALSE,FALSE,,PROBABLE,S097;S039;S082,"Eliminator per Wikipedia's event article, cross-checked by WrestlingInc.com and Pro Wrestling Fandom (unanimous unless separately flagged)."
RR2009M,26,the-undertaker,big-show,,,,,,over_top_rope,,,UNKNOWN,TRUE,FALSE,FALSE,FALSE,FALSE,FALSE,FALSE,,PROBABLE,S097;S039;S082,"Eliminator per Wikipedia's event article, cross-checked by WrestlingInc.com and Pro Wrestling Fandom (unanimous unless separately flagged)."
RR2009M,27,ted-dibiase-jr,hunter-hearst-helmsley,,,,,,over_top_rope,,,UNKNOWN,TRUE,FALSE,FALSE,FALSE,FALSE,FALSE,FALSE,,PROBABLE,S097;S039;S082,"Eliminator per Wikipedia's event article, cross-checked by WrestlingInc.com and Pro Wrestling Fandom (unanimous unless separately flagged)."
RR2009M,28,cody-rhodes,hunter-hearst-helmsley,,,,,,over_top_rope,,,UNKNOWN,TRUE,FALSE,FALSE,FALSE,FALSE,FALSE,FALSE,,PROBABLE,S097;S039;S082,"Eliminator per Wikipedia's event article, cross-checked by WrestlingInc.com and Pro Wrestling Fandom (unanimous unless separately flagged)."
RR2009M,29,hunter-hearst-helmsley,randy-orton,,7,8,58:37,3517,over_top_rope,"The winning elimination -- Orton outlasted the 3 members of Legacy (DiBiase, Cody Rhodes) and Triple H to win.",,UNKNOWN,TRUE,FALSE,FALSE,FALSE,UNKNOWN,UNKNOWN,FALSE,,PROBABLE,S082,
RR2010M,1,evan-bourne,cm-punk,,2,3,,,over_top_rope,,,UNKNOWN,TRUE,FALSE,FALSE,FALSE,UNKNOWN,UNKNOWN,FALSE,,CONFIRMED,S085;S086;S087;S088;S089;S090;S091;S092,
RR2010M,2,dolph-ziggler,cm-punk,,1,3,,,over_top_rope,,,UNKNOWN,TRUE,FALSE,FALSE,FALSE,UNKNOWN,UNKNOWN,FALSE,,CONFIRMED,S085;S086;S087;S088;S089;S090;S091;S092,
RR2010M,3,jtg,cm-punk,,4,3,,,over_top_rope,,,UNKNOWN,TRUE,FALSE,FALSE,FALSE,UNKNOWN,UNKNOWN,FALSE,,CONFIRMED,S085;S086;S087;S088;S089;S090;S091;S092,
RR2010M,4,the-great-khali,beth-phoenix,,5,6,,,over_top_rope,,,UNKNOWN,TRUE,FALSE,FALSE,FALSE,UNKNOWN,UNKNOWN,FALSE,,CONFIRMED,S085;S086;S087;S088;S089;S090;S091;S092,
RR2010M,5,beth-phoenix,cm-punk,,6,3,,,over_top_rope,,,UNKNOWN,TRUE,FALSE,FALSE,FALSE,UNKNOWN,UNKNOWN,FALSE,,CONFIRMED,S085;S086;S087;S088;S089;S090;S091;S092,
RR2010M,6,zack-ryder,cm-punk,,7,3,,,over_top_rope,,,UNKNOWN,TRUE,FALSE,FALSE,FALSE,UNKNOWN,UNKNOWN,FALSE,,CONFIRMED,S085;S086;S087;S088;S089;S090;S091;S092,
RR2010M,7,cm-punk,hunter-hearst-helmsley,,3,8,,,over_top_rope,,,UNKNOWN,TRUE,FALSE,FALSE,FALSE,UNKNOWN,UNKNOWN,FALSE,,CONFIRMED,S085;S086;S087;S088;S089;S090;S091;S092,
RR2010M,8,the-miz,mvp,,16,14,,,over_top_rope,,,UNKNOWN,TRUE,FALSE,FALSE,FALSE,UNKNOWN,UNKNOWN,FALSE,,CONFIRMED,S085;S086;S087;S088;S089;S090;S091;S092,
RR2010M,9,mvp,mvp,,14,14,,,voluntary_exit,,,UNKNOWN,TRUE,FALSE,UNKNOWN,TRUE,UNKNOWN,UNKNOWN,FALSE,,CONFIRMED,S085;S086;S087;S088;S089;S090;S091;S092,Self-eliminated -- see script docstring/notes for convention precedent.
RR2010M,10,matt-hardy,kane,,17,12,,,over_top_rope,,,UNKNOWN,TRUE,FALSE,FALSE,FALSE,UNKNOWN,UNKNOWN,FALSE,,CONFIRMED,S085;S086;S087;S088;S089;S090;S091;S092,
RR2010M,11,kane,hunter-hearst-helmsley,,12,8,,,over_top_rope,,,UNKNOWN,TRUE,FALSE,FALSE,FALSE,UNKNOWN,UNKNOWN,FALSE,,CONFIRMED,S085;S086;S087;S088;S089;S090;S091;S092,
RR2010M,12,carlito,shawn-michaels,,15,18,,,over_top_rope,,,UNKNOWN,TRUE,FALSE,FALSE,FALSE,UNKNOWN,UNKNOWN,FALSE,,CONFIRMED,S085;S086;S087;S088;S089;S090;S091;S092,
RR2010M,13,cody-rhodes,shawn-michaels,,13,18,,,over_top_rope,,,UNKNOWN,TRUE,FALSE,FALSE,FALSE,UNKNOWN,UNKNOWN,FALSE,,CONFIRMED,S085;S086;S087;S088;S089;S090;S091;S092,
RR2010M,14,ted-dibiase-jr,shawn-michaels,,10,18,,,over_top_rope,,,UNKNOWN,TRUE,FALSE,FALSE,FALSE,UNKNOWN,UNKNOWN,FALSE,,CONFIRMED,S085;S086;S087;S088;S089;S090;S091;S092,
RR2010M,15,johnny-nitro,shawn-michaels,,11,18,,,over_top_rope,,,UNKNOWN,TRUE,FALSE,FALSE,FALSE,UNKNOWN,UNKNOWN,FALSE,,CONFIRMED,S085;S086;S087;S088;S089;S090;S091;S092,
RR2010M,16,drew-mcintyre,hunter-hearst-helmsley,shawn-michaels,9,8,,,over_top_rope,,,UNKNOWN,FALSE,TRUE,FALSE,FALSE,UNKNOWN,UNKNOWN,FALSE,mcintyre_double,CONFIRMED,S085;S086;S087;S088;S089;S090;S091;S092,
RR2010M,16,drew-mcintyre,shawn-michaels,hunter-hearst-helmsley,9,18,,,over_top_rope,,,UNKNOWN,FALSE,TRUE,FALSE,FALSE,UNKNOWN,UNKNOWN,FALSE,mcintyre_double,CONFIRMED,S085;S086;S087;S088;S089;S090;S091;S092,
RR2010M,17,hunter-hearst-helmsley,shawn-michaels,,8,18,,,over_top_rope,,,UNKNOWN,TRUE,FALSE,FALSE,FALSE,UNKNOWN,UNKNOWN,FALSE,,CONFIRMED,S085;S086;S087;S088;S089;S090;S091;S092,
RR2010M,18,shelton-benjamin,john-cena,,20,19,,,over_top_rope,,,UNKNOWN,TRUE,FALSE,FALSE,FALSE,UNKNOWN,UNKNOWN,FALSE,,CONFIRMED,S085;S086;S087;S088;S089;S090;S091;S092,
RR2010M,19,yoshi-tatsu,john-cena,,21,19,,,over_top_rope,,,UNKNOWN,TRUE,FALSE,FALSE,FALSE,UNKNOWN,UNKNOWN,FALSE,,CONFIRMED,S085;S086;S087;S088;S089;S090;S091;S092,
RR2010M,20,chris-masters,big-show,,24,22,,,over_top_rope,,,UNKNOWN,TRUE,FALSE,FALSE,FALSE,UNKNOWN,UNKNOWN,FALSE,,CONFIRMED,S085;S086;S087;S088;S089;S090;S091;S092,
RR2010M,21,mark-henry,r-truth,,23,25,,,over_top_rope,,,UNKNOWN,TRUE,FALSE,FALSE,FALSE,UNKNOWN,UNKNOWN,FALSE,,CONFIRMED,S085;S086;S087;S088;S089;S090;S091;S092,
RR2010M,22,big-show,r-truth,,22,25,,,over_top_rope,,,UNKNOWN,TRUE,FALSE,FALSE,FALSE,UNKNOWN,UNKNOWN,FALSE,,CONFIRMED,S085;S086;S087;S088;S089;S090;S091;S092,
RR2010M,23,jack-swagger,kofi-kingston,,26,27,,,over_top_rope,,,UNKNOWN,TRUE,FALSE,FALSE,FALSE,UNKNOWN,UNKNOWN,FALSE,,CONFIRMED,S085;S086;S087;S088;S089;S090;S091;S092,
RR2010M,24,r-truth,kofi-kingston,,25,27,,,over_top_rope,,,UNKNOWN,TRUE,FALSE,FALSE,FALSE,UNKNOWN,UNKNOWN,FALSE,,CONFIRMED,S085;S086;S087;S088;S089;S090;S091;S092,
RR2010M,25,kofi-kingston,john-cena,,27,19,,,over_top_rope,,,UNKNOWN,TRUE,FALSE,FALSE,FALSE,UNKNOWN,UNKNOWN,FALSE,,CONFIRMED,S085;S086;S087;S088;S089;S090;S091;S092,
RR2010M,26,chris-jericho,edge,,28,29,,,over_top_rope,,,UNKNOWN,TRUE,FALSE,FALSE,FALSE,UNKNOWN,UNKNOWN,FALSE,,CONFIRMED,S085;S086;S087;S088;S089;S090;S091;S092,
RR2010M,27,shawn-michaels,batista,,18,30,,,over_top_rope,,,UNKNOWN,TRUE,FALSE,FALSE,FALSE,UNKNOWN,UNKNOWN,FALSE,,CONFIRMED,S085;S086;S087;S088;S089;S090;S091;S092,
RR2010M,28,batista,john-cena,,30,19,,,over_top_rope,,,UNKNOWN,TRUE,FALSE,FALSE,FALSE,UNKNOWN,UNKNOWN,FALSE,,CONFIRMED,S085;S086;S087;S088;S089;S090;S091;S092,
RR2010M,29,john-cena,edge,,19,29,49:24,2964,over_top_rope,,,UNKNOWN,TRUE,FALSE,FALSE,FALSE,UNKNOWN,UNKNOWN,FALSE,,CONFIRMED,S085;S086;S087;S088;S089;S090;S091;S092,
RR2011M,1,justin-gabriel,daniel-bryan,,,,,,over_top_rope,,,UNKNOWN,TRUE,FALSE,FALSE,FALSE,FALSE,FALSE,FALSE,,PROBABLE,S097;S037;S083,"Eliminator per 5-6 sources (Wikipedia, WrestlingInc, Cultaholic, Cageside Seats, TJR, wrestlingrecaps), all crediting Daniel Bryan; Wrestlezone alone instead credits CM Punk. See F259 for the flagged minority disagreement."
RR2011M,2,zack-ryder,daniel-bryan,,,,,,over_top_rope,,,UNKNOWN,TRUE,FALSE,FALSE,FALSE,FALSE,FALSE,FALSE,,PROBABLE,S097;S037;S083,"Eliminator per Wikipedia's event article, cross-checked against TJR Wrestling's review and (for most rows) further corroborated by Bleacher Report/wrestlingrecaps.com/hammyreviews (unanimous unless separately flagged). Wikipedia's table independently reproduces this database's own internal anchors (draws 1, 2, 40; Santino/Del Rio) exactly, which is treated as strong evidence for the rest of the table."
RR2011M,3,william-regal,ted-dibiase-jr,,,,,,over_top_rope,,,UNKNOWN,TRUE,FALSE,FALSE,FALSE,FALSE,FALSE,FALSE,,PROBABLE,S097;S083,"Eliminator per Wikipedia's event article; wrestlingrecaps.com instead explicitly credits John Morrison, and Blog of Doom's review is non-specific ('eliminated during the JoMo parkour show'). Modeled as Ted DiBiase Jr. per Wikipedia, this table's proven-reliable primary source elsewhere in this match. See F260 for the flagged disagreement."
RR2011M,4,chavo-guerrero,mark-henry,,,,,,over_top_rope,,,UNKNOWN,TRUE,FALSE,FALSE,FALSE,FALSE,FALSE,FALSE,,PROBABLE,S097;S037;S083,"Eliminator per Wikipedia's event article, cross-checked against TJR Wrestling's review and (for most rows) further corroborated by Bleacher Report/wrestlingrecaps.com/hammyreviews (unanimous unless separately flagged). Wikipedia's table independently reproduces this database's own internal anchors (draws 1, 2, 40; Santino/Del Rio) exactly, which is treated as strong evidence for the rest of the table."
RR2011M,5,yoshi-tatsu,mark-henry,,,,,,over_top_rope,,,UNKNOWN,TRUE,FALSE,FALSE,FALSE,FALSE,FALSE,FALSE,,PROBABLE,S097;S037;S083,"Eliminator per Wikipedia's event article, cross-checked against TJR Wrestling's review and (for most rows) further corroborated by Bleacher Report/wrestlingrecaps.com/hammyreviews (unanimous unless separately flagged). Wikipedia's table independently reproduces this database's own internal anchors (draws 1, 2, 40; Santino/Del Rio) exactly, which is treated as strong evidence for the rest of the table."
RR2011M,6,jtg,michael-mcgillicutty,,,,,,over_top_rope,,,UNKNOWN,TRUE,FALSE,FALSE,FALSE,FALSE,FALSE,FALSE,,PROBABLE,S097;S037;S083,"Eliminator per Wikipedia's event article, cross-checked against TJR Wrestling's review and (for most rows) further corroborated by Bleacher Report/wrestlingrecaps.com/hammyreviews (unanimous unless separately flagged). Wikipedia's table independently reproduces this database's own internal anchors (draws 1, 2, 40; Santino/Del Rio) exactly, which is treated as strong evidence for the rest of the table."
RR2011M,7,ted-dibiase-jr,michael-mcgillicutty,husky-harris,,,,,over_top_rope,,,UNKNOWN,FALSE,TRUE,FALSE,FALSE,FALSE,FALSE,FALSE,RR2011M_ted-dibiase-jr,PROBABLE,S097;S037;S083,"New Nexus gang-up (2-on-1), per Wikipedia's event article; generically corroborated as 'Nexus' by TJR Wrestling and Blog of Doom."
RR2011M,7,ted-dibiase-jr,husky-harris,michael-mcgillicutty,,,,,over_top_rope,,,UNKNOWN,FALSE,TRUE,FALSE,FALSE,FALSE,FALSE,FALSE,RR2011M_ted-dibiase-jr,PROBABLE,S097;S037;S083,"New Nexus gang-up (2-on-1), per Wikipedia's event article; generically corroborated as 'Nexus' by TJR Wrestling and Blog of Doom."
RR2011M,8,daniel-bryan,cm-punk,,,,,,over_top_rope,,,UNKNOWN,TRUE,FALSE,FALSE,FALSE,FALSE,FALSE,FALSE,,PROBABLE,S097;S037;S083,"Eliminator per Wikipedia's event article, cross-checked against TJR Wrestling's review and (for most rows) further corroborated by Bleacher Report/wrestlingrecaps.com/hammyreviews (unanimous unless separately flagged). Wikipedia's table independently reproduces this database's own internal anchors (draws 1, 2, 40; Santino/Del Rio) exactly, which is treated as strong evidence for the rest of the table."
RR2011M,9,chris-masters,cm-punk,,,,,,over_top_rope,,,UNKNOWN,TRUE,FALSE,FALSE,FALSE,FALSE,FALSE,FALSE,,PROBABLE,S097;S037;S083,"Eliminator per Wikipedia's event article, cross-checked against TJR Wrestling's review and (for most rows) further corroborated by Bleacher Report/wrestlingrecaps.com/hammyreviews (unanimous unless separately flagged). Wikipedia's table independently reproduces this database's own internal anchors (draws 1, 2, 40; Santino/Del Rio) exactly, which is treated as strong evidence for the rest of the table."
RR2011M,10,johnny-nitro,cm-punk,david-otunga;michael-mcgillicutty;husky-harris,,,,,over_top_rope,,,UNKNOWN,FALSE,TRUE,FALSE,FALSE,FALSE,FALSE,FALSE,RR2011M_johnny-nitro,PROBABLE,S097;S037;S083,"New Nexus gang-up (4-on-1), per Wikipedia's event article; corroborated generically by Bleacher Report, TJR, and Blog of Doom."
RR2011M,10,johnny-nitro,david-otunga,cm-punk;michael-mcgillicutty;husky-harris,,,,,over_top_rope,,,UNKNOWN,FALSE,TRUE,FALSE,FALSE,FALSE,FALSE,FALSE,RR2011M_johnny-nitro,PROBABLE,S097;S037;S083,"New Nexus gang-up (4-on-1), per Wikipedia's event article; corroborated generically by Bleacher Report, TJR, and Blog of Doom."
RR2011M,10,johnny-nitro,michael-mcgillicutty,cm-punk;david-otunga;husky-harris,,,,,over_top_rope,,,UNKNOWN,FALSE,TRUE,FALSE,FALSE,FALSE,FALSE,FALSE,RR2011M_johnny-nitro,PROBABLE,S097;S037;S083,"New Nexus gang-up (4-on-1), per Wikipedia's event article; corroborated generically by Bleacher Report, TJR, and Blog of Doom."
RR2011M,10,johnny-nitro,husky-harris,cm-punk;david-otunga;michael-mcgillicutty,,,,,over_top_rope,,,UNKNOWN,FALSE,TRUE,FALSE,FALSE,FALSE,FALSE,FALSE,RR2011M_johnny-nitro,PROBABLE,S097;S037;S083,"New Nexus gang-up (4-on-1), per Wikipedia's event article; corroborated generically by Bleacher Report, TJR, and Blog of Doom."
RR2011M,11,mark-henry,cm-punk,david-otunga;michael-mcgillicutty;husky-harris,,,,,over_top_rope,,,UNKNOWN,FALSE,TRUE,FALSE,FALSE,FALSE,FALSE,FALSE,RR2011M_mark-henry,PROBABLE,S097;S037;S083,"New Nexus gang-up (4-on-1), per Wikipedia's event article; corroborated generically by Bleacher Report, TJR, and Blog of Doom."
RR2011M,11,mark-henry,david-otunga,cm-punk;michael-mcgillicutty;husky-harris,,,,,over_top_rope,,,UNKNOWN,FALSE,TRUE,FALSE,FALSE,FALSE,FALSE,FALSE,RR2011M_mark-henry,PROBABLE,S097;S037;S083,"New Nexus gang-up (4-on-1), per Wikipedia's event article; corroborated generically by Bleacher Report, TJR, and Blog of Doom."
RR2011M,11,mark-henry,michael-mcgillicutty,cm-punk;david-otunga;husky-harris,,,,,over_top_rope,,,UNKNOWN,FALSE,TRUE,FALSE,FALSE,FALSE,FALSE,FALSE,RR2011M_mark-henry,PROBABLE,S097;S037;S083,"New Nexus gang-up (4-on-1), per Wikipedia's event article; corroborated generically by Bleacher Report, TJR, and Blog of Doom."
RR2011M,11,mark-henry,husky-harris,cm-punk;david-otunga;michael-mcgillicutty,,,,,over_top_rope,,,UNKNOWN,FALSE,TRUE,FALSE,FALSE,FALSE,FALSE,FALSE,RR2011M_mark-henry,PROBABLE,S097;S037;S083,"New Nexus gang-up (4-on-1), per Wikipedia's event article; corroborated generically by Bleacher Report, TJR, and Blog of Doom."
RR2011M,12,tyler-reks,cm-punk,,,,,,over_top_rope,,,UNKNOWN,TRUE,FALSE,FALSE,FALSE,FALSE,FALSE,FALSE,,PROBABLE,S097;S037;S083,"Eliminator per Wikipedia's event article, cross-checked against TJR Wrestling's review and (for most rows) further corroborated by Bleacher Report/wrestlingrecaps.com/hammyreviews (unanimous unless separately flagged). Wikipedia's table independently reproduces this database's own internal anchors (draws 1, 2, 40; Santino/Del Rio) exactly, which is treated as strong evidence for the rest of the table."
RR2011M,13,vladimir-kozlov,cm-punk,,,,,,over_top_rope,,,UNKNOWN,TRUE,FALSE,FALSE,FALSE,FALSE,FALSE,FALSE,,PROBABLE,S097;S037;S083,"Eliminator per Wikipedia's event article, cross-checked against TJR Wrestling's review and (for most rows) further corroborated by Bleacher Report/wrestlingrecaps.com/hammyreviews (unanimous unless separately flagged). Wikipedia's table independently reproduces this database's own internal anchors (draws 1, 2, 40; Santino/Del Rio) exactly, which is treated as strong evidence for the rest of the table."
RR2011M,14,r-truth,cm-punk,,,,,,over_top_rope,,,UNKNOWN,TRUE,FALSE,FALSE,FALSE,FALSE,FALSE,FALSE,,PROBABLE,S097;S037;S083,"Eliminator per Wikipedia's event article, cross-checked against TJR Wrestling's review and (for most rows) further corroborated by Bleacher Report/wrestlingrecaps.com/hammyreviews (unanimous unless separately flagged). Wikipedia's table independently reproduces this database's own internal anchors (draws 1, 2, 40; Santino/Del Rio) exactly, which is treated as strong evidence for the rest of the table."
RR2011M,15,husky-harris,the-great-khali,,,,,,over_top_rope,,,UNKNOWN,TRUE,FALSE,FALSE,FALSE,FALSE,FALSE,FALSE,,PROBABLE,S097;S037;S083,"Eliminator per Wikipedia's event article, cross-checked against TJR Wrestling's review and (for most rows) further corroborated by Bleacher Report/wrestlingrecaps.com/hammyreviews (unanimous unless separately flagged). Wikipedia's table independently reproduces this database's own internal anchors (draws 1, 2, 40; Santino/Del Rio) exactly, which is treated as strong evidence for the rest of the table."
RR2011M,16,the-great-khali,mason-ryan,,,,,,over_top_rope,,,UNKNOWN,TRUE,FALSE,FALSE,FALSE,FALSE,FALSE,FALSE,,PROBABLE,S097;S037;S083,"Eliminator per Wikipedia's event article, cross-checked against TJR Wrestling's review and (for most rows) further corroborated by Bleacher Report/wrestlingrecaps.com/hammyreviews (unanimous unless separately flagged). Wikipedia's table independently reproduces this database's own internal anchors (draws 1, 2, 40; Santino/Del Rio) exactly, which is treated as strong evidence for the rest of the table."
RR2011M,17,booker-t,mason-ryan,,,,,,over_top_rope,,,UNKNOWN,TRUE,FALSE,FALSE,FALSE,FALSE,FALSE,FALSE,,PROBABLE,S097;S037;S083,"Eliminator per Wikipedia's event article, cross-checked against TJR Wrestling's review and (for most rows) further corroborated by Bleacher Report/wrestlingrecaps.com/hammyreviews (unanimous unless separately flagged). Wikipedia's table independently reproduces this database's own internal anchors (draws 1, 2, 40; Santino/Del Rio) exactly, which is treated as strong evidence for the rest of the table."
RR2011M,18,mason-ryan,john-cena,,,,,,over_top_rope,,,UNKNOWN,TRUE,FALSE,FALSE,FALSE,FALSE,FALSE,FALSE,,PROBABLE,S097;S037;S083,"Eliminator per Wikipedia's event article, cross-checked against TJR Wrestling's review and (for most rows) further corroborated by Bleacher Report/wrestlingrecaps.com/hammyreviews (unanimous unless separately flagged). Wikipedia's table independently reproduces this database's own internal anchors (draws 1, 2, 40; Santino/Del Rio) exactly, which is treated as strong evidence for the rest of the table."
RR2011M,19,david-otunga,john-cena,,,,,,over_top_rope,,,UNKNOWN,TRUE,FALSE,FALSE,FALSE,FALSE,FALSE,FALSE,,PROBABLE,S097;S037;S083,"Eliminator per Wikipedia's event article, cross-checked against TJR Wrestling's review and (for most rows) further corroborated by Bleacher Report/wrestlingrecaps.com/hammyreviews (unanimous unless separately flagged). Wikipedia's table independently reproduces this database's own internal anchors (draws 1, 2, 40; Santino/Del Rio) exactly, which is treated as strong evidence for the rest of the table."
RR2011M,20,michael-mcgillicutty,john-cena,,,,,,over_top_rope,,,UNKNOWN,TRUE,FALSE,FALSE,FALSE,FALSE,FALSE,FALSE,,PROBABLE,S097;S037;S083,"Eliminator per Wikipedia's event article, cross-checked against TJR Wrestling's review and (for most rows) further corroborated by Bleacher Report/wrestlingrecaps.com/hammyreviews (unanimous unless separately flagged). Wikipedia's table independently reproduces this database's own internal anchors (draws 1, 2, 40; Santino/Del Rio) exactly, which is treated as strong evidence for the rest of the table."
RR2011M,21,cm-punk,john-cena,,,,,,over_top_rope,,,UNKNOWN,TRUE,FALSE,FALSE,FALSE,FALSE,FALSE,FALSE,,PROBABLE,S097;S037;S083,"Eliminator per Wikipedia's event article, cross-checked against TJR Wrestling's review and (for most rows) further corroborated by Bleacher Report/wrestlingrecaps.com/hammyreviews (unanimous unless separately flagged). Wikipedia's table independently reproduces this database's own internal anchors (draws 1, 2, 40; Santino/Del Rio) exactly, which is treated as strong evidence for the rest of the table."
RR2011M,22,tyson-kidd,john-cena,,,,,,over_top_rope,,,UNKNOWN,TRUE,FALSE,FALSE,FALSE,FALSE,FALSE,FALSE,,PROBABLE,S097;S037;S083,"Eliminator per Wikipedia's event article, cross-checked against TJR Wrestling's review and (for most rows) further corroborated by Bleacher Report/wrestlingrecaps.com/hammyreviews (unanimous unless separately flagged). Wikipedia's table independently reproduces this database's own internal anchors (draws 1, 2, 40; Santino/Del Rio) exactly, which is treated as strong evidence for the rest of the table."
RR2011M,23,heath-slater,john-cena,,,,,,over_top_rope,,,UNKNOWN,TRUE,FALSE,FALSE,FALSE,FALSE,FALSE,FALSE,,PROBABLE,S097;S037;S083,"Eliminator per Wikipedia's event article, cross-checked against TJR Wrestling's review and (for most rows) further corroborated by Bleacher Report/wrestlingrecaps.com/hammyreviews (unanimous unless separately flagged). Wikipedia's table independently reproduces this database's own internal anchors (draws 1, 2, 40; Santino/Del Rio) exactly, which is treated as strong evidence for the rest of the table."
RR2011M,24,hornswoggle,sheamus,,,,,,over_top_rope,,,UNKNOWN,TRUE,FALSE,FALSE,FALSE,FALSE,FALSE,FALSE,,PROBABLE,S097;S037;S083,"Eliminator per Wikipedia's event article, cross-checked against TJR Wrestling's review and (for most rows) further corroborated by Bleacher Report/wrestlingrecaps.com/hammyreviews (unanimous unless separately flagged). Wikipedia's table independently reproduces this database's own internal anchors (draws 1, 2, 40; Santino/Del Rio) exactly, which is treated as strong evidence for the rest of the table."
RR2011M,25,jack-swagger,rey-mysterio,,,,,,over_top_rope,,,UNKNOWN,TRUE,FALSE,FALSE,FALSE,FALSE,FALSE,FALSE,,PROBABLE,S097;S037;S083,"Eliminator per Wikipedia's event article, cross-checked against TJR Wrestling's review and (for most rows) further corroborated by Bleacher Report/wrestlingrecaps.com/hammyreviews (unanimous unless separately flagged). Wikipedia's table independently reproduces this database's own internal anchors (draws 1, 2, 40; Santino/Del Rio) exactly, which is treated as strong evidence for the rest of the table."
RR2011M,26,diesel,wade-barrett,,,,,,over_top_rope,,,UNKNOWN,TRUE,FALSE,FALSE,FALSE,FALSE,FALSE,FALSE,,PROBABLE,S097;S037;S083,"Eliminator per Wikipedia's event article, cross-checked against TJR Wrestling's review and (for most rows) further corroborated by Bleacher Report/wrestlingrecaps.com/hammyreviews (unanimous unless separately flagged). Wikipedia's table independently reproduces this database's own internal anchors (draws 1, 2, 40; Santino/Del Rio) exactly, which is treated as strong evidence for the rest of the table."
RR2011M,27,dolph-ziggler,big-show,,,,,,over_top_rope,,,UNKNOWN,TRUE,FALSE,FALSE,FALSE,FALSE,FALSE,FALSE,,PROBABLE,S097;S037;S083,"Eliminator per Wikipedia's event article, cross-checked against TJR Wrestling's review and (for most rows) further corroborated by Bleacher Report/wrestlingrecaps.com/hammyreviews (unanimous unless separately flagged). Wikipedia's table independently reproduces this database's own internal anchors (draws 1, 2, 40; Santino/Del Rio) exactly, which is treated as strong evidence for the rest of the table."
RR2011M,28,alex-riley,john-cena,kofi-kingston,,,,,over_top_rope,,,UNKNOWN,FALSE,TRUE,FALSE,FALSE,FALSE,FALSE,FALSE,RR2011M_alex-riley,PROBABLE,S097;S083,"Single-sourced (Wikipedia's event article only, crediting John Cena AND Kofi Kingston jointly) -- a 2nd source describes this spot only as an apparent in-ring botch/miscommunication, naming no eliminator."
RR2011M,28,alex-riley,kofi-kingston,john-cena,,,,,over_top_rope,,,UNKNOWN,FALSE,TRUE,FALSE,FALSE,FALSE,FALSE,FALSE,RR2011M_alex-riley,PROBABLE,S097;S083,"Single-sourced (Wikipedia's event article only, crediting John Cena AND Kofi Kingston jointly) -- a 2nd source describes this spot only as an apparent in-ring botch/miscommunication, naming no eliminator."
RR2011M,29,drew-mcintyre,big-show,,,,,,over_top_rope,,,UNKNOWN,TRUE,FALSE,FALSE,FALSE,FALSE,FALSE,FALSE,,PROBABLE,S097;S037;S083,"Eliminator per Wikipedia's event article, cross-checked against TJR Wrestling's review and (for most rows) further corroborated by Bleacher Report/wrestlingrecaps.com/hammyreviews (unanimous unless separately flagged). Wikipedia's table independently reproduces this database's own internal anchors (draws 1, 2, 40; Santino/Del Rio) exactly, which is treated as strong evidence for the rest of the table."
RR2011M,30,big-show,ezekiel-jackson,,,,,,over_top_rope,,,UNKNOWN,TRUE,FALSE,FALSE,FALSE,FALSE,FALSE,FALSE,,PROBABLE,S097;S037;S083,"Eliminator per Wikipedia's event article, cross-checked against TJR Wrestling's review and (for most rows) further corroborated by Bleacher Report/wrestlingrecaps.com/hammyreviews (unanimous unless separately flagged). Wikipedia's table independently reproduces this database's own internal anchors (draws 1, 2, 40; Santino/Del Rio) exactly, which is treated as strong evidence for the rest of the table."
RR2011M,31,kofi-kingston,randy-orton,,,,,,over_top_rope,,,UNKNOWN,TRUE,FALSE,FALSE,FALSE,FALSE,FALSE,FALSE,,PROBABLE,S097;S083,"Single-sourced (Wikipedia's event article only) -- a 2nd candidate source was internally self-contradictory (it also reversed the Santino/Del Rio winning elimination, a known fact) and was discarded as unreliable rather than used as corroboration."
RR2011M,32,sheamus,randy-orton,,,,,,over_top_rope,,,UNKNOWN,TRUE,FALSE,FALSE,FALSE,FALSE,FALSE,FALSE,,PROBABLE,S097;S037;S083,"Eliminator per Wikipedia's event article, cross-checked against TJR Wrestling's review and (for most rows) further corroborated by Bleacher Report/wrestlingrecaps.com/hammyreviews (unanimous unless separately flagged). Wikipedia's table independently reproduces this database's own internal anchors (draws 1, 2, 40; Santino/Del Rio) exactly, which is treated as strong evidence for the rest of the table."
RR2011M,33,ezekiel-jackson,kane,,,,,,over_top_rope,,,UNKNOWN,TRUE,FALSE,FALSE,FALSE,FALSE,FALSE,FALSE,,PROBABLE,S097;S037;S083,"Eliminator per Wikipedia's event article, cross-checked against TJR Wrestling's review and (for most rows) further corroborated by Bleacher Report/wrestlingrecaps.com/hammyreviews (unanimous unless separately flagged). Wikipedia's table independently reproduces this database's own internal anchors (draws 1, 2, 40; Santino/Del Rio) exactly, which is treated as strong evidence for the rest of the table."
RR2011M,34,kane,rey-mysterio,,,,,,over_top_rope,,,UNKNOWN,TRUE,FALSE,FALSE,FALSE,FALSE,FALSE,FALSE,,PROBABLE,S097;S037;S083,"Eliminator per Wikipedia's event article, cross-checked against TJR Wrestling's review and (for most rows) further corroborated by Bleacher Report/wrestlingrecaps.com/hammyreviews (unanimous unless separately flagged). Wikipedia's table independently reproduces this database's own internal anchors (draws 1, 2, 40; Santino/Del Rio) exactly, which is treated as strong evidence for the rest of the table."
RR2011M,35,rey-mysterio,wade-barrett,,,,,,over_top_rope,,,UNKNOWN,TRUE,FALSE,FALSE,FALSE,FALSE,FALSE,FALSE,,PROBABLE,S097;S037;S083,"Eliminator per Wikipedia's event article, cross-checked against TJR Wrestling's review and (for most rows) further corroborated by Bleacher Report/wrestlingrecaps.com/hammyreviews (unanimous unless separately flagged). Wikipedia's table independently reproduces this database's own internal anchors (draws 1, 2, 40; Santino/Del Rio) exactly, which is treated as strong evidence for the rest of the table."
RR2011M,36,john-cena,the-miz,,,,,,over_top_rope,,,UNKNOWN,TRUE,FALSE,FALSE,FALSE,FALSE,FALSE,FALSE,,PROBABLE,S097;S059;S083,"Non-participant interference elimination: The Miz was NOT an entrant in this 40-man match -- he ran in from outside (with Alex Riley providing a distraction) to physically eliminate Cena while defending the WWE Championship elsewhere on the same card. Modeled with 'the-miz' as eliminator_wrestler_id regardless of his non-entrant status, matching how every source narrates the spot. See F261."
RR2011M,37,wade-barrett,randy-orton,,,,,,over_top_rope,,,UNKNOWN,TRUE,FALSE,FALSE,FALSE,FALSE,FALSE,FALSE,,PROBABLE,S097;S037;S083,"Eliminator per Wikipedia's event article, cross-checked against TJR Wrestling's review and (for most rows) further corroborated by Bleacher Report/wrestlingrecaps.com/hammyreviews (unanimous unless separately flagged). Wikipedia's table independently reproduces this database's own internal anchors (draws 1, 2, 40; Santino/Del Rio) exactly, which is treated as strong evidence for the rest of the table."
RR2011M,38,randy-orton,alberto-del-rio,,,,,,over_top_rope,,,UNKNOWN,TRUE,FALSE,FALSE,FALSE,FALSE,FALSE,FALSE,,PROBABLE,S097;S037;S083,"Eliminator per Wikipedia's event article, cross-checked against TJR Wrestling's review and (for most rows) further corroborated by Bleacher Report/wrestlingrecaps.com/hammyreviews (unanimous unless separately flagged). Wikipedia's table independently reproduces this database's own internal anchors (draws 1, 2, 40; Santino/Del Rio) exactly, which is treated as strong evidence for the rest of the table."
RR2011M,39,santino-marella,alberto-del-rio,,37,38,69:52,4192,over_top_rope,The winning elimination -- Del Rio eliminated Santino in the match's final second to win. The ONLY individually attributable elimination this pass; see script docstring and F235/F236 for why the rest of the field has no named eliminator.,,UNKNOWN,TRUE,FALSE,FALSE,FALSE,UNKNOWN,UNKNOWN,FALSE,,PROBABLE,S083,
RR2012M,1,alex-riley,the-miz,,2,1,1:15,75,over_top_rope,S084 directly states 'Miz tossed Riley out at 1m 15s into the match' -- matches this script's own elim_ts computation for Riley exactly (1:15).,,UNKNOWN,TRUE,FALSE,FALSE,FALSE,UNKNOWN,UNKNOWN,FALSE,,CONFIRMED,S084,
RR2012M,2,r-truth,the-miz,,,,,,over_top_rope,,,UNKNOWN,TRUE,FALSE,FALSE,FALSE,FALSE,FALSE,FALSE,,PROBABLE,S097;S039;S084,"Eliminator per Wikipedia's event article, cross-checked against WrestlingInc, wrestlingrecaps.com, TJR Wrestling, and/or WhatCulture (unanimous unless separately flagged)."
RR2012M,3,primo,mick-foley,,,,,,over_top_rope,,,UNKNOWN,TRUE,FALSE,FALSE,FALSE,FALSE,FALSE,FALSE,,PROBABLE,S097;S039;S084,"Eliminator per Wikipedia's event article, cross-checked against WrestlingInc, wrestlingrecaps.com, TJR Wrestling, and/or WhatCulture (unanimous unless separately flagged)."
RR2012M,4,justin-gabriel,ricardo-rodriguez,mick-foley,5,8,11:25,685,over_top_rope,S084 directly states 'Ricardo and Foley teaming up to throw the final remaining jobber (Gabriel) out of the ring.',,UNKNOWN,FALSE,TRUE,FALSE,FALSE,UNKNOWN,UNKNOWN,FALSE,gabriel_group,CONFIRMED,S084,
RR2012M,4,justin-gabriel,mick-foley,ricardo-rodriguez,5,7,11:25,685,over_top_rope,S084 directly states 'Ricardo and Foley teaming up to throw the final remaining jobber (Gabriel) out of the ring.',,UNKNOWN,FALSE,TRUE,FALSE,FALSE,UNKNOWN,UNKNOWN,FALSE,gabriel_group,CONFIRMED,S084,
RR2012M,5,ricardo-rodriguez,santino-marella,,,,,,over_top_rope,,,UNKNOWN,TRUE,FALSE,FALSE,FALSE,FALSE,FALSE,FALSE,,PROBABLE,S097;S039;S084,"Eliminator per Wikipedia's event article, cross-checked against WrestlingInc, wrestlingrecaps.com, TJR Wrestling, and/or WhatCulture (unanimous unless separately flagged)."
RR2012M,6,epico,mick-foley,,,,,,over_top_rope,,,UNKNOWN,TRUE,FALSE,FALSE,FALSE,FALSE,FALSE,FALSE,,PROBABLE,S097;S039;S084,"Eliminator per Wikipedia's event article, cross-checked against WrestlingInc, wrestlingrecaps.com, TJR Wrestling, and/or WhatCulture (unanimous unless separately flagged)."
RR2012M,7,santino-marella,cody-rhodes,,,,,,over_top_rope,,,UNKNOWN,TRUE,FALSE,FALSE,FALSE,FALSE,FALSE,FALSE,,PROBABLE,S097;S039;S084,"Eliminator per Wikipedia's event article, cross-checked against WrestlingInc, wrestlingrecaps.com, TJR Wrestling, and/or WhatCulture (unanimous unless separately flagged)."
RR2012M,8,mick-foley,cody-rhodes,,,,,,over_top_rope,,,UNKNOWN,TRUE,FALSE,FALSE,FALSE,FALSE,FALSE,FALSE,,PROBABLE,S097;S039;S084,"Eliminator per Wikipedia's event article, cross-checked against WrestlingInc, wrestlingrecaps.com, TJR Wrestling, and/or WhatCulture (unanimous unless separately flagged)."
RR2012M,9,jerry-lawler,cody-rhodes,,,,,,over_top_rope,,,UNKNOWN,TRUE,FALSE,FALSE,FALSE,FALSE,FALSE,FALSE,,PROBABLE,S097;S039;S084,"Eliminator per Wikipedia's event article, cross-checked against WrestlingInc, wrestlingrecaps.com, TJR Wrestling, and/or WhatCulture (unanimous unless separately flagged)."
RR2012M,10,jinder-mahal,the-great-khali,,,,,,over_top_rope,,,UNKNOWN,TRUE,FALSE,FALSE,FALSE,FALSE,FALSE,FALSE,,PROBABLE,S097;S039;S084,"Eliminator per Wikipedia's event article, cross-checked against WrestlingInc, wrestlingrecaps.com, TJR Wrestling, and/or WhatCulture (unanimous unless separately flagged)."
RR2012M,11,ezekiel-jackson,the-great-khali,,,,,,over_top_rope,,,UNKNOWN,TRUE,FALSE,FALSE,FALSE,FALSE,FALSE,FALSE,,PROBABLE,S097;S039;S084,"Eliminator per Wikipedia's event article, cross-checked against WrestlingInc, wrestlingrecaps.com, TJR Wrestling, and/or WhatCulture (unanimous unless separately flagged)."
RR2012M,12,jim-duggan,cody-rhodes,,,,,,over_top_rope,,,UNKNOWN,TRUE,FALSE,FALSE,FALSE,FALSE,FALSE,FALSE,,PROBABLE,S097;S039;S084,"Eliminator per Wikipedia's event article, cross-checked against WrestlingInc, wrestlingrecaps.com, TJR Wrestling, and/or WhatCulture (unanimous unless separately flagged)."
RR2012M,13,the-great-khali,cody-rhodes,dolph-ziggler,,,,,over_top_rope,,,UNKNOWN,FALSE,TRUE,FALSE,FALSE,FALSE,FALSE,FALSE,RR2012M_the-great-khali,PROBABLE,S097;S039;S084,"Eliminator per 2 sources (Wikipedia, WrestlingInc), crediting Cody Rhodes AND Dolph Ziggler jointly; WhatCulture alone credits Cody Rhodes solo. See F263."
RR2012M,13,the-great-khali,dolph-ziggler,cody-rhodes,,,,,over_top_rope,,,UNKNOWN,FALSE,TRUE,FALSE,FALSE,FALSE,FALSE,FALSE,RR2012M_the-great-khali,PROBABLE,S097;S039;S084,"Eliminator per 2 sources (Wikipedia, WrestlingInc), crediting Cody Rhodes AND Dolph Ziggler jointly; WhatCulture alone credits Cody Rhodes solo. See F263."
RR2012M,14,booker-t,cody-rhodes,dolph-ziggler,,,,,over_top_rope,,,UNKNOWN,FALSE,TRUE,FALSE,FALSE,FALSE,FALSE,FALSE,RR2012M_booker-t,PROBABLE,S097;S039;S084,"Eliminator per 2 sources (Wikipedia, WrestlingInc), crediting Cody Rhodes AND Dolph Ziggler jointly; WhatCulture alone credits Cody Rhodes solo. See F263."
RR2012M,14,booker-t,dolph-ziggler,cody-rhodes,,,,,over_top_rope,,,UNKNOWN,FALSE,TRUE,FALSE,FALSE,FALSE,FALSE,FALSE,RR2012M_booker-t,PROBABLE,S097;S039;S084,"Eliminator per 2 sources (Wikipedia, WrestlingInc), crediting Cody Rhodes AND Dolph Ziggler jointly; WhatCulture alone credits Cody Rhodes solo. See F263."
RR2012M,15,michael-cole,booker-t,jerry-lawler,20,17,31:21,1881,over_top_rope,"S084 directly states Booker T 'played a vital part in teaming up with Lawler outside of the ring to eliminate Cole.' NOTE: both Booker T (own elim_ts 28:55) and Lawler (own elim_ts 17:31) were themselves already-eliminated, acting from ringside on the floor, by the time Cole went out at 31:21 -- an already-eliminated wrestler interfering from outside the ring to cause a later elimination, a known (if unusual) Rumble occurrence. See F241.",,UNKNOWN,FALSE,TRUE,FALSE,FALSE,UNKNOWN,UNKNOWN,FALSE,cole_group,CONFIRMED,S084,
RR2012M,15,michael-cole,jerry-lawler,booker-t,20,12,31:21,1881,over_top_rope,"S084 directly states Booker T 'played a vital part in teaming up with Lawler outside of the ring to eliminate Cole.' NOTE: both Booker T (own elim_ts 28:55) and Lawler (own elim_ts 17:31) were themselves already-eliminated, acting from ringside on the floor, by the time Cole went out at 31:21 -- an already-eliminated wrestler interfering from outside the ring to cause a later elimination, a known (if unusual) Rumble occurrence. See F241.",,UNKNOWN,FALSE,TRUE,FALSE,FALSE,UNKNOWN,UNKNOWN,FALSE,cole_group,CONFIRMED,S084,
RR2012M,16,hunico,kharma,,,,,,over_top_rope,,,UNKNOWN,TRUE,FALSE,FALSE,FALSE,FALSE,FALSE,FALSE,,PROBABLE,S097;S039;S084,"Eliminator per Wikipedia's event article, cross-checked against WrestlingInc, wrestlingrecaps.com, TJR Wrestling, and/or WhatCulture (unanimous unless separately flagged)."
RR2012M,17,kharma,dolph-ziggler,,21,18,32:00,1920,over_top_rope,"S084 directly states 'When Ziggler eliminated Kharma, WWE's countdown clock then began to tick away.'",,UNKNOWN,TRUE,FALSE,FALSE,FALSE,UNKNOWN,UNKNOWN,FALSE,,CONFIRMED,S084,
RR2012M,18,kofi-kingston,sheamus,,,,,,over_top_rope,,,UNKNOWN,TRUE,FALSE,FALSE,FALSE,FALSE,FALSE,FALSE,,PROBABLE,S097;S039;S084,"Eliminator per Wikipedia's event article, cross-checked against WrestlingInc, wrestlingrecaps.com, TJR Wrestling, and/or WhatCulture (unanimous unless separately flagged)."
RR2012M,19,road-dogg,wade-barrett,,,,,,over_top_rope,,,UNKNOWN,TRUE,FALSE,FALSE,FALSE,FALSE,FALSE,FALSE,,PROBABLE,S097;S039;S084,"Eliminator per Wikipedia's event article, cross-checked against WrestlingInc, wrestlingrecaps.com, TJR Wrestling, and/or WhatCulture (unanimous unless separately flagged)."
RR2012M,20,jey-uso,randy-orton,,,,,,over_top_rope,,,UNKNOWN,TRUE,FALSE,FALSE,FALSE,FALSE,FALSE,FALSE,,PROBABLE,S097;S039;S084,"Eliminator per Wikipedia's event article, cross-checked against WrestlingInc, wrestlingrecaps.com, TJR Wrestling, and/or WhatCulture (unanimous unless separately flagged)."
RR2012M,21,wade-barrett,randy-orton,,,,,,over_top_rope,,,UNKNOWN,TRUE,FALSE,FALSE,FALSE,FALSE,FALSE,FALSE,,PROBABLE,S097;S039;S084,"Eliminator per Wikipedia's event article, cross-checked against WrestlingInc, wrestlingrecaps.com, TJR Wrestling, and/or WhatCulture (unanimous unless separately flagged)."
RR2012M,22,david-otunga,chris-jericho,,,,,,over_top_rope,,,UNKNOWN,TRUE,FALSE,FALSE,FALSE,FALSE,FALSE,FALSE,,PROBABLE,S097;S039;S084,"Eliminator per Wikipedia's event article, cross-checked against WrestlingInc, wrestlingrecaps.com, TJR Wrestling, and/or WhatCulture (unanimous unless separately flagged)."
RR2012M,23,jack-swagger,big-show,,25,30,45:05,2705,over_top_rope,"S084 directly states 'Big Show took some time near the end of his entrance to eliminate Jack Swagger, who was draped over the top rope while Big Show was approaching the ring.' NOTE: this occurred BEFORE Big Show's own entry_actual (46:32) -- during his entrance walk, not after formally entering the ring. See F241.",,UNKNOWN,TRUE,FALSE,FALSE,FALSE,UNKNOWN,UNKNOWN,TRUE,,CONFLICTING,S039;S059;S084;S097,"CONFLICTING as of the 2026-09-17 fact-check pass: this credit is Shane's own document's directly-narrated statement (S084). However, 3 independent external sources (Wikipedia's event article, WrestlingInc, wrestlingrecaps.com) instead credit the elimination jointly to Big Show AND Sheamus -- Big Show punches Swagger, Sheamus finishes the dump over the top rope, per TJR Wrestling's blow-by-blow description of the same spot. Only WhatCulture (Big Show alone) and OWW (Sheamus alone) support single-eliminator readings, and they disagree with each other about which one. Per this project's precedent (2008's Umaga case), BOTH versions are preserved: Big Show remains the primary structured credit (the internal document's own explicit claim), with the joint Big Show-and-Sheamus external plurality documented as a disputed alternative. See F262."
RR2012M,24,the-miz,big-show,,1,30,45:38,2738,over_top_rope,"S084 directly states Miz and Cody Rhodes were 'eliminated together ... in one fell swoop by Big Show, who pretty much tries to ruin every Royal Rumble match he wrestles in.' Also occurred before Big Show's own entry_actual -- see F241.",,UNKNOWN,FALSE,TRUE,FALSE,FALSE,UNKNOWN,UNKNOWN,FALSE,bigshow_double,CONFIRMED,S084,
RR2012M,25,cody-rhodes,big-show,,4,30,45:38,2738,over_top_rope,S084 directly states 'Cody's feet hit the floor a fraction of a second before Miz' in the same Big Show elimination -- both compute to an identical elim_ts of 45:38 at this data's 1-second resolution.,,UNKNOWN,FALSE,TRUE,FALSE,FALSE,UNKNOWN,UNKNOWN,FALSE,bigshow_double,CONFIRMED,S084,
RR2012M,26,dolph-ziggler,big-show,,,,,,over_top_rope,,,UNKNOWN,TRUE,FALSE,FALSE,FALSE,FALSE,FALSE,FALSE,,PROBABLE,S097;S039;S084,"Eliminator per Wikipedia's event article, cross-checked against WrestlingInc, wrestlingrecaps.com, TJR Wrestling, and/or WhatCulture (unanimous unless separately flagged)."
RR2012M,27,big-show,randy-orton,,30,28,,,over_top_rope,,,,TRUE,FALSE,,FALSE,,,,,CONFIRMED,S439;S442,F506; order synchronized from sourced entrant row.
RR2012M,28,randy-orton,chris-jericho,,,,,,over_top_rope,,,UNKNOWN,TRUE,FALSE,FALSE,FALSE,FALSE,FALSE,FALSE,,PROBABLE,S097;S039;S084,"Eliminator per Wikipedia's event article, cross-checked against WrestlingInc, wrestlingrecaps.com, TJR Wrestling, and/or WhatCulture (unanimous unless separately flagged)."
RR2012M,29,chris-jericho,sheamus,,29,22,54:53,3293,over_top_rope,The winning elimination -- Sheamus and Jericho had the ring to themselves for the final 7:38 of the match before Sheamus won.,,UNKNOWN,TRUE,FALSE,FALSE,FALSE,UNKNOWN,UNKNOWN,FALSE,,PROBABLE,S084,
RR2013M,1,santino-marella,cody-rhodes,,5,,6:03,363,over_top_rope,,,UNKNOWN,TRUE,FALSE,FALSE,FALSE,FALSE,FALSE,FALSE,,CONFIRMED,S039;S078,Filled during Shane's 2026-09-18 quality-check pass -- previously an unrecorded eliminator credit.
RR2013M,2,drew-mcintyre,chris-jericho,,,,9:26,566,over_top_rope,,,UNKNOWN,TRUE,FALSE,FALSE,FALSE,FALSE,FALSE,FALSE,,CONFIRMED,S109;S040,"Eliminator per Wikipedia's event article and allrumblestats.com (unanimous, no disagreement between the 2 sources). Elimination order/timestamp per this database's own internal arithmetic derivation -- see F297/F298."
RR2013M,3,titus-oneil,sheamus,,,,15:55,955,over_top_rope,,,UNKNOWN,TRUE,FALSE,FALSE,FALSE,FALSE,FALSE,FALSE,,CONFIRMED,S109;S040,"Eliminator per Wikipedia's event article and allrumblestats.com (unanimous, no disagreement between the 2 sources). Elimination order/timestamp per this database's own internal arithmetic derivation -- see F297/F298."
RR2013M,4,david-otunga,sheamus,,,,16:15,975,over_top_rope,,,UNKNOWN,TRUE,FALSE,FALSE,FALSE,FALSE,FALSE,FALSE,,CONFIRMED,S109;S040,"Eliminator per Wikipedia's event article and allrumblestats.com (unanimous, no disagreement between the 2 sources). Elimination order/timestamp per this database's own internal arithmetic derivation -- see F297/F298."
RR2013M,5,goldust,cody-rhodes,,,,19:47,1187,over_top_rope,,,UNKNOWN,TRUE,FALSE,FALSE,FALSE,FALSE,FALSE,FALSE,,CONFIRMED,S109;S040,"Eliminator per Wikipedia's event article and allrumblestats.com (unanimous, no disagreement between the 2 sources). Elimination order/timestamp per this database's own internal arithmetic derivation -- see F297/F298."
RR2013M,6,brodus-clay,chris-jericho,cody-rhodes;darren-young;heath-slater;sheamus,13,2,21:57,1317,over_the_top_rope,Eliminated over the top rope.,,UNKNOWN,FALSE,TRUE,FALSE,FALSE,FALSE,FALSE,FALSE,,CONFIRMED,S109;S481,
RR2013M,7,prince-albert,kofi-kingston,,12,,22:13,1333,over_top_rope,,,UNKNOWN,TRUE,FALSE,FALSE,FALSE,FALSE,FALSE,FALSE,,CONFIRMED,S039;S078;S109;S128,Filled during Shane's 2026-09-18 quality-check pass -- previously an unrecorded eliminator credit.
RR2013M,8,darren-young,kofi-kingston,,,,24:33,1473,over_top_rope,,,UNKNOWN,TRUE,FALSE,FALSE,FALSE,FALSE,FALSE,FALSE,,CONFIRMED,S109;S040,"Eliminator per Wikipedia's event article and allrumblestats.com (unanimous, no disagreement between the 2 sources). Elimination order/timestamp per this database's own internal arithmetic derivation -- see F297/F298."
RR2013M,9,kofi-kingston,cody-rhodes,,,,24:40,1480,over_top_rope,,,UNKNOWN,TRUE,FALSE,FALSE,FALSE,FALSE,FALSE,FALSE,,CONFIRMED,S109;S040,"Eliminator per Wikipedia's event article and allrumblestats.com (unanimous, no disagreement between the 2 sources). Elimination order/timestamp per this database's own internal arithmetic derivation -- see F297/F298."
RR2013M,10,the-godfather,dolph-ziggler,,,,26:03,1563,over_top_rope,,,UNKNOWN,TRUE,FALSE,FALSE,FALSE,FALSE,FALSE,FALSE,,CONFIRMED,S109;S040,"Eliminator per Wikipedia's event article and allrumblestats.com (unanimous, no disagreement between the 2 sources). Elimination order/timestamp per this database's own internal arithmetic derivation -- see F297/F298."
RR2013M,11,heath-slater,john-cena,,,,29:14,1754,over_top_rope,,,UNKNOWN,TRUE,FALSE,FALSE,FALSE,FALSE,FALSE,FALSE,,CONFIRMED,S109;S040,"Eliminator per Wikipedia's event article and allrumblestats.com (unanimous, no disagreement between the 2 sources). Elimination order/timestamp per this database's own internal arithmetic derivation -- see F297/F298."
RR2013M,12,cody-rhodes,john-cena,,,,29:19,1759,over_top_rope,,,UNKNOWN,TRUE,FALSE,FALSE,FALSE,FALSE,FALSE,FALSE,,CONFIRMED,S109;S040,"Eliminator per Wikipedia's event article and allrumblestats.com (unanimous, no disagreement between the 2 sources). Elimination order/timestamp per this database's own internal arithmetic derivation -- see F297/F298."
RR2013M,13,rey-mysterio,wade-barrett,,,,30:48,1848,over_top_rope,,,UNKNOWN,TRUE,FALSE,FALSE,FALSE,FALSE,FALSE,FALSE,,CONFIRMED,S109;S040,"Eliminator per Wikipedia's event article and allrumblestats.com (unanimous, no disagreement between the 2 sources). Elimination order/timestamp per this database's own internal arithmetic derivation -- see F297/F298."
RR2013M,14,the-great-khali,cesaro,kane,,,37:48,2268,over_top_rope,,,UNKNOWN,FALSE,TRUE,FALSE,FALSE,FALSE,FALSE,FALSE,RR2013M_the-great-khali,CONFIRMED,S109;S040,"Eliminated by Antonio Cesaro and Kane together, per Wikipedia's event article and allrumblestats.com (unanimous). Elimination order/timestamp per this database's own internal arithmetic derivation."
RR2013M,14,the-great-khali,kane,cesaro,,,37:48,2268,over_top_rope,,,UNKNOWN,FALSE,TRUE,FALSE,FALSE,FALSE,FALSE,FALSE,RR2013M_the-great-khali,CONFIRMED,S109;S040,"Eliminated by Antonio Cesaro and Kane together, per Wikipedia's event article and allrumblestats.com (unanimous). Elimination order/timestamp per this database's own internal arithmetic derivation."
RR2013M,15,kane,daniel-bryan,,,,37:56,2276,over_top_rope,,,UNKNOWN,TRUE,FALSE,FALSE,FALSE,FALSE,FALSE,FALSE,,CONFIRMED,S109;S040,"Eliminator per Wikipedia's event article and allrumblestats.com (unanimous, no disagreement between the 2 sources). Elimination order/timestamp per this database's own internal arithmetic derivation -- see F297/F298."
RR2013M,16,daniel-bryan,cesaro,kane,,,38:33,2313,over_top_rope,,,UNKNOWN,FALSE,TRUE,FALSE,FALSE,FALSE,FALSE,FALSE,RR2013M_daniel-bryan,CONFIRMED,S109;S040,"Eliminated by Antonio Cesaro and Kane together, per Wikipedia's event article and allrumblestats.com (unanimous). Elimination order/timestamp per this database's own internal arithmetic derivation."
RR2013M,16,daniel-bryan,kane,cesaro,,,38:33,2313,over_top_rope,,,UNKNOWN,FALSE,TRUE,FALSE,FALSE,FALSE,FALSE,FALSE,RR2013M_daniel-bryan,CONFIRMED,S109;S040,"Eliminated by Antonio Cesaro and Kane together, per Wikipedia's event article and allrumblestats.com (unanimous). Elimination order/timestamp per this database's own internal arithmetic derivation."
RR2013M,17,zack-ryder,randy-orton,,,,40:06,2406,over_top_rope,,,UNKNOWN,TRUE,FALSE,FALSE,FALSE,FALSE,FALSE,FALSE,,CONFIRMED,S109;S040,"Eliminator per Wikipedia's event article and allrumblestats.com (unanimous, no disagreement between the 2 sources). Elimination order/timestamp per this database's own internal arithmetic derivation -- see F297/F298."
RR2013M,18,cesaro,john-cena,,,,41:00,2460,over_top_rope,,,UNKNOWN,TRUE,FALSE,FALSE,FALSE,FALSE,FALSE,FALSE,,CONFIRMED,S109;S040,"Eliminator per Wikipedia's event article and allrumblestats.com (unanimous, no disagreement between the 2 sources). Elimination order/timestamp per this database's own internal arithmetic derivation -- see F297/F298."
RR2013M,19,jinder-mahal,sheamus,,,,42:43,2563,over_top_rope,,,UNKNOWN,TRUE,FALSE,FALSE,FALSE,FALSE,FALSE,FALSE,,CONFIRMED,S109;S040,"Eliminator per Wikipedia's event article and allrumblestats.com (unanimous, no disagreement between the 2 sources). Elimination order/timestamp per this database's own internal arithmetic derivation -- see F297/F298."
RR2013M,20,wade-barrett,bo-dallas,,,,44:31,2671,over_top_rope,,,UNKNOWN,TRUE,FALSE,FALSE,FALSE,FALSE,FALSE,FALSE,,CONFIRMED,S109;S040,"Eliminator per Wikipedia's event article and allrumblestats.com (unanimous, no disagreement between the 2 sources). Elimination order/timestamp per this database's own internal arithmetic derivation -- see F297/F298."
RR2013M,21,bo-dallas,wade-barrett,,16,18,45:23,2723,over_top_rope,"Payback spot: Barrett, already eliminated by Dallas moments earlier (elim #20), returned to ringside and pulled/struck Dallas (a Bullhammer Elbow per eWrestlingNews's recap) to cause his elimination too.",,UNKNOWN,TRUE,FALSE,FALSE,FALSE,TRUE,FALSE,FALSE,,CONFIRMED,S039;S128;S121,"Filled during Shane's 2026-09-18 quality-check pass. Unusual case: the eliminator (Wade Barrett) had himself already been eliminated one spot earlier in the same match, by the same wrestler he then eliminated -- 3 independent sources agree on this sequence."
RR2013M,22,damien-sandow,ryback,,,,46:34,2794,over_top_rope,,,UNKNOWN,TRUE,FALSE,FALSE,FALSE,FALSE,FALSE,FALSE,,CONFIRMED,S109;S040,"Eliminator per Wikipedia's event article and allrumblestats.com (unanimous, no disagreement between the 2 sources). Elimination order/timestamp per this database's own internal arithmetic derivation -- see F297/F298."
RR2013M,23,hunico,ryback,,29,,46:59,2819,over_top_rope,,,UNKNOWN,TRUE,FALSE,FALSE,FALSE,FALSE,FALSE,FALSE,,CONFIRMED,S039;S128,Filled during Shane's 2026-09-18 quality-check pass -- previously an unrecorded eliminator credit.
RR2013M,24,the-miz,ryback,,,,47:11,2831,over_top_rope,,,UNKNOWN,TRUE,FALSE,FALSE,FALSE,FALSE,FALSE,FALSE,,CONFIRMED,S109;S040,"Eliminator per Wikipedia's event article and allrumblestats.com (unanimous, no disagreement between the 2 sources). Elimination order/timestamp per this database's own internal arithmetic derivation -- see F297/F298."
RR2013M,25,chris-jericho,dolph-ziggler,,,,47:54,2874,over_top_rope,,,UNKNOWN,TRUE,FALSE,FALSE,FALSE,FALSE,FALSE,FALSE,,CONFIRMED,S109;S040,"Eliminator per Wikipedia's event article and allrumblestats.com (unanimous, no disagreement between the 2 sources). Elimination order/timestamp per this database's own internal arithmetic derivation -- see F297/F298."
RR2013M,26,randy-orton,ryback,,,,49:23,2963,over_top_rope,,,UNKNOWN,TRUE,FALSE,FALSE,FALSE,FALSE,FALSE,FALSE,,CONFIRMED,S109;S040,"Eliminator per Wikipedia's event article and allrumblestats.com (unanimous, no disagreement between the 2 sources). Elimination order/timestamp per this database's own internal arithmetic derivation -- see F297/F298."
RR2013M,27,dolph-ziggler,sheamus,,,,49:48,2988,over_top_rope,,,UNKNOWN,TRUE,FALSE,FALSE,FALSE,FALSE,FALSE,FALSE,,CONFIRMED,S109;S040,"Eliminator per Wikipedia's event article and allrumblestats.com (unanimous, no disagreement between the 2 sources). Elimination order/timestamp per this database's own internal arithmetic derivation -- see F297/F298."
RR2013M,28,sheamus,ryback,,,,52:30,3150,over_top_rope,,,UNKNOWN,TRUE,FALSE,FALSE,FALSE,FALSE,FALSE,FALSE,,CONFIRMED,S109;S040,"Eliminator per Wikipedia's event article and allrumblestats.com (unanimous, no disagreement between the 2 sources). Elimination order/timestamp per this database's own internal arithmetic derivation -- see F297/F298."
RR2013M,29,ryback,john-cena,,,,54:07,3247,over_top_rope,,,UNKNOWN,TRUE,FALSE,FALSE,FALSE,FALSE,FALSE,FALSE,,CONFIRMED,S109;S040,"Eliminator per Wikipedia's event article and allrumblestats.com (unanimous, no disagreement between the 2 sources). Elimination order/timestamp per this database's own internal arithmetic derivation -- see F297/F298."
RR2014M,1,damien-sandow,cm-punk,,,,,,over_top_rope,,,UNKNOWN,TRUE,FALSE,FALSE,FALSE,FALSE,FALSE,FALSE,,CONFIRMED,S109;S110,"Eliminator per Wikipedia's event article, theandrewhughes.com, and InsidePulse.com (unanimous agreement across all 3 for this credit)."
RR2014M,2,kane,cm-punk,,5,1,5:44,344,over_top_rope,S104 directly states 'Kane was eliminated by Punk.',,UNKNOWN,TRUE,FALSE,FALSE,FALSE,UNKNOWN,UNKNOWN,FALSE,,CONFIRMED,S104,
RR2014M,3,rusev,cm-punk,cody-rhodes;kofi-kingston;seth-rollins,,,,,over_top_rope,,,UNKNOWN,FALSE,TRUE,FALSE,FALSE,FALSE,FALSE,FALSE,RR2014M_rusev,CONFIRMED,S109;S051;S104;S105;S110;S445,"Eliminated by a 4-man group toss (CM Punk, Cody Rhodes, Kofi Kingston, Seth Rollins), per Wikipedia AND WWE.com's own official match recap (2 strong, matching sources). theandrewhughes.com instead credits Cody Rhodes alone -- see F303 for this preserved conflict."
RR2014M,3,rusev,cody-rhodes,cm-punk;kofi-kingston;seth-rollins,,,,,over_top_rope,,,UNKNOWN,FALSE,TRUE,FALSE,FALSE,FALSE,FALSE,FALSE,RR2014M_rusev,CONFIRMED,S109;S051;S104;S105;S110;S445,"Eliminated by a 4-man group toss (CM Punk, Cody Rhodes, Kofi Kingston, Seth Rollins), per Wikipedia AND WWE.com's own official match recap (2 strong, matching sources). theandrewhughes.com instead credits Cody Rhodes alone -- see F303 for this preserved conflict."
RR2014M,3,rusev,kofi-kingston,cm-punk;cody-rhodes;seth-rollins,,,,,over_top_rope,,,UNKNOWN,FALSE,TRUE,FALSE,FALSE,FALSE,FALSE,FALSE,RR2014M_rusev,CONFIRMED,S109;S051;S104;S105;S110;S445,"Eliminated by a 4-man group toss (CM Punk, Cody Rhodes, Kofi Kingston, Seth Rollins), per Wikipedia AND WWE.com's own official match recap (2 strong, matching sources). theandrewhughes.com instead credits Cody Rhodes alone -- see F303 for this preserved conflict."
RR2014M,3,rusev,seth-rollins,cm-punk;cody-rhodes;kofi-kingston,,,,,over_top_rope,,,UNKNOWN,FALSE,TRUE,FALSE,FALSE,FALSE,FALSE,FALSE,RR2014M_rusev,CONFIRMED,S109;S051;S104;S105;S110;S445,"Eliminated by a 4-man group toss (CM Punk, Cody Rhodes, Kofi Kingston, Seth Rollins), per Wikipedia AND WWE.com's own official match recap (2 strong, matching sources). theandrewhughes.com instead credits Cody Rhodes alone -- see F303 for this preserved conflict."
RR2014M,4,r-truth,dean-ambrose,,,,,,over_top_rope,,,UNKNOWN,TRUE,FALSE,FALSE,FALSE,FALSE,FALSE,FALSE,,CONFIRMED,S109;S110;S104;S105;S445,"Eliminator per Wikipedia's event article, theandrewhughes.com, and InsidePulse.com (unanimous agreement across all 3 for this credit)."
RR2014M,5,jimmy-uso,dean-ambrose,,,,,,over_top_rope,,,UNKNOWN,TRUE,FALSE,FALSE,FALSE,FALSE,FALSE,FALSE,,CONFIRMED,S109;S110;S104;S105;S445,"Eliminator per Wikipedia's event article, theandrewhughes.com, and InsidePulse.com (unanimous agreement across all 3 for this credit)."
RR2014M,6,jack-swagger,diesel,,,,,,over_top_rope,,,UNKNOWN,TRUE,FALSE,FALSE,FALSE,FALSE,FALSE,FALSE,,CONFIRMED,S109;S110;S104;S105;S445,"Eliminator (Kevin Nash, billed as Diesel) per Wikipedia, theandrewhughes.com, and InsidePulse.com (unanimous)."
RR2014M,7,kofi-kingston,roman-reigns,,,,,,over_top_rope,,,UNKNOWN,TRUE,FALSE,FALSE,FALSE,FALSE,FALSE,FALSE,,CONFIRMED,S109;S110;S104;S105;S445,"Eliminator per Wikipedia, theandrewhughes.com, and InsidePulse.com (unanimous)."
RR2014M,8,dolph-ziggler,roman-reigns,,,,,,over_top_rope,,,UNKNOWN,TRUE,FALSE,FALSE,FALSE,FALSE,FALSE,FALSE,,CONFIRMED,S110;S104;S105;S109;S445,"Eliminator per theandrewhughes.com and InsidePulse.com (2 sources agreeing); Wikipedia's table left this cell blank -- a gap, not a contradiction."
RR2014M,9,diesel,roman-reigns,,,,,,over_top_rope,,,UNKNOWN,TRUE,FALSE,FALSE,FALSE,FALSE,FALSE,FALSE,,CONFIRMED,S109;S110;S104;S105;S445,"Eliminator per Wikipedia's event article, theandrewhughes.com, and InsidePulse.com (unanimous agreement across all 3 for this credit)."
RR2014M,10,the-great-khali,roman-reigns,seth-rollins;dean-ambrose,,,,,over_top_rope,,,UNKNOWN,FALSE,TRUE,FALSE,FALSE,FALSE,FALSE,FALSE,RR2014M_the-great-khali,CONFIRMED,S109;S051;S104;S105;S110;S445,"Eliminated by The Shield acting together (Roman Reigns, Seth Rollins, Dean Ambrose), per Wikipedia AND WWE.com's own official recap (2 strong, matching sources). theandrewhughes.com and InsidePulse.com both simplify this to 'Reigns' alone -- see F304 for this preserved conflict."
RR2014M,10,the-great-khali,seth-rollins,roman-reigns;dean-ambrose,,,,,over_top_rope,,,UNKNOWN,FALSE,TRUE,FALSE,FALSE,FALSE,FALSE,FALSE,RR2014M_the-great-khali,CONFIRMED,S109;S051;S104;S105;S110;S445,"Eliminated by The Shield acting together (Roman Reigns, Seth Rollins, Dean Ambrose), per Wikipedia AND WWE.com's own official recap (2 strong, matching sources). theandrewhughes.com and InsidePulse.com both simplify this to 'Reigns' alone -- see F304 for this preserved conflict."
RR2014M,10,the-great-khali,dean-ambrose,roman-reigns;seth-rollins,,,,,over_top_rope,,,UNKNOWN,FALSE,TRUE,FALSE,FALSE,FALSE,FALSE,FALSE,RR2014M_the-great-khali,CONFIRMED,S109;S051;S104;S105;S110;S445,"Eliminated by The Shield acting together (Roman Reigns, Seth Rollins, Dean Ambrose), per Wikipedia AND WWE.com's own official recap (2 strong, matching sources). theandrewhughes.com and InsidePulse.com both simplify this to 'Reigns' alone -- see F304 for this preserved conflict."
RR2014M,11,cody-rhodes,goldust,,4,10,,,over_top_rope,,,,TRUE,FALSE,,FALSE,,,,,CONFIRMED,S440;S443;S445,F507; order synchronized from sourced entrant row.
RR2014M,12,goldust,roman-reigns,,,,,,over_top_rope,,,UNKNOWN,TRUE,FALSE,FALSE,FALSE,FALSE,FALSE,FALSE,,CONFIRMED,S109;S110;S104;S105;S445,"Eliminator per Wikipedia's event article, theandrewhughes.com, and InsidePulse.com (unanimous agreement across all 3 for this credit)."
RR2014M,13,fandango,el-torito,,,,,,over_top_rope,,,UNKNOWN,TRUE,FALSE,FALSE,FALSE,FALSE,FALSE,FALSE,,CONFIRMED,S109;S110;S104;S105;S445,"Eliminator per Wikipedia's event article, theandrewhughes.com, and InsidePulse.com (unanimous agreement across all 3 for this credit)."
RR2014M,14,el-torito,roman-reigns,,,,,,over_top_rope,,,UNKNOWN,TRUE,FALSE,FALSE,FALSE,FALSE,FALSE,FALSE,,CONFIRMED,S109;S110;S104;S105;S445,"Eliminator per Wikipedia's event article, theandrewhughes.com, and InsidePulse.com (unanimous agreement across all 3 for this credit)."
RR2014M,15,bradshaw,roman-reigns,,,,,,over_top_rope,,,UNKNOWN,TRUE,FALSE,FALSE,FALSE,FALSE,FALSE,FALSE,,CONFIRMED,S109;S110;S104;S105;S445,"Eliminator per Wikipedia's event article, theandrewhughes.com, and InsidePulse.com (unanimous agreement across all 3 for this credit)."
RR2014M,16,the-miz,luke-harper,,,,,,over_top_rope,,,UNKNOWN,TRUE,FALSE,FALSE,FALSE,FALSE,FALSE,FALSE,,CONFIRMED,S109;S110;S104;S105;S445,"Eliminator per Wikipedia's event article, theandrewhughes.com, and InsidePulse.com (unanimous agreement across all 3 for this credit)."
RR2014M,17,jey-uso,luke-harper,,,,,,over_top_rope,,,UNKNOWN,TRUE,FALSE,FALSE,FALSE,FALSE,FALSE,FALSE,,CONFIRMED,S109;S110,"Eliminator per Wikipedia's event article, theandrewhughes.com, and InsidePulse.com (unanimous agreement across all 3 for this credit)."
RR2014M,18,erick-rowan,batista,,,,,,over_top_rope,,,UNKNOWN,TRUE,FALSE,FALSE,FALSE,FALSE,FALSE,FALSE,,CONFIRMED,S109;S110;S104;S105;S445,"Eliminator per Wikipedia's event article, theandrewhughes.com, and InsidePulse.com (unanimous agreement across all 3 for this credit)."
RR2014M,19,ryback,batista,,,,,,over_top_rope,,,UNKNOWN,TRUE,FALSE,FALSE,FALSE,FALSE,FALSE,FALSE,,CONFIRMED,S109;S110;S104;S105;S445,"Eliminator per Wikipedia's event article, theandrewhughes.com, and InsidePulse.com (unanimous agreement across all 3 for this credit)."
RR2014M,20,alberto-del-rio,batista,,,,,,over_top_rope,,,UNKNOWN,TRUE,FALSE,FALSE,FALSE,FALSE,FALSE,FALSE,,CONFIRMED,S109;S110;S104;S105;S445,"Eliminator per Wikipedia's event article, theandrewhughes.com, and InsidePulse.com (unanimous agreement across all 3 for this credit)."
RR2014M,21,big-e,sheamus,,29,17,46:42,2802,over_top_rope,"S104 directly states Sheamus '...succeeded in eliminating Big E.' Independently corroborated by S105's defense analysis, which separately identifies this as Sheamus's only credited elimination all match.",,UNKNOWN,TRUE,FALSE,FALSE,FALSE,UNKNOWN,UNKNOWN,FALSE,,CONFIRMED,S104,
RR2014M,22,rey-mysterio,seth-rollins,,,,,,over_top_rope,,,UNKNOWN,TRUE,FALSE,FALSE,FALSE,FALSE,FALSE,FALSE,,CONFIRMED,S109;S110;S078;S098;S104;S105;S111;S113;S445,"Eliminator per Wikipedia's event article, theandrewhughes.com, and InsidePulse.com (unanimous agreement across all 3 for this credit)."
RR2014M,23,luke-harper,roman-reigns,,,,,,over_top_rope,,,UNKNOWN,TRUE,FALSE,FALSE,FALSE,FALSE,FALSE,FALSE,,CONFIRMED,S109;S110,"Eliminator per Wikipedia's event article, theandrewhughes.com, and InsidePulse.com (unanimous agreement across all 3 for this credit)."
RR2014M,24,cesaro,roman-reigns,seth-rollins;dean-ambrose,,,,,over_top_rope,,,UNKNOWN,FALSE,TRUE,FALSE,FALSE,FALSE,FALSE,FALSE,RR2014M_cesaro,CONFIRMED,S051;S110;S104;S105;S109;S445,"Eliminated in the same 3-way toss as Dean Ambrose and Seth Rollins (The Shield), per WWE.com's own official recap prose, theandrewhughes.com, and InsidePulse.com (3 sources); Wikipedia's table left this cell blank."
RR2014M,24,cesaro,seth-rollins,roman-reigns;dean-ambrose,,,,,over_top_rope,,,UNKNOWN,FALSE,TRUE,FALSE,FALSE,FALSE,FALSE,FALSE,RR2014M_cesaro,CONFIRMED,S051;S110;S104;S105;S109;S445,"Eliminated in the same 3-way toss as Dean Ambrose and Seth Rollins (The Shield), per WWE.com's own official recap prose, theandrewhughes.com, and InsidePulse.com (3 sources); Wikipedia's table left this cell blank."
RR2014M,24,cesaro,dean-ambrose,roman-reigns;seth-rollins,,,,,over_top_rope,,,UNKNOWN,FALSE,TRUE,FALSE,FALSE,FALSE,FALSE,FALSE,RR2014M_cesaro,CONFIRMED,S051;S110;S104;S105;S109;S445,"Eliminated in the same 3-way toss as Dean Ambrose and Seth Rollins (The Shield), per WWE.com's own official recap prose, theandrewhughes.com, and InsidePulse.com (3 sources); Wikipedia's table left this cell blank."
RR2014M,25,seth-rollins,roman-reigns,,,,,,over_top_rope,,,UNKNOWN,TRUE,FALSE,FALSE,FALSE,FALSE,FALSE,FALSE,,CONFIRMED,S109;S110,"Eliminator per Wikipedia's event article, theandrewhughes.com, and InsidePulse.com (unanimous agreement across all 3 for this credit)."
RR2014M,26,dean-ambrose,roman-reigns,seth-rollins;cesaro,,,,,over_top_rope,,,UNKNOWN,FALSE,TRUE,FALSE,FALSE,FALSE,FALSE,FALSE,RR2014M_dean-ambrose,CONFIRMED,S109;S110;S051;S104;S105;S445,"Eliminated in a 3-way toss with Seth Rollins and Cesaro (of The Shield), per Wikipedia, theandrewhughes.com, InsidePulse.com, and WWE.com's own official recap prose (unanimous, 4 sources)."
RR2014M,26,dean-ambrose,seth-rollins,roman-reigns;cesaro,,,,,over_top_rope,,,UNKNOWN,FALSE,TRUE,FALSE,FALSE,FALSE,FALSE,FALSE,RR2014M_dean-ambrose,CONFIRMED,S109;S110;S051;S104;S105;S445,"Eliminated in a 3-way toss with Seth Rollins and Cesaro (of The Shield), per Wikipedia, theandrewhughes.com, InsidePulse.com, and WWE.com's own official recap prose (unanimous, 4 sources)."
RR2014M,26,dean-ambrose,cesaro,roman-reigns;seth-rollins,,,,,over_top_rope,,,UNKNOWN,FALSE,TRUE,FALSE,FALSE,FALSE,FALSE,FALSE,RR2014M_dean-ambrose,CONFIRMED,S109;S110;S051;S104;S105;S445,"Eliminated in a 3-way toss with Seth Rollins and Cesaro (of The Shield), per Wikipedia, theandrewhughes.com, InsidePulse.com, and WWE.com's own official recap prose (unanimous, 4 sources)."
RR2014M,27,cm-punk,kane,,1,5,49:15,2955,over_top_rope,"S105 (the guest-analyst 'advanced stats' section, tracking 706 individually-logged in-match events) states Kane's only tracked elimination attempt was against CM Punk, and it succeeded -- with the analyst's own caveat that this 'should be disqualified due to his already being eliminated at the time of his attempt.' This does NOT contradict Kane's own early elimination (by Punk, above, at 0:56) -- it describes a SEPARATE, later event: Kane, long since eliminated, interfering from ringside during Punk's own elimination near the match's end (49:15), a known Rumble trope with precedent elsewhere in this database (e.g. RR2012M's Michael Cole). Modeled as shared/partial credit since Punk's elimination at that late, crowded stage of the match almost certainly involved other opponents too, none individually named by either source this pass. See F278.",,UNKNOWN,FALSE,TRUE,FALSE,FALSE,UNKNOWN,TRUE,FALSE,punk_elim_group,PROBABLE,S104;S105,Kane was himself already eliminated at 0:56 by the time of this credited assist -- see F278.
RR2014M,28,sheamus,roman-reigns,,,,,,over_top_rope,,,UNKNOWN,TRUE,FALSE,FALSE,FALSE,FALSE,FALSE,FALSE,,CONFIRMED,S109;S110;S104;S105;S445,"Eliminator per Wikipedia's event article, theandrewhughes.com, and InsidePulse.com (unanimous agreement across all 3 for this credit)."
RR2014M,29,roman-reigns,batista,,15,28,55:09,3309,over_top_rope,"The winning elimination. S104 directly states this match 'featured Roman Reigns tossing out 12 superstars with ease before falling victim to Batista,' and this script's own checksum confirms Reigns's elim_ts lands exactly on the match total.",,UNKNOWN,TRUE,FALSE,FALSE,FALSE,UNKNOWN,UNKNOWN,FALSE,,CONFIRMED,S104,
RR2015M,1,the-miz,bubba-ray-dudley,,,,4:01,241,over_top_rope,,,UNKNOWN,TRUE,FALSE,FALSE,FALSE,FALSE,FALSE,FALSE,,PROBABLE,S109;S106,"Eliminator and clock-time per Wikipedia's event-article table -- single-sourced this pass (could not be independently re-verified against the raw page due to this session's fetch-tool limitations, and a nearby figure in the same table -- Bray Wyatt's own elimination total -- did not internally reconcile against a 2nd source, Wrestling Inc's dedicated stats article -- see F311). Recorded as PROBABLE rather than CONFIRMED pending independent re-verification. This external clock-time is a distinct metric from this database's own internal ring_time/survival-time field and was not cross-checked against it this pass."
RR2015M,2,r-truth,bubba-ray-dudley,,2,3,4:13,253,over_the_top_rope,Eliminated over the top rope.,,UNKNOWN,TRUE,FALSE,FALSE,FALSE,FALSE,FALSE,FALSE,,CONFIRMED,S109;S481,
RR2015M,3,bubba-ray-dudley,bray-wyatt,,,,5:22,322,over_top_rope,,,UNKNOWN,TRUE,FALSE,FALSE,FALSE,FALSE,FALSE,FALSE,,PROBABLE,S109;S106,"Eliminator and clock-time per Wikipedia's event-article table -- single-sourced this pass (could not be independently re-verified against the raw page due to this session's fetch-tool limitations, and a nearby figure in the same table -- Bray Wyatt's own elimination total -- did not internally reconcile against a 2nd source, Wrestling Inc's dedicated stats article -- see F311). Recorded as PROBABLE rather than CONFIRMED pending independent re-verification. This external clock-time is a distinct metric from this database's own internal ring_time/survival-time field and was not cross-checked against it this pass."
RR2015M,4,curtis-axel,erick-rowan,,6,,7:48,468,voluntary_exit,Attacked before entering and replaced by Erick Rowan; recorded at the inherited database rank pending schema review.,,UNKNOWN,TRUE,FALSE,FALSE,FALSE,TRUE,FALSE,TRUE,,CONFLICTING,S109;S481,See F522.
RR2015M,5,luke-harper,bray-wyatt,,4,5,8:49,529,over_the_top_rope,Eliminated over the top rope.,,UNKNOWN,TRUE,FALSE,FALSE,FALSE,FALSE,FALSE,FALSE,,CONFIRMED,S109;S481,
RR2015M,6,the-boogeyman,bray-wyatt,,,,0:47,47,over_top_rope,,,UNKNOWN,TRUE,FALSE,FALSE,FALSE,FALSE,FALSE,FALSE,,PROBABLE,S109;S106,"Eliminator and clock-time per Wikipedia's event-article table -- single-sourced this pass (could not be independently re-verified against the raw page due to this session's fetch-tool limitations, and a nearby figure in the same table -- Bray Wyatt's own elimination total -- did not internally reconcile against a 2nd source, Wrestling Inc's dedicated stats article -- see F311). Recorded as PROBABLE rather than CONFIRMED pending independent re-verification. This external clock-time is a distinct metric from this database's own internal ring_time/survival-time field and was not cross-checked against it this pass."
RR2015M,7,hunico,bray-wyatt,,8,5,12:19,739,over_the_top_rope,Eliminated over the top rope.,,UNKNOWN,TRUE,FALSE,FALSE,FALSE,FALSE,FALSE,FALSE,,CONFIRMED,S109;S481,
RR2015M,8,zack-ryder,bray-wyatt,,9,5,14:03,843,over_the_top_rope,Eliminated over the top rope.,,UNKNOWN,TRUE,FALSE,FALSE,FALSE,FALSE,FALSE,FALSE,,CONFIRMED,S109;S481,
RR2015M,9,tyson-kidd,daniel-bryan,,,,2:29,149,over_top_rope,,,UNKNOWN,TRUE,FALSE,FALSE,FALSE,FALSE,FALSE,FALSE,,PROBABLE,S109;S106,"Eliminator and clock-time per Wikipedia's event-article table -- single-sourced this pass (could not be independently re-verified against the raw page due to this session's fetch-tool limitations, and a nearby figure in the same table -- Bray Wyatt's own elimination total -- did not internally reconcile against a 2nd source, Wrestling Inc's dedicated stats article -- see F311). Recorded as PROBABLE rather than CONFIRMED pending independent re-verification. This external clock-time is a distinct metric from this database's own internal ring_time/survival-time field and was not cross-checked against it this pass."
RR2015M,10,diamond-dallas-page,rusev,,,,2:28,148,over_top_rope,,,UNKNOWN,TRUE,FALSE,FALSE,FALSE,FALSE,FALSE,FALSE,,PROBABLE,S109;S106,"Eliminator and clock-time per Wikipedia's event-article table -- single-sourced this pass (could not be independently re-verified against the raw page due to this session's fetch-tool limitations, and a nearby figure in the same table -- Bray Wyatt's own elimination total -- did not internally reconcile against a 2nd source, Wrestling Inc's dedicated stats article -- see F311). Recorded as PROBABLE rather than CONFIRMED pending independent re-verification. This external clock-time is a distinct metric from this database's own internal ring_time/survival-time field and was not cross-checked against it this pass."
RR2015M,11,fandango,rusev,,,,7:50,470,over_top_rope,,,UNKNOWN,TRUE,FALSE,FALSE,FALSE,FALSE,FALSE,FALSE,,PROBABLE,S109;S106,"Eliminator and clock-time per Wikipedia's event-article table -- single-sourced this pass (could not be independently re-verified against the raw page due to this session's fetch-tool limitations, and a nearby figure in the same table -- Bray Wyatt's own elimination total -- did not internally reconcile against a 2nd source, Wrestling Inc's dedicated stats article -- see F311). Recorded as PROBABLE rather than CONFIRMED pending independent re-verification. This external clock-time is a distinct metric from this database's own internal ring_time/survival-time field and was not cross-checked against it this pass."
RR2015M,12,daniel-bryan,bray-wyatt,,10,5,25:32,1532,over_the_top_rope,Eliminated over the top rope.,,UNKNOWN,TRUE,FALSE,FALSE,FALSE,FALSE,FALSE,FALSE,,CONFIRMED,S109;S481,
RR2015M,13,adam-rose,rusev,kofi-kingston,,,1:01,61,over_top_rope,,,UNKNOWN,FALSE,TRUE,FALSE,FALSE,FALSE,FALSE,FALSE,RR2015M_adam-rose,PROBABLE,S109;S106,"Eliminated by Rusev and Kofi Kingston together, per Wikipedia's table -- single-sourced, same reliability caveat as above."
RR2015M,13,adam-rose,kofi-kingston,rusev,,,1:01,61,over_top_rope,,,UNKNOWN,FALSE,TRUE,FALSE,FALSE,FALSE,FALSE,FALSE,RR2015M_adam-rose,PROBABLE,S109;S106,"Eliminated by Rusev and Kofi Kingston together, per Wikipedia's table -- single-sourced, same reliability caveat as above."
RR2015M,14,kofi-kingston,rusev,,,,3:04,184,over_top_rope,,,UNKNOWN,TRUE,FALSE,FALSE,FALSE,FALSE,FALSE,FALSE,,PROBABLE,S109;S106,"Eliminator and clock-time per Wikipedia's event-article table -- single-sourced this pass (could not be independently re-verified against the raw page due to this session's fetch-tool limitations, and a nearby figure in the same table -- Bray Wyatt's own elimination total -- did not internally reconcile against a 2nd source, Wrestling Inc's dedicated stats article -- see F311). Recorded as PROBABLE rather than CONFIRMED pending independent re-verification. This external clock-time is a distinct metric from this database's own internal ring_time/survival-time field and was not cross-checked against it this pass."
RR2015M,15,goldust,roman-reigns,,16,19,32:37,1957,over_the_top_rope,Eliminated over the top rope.,,UNKNOWN,TRUE,FALSE,FALSE,FALSE,FALSE,FALSE,FALSE,,CONFIRMED,S109;S481,
RR2015M,16,cody-rhodes,roman-reigns,,,,12:49,769,over_top_rope,,,UNKNOWN,TRUE,FALSE,FALSE,FALSE,FALSE,FALSE,FALSE,,PROBABLE,S109;S106,"Eliminator and clock-time per Wikipedia's event-article table -- single-sourced this pass (could not be independently re-verified against the raw page due to this session's fetch-tool limitations, and a nearby figure in the same table -- Bray Wyatt's own elimination total -- did not internally reconcile against a 2nd source, Wrestling Inc's dedicated stats article -- see F311). Recorded as PROBABLE rather than CONFIRMED pending independent re-verification. This external clock-time is a distinct metric from this database's own internal ring_time/survival-time field and was not cross-checked against it this pass."
RR2015M,17,damien-sandow,rusev,,21,15,36:01,2161,over_the_top_rope,Eliminated over the top rope.,,UNKNOWN,TRUE,FALSE,FALSE,FALSE,FALSE,FALSE,FALSE,,CONFIRMED,S109;S481,
RR2015M,18,titus-oneil,dean-ambrose,roman-reigns,,,0:04,4,over_top_rope,,,UNKNOWN,FALSE,TRUE,FALSE,FALSE,FALSE,FALSE,FALSE,RR2015M_titus-oneil,PROBABLE,S109;S039;S106,"Eliminated by Dean Ambrose and Roman Reigns together, per Wikipedia's table -- single-sourced, same reliability caveat as above. Independently, 2 sources (Wikipedia, Wrestling Inc's dedicated stats article) agree this was the fastest elimination of the match at 0:04."
RR2015M,18,titus-oneil,roman-reigns,dean-ambrose,,,0:04,4,over_top_rope,,,UNKNOWN,FALSE,TRUE,FALSE,FALSE,FALSE,FALSE,FALSE,RR2015M_titus-oneil,PROBABLE,S109;S039;S106,"Eliminated by Dean Ambrose and Roman Reigns together, per Wikipedia's table -- single-sourced, same reliability caveat as above. Independently, 2 sources (Wikipedia, Wrestling Inc's dedicated stats article) agree this was the fastest elimination of the match at 0:04."
RR2015M,19,big-e,rusev,,,,15:04,904,over_top_rope,,,UNKNOWN,TRUE,FALSE,FALSE,FALSE,FALSE,FALSE,FALSE,,PROBABLE,S109;S106,"Eliminator and clock-time per Wikipedia's event-article table -- single-sourced this pass (could not be independently re-verified against the raw page due to this session's fetch-tool limitations, and a nearby figure in the same table -- Bray Wyatt's own elimination total -- did not internally reconcile against a 2nd source, Wrestling Inc's dedicated stats article -- see F311). Recorded as PROBABLE rather than CONFIRMED pending independent re-verification. This external clock-time is a distinct metric from this database's own internal ring_time/survival-time field and was not cross-checked against it this pass."
RR2015M,20,ryback,big-show,kane,,,11:15,675,over_top_rope,,,UNKNOWN,FALSE,TRUE,FALSE,FALSE,FALSE,FALSE,FALSE,RR2015M_ryback,PROBABLE,S109;S106,"Eliminated by Big Show and Kane together, per Wikipedia's table -- single-sourced, same reliability caveat as above."
RR2015M,20,ryback,kane,big-show,,,11:15,675,over_top_rope,,,UNKNOWN,FALSE,TRUE,FALSE,FALSE,FALSE,FALSE,FALSE,RR2015M_ryback,PROBABLE,S109;S106,"Eliminated by Big Show and Kane together, per Wikipedia's table -- single-sourced, same reliability caveat as above."
RR2015M,21,jack-swagger,big-show,,,,13:06,786,over_top_rope,,,UNKNOWN,TRUE,FALSE,FALSE,FALSE,FALSE,FALSE,FALSE,,PROBABLE,S109;S106,"Eliminator and clock-time per Wikipedia's event-article table -- single-sourced this pass (could not be independently re-verified against the raw page due to this session's fetch-tool limitations, and a nearby figure in the same table -- Bray Wyatt's own elimination total -- did not internally reconcile against a 2nd source, Wrestling Inc's dedicated stats article -- see F311). Recorded as PROBABLE rather than CONFIRMED pending independent re-verification. This external clock-time is a distinct metric from this database's own internal ring_time/survival-time field and was not cross-checked against it this pass."
RR2015M,22,wade-barrett,dolph-ziggler,,,,6:10,370,over_top_rope,,,UNKNOWN,TRUE,FALSE,FALSE,FALSE,FALSE,FALSE,FALSE,,PROBABLE,S109;S106,"Eliminator and clock-time per Wikipedia's event-article table -- single-sourced this pass (could not be independently re-verified against the raw page due to this session's fetch-tool limitations, and a nearby figure in the same table -- Bray Wyatt's own elimination total -- did not internally reconcile against a 2nd source, Wrestling Inc's dedicated stats article -- see F311). Recorded as PROBABLE rather than CONFIRMED pending independent re-verification. This external clock-time is a distinct metric from this database's own internal ring_time/survival-time field and was not cross-checked against it this pass."
RR2015M,23,cesaro,dolph-ziggler,,28,30,52:01,3121,over_the_top_rope,Eliminated over the top rope.,,UNKNOWN,TRUE,FALSE,FALSE,FALSE,FALSE,FALSE,FALSE,,CONFIRMED,S109;S481,
RR2015M,24,dolph-ziggler,big-show,kane,,,2:29,149,over_top_rope,,,UNKNOWN,FALSE,TRUE,FALSE,FALSE,FALSE,FALSE,FALSE,RR2015M_dolph-ziggler,PROBABLE,S109;S106,"Eliminated by Big Show and Kane together, per Wikipedia's table -- single-sourced, same reliability caveat as above. Notable: this puts Ziggler's own elimination shortly before Kane and Big Show's own (simultaneous) elimination by Reigns later in the match."
RR2015M,24,dolph-ziggler,kane,big-show,,,2:29,149,over_top_rope,,,UNKNOWN,FALSE,TRUE,FALSE,FALSE,FALSE,FALSE,FALSE,RR2015M_dolph-ziggler,PROBABLE,S109;S106,"Eliminated by Big Show and Kane together, per Wikipedia's table -- single-sourced, same reliability caveat as above. Notable: this puts Ziggler's own elimination shortly before Kane and Big Show's own (simultaneous) elimination by Reigns later in the match."
RR2015M,25,bray-wyatt,big-show,kane,5,29,53:15,3195,over_the_top_rope,Eliminated over the top rope.,,UNKNOWN,FALSE,TRUE,FALSE,FALSE,FALSE,FALSE,FALSE,,CONFIRMED,S109;S481,
RR2015M,26,dean-ambrose,big-show,kane,25,29,55:11,3311,over_the_top_rope,Eliminated over the top rope.,,UNKNOWN,FALSE,TRUE,FALSE,FALSE,FALSE,FALSE,FALSE,,CONFIRMED,S109;S481,
RR2015M,27,kane,roman-reigns,,24,19,57:13,3433,over_top_rope,"S106 directly states Reigns 'eliminated Big Show and Kane' together -- both compute to an identical elim_ts of 57:13 at this data's 1-second resolution, confirming the simultaneous nature of the spot.",,UNKNOWN,FALSE,TRUE,FALSE,FALSE,UNKNOWN,UNKNOWN,FALSE,reigns_double,CONFIRMED,S106,
RR2015M,28,big-show,roman-reigns,,29,19,57:13,3433,over_top_rope,"S106 directly states Reigns 'eliminated Big Show and Kane' together, in the same spot that caused a false match-ending bell.",,UNKNOWN,FALSE,TRUE,FALSE,FALSE,UNKNOWN,UNKNOWN,FALSE,reigns_double,CONFIRMED,S106,
RR2015M,29,rusev,roman-reigns,,15,19,59:34,3574,over_top_rope,The winning elimination. S106 directly states 'Rusev only survived for 20 more seconds before Reigns easily tossed him out.',,UNKNOWN,TRUE,FALSE,FALSE,FALSE,UNKNOWN,UNKNOWN,FALSE,,CONFIRMED,S106,
RR2016M,1,rusev,roman-reigns,,,,,,over_top_rope,,,UNKNOWN,TRUE,FALSE,FALSE,FALSE,FALSE,FALSE,FALSE,,CONFIRMED,S109;S040;S052;S107,"Eliminator per allrumblestats.com's data table, cross-checked against a Wikipedia table fetch, prowrestling.fandom.com, and Wrestling Inc/Online World of Wrestling (4-source agreement throughout)."
RR2016M,2,tyler-breeze,roman-reigns,aj-styles,,,,,over_top_rope,,,UNKNOWN,FALSE,TRUE,FALSE,FALSE,FALSE,FALSE,FALSE,RR2016M_tyler-breeze,CONFIRMED,S109;S040;S052;S107,"Eliminated by Roman Reigns and AJ Styles together, per allrumblestats.com, a Wikipedia table fetch, and prowrestling.fandom.com (3 sources agreeing)."
RR2016M,2,tyler-breeze,aj-styles,roman-reigns,,,,,over_top_rope,,,UNKNOWN,FALSE,TRUE,FALSE,FALSE,FALSE,FALSE,FALSE,RR2016M_tyler-breeze,CONFIRMED,S109;S040;S052;S107,"Eliminated by Roman Reigns and AJ Styles together, per allrumblestats.com, a Wikipedia table fetch, and prowrestling.fandom.com (3 sources agreeing)."
RR2016M,3,curtis-axel,aj-styles,,,,,,over_top_rope,,,UNKNOWN,TRUE,FALSE,FALSE,FALSE,FALSE,FALSE,FALSE,,PROBABLE,S109;S040;S107,"Curtis Axel's eliminator is a genuine cross-source conflict: allrumblestats.com and a Wikipedia table fetch both credit AJ Styles, while prowrestling.fandom.com instead credits Roman Reigns. The 2-source AJ Styles version is used as primary credit; the Reigns version is preserved as a documented alternative -- see F314."
RR2016M,4,goldust,titus-oneil,,,,,,over_top_rope,,,UNKNOWN,TRUE,FALSE,FALSE,FALSE,FALSE,FALSE,FALSE,,CONFIRMED,S109;S040;S052;S107,"Eliminator per allrumblestats.com's data table, cross-checked against a Wikipedia table fetch, prowrestling.fandom.com, and Wrestling Inc/Online World of Wrestling (4-source agreement throughout)."
RR2016M,5,r-truth,kane,,,,,,over_top_rope,,,UNKNOWN,TRUE,FALSE,FALSE,FALSE,FALSE,FALSE,FALSE,,CONFIRMED,S109;S040;S052;S107,"Eliminator per allrumblestats.com's data table, cross-checked against a Wikipedia table fetch, prowrestling.fandom.com, and Wrestling Inc/Online World of Wrestling (4-source agreement throughout)."
RR2016M,6,kofi-kingston,chris-jericho,,,,,,over_top_rope,,,UNKNOWN,TRUE,FALSE,FALSE,FALSE,FALSE,FALSE,FALSE,,CONFIRMED,S109;S040;S052;S037;S039;S107,"Eliminator per allrumblestats.com's data table, cross-checked against a Wikipedia table fetch, prowrestling.fandom.com, and Wrestling Inc/Online World of Wrestling (4-source agreement throughout)."
RR2016M,7,titus-oneil,big-show,,,,,,over_top_rope,,,UNKNOWN,TRUE,FALSE,FALSE,FALSE,FALSE,FALSE,FALSE,,CONFIRMED,S109;S040;S052;S107,"Eliminator per allrumblestats.com's data table, cross-checked against a Wikipedia table fetch, prowrestling.fandom.com, and Wrestling Inc/Online World of Wrestling (4-source agreement throughout)."
RR2016M,8,ryback,big-show,,,,,,over_top_rope,,,UNKNOWN,TRUE,FALSE,FALSE,FALSE,FALSE,FALSE,FALSE,,CONFIRMED,S109;S040;S052;S107,"Eliminator per allrumblestats.com's data table, cross-checked against a Wikipedia table fetch, prowrestling.fandom.com, and Wrestling Inc/Online World of Wrestling (4-source agreement throughout)."
RR2016M,9,kane,braun-strowman,,7,17,28:19,1699,over_top_rope,"S107 directly states 'Strowman's eliminations of Kane and Big Show,' describing them as occurring back-to-back within the same waiting period (this script's own elim_ts computes them 51 seconds apart, consistent with 'back-to-back' rather than simultaneous).",,UNKNOWN,TRUE,FALSE,FALSE,FALSE,UNKNOWN,UNKNOWN,FALSE,,CONFIRMED,S107,
RR2016M,10,big-show,braun-strowman,,15,17,29:10,1750,over_top_rope,S107 directly states 'Strowman's eliminations of Kane and Big Show' -- see Kane's note above.,,UNKNOWN,TRUE,FALSE,FALSE,FALSE,UNKNOWN,UNKNOWN,FALSE,,CONFIRMED,S107,
RR2016M,11,aj-styles,kevin-owens,,3,18,30:46,1846,over_top_rope,S107 directly states 'Kevin Owens and his subsequent elimination of AJ Styles.',,UNKNOWN,TRUE,FALSE,FALSE,FALSE,UNKNOWN,UNKNOWN,FALSE,,CONFIRMED,S107,
RR2016M,12,kevin-owens,sami-zayn,,18,20,34:37,2077,over_the_top_rope,Eliminated over the top rope.,,UNKNOWN,TRUE,FALSE,FALSE,FALSE,FALSE,FALSE,FALSE,,CONFIRMED,S109;S481,
RR2016M,13,neville,luke-harper,,,,,,over_top_rope,,,UNKNOWN,TRUE,FALSE,FALSE,FALSE,FALSE,FALSE,FALSE,,CONFIRMED,S109;S040;S052;S107,"Eliminator per allrumblestats.com's data table, cross-checked against a Wikipedia table fetch, prowrestling.fandom.com, and Wrestling Inc/Online World of Wrestling (4-source agreement throughout)."
RR2016M,14,cody-rhodes,luke-harper,,,,,,over_top_rope,,,UNKNOWN,TRUE,FALSE,FALSE,FALSE,FALSE,FALSE,FALSE,,CONFIRMED,S109;S040;S052;S107,"Eliminator per allrumblestats.com's data table, cross-checked against a Wikipedia table fetch, prowrestling.fandom.com, and Wrestling Inc/Online World of Wrestling (4-source agreement throughout)."
RR2016M,15,mark-henry,luke-harper,erick-rowan;braun-strowman,22,13,38:00,2280,over_the_top_rope,Eliminated over the top rope.,,UNKNOWN,FALSE,TRUE,FALSE,FALSE,FALSE,FALSE,FALSE,,CONFIRMED,S109;S481,
RR2016M,16,sami-zayn,braun-strowman,,,,,,over_top_rope,,,UNKNOWN,TRUE,FALSE,FALSE,FALSE,FALSE,FALSE,FALSE,,CONFIRMED,S109;S040;S052;S107,"Eliminator per allrumblestats.com's data table, cross-checked against a Wikipedia table fetch, prowrestling.fandom.com, and Wrestling Inc/Online World of Wrestling (4-source agreement throughout)."
RR2016M,17,erick-rowan,brock-lesnar,,,,,,over_top_rope,,,UNKNOWN,TRUE,FALSE,FALSE,FALSE,FALSE,FALSE,FALSE,,CONFIRMED,S109;S040;S052;S107,"Eliminator per allrumblestats.com's data table, cross-checked against a Wikipedia table fetch, prowrestling.fandom.com, and Wrestling Inc/Online World of Wrestling (4-source agreement throughout)."
RR2016M,18,jack-swagger,brock-lesnar,,,,,,over_top_rope,,,UNKNOWN,TRUE,FALSE,FALSE,FALSE,FALSE,FALSE,FALSE,,CONFIRMED,S109;S040;S052;S107,"Eliminator per allrumblestats.com's data table, cross-checked against a Wikipedia table fetch, prowrestling.fandom.com, and Wrestling Inc/Online World of Wrestling (4-source agreement throughout)."
RR2016M,19,luke-harper,brock-lesnar,,13,23,44:18,2658,over_top_rope,"S107 directly states 'Luke Harper was eliminated by Brock Lesnar,' with a timestamp (44:18) matching this script's own computed elim_ts exactly.",,UNKNOWN,TRUE,FALSE,FALSE,FALSE,UNKNOWN,UNKNOWN,FALSE,,CONFIRMED,S107,
RR2016M,20,braun-strowman,brock-lesnar,,,,,,over_top_rope,,,UNKNOWN,TRUE,FALSE,FALSE,FALSE,FALSE,FALSE,FALSE,,CONFIRMED,S109;S040;S052;S107;S113,"Eliminator per allrumblestats.com's data table, cross-checked against a Wikipedia table fetch, prowrestling.fandom.com, and Wrestling Inc/Online World of Wrestling (4-source agreement throughout)."
RR2016M,21,brock-lesnar,bray-wyatt,erick-rowan;luke-harper;braun-strowman,23,27,48:31,2911,over_top_rope,"S107 directly states 'Brock Lesnar was going to be eliminated by the entire Wyatt Family' and separately describes 'Bray's three thugs unfairly entered the ring to deal with Lesnar' (with only 5 of the resulting 8 men in the ring counted as officially active). Modeled as shared credit with Bray Wyatt (the one Wyatt Family member confirmed still officially active/legal at this point) as the sole named eliminator -- the other 'thugs' are almost certainly Erick Rowan and/or Luke Harper (both already-eliminated Wyatt Family members by this point, interfering from outside, matching this database's established precedent for that scenario elsewhere) but S107 does not individually name them, so they are NOT added as additional credited eliminators this pass. See F291.",,UNKNOWN,FALSE,TRUE,FALSE,FALSE,UNKNOWN,UNKNOWN,FALSE,wyatt_family_group,CONFIRMED,S039;S040;S051;S107,"Externally fact-checked 2026-09-17: the other 'thugs' are now individually named by 3 independent sources -- WWE.com's own official match recap ('Rowan, Strowman and Harper crawled back into the ring...Wyatt hit Sister Abigail before his followers pushed Brock over the top rope'), a Wrestling Inc retro review ('The Wyatt Family -- Luke Harper, Braun Strowman, and Erick Rowan -- eventually eliminated Lesnar'), and allrumblestats.com's data table (listing Braun Strowman, Erick Rowan, Luke Harper as eliminator credit, distinct from Bray Wyatt's own separately-noted Sister Abigail). Upgraded to CONFIRMED and all 3 added as assisting eliminators alongside Bray Wyatt. See F291 (resolved), F313."
RR2016M,22,the-miz,roman-reigns,,,,,,over_top_rope,,,UNKNOWN,TRUE,FALSE,FALSE,FALSE,FALSE,FALSE,FALSE,,CONFIRMED,S109;S040;S052;S107,"Eliminator per allrumblestats.com's data table, cross-checked against a Wikipedia table fetch, prowrestling.fandom.com, and Wrestling Inc/Online World of Wrestling (4-source agreement throughout)."
RR2016M,23,alberto-del-rio,roman-reigns,,,,,,over_top_rope,,,UNKNOWN,TRUE,FALSE,FALSE,FALSE,FALSE,FALSE,FALSE,,PROBABLE,S040;S052;S107;S109,"Alberto Del Rio's eliminator is a genuine cross-source conflict: allrumblestats.com and prowrestling.fandom.com both credit Roman Reigns, while a Wikipedia table fetch shows this cell blank/no eliminator listed. The 2-source Reigns version is used as primary credit -- see F315."
RR2016M,24,dolph-ziggler,hunter-hearst-helmsley,,,,,,over_top_rope,,,UNKNOWN,TRUE,FALSE,FALSE,FALSE,FALSE,FALSE,FALSE,,CONFIRMED,S109;S040;S052;S107,"Eliminator per allrumblestats.com's data table, cross-checked against a Wikipedia table fetch, prowrestling.fandom.com, and Wrestling Inc/Online World of Wrestling (4-source agreement throughout)."
RR2016M,25,bray-wyatt,sheamus,hunter-hearst-helmsley,27,29,57:41,3461,over_the_top_rope,Eliminated over the top rope.,,UNKNOWN,FALSE,TRUE,FALSE,FALSE,FALSE,FALSE,TRUE,,CONFLICTING,S109;S481,See F523.
RR2016M,26,chris-jericho,dean-ambrose,,,,,,over_top_rope,,,UNKNOWN,TRUE,FALSE,FALSE,FALSE,FALSE,FALSE,FALSE,,CONFIRMED,S109;S040;S052;S107,"Eliminator per allrumblestats.com's data table, cross-checked against a Wikipedia table fetch, prowrestling.fandom.com, and Wrestling Inc/Online World of Wrestling (4-source agreement throughout)."
RR2016M,27,sheamus,roman-reigns,,,,,,over_top_rope,,,UNKNOWN,TRUE,FALSE,FALSE,FALSE,FALSE,FALSE,FALSE,,CONFIRMED,S109;S040;S052;S107,"Eliminator per allrumblestats.com's data table, cross-checked against a Wikipedia table fetch, prowrestling.fandom.com, and Wrestling Inc/Online World of Wrestling (4-source agreement throughout)."
RR2016M,28,roman-reigns,hunter-hearst-helmsley,,1,30,59:48,3588,over_the_top_rope,Eliminated over the top rope.,,UNKNOWN,TRUE,FALSE,FALSE,FALSE,FALSE,FALSE,FALSE,,CONFIRMED,S109;S481,
RR2016M,29,dean-ambrose,hunter-hearst-helmsley,,19,30,61:42,3702,over_top_rope,"The winning elimination. Not phrased by S107 as 'Triple H eliminated Ambrose' in so many words, but inferred via the same standard convention applied to every winner/runner-up pair built so far in this project (the winner performs the match's final elimination), directly supported by S107's own explicit note that Triple H's survival time includes 'one extra second...after Ambrose was eliminated,' and by this script's own checksum confirming Ambrose's elim_ts lands exactly one second before the match total.",,UNKNOWN,TRUE,FALSE,FALSE,FALSE,UNKNOWN,UNKNOWN,FALSE,,CONFIRMED,S107,
RR2017M,1,jack-gallagher,mark-henry,,5,6,,,over_top_rope,,,UNKNOWN,TRUE,FALSE,FALSE,FALSE,UNKNOWN,UNKNOWN,FALSE,,CONFIRMED,S140;S141;S143,
RR2017M,2,mojo-rawley,braun-strowman,,4,7,,,over_top_rope,,,UNKNOWN,TRUE,FALSE,FALSE,FALSE,UNKNOWN,UNKNOWN,FALSE,,CONFIRMED,S140;S141;S143,
RR2017M,3,big-cass,braun-strowman,,1,7,,,over_top_rope,,,UNKNOWN,TRUE,FALSE,FALSE,FALSE,UNKNOWN,UNKNOWN,FALSE,,CONFIRMED,S140;S141;S143,
RR2017M,4,kalisto,braun-strowman,,3,7,,,over_top_rope,,,UNKNOWN,TRUE,FALSE,FALSE,FALSE,UNKNOWN,UNKNOWN,FALSE,,CONFIRMED,S140;S141;S143,
RR2017M,5,mark-henry,braun-strowman,,6,7,,,over_top_rope,,,UNKNOWN,TRUE,FALSE,FALSE,FALSE,UNKNOWN,UNKNOWN,FALSE,,CONFIRMED,S140;S141;S143,
RR2017M,6,big-show,braun-strowman,,9,7,,,over_top_rope,,,UNKNOWN,TRUE,FALSE,FALSE,FALSE,UNKNOWN,UNKNOWN,FALSE,,CONFIRMED,S140;S141;S143,
RR2017M,7,james-ellsworth,braun-strowman,,11,7,,,over_top_rope,,,UNKNOWN,TRUE,FALSE,FALSE,FALSE,UNKNOWN,UNKNOWN,FALSE,,CONFIRMED,S140;S141;S143,
RR2017M,8,tye-dillinger,braun-strowman,,10,7,,,over_top_rope,,,UNKNOWN,TRUE,FALSE,FALSE,FALSE,UNKNOWN,UNKNOWN,FALSE,,CONFIRMED,S140;S141;S143,
RR2017M,9,braun-strowman,baron-corbin,,7,13,,,over_top_rope,,,UNKNOWN,TRUE,FALSE,FALSE,FALSE,UNKNOWN,UNKNOWN,FALSE,,CONFIRMED,S140;S141;S143,
RR2017M,10,kofi-kingston,cesaro,sheamus,14,19,,,over_top_rope,,,UNKNOWN,FALSE,TRUE,FALSE,FALSE,UNKNOWN,UNKNOWN,FALSE,,CONFIRMED,S140;S141;S143,
RR2017M,10,kofi-kingston,sheamus,cesaro,14,16,,,over_top_rope,,,UNKNOWN,FALSE,TRUE,FALSE,FALSE,UNKNOWN,UNKNOWN,FALSE,,CONFIRMED,S140;S141;S143,
RR2017M,11,xavier-woods,cesaro,sheamus,20,19,,,over_top_rope,,,UNKNOWN,FALSE,TRUE,FALSE,FALSE,UNKNOWN,UNKNOWN,FALSE,,CONFIRMED,S140;S141;S143,
RR2017M,11,xavier-woods,sheamus,cesaro,20,16,,,over_top_rope,,,UNKNOWN,FALSE,TRUE,FALSE,FALSE,UNKNOWN,UNKNOWN,FALSE,,CONFIRMED,S140;S141;S143,
RR2017M,12,big-e,cesaro,sheamus,17,19,,,over_top_rope,,,UNKNOWN,FALSE,TRUE,FALSE,FALSE,UNKNOWN,UNKNOWN,FALSE,,CONFIRMED,S140;S141;S143,
RR2017M,12,big-e,sheamus,cesaro,17,16,,,over_top_rope,,,UNKNOWN,FALSE,TRUE,FALSE,FALSE,UNKNOWN,UNKNOWN,FALSE,,CONFIRMED,S140;S141;S143,
RR2017M,13,cesaro,chris-jericho,,19,2,,,over_top_rope,,,UNKNOWN,TRUE,FALSE,FALSE,FALSE,UNKNOWN,UNKNOWN,TRUE,,CONFLICTING,S140;S141;S143,Relative elimination order vs. the other of this Chris Jericho double-elimination is CONFLICTING between sources -- see F360.
RR2017M,14,sheamus,chris-jericho,,16,2,,,over_top_rope,,,UNKNOWN,TRUE,FALSE,FALSE,FALSE,UNKNOWN,UNKNOWN,TRUE,,CONFLICTING,S140;S141;S143,Relative elimination order vs. the other of this Chris Jericho double-elimination is CONFLICTING between sources -- see F360.
RR2017M,15,apollo-crews,luke-harper,,22,25,,,over_top_rope,,,UNKNOWN,TRUE,FALSE,FALSE,FALSE,UNKNOWN,UNKNOWN,FALSE,,CONFIRMED,S140;S141;S143,
RR2017M,16,dean-ambrose,brock-lesnar,,12,26,,,over_top_rope,,,UNKNOWN,TRUE,FALSE,FALSE,FALSE,UNKNOWN,UNKNOWN,FALSE,,CONFIRMED,S140;S141;S143,
RR2017M,17,dolph-ziggler,brock-lesnar,,24,26,,,over_top_rope,,,UNKNOWN,TRUE,FALSE,FALSE,FALSE,UNKNOWN,UNKNOWN,FALSE,,CONFIRMED,S140;S141;S143,
RR2017M,18,enzo-amore,brock-lesnar,,27,26,,,over_top_rope,,,UNKNOWN,TRUE,FALSE,FALSE,FALSE,UNKNOWN,UNKNOWN,FALSE,,CONFIRMED,S140;S141;S143,
RR2017M,19,brock-lesnar,goldberg,,26,28,,,over_top_rope,,,UNKNOWN,TRUE,FALSE,FALSE,FALSE,UNKNOWN,UNKNOWN,FALSE,,CONFIRMED,S140;S141;S143,
RR2017M,20,rusev,goldberg,,18,28,,,over_top_rope,,,UNKNOWN,TRUE,FALSE,FALSE,FALSE,UNKNOWN,UNKNOWN,FALSE,,CONFIRMED,S140;S141;S143,
RR2017M,21,baron-corbin,the-undertaker,,13,29,,,over_top_rope,,,UNKNOWN,TRUE,FALSE,FALSE,FALSE,UNKNOWN,UNKNOWN,FALSE,,CONFIRMED,S140;S141;S143,
RR2017M,22,luke-harper,goldberg,,25,28,,,over_top_rope,,,UNKNOWN,TRUE,FALSE,FALSE,FALSE,UNKNOWN,UNKNOWN,FALSE,,CONFIRMED,S140;S141;S143,
RR2017M,23,goldberg,the-undertaker,,28,29,,,over_top_rope,,,UNKNOWN,TRUE,FALSE,FALSE,FALSE,UNKNOWN,UNKNOWN,FALSE,,CONFIRMED,S140;S141;S143,
RR2017M,24,the-miz,the-undertaker,,15,29,,,over_top_rope,,,UNKNOWN,TRUE,FALSE,FALSE,FALSE,UNKNOWN,UNKNOWN,FALSE,,CONFIRMED,S140;S141;S143,
RR2017M,25,sami-zayn,the-undertaker,,8,29,,,over_top_rope,,,UNKNOWN,TRUE,FALSE,FALSE,FALSE,UNKNOWN,UNKNOWN,FALSE,,CONFIRMED,S140;S141;S143,
RR2017M,26,the-undertaker,roman-reigns,,29,30,,,over_top_rope,,,UNKNOWN,TRUE,FALSE,FALSE,FALSE,UNKNOWN,UNKNOWN,FALSE,,CONFIRMED,S140;S141;S143,
RR2017M,27,chris-jericho,roman-reigns,,2,30,,,over_top_rope,,,UNKNOWN,TRUE,FALSE,FALSE,FALSE,UNKNOWN,UNKNOWN,FALSE,,CONFIRMED,S140;S141;S143,
RR2017M,28,bray-wyatt,roman-reigns,,21,30,,,over_top_rope,,,UNKNOWN,TRUE,FALSE,FALSE,FALSE,UNKNOWN,UNKNOWN,FALSE,,CONFIRMED,S140;S141;S143,
RR2017M,29,roman-reigns,randy-orton,,30,23,,,over_top_rope,,,UNKNOWN,TRUE,FALSE,FALSE,FALSE,UNKNOWN,UNKNOWN,FALSE,,CONFIRMED,S140;S141;S143,
RR2018M,1,rhyno,baron-corbin,,3,4,,,over_top_rope,,,UNKNOWN,TRUE,FALSE,FALSE,FALSE,UNKNOWN,UNKNOWN,FALSE,,CONFIRMED,S144;S145;S146,
RR2018M,2,baron-corbin,finn-balor,,4,2,,,over_top_rope,,,UNKNOWN,TRUE,FALSE,FALSE,FALSE,UNKNOWN,UNKNOWN,FALSE,,CONFIRMED,S144;S145;S146,
RR2018M,3,sheamus,heath-slater,,11,5,,,over_top_rope,,,UNKNOWN,TRUE,FALSE,FALSE,FALSE,UNKNOWN,UNKNOWN,FALSE,,CONFIRMED,S144;S145;S146,
RR2018M,4,heath-slater,bray-wyatt,,5,8,,,over_top_rope,,,UNKNOWN,TRUE,FALSE,FALSE,FALSE,UNKNOWN,UNKNOWN,FALSE,,CONFIRMED,S144;S145;S146,
RR2018M,5,sami-zayn,shinsuke-nakamura,,10,14,,,over_top_rope,,,UNKNOWN,TRUE,FALSE,FALSE,FALSE,UNKNOWN,UNKNOWN,FALSE,,CONFIRMED,S144;S145;S146,
RR2018M,6,apollo-crews,cesaro,,13,15,,,over_top_rope,,,UNKNOWN,TRUE,FALSE,FALSE,FALSE,UNKNOWN,UNKNOWN,FALSE,,CONFIRMED,S144;S145;S146,
RR2018M,7,xavier-woods,jinder-mahal,,12,17,,,over_top_rope,,,UNKNOWN,TRUE,FALSE,FALSE,FALSE,UNKNOWN,UNKNOWN,FALSE,,CONFIRMED,S144;S145;S146,
RR2018M,8,big-e,jinder-mahal,,9,17,,,over_top_rope,,,UNKNOWN,TRUE,FALSE,FALSE,FALSE,UNKNOWN,UNKNOWN,FALSE,,CONFIRMED,S144;S145;S146,
RR2018M,9,cesaro,seth-rollins,,15,18,,,over_top_rope,,,UNKNOWN,TRUE,FALSE,FALSE,FALSE,UNKNOWN,UNKNOWN,FALSE,,CONFIRMED,S144;S145;S146,
RR2018M,10,jinder-mahal,kofi-kingston,,17,16,,,over_top_rope,,,UNKNOWN,TRUE,FALSE,FALSE,FALSE,UNKNOWN,UNKNOWN,FALSE,,CONFIRMED,S144;S145;S146,
RR2018M,11,kofi-kingston,andrade,,16,7,,,over_top_rope,,,UNKNOWN,TRUE,FALSE,FALSE,FALSE,UNKNOWN,UNKNOWN,FALSE,,CONFIRMED,S144;S145;S146,
RR2018M,12,rusev,bray-wyatt,matt-hardy,1,8,,,over_top_rope,,,UNKNOWN,FALSE,TRUE,FALSE,FALSE,UNKNOWN,UNKNOWN,FALSE,,CONFIRMED,S144;S145;S146,
RR2018M,12,rusev,matt-hardy,bray-wyatt,1,19,,,over_top_rope,,,UNKNOWN,FALSE,TRUE,FALSE,FALSE,UNKNOWN,UNKNOWN,FALSE,,CONFIRMED,S144;S145;S146,
RR2018M,13,matt-hardy,bray-wyatt,,19,8,,,over_top_rope,,,UNKNOWN,TRUE,FALSE,FALSE,FALSE,UNKNOWN,UNKNOWN,FALSE,,CONFIRMED,S144;S145;S146,
RR2018M,14,bray-wyatt,matt-hardy,,8,19,,,over_top_rope,,,UNKNOWN,TRUE,FALSE,FALSE,FALSE,UNKNOWN,UNKNOWN,FALSE,,CONFIRMED,S144;S145;S146,
RR2018M,15,elias,john-cena,,6,20,,,over_top_rope,,,UNKNOWN,TRUE,FALSE,FALSE,FALSE,UNKNOWN,UNKNOWN,FALSE,,CONFIRMED,S144;S145;S146,
RR2018M,16,the-hurricane,john-cena,,21,20,,,over_top_rope,,,UNKNOWN,TRUE,FALSE,FALSE,FALSE,UNKNOWN,UNKNOWN,FALSE,,CONFIRMED,S144;S145;S146,
RR2018M,17,aiden-english,finn-balor,,22,2,,,over_top_rope,,,UNKNOWN,TRUE,FALSE,FALSE,FALSE,UNKNOWN,UNKNOWN,FALSE,,CONFIRMED,S144;S145;S146,
RR2018M,18,andrade,randy-orton,,7,24,,,over_top_rope,,,UNKNOWN,TRUE,FALSE,FALSE,FALSE,UNKNOWN,UNKNOWN,FALSE,,CONFIRMED,S144;S145;S146,
RR2018M,19,adam-cole,rey-mysterio,,23,27,,,over_top_rope,,,UNKNOWN,TRUE,FALSE,FALSE,FALSE,UNKNOWN,UNKNOWN,FALSE,,CONFIRMED,S144;S145;S146,
RR2018M,20,titus-oneil,roman-reigns,,25,28,,,over_top_rope,,,UNKNOWN,TRUE,FALSE,FALSE,FALSE,UNKNOWN,UNKNOWN,FALSE,,CONFIRMED,S144;S145;S146,
RR2018M,21,the-miz,roman-reigns,seth-rollins,26,28,,,over_top_rope,,,UNKNOWN,FALSE,TRUE,FALSE,FALSE,UNKNOWN,UNKNOWN,FALSE,,CONFIRMED,S144;S145;S146,
RR2018M,21,the-miz,seth-rollins,roman-reigns,26,18,,,over_top_rope,,,UNKNOWN,FALSE,TRUE,FALSE,FALSE,UNKNOWN,UNKNOWN,FALSE,,CONFIRMED,S144;S145;S146,
RR2018M,22,seth-rollins,roman-reigns,,18,28,,,over_top_rope,,,UNKNOWN,TRUE,FALSE,FALSE,FALSE,UNKNOWN,UNKNOWN,FALSE,,CONFIRMED,S144;S145;S146,
RR2018M,23,goldust,dolph-ziggler,,29,30,,,over_top_rope,,,UNKNOWN,TRUE,FALSE,FALSE,FALSE,UNKNOWN,UNKNOWN,FALSE,,CONFIRMED,S144;S145;S146,
RR2018M,24,dolph-ziggler,finn-balor,,30,2,,,over_top_rope,,,UNKNOWN,TRUE,FALSE,FALSE,FALSE,UNKNOWN,UNKNOWN,FALSE,,CONFIRMED,S144;S145;S146,
RR2018M,25,randy-orton,roman-reigns,,24,28,,,over_top_rope,,,UNKNOWN,TRUE,FALSE,FALSE,FALSE,UNKNOWN,UNKNOWN,FALSE,,CONFIRMED,S144;S145;S146,
RR2018M,26,rey-mysterio,finn-balor,,27,2,,,over_top_rope,,,UNKNOWN,TRUE,FALSE,FALSE,FALSE,UNKNOWN,UNKNOWN,FALSE,,CONFIRMED,S144;S145;S146,
RR2018M,27,finn-balor,john-cena,,2,20,,,over_top_rope,,,UNKNOWN,TRUE,FALSE,FALSE,FALSE,UNKNOWN,UNKNOWN,FALSE,,CONFIRMED,S144;S145;S146,
RR2018M,28,john-cena,shinsuke-nakamura,,20,14,,,over_top_rope,,,UNKNOWN,TRUE,FALSE,FALSE,FALSE,UNKNOWN,UNKNOWN,FALSE,,CONFIRMED,S144;S145;S146,
RR2018M,29,roman-reigns,shinsuke-nakamura,,28,14,,,over_top_rope,,,UNKNOWN,TRUE,FALSE,FALSE,FALSE,UNKNOWN,UNKNOWN,FALSE,,CONFIRMED,S144;S145;S146,
RR2018W,1,mandy-rose,lita,,4,5,,,over_top_rope,,,UNKNOWN,TRUE,FALSE,FALSE,FALSE,UNKNOWN,UNKNOWN,FALSE,,CONFIRMED,S144;S152,
RR2018W,2,tamina,lita,,7,5,,,over_top_rope,,,UNKNOWN,TRUE,FALSE,FALSE,FALSE,UNKNOWN,UNKNOWN,FALSE,,CONFIRMED,S144;S152,
RR2018W,3,lita,becky-lynch,,5,2,,,over_top_rope,,,UNKNOWN,TRUE,FALSE,FALSE,FALSE,UNKNOWN,UNKNOWN,FALSE,,CONFIRMED,S144;S152,
RR2018W,4,kairi-sane,dana-brooke,,6,8,,,over_top_rope,,,UNKNOWN,TRUE,FALSE,FALSE,FALSE,UNKNOWN,UNKNOWN,FALSE,,CONFIRMED,S144;S152,
RR2018W,5,dana-brooke,torrie-wilson,,8,9,,,over_top_rope,,,UNKNOWN,TRUE,FALSE,FALSE,FALSE,UNKNOWN,UNKNOWN,FALSE,,CONFIRMED,S144;S152,
RR2018W,6,torrie-wilson,sonya-deville,,9,10,,,over_top_rope,,,UNKNOWN,TRUE,FALSE,FALSE,FALSE,UNKNOWN,UNKNOWN,FALSE,,CONFIRMED,S144;S152,
RR2018W,7,sarah-logan,molly-holly,,3,12,,,over_top_rope,,,UNKNOWN,TRUE,FALSE,FALSE,FALSE,UNKNOWN,UNKNOWN,FALSE,,CONFIRMED,S144;S152,
RR2018W,8,sonya-deville,michelle-mccool,,10,14,,,over_top_rope,,,UNKNOWN,TRUE,FALSE,FALSE,FALSE,UNKNOWN,UNKNOWN,FALSE,,CONFIRMED,S144;S152,
RR2018W,9,liv-morgan,michelle-mccool,,11,14,,,over_top_rope,,,UNKNOWN,TRUE,FALSE,FALSE,FALSE,UNKNOWN,UNKNOWN,FALSE,,CONFIRMED,S144;S152,
RR2018W,10,molly-holly,michelle-mccool,,12,14,,,over_top_rope,,,UNKNOWN,TRUE,FALSE,FALSE,FALSE,UNKNOWN,UNKNOWN,FALSE,,CONFIRMED,S144;S152,
RR2018W,11,lana,michelle-mccool,,13,14,,,over_top_rope,,,UNKNOWN,TRUE,FALSE,FALSE,FALSE,UNKNOWN,UNKNOWN,FALSE,,CONFIRMED,S144;S152,
RR2018W,12,vickie-guerrero,becky-lynch,michelle-mccool;ruby-riott;sasha-banks,16,2,,,over_top_rope,,,UNKNOWN,FALSE,TRUE,FALSE,FALSE,UNKNOWN,UNKNOWN,FALSE,grp-vickie-guerrero,CONFIRMED,S144;S152,
RR2018W,12,vickie-guerrero,michelle-mccool,becky-lynch;ruby-riott;sasha-banks,16,14,,,over_top_rope,,,UNKNOWN,FALSE,TRUE,FALSE,FALSE,UNKNOWN,UNKNOWN,FALSE,grp-vickie-guerrero,CONFIRMED,S144;S152,
RR2018W,12,vickie-guerrero,ruby-riott,becky-lynch;michelle-mccool;sasha-banks,16,15,,,over_top_rope,,,UNKNOWN,FALSE,TRUE,FALSE,FALSE,UNKNOWN,UNKNOWN,FALSE,grp-vickie-guerrero,CONFIRMED,S144;S152,
RR2018W,12,vickie-guerrero,sasha-banks,becky-lynch;michelle-mccool;ruby-riott,16,1,,,over_top_rope,,,UNKNOWN,FALSE,TRUE,FALSE,FALSE,UNKNOWN,UNKNOWN,FALSE,grp-vickie-guerrero,CONFIRMED,S144;S152,
RR2018W,13,michelle-mccool,natalya,,14,18,,,over_top_rope,,,UNKNOWN,TRUE,FALSE,FALSE,FALSE,UNKNOWN,UNKNOWN,FALSE,,CONFIRMED,S144;S152,
RR2018W,14,becky-lynch,ruby-riott,,2,15,,,over_top_rope,,,UNKNOWN,TRUE,FALSE,FALSE,FALSE,UNKNOWN,UNKNOWN,FALSE,,CONFIRMED,S144;S152,
RR2018W,15,jacqueline,nia-jax,,21,22,,,over_top_rope,,,UNKNOWN,TRUE,FALSE,FALSE,FALSE,UNKNOWN,UNKNOWN,FALSE,,CONFIRMED,S144;S152,
RR2018W,16,kelly-kelly,nia-jax,,19,22,,,over_top_rope,,,UNKNOWN,TRUE,FALSE,FALSE,FALSE,UNKNOWN,UNKNOWN,FALSE,,CONFIRMED,S144;S152,
RR2018W,17,ruby-riott,nia-jax,,15,22,,,over_top_rope,,,UNKNOWN,TRUE,FALSE,FALSE,FALSE,UNKNOWN,UNKNOWN,FALSE,,CONFIRMED,S144;S152,
RR2018W,18,naomi,nia-jax,,20,22,,,over_top_rope,,,UNKNOWN,TRUE,FALSE,FALSE,FALSE,UNKNOWN,UNKNOWN,FALSE,,CONFIRMED,S144;S152,
RR2018W,19,beth-phoenix,natalya,,24,18,,,over_top_rope,,,UNKNOWN,TRUE,FALSE,FALSE,FALSE,UNKNOWN,UNKNOWN,FALSE,,CONFIRMED,S144;S152,
RR2018W,20,ember-moon,asuka,,23,25,,,over_top_rope,,,UNKNOWN,TRUE,FALSE,FALSE,FALSE,UNKNOWN,UNKNOWN,FALSE,,CONFIRMED,S144;S152,
RR2018W,21,carmella,nikki-bella,,17,27,,,over_top_rope,,,UNKNOWN,TRUE,FALSE,FALSE,FALSE,UNKNOWN,UNKNOWN,FALSE,,CONFIRMED,S144;S152,
RR2018W,22,mickie-james,trish-stratus,,26,30,,,over_top_rope,,,UNKNOWN,TRUE,FALSE,FALSE,FALSE,UNKNOWN,UNKNOWN,FALSE,,CONFIRMED,S144;S152,
RR2018W,23,nia-jax,asuka,bayley;brie-bella;natalya;nikki-bella;trish-stratus,22,25,,,over_top_rope,,,UNKNOWN,FALSE,TRUE,FALSE,FALSE,UNKNOWN,UNKNOWN,FALSE,grp-nia-jax,CONFIRMED,S144;S152,
RR2018W,23,nia-jax,bayley,asuka;brie-bella;natalya;nikki-bella;trish-stratus,22,29,,,over_top_rope,,,UNKNOWN,FALSE,TRUE,FALSE,FALSE,UNKNOWN,UNKNOWN,FALSE,grp-nia-jax,CONFIRMED,S144;S152,
RR2018W,23,nia-jax,brie-bella,asuka;bayley;natalya;nikki-bella;trish-stratus,22,28,,,over_top_rope,,,UNKNOWN,FALSE,TRUE,FALSE,FALSE,UNKNOWN,UNKNOWN,FALSE,grp-nia-jax,CONFIRMED,S144;S152,
RR2018W,23,nia-jax,natalya,asuka;bayley;brie-bella;nikki-bella;trish-stratus,22,18,,,over_top_rope,,,UNKNOWN,FALSE,TRUE,FALSE,FALSE,UNKNOWN,UNKNOWN,FALSE,grp-nia-jax,CONFIRMED,S144;S152,
RR2018W,23,nia-jax,nikki-bella,asuka;bayley;brie-bella;natalya;trish-stratus,22,27,,,over_top_rope,,,UNKNOWN,FALSE,TRUE,FALSE,FALSE,UNKNOWN,UNKNOWN,FALSE,grp-nia-jax,CONFIRMED,S144;S152,
RR2018W,23,nia-jax,trish-stratus,asuka;bayley;brie-bella;natalya;nikki-bella,22,30,,,over_top_rope,,,UNKNOWN,FALSE,TRUE,FALSE,FALSE,UNKNOWN,UNKNOWN,FALSE,grp-nia-jax,CONFIRMED,S144;S152,
RR2018W,24,bayley,sasha-banks,,29,1,,,over_top_rope,,,UNKNOWN,TRUE,FALSE,FALSE,FALSE,UNKNOWN,UNKNOWN,FALSE,,CONFIRMED,S144;S152,
RR2018W,25,natalya,trish-stratus,,18,30,,,over_top_rope,,,UNKNOWN,TRUE,FALSE,FALSE,FALSE,UNKNOWN,UNKNOWN,FALSE,,CONFIRMED,S144;S152,
RR2018W,26,trish-stratus,sasha-banks,,30,1,,,over_top_rope,,,UNKNOWN,TRUE,FALSE,FALSE,FALSE,UNKNOWN,UNKNOWN,FALSE,,CONFIRMED,S144;S152,
RR2018W,27,sasha-banks,brie-bella,nikki-bella,1,28,,,over_top_rope,,,UNKNOWN,FALSE,TRUE,FALSE,FALSE,UNKNOWN,UNKNOWN,FALSE,grp-sasha-banks,CONFIRMED,S144;S152,
RR2018W,27,sasha-banks,nikki-bella,brie-bella,1,27,,,over_top_rope,,,UNKNOWN,FALSE,TRUE,FALSE,FALSE,UNKNOWN,UNKNOWN,FALSE,grp-sasha-banks,CONFIRMED,S144;S152,
RR2018W,28,brie-bella,nikki-bella,,28,27,,,over_top_rope,,,UNKNOWN,TRUE,FALSE,FALSE,FALSE,UNKNOWN,UNKNOWN,FALSE,,CONFIRMED,S144;S152,
RR2018W,29,nikki-bella,asuka,,27,25,,,over_top_rope,,,UNKNOWN,TRUE,FALSE,FALSE,FALSE,UNKNOWN,UNKNOWN,FALSE,,CONFIRMED,S144;S152,
RR2019M,1,jeff-jarrett,elias,,2,1,,,over_top_rope,,,UNKNOWN,TRUE,FALSE,FALSE,FALSE,UNKNOWN,UNKNOWN,FALSE,,CONFIRMED,S161;S162;S164,
RR2019M,2,kurt-angle,shinsuke-nakamura,,4,3,,,over_top_rope,,,UNKNOWN,TRUE,FALSE,FALSE,FALSE,UNKNOWN,UNKNOWN,FALSE,,CONFIRMED,S161;S162;S164,
RR2019M,3,jinder-mahal,johnny-gargano,,7,6,,,over_top_rope,,,UNKNOWN,TRUE,FALSE,FALSE,FALSE,UNKNOWN,UNKNOWN,FALSE,,CONFIRMED,S161;S162;S164,
RR2019M,4,big-e,samoa-joe,,5,8,,,over_top_rope,,,UNKNOWN,TRUE,FALSE,FALSE,FALSE,UNKNOWN,UNKNOWN,FALSE,,CONFIRMED,S161;S162;S164,
RR2019M,5,elias,seth-rollins,,1,10,,,over_top_rope,,,UNKNOWN,TRUE,FALSE,FALSE,FALSE,UNKNOWN,UNKNOWN,FALSE,,CONFIRMED,S161;S162;S164,
RR2019M,6,titus-oneil,curt-hawkins,,11,9,,,over_top_rope,,,UNKNOWN,TRUE,FALSE,FALSE,FALSE,UNKNOWN,UNKNOWN,FALSE,,CONFIRMED,S161;S162;S164,
RR2019M,7,curt-hawkins,samoa-joe,,9,8,,,over_top_rope,,,UNKNOWN,TRUE,FALSE,FALSE,FALSE,UNKNOWN,UNKNOWN,FALSE,,CONFIRMED,S161;S162;S164,
RR2019M,8,shinsuke-nakamura,mustafa-ali,,3,13,,,over_top_rope,,,UNKNOWN,TRUE,FALSE,FALSE,FALSE,UNKNOWN,UNKNOWN,FALSE,,CONFIRMED,S161;S162;S164,
RR2019M,9,johnny-gargano,dean-ambrose,,6,14,,,over_top_rope,,,UNKNOWN,TRUE,FALSE,FALSE,FALSE,UNKNOWN,UNKNOWN,FALSE,,CONFIRMED,S161;S162;S164,
RR2019M,10,no-way-jose,samoa-joe,,15,8,,,over_top_rope,,,UNKNOWN,TRUE,FALSE,FALSE,FALSE,UNKNOWN,UNKNOWN,FALSE,,CONFIRMED,S161;S162;S164,
RR2019M,11,xavier-woods,drew-mcintyre,,17,16,,,over_top_rope,,,UNKNOWN,TRUE,FALSE,FALSE,FALSE,UNKNOWN,UNKNOWN,FALSE,,CONFIRMED,S161;S162;S164,
RR2019M,12,kofi-kingston,drew-mcintyre,,12,16,,,over_top_rope,,,UNKNOWN,TRUE,FALSE,FALSE,FALSE,UNKNOWN,UNKNOWN,FALSE,,CONFIRMED,S161;S162;S164,
RR2019M,13,dean-ambrose,aleister-black,,14,21,,,over_top_rope,,,UNKNOWN,TRUE,FALSE,FALSE,FALSE,UNKNOWN,UNKNOWN,FALSE,,CONFIRMED,S161;S162;S164,
RR2019M,14,samoa-joe,mustafa-ali,,8,13,,,over_top_rope,,,UNKNOWN,TRUE,FALSE,FALSE,FALSE,UNKNOWN,UNKNOWN,FALSE,,CONFIRMED,S161;S162;S164,
RR2019M,15,apollo-crews,baron-corbin,,20,23,,,over_top_rope,,,UNKNOWN,TRUE,FALSE,FALSE,FALSE,UNKNOWN,UNKNOWN,FALSE,,CONFIRMED,S161;S162;S164,
RR2019M,16,aleister-black,baron-corbin,,21,23,,,over_top_rope,,,UNKNOWN,TRUE,FALSE,FALSE,FALSE,UNKNOWN,UNKNOWN,FALSE,,CONFIRMED,S161;S162;S164,
RR2019M,17,pete-dunne,drew-mcintyre,,18,16,,,over_top_rope,,,UNKNOWN,TRUE,FALSE,FALSE,FALSE,UNKNOWN,UNKNOWN,FALSE,,CONFIRMED,S161;S162;S164,
RR2019M,18,bobby-lashley,seth-rollins,,26,10,,,over_top_rope,,,UNKNOWN,TRUE,FALSE,FALSE,FALSE,UNKNOWN,UNKNOWN,FALSE,,CONFIRMED,S161;S162;S164,
RR2019M,19,baron-corbin,braun-strowman,,23,27,,,over_top_rope,,,UNKNOWN,TRUE,FALSE,FALSE,FALSE,UNKNOWN,UNKNOWN,FALSE,,CONFIRMED,S161;S162;S164,
RR2019M,20,shelton-benjamin,braun-strowman,,22,27,,,over_top_rope,,,UNKNOWN,TRUE,FALSE,FALSE,FALSE,UNKNOWN,UNKNOWN,FALSE,,CONFIRMED,S161;S162;S164,
RR2019M,21,jeff-hardy,braun-strowman,drew-mcintyre,24,27,,,over_top_rope,,,UNKNOWN,FALSE,TRUE,FALSE,FALSE,UNKNOWN,UNKNOWN,FALSE,,CONFIRMED,S161;S162;S164,
RR2019M,21,jeff-hardy,drew-mcintyre,braun-strowman,24,16,,,over_top_rope,,,UNKNOWN,FALSE,TRUE,FALSE,FALSE,UNKNOWN,UNKNOWN,FALSE,,CONFIRMED,S161;S162;S164,
RR2019M,22,drew-mcintyre,dolph-ziggler,braun-strowman,16,28,,,over_top_rope,,,UNKNOWN,FALSE,TRUE,FALSE,FALSE,UNKNOWN,UNKNOWN,FALSE,,CONFIRMED,S161;S162;S164,
RR2019M,22,drew-mcintyre,braun-strowman,dolph-ziggler,16,27,,,over_top_rope,,,UNKNOWN,FALSE,TRUE,FALSE,FALSE,UNKNOWN,UNKNOWN,FALSE,,CONFIRMED,S161;S162;S164,
RR2019M,23,mustafa-ali,nia-jax,,13,30,,,over_top_rope,,,UNKNOWN,TRUE,FALSE,FALSE,FALSE,UNKNOWN,UNKNOWN,FALSE,,CONFIRMED,S161;S162;S164,
RR2019M,24,nia-jax,rey-mysterio,,30,25,,,over_top_rope,,,UNKNOWN,TRUE,FALSE,FALSE,FALSE,TRUE,UNKNOWN,FALSE,,CONFIRMED,S161;S162;S164,
RR2019M,25,rey-mysterio,randy-orton,,25,29,,,over_top_rope,,,UNKNOWN,TRUE,FALSE,FALSE,FALSE,UNKNOWN,UNKNOWN,FALSE,,CONFIRMED,S161;S162;S164,
RR2019M,26,randy-orton,andrade,,29,19,,,over_top_rope,,,UNKNOWN,TRUE,FALSE,FALSE,FALSE,UNKNOWN,UNKNOWN,FALSE,,CONFIRMED,S161;S162;S164,
RR2019M,27,andrade,braun-strowman,,19,27,,,over_top_rope,,,UNKNOWN,TRUE,FALSE,FALSE,FALSE,UNKNOWN,UNKNOWN,FALSE,,CONFIRMED,S161;S162;S164,
RR2019M,28,dolph-ziggler,braun-strowman,,28,27,,,over_top_rope,,,UNKNOWN,TRUE,FALSE,FALSE,FALSE,UNKNOWN,UNKNOWN,FALSE,,CONFIRMED,S161;S162;S164,
RR2019M,29,braun-strowman,seth-rollins,,27,10,,,over_top_rope,,,UNKNOWN,TRUE,FALSE,FALSE,FALSE,UNKNOWN,UNKNOWN,FALSE,,CONFIRMED,S161;S162;S164,
RR2019W,1,liv-morgan,natalya,,4,2,,,over_top_rope,,,UNKNOWN,TRUE,FALSE,FALSE,FALSE,UNKNOWN,UNKNOWN,FALSE,,CONFIRMED,S173;S174;S177,
RR2019W,2,mickie-james,tamina,,5,10,,,over_top_rope,,,UNKNOWN,TRUE,FALSE,FALSE,FALSE,UNKNOWN,UNKNOWN,FALSE,,CONFIRMED,S173;S174;S177,
RR2019W,3,nikki-cross,billie-kay,peyton-royce,8,7,,,over_top_rope,,,UNKNOWN,FALSE,TRUE,FALSE,FALSE,UNKNOWN,UNKNOWN,FALSE,,CONFIRMED,S173;S174;S177,
RR2019W,3,nikki-cross,peyton-royce,billie-kay,8,9,,,over_top_rope,,,UNKNOWN,FALSE,TRUE,FALSE,FALSE,UNKNOWN,UNKNOWN,FALSE,,CONFIRMED,S173;S174;S177,
RR2019W,4,billie-kay,lacey-evans,,7,1,,,over_top_rope,,,UNKNOWN,TRUE,FALSE,FALSE,FALSE,UNKNOWN,UNKNOWN,TRUE,,CONFLICTING,S173;S174;S177,
RR2019W,5,peyton-royce,lacey-evans,,9,1,,,over_top_rope,,,UNKNOWN,TRUE,FALSE,FALSE,FALSE,UNKNOWN,UNKNOWN,TRUE,,CONFLICTING,S173;S174;S177,
RR2019W,6,xia-li,charlotte-flair,,11,13,,,over_top_rope,,,UNKNOWN,TRUE,FALSE,FALSE,FALSE,UNKNOWN,UNKNOWN,FALSE,,CONFIRMED,S173;S174;S177,
RR2019W,7,tamina,charlotte-flair,,10,13,,,over_top_rope,,,UNKNOWN,TRUE,FALSE,FALSE,FALSE,UNKNOWN,UNKNOWN,FALSE,,CONFIRMED,S173;S174;S177,
RR2019W,8,sarah-logan,natalya,kairi-sane,12,2,,,over_top_rope,,,UNKNOWN,FALSE,TRUE,FALSE,FALSE,UNKNOWN,UNKNOWN,FALSE,,CONFIRMED,S173;S174;S177,
RR2019W,8,sarah-logan,kairi-sane,natalya,12,14,,,over_top_rope,,,UNKNOWN,FALSE,TRUE,FALSE,FALSE,UNKNOWN,UNKNOWN,FALSE,,CONFIRMED,S173;S174;S177,
RR2019W,9,mandy-rose,naomi,,3,16,,,over_top_rope,,,UNKNOWN,TRUE,FALSE,FALSE,FALSE,UNKNOWN,UNKNOWN,FALSE,,CONFIRMED,S173;S174;S177,
RR2019W,10,naomi,mandy-rose,,16,3,,,over_top_rope,,,UNKNOWN,TRUE,FALSE,FALSE,FALSE,TRUE,TRUE,FALSE,,CONFIRMED,S173;S174;S177,
RR2019W,11,lacey-evans,charlotte-flair,,1,13,,,over_top_rope,,,UNKNOWN,TRUE,FALSE,FALSE,FALSE,UNKNOWN,UNKNOWN,FALSE,,CONFIRMED,S173;S174;S177,
RR2019W,12,maria-kanellis,alicia-fox,,15,18,,,over_top_rope,,,UNKNOWN,TRUE,FALSE,FALSE,FALSE,UNKNOWN,UNKNOWN,FALSE,,CONFIRMED,S173;S174;S177,
RR2019W,13,alicia-fox,ruby-riott,,18,21,,,over_top_rope,,,UNKNOWN,TRUE,FALSE,FALSE,FALSE,UNKNOWN,UNKNOWN,FALSE,,CONFIRMED,S173;S174;S177,
RR2019W,14,candice-lerae,ruby-riott,,17,21,,,over_top_rope,,,UNKNOWN,TRUE,FALSE,FALSE,FALSE,UNKNOWN,UNKNOWN,FALSE,,CONFIRMED,S173;S174;S177,
RR2019W,15,kairi-sane,ruby-riott,,14,21,,,over_top_rope,,,UNKNOWN,TRUE,FALSE,FALSE,FALSE,UNKNOWN,UNKNOWN,FALSE,,CONFIRMED,S173;S174;S177,
RR2019W,16,kacy-catanzaro,rhea-ripley,,19,24,,,over_top_rope,,,UNKNOWN,TRUE,FALSE,FALSE,FALSE,UNKNOWN,UNKNOWN,FALSE,,CONFIRMED,S173;S174;S177,
RR2019W,17,dana-brooke,rhea-ripley,,22,24,,,over_top_rope,,,UNKNOWN,TRUE,FALSE,FALSE,FALSE,UNKNOWN,UNKNOWN,FALSE,,CONFIRMED,S173;S174;S177,
RR2019W,18,zelina-vega,rhea-ripley,,20,24,,,over_top_rope,,,UNKNOWN,TRUE,FALSE,FALSE,FALSE,UNKNOWN,UNKNOWN,FALSE,,CONFIRMED,S173;S174;S177,
RR2019W,19,sonya-deville,alexa-bliss,,25,26,,,over_top_rope,,,UNKNOWN,TRUE,FALSE,FALSE,FALSE,UNKNOWN,UNKNOWN,FALSE,,CONFIRMED,S173;S174;S177,
RR2019W,20,ruby-riott,bayley,,21,27,,,over_top_rope,,,UNKNOWN,TRUE,FALSE,FALSE,FALSE,UNKNOWN,UNKNOWN,FALSE,,CONFIRMED,S173;S174;S177,
RR2019W,21,rhea-ripley,bayley,,24,27,,,over_top_rope,,,UNKNOWN,TRUE,FALSE,FALSE,FALSE,UNKNOWN,UNKNOWN,FALSE,,CONFIRMED,S173;S174;S177,
RR2019W,22,io-shirai,nia-jax,,23,29,,,over_top_rope,,,UNKNOWN,TRUE,FALSE,FALSE,FALSE,UNKNOWN,UNKNOWN,FALSE,,CONFIRMED,S173;S174;S177,
RR2019W,23,natalya,nia-jax,,2,29,,,over_top_rope,,,UNKNOWN,TRUE,FALSE,FALSE,FALSE,UNKNOWN,UNKNOWN,FALSE,,CONFIRMED,S173;S174;S177,
RR2019W,24,ember-moon,alexa-bliss,,6,26,,,over_top_rope,,,UNKNOWN,TRUE,FALSE,FALSE,FALSE,UNKNOWN,UNKNOWN,FALSE,,CONFIRMED,S173;S174;S177,
RR2019W,25,alexa-bliss,bayley,carmella,26,27,,,over_top_rope,,,UNKNOWN,FALSE,TRUE,FALSE,FALSE,UNKNOWN,UNKNOWN,FALSE,,CONFIRMED,S173;S174;S177,
RR2019W,25,alexa-bliss,carmella,bayley,26,30,,,over_top_rope,,,UNKNOWN,FALSE,TRUE,FALSE,FALSE,UNKNOWN,UNKNOWN,FALSE,,CONFIRMED,S173;S174;S177,
RR2019W,26,carmella,charlotte-flair,,30,13,,,over_top_rope,,,UNKNOWN,TRUE,FALSE,FALSE,FALSE,UNKNOWN,UNKNOWN,FALSE,,CONFIRMED,S173;S174;S177,
RR2019W,27,bayley,nia-jax,charlotte-flair,27,29,,,over_top_rope,,,UNKNOWN,FALSE,TRUE,FALSE,FALSE,UNKNOWN,UNKNOWN,FALSE,,CONFIRMED,S173;S174;S177,
RR2019W,27,bayley,charlotte-flair,nia-jax,27,13,,,over_top_rope,,,UNKNOWN,FALSE,TRUE,FALSE,FALSE,UNKNOWN,UNKNOWN,FALSE,,CONFIRMED,S173;S174;S177,
RR2019W,28,nia-jax,becky-lynch,,29,28,,,over_top_rope,,,UNKNOWN,TRUE,FALSE,FALSE,FALSE,UNKNOWN,UNKNOWN,FALSE,,CONFIRMED,S173;S174;S177,
RR2019W,29,charlotte-flair,becky-lynch,,13,28,,,over_top_rope,,,UNKNOWN,TRUE,FALSE,FALSE,FALSE,UNKNOWN,UNKNOWN,FALSE,,CONFIRMED,S173;S174;S177,
RR2020M,1,elias,brock-lesnar,,2,1,,,over_top_rope,,,UNKNOWN,TRUE,FALSE,FALSE,FALSE,UNKNOWN,UNKNOWN,FALSE,,CONFIRMED,S184;S185;S186,
RR2020M,2,erick-rowan,brock-lesnar,,3,1,,,over_top_rope,,,UNKNOWN,TRUE,FALSE,FALSE,FALSE,UNKNOWN,UNKNOWN,FALSE,,CONFIRMED,S184;S185;S186,
RR2020M,3,robert-roode,brock-lesnar,,4,1,,,over_top_rope,,,UNKNOWN,TRUE,FALSE,FALSE,FALSE,UNKNOWN,UNKNOWN,FALSE,,CONFIRMED,S184;S185;S186,
RR2020M,4,john-morrison,brock-lesnar,,5,1,,,over_top_rope,,,UNKNOWN,TRUE,FALSE,FALSE,FALSE,UNKNOWN,UNKNOWN,FALSE,,CONFIRMED,S184;S185;S186,
RR2020M,5,rey-mysterio,brock-lesnar,,7,1,,,over_top_rope,,,UNKNOWN,TRUE,FALSE,FALSE,FALSE,UNKNOWN,UNKNOWN,FALSE,,CONFIRMED,S184;S185;S186,
RR2020M,6,big-e,brock-lesnar,,8,1,,,over_top_rope,,,UNKNOWN,TRUE,FALSE,FALSE,FALSE,UNKNOWN,UNKNOWN,FALSE,,CONFIRMED,S184;S185;S186,
RR2020M,7,kofi-kingston,brock-lesnar,,6,1,,,over_top_rope,,,UNKNOWN,TRUE,FALSE,FALSE,FALSE,UNKNOWN,UNKNOWN,FALSE,,CONFIRMED,S184;S185;S186,
RR2020M,8,cesaro,brock-lesnar,,9,1,,,over_top_rope,,,UNKNOWN,TRUE,FALSE,FALSE,FALSE,UNKNOWN,UNKNOWN,FALSE,,CONFIRMED,S184;S185;S186,
RR2020M,9,shelton-benjamin,brock-lesnar,,10,1,,,over_top_rope,,,UNKNOWN,TRUE,FALSE,FALSE,FALSE,UNKNOWN,UNKNOWN,FALSE,,CONFIRMED,S184;S185;S186,
RR2020M,10,shinsuke-nakamura,brock-lesnar,,11,1,,,over_top_rope,,,UNKNOWN,TRUE,FALSE,FALSE,FALSE,UNKNOWN,UNKNOWN,FALSE,,CONFIRMED,S184;S185;S186,
RR2020M,11,mvp,brock-lesnar,,12,1,,,over_top_rope,,,UNKNOWN,TRUE,FALSE,FALSE,FALSE,UNKNOWN,UNKNOWN,FALSE,,CONFIRMED,S184;S185;S186,
RR2020M,12,keith-lee,brock-lesnar,,13,1,,,over_top_rope,,,UNKNOWN,TRUE,FALSE,FALSE,FALSE,UNKNOWN,UNKNOWN,TRUE,,CONFLICTING,S184;S185;S186,
RR2020M,13,braun-strowman,brock-lesnar,,14,1,,,over_top_rope,,,UNKNOWN,TRUE,FALSE,FALSE,FALSE,UNKNOWN,UNKNOWN,TRUE,,CONFLICTING,S184;S185;S186,
RR2020M,14,brock-lesnar,drew-mcintyre,,1,16,,,over_top_rope,,,UNKNOWN,TRUE,FALSE,FALSE,FALSE,UNKNOWN,UNKNOWN,FALSE,,CONFIRMED,S184;S185;S186,
RR2020M,15,ricochet,drew-mcintyre,,15,16,,,over_top_rope,,,UNKNOWN,TRUE,FALSE,FALSE,FALSE,UNKNOWN,UNKNOWN,FALSE,,CONFIRMED,S184;S185;S186,
RR2020M,16,the-miz,drew-mcintyre,,17,16,,,over_top_rope,,,UNKNOWN,TRUE,FALSE,FALSE,FALSE,UNKNOWN,UNKNOWN,FALSE,,CONFIRMED,S184;S185;S186,
RR2020M,17,aj-styles,edge,,18,21,,,over_top_rope,,,UNKNOWN,TRUE,FALSE,FALSE,FALSE,UNKNOWN,UNKNOWN,FALSE,,CONFIRMED,S184;S185;S186,
RR2020M,18,matt-riddle,baron-corbin,,23,22,,,over_top_rope,,,UNKNOWN,TRUE,FALSE,FALSE,FALSE,UNKNOWN,UNKNOWN,FALSE,,CONFIRMED,S184;S185;S186,
RR2020M,19,baron-corbin,drew-mcintyre,,22,16,,,over_top_rope,,,UNKNOWN,TRUE,FALSE,FALSE,FALSE,UNKNOWN,UNKNOWN,FALSE,,CONFIRMED,S184;S185;S186,
RR2020M,20,luke-gallows,edge,,24,21,,,over_top_rope,,,UNKNOWN,TRUE,FALSE,FALSE,FALSE,UNKNOWN,UNKNOWN,FALSE,,CONFIRMED,S184;S185;S186,
RR2020M,21,karl-anderson,randy-orton,,20,25,,,over_top_rope,,,UNKNOWN,TRUE,FALSE,FALSE,FALSE,UNKNOWN,UNKNOWN,FALSE,,CONFIRMED,S184;S185;S186,
RR2020M,22,dolph-ziggler,roman-reigns,,19,26,,,over_top_rope,,,UNKNOWN,TRUE,FALSE,FALSE,FALSE,UNKNOWN,UNKNOWN,FALSE,,CONFIRMED,S184;S185;S186,
RR2020M,23,aleister-black,seth-rollins,,28,30,,,over_top_rope,,,UNKNOWN,TRUE,FALSE,FALSE,FALSE,UNKNOWN,UNKNOWN,FALSE,,CONFIRMED,S184;S185;S186,
RR2020M,24,kevin-owens,seth-rollins,,27,30,,,over_top_rope,,,UNKNOWN,TRUE,FALSE,FALSE,FALSE,UNKNOWN,UNKNOWN,TRUE,,CONFLICTING,S184;S185;S186,
RR2020M,25,samoa-joe,seth-rollins,,29,30,,,over_top_rope,,,UNKNOWN,TRUE,FALSE,FALSE,FALSE,UNKNOWN,UNKNOWN,FALSE,,CONFIRMED,S184;S185;S186,
RR2020M,26,seth-rollins,drew-mcintyre,,30,16,,,over_top_rope,,,UNKNOWN,TRUE,FALSE,FALSE,FALSE,TRUE,UNKNOWN,FALSE,,CONFIRMED,S184;S185;S186,
RR2020M,27,randy-orton,edge,,25,21,,,over_top_rope,,,UNKNOWN,TRUE,FALSE,FALSE,FALSE,UNKNOWN,UNKNOWN,FALSE,,CONFIRMED,S184;S185;S186,
RR2020M,28,edge,roman-reigns,,21,26,,,over_top_rope,,,UNKNOWN,TRUE,FALSE,FALSE,FALSE,UNKNOWN,UNKNOWN,FALSE,,CONFIRMED,S184;S185;S186,
RR2020M,29,roman-reigns,drew-mcintyre,,26,16,,,over_top_rope,,,UNKNOWN,TRUE,FALSE,FALSE,FALSE,UNKNOWN,UNKNOWN,FALSE,,CONFIRMED,S184;S185;S186,
RR2020W,1,lana,liv-morgan,,5,7,,,over_top_rope,,,UNKNOWN,TRUE,FALSE,FALSE,FALSE,UNKNOWN,UNKNOWN,FALSE,,CONFIRMED,S197;S198;S199,
RR2020W,2,liv-morgan,lana,,7,5,,,over_top_rope,,,UNKNOWN,TRUE,FALSE,FALSE,FALSE,UNKNOWN,UNKNOWN,FALSE,,CONFIRMED,S197;S198;S199,
RR2020W,3,molly-holly,bianca-belair,,3,2,,,over_top_rope,,,UNKNOWN,TRUE,FALSE,FALSE,FALSE,UNKNOWN,UNKNOWN,FALSE,,CONFIRMED,S197;S198;S199,
RR2020W,4,mercedes-martinez,mandy-rose,sonya-deville,6,8,,,over_top_rope,,,UNKNOWN,FALSE,TRUE,FALSE,FALSE,UNKNOWN,UNKNOWN,FALSE,,CONFIRMED,S197;S198;S199,
RR2020W,4,mercedes-martinez,sonya-deville,mandy-rose,6,10,,,over_top_rope,,,UNKNOWN,FALSE,TRUE,FALSE,FALSE,UNKNOWN,UNKNOWN,FALSE,,CONFIRMED,S197;S198;S199,
RR2020W,5,nikki-cross,bianca-belair,,4,2,,,over_top_rope,,,UNKNOWN,TRUE,FALSE,FALSE,FALSE,UNKNOWN,UNKNOWN,FALSE,,CONFIRMED,S197;S198;S199,
RR2020W,6,mandy-rose,bianca-belair,,8,2,,,over_top_rope,,,UNKNOWN,TRUE,FALSE,FALSE,FALSE,TRUE,UNKNOWN,FALSE,,CONFIRMED,S197;S198;S199,
RR2020W,7,sonya-deville,bianca-belair,,10,2,,,over_top_rope,,,UNKNOWN,TRUE,FALSE,FALSE,FALSE,UNKNOWN,UNKNOWN,FALSE,,CONFIRMED,S197;S198;S199,
RR2020W,8,candice-lerae,bianca-belair,,9,2,,,over_top_rope,,,UNKNOWN,TRUE,FALSE,FALSE,FALSE,UNKNOWN,UNKNOWN,FALSE,,CONFIRMED,S197;S198;S199,
RR2020W,9,kairi-sane,alexa-bliss,,11,1,,,over_top_rope,,,UNKNOWN,TRUE,FALSE,FALSE,FALSE,UNKNOWN,UNKNOWN,FALSE,,CONFIRMED,S197;S198;S199,
RR2020W,10,tamina,bianca-belair,,14,2,,,over_top_rope,,,UNKNOWN,TRUE,FALSE,FALSE,FALSE,UNKNOWN,UNKNOWN,FALSE,,CONFIRMED,S197;S198;S199,
RR2020W,11,mia-yim,alexa-bliss,,12,1,,,over_top_rope,,,UNKNOWN,TRUE,FALSE,FALSE,FALSE,UNKNOWN,UNKNOWN,FALSE,,CONFIRMED,S197;S198;S199,
RR2020W,12,dakota-kai,chelsea-green,,15,16,,,over_top_rope,,,UNKNOWN,TRUE,FALSE,FALSE,FALSE,UNKNOWN,UNKNOWN,FALSE,,CONFIRMED,S197;S198;S199,
RR2020W,13,chelsea-green,alexa-bliss,,16,1,,,over_top_rope,,,UNKNOWN,TRUE,FALSE,FALSE,FALSE,UNKNOWN,UNKNOWN,FALSE,,CONFIRMED,S197;S198;S199,
RR2020W,14,dana-brooke,bianca-belair,,13,2,,,over_top_rope,,,UNKNOWN,TRUE,FALSE,FALSE,FALSE,UNKNOWN,UNKNOWN,FALSE,,CONFIRMED,S197;S198;S199,
RR2020W,15,alexa-bliss,bianca-belair,,1,2,,,over_top_rope,,,UNKNOWN,TRUE,FALSE,FALSE,FALSE,UNKNOWN,UNKNOWN,FALSE,,CONFIRMED,S197;S198;S199,
RR2020W,16,bianca-belair,charlotte-flair,,2,17,,,over_top_rope,,,UNKNOWN,TRUE,FALSE,FALSE,FALSE,UNKNOWN,UNKNOWN,FALSE,,CONFIRMED,S197;S198;S199,
RR2020W,17,sarah-logan,charlotte-flair,,22,17,,,over_top_rope,,,UNKNOWN,TRUE,FALSE,FALSE,FALSE,UNKNOWN,UNKNOWN,FALSE,,CONFIRMED,S197;S198;S199,
RR2020W,18,kelly-kelly,charlotte-flair,,21,17,,,over_top_rope,,,UNKNOWN,TRUE,FALSE,FALSE,FALSE,UNKNOWN,UNKNOWN,FALSE,,CONFIRMED,S197;S198;S199,
RR2020W,19,santino-marella,santino-marella,,29,29,,,self_elimination,,,UNKNOWN,FALSE,FALSE,FALSE,TRUE,TRUE,UNKNOWN,FALSE,,CONFIRMED,S197;S198;S199,
RR2020W,20,xia-li,shayna-baszler,,24,30,,,over_top_rope,,,UNKNOWN,TRUE,FALSE,FALSE,FALSE,UNKNOWN,UNKNOWN,FALSE,,CONFIRMED,S197;S198;S199,
RR2020W,21,tegan-nox,shayna-baszler,,28,30,,,over_top_rope,,,UNKNOWN,TRUE,FALSE,FALSE,FALSE,UNKNOWN,UNKNOWN,FALSE,,CONFIRMED,S197;S198;S199,
RR2020W,22,zelina-vega,shayna-baszler,,25,30,,,over_top_rope,,,UNKNOWN,TRUE,FALSE,FALSE,FALSE,UNKNOWN,UNKNOWN,FALSE,,CONFIRMED,S197;S198;S199,
RR2020W,23,shotzi-blackheart,shayna-baszler,,26,30,,,over_top_rope,,,UNKNOWN,TRUE,FALSE,FALSE,FALSE,UNKNOWN,UNKNOWN,FALSE,,CONFIRMED,S197;S198;S199,
RR2020W,24,carmella,shayna-baszler,,27,30,,,over_top_rope,,,UNKNOWN,TRUE,FALSE,FALSE,FALSE,UNKNOWN,UNKNOWN,FALSE,,CONFIRMED,S197;S198;S199,
RR2020W,25,toni-storm,shayna-baszler,,20,30,,,over_top_rope,,,UNKNOWN,TRUE,FALSE,FALSE,FALSE,UNKNOWN,UNKNOWN,FALSE,,CONFIRMED,S197;S198;S199,
RR2020W,26,naomi,shayna-baszler,,18,30,,,over_top_rope,,,UNKNOWN,TRUE,FALSE,FALSE,FALSE,UNKNOWN,UNKNOWN,FALSE,,CONFIRMED,S197;S198;S199,
RR2020W,27,natalya,beth-phoenix,,23,19,,,over_top_rope,,,UNKNOWN,TRUE,FALSE,FALSE,FALSE,UNKNOWN,UNKNOWN,FALSE,,CONFIRMED,S197;S198;S199,
RR2020W,28,beth-phoenix,shayna-baszler,,19,30,,,over_top_rope,,,UNKNOWN,TRUE,FALSE,FALSE,FALSE,UNKNOWN,UNKNOWN,FALSE,,CONFIRMED,S197;S198;S199,
RR2020W,29,shayna-baszler,charlotte-flair,,30,17,,,over_top_rope,,,UNKNOWN,TRUE,FALSE,FALSE,FALSE,UNKNOWN,UNKNOWN,FALSE,,CONFIRMED,S197;S198;S199,
RR2021M,1,jeff-hardy,dolph-ziggler,,5,6,,,over_top_rope,,,UNKNOWN,TRUE,FALSE,FALSE,FALSE,UNKNOWN,UNKNOWN,FALSE,,CONFIRMED,S212;S213;S214,
RR2021M,2,sami-zayn,big-e,,3,10,,,over_top_rope,,,UNKNOWN,TRUE,FALSE,FALSE,FALSE,UNKNOWN,UNKNOWN,TRUE,,CONFLICTING,S212;S213;S214,WWE and CBS credit Big E alone; Cagematch/411Mania also credit Xavier Woods. See F415.
RR2021M,3,xavier-woods,mustafa-ali,,9,4,,,over_top_rope,,,UNKNOWN,TRUE,FALSE,FALSE,FALSE,UNKNOWN,UNKNOWN,FALSE,,CONFIRMED,S212;S213;S214,
RR2021M,4,mustafa-ali,big-e,,4,10,,,over_top_rope,,,UNKNOWN,TRUE,FALSE,FALSE,FALSE,UNKNOWN,UNKNOWN,FALSE,,CONFIRMED,S212;S213;S214,
RR2021M,5,carlito,elias,,8,13,,,over_top_rope,,,UNKNOWN,TRUE,FALSE,FALSE,FALSE,UNKNOWN,UNKNOWN,FALSE,,CONFIRMED,S212;S213;S214,
RR2021M,6,elias,damian-priest,,13,14,,,over_top_rope,,,UNKNOWN,TRUE,FALSE,FALSE,FALSE,UNKNOWN,UNKNOWN,FALSE,,CONFIRMED,S212;S213;S214,
RR2021M,7,the-miz,damian-priest,,15,14,,,over_top_rope,,,UNKNOWN,TRUE,FALSE,FALSE,FALSE,UNKNOWN,UNKNOWN,FALSE,,CONFIRMED,S212;S213;S214,Eliminated at essentially the same moment as John Morrison; ordered Miz then Morrison following CBS/411Mania.
RR2021M,8,john-morrison,damian-priest,,11,14,,,over_top_rope,,,UNKNOWN,TRUE,FALSE,FALSE,FALSE,UNKNOWN,UNKNOWN,FALSE,,CONFIRMED,S212;S213;S214,Eliminated at essentially the same moment as The Miz.
RR2021M,9,dolph-ziggler,kane,,6,18,,,over_top_rope,,,UNKNOWN,TRUE,FALSE,FALSE,FALSE,UNKNOWN,UNKNOWN,FALSE,,CONFIRMED,S212;S213;S214,
RR2021M,10,ricochet,kane,,12,18,,,over_top_rope,,,UNKNOWN,TRUE,FALSE,FALSE,FALSE,UNKNOWN,UNKNOWN,FALSE,,CONFIRMED,S212;S213;S214,
RR2021M,11,kane,damian-priest,,18,14,,,over_top_rope,,,UNKNOWN,TRUE,FALSE,FALSE,FALSE,UNKNOWN,UNKNOWN,FALSE,,CONFIRMED,S212;S213;S214,
RR2021M,12,shinsuke-nakamura,baron-corbin,,7,19,,,over_top_rope,,,UNKNOWN,TRUE,FALSE,FALSE,FALSE,UNKNOWN,UNKNOWN,FALSE,,CONFIRMED,S212;S213;S214,
RR2021M,13,otis,baron-corbin,,20,19,,,over_top_rope,,,UNKNOWN,TRUE,FALSE,FALSE,FALSE,UNKNOWN,UNKNOWN,FALSE,,CONFIRMED,S212;S213;S214,
RR2021M,14,baron-corbin,dominik-mysterio,,19,21,,,over_top_rope,,,UNKNOWN,TRUE,FALSE,FALSE,FALSE,UNKNOWN,UNKNOWN,FALSE,,CONFIRMED,S212;S213;S214,
RR2021M,15,dominik-mysterio,bobby-lashley,,21,22,,,over_top_rope,,,UNKNOWN,TRUE,FALSE,FALSE,FALSE,UNKNOWN,UNKNOWN,FALSE,,CONFIRMED,S212;S213;S214,
RR2021M,16,damian-priest,bobby-lashley,,14,22,,,over_top_rope,,,UNKNOWN,TRUE,FALSE,FALSE,FALSE,UNKNOWN,UNKNOWN,FALSE,,CONFIRMED,S212;S213;S214,
RR2021M,17,the-hurricane,big-e,bobby-lashley,23,10,,,over_top_rope,,,UNKNOWN,FALSE,TRUE,FALSE,FALSE,UNKNOWN,UNKNOWN,FALSE,RR2021M-E17,CONFIRMED,S212;S213;S214,
RR2021M,17,the-hurricane,bobby-lashley,big-e,23,22,,,over_top_rope,,,UNKNOWN,FALSE,TRUE,FALSE,FALSE,UNKNOWN,UNKNOWN,FALSE,RR2021M-E17,CONFIRMED,S212;S213;S214,
RR2021M,18,bobby-lashley,big-e,christian;daniel-bryan;matt-riddle,22,10,,,over_top_rope,,,UNKNOWN,FALSE,TRUE,FALSE,FALSE,UNKNOWN,UNKNOWN,FALSE,RR2021M-E18,CONFIRMED,S212;S213;S214,
RR2021M,18,bobby-lashley,christian,big-e;daniel-bryan;matt-riddle,22,24,,,over_top_rope,,,UNKNOWN,FALSE,TRUE,FALSE,FALSE,UNKNOWN,UNKNOWN,FALSE,RR2021M-E18,CONFIRMED,S212;S213;S214,
RR2021M,18,bobby-lashley,daniel-bryan,big-e;christian;matt-riddle,22,17,,,over_top_rope,,,UNKNOWN,FALSE,TRUE,FALSE,FALSE,UNKNOWN,UNKNOWN,FALSE,RR2021M-E18,CONFIRMED,S212;S213;S214,
RR2021M,18,bobby-lashley,matt-riddle,big-e;christian;daniel-bryan,22,16,,,over_top_rope,,,UNKNOWN,FALSE,TRUE,FALSE,FALSE,UNKNOWN,UNKNOWN,FALSE,RR2021M-E18,CONFIRMED,S212;S213;S214,
RR2021M,19,big-e,omos,,10,,,,over_top_rope,,,UNKNOWN,TRUE,FALSE,FALSE,FALSE,UNKNOWN,UNKNOWN,FALSE,,CONFIRMED,S212;S213;S214,Omos was not an entrant; WWE officially credits him with this elimination.
RR2021M,20,rey-mysterio,omos,,26,,,,over_top_rope,,,UNKNOWN,TRUE,FALSE,FALSE,FALSE,UNKNOWN,UNKNOWN,FALSE,,CONFIRMED,S212;S213;S214,Omos was not an entrant; WWE officially credits him with this elimination.
RR2021M,21,cesaro,braun-strowman,,28,30,,,over_top_rope,,,UNKNOWN,TRUE,FALSE,FALSE,FALSE,UNKNOWN,UNKNOWN,FALSE,,CONFIRMED,S212;S213;S214,
RR2021M,22,sheamus,braun-strowman,,27,30,,,over_top_rope,,,UNKNOWN,TRUE,FALSE,FALSE,FALSE,UNKNOWN,UNKNOWN,FALSE,,CONFIRMED,S212;S213;S214,
RR2021M,23,aj-styles,braun-strowman,,25,30,,,over_top_rope,,,UNKNOWN,TRUE,FALSE,FALSE,FALSE,UNKNOWN,UNKNOWN,FALSE,,CONFIRMED,S212;S213;S214,
RR2021M,24,daniel-bryan,seth-rollins,,17,29,,,over_top_rope,,,UNKNOWN,TRUE,FALSE,FALSE,FALSE,UNKNOWN,UNKNOWN,FALSE,,CONFIRMED,S212;S213;S214,
RR2021M,25,matt-riddle,seth-rollins,,16,29,,,over_top_rope,,,UNKNOWN,TRUE,FALSE,FALSE,FALSE,UNKNOWN,UNKNOWN,FALSE,,CONFIRMED,S212;S213;S214,
RR2021M,26,braun-strowman,edge,christian,30,1,,,over_top_rope,,,UNKNOWN,FALSE,TRUE,FALSE,FALSE,UNKNOWN,UNKNOWN,TRUE,RR2021M-E26,CONFLICTING,S212;S213;S214,WWE official table and Cagematch credit Edge & Christian; CBS lists Edge alone and 411Mania lists Edge & Seth Rollins. See F415.
RR2021M,26,braun-strowman,christian,edge,30,24,,,over_top_rope,,,UNKNOWN,FALSE,TRUE,FALSE,FALSE,UNKNOWN,UNKNOWN,TRUE,RR2021M-E26,CONFLICTING,S212;S213;S214,WWE official table and Cagematch credit Edge & Christian; CBS lists Edge alone and 411Mania lists Edge & Seth Rollins. See F415.
RR2021M,27,christian,seth-rollins,,24,29,,,over_top_rope,,,UNKNOWN,TRUE,FALSE,FALSE,FALSE,UNKNOWN,UNKNOWN,FALSE,,CONFIRMED,S212;S213;S214,
RR2021M,28,seth-rollins,edge,,29,1,,,over_top_rope,,,UNKNOWN,TRUE,FALSE,FALSE,FALSE,UNKNOWN,UNKNOWN,FALSE,,CONFIRMED,S212;S213;S214,
RR2021M,29,randy-orton,edge,,2,1,,,over_top_rope,,,UNKNOWN,TRUE,FALSE,FALSE,FALSE,UNKNOWN,UNKNOWN,FALSE,,CONFIRMED,S212;S213;S214,Final elimination; Orton had spent most of the match outside the ring after being injured in the opening angle but was never eliminated.
RR2021W,1,shotzi-blackheart,shayna-baszler,,5,6,,,over_top_rope,,,,TRUE,FALSE,FALSE,FALSE,,,FALSE,,CONFIRMED,S224;S225;S226,
RR2021W,2,jillian-hall,billie-kay,,8,4,,,over_top_rope,,,,TRUE,FALSE,FALSE,FALSE,,,FALSE,,CONFIRMED,S224;S225;S226,
RR2021W,3,billie-kay,liv-morgan,ruby-riott,4,13,,,over_top_rope,,,,FALSE,TRUE,FALSE,FALSE,,,FALSE,RR2021W-E3,CONFIRMED,S224;S225;S226,
RR2021W,3,billie-kay,ruby-riott,liv-morgan,4,9,,,over_top_rope,,,,FALSE,TRUE,FALSE,FALSE,,,FALSE,RR2021W-E3,CONFIRMED,S224;S225;S226,
RR2021W,4,toni-storm,rhea-ripley,,7,14,,,over_top_rope,,,,TRUE,FALSE,FALSE,FALSE,,,FALSE,,CONFIRMED,S224;S225;S226,
RR2021W,5,victoria,shayna-baszler,,10,6,,,over_top_rope,,,,TRUE,FALSE,FALSE,FALSE,,,FALSE,,CONFIRMED,S224;S225;S226,
RR2021W,6,santana-garrett,rhea-ripley,,12,14,,,over_top_rope,,,,TRUE,FALSE,FALSE,FALSE,,,FALSE,,CONFIRMED,S224;S225;S226,
RR2021W,7,ruby-riott,bayley,,9,1,,,over_top_rope,,,,TRUE,FALSE,FALSE,FALSE,,,FALSE,,CONFIRMED,S224;S225;S226,
RR2021W,8,liv-morgan,bayley,peyton-royce,13,1,,,over_top_rope,,,,FALSE,TRUE,FALSE,FALSE,,,TRUE,RR2021W-E8,CONFLICTING,S224;S225;S226,WWE credits Bayley & Peyton Royce; Cagematch/411Mania credit Peyton Royce alone. WWE tier-1 credit stored; see F419.
RR2021W,8,liv-morgan,peyton-royce,bayley,13,11,,,over_top_rope,,,,FALSE,TRUE,FALSE,FALSE,,,TRUE,RR2021W-E8,CONFLICTING,S224;S225;S226,WWE credits Bayley & Peyton Royce; Cagematch/411Mania credit Peyton Royce alone. WWE tier-1 credit stored; see F419.
RR2021W,9,dana-brooke,rhea-ripley,,16,14,,,over_top_rope,,,,TRUE,FALSE,FALSE,FALSE,,,FALSE,,CONFIRMED,S224;S225;S226,
RR2021W,10,peyton-royce,charlotte-flair,,11,15,,,over_top_rope,,,,TRUE,FALSE,FALSE,FALSE,,,FALSE,,CONFIRMED,S224;S225;S226,
RR2021W,11,torrie-wilson,shayna-baszler,,17,6,,,over_top_rope,,,,TRUE,FALSE,FALSE,FALSE,,,FALSE,,CONFIRMED,S224;S225;S226,
RR2021W,12,bayley,bianca-belair,,1,3,,,over_top_rope,,,,TRUE,FALSE,FALSE,FALSE,,,FALSE,,CONFIRMED,S224;S225;S226,
RR2021W,13,alicia-fox,mandy-rose,,21,22,,,over_top_rope,,,,TRUE,FALSE,FALSE,FALSE,,,FALSE,,CONFIRMED,S224;S225;S226,
RR2021W,14,mickie-james,lacey-evans,,19,18,,,over_top_rope,,,,TRUE,FALSE,FALSE,FALSE,,,FALSE,,CONFIRMED,S224;S225;S226,
RR2021W,15,dakota-kai,rhea-ripley,,23,14,,,over_top_rope,,,,TRUE,FALSE,FALSE,FALSE,,,FALSE,,CONFIRMED,S224;S225;S226,
RR2021W,16,mandy-rose,rhea-ripley,,22,14,,,over_top_rope,,,,TRUE,FALSE,FALSE,FALSE,,,FALSE,,CONFIRMED,S224;S225;S226,
RR2021W,17,nikki-cross,carmella,,20,24,,,over_top_rope,,,,TRUE,FALSE,FALSE,FALSE,,,FALSE,,CONFIRMED,S224;S225;S226,
RR2021W,18,carmella,tamina,,24,25,,,over_top_rope,,,,TRUE,FALSE,FALSE,FALSE,,,TRUE,,CONFLICTING,S224;S225;S226,WWE credits Tamina before Tamina officially entered; Cagematch credits Reginald. WWE tier-1 credit stored; see F419.
RR2021W,19,alexa-bliss,rhea-ripley,,27,14,,,over_top_rope,,,,TRUE,FALSE,FALSE,FALSE,,,FALSE,,CONFIRMED,S224;S225;S226,
RR2021W,20,lacey-evans,shayna-baszler,,18,6,,,over_top_rope,,,,TRUE,FALSE,FALSE,FALSE,,,FALSE,,CONFIRMED,S224;S225;S226,
RR2021W,21,ember-moon,nia-jax,,28,29,,,over_top_rope,,,,TRUE,FALSE,FALSE,FALSE,,,FALSE,,CONFIRMED,S224;S225;S226,
RR2021W,22,naomi,shayna-baszler,nia-jax,2,6,,,over_top_rope,,,,FALSE,TRUE,FALSE,FALSE,,,FALSE,RR2021W-E22,CONFIRMED,S224;S225;S226,
RR2021W,22,naomi,nia-jax,shayna-baszler,2,29,,,over_top_rope,,,,FALSE,TRUE,FALSE,FALSE,,,FALSE,RR2021W-E22,CONFIRMED,S224;S225;S226,
RR2021W,23,tamina,shayna-baszler,nia-jax,25,6,,,over_top_rope,,,,FALSE,TRUE,FALSE,FALSE,,,FALSE,RR2021W-E23,CONFIRMED,S224;S225;S226,
RR2021W,23,tamina,nia-jax,shayna-baszler,25,29,,,over_top_rope,,,,FALSE,TRUE,FALSE,FALSE,,,FALSE,RR2021W-E23,CONFIRMED,S224;S225;S226,
RR2021W,24,shayna-baszler,nia-jax,,6,29,,,over_top_rope,,,,TRUE,FALSE,FALSE,FALSE,,,FALSE,,CONFIRMED,S224;S225;S226,
RR2021W,25,nia-jax,lana,,29,26,,,over_top_rope,,,,TRUE,FALSE,FALSE,FALSE,,,FALSE,,CONFIRMED,S224;S225;S226,
RR2021W,26,lana,natalya,,26,30,,,over_top_rope,,,,TRUE,FALSE,FALSE,FALSE,,,FALSE,,CONFIRMED,S224;S225;S226,
RR2021W,27,natalya,bianca-belair,,30,3,,,over_top_rope,,,,TRUE,FALSE,FALSE,FALSE,,,FALSE,,CONFIRMED,S224;S225;S226,
RR2021W,28,charlotte-flair,bianca-belair,rhea-ripley,15,3,,,over_top_rope,,,,FALSE,TRUE,FALSE,FALSE,,,FALSE,RR2021W-E28,CONFIRMED,S224;S225;S226,
RR2021W,28,charlotte-flair,rhea-ripley,bianca-belair,15,14,,,over_top_rope,,,,FALSE,TRUE,FALSE,FALSE,,,FALSE,RR2021W-E28,CONFIRMED,S224;S225;S226,
RR2021W,29,rhea-ripley,bianca-belair,,14,3,,,over_top_rope,,,,TRUE,FALSE,FALSE,FALSE,,,FALSE,,CONFIRMED,S224;S225;S226,
RR2022M,1,robert-roode,aj-styles,,4,1,,,over_top_rope,,,,TRUE,FALSE,FALSE,FALSE,,,FALSE,,CONFIRMED,S232;S233,
RR2022M,2,shinsuke-nakamura,aj-styles,,2,1,,,over_top_rope,,,,TRUE,FALSE,FALSE,FALSE,,,FALSE,,CONFIRMED,S232;S233,
RR2022M,3,johnny-knoxville,sami-zayn,,9,8,,,over_top_rope,,,,TRUE,FALSE,FALSE,FALSE,,,FALSE,,CONFIRMED,S232;S233,
RR2022M,4,sami-zayn,aj-styles,,8,1,,,over_top_rope,,,,TRUE,FALSE,FALSE,FALSE,,,FALSE,,CONFIRMED,S232;S233,
RR2022M,5,angelo-dawkins,omos,,10,11,,,over_top_rope,,,,TRUE,FALSE,FALSE,FALSE,,,FALSE,,CONFIRMED,S232;S233,
RR2022M,6,montez-ford,omos,,6,11,,,over_top_rope,,,,TRUE,FALSE,FALSE,FALSE,,,FALSE,,CONFIRMED,S232;S233,
RR2022M,7,damian-priest,omos,,7,11,,,over_top_rope,,,,TRUE,FALSE,FALSE,FALSE,,,FALSE,,CONFIRMED,S232;S233,
RR2022M,8,omos,aj-styles,austin-theory;chad-gable;dominik-mysterio;ricochet;ridge-holland,11,1,,,over_top_rope,,,,FALSE,TRUE,FALSE,FALSE,,,FALSE,RR2022M-E8,CONFIRMED,S232;S233,
RR2022M,8,omos,austin-theory,aj-styles;chad-gable;dominik-mysterio;ricochet;ridge-holland,11,3,,,over_top_rope,,,,FALSE,TRUE,FALSE,FALSE,,,FALSE,RR2022M-E8,CONFIRMED,S232;S233,
RR2022M,8,omos,chad-gable,aj-styles;austin-theory;dominik-mysterio;ricochet;ridge-holland,11,13,,,over_top_rope,,,,FALSE,TRUE,FALSE,FALSE,,,FALSE,RR2022M-E8,CONFIRMED,S232;S233,
RR2022M,8,omos,dominik-mysterio,aj-styles;austin-theory;chad-gable;ricochet;ridge-holland,11,14,,,over_top_rope,,,,FALSE,TRUE,FALSE,FALSE,,,FALSE,RR2022M-E8,CONFIRMED,S232;S233,
RR2022M,8,omos,ricochet,aj-styles;austin-theory;chad-gable;dominik-mysterio;ridge-holland,11,12,,,over_top_rope,,,,FALSE,TRUE,FALSE,FALSE,,,FALSE,RR2022M-E8,CONFIRMED,S232;S233,
RR2022M,8,omos,ridge-holland,aj-styles;austin-theory;chad-gable;dominik-mysterio;ricochet,11,5,,,over_top_rope,,,,FALSE,TRUE,FALSE,FALSE,,,FALSE,RR2022M-E8,CONFIRMED,S232;S233,
RR2022M,9,ricochet,baron-corbin,,12,15,,,over_top_rope,,,,TRUE,FALSE,FALSE,FALSE,,,FALSE,,CONFIRMED,S232;S233,
RR2022M,10,dominik-mysterio,baron-corbin,,14,15,,,over_top_rope,,,,TRUE,FALSE,FALSE,FALSE,,,FALSE,,CONFIRMED,S232;S233,
RR2022M,11,austin-theory,aj-styles,,3,1,,,over_top_rope,,,,TRUE,FALSE,FALSE,FALSE,,,FALSE,,CONFIRMED,S232;S233,
RR2022M,12,ridge-holland,aj-styles,,5,1,,,over_top_rope,,,,TRUE,FALSE,FALSE,FALSE,,,FALSE,,CONFIRMED,S232;S233,
RR2022M,13,chad-gable,rick-boogs,,13,18,,,over_top_rope,,,,TRUE,FALSE,FALSE,FALSE,,,FALSE,,CONFIRMED,S232;S233,
RR2022M,14,aj-styles,riddick-moss,,1,19,,,over_top_rope,,,,TRUE,FALSE,FALSE,FALSE,,,FALSE,,CONFIRMED,S232;S233,
RR2022M,15,rick-boogs,baron-corbin,,18,15,,,over_top_rope,,,,TRUE,FALSE,FALSE,FALSE,,,FALSE,,CONFIRMED,S232;S233,
RR2022M,16,riddick-moss,drew-mcintyre,,19,21,,,over_top_rope,,,,TRUE,FALSE,FALSE,FALSE,,,FALSE,,CONFIRMED,S232;S233,
RR2022M,17,baron-corbin,drew-mcintyre,,15,21,,,over_top_rope,,,,TRUE,FALSE,FALSE,FALSE,,,FALSE,,CONFIRMED,S232;S233,
RR2022M,18,kofi-kingston,kevin-owens,,24,22,,,over_top_rope,,,,TRUE,FALSE,FALSE,FALSE,,,FALSE,,CONFIRMED,S232;S233,
RR2022M,19,sheamus,bad-bunny,,17,27,,,over_top_rope,,,,TRUE,FALSE,FALSE,FALSE,,,FALSE,,CONFIRMED,S232;S233,
RR2022M,20,dolph-ziggler,bad-bunny,,16,27,,,over_top_rope,,,,TRUE,FALSE,FALSE,FALSE,,,FALSE,,CONFIRMED,S232;S233,
RR2022M,21,rey-mysterio,otis,,23,25,,,over_top_rope,,,,TRUE,FALSE,FALSE,FALSE,,,FALSE,,CONFIRMED,S232;S233,
RR2022M,22,kevin-owens,shane-mcmahon,,22,28,,,over_top_rope,,,,TRUE,FALSE,FALSE,FALSE,,,FALSE,,CONFIRMED,S232;S233,
RR2022M,23,big-e,randy-orton,matt-riddle,26,29,,,over_top_rope,,,,FALSE,TRUE,FALSE,FALSE,,,FALSE,RR2022M-E23,CONFIRMED,S232;S233,
RR2022M,23,big-e,matt-riddle,randy-orton,26,20,,,over_top_rope,,,,FALSE,TRUE,FALSE,FALSE,,,FALSE,RR2022M-E23,CONFIRMED,S232;S233,
RR2022M,24,otis,randy-orton,matt-riddle,25,29,,,over_top_rope,,,,FALSE,TRUE,FALSE,FALSE,,,FALSE,RR2022M-E24,CONFIRMED,S232;S233,
RR2022M,24,otis,matt-riddle,randy-orton,25,20,,,over_top_rope,,,,FALSE,TRUE,FALSE,FALSE,,,FALSE,RR2022M-E24,CONFIRMED,S232;S233,
RR2022M,25,randy-orton,brock-lesnar,,29,30,,,over_top_rope,,,,TRUE,FALSE,FALSE,FALSE,,,FALSE,,CONFIRMED,S232;S233,
RR2022M,26,bad-bunny,brock-lesnar,,27,30,,,over_top_rope,,,,TRUE,FALSE,FALSE,FALSE,,,FALSE,,CONFIRMED,S232;S233,
RR2022M,27,matt-riddle,brock-lesnar,,20,30,,,over_top_rope,,,,TRUE,FALSE,FALSE,FALSE,,,FALSE,,CONFIRMED,S232;S233,
RR2022M,28,shane-mcmahon,brock-lesnar,,28,30,,,over_top_rope,,,,TRUE,FALSE,FALSE,FALSE,,,FALSE,,CONFIRMED,S232;S233,
RR2022M,29,drew-mcintyre,brock-lesnar,,21,30,,,over_top_rope,,,,TRUE,FALSE,FALSE,FALSE,,,FALSE,,CONFIRMED,S232;S233,
RR2022W,1,melina,sasha-banks,,2,1,,,over_top_rope,,,,TRUE,FALSE,FALSE,FALSE,,,FALSE,,CONFIRMED,S243;S244,
RR2022W,2,kelly-kelly,sasha-banks,,4,1,,,over_top_rope,,,,TRUE,FALSE,FALSE,FALSE,,,FALSE,,CONFIRMED,S243;S244,
RR2022W,3,sasha-banks,zelina-vega,,1,7,,,over_top_rope,,,,TRUE,FALSE,FALSE,FALSE,,,FALSE,,CONFIRMED,S243;S244,
RR2022W,4,dana-brooke,michelle-mccool,,9,10,,,over_top_rope,,,,TRUE,FALSE,FALSE,FALSE,,,FALSE,,CONFIRMED,S243;S244,
RR2022W,5,tamina,natalya,,3,12,,,over_top_rope,,,,TRUE,FALSE,FALSE,FALSE,,,FALSE,,CONFIRMED,S243;S244,
RR2022W,6,cameron,sonya-deville,,13,11,,,over_top_rope,,,,TRUE,FALSE,FALSE,FALSE,,,FALSE,,CONFIRMED,S243;S244,
RR2022W,7,sonya-deville,naomi,,11,14,,,over_top_rope,,,,TRUE,FALSE,FALSE,FALSE,,,FALSE,,CONFIRMED,S243;S244,
RR2022W,8,carmella,rhea-ripley,,15,16,,,over_top_rope,,,,TRUE,FALSE,FALSE,FALSE,,,FALSE,,CONFIRMED,S243;S244,
RR2022W,9,zelina-vega,rhea-ripley,,7,16,,,over_top_rope,,,,TRUE,FALSE,FALSE,FALSE,,,FALSE,,CONFIRMED,S243;S244,
RR2022W,10,aliyah,charlotte-flair,,5,17,,,over_top_rope,,,,TRUE,FALSE,FALSE,FALSE,,,FALSE,,CONFIRMED,S243;S244,
RR2022W,11,naomi,sonya-deville,,14,11,,,over_top_rope,,,,TRUE,FALSE,FALSE,FALSE,,,FALSE,,CONFIRMED,S243;S244,
RR2022W,12,ivory,rhea-ripley,,18,16,,,over_top_rope,,,,TRUE,FALSE,FALSE,FALSE,,,FALSE,,CONFIRMED,S243;S244,
RR2022W,13,michelle-mccool,mickie-james,,10,20,,,over_top_rope,,,,TRUE,FALSE,FALSE,FALSE,,,FALSE,,CONFIRMED,S243;S244,
RR2022W,14,summer-rae,natalya,,23,12,,,over_top_rope,,,,TRUE,FALSE,FALSE,FALSE,,,FALSE,,CONFIRMED,S243;S244,
RR2022W,15,alicia-fox,nikki-bella,,21,24,,,over_top_rope,,,,TRUE,FALSE,FALSE,FALSE,,,FALSE,,CONFIRMED,S243;S244,
RR2022W,16,sarah-logan,brie-bella,nikki-bella,25,19,,,over_top_rope,,,,FALSE,TRUE,FALSE,FALSE,,,FALSE,RR2022W-E16,CONFIRMED,S243;S244,
RR2022W,16,sarah-logan,nikki-bella,brie-bella,25,24,,,over_top_rope,,,,FALSE,TRUE,FALSE,FALSE,,,FALSE,RR2022W-E16,CONFIRMED,S243;S244,
RR2022W,17,liv-morgan,brie-bella,,6,19,,,over_top_rope,,,,TRUE,FALSE,FALSE,FALSE,,,FALSE,,CONFIRMED,S243;S244,
RR2022W,18,mickie-james,lita,,20,26,,,over_top_rope,,,,TRUE,FALSE,FALSE,FALSE,,,FALSE,,CONFIRMED,S243;S244,
RR2022W,19,molly-holly,nikki-cross,,27,22,,,over_top_rope,,,,TRUE,FALSE,FALSE,FALSE,,,FALSE,,CONFIRMED,S243;S244,
RR2022W,20,nikki-cross,ronda-rousey,,22,28,,,over_top_rope,,,,TRUE,FALSE,FALSE,FALSE,,,FALSE,,CONFIRMED,S243;S244,
RR2022W,21,nikki-bella,brie-bella,,24,19,,,over_top_rope,,,,TRUE,FALSE,FALSE,FALSE,,,FALSE,,CONFIRMED,S243;S244,
RR2022W,22,brie-bella,ronda-rousey,,19,28,,,over_top_rope,,,,TRUE,FALSE,FALSE,FALSE,,,FALSE,,CONFIRMED,S243;S244,
RR2022W,23,shotzi-blackheart,ronda-rousey,,29,28,,,over_top_rope,,,,TRUE,FALSE,FALSE,FALSE,,,FALSE,,CONFIRMED,S243;S244,
RR2022W,24,natalya,bianca-belair,,12,8,,,over_top_rope,,,,TRUE,FALSE,FALSE,FALSE,,,FALSE,,CONFIRMED,S243;S244,
RR2022W,25,lita,charlotte-flair,,26,17,,,over_top_rope,,,,TRUE,FALSE,FALSE,FALSE,,,FALSE,,CONFIRMED,S243;S244,
RR2022W,26,rhea-ripley,charlotte-flair,,16,17,,,over_top_rope,,,,TRUE,FALSE,FALSE,FALSE,,,FALSE,,CONFIRMED,S243;S244,
RR2022W,27,shayna-baszler,charlotte-flair,,30,17,,,over_top_rope,,,,TRUE,FALSE,FALSE,FALSE,,,FALSE,,CONFIRMED,S243;S244,
RR2022W,28,bianca-belair,charlotte-flair,,8,17,,,over_top_rope,,,,TRUE,FALSE,FALSE,FALSE,,,FALSE,,CONFIRMED,S243;S244,
RR2022W,29,charlotte-flair,ronda-rousey,,17,28,,,over_top_rope,,,,TRUE,FALSE,FALSE,FALSE,,,FALSE,,CONFIRMED,S243;S244,
RR2023M,1,the-miz,sheamus,,3,2,,,over_top_rope,,,,TRUE,FALSE,FALSE,FALSE,FALSE,,FALSE,,CONFIRMED,S251;S252,
RR2023M,2,karrion-kross,drew-mcintyre,,7,9,,,over_top_rope,,,,TRUE,FALSE,FALSE,FALSE,FALSE,,FALSE,,CONFIRMED,S251;S252,
RR2023M,3,xavier-woods,gunther,,6,1,,,over_top_rope,,,,TRUE,FALSE,FALSE,FALSE,FALSE,,FALSE,,CONFIRMED,S251;S252,
RR2023M,4,kofi-kingston,gunther,,4,1,,,over_top_rope,,,,TRUE,FALSE,FALSE,FALSE,FALSE,,FALSE,,CONFIRMED,S251;S252,
RR2023M,5,santos-escobar,brock-lesnar,,10,12,,,over_top_rope,,,,TRUE,FALSE,FALSE,FALSE,FALSE,,FALSE,,CONFIRMED,S251;S252,
RR2023M,6,angelo-dawkins,brock-lesnar,,11,12,,,over_top_rope,,,,TRUE,FALSE,FALSE,FALSE,FALSE,,FALSE,,CONFIRMED,S251;S252,
RR2023M,7,chad-gable,brock-lesnar,,8,12,,,over_top_rope,,,,TRUE,FALSE,FALSE,FALSE,FALSE,,FALSE,,CONFIRMED,S251;S252,
RR2023M,8,brock-lesnar,bobby-lashley,,12,13,,,over_top_rope,,,,TRUE,FALSE,FALSE,FALSE,FALSE,,FALSE,,CONFIRMED,S251;S252,
RR2023M,9,baron-corbin,seth-rollins,,14,15,,,over_top_rope,,,,TRUE,FALSE,FALSE,FALSE,FALSE,,FALSE,,CONFIRMED,S251;S252,
RR2023M,10,bobby-lashley,seth-rollins,,13,15,,,over_top_rope,,,,TRUE,FALSE,FALSE,FALSE,FALSE,,FALSE,,CONFIRMED,S251;S252,
RR2023M,11,otis,drew-mcintyre,sheamus,16,9,,,over_top_rope,,,,FALSE,TRUE,FALSE,FALSE,FALSE,,FALSE,RR2023M-E11,CONFIRMED,S251;S252,
RR2023M,11,otis,sheamus,drew-mcintyre,16,2,,,over_top_rope,,,,FALSE,TRUE,FALSE,FALSE,FALSE,,FALSE,RR2023M-E11,CONFIRMED,S251;S252,
RR2023M,12,elias,drew-mcintyre,sheamus,19,9,,,over_top_rope,,,,FALSE,TRUE,FALSE,FALSE,FALSE,,FALSE,RR2023M-E12,CONFIRMED,S251;S252,
RR2023M,12,elias,sheamus,drew-mcintyre,19,2,,,over_top_rope,,,,FALSE,TRUE,FALSE,FALSE,FALSE,,FALSE,RR2023M-E12,CONFIRMED,S251;S252,
RR2023M,13,johnny-gargano,dominik-mysterio,finn-balor,5,18,,,over_top_rope,,,,FALSE,TRUE,FALSE,FALSE,FALSE,,FALSE,RR2023M-E13,CONFIRMED,S251;S252,
RR2023M,13,johnny-gargano,finn-balor,dominik-mysterio,5,20,,,over_top_rope,,,,FALSE,TRUE,FALSE,FALSE,FALSE,,FALSE,RR2023M-E13,CONFIRMED,S251;S252,
RR2023M,14,booker-t,gunther,,21,1,,,over_top_rope,,,,TRUE,FALSE,FALSE,FALSE,FALSE,,FALSE,,CONFIRMED,S251;S252,
RR2023M,15,damian-priest,edge,,22,24,,,over_top_rope,,,,TRUE,FALSE,FALSE,FALSE,FALSE,,FALSE,,CONFIRMED,S251;S252,
RR2023M,16,montez-ford,damian-priest,,23,22,,,over_top_rope,,,,TRUE,FALSE,FALSE,FALSE,FALSE,,FALSE,,CONFIRMED,S251;S252,
RR2023M,17,finn-balor,edge,,20,24,,,over_top_rope,,,,TRUE,FALSE,FALSE,FALSE,FALSE,,FALSE,,CONFIRMED,S251;S252,
RR2023M,18,edge,finn-balor,,24,20,,,over_top_rope,,,,TRUE,FALSE,FALSE,FALSE,TRUE,,FALSE,,CONFIRMED,S251;S252,WWE credits Finn Balor after his own elimination.
RR2023M,19,omos,braun-strowman,,26,27,,,over_top_rope,,,,TRUE,FALSE,FALSE,FALSE,FALSE,,FALSE,,CONFIRMED,S251;S252,
RR2023M,20,sheamus,gunther,,2,1,,,over_top_rope,,,,TRUE,FALSE,FALSE,FALSE,FALSE,,FALSE,,CONFIRMED,S251;S252,
RR2023M,21,drew-mcintyre,gunther,,9,1,,,over_top_rope,,,,TRUE,FALSE,FALSE,FALSE,FALSE,,FALSE,,CONFIRMED,S251;S252,
RR2023M,22,dominik-mysterio,cody-rhodes,,18,30,,,over_top_rope,,,,TRUE,FALSE,FALSE,FALSE,FALSE,,FALSE,,CONFIRMED,S251;S252,
RR2023M,23,braun-strowman,cody-rhodes,,27,30,,,over_top_rope,,,,TRUE,FALSE,FALSE,FALSE,FALSE,,FALSE,,CONFIRMED,S251;S252,
RR2023M,24,austin-theory,cody-rhodes,,25,30,,,over_top_rope,,,,TRUE,FALSE,FALSE,FALSE,FALSE,,FALSE,,CONFIRMED,S251;S252,
RR2023M,25,ricochet,austin-theory,,28,25,,,over_top_rope,,,,TRUE,FALSE,FALSE,FALSE,FALSE,,FALSE,,CONFIRMED,S251;S252,
RR2023M,26,seth-rollins,logan-paul,,15,29,,,over_top_rope,,,,TRUE,FALSE,FALSE,FALSE,FALSE,,FALSE,,CONFIRMED,S251;S252,
RR2023M,27,logan-paul,cody-rhodes,,29,30,,,over_top_rope,,,,TRUE,FALSE,FALSE,FALSE,FALSE,,FALSE,,CONFIRMED,S251;S252,
RR2023M,28,gunther,cody-rhodes,,1,30,,,over_top_rope,,,,TRUE,FALSE,FALSE,FALSE,FALSE,,FALSE,,CONFIRMED,S251;S252,
RR2023W,1,b-fab,rhea-ripley,,7,1,,,over_top_rope,,,,TRUE,FALSE,FALSE,FALSE,,,FALSE,,CONFIRMED,S260;S261,
RR2023W,2,dana-brooke,bayley,dakota-kai;io-shirai,3,6,,,over_top_rope,,,,FALSE,TRUE,FALSE,FALSE,,,FALSE,RR2023W-E2,CONFIRMED,S260;S261,
RR2023W,2,dana-brooke,dakota-kai,bayley;io-shirai,3,9,,,over_top_rope,,,,FALSE,TRUE,FALSE,FALSE,,,FALSE,RR2023W-E2,CONFIRMED,S260;S261,
RR2023W,2,dana-brooke,io-shirai,bayley;dakota-kai,3,10,,,over_top_rope,,,,FALSE,TRUE,FALSE,FALSE,,,FALSE,RR2023W-E2,CONFIRMED,S260;S261,
RR2023W,3,emma,dakota-kai,,4,9,,,over_top_rope,,,,TRUE,FALSE,FALSE,FALSE,,,FALSE,,CONFIRMED,S260;S261,
RR2023W,4,roxanne-perez,bayley,dakota-kai;io-shirai,8,6,,,over_top_rope,,,,FALSE,TRUE,FALSE,FALSE,,,FALSE,RR2023W-E4,CONFIRMED,S260;S261,
RR2023W,4,roxanne-perez,dakota-kai,bayley;io-shirai,8,9,,,over_top_rope,,,,FALSE,TRUE,FALSE,FALSE,,,FALSE,RR2023W-E4,CONFIRMED,S260;S261,
RR2023W,4,roxanne-perez,io-shirai,bayley;dakota-kai,8,10,,,over_top_rope,,,,FALSE,TRUE,FALSE,FALSE,,,FALSE,RR2023W-E4,CONFIRMED,S260;S261,
RR2023W,5,natalya,bayley,dakota-kai;io-shirai,11,6,,,over_top_rope,,,,FALSE,TRUE,FALSE,FALSE,,,FALSE,RR2023W-E5,CONFIRMED,S260;S261,
RR2023W,5,natalya,dakota-kai,bayley;io-shirai,11,9,,,over_top_rope,,,,FALSE,TRUE,FALSE,FALSE,,,FALSE,RR2023W-E5,CONFIRMED,S260;S261,
RR2023W,5,natalya,io-shirai,bayley;dakota-kai,11,10,,,over_top_rope,,,,FALSE,TRUE,FALSE,FALSE,,,FALSE,RR2023W-E5,CONFIRMED,S260;S261,
RR2023W,6,shayna-baszler,bayley,dakota-kai;io-shirai,5,6,,,over_top_rope,,,,FALSE,TRUE,FALSE,FALSE,,,FALSE,RR2023W-E6,CONFIRMED,S260;S261,
RR2023W,6,shayna-baszler,dakota-kai,bayley;io-shirai,5,9,,,over_top_rope,,,,FALSE,TRUE,FALSE,FALSE,,,FALSE,RR2023W-E6,CONFIRMED,S260;S261,
RR2023W,6,shayna-baszler,io-shirai,bayley;dakota-kai,5,10,,,over_top_rope,,,,FALSE,TRUE,FALSE,FALSE,,,FALSE,RR2023W-E6,CONFIRMED,S260;S261,
RR2023W,7,candice-lerae,io-shirai,,12,10,,,over_top_rope,,,,TRUE,FALSE,FALSE,FALSE,,,FALSE,,CONFIRMED,S260;S261,
RR2023W,8,tegan-nox,asuka,,16,17,,,over_top_rope,,,,TRUE,FALSE,FALSE,FALSE,,,FALSE,,CONFIRMED,S260;S261,
RR2023W,9,chelsea-green,rhea-ripley,,20,1,,,over_top_rope,,,,TRUE,FALSE,FALSE,FALSE,,,FALSE,,CONFIRMED,S260;S261,
RR2023W,10,dakota-kai,becky-lynch,,9,15,,,over_top_rope,,,,TRUE,FALSE,FALSE,FALSE,,,FALSE,,CONFIRMED,S260;S261,
RR2023W,11,io-shirai,becky-lynch,,10,15,,,over_top_rope,,,,TRUE,FALSE,FALSE,FALSE,,,FALSE,,CONFIRMED,S260;S261,
RR2023W,12,becky-lynch,bayley,,15,6,,,over_top_rope,,,,TRUE,FALSE,FALSE,FALSE,,,FALSE,,CONFIRMED,S260;S261,
RR2023W,13,bayley,liv-morgan,,6,2,,,over_top_rope,,,,TRUE,FALSE,FALSE,FALSE,,,FALSE,,CONFIRMED,S260;S261,
RR2023W,14,xia-li,zelina-vega,,14,21,,,over_top_rope,,,,TRUE,FALSE,FALSE,FALSE,,,FALSE,,CONFIRMED,S260;S261,
RR2023W,15,tamina,michelle-mccool,,19,25,,,over_top_rope,,,,TRUE,FALSE,FALSE,FALSE,,,FALSE,,CONFIRMED,S260;S261,
RR2023W,16,zoey-stark,sonya-deville,,13,27,,,over_top_rope,,,,TRUE,FALSE,FALSE,FALSE,,,FALSE,,CONFIRMED,S260;S261,
RR2023W,17,zelina-vega,lacey-evans,,21,24,,,over_top_rope,,,,TRUE,FALSE,FALSE,FALSE,,,FALSE,,CONFIRMED,S260;S261,
RR2023W,18,indi-hartwell,sonya-deville,,26,27,,,over_top_rope,,,,TRUE,FALSE,FALSE,FALSE,,,FALSE,,CONFIRMED,S260;S261,
RR2023W,19,nia-jax,asuka,lacey-evans;liv-morgan;michelle-mccool;mia-yim;nikki-cross;piper-niven;raquel-rodriguez;rhea-ripley;sonya-deville;shotzi-blackheart,30,17,,,over_top_rope,,,,FALSE,TRUE,FALSE,FALSE,,,FALSE,RR2023W-E19,CONFIRMED,S260;S261,
RR2023W,19,nia-jax,lacey-evans,asuka;liv-morgan;michelle-mccool;mia-yim;nikki-cross;piper-niven;raquel-rodriguez;rhea-ripley;sonya-deville;shotzi-blackheart,30,24,,,over_top_rope,,,,FALSE,TRUE,FALSE,FALSE,,,FALSE,RR2023W-E19,CONFIRMED,S260;S261,
RR2023W,19,nia-jax,liv-morgan,asuka;lacey-evans;michelle-mccool;mia-yim;nikki-cross;piper-niven;raquel-rodriguez;rhea-ripley;sonya-deville;shotzi-blackheart,30,2,,,over_top_rope,,,,FALSE,TRUE,FALSE,FALSE,,,FALSE,RR2023W-E19,CONFIRMED,S260;S261,
RR2023W,19,nia-jax,michelle-mccool,asuka;lacey-evans;liv-morgan;mia-yim;nikki-cross;piper-niven;raquel-rodriguez;rhea-ripley;sonya-deville;shotzi-blackheart,30,25,,,over_top_rope,,,,FALSE,TRUE,FALSE,FALSE,,,FALSE,RR2023W-E19,CONFIRMED,S260;S261,
RR2023W,19,nia-jax,mia-yim,asuka;lacey-evans;liv-morgan;michelle-mccool;nikki-cross;piper-niven;raquel-rodriguez;rhea-ripley;sonya-deville;shotzi-blackheart,30,23,,,over_top_rope,,,,FALSE,TRUE,FALSE,FALSE,,,FALSE,RR2023W-E19,CONFIRMED,S260;S261,
RR2023W,19,nia-jax,nikki-cross,asuka;lacey-evans;liv-morgan;michelle-mccool;mia-yim;piper-niven;raquel-rodriguez;rhea-ripley;sonya-deville;shotzi-blackheart,30,29,,,over_top_rope,,,,FALSE,TRUE,FALSE,FALSE,,,FALSE,RR2023W-E19,CONFIRMED,S260;S261,
RR2023W,19,nia-jax,piper-niven,asuka;lacey-evans;liv-morgan;michelle-mccool;mia-yim;nikki-cross;raquel-rodriguez;rhea-ripley;sonya-deville;shotzi-blackheart,30,18,,,over_top_rope,,,,FALSE,TRUE,FALSE,FALSE,,,FALSE,RR2023W-E19,CONFIRMED,S260;S261,
RR2023W,19,nia-jax,raquel-rodriguez,asuka;lacey-evans;liv-morgan;michelle-mccool;mia-yim;nikki-cross;piper-niven;rhea-ripley;sonya-deville;shotzi-blackheart,30,22,,,over_top_rope,,,,FALSE,TRUE,FALSE,FALSE,,,FALSE,RR2023W-E19,CONFIRMED,S260;S261,
RR2023W,19,nia-jax,rhea-ripley,asuka;lacey-evans;liv-morgan;michelle-mccool;mia-yim;nikki-cross;piper-niven;raquel-rodriguez;sonya-deville;shotzi-blackheart,30,1,,,over_top_rope,,,,FALSE,TRUE,FALSE,FALSE,,,FALSE,RR2023W-E19,CONFIRMED,S260;S261,
RR2023W,19,nia-jax,sonya-deville,asuka;lacey-evans;liv-morgan;michelle-mccool;mia-yim;nikki-cross;piper-niven;raquel-rodriguez;rhea-ripley;shotzi-blackheart,30,27,,,over_top_rope,,,,FALSE,TRUE,FALSE,FALSE,,,FALSE,RR2023W-E19,CONFIRMED,S260;S261,
RR2023W,19,nia-jax,shotzi-blackheart,asuka;lacey-evans;liv-morgan;michelle-mccool;mia-yim;nikki-cross;piper-niven;raquel-rodriguez;rhea-ripley;sonya-deville,30,28,,,over_top_rope,,,,FALSE,TRUE,FALSE,FALSE,,,FALSE,RR2023W-E19,CONFIRMED,S260;S261,
RR2023W,20,lacey-evans,raquel-rodriguez,,24,22,,,over_top_rope,,,,TRUE,FALSE,FALSE,FALSE,,,FALSE,,CONFIRMED,S260;S261,
RR2023W,21,sonya-deville,asuka,,27,17,,,over_top_rope,,,,TRUE,FALSE,FALSE,FALSE,,,FALSE,,CONFIRMED,S260;S261,
RR2023W,22,michelle-mccool,rhea-ripley,,25,1,,,over_top_rope,,,,TRUE,FALSE,FALSE,FALSE,,,FALSE,,CONFIRMED,S260;S261,
RR2023W,23,shotzi-blackheart,mia-yim,,28,23,,,over_top_rope,,,,TRUE,FALSE,FALSE,FALSE,,,FALSE,,CONFIRMED,S260;S261,
RR2023W,24,mia-yim,piper-niven,,23,18,,,over_top_rope,,,,TRUE,FALSE,FALSE,FALSE,,,FALSE,,CONFIRMED,S260;S261,
RR2023W,25,piper-niven,raquel-rodriguez,,18,22,,,over_top_rope,,,,TRUE,FALSE,FALSE,FALSE,,,FALSE,,CONFIRMED,S260;S261,
RR2023W,26,raquel-rodriguez,rhea-ripley,,22,1,,,over_top_rope,,,,TRUE,FALSE,FALSE,FALSE,,,FALSE,,CONFIRMED,S260;S261,
RR2023W,27,nikki-cross,liv-morgan,,29,2,,,over_top_rope,,,,TRUE,FALSE,FALSE,FALSE,,,FALSE,,CONFIRMED,S260;S261,
RR2023W,28,asuka,rhea-ripley,,17,1,,,over_top_rope,,,,TRUE,FALSE,FALSE,FALSE,,,FALSE,,CONFIRMED,S260;S261,
RR2023W,29,liv-morgan,rhea-ripley,,2,1,,,over_top_rope,,,,TRUE,FALSE,FALSE,FALSE,,,FALSE,,CONFIRMED,S260;S261,
RR2024M,1,grayson-waller,carmelo-hayes,,3,5,,,over_top_rope,,,,TRUE,FALSE,,FALSE,,,FALSE,,CONFIRMED,S270;S271;S272,
RR2024M,2,santos-escobar,carlito,,7,10,,,over_top_rope,,,,TRUE,FALSE,,FALSE,,,FALSE,,CONFIRMED,S270;S271;S272,
RR2024M,3,carlito,bobby-lashley,,10,11,,,over_top_rope,,,,TRUE,FALSE,,FALSE,,,FALSE,,CONFIRMED,S270;S271;S272,
RR2024M,4,karrion-kross,bobby-lashley,,8,11,,,over_top_rope,,,,TRUE,FALSE,,FALSE,,,FALSE,,CONFIRMED,S270;S271;S272,
RR2024M,5,bobby-lashley,karrion-kross,,11,8,,,over_top_rope,,,,TRUE,FALSE,,FALSE,,,FALSE,,CONFIRMED,S270;S271;S272,
RR2024M,6,carmelo-hayes,finn-balor,,5,14,,,over_top_rope,,,,TRUE,FALSE,,FALSE,,,FALSE,,CONFIRMED,S270;S271;S272,
RR2024M,7,austin-theory,cody-rhodes,,13,15,,,over_top_rope,,,,TRUE,FALSE,,FALSE,,,FALSE,,CONFIRMED,S270;S271;S272,
RR2024M,8,andrade,bronson-reed,,4,16,,,over_top_rope,,,,TRUE,FALSE,,FALSE,,,FALSE,,CONFIRMED,S270;S271;S272,
RR2024M,9,shinsuke-nakamura,cody-rhodes,,6,15,,,over_top_rope,,,,TRUE,FALSE,,FALSE,,,FALSE,,CONFIRMED,S270;S271;S272,
RR2024M,10,ludwig-kaiser,kofi-kingston,,12,17,,,over_top_rope,,,,TRUE,FALSE,,FALSE,,,FALSE,,CONFIRMED,S270;S271;S272,
RR2024M,11,kofi-kingston,gunther,,17,18,,,over_top_rope,,,,TRUE,FALSE,,FALSE,,,FALSE,,CONFIRMED,S270;S271;S272,
RR2024M,12,jimmy-uso,bron-breakker,,2,20,,,over_top_rope,,,,TRUE,FALSE,,FALSE,,,FALSE,,CONFIRMED,S270;S271;S272,
RR2024M,13,finn-balor,bron-breakker,,14,20,,,over_top_rope,,,,TRUE,FALSE,,FALSE,,,FALSE,,CONFIRMED,S270;S271;S272,
RR2024M,14,bronson-reed,omos,,16,21,,,over_top_rope,,,,TRUE,FALSE,,FALSE,,,FALSE,,CONFIRMED,S270;S271;S272,
RR2024M,15,ivar,bron-breakker,,19,20,,,over_top_rope,,,,TRUE,FALSE,,FALSE,,,FALSE,,CONFIRMED,S270;S271;S272,
RR2024M,16,pat-mcafee,pat-mcafee,,22,22,,,self_elimination,,,,FALSE,FALSE,,TRUE,,,FALSE,,CONFIRMED,S270;S271;S272,
RR2024M,17,omos,bron-breakker,,21,20,,,over_top_rope,,,,TRUE,FALSE,,FALSE,,,FALSE,,CONFIRMED,S270;S271;S272,
RR2024M,18,bron-breakker,dominik-mysterio,,20,9,,,over_top_rope,,,,TRUE,FALSE,,FALSE,,,FALSE,,CONFIRMED,S270;S271;S272,
RR2024M,19,jd-mcdonagh,jey-uso,,23,1,,,over_top_rope,,,,TRUE,FALSE,,FALSE,,,FALSE,,CONFIRMED,S270;S271;S272,
RR2024M,20,r-truth,damian-priest,,24,26,,,over_top_rope,,,,TRUE,FALSE,,FALSE,,,FALSE,,CONFIRMED,S270;S271;S272,
RR2024M,21,dominik-mysterio,cm-punk,,9,27,,,over_top_rope,,,,TRUE,FALSE,,FALSE,,,FALSE,,CONFIRMED,S270;S271;S272,
RR2024M,22,the-miz,gunther,,25,18,,,over_top_rope,,,,TRUE,FALSE,,FALSE,,,FALSE,,CONFIRMED,S270;S271;S272,
RR2024M,23,jey-uso,gunther,,1,18,,,over_top_rope,,,,TRUE,FALSE,,FALSE,,,FALSE,,CONFIRMED,S270;S271;S272,
RR2024M,24,ricochet,drew-mcintyre,,28,29,,,over_top_rope,,,,TRUE,FALSE,,FALSE,,,FALSE,,CONFIRMED,S270;S271;S272,
RR2024M,25,damian-priest,sami-zayn,,26,30,,,over_top_rope,,,,TRUE,FALSE,,FALSE,,,FALSE,,CONFIRMED,S270;S271;S272,
RR2024M,26,sami-zayn,drew-mcintyre,,30,29,,,over_top_rope,,,,TRUE,FALSE,,FALSE,,,FALSE,,CONFIRMED,S270;S271;S272,
RR2024M,27,drew-mcintyre,cm-punk,,29,27,,,over_top_rope,,,,TRUE,FALSE,,FALSE,,,FALSE,,CONFIRMED,S270;S271;S272,
RR2024M,28,gunther,cody-rhodes,,18,15,,,over_top_rope,,,,TRUE,FALSE,,FALSE,,,FALSE,,CONFIRMED,S270;S271;S272,
RR2024M,29,cm-punk,cody-rhodes,,27,15,,,over_top_rope,,,,TRUE,FALSE,,FALSE,,,FALSE,,CONFIRMED,S270;S271;S272,
RR2024W,1,indi-hartwell,bayley,,6,3,,,over_top_rope,,,,TRUE,FALSE,,FALSE,,,FALSE,,CONFIRMED,S292;S293;S294,
RR2024W,2,candice-lerae,asuka,bayley;kairi-sane,4,7,,,over_top_rope,,,,FALSE,TRUE,,FALSE,,,FALSE,RR2024W-E2,CONFIRMED,S292;S293;S294,
RR2024W,2,candice-lerae,bayley,asuka;kairi-sane,4,3,,,over_top_rope,,,,FALSE,TRUE,,FALSE,,,FALSE,RR2024W-E2,CONFIRMED,S292;S293;S294,
RR2024W,2,candice-lerae,kairi-sane,asuka;bayley,4,11,,,over_top_rope,,,,FALSE,TRUE,,FALSE,,,FALSE,RR2024W-E2,CONFIRMED,S292;S293;S294,
RR2024W,3,natalya,tegan-nox,,1,12,,,over_top_rope,,,,TRUE,FALSE,,FALSE,,,FALSE,,CONFIRMED,S292;S293;S294,
RR2024W,4,tegan-nox,bayley,,12,3,,,over_top_rope,,,,TRUE,FALSE,,FALSE,,,FALSE,,CONFIRMED,S292;S293;S294,
RR2024W,5,kairi-sane,kayden-carter,,11,13,,,over_top_rope,,,,TRUE,FALSE,,FALSE,,,FALSE,,CONFIRMED,S292;S293;S294,
RR2024W,6,asuka,kacy-catanzaro,kayden-carter,7,9,,,over_top_rope,,,,FALSE,TRUE,,FALSE,,,FALSE,RR2024W-E6,CONFIRMED,S292;S293;S294,
RR2024W,6,asuka,kayden-carter,kacy-catanzaro,7,13,,,over_top_rope,,,,FALSE,TRUE,,FALSE,,,FALSE,RR2024W-E6,CONFIRMED,S292;S293;S294,
RR2024W,7,jordynne-grace,bianca-belair,,5,10,,,over_top_rope,,,,TRUE,FALSE,,FALSE,,,FALSE,,CONFIRMED,S292;S293;S294,
RR2024W,8,kayden-carter,piper-niven,,13,15,,,over_top_rope,,,,TRUE,FALSE,,FALSE,,,FALSE,,CONFIRMED,S292;S293;S294,
RR2024W,9,xia-li,nia-jax,,16,19,,,over_top_rope,,,,TRUE,FALSE,,FALSE,,,FALSE,,CONFIRMED,S292;S293;S294,
RR2024W,10,ivy-nile,nia-jax,,8,19,,,over_top_rope,,,,TRUE,FALSE,,FALSE,,,FALSE,,CONFIRMED,S292;S293;S294,
RR2024W,11,maxxine-dupri,bayley,,18,3,,,over_top_rope,,,,TRUE,FALSE,,FALSE,,,FALSE,,CONFIRMED,S292;S293;S294,
RR2024W,12,piper-niven,nia-jax,,15,19,,,over_top_rope,,,,TRUE,FALSE,,FALSE,,,FALSE,,CONFIRMED,S292;S293;S294,
RR2024W,13,kacy-catanzaro,nia-jax,,9,19,,,over_top_rope,,,,TRUE,FALSE,,FALSE,,,FALSE,,CONFIRMED,S292;S293;S294,
RR2024W,14,chelsea-green,becky-lynch,,14,21,,,over_top_rope,,,,TRUE,FALSE,,FALSE,,,FALSE,,CONFIRMED,S292;S293;S294,
RR2024W,15,sarah-logan,nia-jax,,24,19,,,over_top_rope,,,,TRUE,FALSE,,FALSE,,,FALSE,,CONFIRMED,S292;S293;S294,
RR2024W,16,alba-fyre,naomi,,22,2,,,over_top_rope,,,,TRUE,FALSE,,FALSE,,,FALSE,,CONFIRMED,S292;S293;S294,
RR2024W,17,zelina-vega,zoey-stark,shayna-baszler,17,26,,,over_top_rope,,,,FALSE,TRUE,,FALSE,,,FALSE,RR2024W-E17,CONFIRMED,S292;S293;S294,
RR2024W,17,zelina-vega,shayna-baszler,zoey-stark,17,23,,,over_top_rope,,,,FALSE,TRUE,,FALSE,,,FALSE,RR2024W-E17,CONFIRMED,S292;S293;S294,
RR2024W,18,shayna-baszler,nia-jax,,23,19,,,over_top_rope,,,,TRUE,FALSE,,FALSE,,,FALSE,,CONFIRMED,S292;S293;S294,
RR2024W,19,mia-yim,nia-jax,,25,19,,,over_top_rope,,,,TRUE,FALSE,,FALSE,,,FALSE,,CONFIRMED,S292;S293;S294,
RR2024W,20,shotzi-blackheart,nia-jax,,20,19,,,over_top_rope,,,,TRUE,FALSE,,FALSE,,,FALSE,,CONFIRMED,S292;S293;S294,
RR2024W,21,nia-jax,jade-cargill,,19,28,,,over_top_rope,,,,TRUE,FALSE,,FALSE,,,FALSE,,CONFIRMED,S292;S293;S294,
RR2024W,22,zoey-stark,liv-morgan,,26,30,,,over_top_rope,,,,TRUE,FALSE,,FALSE,,,FALSE,,CONFIRMED,S292;S293;S294,
RR2024W,23,roxanne-perez,tiffany-stratton,,27,29,,,over_top_rope,,,,TRUE,FALSE,,FALSE,,,FALSE,,CONFIRMED,S292;S293;S294,
RR2024W,24,becky-lynch,naomi,jade-cargill,21,2,,,over_top_rope,,,,FALSE,TRUE,,FALSE,,,FALSE,RR2024W-E24,CONFIRMED,S292;S293;S294,
RR2024W,24,becky-lynch,jade-cargill,naomi,21,28,,,over_top_rope,,,,FALSE,TRUE,,FALSE,,,FALSE,RR2024W-E24,CONFIRMED,S292;S293;S294,
RR2024W,25,naomi,jade-cargill,,2,28,,,over_top_rope,,,,TRUE,FALSE,,FALSE,,,FALSE,,CONFIRMED,S292;S293;S294,
RR2024W,26,bianca-belair,bayley,,10,3,,,over_top_rope,,,,TRUE,FALSE,,FALSE,,,FALSE,,CONFIRMED,S292;S293;S294,
RR2024W,27,tiffany-stratton,bayley,,29,3,,,over_top_rope,,,,TRUE,FALSE,,FALSE,,,FALSE,,CONFIRMED,S292;S293;S294,
RR2024W,28,jade-cargill,liv-morgan,,28,30,,,over_top_rope,,,,TRUE,FALSE,,FALSE,,,FALSE,,CONFIRMED,S292;S293;S294,
RR2024W,29,liv-morgan,bayley,,30,3,,,over_top_rope,,,,TRUE,FALSE,,FALSE,,,FALSE,,CONFIRMED,S292;S293;S294,
RR2025M,1,carmelo-hayes,bron-breakker,,4,7,,,over_top_rope,,,,TRUE,FALSE,,FALSE,,,FALSE,,CONFIRMED,S314;S317;S316,
RR2025M,2,santos-escobar,bron-breakker,,5,7,,,over_top_rope,,,,TRUE,FALSE,,FALSE,,,FALSE,,CONFIRMED,S314;S317;S316,
RR2025M,3,otis,bron-breakker,ishowspeed,6,7,,,over_top_rope,,,,FALSE,TRUE,,FALSE,,,FALSE,RR2025M-E3,CONFIRMED,S314;S317;S316,
RR2025M,3,otis,ishowspeed,bron-breakker,6,8,,,over_top_rope,,,,FALSE,TRUE,,FALSE,,,FALSE,RR2025M-E3,CONFIRMED,S314;S317;S316,
RR2025M,4,ishowspeed,otis,,8,6,,,over_top_rope,,,,TRUE,FALSE,,FALSE,,,TRUE,,CONFLICTING,S314;S317;S316,Replaced Akira Tozawa at No.8.
RR2025M,5,chad-gable,jacob-fatu,,3,12,,,over_top_rope,,,,TRUE,FALSE,,FALSE,,,FALSE,,CONFIRMED,S314;S317;S316,
RR2025M,6,rey-mysterio,jacob-fatu,,1,12,,,over_top_rope,,,,TRUE,FALSE,,FALSE,,,FALSE,,CONFIRMED,S314;S317;S316,
RR2025M,7,andrade,jacob-fatu,,11,12,,,over_top_rope,,,,TRUE,FALSE,,FALSE,,,FALSE,,CONFIRMED,S314;S317;S316,
RR2025M,8,ludwig-kaiser,penta,,13,2,,,over_top_rope,,,,TRUE,FALSE,,FALSE,,,FALSE,,CONFIRMED,S314;S317;S316,
RR2025M,9,the-miz,roman-reigns,,14,16,,,over_top_rope,,,,TRUE,FALSE,,FALSE,,,FALSE,,CONFIRMED,S314;S317;S316,
RR2025M,10,sheamus,roman-reigns,,9,16,,,over_top_rope,,,,TRUE,FALSE,,FALSE,,,FALSE,,CONFIRMED,S314;S317;S316,
RR2025M,11,joe-hendry,roman-reigns,,15,16,,,over_top_rope,,,,TRUE,FALSE,,FALSE,,,FALSE,,CONFIRMED,S314;S317;S316,
RR2025M,12,bron-breakker,roman-reigns,,7,16,,,over_top_rope,,,,TRUE,FALSE,,FALSE,,,FALSE,,CONFIRMED,S314;S317;S316,
RR2025M,13,jimmy-uso,jacob-fatu,,10,12,,,over_top_rope,,,,TRUE,FALSE,,FALSE,,,FALSE,,CONFIRMED,S314;S317;S316,
RR2025M,14,penta,finn-balor,,2,18,,,over_top_rope,,,,TRUE,FALSE,,FALSE,,,FALSE,,CONFIRMED,S314;S317;S316,
RR2025M,15,shinsuke-nakamura,jey-uso,,19,20,,,over_top_rope,,,,TRUE,FALSE,,FALSE,,,FALSE,,CONFIRMED,S314;S317;S316,
RR2025M,16,jacob-fatu,braun-strowman,,12,22,,,over_top_rope,,,,TRUE,FALSE,,FALSE,,,FALSE,,CONFIRMED,S314;S317;S316,
RR2025M,17,braun-strowman,john-cena,,22,23,,,over_top_rope,,,,TRUE,FALSE,,FALSE,,,FALSE,,CONFIRMED,S314;S317;S316,
RR2025M,18,finn-balor,john-cena,,18,23,,,over_top_rope,,,,TRUE,FALSE,,FALSE,,,FALSE,,CONFIRMED,S314;S317;S316,
RR2025M,19,dominik-mysterio,damian-priest,,26,28,,,over_top_rope,,,,TRUE,FALSE,,FALSE,,,FALSE,,CONFIRMED,S314;S317;S316,
RR2025M,20,sami-zayn,jey-uso,,27,20,,,over_top_rope,,,,TRUE,FALSE,,FALSE,,,TRUE,,CONFLICTING,S314;S317;S316,
RR2025M,21,drew-mcintyre,damian-priest,,17,28,,,over_top_rope,,,,TRUE,FALSE,,FALSE,,,FALSE,,CONFIRMED,S314;S317;S316,
RR2025M,22,damian-priest,la-knight,,28,29,,,over_top_rope,,,,TRUE,FALSE,,FALSE,,,FALSE,,CONFIRMED,S314;S317;S316,
RR2025M,23,la-knight,aj-styles,,29,21,,,over_top_rope,,,,TRUE,FALSE,,FALSE,,,FALSE,,CONFIRMED,S314;S317;S316,
RR2025M,24,aj-styles,logan-paul,,21,30,,,over_top_rope,,,,TRUE,FALSE,,FALSE,,,FALSE,,CONFIRMED,S314;S317;S316,
RR2025M,25,seth-rollins,cm-punk,,25,24,,,over_top_rope,,,,TRUE,FALSE,,FALSE,,,FALSE,,CONFIRMED,S314;S317;S316,
RR2025M,26,roman-reigns,cm-punk,,16,24,,,over_top_rope,,,,TRUE,FALSE,,FALSE,,,FALSE,,CONFIRMED,S314;S317;S316,
RR2025M,27,cm-punk,logan-paul,,24,30,,,over_top_rope,,,,TRUE,FALSE,,FALSE,,,FALSE,,CONFIRMED,S314;S317;S316,
RR2025M,28,logan-paul,john-cena,,30,23,,,over_top_rope,,,,TRUE,FALSE,,FALSE,,,FALSE,,CONFIRMED,S314;S317;S316,
RR2025M,29,john-cena,jey-uso,,23,20,,,over_top_rope,,,,TRUE,FALSE,,FALSE,,,FALSE,,CONFIRMED,S314;S317;S316,
RR2025W,1,b-fab,chelsea-green,,6,5,,,over_top_rope,,,,TRUE,FALSE,,FALSE,,,FALSE,,CONFIRMED,S337;S340;S339,
RR2025W,2,lyra-valkyria,ivy-nile,,4,7,,,over_top_rope,,,,TRUE,FALSE,,FALSE,,,FALSE,,CONFIRMED,S337;S340;S339,
RR2025W,3,ivy-nile,maxxine-dupri,,7,14,,,over_top_rope,,,,TRUE,FALSE,,FALSE,,,FALSE,,CONFIRMED,S337;S340;S339,
RR2025W,4,maxxine-dupri,zoey-stark,shayna-baszler;sonya-deville,14,8,,,over_top_rope,,,,FALSE,TRUE,,FALSE,,,TRUE,RR2025W-E4,CONFLICTING,S337;S340;S339,
RR2025W,4,maxxine-dupri,shayna-baszler,zoey-stark;sonya-deville,14,11,,,over_top_rope,,,,FALSE,TRUE,,FALSE,,,TRUE,RR2025W-E4,CONFLICTING,S337;S340;S339,
RR2025W,4,maxxine-dupri,sonya-deville,zoey-stark;shayna-baszler,14,13,,,over_top_rope,,,,FALSE,TRUE,,FALSE,,,TRUE,RR2025W-E4,CONFLICTING,S337;S340;S339,
RR2025W,5,zoey-stark,bianca-belair,naomi,8,10,,,over_top_rope,,,,FALSE,TRUE,,FALSE,,,FALSE,RR2025W-E5,CONFIRMED,S337;S340;S339,
RR2025W,5,zoey-stark,naomi,bianca-belair,8,15,,,over_top_rope,,,,FALSE,TRUE,,FALSE,,,FALSE,RR2025W-E5,CONFIRMED,S337;S340;S339,
RR2025W,6,shayna-baszler,bayley,,11,12,,,over_top_rope,,,,TRUE,FALSE,,FALSE,,,FALSE,,CONFIRMED,S337;S340;S339,
RR2025W,7,sonya-deville,io-shirai,,13,1,,,over_top_rope,,,,TRUE,FALSE,,FALSE,,,FALSE,,CONFIRMED,S337;S340;S339,
RR2025W,8,lash-legend,chelsea-green,,9,5,,,over_top_rope,,,,TRUE,FALSE,,FALSE,,,FALSE,,CONFIRMED,S337;S340;S339,
RR2025W,9,chelsea-green,piper-niven,,5,17,,,over_top_rope,,,,TRUE,FALSE,,FALSE,,,FALSE,,CONFIRMED,S337;S340;S339,
RR2025W,10,jaida-parker,jordynne-grace,,16,19,,,over_top_rope,,,,TRUE,FALSE,,FALSE,,,FALSE,,CONFIRMED,S337;S340;S339,
RR2025W,11,natalya,liv-morgan,,18,2,,,over_top_rope,,,,TRUE,FALSE,,FALSE,,,FALSE,,CONFIRMED,S337;S340;S339,
RR2025W,12,alexa-bliss,liv-morgan,,21,2,,,over_top_rope,,,,TRUE,FALSE,,FALSE,,,FALSE,,CONFIRMED,S337;S340;S339,
RR2025W,13,mia-yim,charlotte-flair,,20,27,,,over_top_rope,,,,TRUE,FALSE,,FALSE,,,FALSE,,CONFIRMED,S337;S340;S339,
RR2025W,14,piper-niven,charlotte-flair,,17,27,,,over_top_rope,,,,TRUE,FALSE,,FALSE,,,FALSE,,CONFIRMED,S337;S340;S339,
RR2025W,15,jordynne-grace,giulia,,19,28,,,over_top_rope,,,,TRUE,FALSE,,FALSE,,,FALSE,,CONFIRMED,S337;S340;S339,
RR2025W,16,zelina-vega,nia-jax,,22,29,,,over_top_rope,,,,TRUE,FALSE,,FALSE,,,FALSE,,CONFIRMED,S337;S340;S339,
RR2025W,17,candice-lerae,trish-stratus,,23,25,,,over_top_rope,,,,TRUE,FALSE,,FALSE,,,FALSE,,CONFIRMED,S337;S340;S339,
RR2025W,18,trish-stratus,nia-jax,,25,29,,,over_top_rope,,,,TRUE,FALSE,,FALSE,,,FALSE,,CONFIRMED,S337;S340;S339,
RR2025W,19,raquel-rodriguez,nia-jax,,26,29,,,over_top_rope,,,,TRUE,FALSE,,FALSE,,,FALSE,,CONFIRMED,S337;S340;S339,
RR2025W,20,stephanie-vaquer,nia-jax,,24,29,,,over_top_rope,,,,TRUE,FALSE,,FALSE,,,FALSE,,CONFIRMED,S337;S340;S339,
RR2025W,21,io-shirai,nia-jax,,1,29,,,over_top_rope,,,,TRUE,FALSE,,FALSE,,,FALSE,,CONFIRMED,S337;S340;S339,
RR2025W,22,naomi,nia-jax,,15,29,,,over_top_rope,,,,TRUE,FALSE,,FALSE,,,FALSE,,CONFIRMED,S337;S340;S339,
RR2025W,23,bianca-belair,nia-jax,,10,29,,,over_top_rope,,,,TRUE,FALSE,,FALSE,,,FALSE,,CONFIRMED,S337;S340;S339,
RR2025W,24,liv-morgan,nia-jax,,2,29,,,over_top_rope,,,,TRUE,FALSE,,FALSE,,,FALSE,,CONFIRMED,S337;S340;S339,
RR2025W,25,giulia,roxanne-perez,,28,3,,,over_top_rope,,,,TRUE,FALSE,,FALSE,,,FALSE,,CONFIRMED,S337;S340;S339,
RR2025W,26,bayley,nikki-bella,,12,30,,,over_top_rope,,,,TRUE,FALSE,,FALSE,,,FALSE,,CONFIRMED,S337;S340;S339,
RR2025W,27,nikki-bella,nia-jax,,30,29,,,over_top_rope,,,,TRUE,FALSE,,FALSE,,,FALSE,,CONFIRMED,S337;S340;S339,
RR2025W,28,nia-jax,charlotte-flair,,29,27,,,over_top_rope,,,,TRUE,FALSE,,FALSE,,,FALSE,,CONFIRMED,S337;S340;S339,
RR2025W,29,roxanne-perez,charlotte-flair,,3,27,,,over_top_rope,,,,TRUE,FALSE,,FALSE,,,FALSE,,CONFIRMED,S337;S340;S339,
RR2026M,1,bron-breakker,oba-femi,,2,1,,,over_top_rope,,,,TRUE,FALSE,,FALSE,,,FALSE,,CONFIRMED,S363;S364;S365;S366,"Attacked before entry, then entered and was eliminated; not a no-show."
RR2026M,2,rusev,oba-femi,,5,1,,,over_top_rope,,,,TRUE,FALSE,,FALSE,,,FALSE,,CONFIRMED,S363;S364;S365;S366,
RR2026M,3,solo-sikoa,oba-femi,,3,1,,,over_top_rope,,,,TRUE,FALSE,,FALSE,,,FALSE,,CONFIRMED,S363;S364;S365;S366,Champion status disputed following Jan30 belt handover; see event flag.
RR2026M,4,rey-mysterio,oba-femi,,4,1,,,over_top_rope,,,,TRUE,FALSE,,FALSE,,,FALSE,,CONFIRMED,S363;S364;S365;S366,
RR2026M,5,zack-ryder,oba-femi,,6,1,,,over_top_rope,,,,TRUE,FALSE,,FALSE,,,FALSE,,CONFIRMED,S363;S364;S365;S366,
RR2026M,6,mr-iguana,trick-williams,,9,10,,,over_top_rope,,,,TRUE,FALSE,,FALSE,,,FALSE,,CONFIRMED,S363;S364;S365;S366,
RR2026M,7,el-grande-americano-ii,el-grande-americano-i,,12,13,,,over_top_rope,,,,TRUE,FALSE,,FALSE,,,FALSE,,CONFIRMED,S363;S364;S365;S366,"Marcel Barthel masked incarnation, distinct from Original El Grande Americano (Charles Betts)."
RR2026M,8,el-grande-americano-i,trick-williams,,13,10,,,over_top_rope,,,,TRUE,FALSE,,FALSE,,,FALSE,,CONFIRMED,S363;S364;S365;S366,Charles Betts masked incarnation.
RR2026M,9,trick-williams,cody-rhodes,,10,11,,,over_top_rope,,,,TRUE,FALSE,,FALSE,,,FALSE,,CONFIRMED,S363;S364;S365;S366,
RR2026M,10,damian-priest,powerhouse-hobbs,,7,14,,,over_top_rope,,,,TRUE,FALSE,,FALSE,,,FALSE,,CONFIRMED,S363;S364;S365;S366,
RR2026M,11,powerhouse-hobbs,bronson-reed,,14,16,,,over_top_rope,,,,TRUE,FALSE,,FALSE,,,TRUE,,CONFLICTING,S363;S364;S365;S366,
RR2026M,12,la-parka-iii,austin-theory,,18,15,,,over_top_rope,,,,TRUE,FALSE,,FALSE,,,TRUE,,CONFLICTING,S363;S364;S365;S366,
RR2026M,13,dragon-lee,bronson-reed,,19,16,,,over_top_rope,,,,TRUE,FALSE,,FALSE,,,TRUE,,CONFLICTING,S363;S364;S365;S366,
RR2026M,14,austin-theory,la-knight,,15,21,,,over_top_rope,,,,TRUE,FALSE,,FALSE,,,FALSE,,CONFIRMED,S363;S364;S365;S366,
RR2026M,15,bronson-reed,la-knight,,16,21,,,over_top_rope,,,,TRUE,FALSE,,FALSE,,,FALSE,,CONFIRMED,S363;S364;S365;S366,
RR2026M,16,ilja-dragunov,brock-lesnar,,17,22,,,over_top_rope,,,,TRUE,FALSE,,FALSE,,,FALSE,,CONFIRMED,S363;S364;S365;S366,
RR2026M,17,rey-fenix,brock-lesnar,,24,22,,,over_top_rope,,,,TRUE,FALSE,,FALSE,,,FALSE,,CONFIRMED,S363;S364;S365;S366,
RR2026M,18,oba-femi,brock-lesnar,,1,22,,,over_top_rope,,,,TRUE,FALSE,,FALSE,,,FALSE,,CONFIRMED,S363;S364;S365;S366,
RR2026M,19,brock-lesnar,cody-rhodes,la-knight,22,11,,,over_top_rope,,,,FALSE,TRUE,,FALSE,,,FALSE,RR2026M-E19,CONFIRMED,S363;S364;S365;S366,
RR2026M,19,brock-lesnar,la-knight,cody-rhodes,22,21,,,over_top_rope,,,,FALSE,TRUE,,FALSE,,,FALSE,RR2026M-E19,CONFIRMED,S363;S364;S365;S366,
RR2026M,20,the-miz,roman-reigns,,23,26,,,over_top_rope,,,,TRUE,FALSE,,FALSE,,,FALSE,,CONFIRMED,S363;S364;S365;S366,
RR2026M,21,la-knight,cody-rhodes,,21,11,,,over_top_rope,,,,TRUE,FALSE,,FALSE,,,FALSE,,CONFIRMED,S363;S364;S365;S366,
RR2026M,22,jevon-evans,randy-orton,,8,29,,,over_top_rope,,,,TRUE,FALSE,,FALSE,,,TRUE,,CONFLICTING,S363;S364;S365;S366,
RR2026M,23,penta,gunther,,28,30,,,over_top_rope,,,,TRUE,FALSE,,FALSE,,,FALSE,,CONFIRMED,S363;S364;S365;S366,
RR2026M,24,cody-rhodes,drew-mcintyre,,11,,,,over_top_rope,,,,TRUE,FALSE,,FALSE,,,TRUE,,CONFLICTING,S363;S364;S365;S366,Eliminated by nonentrant Drew McIntyre; no entry number for external eliminator.
RR2026M,25,jacob-fatu,roman-reigns,,27,26,,,over_top_rope,,,,TRUE,FALSE,,FALSE,,,FALSE,,CONFIRMED,S363;S364;S365;S366,
RR2026M,26,jey-uso,roman-reigns,,25,26,,,over_top_rope,,,,TRUE,FALSE,,FALSE,,,FALSE,,CONFIRMED,S363;S364;S365;S366,
RR2026M,27,logan-paul,roman-reigns,,20,26,,,over_top_rope,,,,TRUE,FALSE,,FALSE,,,FALSE,,CONFIRMED,S363;S364;S365;S366,
RR2026M,28,randy-orton,gunther,,29,30,,,over_top_rope,,,,TRUE,FALSE,,FALSE,,,FALSE,,CONFIRMED,S363;S364;S365;S366,
RR2026M,29,gunther,roman-reigns,,30,26,,,over_top_rope,,,,TRUE,FALSE,,FALSE,,,FALSE,,CONFIRMED,S363;S364;S365;S366,
RR2026W,1,lola-vice,jordynne-grace,,6,8,,,over_top_rope,,,,TRUE,FALSE,,FALSE,,,FALSE,,CONFIRMED,S403;S404;S405;S406,
RR2026W,2,candice-lerae,jordynne-grace,,7,8,,,over_top_rope,,,,TRUE,FALSE,,FALSE,,,FALSE,,CONFIRMED,S403;S404;S405;S406,
RR2026W,3,ivy-nile,jordynne-grace,,5,8,,,over_top_rope,,,,TRUE,FALSE,,FALSE,,,FALSE,,CONFIRMED,S403;S404;S405;S406,
RR2026W,4,nia-jax,charlotte-flair,,4,1,,,over_top_rope,,,,TRUE,FALSE,,FALSE,,,FALSE,,CONFIRMED,S403;S404;S405;S406,
RR2026W,5,alexa-bliss,charlotte-flair,,2,1,,,over_top_rope,,,,TRUE,FALSE,,FALSE,,,FALSE,,CONFIRMED,S403;S404;S405;S406,
RR2026W,6,maxxine-dupri,becky-lynch,,12,9,,,over_top_rope,,,,TRUE,FALSE,,FALSE,,,FALSE,,CONFIRMED,S403;S404;S405;S406,
RR2026W,7,becky-lynch,natalya,,9,13,,,over_top_rope,,,,TRUE,FALSE,,FALSE,,,FALSE,,CONFIRMED,S403;S404;S405;S406,
RR2026W,8,jordynne-grace,lash-legend,,8,15,,,over_top_rope,,,,TRUE,FALSE,,FALSE,,,FALSE,,CONFIRMED,S403;S404;S405;S406,
RR2026W,9,kiana-james,raquel-rodriguez,,3,17,,,over_top_rope,,,,TRUE,FALSE,,FALSE,,,TRUE,,CONFLICTING,S403;S404;S405;S406,
RR2026W,10,zelina-vega,giulia,,16,19,,,over_top_rope,,,,TRUE,FALSE,,FALSE,,,FALSE,,CONFIRMED,S403;S404;S405;S406,
RR2026W,11,chelsea-green,rhea-ripley,,18,22,,,over_top_rope,,,,TRUE,FALSE,,FALSE,,,FALSE,,CONFIRMED,S403;S404;S405;S406,
RR2026W,12,roxanne-perez,rhea-ripley,,11,22,,,over_top_rope,,,,TRUE,FALSE,,FALSE,,,FALSE,,CONFIRMED,S403;S404;S405;S406,
RR2026W,13,natalya,liv-morgan,,13,14,,,over_top_rope,,,,TRUE,FALSE,,FALSE,,,FALSE,,CONFIRMED,S403;S404;S405;S406,
RR2026W,14,giulia,lyra-valkyria,,19,26,,,over_top_rope,,,,TRUE,FALSE,,FALSE,,,FALSE,,CONFIRMED,S403;S404;S405;S406,
RR2026W,15,asuka,kairi-sane,,21,28,,,over_top_rope,,,,TRUE,FALSE,,FALSE,,,FALSE,,CONFIRMED,S403;S404;S405;S406,
RR2026W,16,kairi-sane,io-shirai,,28,20,,,over_top_rope,,,,TRUE,FALSE,,FALSE,,,FALSE,,CONFIRMED,S403;S404;S405;S406,
RR2026W,17,lyra-valkyria,brie-bella,,26,29,,,over_top_rope,,,,TRUE,FALSE,,FALSE,,,TRUE,,CONFLICTING,S403;S404;S405;S406,
RR2026W,18,bayley,nikki-bella,,23,25,,,over_top_rope,,,,TRUE,FALSE,,FALSE,,,TRUE,,CONFLICTING,S403;S404;S405;S406,
RR2026W,19,kelani-jordan,jacy-jayne,,27,24,,,over_top_rope,,,,TRUE,FALSE,,FALSE,,,FALSE,,CONFIRMED,S403;S404;S405;S406,
RR2026W,20,jacy-jayne,sol-ruca,,24,10,,,over_top_rope,,,,TRUE,FALSE,,FALSE,,,FALSE,,CONFIRMED,S403;S404;S405;S406,
RR2026W,21,nikki-bella,lash-legend,,25,15,,,over_top_rope,,,,TRUE,FALSE,,FALSE,,,FALSE,,CONFIRMED,S403;S404;S405;S406,
RR2026W,22,brie-bella,lash-legend,,29,15,,,over_top_rope,,,,TRUE,FALSE,,FALSE,,,FALSE,,CONFIRMED,S403;S404;S405;S406,
RR2026W,23,charlotte-flair,lash-legend,,1,15,,,over_top_rope,,,,TRUE,FALSE,,FALSE,,,FALSE,,CONFIRMED,S403;S404;S405;S406,
RR2026W,24,io-shirai,lash-legend,,20,15,,,over_top_rope,,,,TRUE,FALSE,,FALSE,,,FALSE,,CONFIRMED,S403;S404;S405;S406,
RR2026W,25,lash-legend,rhea-ripley,,15,22,,,over_top_rope,,,,TRUE,FALSE,,FALSE,,,FALSE,,CONFIRMED,S403;S404;S405;S406,
RR2026W,26,rhea-ripley,raquel-rodriguez,,22,17,,,over_top_rope,,,,TRUE,FALSE,,FALSE,,,FALSE,,CONFIRMED,S403;S404;S405;S406,
RR2026W,27,raquel-rodriguez,liv-morgan,,17,14,,,over_top_rope,,,,TRUE,FALSE,,FALSE,,,FALSE,,CONFIRMED,S403;S404;S405;S406,
RR2026W,28,sol-ruca,tiffany-stratton,,10,30,,,over_top_rope,,,,TRUE,FALSE,,FALSE,,,TRUE,,CONFLICTING,S403;S404;S405;S406,
RR2026W,29,tiffany-stratton,liv-morgan,,30,14,,,over_top_rope,,,,TRUE,FALSE,,FALSE,,,FALSE,,CONFIRMED,S403;S404;S405;S406,
RR1996M,28,kama,diesel,,23,,,,over_the_top_rope,Diesel tossed Kama out.,,UNKNOWN,TRUE,FALSE,FALSE,FALSE,FALSE,FALSE,FALSE,,CONFIRMED,S035;S032,"Ring time and elimination order recovered from Wikipedia's structured Royal Rumble (1996) table this pass -- single-primary-sourced (PROBABLE), except where corroborated elsewhere (Vader's 4-elimination total, Michaels' 8-elimination total, and Triple H's 48:04 survival time are all independently corroborated -- see F103). Merged 2026-09-26 from two unmerged research-pass rows for the same elimination (order/clock from S035, method narrative from S032) -- see ROADMAP.md."
RR1996M,29,diesel,shawn-michaels,,22,,,,over_the_top_rope,Diesel turned around after eliminating Kama and was superkicked out by Michaels -- the winning elimination.,,UNKNOWN,TRUE,FALSE,FALSE,FALSE,FALSE,FALSE,FALSE,,CONFIRMED,S035;S032,"Ring time and elimination order recovered from Wikipedia's structured Royal Rumble (1996) table this pass -- single-primary-sourced (PROBABLE), except where corroborated elsewhere (Vader's 4-elimination total, Michaels' 8-elimination total, and Triple H's 48:04 survival time are all independently corroborated -- see F103). Merged 2026-09-26 from two unmerged research-pass rows for the same elimination (order/clock from S035, method narrative from S032) -- see ROADMAP.md."
