event_id,wrestler_id,match_id,entry_number,entry_number_status,ring_name_at_time,name_displayed_at_event,prior_rumble_appearances_count,rumble_appearance_no,is_first_rumble_appearance,previous_rumble_year,previous_rumble_result,previous_rumble_elimination_no,is_rumble_debut,is_company_debut,company_debut_date,is_returning_wrestler,absence_length,age_at_event,age_status,billed_height_m_at_event,billed_weight_kg_at_event,billed_from_at_event,physical_status,alignment,alignment_status,gimmick_at_event,manager_at_event,tag_team_name,faction_stable,current_champion_title,championship_level,championship_partner,reign_number,title_won_date,days_into_reign_at_event,title_defended_same_card,title_lost_same_card,elim_number,elim_number_status,eliminated_by_ids,elimination_clock_time,elimination_clock_seconds,ring_time,ring_time_seconds,ring_time_status,wrestlers_remaining_when_eliminated,wrestlers_eliminated_count,wrestlers_eliminated_ids,solo_eliminations_count,assisted_eliminations_count,self_eliminated,is_winner,is_runner_up,is_final_two,is_final_three,is_final_four,surprise_entrant,legend_returning,celebrity_entrant,non_full_time_wrestler,wrestled_earlier_on_card,was_hof_member_at_time,promotion_at_event,promotion_at_event_status,wrestled_masked,data_quality_status,source_ids,notes,eliminated_by_ids_status
RR1988M,bret-hart,RR1988M,1,CONFIRMED,Bret Hart,Bret Hart,0,1,TRUE,N/A,N/A,N/A,TRUE,FALSE,N/A,FALSE,N/A,"30 Years, 6 Months",DERIVED,1.83,106,"Calgary, Alberta, Canada",PROBABLE,Heel,PROBABLE,Hit Man,Jimmy Hart,The Hart Foundation (w/ Jim Neidhart),,N/A,N/A,N/A,N/A,N/A,N/A,FALSE,FALSE,8,CONFIRMED,don-muraco,25:42,1542,25:42,1542,CONFIRMED,,1,tito-santana,0,1,FALSE,FALSE,FALSE,FALSE,FALSE,FALSE,FALSE,FALSE,FALSE,FALSE,FALSE,FALSE,WWF,PROBABLE,FALSE,CONFIRMED,S001;S004;S008;S448;S1700;S1775,,
RR1988M,tito-santana,RR1988M,2,CONFIRMED,Tito Santana,Tito Santana,0,1,TRUE,N/A,N/A,N/A,TRUE,FALSE,N/A,FALSE,N/A,"34 Years, 8 Months",DERIVED,1.88,106,"Mission, Texas",PROBABLE,Face,PROBABLE,,,,,WWF Tag Team Champion (Strike Force),Tag Team,Rick Martel,1,1987-10-27,89,FALSE,FALSE,2,CONFIRMED,bret-hart;jim-neidhart,10:41,641,10:41,641,CONFIRMED,,0,,0,0,FALSE,FALSE,FALSE,FALSE,FALSE,FALSE,FALSE,FALSE,FALSE,FALSE,FALSE,FALSE,WWF,PROBABLE,FALSE,CONFIRMED,S001;S004;S008;S446;S455;S1700;S1775,Strike Force championship partner and reign dates confirmed by the event account and WWE's official title history.,
RR1988M,butch-reed,RR1988M,3,CONFIRMED,Butch Reed,Butch Reed,0,1,TRUE,N/A,N/A,N/A,TRUE,FALSE,N/A,FALSE,N/A,"33 Years, 6 Months",DERIVED,1.88,119,"Warrensburg, Missouri",PROBABLE,Heel,PROBABLE,The Natural,Slick,,,N/A,N/A,N/A,N/A,N/A,N/A,FALSE,FALSE,1,CONFIRMED,jake-roberts,3:18,198,3:18,198,CONFIRMED,,0,,0,0,FALSE,FALSE,FALSE,FALSE,FALSE,FALSE,FALSE,FALSE,FALSE,FALSE,FALSE,FALSE,WWF,PROBABLE,FALSE,CONFIRMED,S001;S004;S008;S449;S1700;S1775,,
RR1988M,jim-neidhart,RR1988M,4,CONFIRMED,Jim Neidhart,Jim Neidhart,0,1,TRUE,N/A,N/A,N/A,TRUE,FALSE,N/A,FALSE,N/A,"32 Years, 11 Months",DERIVED,1.88,127,"Reno, Nevada",PROBABLE,Heel,PROBABLE,The Anvil,Jimmy Hart,The Hart Foundation (w/ Bret Hart),,N/A,N/A,N/A,N/A,N/A,N/A,FALSE,FALSE,6,CONFIRMED,hillbilly-jim,19:06,1146,19:06,1146,CONFIRMED,,1,tito-santana,0,1,FALSE,FALSE,FALSE,FALSE,FALSE,FALSE,FALSE,FALSE,FALSE,FALSE,FALSE,FALSE,WWF,PROBABLE,FALSE,CONFIRMED,S001;S004;S008;S448;S1700;S1775,,
RR1988M,jake-roberts,RR1988M,5,CONFIRMED,Jake Roberts,Jake Roberts,0,1,TRUE,N/A,N/A,N/A,TRUE,FALSE,N/A,FALSE,N/A,"32 Years, 7 Months",DERIVED,1.98,113,"Stone Mountain, Georgia",PROBABLE,Face,PROBABLE,The Snake,,,,N/A,N/A,N/A,N/A,N/A,N/A,FALSE,FALSE,10,CONFIRMED,one-man-gang,21:52,1312,21:52,1312,CONFIRMED,,2,boris-zhukov;butch-reed,1,1,FALSE,FALSE,FALSE,FALSE,FALSE,FALSE,FALSE,FALSE,FALSE,FALSE,FALSE,FALSE,WWF,PROBABLE,FALSE,CONFIRMED,S001;S004;S008;S447;S1700;S1775,,
RR1988M,harley-race,RR1988M,6,CONFIRMED,Harley Race,Harley Race,0,1,TRUE,N/A,N/A,N/A,TRUE,FALSE,N/A,FALSE,N/A,"44 Years, 9 Months",DERIVED,1.85,111,"Kansas City, Missouri",PROBABLE,Heel,PROBABLE,King,Bobby Heenan,,The Heenan Family,N/A,N/A,N/A,N/A,N/A,N/A,FALSE,FALSE,4,CONFIRMED,don-muraco,10:03,603,10:03,603,CONFIRMED,,0,,0,0,FALSE,FALSE,FALSE,FALSE,FALSE,FALSE,FALSE,FALSE,FALSE,FALSE,FALSE,FALSE,WWF,PROBABLE,FALSE,CONFIRMED,S001;S004;S008;S451;S1700;S1775,,
RR1988M,jim-brunzell,RR1988M,7,CONFIRMED,Jim Brunzell,Jim Brunzell,0,1,TRUE,N/A,N/A,N/A,TRUE,FALSE,N/A,FALSE,N/A,"38 Years, 5 Months",DERIVED,1.88,107,"White Bear Lake, Minnesota",PROBABLE,Face,PROBABLE,,,The Killer Bees (w/ B. Brian Blair),,N/A,N/A,N/A,N/A,N/A,N/A,FALSE,FALSE,5,CONFIRMED,nikolai-volkoff,12:06,726,12:06,726,CONFIRMED,,1,boris-zhukov,0,1,FALSE,FALSE,FALSE,FALSE,FALSE,FALSE,FALSE,FALSE,FALSE,FALSE,FALSE,FALSE,WWF,PROBABLE,FALSE,CONFIRMED,S001;S004;S008;S456;S1700;S1775,,
RR1988M,sam-houston,RR1988M,8,CONFIRMED,Sam Houston,Sam Houston,0,1,TRUE,N/A,N/A,N/A,TRUE,FALSE,N/A,FALSE,N/A,"24 Years, 3 Months",DERIVED,1.88,101,Texas,PROBABLE,Face,PROBABLE,,,,,N/A,N/A,N/A,N/A,N/A,N/A,FALSE,FALSE,7,CONFIRMED,ron-bass,14:39,879,14:39,879,CONFIRMED,,0,,0,0,FALSE,FALSE,FALSE,FALSE,FALSE,FALSE,FALSE,FALSE,FALSE,FALSE,FALSE,FALSE,WWF,PROBABLE,FALSE,CONFIRMED,S001;S004;S008;S1700;S1775,,
RR1988M,danny-davis,RR1988M,9,CONFIRMED,Danny Davis,Danny Davis,0,1,TRUE,N/A,N/A,N/A,TRUE,FALSE,N/A,FALSE,N/A,"31 Years, 7 Months",DERIVED,1.78,104,"Dover, New Hampshire",PROBABLE,Heel,PROBABLE,Dangerous,Jimmy Hart,,,N/A,N/A,N/A,N/A,N/A,N/A,FALSE,FALSE,13,CONFIRMED,jim-duggan,17:51,1071,17:51,1071,CONFIRMED,,0,,0,0,FALSE,FALSE,FALSE,FALSE,FALSE,FALSE,FALSE,FALSE,FALSE,FALSE,FALSE,FALSE,WWF,PROBABLE,FALSE,CONFIRMED,S001;S004;S008;S450;S1700;S1775,,
RR1988M,boris-zhukov,RR1988M,10,CONFIRMED,Boris Zhukov,Boris Zhukov,0,1,TRUE,N/A,N/A,N/A,TRUE,FALSE,N/A,FALSE,N/A,"28 Years, 1 Months",UNKNOWN,1.88,135,Soviet Union,UNCERTAIN,Heel,PROBABLE,,Slick,The Bolsheviks (w/ Nikolai Volkoff),,N/A,N/A,N/A,N/A,N/A,N/A,FALSE,FALSE,3,CONFIRMED,jake-roberts;jim-brunzell,2:33,153,2:33,153,CONFIRMED,,0,,0,0,FALSE,FALSE,FALSE,FALSE,FALSE,FALSE,FALSE,FALSE,FALSE,FALSE,FALSE,FALSE,WWF,PROBABLE,FALSE,CONFIRMED,S001;S004;S008;S454;S1700;S1775,,
RR1988M,don-muraco,RR1988M,11,CONFIRMED,Don Muraco,Don Muraco,0,1,TRUE,N/A,N/A,N/A,TRUE,FALSE,N/A,FALSE,N/A,"38 Years, 4 Months",DERIVED,1.91,120,"Sunset Beach, Hawaii",PROBABLE,Face,PROBABLE,The Rock,,,,N/A,N/A,N/A,N/A,N/A,N/A,FALSE,FALSE,17,CONFIRMED,dino-bravo;one-man-gang,16:16,976,16:16,976,CONFIRMED,,3,bret-hart;harley-race;ron-bass,3,0,FALSE,FALSE,FALSE,FALSE,FALSE,TRUE,FALSE,FALSE,FALSE,FALSE,FALSE,FALSE,WWF,PROBABLE,FALSE,CONFIRMED,S001;S004;S008;S447;S1700;S1775,,
RR1988M,nikolai-volkoff,RR1988M,12,CONFIRMED,Nikolai Volkoff,Nikolai Volkoff,0,1,TRUE,N/A,N/A,N/A,TRUE,FALSE,N/A,FALSE,N/A,"40 Years, 3 Months",DERIVED,1.93,139,"Moscow, RSFSR, Soviet Union",PROBABLE,Heel,PROBABLE,,Slick,The Bolsheviks (w/ Boris Zhukov),,N/A,N/A,N/A,N/A,N/A,N/A,FALSE,FALSE,11,CONFIRMED,jim-duggan,11:40,700,11:40,700,CONFIRMED,,1,jim-brunzell,1,0,FALSE,FALSE,FALSE,FALSE,FALSE,FALSE,FALSE,FALSE,FALSE,FALSE,FALSE,FALSE,WWF,PROBABLE,FALSE,CONFIRMED,S001;S004;S008;S454;S1700;S1775,,
RR1988M,jim-duggan,RR1988M,13,CONFIRMED,Jim Duggan,Jim Duggan,0,1,TRUE,N/A,N/A,N/A,TRUE,FALSE,N/A,FALSE,N/A,"34 Years, 0 Months",DERIVED,1.91,120,"Glens Falls, New York",CONFIRMED,Face,PROBABLE,Hacksaw,,,,N/A,N/A,N/A,N/A,N/A,N/A,FALSE,FALSE,,CONFIRMED,,,,14:43,883,CONFIRMED,,3,danny-davis;nikolai-volkoff;one-man-gang,3,0,FALSE,TRUE,FALSE,TRUE,TRUE,TRUE,FALSE,FALSE,FALSE,FALSE,FALSE,FALSE,WWF,PROBABLE,FALSE,CONFIRMED,S001;S004;S008;S447;S1700;S1775,,
RR1988M,ron-bass,RR1988M,14,CONFIRMED,Ron Bass,Ron Bass,0,1,TRUE,N/A,N/A,N/A,TRUE,FALSE,N/A,FALSE,N/A,"39 Years, 1 Months",DERIVED,1.93,131,"Pampa, Texas",PROBABLE,Heel,PROBABLE,,,,,N/A,N/A,N/A,N/A,N/A,N/A,FALSE,FALSE,16,CONFIRMED,don-muraco,10:14,614,10:14,614,CONFIRMED,,1,sam-houston,1,0,FALSE,FALSE,FALSE,FALSE,FALSE,FALSE,FALSE,FALSE,FALSE,FALSE,FALSE,FALSE,WWF,PROBABLE,FALSE,CONFIRMED,S001;S004;S008;S1700;S1775,,
RR1988M,b-brian-blair,RR1988M,15,CONFIRMED,B. Brian Blair,B. Brian Blair,0,1,TRUE,N/A,N/A,N/A,TRUE,FALSE,N/A,FALSE,N/A,"34 Years, 0 Months",DERIVED,1.85,107,"Gary, Indiana",PROBABLE,Face,PROBABLE,,,The Killer Bees (w/ Jim Brunzell),,N/A,N/A,N/A,N/A,N/A,N/A,FALSE,FALSE,9,CONFIRMED,one-man-gang,5:50,350,5:50,350,CONFIRMED,,0,,0,0,FALSE,FALSE,FALSE,FALSE,FALSE,FALSE,FALSE,FALSE,FALSE,FALSE,FALSE,FALSE,WWF,PROBABLE,FALSE,CONFIRMED,S001;S004;S008;S456;S1700;S1775,,
RR1988M,hillbilly-jim,RR1988M,16,CONFIRMED,Hillbilly Jim,Hillbilly Jim,0,1,TRUE,N/A,N/A,N/A,TRUE,FALSE,N/A,FALSE,N/A,"35 Years, 6 Months",DERIVED,2.01,150,"Mudlick, Kentucky",PROBABLE,Face,PROBABLE,,,,,N/A,N/A,N/A,N/A,N/A,N/A,FALSE,FALSE,12,CONFIRMED,one-man-gang,5:55,355,5:55,355,CONFIRMED,,1,jim-neidhart,1,0,FALSE,FALSE,FALSE,FALSE,FALSE,FALSE,FALSE,FALSE,FALSE,FALSE,FALSE,FALSE,WWF,PROBABLE,FALSE,CONFIRMED,S001;S004;S008;S1700;S1775,,
RR1988M,dino-bravo,RR1988M,17,CONFIRMED,Dino Bravo,Dino Bravo,0,1,TRUE,N/A,N/A,N/A,TRUE,FALSE,N/A,FALSE,N/A,"39 Years, 5 Months",DERIVED,1.85,120,"Montreal, Quebec, Canada",PROBABLE,Heel,PROBABLE,,Frenchy Martin,,,N/A,N/A,N/A,N/A,N/A,N/A,FALSE,FALSE,18,CONFIRMED,one-man-gang,8:12,492,8:12,492,CONFIRMED,,3,don-muraco;junkyard-dog;the-ultimate-warrior,1,2,FALSE,FALSE,FALSE,FALSE,TRUE,TRUE,FALSE,FALSE,FALSE,FALSE,FALSE,FALSE,WWF,PROBABLE,FALSE,CONFIRMED,S001;S004;S008;S446;S452;S1700;S1775,,
RR1988M,the-ultimate-warrior,RR1988M,18,CONFIRMED,The Ultimate Warrior,The Ultimate Warrior,0,1,TRUE,N/A,N/A,N/A,TRUE,FALSE,N/A,FALSE,N/A,"28 Years, 7 Months",DERIVED,1.88,125,Parts Unknown,PROBABLE,Face,PROBABLE,,,,,N/A,N/A,N/A,N/A,N/A,N/A,FALSE,FALSE,14,CONFIRMED,dino-bravo;one-man-gang,3:51,231,3:51,231,CONFIRMED,,0,,0,0,FALSE,FALSE,FALSE,FALSE,FALSE,FALSE,FALSE,FALSE,FALSE,FALSE,FALSE,FALSE,WWF,PROBABLE,FALSE,CONFIRMED,S001;S004;S008;S129;S1700;S1775,,
RR1988M,one-man-gang,RR1988M,19,CONFIRMED,One Man Gang,One Man Gang,0,1,TRUE,N/A,N/A,N/A,TRUE,FALSE,N/A,FALSE,N/A,"27 Years, 11 Months",DERIVED,2.06,204,"Halstead Street, Chicago",CONFIRMED,Heel,PROBABLE,,Slick,,,N/A,N/A,N/A,N/A,N/A,N/A,FALSE,FALSE,19,CONFIRMED,jim-duggan,6:50,410,6:50,410,CONFIRMED,,6,b-brian-blair;dino-bravo;don-muraco;hillbilly-jim;jake-roberts;the-ultimate-warrior,4,2,FALSE,FALSE,TRUE,TRUE,TRUE,TRUE,FALSE,FALSE,FALSE,FALSE,FALSE,FALSE,WWF,PROBABLE,FALSE,CONFIRMED,S001;S004;S008;S453;S1700;S1775,,
RR1988M,junkyard-dog,RR1988M,20,CONFIRMED,Junkyard Dog,Junkyard Dog,0,1,TRUE,N/A,N/A,N/A,TRUE,FALSE,N/A,FALSE,N/A,"35 Years, 1 Months",DERIVED,1.91,130,"Charlotte, North Carolina",PROBABLE,Face,PROBABLE,,,,,N/A,N/A,N/A,N/A,N/A,N/A,FALSE,FALSE,15,CONFIRMED,dino-bravo,2:08,128,2:08,128,CONFIRMED,,0,,0,0,FALSE,FALSE,FALSE,FALSE,FALSE,FALSE,FALSE,FALSE,FALSE,FALSE,FALSE,FALSE,WWF,PROBABLE,FALSE,CONFIRMED,S001;S004;S008;S1700;S1775,,
RR1989M,ax,RR1989M,1,CONFIRMED,Ax,Ax,0,1,TRUE,N/A,N/A,N/A,TRUE,FALSE,N/A,FALSE,N/A,"41 Years, 0 Months, 19 Days",DERIVED,1.91,132,Parts Unknown,PROBABLE,Face,PROBABLE,,,Demolition (w/ Smash),,WWF World Tag Team Champion (Demolition),Tag Team,Smash,1,1988-03-27,294,FALSE,FALSE,4,CONFIRMED,mr-perfect,14:37,877,14:37,877,PROBABLE,,0,,0,0,FALSE,FALSE,FALSE,FALSE,FALSE,FALSE,FALSE,FALSE,FALSE,FALSE,FALSE,FALSE,WWF,PROBABLE,FALSE,CONFIRMED,S014;S015;S1700;S1701;S1702;S1776;S012,,
RR1989M,smash,RR1989M,2,CONFIRMED,Smash,Smash,0,1,TRUE,N/A,N/A,N/A,TRUE,FALSE,N/A,FALSE,N/A,"29 Years, 3 Months, 9 Days",DERIVED,1.88,132,Parts Unknown,PROBABLE,Face,PROBABLE,,,Demolition (w/ Ax),,WWF World Tag Team Champion (Demolition),Tag Team,Ax,1,1988-03-27,294,FALSE,FALSE,1,CONFIRMED,andre-the-giant,4:55,295,04:55,295,PROBABLE,,0,,0,0,FALSE,FALSE,FALSE,FALSE,FALSE,FALSE,FALSE,FALSE,FALSE,FALSE,FALSE,FALSE,WWF,PROBABLE,FALSE,CONFIRMED,S014;S015;S1700;S1701;S1702;S1776;S012,,
RR1989M,andre-the-giant,RR1989M,3,CONFIRMED,Andre the Giant,Andre the Giant,0,1,TRUE,N/A,N/A,N/A,TRUE,FALSE,N/A,FALSE,N/A,"42 Years, 7 Months, 27 Days",DERIVED,2.24,240,"Grenoble, France",PROBABLE,Heel,PROBABLE,,Bobby Heenan,,The Heenan Family,N/A,N/A,N/A,N/A,N/A,N/A,FALSE,FALSE,5,CONFIRMED,andre-the-giant,14:55,895,14:55,895,CONFLICTING,,3,jake-roberts;ronnie-garvin;smash,3,0,TRUE,FALSE,FALSE,FALSE,FALSE,FALSE,FALSE,FALSE,FALSE,FALSE,FALSE,FALSE,WWF,PROBABLE,FALSE,CONFIRMED,S014;S015;S457;S461;S1700;S1776;S012,"S015 (Excel) ring time 14:55 vs S012 (Cageside-style survival-time list) 13:57 -- 58s variance, not rounding. See flags.csv F008. S015's value used as the primary ring_time.",
RR1989M,mr-perfect,RR1989M,4,CONFIRMED,Mr. Perfect,Mr. Perfect,0,1,TRUE,N/A,N/A,N/A,TRUE,FALSE,N/A,FALSE,N/A,"30 Years, 9 Months, 18 Days",DERIVED,1.91,117,"Robbinsdale, Minnesota",PROBABLE,Heel,PROBABLE,Mr. Perfect,,,,N/A,N/A,N/A,N/A,N/A,N/A,FALSE,FALSE,11,CONFIRMED,hulk-hogan,27:58,1678,27:58,1678,PROBABLE,,1,ax,1,0,FALSE,FALSE,FALSE,FALSE,FALSE,FALSE,FALSE,FALSE,FALSE,FALSE,FALSE,FALSE,WWF,PROBABLE,FALSE,CONFIRMED,S014;S015;S461;S1700;S1776;S012,,
RR1989M,ronnie-garvin,RR1989M,5,CONFIRMED,Ronnie Garvin,Ronnie Garvin,0,1,TRUE,N/A,N/A,N/A,TRUE,FALSE,N/A,FALSE,N/A,"43 Years, 9 Months, 16 Days",DERIVED,1.83,110,"Montreal, Quebec, Canada",PROBABLE,Face,PROBABLE,,,,,N/A,N/A,N/A,N/A,N/A,N/A,FALSE,FALSE,2,CONFIRMED,andre-the-giant,02:39,159,02:39,159,PROBABLE,,0,,0,0,FALSE,FALSE,FALSE,FALSE,FALSE,FALSE,FALSE,FALSE,FALSE,FALSE,FALSE,FALSE,WWF,PROBABLE,FALSE,CONFIRMED,S014;S015;S1700;S1776;S012,,
RR1989M,greg-valentine,RR1989M,6,CONFIRMED,Greg Valentine,Greg Valentine,0,1,TRUE,N/A,N/A,N/A,TRUE,FALSE,N/A,FALSE,N/A,"37 Years, 3 Months, 26 Days",DERIVED,1.83,110,"Seattle, Washington",PROBABLE,Heel,PROBABLE,The Hammer,,Rhythm and Blues (w/ Honky Tonk Man),,N/A,N/A,N/A,N/A,N/A,N/A,FALSE,FALSE,8,CONFIRMED,randy-savage,19:52,1192,19:52,1192,PROBABLE,,0,,0,0,FALSE,FALSE,FALSE,FALSE,FALSE,FALSE,FALSE,FALSE,FALSE,FALSE,FALSE,FALSE,WWF,PROBABLE,FALSE,CONFIRMED,S014;S015;S461;S1700;S1776;S012,,
RR1989M,jake-roberts,RR1989M,7,CONFIRMED,Jake Roberts,Jake Roberts,1,2,FALSE,1988,"Eliminated (10th, by One Man Gang)",10,FALSE,FALSE,N/A,FALSE,N/A,"33 Years, 7 Months, 16 Days",DERIVED,1.98,113,"Stone Mountain, Georgia",PROBABLE,Face,PROBABLE,The Snake,,,,N/A,N/A,N/A,N/A,N/A,N/A,FALSE,FALSE,3,CONFIRMED,andre-the-giant,02:08,128,02:08,128,PROBABLE,,0,,0,0,FALSE,FALSE,FALSE,FALSE,FALSE,FALSE,FALSE,FALSE,FALSE,FALSE,FALSE,FALSE,WWF,PROBABLE,FALSE,CONFIRMED,S014;S015;S461;S1700;S1776;S012,,
RR1989M,ron-bass,RR1989M,8,CONFIRMED,Ron Bass,Ron Bass,1,2,FALSE,1988,"Eliminated (16th, by Don Muraco)",16,FALSE,FALSE,N/A,FALSE,N/A,"40 Years, 0 Months, 25 Days",DERIVED,1.93,131,"Harrisburg, Arkansas",PROBABLE,Heel,PROBABLE,,,,,N/A,N/A,N/A,N/A,N/A,N/A,FALSE,FALSE,7,CONFIRMED,shawn-michaels;marty-jannetty,12:36,756,12:36,756,PROBABLE,,0,,0,0,FALSE,FALSE,FALSE,FALSE,FALSE,FALSE,FALSE,FALSE,FALSE,FALSE,FALSE,FALSE,WWF,PROBABLE,FALSE,CONFIRMED,S014;S015;S1700;S1776;S012,,
RR1989M,shawn-michaels,RR1989M,9,CONFIRMED,Shawn Michaels,Shawn Michaels,0,1,TRUE,N/A,N/A,N/A,TRUE,FALSE,N/A,FALSE,N/A,"23 Years, 5 Months, 24 Days",DERIVED,1.85,102,"San Antonio, Texas",PROBABLE,Face,PROBABLE,The Rockers,,The Rockers (w/ Marty Jannetty),,N/A,N/A,N/A,N/A,N/A,N/A,FALSE,FALSE,9,CONFIRMED,randy-savage;arn-anderson,14:30,870,14:30,870,PROBABLE,,1,ron-bass,0,1,FALSE,FALSE,FALSE,FALSE,FALSE,FALSE,FALSE,FALSE,FALSE,FALSE,FALSE,FALSE,WWF,PROBABLE,FALSE,CONFIRMED,S014;S015;S1098;S1700;S1776;S012,,
RR1989M,butch-miller,RR1989M,10,CONFIRMED,Butch Miller,Butch Miller,0,1,TRUE,N/A,N/A,N/A,TRUE,FALSE,N/A,FALSE,N/A,"44 Years, 2 Months, 25 Days",DERIVED,1.85,113,"Auckland, New Zealand",PROBABLE,Face,PROBABLE,,,The Bushwackers (w/ Luke Williams),,N/A,N/A,N/A,N/A,N/A,N/A,FALSE,FALSE,13,CONFIRMED,bad-news-brown,18:13,1093,18:13,1093,PROBABLE,,1,the-honky-tonk-man,0,1,FALSE,FALSE,FALSE,FALSE,FALSE,FALSE,FALSE,FALSE,FALSE,FALSE,FALSE,FALSE,WWF,PROBABLE,FALSE,CONFIRMED,S014;S015;S1700;S1776;S012,,
RR1989M,the-honky-tonk-man,RR1989M,11,CONFIRMED,The Honky Tonk Man,The Honky Tonk Man,0,1,TRUE,N/A,N/A,N/A,TRUE,FALSE,N/A,FALSE,N/A,"35 Years, 11 Months, 21 Days",DERIVED,1.85,112,"Memphis, Tennessee",PROBABLE,Heel,PROBABLE,The Honky Tonk Man,,Rhythm and Blues (w/ Greg Valentine),,N/A,N/A,N/A,N/A,N/A,N/A,FALSE,FALSE,6,CONFIRMED,tito-santana;butch-miller,04:12,252,04:12,252,PROBABLE,,0,,0,0,FALSE,FALSE,FALSE,FALSE,FALSE,FALSE,FALSE,FALSE,FALSE,FALSE,FALSE,FALSE,WWF,PROBABLE,FALSE,CONFIRMED,S014;S015;S461;S1700;S1776;S012,,
RR1989M,tito-santana,RR1989M,12,CONFIRMED,Tito Santana,Tito Santana,1,2,FALSE,1988,"Eliminated (2nd, by Bret Hart/Jim Neidhart)",2,FALSE,FALSE,N/A,FALSE,N/A,"35 Years, 8 Months, 5 Days",DERIVED,1.88,106,"Mission, Texas",PROBABLE,Face,PROBABLE,,,Strike Force (w/ Rick Martel),,N/A,N/A,N/A,N/A,N/A,N/A,FALSE,FALSE,12,CONFIRMED,randy-savage,12:47,767,12:47,767,PROBABLE,,1,the-honky-tonk-man,0,1,FALSE,FALSE,FALSE,FALSE,FALSE,FALSE,FALSE,FALSE,FALSE,FALSE,FALSE,FALSE,WWF,PROBABLE,FALSE,CONFIRMED,S014;S015;S1700;S1776;S012,,
RR1989M,bad-news-brown,RR1989M,13,CONFIRMED,Bad News Brown,Bad News Brown,0,1,TRUE,N/A,N/A,N/A,TRUE,FALSE,N/A,FALSE,N/A,"45 Years, 2 Months, 24 Days",DERIVED,1.91,123,"New York, New York",PROBABLE,Heel,PROBABLE,,,,,N/A,N/A,N/A,N/A,N/A,N/A,FALSE,FALSE,19,CONFIRMED,hulk-hogan,16:24,984,16:24,984,PROBABLE,,1,butch-miller,1,0,FALSE,FALSE,FALSE,FALSE,FALSE,FALSE,FALSE,FALSE,FALSE,FALSE,FALSE,FALSE,WWF,PROBABLE,FALSE,CONFIRMED,S014;S015;S1700;S1776;S012,,
RR1989M,marty-jannetty,RR1989M,14,CONFIRMED,Marty Jannetty,Marty Jannetty,0,1,TRUE,N/A,N/A,N/A,TRUE,FALSE,N/A,FALSE,N/A,"28 Years, 11 Months, 12 Days",DERIVED,1.8,103,"Columbus, Georgia",PROBABLE,Face,PROBABLE,,,The Rockers (w/ Shawn Michaels),,N/A,N/A,N/A,N/A,N/A,N/A,FALSE,FALSE,10,CONFIRMED,tully-blanchard;arn-anderson,07:52,472,07:52,472,PROBABLE,,1,ron-bass,0,1,FALSE,FALSE,FALSE,FALSE,FALSE,FALSE,FALSE,FALSE,FALSE,FALSE,FALSE,FALSE,WWF,PROBABLE,FALSE,CONFIRMED,S014;S015;S1700;S1776;S012,,
RR1989M,randy-savage,RR1989M,15,CONFIRMED,Randy Savage,Randy Savage,0,1,TRUE,N/A,N/A,N/A,TRUE,FALSE,N/A,FALSE,N/A,"36 Years, 2 Months, 0 Days",DERIVED,1.88,108,"Sarasota, Florida",PROBABLE,Face,PROBABLE,Macho Man,,Mega Powers (w/ Hulk Hogan),,WWF World Heavyweight Championship,World,N/A,1,1988-03-27,294,FALSE,FALSE,20,CONFIRMED,hulk-hogan,12:26,746,12:26,746,PROBABLE,,3,greg-valentine;shawn-michaels;tito-santana,2,1,FALSE,FALSE,FALSE,FALSE,FALSE,FALSE,FALSE,FALSE,FALSE,FALSE,FALSE,FALSE,WWF,PROBABLE,FALSE,CONFIRMED,S014;S015;S461;S1700;S1703;S1776;S012,,
RR1989M,arn-anderson,RR1989M,16,CONFIRMED,Arn Anderson,Arn Anderson,0,1,TRUE,N/A,N/A,N/A,TRUE,FALSE,N/A,FALSE,N/A,"30 Years, 3 Months, 26 Days",DERIVED,1.85,116,Minnesota,PROBABLE,Heel,PROBABLE,,,Brain Busters (w/ Tully Blanchard),,N/A,N/A,N/A,N/A,N/A,N/A,FALSE,FALSE,16,CONFIRMED,hulk-hogan,10:00,600,10:00,600,PROBABLE,,2,marty-jannetty;shawn-michaels,0,2,FALSE,FALSE,FALSE,FALSE,FALSE,FALSE,FALSE,FALSE,FALSE,FALSE,FALSE,FALSE,WWF,PROBABLE,FALSE,CONFIRMED,S014;S015;S1700;S1776;S012,,
RR1989M,tully-blanchard,RR1989M,17,CONFIRMED,Tully Blanchard,Tully Blanchard,0,1,TRUE,N/A,N/A,N/A,TRUE,FALSE,N/A,FALSE,N/A,"34 Years, 11 Months, 24 Days",DERIVED,1.78,102,"Edmonton, Alberta, Canada",PROBABLE,Heel,PROBABLE,,,Brain Busters (w/ Arn Anderson),,N/A,N/A,N/A,N/A,N/A,N/A,FALSE,FALSE,17,CONFIRMED,hulk-hogan,08:02,482,08:02,482,PROBABLE,,1,marty-jannetty,0,1,FALSE,FALSE,FALSE,FALSE,FALSE,FALSE,FALSE,FALSE,FALSE,FALSE,FALSE,FALSE,WWF,PROBABLE,FALSE,CONFIRMED,S014;S015;S1700;S1776;S012,,
RR1989M,hulk-hogan,RR1989M,18,CONFIRMED,Hulk Hogan,Hulk Hogan,0,1,TRUE,N/A,N/A,N/A,TRUE,FALSE,N/A,FALSE,N/A,"35 Years, 5 Months, 4 Days",DERIVED,2.01,130,"Venice Beach, California",PROBABLE,Face,PROBABLE,,,Mega Powers (w/ Randy Savage),,N/A,N/A,N/A,N/A,N/A,N/A,FALSE,FALSE,21,CONFIRMED,big-bossman;one-man-gang,11:31,691,11:31,691,PROBABLE,,9,arn-anderson;bad-news-brown;big-bossman;koko-b-ware;luke-williams;mr-perfect;randy-savage;the-warlord;tully-blanchard,5,4,FALSE,FALSE,FALSE,FALSE,FALSE,FALSE,FALSE,FALSE,FALSE,FALSE,FALSE,FALSE,WWF,PROBABLE,FALSE,CONFIRMED,S014;S015;S1700;S1776;S012,,
RR1989M,luke-williams,RR1989M,19,CONFIRMED,Luke Williams,Luke Williams,0,1,TRUE,N/A,N/A,N/A,TRUE,FALSE,N/A,FALSE,N/A,"42 Years, 0 Months, 7 Days",DERIVED,1.83,112,"Wellington, New Zealand",PROBABLE,Face,PROBABLE,,,The Bushwackers (w/ Butch Miller),,N/A,N/A,N/A,N/A,N/A,N/A,FALSE,FALSE,15,CONFIRMED,hulk-hogan,03:08,188,03:08,188,CONFLICTING,,0,,0,0,FALSE,FALSE,FALSE,FALSE,FALSE,FALSE,FALSE,FALSE,FALSE,FALSE,FALSE,FALSE,WWF,PROBABLE,FALSE,CONFIRMED,S014;S015;S1700;S1776;S012,"S015 (Excel) ring time 03:08 vs S012 (Cageside-style survival-time list) 03:18 -- 10s variance, not rounding. See flags.csv F008. S015's value used as the primary ring_time.",
RR1989M,koko-b-ware,RR1989M,20,CONFIRMED,Koko B. Ware,Koko B. Ware,0,1,TRUE,N/A,N/A,N/A,TRUE,FALSE,N/A,FALSE,N/A,"31 Years, 6 Months, 26 Days",DERIVED,1.73,110,"Union City, Tennessee",PROBABLE,Face,PROBABLE,,,,,N/A,N/A,N/A,N/A,N/A,N/A,FALSE,FALSE,14,CONFIRMED,hulk-hogan,01:08,68,01:08,68,PROBABLE,,0,,0,0,FALSE,FALSE,FALSE,FALSE,FALSE,FALSE,FALSE,FALSE,FALSE,FALSE,FALSE,FALSE,WWF,PROBABLE,FALSE,CONFIRMED,S014;S015;S1700;S1776;S012,,
RR1989M,the-warlord,RR1989M,21,CONFIRMED,The Warlord,The Warlord,0,1,TRUE,N/A,N/A,N/A,TRUE,FALSE,N/A,FALSE,N/A,"26 Years, 9 Months, 18 Days",DERIVED,1.96,147,Parts Unknown,PROBABLE,Heel,PROBABLE,,,Powers of Pain (w/ The Barbarian),,N/A,N/A,N/A,N/A,N/A,N/A,FALSE,FALSE,18,CONFIRMED,hulk-hogan,00:03,3,00:03,3,PROBABLE,,0,,0,0,FALSE,FALSE,FALSE,FALSE,FALSE,FALSE,FALSE,FALSE,FALSE,FALSE,FALSE,FALSE,WWF,PROBABLE,FALSE,CONFIRMED,S014;S015;S1700;S1776;S012,,
RR1989M,big-bossman,RR1989M,22,CONFIRMED,Big Bossman,Big Bossman,0,1,TRUE,N/A,N/A,N/A,TRUE,FALSE,N/A,FALSE,N/A,"25 Years, 8 Months, 13 Days",DERIVED,1.98,143,"Cobb County, Georgia",PROBABLE,Heel,PROBABLE,Big Boss Man,,The Twin Towers (w/ Akeem),,N/A,N/A,N/A,N/A,N/A,N/A,FALSE,FALSE,22,CONFIRMED,hulk-hogan,04:18,258,04:18,258,PROBABLE,,1,hulk-hogan,0,1,FALSE,FALSE,FALSE,FALSE,FALSE,FALSE,FALSE,FALSE,FALSE,FALSE,FALSE,FALSE,WWF,PROBABLE,FALSE,CONFIRMED,S014;S015;S461;S1700;S1776,,
RR1989M,one-man-gang,RR1989M,23,CONFIRMED,Akeem,Akeem,1,2,FALSE,1988,"Runner-up (19th, by Jim Duggan)",19,FALSE,FALSE,N/A,FALSE,N/A,"28 Years, 11 Months, 3 Days",DERIVED,2.06,204,"Deepest, Darkest, Africa",CONFIRMED,Heel,PROBABLE,,,The Twin Towers (w/ Big Bossman),,N/A,N/A,N/A,N/A,N/A,N/A,FALSE,FALSE,28,CONFIRMED,big-john-studd,18:36,1116,18:36,1116,CONFLICTING,,2,hulk-hogan;rick-martel,1,1,FALSE,FALSE,FALSE,FALSE,TRUE,TRUE,FALSE,FALSE,FALSE,FALSE,FALSE,FALSE,WWF,PROBABLE,FALSE,CONFIRMED,S014;S015;S1700;S1776;S012,"S015 (Excel) ring time 18:36 vs S012 (Cageside-style survival-time list) 20:31 -- 115s variance, not rounding. See flags.csv F008. S015's value used as the primary ring_time.",
RR1989M,brutus-beefcake,RR1989M,24,CONFIRMED,Brutus Beefcake,Brutus Beefcake,0,1,TRUE,N/A,N/A,N/A,TRUE,FALSE,N/A,FALSE,N/A,"30 Years, 8 Months, 25 Days",DERIVED,1.93,123,"San Francisco, California",PROBABLE,Face,PROBABLE,The Barber,,,,N/A,N/A,N/A,N/A,N/A,N/A,FALSE,FALSE,24,CONFIRMED,ted-dibiase;the-barbarian,13:56,836,13:56,836,CONFLICTING,,0,,0,0,FALSE,FALSE,FALSE,FALSE,FALSE,FALSE,FALSE,FALSE,FALSE,FALSE,FALSE,FALSE,WWF,PROBABLE,FALSE,CONFIRMED,S014;S015;S461;S1700;S1776;S012,"S015 (Excel) ring time 13:56 vs S012 (Cageside-style survival-time list) 14:57 -- 61s variance, not rounding. See flags.csv F008. S015's value used as the primary ring_time.",
RR1989M,red-rooster,RR1989M,25,CONFIRMED,Red Rooster,Red Rooster,0,1,TRUE,N/A,N/A,N/A,TRUE,FALSE,N/A,FALSE,N/A,"33 Years, 5 Months, 3 Days",DERIVED,1.85,102,"Vero Beach, Florida",PROBABLE,Face,PROBABLE,,,,The Heenan Family,N/A,N/A,N/A,N/A,N/A,N/A,FALSE,FALSE,23,CONFIRMED,ted-dibiase,11:17,677,11:17,677,PROBABLE,,0,,0,0,FALSE,FALSE,FALSE,FALSE,FALSE,FALSE,FALSE,FALSE,FALSE,FALSE,FALSE,FALSE,WWF,PROBABLE,FALSE,CONFIRMED,S014;S015;S461;S1700;S1776;S012,,
RR1989M,the-barbarian,RR1989M,26,CONFIRMED,The Barbarian,The Barbarian,0,1,TRUE,N/A,N/A,N/A,TRUE,FALSE,N/A,FALSE,N/A,"30 Years, 4 Months, 9 Days",DERIVED,1.88,136,Parts Unknown,PROBABLE,Heel,PROBABLE,,,Powers of Pain (w/ The Warlord),,N/A,N/A,N/A,N/A,N/A,N/A,FALSE,FALSE,26,CONFIRMED,rick-martel,11:15,675,11:15,675,CONFLICTING,,2,brutus-beefcake;hercules,0,2,FALSE,FALSE,FALSE,FALSE,FALSE,FALSE,FALSE,FALSE,FALSE,FALSE,FALSE,FALSE,WWF,PROBABLE,FALSE,CONFIRMED,S014;S015;S1700;S1776;S012,"S015 (Excel) ring time 11:15 vs S012 (Cageside-style survival-time list) 12:16 -- 61s variance, not rounding. See flags.csv F008. S015's value used as the primary ring_time.",
RR1989M,big-john-studd,RR1989M,27,CONFIRMED,Big John Studd,Big John Studd,0,1,TRUE,N/A,N/A,N/A,TRUE,FALSE,N/A,FALSE,N/A,"40 Years, 10 Months, 27 Days",DERIVED,2.08,165,"Los Angeles, California",PROBABLE,Face,PROBABLE,,,,,N/A,N/A,N/A,N/A,N/A,N/A,FALSE,FALSE,,CONFIRMED,,,,12:21,741,CONFLICTING,,2,one-man-gang;ted-dibiase,2,0,FALSE,TRUE,FALSE,TRUE,TRUE,TRUE,FALSE,FALSE,FALSE,FALSE,FALSE,FALSE,WWF,PROBABLE,FALSE,CONFIRMED,S014;S015;S1700;S1776,"S015 (Excel) ring time 12:21 vs S012 (Cageside-style survival-time list) 14:16 -- 115s variance, not rounding. See flags.csv F008. S015's value used as the primary ring_time.",
RR1989M,hercules,RR1989M,28,CONFIRMED,Hercules,Hercules,0,1,TRUE,N/A,N/A,N/A,TRUE,FALSE,N/A,FALSE,N/A,"32 Years, 8 Months, 8 Days",DERIVED,1.85,122,"Tampa, Florida",PROBABLE,Face,PROBABLE,,,,,N/A,N/A,N/A,N/A,N/A,N/A,FALSE,FALSE,25,CONFIRMED,ted-dibiase;the-barbarian,06:11,371,06:11,371,CONFLICTING,,0,,0,0,FALSE,FALSE,FALSE,FALSE,FALSE,FALSE,FALSE,FALSE,FALSE,FALSE,FALSE,FALSE,WWF,PROBABLE,FALSE,CONFIRMED,S014;S015;S1700;S1776;S012,"S015 (Excel) ring time 06:11 vs S012 (Cageside-style survival-time list) 07:12 -- 61s variance, not rounding. See flags.csv F008. S015's value used as the primary ring_time.",
RR1989M,rick-martel,RR1989M,29,CONFIRMED,Rick Martel,Rick Martel,0,1,TRUE,N/A,N/A,N/A,TRUE,FALSE,N/A,FALSE,N/A,"32 Years, 9 Months, 28 Days",DERIVED,1.83,103,"Montreal, Quebec",PROBABLE,Face,PROBABLE,,,Strike Force (w/ Tito Santana),,N/A,N/A,N/A,N/A,N/A,N/A,FALSE,FALSE,27,CONFIRMED,one-man-gang,05:29,329,05:29,329,CONFLICTING,,1,the-barbarian,1,0,FALSE,FALSE,FALSE,FALSE,FALSE,TRUE,FALSE,FALSE,FALSE,FALSE,FALSE,FALSE,WWF,PROBABLE,FALSE,CONFIRMED,S014;S015;S1700;S1776;S012,"S015 (Excel) ring time 05:29 vs S012 (Cageside-style survival-time list) 07:06 -- 97s variance, not rounding. See flags.csv F008. S015's value used as the primary ring_time.",
RR1989M,ted-dibiase,RR1989M,30,CONFIRMED,Ted DiBiase,Ted DiBiase,0,1,TRUE,N/A,N/A,N/A,TRUE,FALSE,N/A,FALSE,N/A,"34 Years, 11 Months, 28 Days",DERIVED,1.91,118,"Palm Beach, Florida",PROBABLE,Heel,PROBABLE,Million Dollar Man,,,,N/A,N/A,N/A,N/A,N/A,N/A,FALSE,FALSE,29,CONFIRMED,big-john-studd,06:27,387,06:27,387,CONFLICTING,,3,brutus-beefcake;hercules;red-rooster,1,2,FALSE,FALSE,TRUE,TRUE,TRUE,TRUE,FALSE,FALSE,FALSE,FALSE,FALSE,FALSE,WWF,PROBABLE,FALSE,CONFIRMED,S014;S015;S461;S1700;S1776,"S015 (Excel) ring time 06:27 vs S012 (Cageside-style survival-time list) 08:21 -- 114s variance, not rounding. See flags.csv F008. S015's value used as the primary ring_time.",
RR1990M,ted-dibiase,RR1990M,1,CONFIRMED,Ted DiBiase,Ted DiBiase,1,2,FALSE,1989,Runner-up (elim #29),29,FALSE,FALSE,N/A,FALSE,N/A,"36 Years, 0 Months, 3 Days",DERIVED,1.91,118,"Palm Beach, Florida",PROBABLE,Heel,PROBABLE,Million Dollar Man,Virgil,,,N/A,N/A,N/A,N/A,N/A,N/A,FALSE,FALSE,18,CONFIRMED,the-ultimate-warrior,44:47,2687,44:47,2687,PROBABLE,,3,earthquake;koko-b-ware;marty-jannetty,2,1,FALSE,FALSE,FALSE,FALSE,FALSE,FALSE,FALSE,FALSE,FALSE,FALSE,FALSE,FALSE,WWF,PROBABLE,FALSE,CONFIRMED,S016;S017;S462;S458;S1131;S1700;S1777,Event-time billing carried forward from RR1989M for the same documented persona; PROBABLE pending a direct 1990 event source.,
RR1990M,koko-b-ware,RR1990M,2,CONFIRMED,Koko B. Ware,Koko B. Ware,1,2,FALSE,1989,Eliminated (elim #14),14,FALSE,FALSE,N/A,FALSE,N/A,"32 Years, 7 Months, 1 Days",DERIVED,1.73,110,"Union City, Tennessee",PROBABLE,Face,PROBABLE,,,,,N/A,N/A,N/A,N/A,N/A,N/A,FALSE,FALSE,1,CONFIRMED,ted-dibiase,01:36,96,01:36,96,PROBABLE,,0,,0,0,FALSE,FALSE,FALSE,FALSE,FALSE,FALSE,FALSE,FALSE,FALSE,FALSE,FALSE,FALSE,WWF,PROBABLE,FALSE,CONFIRMED,S016;S017;S462;S1108;S1700;S1777,Event-time billing carried forward from RR1989M for the same documented persona; PROBABLE pending a direct 1990 event source.,
RR1990M,marty-jannetty,RR1990M,3,CONFIRMED,Marty Jannetty,Marty Jannetty,1,2,FALSE,1989,Eliminated (elim #10),10,FALSE,FALSE,N/A,FALSE,N/A,"29 Years, 11 Months, 18 Days",DERIVED,1.8,103,"Columbus, Georgia",PROBABLE,Face,PROBABLE,,,The Rockers (w/ Shawn Michaels),,N/A,N/A,N/A,N/A,N/A,N/A,FALSE,FALSE,2,CONFIRMED,ted-dibiase,01:35,95,01:35,95,PROBABLE,,0,,0,0,FALSE,FALSE,FALSE,FALSE,FALSE,FALSE,FALSE,FALSE,FALSE,FALSE,FALSE,FALSE,WWF,PROBABLE,FALSE,CONFIRMED,S016;S017;S462;S1102;S1700;S1777,Event-time billing carried forward from RR1989M for the same documented persona; PROBABLE pending a direct 1990 event source.,
RR1990M,jake-roberts,RR1990M,4,CONFIRMED,Jake Roberts,Jake Roberts,2,3,FALSE,1989,Eliminated (elim #3),3,FALSE,FALSE,N/A,FALSE,N/A,"34 Years, 7 Months, 22 Days",DERIVED,1.98,113,"Stone Mountain, Georgia",PROBABLE,Face,PROBABLE,The Snake,,,,N/A,N/A,N/A,N/A,N/A,N/A,FALSE,FALSE,3,CONFIRMED,randy-savage,10:03,603,10:03,603,PROBABLE,,0,,0,0,FALSE,FALSE,FALSE,FALSE,FALSE,FALSE,FALSE,FALSE,FALSE,FALSE,FALSE,FALSE,WWF,PROBABLE,FALSE,CONFIRMED,S016;S017;S462;S1080;S1700;S1777,Event-time billing carried forward from RR1989M for the same documented persona; PROBABLE pending a direct 1990 event source.,
RR1990M,randy-savage,RR1990M,5,CONFIRMED,Randy Savage,Randy Savage,1,2,FALSE,1989,Eliminated (elim #20),20,FALSE,FALSE,N/A,FALSE,N/A,"37 Years, 2 Months, 6 Days",DERIVED,1.88,108,"Sarasota, Florida",PROBABLE,Heel,PROBABLE,Macho King,,,,N/A,N/A,N/A,N/A,N/A,N/A,FALSE,FALSE,4,CONFIRMED,dusty-rhodes,10:10,610,10:10,610,PROBABLE,,1,jake-roberts,1,0,FALSE,FALSE,FALSE,FALSE,FALSE,FALSE,FALSE,FALSE,FALSE,FALSE,FALSE,FALSE,WWF,PROBABLE,FALSE,CONFIRMED,S016;S017;S462;S1103;S1700;S1777,Event-time billing carried forward from RR1989M for the same documented persona; PROBABLE pending a direct 1990 event source.,
RR1990M,roddy-piper,RR1990M,6,CONFIRMED,Roddy Piper,Roddy Piper,0,1,TRUE,N/A,N/A,N/A,TRUE,FALSE,N/A,FALSE,N/A,"35 Years, 9 Months, 4 Days",DERIVED,1.88,104,"Glasgow, Scotland",CONFIRMED,Face,PROBABLE,Rowdy,,,,N/A,N/A,N/A,N/A,N/A,N/A,FALSE,FALSE,7,CONFIRMED,bad-news-brown,12:20,740,12:20,740,PROBABLE,,1,bad-news-brown,1,0,FALSE,FALSE,FALSE,FALSE,FALSE,FALSE,FALSE,FALSE,FALSE,FALSE,FALSE,FALSE,WWF,PROBABLE,FALSE,CONFIRMED,S016;S017;S022;S131;S132;S462;S534;S1114;S1700;S1777,,
RR1990M,the-warlord,RR1990M,7,CONFIRMED,The Warlord,The Warlord,1,2,FALSE,1989,Eliminated (elim #18),18,FALSE,FALSE,N/A,FALSE,N/A,"27 Years, 9 Months, 24 Days",DERIVED,1.96,147,Parts Unknown,PROBABLE,Heel,PROBABLE,,,The Powers of Pain (w/ The Barbarian),,N/A,N/A,N/A,N/A,N/A,N/A,FALSE,FALSE,5,CONFIRMED,andre-the-giant,08:16,496,08:16,496,PROBABLE,,0,,0,0,FALSE,FALSE,FALSE,FALSE,FALSE,FALSE,FALSE,FALSE,FALSE,FALSE,FALSE,FALSE,WWF,PROBABLE,FALSE,CONFIRMED,S016;S017;S462;S1131;S1700;S1777,Event-time billing carried forward from RR1989M for the same documented persona; PROBABLE pending a direct 1990 event source.,
RR1990M,bret-hart,RR1990M,8,CONFIRMED,Bret Hart,Bret Hart,1,2,FALSE,1988,Eliminated (elim #8),8,FALSE,FALSE,N/A,FALSE,N/A,"32 Years, 6 Months, 19 Days",DERIVED,1.83,106,"Calgary, Alberta, Canada",PROBABLE,Face,PROBABLE,Hit Man,,The Hart Foundation (w/ Jim Neidhart),,N/A,N/A,N/A,N/A,N/A,N/A,FALSE,FALSE,9,CONFIRMED,dusty-rhodes,16:16,976,16:16,976,PROBABLE,,0,,0,0,FALSE,FALSE,FALSE,FALSE,FALSE,FALSE,FALSE,FALSE,FALSE,FALSE,FALSE,FALSE,WWF,PROBABLE,FALSE,CONFIRMED,S016;S017;S462;S1076;S1700;S1777,Event-time billing carried forward from RR1988M for the same documented persona; PROBABLE pending a direct 1990 event source.,
RR1990M,bad-news-brown,RR1990M,9,CONFIRMED,Bad News Brown,Bad News Brown,1,2,FALSE,1989,Eliminated (elim #19),19,FALSE,FALSE,N/A,FALSE,N/A,"46 Years, 2 Months, 30 Days",DERIVED,1.91,123,"New York, New York",PROBABLE,Tweener,PROBABLE,,,,,N/A,N/A,N/A,N/A,N/A,N/A,FALSE,FALSE,6,CONFIRMED,roddy-piper,06:04,364,06:04,364,PROBABLE,,1,roddy-piper,1,0,FALSE,FALSE,FALSE,FALSE,FALSE,FALSE,FALSE,FALSE,FALSE,FALSE,FALSE,FALSE,WWF,PROBABLE,FALSE,CONFIRMED,S016;S017;S462;S1101;S1700;S1777,Event-time billing carried forward from RR1989M for the same documented persona; PROBABLE pending a direct 1990 event source.,
RR1990M,dusty-rhodes,RR1990M,10,CONFIRMED,Dusty Rhodes,Dusty Rhodes,0,1,TRUE,N/A,N/A,N/A,TRUE,FALSE,N/A,FALSE,N/A,"44 Years, 3 Months, 10 Days",DERIVED,1.88,125,"Austin, Texas",CONFIRMED,Face,PROBABLE,,,,,N/A,N/A,N/A,N/A,N/A,N/A,FALSE,FALSE,12,CONFIRMED,earthquake,18:18,1098,18:18,1098,PROBABLE,,2,bret-hart;randy-savage,2,0,FALSE,FALSE,FALSE,FALSE,FALSE,FALSE,FALSE,FALSE,FALSE,FALSE,FALSE,FALSE,WWF,PROBABLE,FALSE,CONFIRMED,S016;S017;S022;S024;S131;S132;S535;S1115;S1700;S1777,,
RR1990M,andre-the-giant,RR1990M,11,CONFIRMED,Andre the Giant,Andre the Giant,1,2,FALSE,1989,Eliminated (elim #5),5,FALSE,FALSE,N/A,FALSE,N/A,"43 Years, 8 Months, 2 Days",DERIVED,2.24,240,"Grenoble, France",PROBABLE,Heel,PROBABLE,,,The Colossal Connection (w/ Haku),The Heenan Family,WWF World Tag Team Champion (Colossal Connection),Tag Team,Haku,1,1989-12-30,22,FALSE,FALSE,10,CONFIRMED,ax;smash,10:16,616,10:16,616,PROBABLE,,2,red-rooster;the-warlord,2,0,FALSE,FALSE,FALSE,FALSE,FALSE,FALSE,FALSE,FALSE,FALSE,FALSE,FALSE,FALSE,WWF,PROBABLE,FALSE,CONFIRMED,S016;S017;S462;S458;S1094;S1700;S1777,Event-time billing carried forward from RR1989M for the same documented persona; PROBABLE pending a direct 1990 event source.,
RR1990M,red-rooster,RR1990M,12,CONFIRMED,Red Rooster,Red Rooster,1,2,FALSE,1989,Eliminated (elim #23),23,FALSE,FALSE,N/A,FALSE,N/A,"34 Years, 5 Months, 9 Days",DERIVED,1.85,102,"Vero Beach, Florida",PROBABLE,Face,PROBABLE,,,,,N/A,N/A,N/A,N/A,N/A,N/A,FALSE,FALSE,8,CONFIRMED,andre-the-giant,01:58,118,01:58,118,PROBABLE,,0,,0,0,FALSE,FALSE,FALSE,FALSE,FALSE,FALSE,FALSE,FALSE,FALSE,FALSE,FALSE,FALSE,WWF,PROBABLE,FALSE,CONFIRMED,S016;S017;S462;S1131;S1700;S1777,Event-time billing carried forward from RR1989M for the same documented persona; PROBABLE pending a direct 1990 event source.,
RR1990M,ax,RR1990M,13,CONFIRMED,Demolition Ax,Demolition Ax,1,2,FALSE,1989,Eliminated (elim #4),4,FALSE,FALSE,N/A,FALSE,N/A,"42 Years, 0 Months, 25 Days",DERIVED,1.91,132,Parts Unknown,PROBABLE,Face,PROBABLE,,,Demolition (w/ Smash),,N/A,N/A,N/A,N/A,N/A,N/A,FALSE,FALSE,13,CONFIRMED,earthquake,12:50,770,12:50,770,PROBABLE,,1,andre-the-giant,0,1,FALSE,FALSE,FALSE,FALSE,FALSE,FALSE,FALSE,FALSE,FALSE,FALSE,FALSE,FALSE,WWF,PROBABLE,FALSE,CONFIRMED,S016;S017;S462;S1093;S1700;S1777,Event-time billing carried forward from RR1989M for the same documented persona; PROBABLE pending a direct 1990 event source.,
RR1990M,haku,RR1990M,14,CONFIRMED,Haku,Haku,0,1,TRUE,N/A,N/A,N/A,TRUE,FALSE,N/A,FALSE,N/A,"30 Years, 11 Months, 18 Days",DERIVED,1.85,125,Tonga,PROBABLE,Heel,PROBABLE,,,The Colossal Connection (w/ Andre the Giant),The Heenan Family,WWF World Tag Team Champion (Colossal Connection),Tag Team,Andre the Giant,1,1989-12-30,22,FALSE,FALSE,20,CONFIRMED,hulk-hogan,22:31,1351,22:31,1351,PROBABLE,,2,earthquake;smash,1,1,FALSE,FALSE,FALSE,FALSE,FALSE,FALSE,FALSE,FALSE,FALSE,FALSE,FALSE,FALSE,WWF,PROBABLE,FALSE,CONFIRMED,S016;S017;S462;S458;S536;S022;S1116;S1700;S1777,,
RR1990M,smash,RR1990M,15,CONFIRMED,Demolition Smash,Demolition Smash,1,2,FALSE,1989,Eliminated (elim #1),1,FALSE,FALSE,N/A,FALSE,N/A,"30 Years, 3 Months, 15 Days",DERIVED,1.88,132,Parts Unknown,PROBABLE,Face,PROBABLE,,,Demolition (w/ Ax),,N/A,N/A,N/A,N/A,N/A,N/A,FALSE,FALSE,16,CONFIRMED,haku,15:01,901,15:01,901,PROBABLE,,2,andre-the-giant;earthquake,0,2,FALSE,FALSE,FALSE,FALSE,FALSE,FALSE,FALSE,FALSE,FALSE,FALSE,FALSE,FALSE,WWF,PROBABLE,FALSE,CONFIRMED,S016;S017;S462;S1131;S1700;S1777,Event-time billing carried forward from RR1989M for the same documented persona; PROBABLE pending a direct 1990 event source.,
RR1990M,one-man-gang,RR1990M,16,CONFIRMED,Akeem,Akeem,2,3,FALSE,1989,Eliminated (elim #28),28,FALSE,FALSE,N/A,FALSE,N/A,"29 Years, 11 Months, 9 Days",DERIVED,2.06,204,"Deepest, Darkest, Africa",PROBABLE,Heel,PROBABLE,,,The Twin Towers (w/ Big Boss Man),,N/A,N/A,N/A,N/A,N/A,N/A,FALSE,FALSE,11,CONFIRMED,jimmy-snuka,02:31,151,02:31,151,PROBABLE,,0,,0,0,FALSE,FALSE,FALSE,FALSE,FALSE,FALSE,FALSE,FALSE,FALSE,FALSE,FALSE,FALSE,WWF,PROBABLE,FALSE,CONFIRMED,S016;S017;S462;S1091;S1700;S1777,Event-time billing carried forward from RR1989M for the same documented persona; PROBABLE pending a direct 1990 event source.,
RR1990M,jimmy-snuka,RR1990M,17,CONFIRMED,Jimmy Snuka,Jimmy Snuka,0,1,TRUE,N/A,N/A,N/A,TRUE,FALSE,N/A,FALSE,N/A,"46 Years, 8 Months, 3 Days",DERIVED,1.78,107,The Fiji Islands,CONFIRMED,Face,PROBABLE,,,,,N/A,N/A,N/A,N/A,N/A,N/A,FALSE,FALSE,19,CONFIRMED,hulk-hogan,17:03,1023,17:03,1023,PROBABLE,,2,earthquake;one-man-gang,1,1,FALSE,FALSE,FALSE,FALSE,FALSE,FALSE,FALSE,FALSE,FALSE,FALSE,FALSE,FALSE,WWF,PROBABLE,FALSE,CONFIRMED,S016;S017;S022;S024;S131;S132;S537;S1131;S1700;S1777,,
RR1990M,dino-bravo,RR1990M,18,CONFIRMED,Dino Bravo,Dino Bravo,1,2,FALSE,1988,Eliminated (elim #18),18,FALSE,FALSE,N/A,FALSE,N/A,"41 Years, 5 Months, 15 Days",DERIVED,1.85,120,"Montreal, Quebec, Canada",PROBABLE,Heel,PROBABLE,,,,,N/A,N/A,N/A,N/A,N/A,N/A,FALSE,FALSE,15,CONFIRMED,the-ultimate-warrior,06:13,373,06:13,373,PROBABLE,,0,,0,0,FALSE,FALSE,FALSE,FALSE,FALSE,FALSE,FALSE,FALSE,FALSE,FALSE,FALSE,FALSE,WWF,PROBABLE,FALSE,CONFIRMED,S016;S017;S462;S1089;S1700;S1777,Event-time billing carried forward from RR1988M for the same documented persona; PROBABLE pending a direct 1990 event source.,
RR1990M,earthquake,RR1990M,19,CONFIRMED,Earthquake,Earthquake,0,1,TRUE,N/A,N/A,N/A,TRUE,FALSE,N/A,FALSE,N/A,"26 Years, 6 Months, 30 Days",DERIVED,2.01,212,"Vancouver, British Columbia, Canada",CONFIRMED,Heel,PROBABLE,,,,,N/A,N/A,N/A,N/A,N/A,N/A,FALSE,FALSE,14,CONFIRMED,ted-dibiase;smash;haku;jimmy-snuka;jim-neidhart,02:31,151,02:31,151,PROBABLE,,2,ax;dusty-rhodes,2,0,FALSE,FALSE,FALSE,FALSE,FALSE,FALSE,FALSE,FALSE,FALSE,FALSE,FALSE,FALSE,WWF,PROBABLE,FALSE,CONFIRMED,S016;S017;S022;S024;S131;S538;S1117;S1700;S1777,,
RR1990M,jim-neidhart,RR1990M,20,CONFIRMED,Jim Neidhart,Jim Neidhart,1,2,FALSE,1988,Eliminated (elim #6),6,FALSE,FALSE,N/A,FALSE,N/A,"34 Years, 11 Months, 13 Days",DERIVED,1.88,127,"Reno, Nevada",PROBABLE,Face,PROBABLE,The Anvil,,The Hart Foundation (w/ Bret Hart),,N/A,N/A,N/A,N/A,N/A,N/A,FALSE,FALSE,17,CONFIRMED,the-ultimate-warrior;rick-martel,08:42,522,08:42,522,PROBABLE,,1,earthquake,0,1,FALSE,FALSE,FALSE,FALSE,FALSE,FALSE,FALSE,FALSE,FALSE,FALSE,FALSE,FALSE,WWF,PROBABLE,FALSE,CONFIRMED,S016;S017;S462;S1079;S1700;S1777,Event-time billing carried forward from RR1988M for the same documented persona; PROBABLE pending a direct 1990 event source.,
RR1990M,the-ultimate-warrior,RR1990M,21,CONFIRMED,Ultimate Warrior,Ultimate Warrior,1,2,FALSE,1988,Eliminated (elim #14),14,FALSE,FALSE,N/A,FALSE,N/A,"30 Years, 7 Months, 5 Days",DERIVED,1.88,125,Parts Unknown,PROBABLE,Face,PROBABLE,,,,,WWF Intercontinental Championship,Intercontinental,N/A,2,1989-08-28,146,FALSE,FALSE,25,CONFIRMED,hulk-hogan;rick-rude;the-barbarian,14:29,869,14:29,869,PROBABLE,,6,dino-bravo;jim-neidhart;rick-martel;shawn-michaels;ted-dibiase;tito-santana,4,2,FALSE,FALSE,FALSE,FALSE,FALSE,FALSE,FALSE,FALSE,FALSE,FALSE,FALSE,FALSE,WWF,PROBABLE,FALSE,CONFIRMED,S016;S017;S462;S458;S1090;S1700;S1777,Event-time billing carried forward from RR1988M for the same documented persona; PROBABLE pending a direct 1990 event source.,
RR1990M,rick-martel,RR1990M,22,CONFIRMED,Rick Martel,Rick Martel,1,2,FALSE,1989,Eliminated (elim #27),27,FALSE,FALSE,N/A,FALSE,N/A,"33 Years, 10 Months, 3 Days",DERIVED,1.83,103,"Montreal, Quebec",PROBABLE,Heel,PROBABLE,,,,,N/A,N/A,N/A,N/A,N/A,N/A,FALSE,FALSE,24,CONFIRMED,the-ultimate-warrior,08:14,494,08:14,494,PROBABLE,,2,jim-neidhart;tito-santana,0,2,FALSE,FALSE,FALSE,FALSE,FALSE,FALSE,FALSE,FALSE,FALSE,FALSE,FALSE,FALSE,WWF,PROBABLE,FALSE,CONFIRMED,S016;S017;S462;S1113;S1700;S1777,Event-time billing carried forward from RR1989M for the same documented persona; PROBABLE pending a direct 1990 event source.,
RR1990M,tito-santana,RR1990M,23,CONFIRMED,Tito Santana,Tito Santana,2,3,FALSE,1989,Eliminated (elim #12),12,FALSE,FALSE,N/A,FALSE,N/A,"36 Years, 8 Months, 11 Days",DERIVED,1.88,106,"Mission, Texas",PROBABLE,Face,PROBABLE,,,,,N/A,N/A,N/A,N/A,N/A,N/A,FALSE,FALSE,21,CONFIRMED,the-ultimate-warrior;rick-martel,05:09,309,05:09,309,PROBABLE,,0,,0,0,FALSE,FALSE,FALSE,FALSE,FALSE,FALSE,FALSE,FALSE,FALSE,FALSE,FALSE,FALSE,WWF,PROBABLE,FALSE,CONFIRMED,S016;S017;S462;S1077;S1700;S1777,Event-time billing carried forward from RR1989M for the same documented persona; PROBABLE pending a direct 1990 event source.,
RR1990M,the-honky-tonk-man,RR1990M,24,CONFIRMED,Honkytonk Man,Honkytonk Man,1,2,FALSE,1989,Eliminated (elim #6),6,FALSE,FALSE,N/A,FALSE,N/A,"36 Years, 11 Months, 27 Days",DERIVED,1.85,112,"Memphis, Tennessee",PROBABLE,Heel,PROBABLE,The Honky Tonk Man,,Rhythm and Blues (w/ Greg Valentine),,N/A,N/A,N/A,N/A,N/A,N/A,FALSE,FALSE,22,CONFIRMED,hulk-hogan,04:01,241,04:01,241,PROBABLE,,0,,0,0,FALSE,FALSE,FALSE,FALSE,FALSE,FALSE,FALSE,FALSE,FALSE,FALSE,FALSE,FALSE,WWF,PROBABLE,FALSE,CONFIRMED,S016;S017;S462;S1100;S1700;S1777,Event-time billing carried forward from RR1989M for the same documented persona; PROBABLE pending a direct 1990 event source.,
RR1990M,hulk-hogan,RR1990M,25,CONFIRMED,Hulk Hogan,Hulk Hogan,1,2,FALSE,1989,Eliminated (elim #21),21,FALSE,FALSE,N/A,FALSE,N/A,"36 Years, 5 Months, 10 Days",DERIVED,2.01,130,"Venice Beach, California",PROBABLE,Face,PROBABLE,,,,,WWF World Heavyweight Championship,World,N/A,2,1989-04-02,294,FALSE,FALSE,,CONFIRMED,,,,12:49,769,PROBABLE,,5,haku;jimmy-snuka;mr-perfect;the-honky-tonk-man;the-ultimate-warrior,4,1,FALSE,TRUE,FALSE,TRUE,TRUE,TRUE,FALSE,FALSE,FALSE,FALSE,FALSE,FALSE,WWF,PROBABLE,FALSE,CONFIRMED,S016;S017;S462;S458;S1106;S1700;S1777,Event-time billing carried forward from RR1989M for the same documented persona; PROBABLE pending a direct 1990 event source.,
RR1990M,shawn-michaels,RR1990M,26,CONFIRMED,Shawn Michaels,Shawn Michaels,1,2,FALSE,1989,Eliminated (elim #9),9,FALSE,FALSE,N/A,FALSE,N/A,"24 Years, 5 Months, 30 Days",DERIVED,1.85,102,"San Antonio, Texas",PROBABLE,Face,PROBABLE,The Rockers,,The Rockers (w/ Marty Jannetty),,N/A,N/A,N/A,N/A,N/A,N/A,FALSE,FALSE,23,CONFIRMED,the-ultimate-warrior,00:12,12,00:12,12,PROBABLE,,0,,0,0,FALSE,FALSE,FALSE,FALSE,FALSE,FALSE,FALSE,FALSE,FALSE,FALSE,FALSE,FALSE,WWF,PROBABLE,FALSE,CONFIRMED,S016;S017;S462;S1098;S1700;S1777,Event-time billing carried forward from RR1989M for the same documented persona; PROBABLE pending a direct 1990 event source.,
RR1990M,the-barbarian,RR1990M,27,CONFIRMED,The Barbarian,The Barbarian,1,2,FALSE,1989,Eliminated (elim #26),26,FALSE,FALSE,N/A,FALSE,N/A,"31 Years, 4 Months, 15 Days",DERIVED,1.88,136,Parts Unknown,PROBABLE,Heel,PROBABLE,,,The Powers of Pain (w/ The Warlord),,N/A,N/A,N/A,N/A,N/A,N/A,FALSE,FALSE,26,CONFIRMED,hercules,05:47,347,05:47,347,PROBABLE,,1,the-ultimate-warrior,0,1,FALSE,FALSE,FALSE,FALSE,FALSE,FALSE,FALSE,FALSE,FALSE,FALSE,FALSE,FALSE,WWF,PROBABLE,FALSE,CONFIRMED,S016;S017;S462;S1131;S1700;S1777,Event-time billing carried forward from RR1989M for the same documented persona; PROBABLE pending a direct 1990 event source.,
RR1990M,rick-rude,RR1990M,28,CONFIRMED,Rick Rude,Rick Rude,0,1,TRUE,N/A,N/A,N/A,TRUE,FALSE,N/A,FALSE,N/A,"31 Years, 1 Months, 14 Days",DERIVED,1.91,114,"Robbinsdale, Minnesota",CONFIRMED,Heel,PROBABLE,Ravishing,,,The Heenan Family,N/A,N/A,N/A,N/A,N/A,N/A,FALSE,FALSE,28,CONFIRMED,mr-perfect,06:29,389,06:29,389,PROBABLE,,2,hercules;the-ultimate-warrior,1,1,FALSE,FALSE,FALSE,FALSE,TRUE,TRUE,FALSE,FALSE,FALSE,FALSE,FALSE,FALSE,WWF,PROBABLE,FALSE,CONFIRMED,S016;S017;S462;S539;S022;S1131;S1700;S1777,,
RR1990M,hercules,RR1990M,29,CONFIRMED,Hercules,Hercules,1,2,FALSE,1989,Eliminated (elim #25),25,FALSE,FALSE,N/A,FALSE,N/A,"33 Years, 8 Months, 14 Days",DERIVED,1.85,122,"Tampa, Florida",PROBABLE,Face,PROBABLE,,,Power and Glory (w/ Paul Roma),,N/A,N/A,N/A,N/A,N/A,N/A,FALSE,FALSE,27,CONFIRMED,rick-rude,03:02,182,03:02,182,PROBABLE,,1,the-barbarian,1,0,FALSE,FALSE,FALSE,FALSE,FALSE,TRUE,FALSE,FALSE,FALSE,FALSE,FALSE,FALSE,WWF,PROBABLE,FALSE,CONFIRMED,S016;S017;S462;S1112;S1700;S1777,Event-time billing carried forward from RR1989M for the same documented persona; PROBABLE pending a direct 1990 event source.,
RR1990M,mr-perfect,RR1990M,30,CONFIRMED,Mr. Perfect,Mr. Perfect,1,2,FALSE,1989,Eliminated (elim #11),11,FALSE,FALSE,N/A,FALSE,N/A,"31 Years, 9 Months, 24 Days",DERIVED,1.91,117,"Robbinsdale, Minnesota",PROBABLE,Heel,PROBABLE,Mr. Perfect,,,The Heenan Family,N/A,N/A,N/A,N/A,N/A,N/A,FALSE,FALSE,29,CONFIRMED,hulk-hogan,03:32,212,03:32,212,PROBABLE,,1,rick-rude,1,0,FALSE,FALSE,TRUE,TRUE,TRUE,TRUE,FALSE,FALSE,FALSE,FALSE,FALSE,FALSE,WWF,PROBABLE,FALSE,CONFIRMED,S016;S017;S462;S1095;S1700;S1777,Event-time billing carried forward from RR1989M for the same documented persona; PROBABLE pending a direct 1990 event source.,
RR1991M,bret-hart,RR1991M,1,CONFIRMED,Bret Hart,Bret Hart,2,3,FALSE,1990,Eliminated (elim #9),9,FALSE,FALSE,N/A,FALSE,N/A,"33 Years, 6 Months, 17 Days",DERIVED,1.83,106,"Calgary, Alberta, Canada",PROBABLE,Face,PROBABLE,Hit Man,,The Hart Foundation (w/ Jim Neidhart),,WWF World Tag Team Champion (Hart Foundation),Tag Team,Jim Neidhart,2,1990-08-27,145,FALSE,FALSE,4,DERIVED,the-undertaker,20:39,1239,20:39,1239,CONFIRMED,,0,,0,0,FALSE,FALSE,FALSE,FALSE,FALSE,,FALSE,FALSE,FALSE,FALSE,FALSE,FALSE,WWF,PROBABLE,FALSE,CONFIRMED,S018;S019;S004;S022;S463;S459;S1076;S1700;S1778,Event-time billing carried forward from RR1990M for the same documented persona; PROBABLE pending a direct 1991 event source.,
RR1991M,dino-bravo,RR1991M,2,CONFIRMED,Dino Bravo,Dino Bravo,2,3,FALSE,1990,Eliminated (elim #15),15,FALSE,FALSE,N/A,FALSE,N/A,"42 Years, 5 Months, 13 Days",DERIVED,1.85,120,"Montreal, Quebec, Canada",PROBABLE,Heel,PROBABLE,,,,,N/A,N/A,N/A,N/A,N/A,N/A,FALSE,FALSE,1,DERIVED,greg-valentine,3:08,188,3:08,188,CONFIRMED,,0,,0,0,FALSE,FALSE,FALSE,FALSE,FALSE,,FALSE,FALSE,FALSE,FALSE,FALSE,FALSE,WWF,PROBABLE,FALSE,CONFIRMED,S018;S019;S004;S022;S463;S1089;S1700;S1778,Event-time billing carried forward from RR1990M for the same documented persona; PROBABLE pending a direct 1991 event source.,
RR1991M,greg-valentine,RR1991M,3,CONFIRMED,Greg Valentine,Greg Valentine,1,2,FALSE,1989,Eliminated (elim #8),8,FALSE,FALSE,N/A,FALSE,N/A,"39 Years, 3 Months, 30 Days",DERIVED,1.83,110,"Seattle, Washington",PROBABLE,Heel,PROBABLE,The Hammer,,,,N/A,N/A,N/A,N/A,N/A,N/A,FALSE,FALSE,14,DERIVED,hulk-hogan,44:13,2653,44:13,2653,CONFIRMED,,1,dino-bravo,1,0,FALSE,FALSE,FALSE,FALSE,FALSE,,FALSE,FALSE,FALSE,FALSE,FALSE,FALSE,WWF,PROBABLE,FALSE,CONFIRMED,S018;S019;S015;S022;S130;S463;S1097;S1700;S1778,Event-time billing carried forward from RR1989M for the same documented persona; PROBABLE pending a direct 1991 event source.,
RR1991M,paul-roma,RR1991M,4,CONFIRMED,Paul Roma,Paul Roma,0,1,TRUE,N/A,N/A,N/A,TRUE,FALSE,N/A,FALSE,N/A,"30 Years, 8 Months, 21 Days",DERIVED,1.80,107,,PROBABLE,Heel,PROBABLE,,,Power and Glory (w/ Hercules),,N/A,N/A,N/A,N/A,N/A,N/A,FALSE,FALSE,3,DERIVED,jake-roberts,14:06,846,14:06,846,CONFIRMED,,0,,0,0,FALSE,FALSE,FALSE,FALSE,FALSE,,FALSE,FALSE,FALSE,FALSE,FALSE,FALSE,WWF,PROBABLE,FALSE,CONFIRMED,S018;S019;S004;S022;S463;S540;S1118;S1700;S1778,,
RR1991M,texas-tornado,RR1991M,5,CONFIRMED,Texas Tornado,Texas Tornado,0,1,TRUE,N/A,N/A,N/A,TRUE,FALSE,N/A,FALSE,N/A,"30 Years, 11 Months, 16 Days",DERIVED,1.88,115,"Denton, Texas",PROBABLE,Face,PROBABLE,,,,,N/A,N/A,N/A,N/A,N/A,N/A,FALSE,FALSE,7,DERIVED,the-undertaker,24:21,1461,24:21,1461,CONFIRMED,,0,,0,0,FALSE,FALSE,FALSE,FALSE,FALSE,,FALSE,FALSE,FALSE,FALSE,FALSE,FALSE,WWF,PROBABLE,FALSE,CONFIRMED,S018;S019;S022;S024;S123;S124;S131;S541;S1132;S1700;S1778,,
RR1991M,rick-martel,RR1991M,6,CONFIRMED,Rick Martel,Rick Martel,2,3,FALSE,1990,Eliminated (elim #24),24,FALSE,FALSE,N/A,FALSE,N/A,"34 Years, 10 Months, 1 Days",DERIVED,1.83,103,"Montreal, Quebec",PROBABLE,Heel,PROBABLE,,,,,N/A,N/A,N/A,N/A,N/A,N/A,FALSE,FALSE,25,DERIVED,british-bulldog,52:30,3150,52:30,3150,CONFIRMED,,4,hawk;jake-roberts;jim-neidhart;saba-simba,3,1,FALSE,FALSE,FALSE,FALSE,FALSE,,FALSE,FALSE,FALSE,FALSE,FALSE,FALSE,WWF,PROBABLE,FALSE,CONFIRMED,S018;S019;S015;S022;S463;S1113;S1700;S1778,Event-time billing carried forward from RR1990M for the same documented persona; PROBABLE pending a direct 1991 event source.,
RR1991M,saba-simba,RR1991M,7,CONFIRMED,Saba Simba,Saba Simba,0,1,TRUE,N/A,N/A,N/A,TRUE,FALSE,N/A,FALSE,N/A,"36 Years, 8 Months, 27 Days",DERIVED,1.88,113,The Jungles of Uganda,PROBABLE,Face,PROBABLE,,,,,N/A,N/A,N/A,N/A,N/A,N/A,FALSE,FALSE,2,DERIVED,rick-martel,2:28,148,2:28,148,CONFIRMED,,0,,0,0,FALSE,FALSE,FALSE,FALSE,FALSE,,FALSE,FALSE,FALSE,FALSE,FALSE,FALSE,WWF,PROBABLE,FALSE,CONFIRMED,S018;S019;S022;S024;S542;S1132;S1700;S1778,,
RR1991M,butch-miller,RR1991M,8,CONFIRMED,Bushwhacker Butch,Bushwhacker Butch,1,2,FALSE,1989,Eliminated (elim #13),13,FALSE,FALSE,N/A,FALSE,N/A,"46 Years, 2 Months, 29 Days",PROBABLE,1.85,113,"Auckland, New Zealand",PROBABLE,Face,PROBABLE,,,The Bushwackers (w/ Luke Williams),,N/A,N/A,N/A,N/A,N/A,N/A,FALSE,FALSE,5,DERIVED,the-undertaker,10:09,609,10:09,609,CONFIRMED,,0,,0,0,FALSE,FALSE,FALSE,FALSE,FALSE,,FALSE,FALSE,FALSE,FALSE,FALSE,FALSE,WWF,PROBABLE,FALSE,CONFIRMED,S018;S019;S015;S022;S131;S463;S1099;S1700;S1778,Physical billing carried forward from the wrestler's populated RR1989M appearance under the same Bushwhacker persona; PROBABLE pending a second direct 1991 billing source.,
RR1991M,jake-roberts,RR1991M,9,CONFIRMED,Jake Roberts,Jake Roberts,3,4,FALSE,1990,Eliminated (elim #3),3,FALSE,FALSE,N/A,FALSE,N/A,"35 Years, 7 Months, 20 Days",DERIVED,1.98,113,"Stone Mountain, Georgia",PROBABLE,Face,PROBABLE,The Snake,,,,N/A,N/A,N/A,N/A,N/A,N/A,FALSE,FALSE,6,DERIVED,rick-martel,13:01,781,13:01,781,CONFIRMED,,1,paul-roma,1,0,FALSE,FALSE,FALSE,FALSE,FALSE,,FALSE,FALSE,FALSE,FALSE,FALSE,FALSE,WWF,PROBABLE,FALSE,CONFIRMED,S018;S019;S004;S022;S463;S1080;S1700;S1778,Event-time billing carried forward from RR1990M for the same documented persona; PROBABLE pending a direct 1991 event source.,
RR1991M,hercules,RR1991M,10,CONFIRMED,Hercules,Hercules,2,3,FALSE,1990,Eliminated (elim #27),27,FALSE,FALSE,N/A,FALSE,N/A,"34 Years, 8 Months, 12 Days",DERIVED,1.85,122,"Tampa, Florida",PROBABLE,Heel,PROBABLE,,,Power and Glory (w/ Paul Roma),,N/A,N/A,N/A,N/A,N/A,N/A,FALSE,FALSE,17,DERIVED,brian-knobbs,37:45,2265,37:45,2265,CONFIRMED,,1,hawk,0,1,FALSE,FALSE,FALSE,FALSE,FALSE,,FALSE,FALSE,FALSE,FALSE,FALSE,FALSE,WWF,PROBABLE,FALSE,CONFIRMED,S018;S019;S015;S022;S463;S1112;S1700;S1778,Event-time billing carried forward from RR1990M for the same documented persona; PROBABLE pending a direct 1991 event source.,
RR1991M,tito-santana,RR1991M,11,CONFIRMED,Tito Santana,Tito Santana,3,4,FALSE,1990,Eliminated (elim #21),21,FALSE,FALSE,N/A,FALSE,N/A,"37 Years, 8 Months, 9 Days",DERIVED,1.88,106,"Mission, Texas",PROBABLE,Face,PROBABLE,,,,,N/A,N/A,N/A,N/A,N/A,N/A,FALSE,FALSE,15,DERIVED,earthquake,30:31,1831,30:31,1831,CONFIRMED,,0,,0,0,FALSE,FALSE,FALSE,FALSE,FALSE,,FALSE,FALSE,FALSE,FALSE,FALSE,FALSE,WWF,PROBABLE,FALSE,CONFIRMED,S018;S019;S004;S022;S463;S1077;S1700;S1778,Event-time billing carried forward from RR1990M for the same documented persona; PROBABLE pending a direct 1991 event source.,
RR1991M,the-undertaker,RR1991M,12,CONFIRMED,The Undertaker,The Undertaker,0,1,TRUE,N/A,N/A,N/A,TRUE,FALSE,N/A,FALSE,N/A,"25 Years, 9 Months, 26 Days",DERIVED,2.08,140,Death Valley,PROBABLE,Heel,PROBABLE,,,,,N/A,N/A,N/A,N/A,N/A,N/A,FALSE,FALSE,9,DERIVED,animal;hawk,14:19,859,14:19,859,CONFIRMED,,3,bret-hart;butch-miller;texas-tornado,3,0,FALSE,FALSE,FALSE,FALSE,FALSE,,FALSE,FALSE,FALSE,FALSE,FALSE,FALSE,WWF,PROBABLE,FALSE,CONFIRMED,S018;S019;S022;S024;S123;S124;S543;S1120;S1700;S1778,"This count reflects only explicitly-credited eliminations (see F021) -- likely an undercount, not a confirmed total.",
RR1991M,jimmy-snuka,RR1991M,13,CONFIRMED,Jimmy Snuka,Jimmy Snuka,1,2,FALSE,1990,Eliminated (elim #19),19,FALSE,FALSE,N/A,FALSE,N/A,"47 Years, 8 Months, 1 Days",DERIVED,1.78,107,The Fiji Islands,CONFIRMED,Face,PROBABLE,,,,,N/A,N/A,N/A,N/A,N/A,N/A,FALSE,FALSE,8,DERIVED,hawk,8:09,489,8:09,489,CONFIRMED,,0,,0,0,FALSE,FALSE,FALSE,FALSE,FALSE,,FALSE,FALSE,FALSE,FALSE,FALSE,FALSE,WWF,PROBABLE,FALSE,CONFIRMED,S018;S019;S017;S022;S024;S131;S132;S537;S1132;S1700;S1778,,
RR1991M,british-bulldog,RR1991M,14,CONFIRMED,British Bulldog,British Bulldog,0,1,TRUE,N/A,N/A,N/A,TRUE,FALSE,N/A,FALSE,N/A,"28 Years, 1 Months, 23 Days",DERIVED,1.80,118,"Leeds, England",PROBABLE,Face,PROBABLE,,,,,N/A,N/A,N/A,N/A,N/A,N/A,FALSE,FALSE,26,DERIVED,brian-knobbs;earthquake,36:50,2210,36:50,2210,CONFIRMED,,3,haku;mr-perfect;rick-martel,3,0,FALSE,FALSE,FALSE,FALSE,FALSE,,FALSE,FALSE,FALSE,FALSE,FALSE,FALSE,WWF,PROBABLE,FALSE,CONFIRMED,S018;S019;S022;S024;S123;S124;S131;S544;S1132;S1700;S1778,"This count reflects only explicitly-credited eliminations (see F021) -- likely an undercount, not a confirmed total.",
RR1991M,smash,RR1991M,15,CONFIRMED,Demolition Smash,Demolition Smash,2,3,FALSE,1990,Eliminated (elim #16),16,FALSE,FALSE,N/A,FALSE,N/A,"31 Years, 3 Months, 13 Days",PROBABLE,1.88,132,Parts Unknown,PROBABLE,Face,PROBABLE,,,Demolition (w/ Crush),,N/A,N/A,N/A,N/A,N/A,N/A,FALSE,FALSE,13,DERIVED,hulk-hogan,18:28,1108,18:28,1108,CONFIRMED,,0,,0,0,FALSE,FALSE,FALSE,FALSE,FALSE,,FALSE,FALSE,FALSE,FALSE,FALSE,FALSE,WWF,PROBABLE,FALSE,CONFIRMED,S018;S019;S015;S463;S1132;S1700;S1778,Event-time billing carried forward from RR1990M for the same documented persona; PROBABLE pending a direct 1991 event source.,
RR1991M,hawk,RR1991M,16,CONFIRMED,Hawk,Hawk,0,1,TRUE,N/A,N/A,N/A,TRUE,FALSE,N/A,FALSE,N/A,"33 Years, 11 Months, 24 Days",DERIVED,1.91,125,"Chicago, Illinois",PROBABLE,Face,PROBABLE,,,Legion of Doom (w/ Animal),,N/A,N/A,N/A,N/A,N/A,N/A,FALSE,FALSE,10,DERIVED,hercules;rick-martel,6:40,400,6:40,400,CONFIRMED,,2,jimmy-snuka;the-undertaker,1,1,FALSE,FALSE,FALSE,FALSE,FALSE,,FALSE,FALSE,FALSE,FALSE,FALSE,FALSE,WWF,PROBABLE,FALSE,CONFIRMED,S018;S019;S022;S024;S123;S124;S131;S545;S1121;S1700;S1778,,
RR1991M,shane-douglas,RR1991M,17,CONFIRMED,Shane Douglas,Shane Douglas,0,1,TRUE,N/A,N/A,N/A,TRUE,FALSE,N/A,FALSE,N/A,"26 Years, 1 Months, 29 Days",DERIVED,1.83,109,"Pittsburgh, Pennsylvania",PROBABLE,Face,PROBABLE,,,,,N/A,N/A,N/A,N/A,N/A,N/A,FALSE,FALSE,20,DERIVED,brian-knobbs,26:31,1591,26:31,1591,PROBABLE,,0,,0,0,FALSE,FALSE,FALSE,FALSE,FALSE,,FALSE,FALSE,FALSE,FALSE,FALSE,FALSE,WWF,PROBABLE,FALSE,CONFIRMED,S018;S019;S022;S024;S546;S1122;S1700;S1778,Exact elimination moment not caught on camera per S018 -- see flags.csv F024.,
RR1991M,animal,RR1991M,19,CONFIRMED,Animal,Animal,0,1,TRUE,N/A,N/A,N/A,TRUE,FALSE,N/A,FALSE,N/A,"30 Years, 4 Months, 7 Days",DERIVED,1.85,129,"Chicago, Illinois",PROBABLE,Face,PROBABLE,,,Legion of Doom (w/ Hawk),,N/A,N/A,N/A,N/A,N/A,N/A,FALSE,FALSE,11,DERIVED,earthquake,6:41,401,6:41,401,CONFIRMED,,1,the-undertaker,0,1,FALSE,FALSE,FALSE,FALSE,FALSE,,FALSE,FALSE,FALSE,FALSE,FALSE,FALSE,WWF,PROBABLE,FALSE,CONFIRMED,S018;S019;S022;S024;S123;S124;S131;S547;S1123;S1700;S1778,,
RR1991M,demolition-crush,RR1991M,20,CONFIRMED,Demolition Crush,Demolition Crush,0,1,TRUE,N/A,N/A,N/A,TRUE,FALSE,N/A,FALSE,N/A,"26 Years, 9 Months, 5 Days",DERIVED,1.98,143,"Kona, Hawaii",PROBABLE,Heel,PROBABLE,,,Demolition (w/ Smash),,N/A,N/A,N/A,N/A,N/A,N/A,FALSE,FALSE,18,DERIVED,hulk-hogan,18:38,1118,18:38,1118,CONFIRMED,,0,,0,0,FALSE,FALSE,FALSE,FALSE,FALSE,,FALSE,FALSE,FALSE,FALSE,FALSE,FALSE,WWF,PROBABLE,FALSE,CONFIRMED,S018;S019;S022;S024;S124;S131;S463;S548;S1124;S1700;S1778,,
RR1991M,jim-duggan,RR1991M,21,CONFIRMED,Jim Duggan,Jim Duggan,1,2,FALSE,1988,Won,N/A,FALSE,FALSE,N/A,FALSE,N/A,"37 Years, 0 Months, 5 Days",DERIVED,1.91,120,"Glens Falls, New York",PROBABLE,Face,PROBABLE,Hacksaw,,,,N/A,N/A,N/A,N/A,N/A,N/A,FALSE,FALSE,12,DERIVED,mr-perfect,4:45,285,4:45,285,CONFIRMED,,0,,0,0,FALSE,FALSE,FALSE,FALSE,FALSE,,FALSE,FALSE,FALSE,FALSE,FALSE,FALSE,WWF,PROBABLE,FALSE,CONFIRMED,S018;S019;S004;S006;S463;S1086;S1700;S1778,Event-time billing carried forward from RR1988M for the same documented persona; PROBABLE pending a direct 1991 event source.,
RR1991M,earthquake,RR1991M,22,CONFIRMED,Earthquake,Earthquake,1,2,FALSE,1990,Eliminated (elim #14),14,FALSE,FALSE,N/A,FALSE,N/A,"27 Years, 6 Months, 28 Days",DERIVED,2.01,212,"Vancouver, British Columbia, Canada",CONFIRMED,Heel,PROBABLE,,,,,N/A,N/A,N/A,N/A,N/A,N/A,FALSE,FALSE,28,DERIVED,hulk-hogan,24:46,1486,24:46,1486,CONFIRMED,,4,animal;british-bulldog;luke-williams;tito-santana,3,1,FALSE,FALSE,TRUE,TRUE,TRUE,,FALSE,FALSE,FALSE,FALSE,FALSE,FALSE,WWF,PROBABLE,FALSE,CONFIRMED,S018;S019;S017;S022;S024;S131;S538;S1117;S1700;S1778,"This count reflects only explicitly-credited eliminations (see F021) -- likely an undercount, not a confirmed total.",
RR1991M,mr-perfect,RR1991M,23,CONFIRMED,Mr. Perfect,Mr. Perfect,2,3,FALSE,1990,Runner-up (elim #29),29,FALSE,FALSE,N/A,FALSE,N/A,"32 Years, 9 Months, 22 Days",DERIVED,1.91,117,"Robbinsdale, Minnesota",PROBABLE,Heel,PROBABLE,Mr. Perfect,,,,WWF Intercontinental Championship,Intercontinental,N/A,2,1990-11-19,61,FALSE,FALSE,22,DERIVED,british-bulldog,16:17,977,16:17,977,CONFIRMED,,1,jim-duggan,1,0,FALSE,FALSE,FALSE,FALSE,FALSE,,FALSE,FALSE,FALSE,FALSE,FALSE,FALSE,WWF,PROBABLE,FALSE,CONFIRMED,S018;S019;S015;S022;S064;S463;S459;S1095;S1700;S1778,Event-time billing carried forward from RR1990M for the same documented persona; PROBABLE pending a direct 1991 event source.,
RR1991M,hulk-hogan,RR1991M,24,CONFIRMED,Hulk Hogan,Hulk Hogan,2,3,FALSE,1990,Won,N/A,FALSE,FALSE,N/A,FALSE,N/A,"37 Years, 5 Months, 8 Days",DERIVED,2.01,130,"Venice Beach, California",PROBABLE,Face,PROBABLE,,,,,N/A,N/A,N/A,N/A,N/A,N/A,FALSE,FALSE,,DERIVED,,,,20:59,1259,CONFIRMED,,7,brian-knobbs;demolition-crush;earthquake;greg-valentine;smash;the-warlord;tugboat,7,0,FALSE,TRUE,FALSE,TRUE,TRUE,,FALSE,FALSE,FALSE,FALSE,FALSE,FALSE,WWF,PROBABLE,FALSE,CONFIRMED,S018;S019;S004;S022;S126;S127;S463;S1106;S1700;S1778,"This count reflects only explicitly-credited eliminations (see F021) -- likely an undercount, not a confirmed total. Event-time billing carried forward from RR1990M for the same documented persona; PROBABLE pending a direct 1991 event source.",
RR1991M,haku,RR1991M,25,CONFIRMED,Haku,Haku,1,2,FALSE,1990,Eliminated (elim #20),20,FALSE,FALSE,N/A,FALSE,N/A,"31 Years, 11 Months, 16 Days",CONFLICTING,1.85,125,Tonga,PROBABLE,Heel,PROBABLE,,,,,N/A,N/A,N/A,N/A,N/A,N/A,FALSE,FALSE,24,DERIVED,british-bulldog,13:25,805,13:25,805,CONFIRMED,,0,,0,0,FALSE,FALSE,FALSE,FALSE,FALSE,,FALSE,FALSE,FALSE,FALSE,FALSE,FALSE,WWF,PROBABLE,FALSE,CONFIRMED,S018;S019;S004;S022;S536;S1116;S1700;S1778,Age is calculated from the retained canonical DOB in wrestlers.csv; the underlying 7-day DOB disagreement remains CONFLICTING in F043.,
RR1991M,jim-neidhart,RR1991M,26,CONFIRMED,Jim Neidhart,Jim Neidhart,2,3,FALSE,1990,Eliminated (elim #17),17,FALSE,FALSE,N/A,FALSE,N/A,"35 Years, 11 Months, 11 Days",DERIVED,1.88,127,"Reno, Nevada",PROBABLE,Face,PROBABLE,The Anvil,,The Hart Foundation (w/ Bret Hart),,WWF World Tag Team Champion (Hart Foundation),Tag Team,Bret Hart,2,1990-08-27,145,FALSE,FALSE,23,DERIVED,rick-martel,11:12,672,11:12,672,CONFIRMED,,0,,0,0,FALSE,FALSE,FALSE,FALSE,FALSE,,FALSE,FALSE,FALSE,FALSE,FALSE,FALSE,WWF,PROBABLE,FALSE,CONFIRMED,S018;S019;S004;S022;S131;S132;S463;S459;S1079;S1700;S1778,Event-time billing carried forward from RR1990M for the same documented persona; PROBABLE pending a direct 1991 event source.,
RR1991M,luke-williams,RR1991M,27,CONFIRMED,Bushwhacker Luke,Bushwhacker Luke,1,2,FALSE,1989,Eliminated (elim #15),15,FALSE,FALSE,N/A,FALSE,N/A,"44 Years, 0 Months, 11 Days",PROBABLE,1.83,112,"Wellington, New Zealand",PROBABLE,Face,PROBABLE,,,The Bushwackers (w/ Butch Miller),,N/A,N/A,N/A,N/A,N/A,N/A,FALSE,FALSE,16,DERIVED,earthquake,0:04,4,0:04,4,CONFIRMED,,0,,0,0,FALSE,FALSE,FALSE,FALSE,FALSE,,FALSE,FALSE,FALSE,FALSE,FALSE,FALSE,WWF,PROBABLE,FALSE,CONFIRMED,S018;S019;S015;S463;S1107;S1700;S1778,Physical billing carried forward from the wrestler's populated RR1989M appearance under the same Bushwhacker persona; PROBABLE pending a second direct 1991 billing source.,
RR1991M,brian-knobbs,RR1991M,28,CONFIRMED,Brian Knobbs,Brian Knobbs,0,1,TRUE,N/A,N/A,N/A,TRUE,FALSE,N/A,FALSE,N/A,"26 Years, 8 Months, 13 Days",DERIVED,1.85,134,"Allentown, Pennsylvania",PROBABLE,Heel,PROBABLE,,,The Nasty Boys (w/ Jerry Sags),,N/A,N/A,N/A,N/A,N/A,N/A,FALSE,FALSE,27,DERIVED,hulk-hogan,10:08,608,10:08,608,CONFIRMED,,3,british-bulldog;hercules;shane-douglas,2,1,FALSE,FALSE,FALSE,FALSE,TRUE,,FALSE,FALSE,FALSE,FALSE,FALSE,FALSE,WWF,PROBABLE,FALSE,CONFIRMED,S018;S019;S022;S024;S463;S549;S1125;S1700;S1778,,
RR1991M,the-warlord,RR1991M,29,CONFIRMED,The Warlord,The Warlord,2,3,FALSE,1990,Eliminated (elim #5),5,FALSE,FALSE,N/A,FALSE,N/A,"28 Years, 9 Months, 22 Days",DERIVED,1.96,147,Parts Unknown,PROBABLE,Heel,PROBABLE,,,,,N/A,N/A,N/A,N/A,N/A,N/A,FALSE,FALSE,19,DERIVED,hulk-hogan,1:37,97,1:37,97,CONFIRMED,,0,,0,0,FALSE,FALSE,FALSE,FALSE,FALSE,,FALSE,FALSE,FALSE,FALSE,FALSE,FALSE,WWF,PROBABLE,FALSE,CONFIRMED,S018;S019;S015;S022;S463;S1132;S1700;S1778,Event-time billing carried forward from RR1990M for the same documented persona; PROBABLE pending a direct 1991 event source.,
RR1991M,tugboat,RR1991M,30,CONFIRMED,Tugboat,Tugboat,0,1,TRUE,N/A,N/A,N/A,TRUE,FALSE,N/A,FALSE,N/A,"34 Years, 5 Months, 9 Days",DERIVED,1.91,174,"Norfolk, Virginia",CONFLICTING,Face,PROBABLE,,,,,N/A,N/A,N/A,N/A,N/A,N/A,FALSE,FALSE,21,DERIVED,hulk-hogan,2:33,153,2:33,153,CONFIRMED,,0,,0,0,FALSE,FALSE,FALSE,FALSE,FALSE,,FALSE,FALSE,FALSE,FALSE,FALSE,FALSE,WWF,PROBABLE,FALSE,CONFIRMED,S018;S019;S022;S024;S550;S551;S1132;S1700;S1778,,
RR1991M,randy-savage,RR1991M,18,CONFIRMED,Randy Savage,Randy Savage,2,3,FALSE,1990,Eliminated (elim #4),4,FALSE,FALSE,N/A,FALSE,N/A,"38 Years, 2 Months, 4 Days",DERIVED,1.88,108,"Sarasota, Florida",PROBABLE,Heel,PROBABLE,Macho King,Sensational Sherri,,,N/A,N/A,N/A,N/A,N/A,N/A,FALSE,FALSE,,N/A,,,,00:00,0,CONFIRMED,,0,,0,0,FALSE,FALSE,FALSE,FALSE,FALSE,,FALSE,FALSE,FALSE,FALSE,FALSE,FALSE,WWF,PROBABLE,FALSE,CONFIRMED,S018;S019;S015;S022;S463;S459;S1103;S1700;S1778,Drew #18 but never entered the match -- see flags.csv F023. Event-time billing carried forward from RR1990M for the same documented persona; PROBABLE pending a direct 1991 event source.,
RR1992M,british-bulldog,RR1992M,1,CONFIRMED,British Bulldog,British Bulldog,1,2,FALSE,1991,Eliminated (elim #26),26,FALSE,FALSE,N/A,FALSE,N/A,"29 Years, 1 Months, 23 Days",DERIVED,1.80,118,"Leeds, England",PROBABLE,Face,PROBABLE,,,,,N/A,N/A,N/A,N/A,N/A,N/A,FALSE,FALSE,7,DERIVED,ric-flair,23:27,1407,23:27,1407,CONFIRMED,,3,haku;jerry-sags;ted-dibiase,3,0,FALSE,FALSE,FALSE,FALSE,FALSE,FALSE,FALSE,FALSE,FALSE,FALSE,FALSE,FALSE,WWF,PROBABLE,FALSE,CONFIRMED,S020;S021;S018;S019;S022;S024;S123;S124;S131;S544;S1133;S1700;S1779,"This count reflects only explicitly-credited eliminations (see F027) -- likely an undercount, not a confirmed total.",
RR1992M,ted-dibiase,RR1992M,2,CONFIRMED,Ted DiBiase,Ted DiBiase,2,3,FALSE,1990,Eliminated (elim #18),18,FALSE,FALSE,N/A,FALSE,N/A,"38 Years, 0 Months, 1 Days",DERIVED,1.91,118,"Palm Beach, Florida",PROBABLE,Heel,PROBABLE,Million Dollar Man,,Money Inc. (w/ Irwin R. Schyster),,N/A,N/A,N/A,N/A,N/A,N/A,FALSE,FALSE,1,DERIVED,british-bulldog,1:19,79,1:19,79,CONFIRMED,,0,,0,0,FALSE,FALSE,FALSE,FALSE,FALSE,FALSE,FALSE,FALSE,FALSE,FALSE,FALSE,FALSE,WWF,PROBABLE,FALSE,CONFIRMED,S020;S021;S004;S022;S464;S1133;S1700;S1779,Event-time billing carried forward from RR1990M for the same documented persona; PROBABLE pending a direct 1992 event source.,
RR1992M,ric-flair,RR1992M,3,CONFIRMED,Ric Flair,Ric Flair,0,1,TRUE,N/A,N/A,N/A,TRUE,FALSE,N/A,FALSE,N/A,"42 Years, 10 Months, 25 Days",DERIVED,1.85,110,"Charlotte, North Carolina",PROBABLE,Heel,PROBABLE,Nature Boy,,,,N/A,N/A,N/A,N/A,N/A,N/A,FALSE,FALSE,,N/A,,,,59:31,3571,CONFIRMED,,3,british-bulldog;sid-justice;texas-tornado,3,0,FALSE,TRUE,FALSE,TRUE,TRUE,TRUE,FALSE,FALSE,FALSE,FALSE,FALSE,FALSE,WWF,PROBABLE,FALSE,CONFIRMED,S020;S021;S022;S024;S025;S123;S124;S464;S552;S1126;S1700;S1779,"This count reflects only explicitly-credited eliminations (see F027) -- likely an undercount, not a confirmed total.",
RR1992M,jerry-sags,RR1992M,4,CONFIRMED,Jerry Sags,Jerry Sags,0,1,TRUE,N/A,N/A,N/A,TRUE,FALSE,N/A,FALSE,N/A,"27 Years, 6 Months, 14 Days",PROBABLE,1.91,137,Nastyville,PROBABLE,Heel,PROBABLE,,,The Nasty Boys (w/ Brian Knobbs),,N/A,N/A,N/A,N/A,N/A,N/A,FALSE,FALSE,2,DERIVED,british-bulldog,1:05,65,1:05,65,CONFIRMED,,0,,0,0,FALSE,FALSE,FALSE,FALSE,FALSE,FALSE,FALSE,FALSE,FALSE,FALSE,FALSE,FALSE,WWF,PROBABLE,FALSE,CONFIRMED,S020;S021;S022;S124;S464;S553;S1127;S1700;S1779,,
RR1992M,haku,RR1992M,5,CONFIRMED,Haku,Haku,2,3,FALSE,1991,Eliminated (elim #24),24,FALSE,FALSE,N/A,FALSE,N/A,"32 Years, 11 Months, 16 Days",CONFLICTING,1.85,125,Tonga,PROBABLE,Heel,PROBABLE,,,,,N/A,N/A,N/A,N/A,N/A,N/A,FALSE,FALSE,3,DERIVED,british-bulldog,1:52,112,1:52,112,CONFIRMED,,0,,0,0,FALSE,FALSE,FALSE,FALSE,FALSE,FALSE,FALSE,FALSE,FALSE,FALSE,FALSE,FALSE,WWF,PROBABLE,FALSE,CONFIRMED,S020;S021;S004;S022;S536;S1116;S1700;S1779,Age is calculated from the retained canonical DOB in wrestlers.csv; the underlying 7-day DOB disagreement remains CONFLICTING in F043.,
RR1992M,shawn-michaels,RR1992M,6,CONFIRMED,Shawn Michaels,Shawn Michaels,2,3,FALSE,1990,Eliminated (elim #23),23,FALSE,FALSE,N/A,FALSE,N/A,"26 Years, 5 Months, 28 Days",DERIVED,1.85,102,"San Antonio, Texas",PROBABLE,Heel,PROBABLE,The Heartbreak Kid,,,,N/A,N/A,N/A,N/A,N/A,N/A,FALSE,FALSE,9,DERIVED,tito-santana,15:48,948,15:48,948,CONFIRMED,,1,tito-santana,1,0,FALSE,FALSE,FALSE,FALSE,FALSE,FALSE,FALSE,FALSE,FALSE,FALSE,FALSE,FALSE,WWF,PROBABLE,FALSE,CONFIRMED,S020;S021;S015;S022;S464;S1098;S1700;S1779,"This count reflects only explicitly-credited eliminations (see F027) -- likely an undercount, not a confirmed total. Event-time billing carried forward from RR1990M for the same documented persona; PROBABLE pending a direct 1992 event source.",
RR1992M,tito-santana,RR1992M,7,CONFIRMED,Tito Santana,Tito Santana,4,5,FALSE,1991,Eliminated (elim #15),15,FALSE,FALSE,N/A,FALSE,N/A,"38 Years, 8 Months, 9 Days",DERIVED,1.88,106,"Mission, Texas",PROBABLE,Face,PROBABLE,,,,,N/A,N/A,N/A,N/A,N/A,N/A,FALSE,FALSE,10,DERIVED,shawn-michaels,13:56,836,13:56,836,CONFIRMED,,1,shawn-michaels,1,0,FALSE,FALSE,FALSE,FALSE,FALSE,FALSE,FALSE,FALSE,FALSE,FALSE,FALSE,FALSE,WWF,PROBABLE,FALSE,CONFIRMED,S020;S021;S004;S022;S464;S1077;S1700;S1779,"This count reflects only explicitly-credited eliminations (see F027) -- likely an undercount, not a confirmed total. Event-time billing carried forward from RR1991M for the same documented persona; PROBABLE pending a direct 1992 event source.",
RR1992M,the-barbarian,RR1992M,8,CONFIRMED,The Barbarian,The Barbarian,2,3,FALSE,1990,Eliminated (elim #26),26,FALSE,FALSE,N/A,FALSE,N/A,"33 Years, 4 Months, 13 Days",DERIVED,1.88,136,Parts Unknown,PROBABLE,Heel,PROBABLE,,,,,N/A,N/A,N/A,N/A,N/A,N/A,FALSE,FALSE,11,DERIVED,hercules,12:57,777,12:57,777,CONFIRMED,,0,,0,0,FALSE,FALSE,FALSE,FALSE,FALSE,FALSE,FALSE,FALSE,FALSE,FALSE,FALSE,FALSE,WWF,PROBABLE,FALSE,CONFIRMED,S020;S021;S015;S022;S023;S464;S1133;S1700;S1779,Event-time billing carried forward from RR1990M for the same documented persona; PROBABLE pending a direct 1992 event source.,
RR1992M,texas-tornado,RR1992M,9,CONFIRMED,Texas Tornado,Texas Tornado,1,2,FALSE,1991,Eliminated (elim #7),7,FALSE,FALSE,N/A,FALSE,N/A,"31 Years, 11 Months, 16 Days",DERIVED,1.88,115,"Denton, Texas",PROBABLE,Face,PROBABLE,,,,,N/A,N/A,N/A,N/A,N/A,N/A,FALSE,FALSE,8,DERIVED,ric-flair,9:21,561,9:21,561,CONFIRMED,,0,,0,0,FALSE,FALSE,FALSE,FALSE,FALSE,FALSE,FALSE,FALSE,FALSE,FALSE,FALSE,FALSE,WWF,PROBABLE,FALSE,CONFIRMED,S020;S021;S018;S019;S022;S024;S123;S124;S131;S541;S1133;S1700;S1779,,
RR1992M,smash,RR1992M,10,CONFIRMED,Repo Man,Repo Man,3,4,FALSE,1991,Eliminated (elim #13),13,FALSE,FALSE,N/A,FALSE,N/A,"32 Years, 3 Months, 13 Days",PROBABLE,1.88,132,The Motor City,PROBABLE,Heel,PROBABLE,,,,,N/A,N/A,N/A,N/A,N/A,N/A,FALSE,FALSE,6,DERIVED,big-bossman,6:26,386,6:26,386,CONFIRMED,,2,greg-valentine;nikolai-volkoff,2,0,FALSE,FALSE,FALSE,FALSE,FALSE,FALSE,FALSE,FALSE,FALSE,FALSE,FALSE,FALSE,WWF,PROBABLE,FALSE,CONFIRMED,S020;S021;S015;S554;S1133;S1700;S1779,,
RR1992M,greg-valentine,RR1992M,11,CONFIRMED,Greg Valentine,Greg Valentine,2,3,FALSE,1991,Eliminated (elim #14),14,FALSE,FALSE,N/A,FALSE,N/A,"40 Years, 3 Months, 30 Days",DERIVED,1.83,110,"Seattle, Washington",PROBABLE,Face,PROBABLE,,,,,N/A,N/A,N/A,N/A,N/A,N/A,FALSE,FALSE,5,DERIVED,smash,4:14,254,4:14,254,CONFIRMED,,0,,0,0,FALSE,FALSE,FALSE,FALSE,FALSE,FALSE,FALSE,FALSE,FALSE,FALSE,FALSE,FALSE,WWF,PROBABLE,FALSE,CONFIRMED,S020;S021;S015;S022;S130;S464;S1097;S1700;S1779,Event-time billing carried forward from RR1991M for the same documented persona; PROBABLE pending a direct 1992 event source.,
RR1992M,nikolai-volkoff,RR1992M,12,CONFIRMED,Nikolai Volkoff,Nikolai Volkoff,1,2,FALSE,1988,Eliminated (elim #11),11,FALSE,FALSE,N/A,FALSE,N/A,"44 Years, 3 Months, 5 Days",DERIVED,1.93,139,"Moscow, RSFSR, Soviet Union",PROBABLE,Face,PROBABLE,,,,,N/A,N/A,N/A,N/A,N/A,N/A,FALSE,FALSE,4,DERIVED,smash,1:04,64,1:04,64,CONFIRMED,,0,,0,0,FALSE,FALSE,FALSE,FALSE,FALSE,FALSE,FALSE,FALSE,FALSE,FALSE,FALSE,FALSE,WWF,PROBABLE,FALSE,CONFIRMED,S020;S021;S004;S022;S464;S1085;S1700;S1779,Event-time billing carried forward from RR1988M for the same documented persona; PROBABLE pending a direct 1992 event source.,
RR1992M,big-bossman,RR1992M,13,CONFIRMED,Big Boss Man,Big Boss Man,1,2,FALSE,1989,Eliminated (elim #22),22,FALSE,FALSE,N/A,FALSE,N/A,"28 Years, 8 Months, 17 Days",DERIVED,1.98,143,"Cobb County, Georgia",PROBABLE,Face,PROBABLE,,,,,N/A,N/A,N/A,N/A,N/A,N/A,FALSE,FALSE,13,DERIVED,big-bossman,3:38,218,3:38,218,CONFIRMED,,0,,0,0,TRUE,FALSE,FALSE,FALSE,FALSE,FALSE,FALSE,FALSE,FALSE,FALSE,FALSE,FALSE,WWF,PROBABLE,FALSE,CONFIRMED,S020;S021;S015;S022;S131;S464;S1109;S1700;S1779,Event-time billing carried forward from RR1989M for the same documented persona; PROBABLE pending a direct 1992 event source.,
RR1992M,hercules,RR1992M,14,CONFIRMED,Hercules,Hercules,3,4,FALSE,1991,Eliminated (elim #17),17,FALSE,FALSE,N/A,FALSE,N/A,"35 Years, 8 Months, 12 Days",DERIVED,1.85,122,"Tampa, Florida",PROBABLE,Heel,PROBABLE,,,,,N/A,N/A,N/A,N/A,N/A,N/A,FALSE,FALSE,12,DERIVED,big-bossman,0:56,56,0:56,56,CONFIRMED,,1,the-barbarian,1,0,FALSE,FALSE,FALSE,FALSE,FALSE,FALSE,FALSE,FALSE,FALSE,FALSE,FALSE,FALSE,WWF,PROBABLE,FALSE,CONFIRMED,S020;S021;S015;S022;S464;S1112;S1700;S1779,Event-time billing carried forward from RR1991M for the same documented persona; PROBABLE pending a direct 1992 event source.,
RR1992M,roddy-piper,RR1992M,15,CONFIRMED,Roddy Piper,Roddy Piper,1,2,FALSE,1990,Eliminated (elim #7),7,FALSE,FALSE,N/A,FALSE,N/A,"37 Years, 9 Months, 2 Days",DERIVED,1.88,104,"Glasgow, Scotland",CONFIRMED,Face,PROBABLE,Rowdy,,,,WWF Intercontinental Championship,Intercontinental,N/A,1,1992-01-19,0,FALSE,FALSE,26,DERIVED,sid-justice,34:08,2048,34:08,2048,CONFIRMED,,1,irwin-r-schyster,1,0,FALSE,FALSE,FALSE,FALSE,FALSE,FALSE,FALSE,FALSE,FALSE,FALSE,FALSE,FALSE,WWF,PROBABLE,FALSE,CONFIRMED,S020;S021;S017;S022;S131;S132;S464;S460;S534;S1114;S1700;S1779,,
RR1992M,jake-roberts,RR1992M,16,CONFIRMED,Jake Roberts,Jake Roberts,4,5,FALSE,1991,Eliminated (elim #6),6,FALSE,FALSE,N/A,FALSE,N/A,"36 Years, 7 Months, 20 Days",DERIVED,1.98,113,"Stone Mountain, Georgia",PROBABLE,Heel,PROBABLE,The Snake,,,,N/A,N/A,N/A,N/A,N/A,N/A,FALSE,FALSE,15,DERIVED,randy-savage,10:56,656,10:56,656,CONFIRMED,,0,,0,0,FALSE,FALSE,FALSE,FALSE,FALSE,FALSE,FALSE,FALSE,FALSE,FALSE,FALSE,FALSE,WWF,PROBABLE,FALSE,CONFIRMED,S020;S021;S004;S022;S464;S1080;S1700;S1779,Event-time billing carried forward from RR1991M for the same documented persona; PROBABLE pending a direct 1992 event source.,
RR1992M,jim-duggan,RR1992M,17,CONFIRMED,Jim Duggan,Jim Duggan,2,3,FALSE,1991,Eliminated (elim #12),12,FALSE,FALSE,N/A,FALSE,N/A,"38 Years, 0 Months, 5 Days",DERIVED,1.91,120,"Glens Falls, New York",PROBABLE,Face,PROBABLE,Hacksaw,,,,N/A,N/A,N/A,N/A,N/A,N/A,FALSE,FALSE,19,DERIVED,virgil,20:47,1247,20:47,1247,CONFIRMED,,1,virgil,1,0,FALSE,FALSE,FALSE,FALSE,FALSE,FALSE,FALSE,FALSE,FALSE,FALSE,FALSE,FALSE,WWF,PROBABLE,FALSE,CONFIRMED,S020;S021;S004;S006;S464;S1086;S1700;S1779,"This count reflects only explicitly-credited eliminations (see F027) -- likely an undercount, not a confirmed total. Event-time billing carried forward from RR1991M for the same documented persona; PROBABLE pending a direct 1992 event source.",
RR1992M,irwin-r-schyster,RR1992M,18,CONFIRMED,Irwin R. Schyster,Irwin R. Schyster,0,1,TRUE,N/A,N/A,N/A,TRUE,FALSE,N/A,FALSE,N/A,"33 Years, 9 Months, 20 Days",DERIVED,1.91,112,"Washington, D.C.",PROBABLE,Heel,PROBABLE,,,Money Inc. (w/ Ted DiBiase),,N/A,N/A,N/A,N/A,N/A,N/A,FALSE,FALSE,23,DERIVED,roddy-piper,27:03,1623,27:03,1623,CONFIRMED,,0,,0,0,FALSE,FALSE,FALSE,FALSE,FALSE,FALSE,FALSE,FALSE,FALSE,FALSE,FALSE,FALSE,WWF,PROBABLE,FALSE,CONFIRMED,S020;S021;S022;S024;S124;S464;S555;S1133;S1700;S1779,,
RR1992M,jimmy-snuka,RR1992M,19,CONFIRMED,Jimmy Snuka,Jimmy Snuka,2,3,FALSE,1991,Eliminated (elim #8),8,FALSE,FALSE,N/A,FALSE,N/A,"48 Years, 8 Months, 1 Days",DERIVED,1.78,107,The Fiji Islands,CONFIRMED,Face,PROBABLE,,,,,N/A,N/A,N/A,N/A,N/A,N/A,FALSE,FALSE,14,DERIVED,the-undertaker,2:28,148,2:28,148,CONFIRMED,,0,,0,0,FALSE,FALSE,FALSE,FALSE,FALSE,FALSE,FALSE,FALSE,FALSE,FALSE,FALSE,FALSE,WWF,PROBABLE,FALSE,CONFIRMED,S020;S021;S017;S022;S024;S131;S132;S537;S1133;S1700;S1779,,
RR1992M,the-undertaker,RR1992M,20,CONFIRMED,The Undertaker,The Undertaker,1,2,FALSE,1991,Eliminated (elim #9),9,FALSE,FALSE,N/A,FALSE,N/A,"26 Years, 9 Months, 26 Days",DERIVED,2.08,140,Death Valley,PROBABLE,Heel,PROBABLE,,,,,N/A,N/A,N/A,N/A,N/A,N/A,FALSE,FALSE,17,DERIVED,hulk-hogan,13:52,832,13:52,832,CONFIRMED,,1,jimmy-snuka,1,0,FALSE,FALSE,FALSE,FALSE,FALSE,FALSE,FALSE,FALSE,FALSE,FALSE,FALSE,FALSE,WWF,PROBABLE,FALSE,CONFIRMED,S020;S021;S018;S019;S022;S024;S123;S124;S543;S1120;S1700;S1779,,
RR1992M,randy-savage,RR1992M,21,CONFIRMED,Randy Savage,Randy Savage,3,4,FALSE,1991,Did not enter,N/A,FALSE,FALSE,N/A,FALSE,N/A,"39 Years, 2 Months, 4 Days",DERIVED,1.88,108,"Sarasota, Florida",PROBABLE,Face,PROBABLE,Macho Man,,,,N/A,N/A,N/A,N/A,N/A,N/A,FALSE,FALSE,27,DERIVED,sid-justice,22:27,1347,22:27,1347,CONFIRMED,,2,col-mustafa;jake-roberts,2,0,FALSE,FALSE,FALSE,FALSE,FALSE,TRUE,FALSE,FALSE,FALSE,FALSE,FALSE,FALSE,WWF,PROBABLE,FALSE,CONFIRMED,S020;S021;S015;S022;S464;S1103;S1700;S1779,"This count reflects only explicitly-credited eliminations (see F027) -- likely an undercount, not a confirmed total. Event-time billing carried forward from RR1991M for the same documented persona; PROBABLE pending a direct 1992 event source.",
RR1992M,the-berzerker,RR1992M,22,CONFIRMED,The Berzerker,The Berzerker,0,1,TRUE,N/A,N/A,N/A,TRUE,FALSE,N/A,FALSE,N/A,"32 Years, 3 Months, 1 Days",DERIVED,2.03,147,Iceland,PROBABLE,Heel,PROBABLE,,,,,N/A,N/A,N/A,N/A,N/A,N/A,FALSE,FALSE,18,DERIVED,hulk-hogan,9:00,540,9:00,540,CONFIRMED,,0,,0,0,FALSE,FALSE,FALSE,FALSE,FALSE,FALSE,FALSE,FALSE,FALSE,FALSE,FALSE,FALSE,WWF,PROBABLE,FALSE,CONFIRMED,S020;S021;S022;S024;S025;S124;S556;S1133;S1700;S1779,,
RR1992M,virgil,RR1992M,23,CONFIRMED,Virgil,Virgil,0,1,TRUE,N/A,N/A,N/A,TRUE,FALSE,N/A,FALSE,N/A,"40 Years, 9 Months, 12 Days",DERIVED,1.80,113,"Pittsburgh, Pennsylvania",PROBABLE,Face,PROBABLE,,,,,N/A,N/A,N/A,N/A,N/A,N/A,FALSE,FALSE,20,DERIVED,jim-duggan,7:30,450,7:30,450,CONFIRMED,,1,jim-duggan,1,0,FALSE,FALSE,FALSE,FALSE,FALSE,FALSE,FALSE,FALSE,FALSE,FALSE,FALSE,FALSE,WWF,PROBABLE,FALSE,CONFIRMED,S020;S021;S004;S022;S557;S1128;S1700;S1779,"This count reflects only explicitly-credited eliminations (see F027) -- likely an undercount, not a confirmed total.",
RR1992M,col-mustafa,RR1992M,24,CONFIRMED,Col. Mustafa,Col. Mustafa,0,1,TRUE,N/A,N/A,N/A,TRUE,FALSE,N/A,FALSE,N/A,"49 Years, 10 Months, 4 Days",DERIVED,1.83,117,"Baghdad, Iraq",PROBABLE,Heel,PROBABLE,,,,The Triangle of Terror,N/A,N/A,N/A,N/A,N/A,N/A,FALSE,FALSE,16,DERIVED,randy-savage,2:36,156,2:36,156,CONFIRMED,,0,,0,0,FALSE,FALSE,FALSE,FALSE,FALSE,FALSE,FALSE,FALSE,FALSE,FALSE,FALSE,FALSE,WWF,PROBABLE,FALSE,CONFIRMED,S020;S021;S022;S023;S130;S131;S132;S464;S558;S1133;S1700;S1779,,
RR1992M,rick-martel,RR1992M,25,CONFIRMED,Rick Martel,Rick Martel,3,4,FALSE,1991,Eliminated (elim #25),25,FALSE,FALSE,N/A,FALSE,N/A,"35 Years, 10 Months, 1 Days",DERIVED,1.83,103,"Montreal, Quebec",PROBABLE,Heel,PROBABLE,,,,,N/A,N/A,N/A,N/A,N/A,N/A,FALSE,FALSE,25,DERIVED,sid-justice,12:39,759,12:39,759,CONFIRMED,,1,skinner,1,0,FALSE,FALSE,FALSE,FALSE,FALSE,FALSE,FALSE,FALSE,FALSE,FALSE,FALSE,FALSE,WWF,PROBABLE,FALSE,CONFIRMED,S020;S021;S015;S022;S464;S1113;S1700;S1779,Event-time billing carried forward from RR1991M for the same documented persona; PROBABLE pending a direct 1992 event source.,
RR1992M,hulk-hogan,RR1992M,26,CONFIRMED,Hulk Hogan,Hulk Hogan,3,4,FALSE,1991,Won,N/A,FALSE,FALSE,N/A,FALSE,N/A,"38 Years, 5 Months, 8 Days",DERIVED,2.01,130,"Venice Beach, California",PROBABLE,Face,PROBABLE,,,,,N/A,N/A,N/A,N/A,N/A,N/A,FALSE,FALSE,28,DERIVED,sid-justice,11:30,690,11:30,690,CONFIRMED,,3,the-berzerker;the-undertaker;the-warlord,2,1,FALSE,FALSE,FALSE,FALSE,TRUE,TRUE,FALSE,FALSE,FALSE,FALSE,FALSE,FALSE,WWF,PROBABLE,FALSE,CONFIRMED,S020;S021;S004;S022;S126;S127;S464;S1106;S1700;S1779,Event-time billing carried forward from RR1991M for the same documented persona; PROBABLE pending a direct 1992 event source.,
RR1992M,skinner,RR1992M,27,CONFIRMED,Skinner,Skinner,0,1,TRUE,N/A,N/A,N/A,TRUE,FALSE,N/A,FALSE,N/A,"40 Years, 4 Months, 9 Days",DERIVED,1.83,98,The Everglades,PROBABLE,Heel,PROBABLE,,,,,N/A,N/A,N/A,N/A,N/A,N/A,FALSE,FALSE,21,DERIVED,rick-martel,2:13,133,2:13,133,CONFIRMED,,0,,0,0,FALSE,FALSE,FALSE,FALSE,FALSE,FALSE,FALSE,FALSE,FALSE,FALSE,FALSE,FALSE,WWF,PROBABLE,FALSE,CONFIRMED,S020;S021;S022;S024;S559;S1133;S1700;S1779,,
RR1992M,sgt-slaughter,RR1992M,28,CONFIRMED,Sgt. Slaughter,Sgt. Slaughter,0,1,TRUE,N/A,N/A,N/A,TRUE,FALSE,N/A,FALSE,N/A,"43 Years, 4 Months, 23 Days",DERIVED,1.98,141,"Parris Island, South Carolina",CONFLICTING,Face,PROBABLE,,,,,N/A,N/A,N/A,N/A,N/A,N/A,FALSE,FALSE,22,DERIVED,sid-justice,4:37,277,4:37,277,CONFIRMED,,0,,0,0,FALSE,FALSE,FALSE,FALSE,FALSE,FALSE,FALSE,FALSE,FALSE,FALSE,FALSE,FALSE,WWF,PROBABLE,FALSE,CONFIRMED,S020;S021;S019;S022;S024;S560;S561;S1129;S1700;S1779,,
RR1992M,sid-justice,RR1992M,29,CONFIRMED,Sid Justice,Sid Justice,0,1,TRUE,N/A,N/A,N/A,TRUE,FALSE,N/A,FALSE,N/A,"31 Years, 1 Months, 3 Days",DERIVED,2.06,144,"West Memphis, Arkansas",PROBABLE,Face,PROBABLE,,,,,N/A,N/A,N/A,N/A,N/A,N/A,FALSE,FALSE,29,DERIVED,ric-flair,5:56,356,5:56,356,CONFIRMED,,6,hulk-hogan;randy-savage;rick-martel;roddy-piper;sgt-slaughter;the-warlord,5,1,FALSE,FALSE,TRUE,TRUE,TRUE,TRUE,FALSE,FALSE,FALSE,FALSE,FALSE,FALSE,WWF,PROBABLE,FALSE,CONFIRMED,S020;S021;S022;S024;S562;S1130;S1700;S1779,"This count reflects only explicitly-credited eliminations (see F027) -- likely an undercount, not a confirmed total.",
RR1992M,the-warlord,RR1992M,30,CONFIRMED,The Warlord,The Warlord,3,4,FALSE,1991,Eliminated (elim #19),19,FALSE,FALSE,N/A,FALSE,N/A,"29 Years, 9 Months, 22 Days",DERIVED,1.96,147,Parts Unknown,PROBABLE,Heel,PROBABLE,,,,,N/A,N/A,N/A,N/A,N/A,N/A,FALSE,FALSE,24,DERIVED,hulk-hogan;sid-justice,1:43,103,1:43,103,CONFIRMED,,0,,0,0,FALSE,FALSE,FALSE,FALSE,FALSE,FALSE,FALSE,FALSE,FALSE,FALSE,FALSE,FALSE,WWF,PROBABLE,FALSE,CONFIRMED,S020;S021;S015;S022;S464;S1133;S1700;S1779,Event-time billing carried forward from RR1991M for the same documented persona; PROBABLE pending a direct 1992 event source.,
RR1993M,ric-flair,RR1993M,1,CONFIRMED,Ric Flair,Ric Flair,1,2,FALSE,1992,Won,N/A,FALSE,FALSE,N/A,FALSE,N/A,"43 Years, 10 Months, 30 Days",DERIVED,1.85,110,"Charlotte, North Carolina",PROBABLE,Heel,PROBABLE,Nature Boy,,,,N/A,N/A,N/A,N/A,N/A,N/A,FALSE,FALSE,4,DERIVED,mr-perfect,18:41,1121,18:41,1121,CONFIRMED,,1,papa-shango,1,0,FALSE,FALSE,FALSE,FALSE,FALSE,FALSE,FALSE,FALSE,FALSE,FALSE,FALSE,FALSE,WWF,PROBABLE,FALSE,CONFIRMED,S027;S028;S469;S552;S1134;S1700;S1780,,
RR1993M,bob-backlund,RR1993M,2,CONFIRMED,Bob Backlund,Bob Backlund,0,1,TRUE,N/A,N/A,N/A,TRUE,FALSE,N/A,FALSE,N/A,"43 Years, 5 Months, 10 Days",DERIVED,1.85,106,"Princeton, Minnesota",PROBABLE,Face,PROBABLE,,,,,N/A,N/A,N/A,N/A,N/A,N/A,FALSE,FALSE,28,DERIVED,yokozuna,61:16,3676,61:16,3676,PROBABLE,,2,fatu;rick-martel,2,0,FALSE,FALSE,FALSE,FALSE,TRUE,TRUE,FALSE,FALSE,FALSE,FALSE,FALSE,FALSE,WWF,PROBABLE,FALSE,CONFIRMED,S027;S028;S564;S1135;S1700;S1780,,
RR1993M,papa-shango,RR1993M,3,CONFIRMED,Papa Shango,Papa Shango,0,1,TRUE,N/A,N/A,N/A,TRUE,FALSE,N/A,FALSE,N/A,"31 Years, 8 Months, 8 Days",DERIVED,1.98,150,Parts Unknown,PROBABLE,Heel,PROBABLE,,,,,N/A,N/A,N/A,N/A,N/A,N/A,FALSE,FALSE,1,DERIVED,ric-flair,0:27,27,0:27,27,CONFIRMED,,0,,0,0,FALSE,FALSE,FALSE,FALSE,FALSE,FALSE,FALSE,FALSE,FALSE,FALSE,FALSE,FALSE,WWF,PROBABLE,FALSE,CONFIRMED,S027;S028;S565;S1192;S1700;S1780,,
RR1993M,ted-dibiase,RR1993M,4,CONFIRMED,Ted DiBiase,Ted DiBiase,3,4,FALSE,1992,Eliminated (elim #1),1,FALSE,FALSE,N/A,FALSE,N/A,"39 Years, 0 Months, 6 Days",DERIVED,1.91,118,"Palm Beach, Florida",PROBABLE,Heel,PROBABLE,Million Dollar Man,,Money Inc. (w/ Irwin R. Schyster),,WWF World Tag Team Champion (Money Inc.),Tag Team,Irwin R. Schyster,2,1992-10-13,103,FALSE,FALSE,13,DERIVED,the-undertaker,24:57,1497,24:57,1497,CONFIRMED,,4,brian-knobbs;koko-b-ware;mr-perfect;red-rooster,3,1,FALSE,FALSE,FALSE,FALSE,FALSE,FALSE,FALSE,FALSE,FALSE,FALSE,FALSE,FALSE,WWF,PROBABLE,FALSE,CONFIRMED,S027;S028;S469;S465;S1192;S1700;S1780,Event-time billing carried forward from RR1992M for the same documented persona; PROBABLE pending a direct 1993 event source.,
RR1993M,brian-knobbs,RR1993M,5,CONFIRMED,Brian Knobbs,Brian Knobbs,1,2,FALSE,1991,Eliminated (elim #27),27,FALSE,FALSE,N/A,FALSE,N/A,"28 Years, 8 Months, 18 Days",DERIVED,1.85,134,"Allentown, Pennsylvania",PROBABLE,Face,PROBABLE,,,The Nasty Boys (w/ Jerry Sags),,N/A,N/A,N/A,N/A,N/A,N/A,FALSE,FALSE,2,DERIVED,ted-dibiase,2:59,179,2:59,179,CONFIRMED,,0,,0,0,FALSE,FALSE,FALSE,FALSE,FALSE,FALSE,FALSE,FALSE,FALSE,FALSE,FALSE,FALSE,WWF,PROBABLE,FALSE,CONFIRMED,S027;S028;S469;S549;S1136;S1700;S1780,,
RR1993M,virgil,RR1993M,6,CONFIRMED,Virgil,Virgil,1,2,FALSE,1992,Eliminated (elim #20),20,FALSE,FALSE,N/A,FALSE,N/A,"41 Years, 9 Months, 17 Days",DERIVED,1.80,113,"Pittsburgh, Pennsylvania",PROBABLE,Face,PROBABLE,,,,,N/A,N/A,N/A,N/A,N/A,N/A,FALSE,FALSE,7,DERIVED,the-berzerker,17:10,1030,17:10,1030,CONFIRMED,,0,,0,0,FALSE,FALSE,FALSE,FALSE,FALSE,FALSE,FALSE,FALSE,FALSE,FALSE,FALSE,FALSE,WWF,PROBABLE,FALSE,CONFIRMED,S027;S028;S557;S1137;S1700;S1780,,
RR1993M,jerry-lawler,RR1993M,7,CONFIRMED,Jerry Lawler,Jerry Lawler,0,1,TRUE,N/A,N/A,N/A,TRUE,FALSE,N/A,FALSE,N/A,"43 Years, 1 Months, 26 Days",DERIVED,1.83,110,"Memphis, Tennessee",PROBABLE,Heel,PROBABLE,The King,,,,N/A,N/A,N/A,N/A,N/A,N/A,FALSE,FALSE,6,DERIVED,mr-perfect,14:36,876,14:36,876,CONFIRMED,,2,max-moon;mr-perfect,1,1,FALSE,FALSE,FALSE,FALSE,FALSE,FALSE,FALSE,FALSE,FALSE,FALSE,FALSE,FALSE,WWF,PROBABLE,FALSE,CONFIRMED,S027;S028;S469;S566;S1138;S1700;S1780,,
RR1993M,max-moon,RR1993M,8,CONFIRMED,Max Moon,Max Moon,0,1,TRUE,N/A,N/A,N/A,TRUE,FALSE,N/A,FALSE,N/A,"31 Years, 8 Months, 13 Days",DERIVED,1.78,107,Outer space,PROBABLE,Face,PROBABLE,,,,,N/A,N/A,N/A,N/A,N/A,N/A,FALSE,FALSE,3,DERIVED,jerry-lawler,1:59,119,1:59,119,CONFIRMED,,0,,0,0,FALSE,FALSE,FALSE,FALSE,FALSE,FALSE,FALSE,FALSE,FALSE,FALSE,FALSE,FALSE,WWF,PROBABLE,FALSE,CONFIRMED,S027;S028;S567;S1192;S1700;S1780,,
RR1993M,genichiro-tenryu,RR1993M,9,CONFIRMED,Genichiro Tenryu,Genichiro Tenryu,0,1,TRUE,N/A,N/A,N/A,TRUE,FALSE,N/A,FALSE,N/A,"42 Years, 11 Months, 22 Days",DERIVED,1.88,124,"Katsuyama, Fukui, Japan",PROBABLE,Tweener,PROBABLE,,,,,N/A,N/A,N/A,N/A,N/A,N/A,FALSE,FALSE,10,DERIVED,the-undertaker,13:17,797,13:17,797,CONFIRMED,,0,,0,0,FALSE,FALSE,FALSE,FALSE,FALSE,FALSE,FALSE,FALSE,FALSE,FALSE,FALSE,FALSE,WWF,PROBABLE,FALSE,CONFIRMED,S027;S028;S568;S1139;S1700;S1780,,
RR1993M,mr-perfect,RR1993M,10,CONFIRMED,Mr. Perfect,Mr. Perfect,3,4,FALSE,1991,Eliminated (elim #22),22,FALSE,FALSE,N/A,FALSE,N/A,"34 Years, 9 Months, 27 Days",DERIVED,1.91,117,"Robbinsdale, Minnesota",PROBABLE,Face,PROBABLE,Mr. Perfect,,,,N/A,N/A,N/A,N/A,N/A,N/A,FALSE,FALSE,8,DERIVED,jerry-lawler;koko-b-ware;ted-dibiase,9:15,555,9:15,555,CONFIRMED,,3,jerry-lawler;ric-flair;skinner,3,0,FALSE,FALSE,FALSE,FALSE,FALSE,FALSE,FALSE,FALSE,FALSE,FALSE,FALSE,FALSE,WWF,PROBABLE,FALSE,CONFIRMED,S024;S027;S028;S035;S469;S1140;S1700;S1780,"Entry-number status CONFLICTING: buzzer-derived #10 vs. narrative's '#11' -- see F056. This count reflects only explicitly-credited eliminations (see F051) -- likely an undercount, not a confirmed total. Event-time billing carried forward from RR1991M for the same documented persona; PROBABLE pending a direct 1993 event source.",
RR1993M,skinner,RR1993M,11,CONFIRMED,Skinner,Skinner,1,2,FALSE,1992,Eliminated (elim #21),21,FALSE,FALSE,N/A,FALSE,N/A,"41 Years, 4 Months, 14 Days",DERIVED,1.83,98,The Everglades,PROBABLE,Heel,PROBABLE,,,,,N/A,N/A,N/A,N/A,N/A,N/A,FALSE,FALSE,5,DERIVED,mr-perfect,3:05,185,3:05,185,CONFIRMED,,0,,0,0,FALSE,FALSE,FALSE,FALSE,FALSE,FALSE,FALSE,FALSE,FALSE,FALSE,FALSE,FALSE,WWF,PROBABLE,FALSE,CONFIRMED,S027;S028;S559;S1192;S1700;S1780,,
RR1993M,koko-b-ware,RR1993M,12,CONFIRMED,Koko B. Ware,Koko B. Ware,2,3,FALSE,1990,Eliminated (elim #1),1,FALSE,FALSE,N/A,FALSE,N/A,"35 Years, 7 Months, 4 Days",DERIVED,1.73,110,"Union City, Tennessee",PROBABLE,Face,PROBABLE,,,,,N/A,N/A,N/A,N/A,N/A,N/A,FALSE,FALSE,11,DERIVED,ted-dibiase,8:31,511,8:31,511,CONFIRMED,,1,mr-perfect,0,1,FALSE,FALSE,FALSE,FALSE,FALSE,FALSE,FALSE,FALSE,FALSE,FALSE,FALSE,FALSE,WWF,PROBABLE,FALSE,CONFIRMED,S027;S028;S469;S1141;S1700;S1780,Event-time billing carried forward from RR1990M for the same documented persona; PROBABLE pending a direct 1993 event source.,
RR1993M,samu,RR1993M,13,CONFIRMED,Samu,Samu,0,1,TRUE,N/A,N/A,N/A,TRUE,FALSE,N/A,FALSE,N/A,"29 Years, 7 Months, 26 Days",DERIVED,1.93,118,The Isle of Samoa,PROBABLE,Heel,PROBABLE,,,The Headshrinkers (w/ Fatu),,N/A,N/A,N/A,N/A,N/A,N/A,FALSE,FALSE,9,DERIVED,the-undertaker,4:50,290,4:50,290,CONFIRMED,,0,,0,0,FALSE,FALSE,FALSE,FALSE,FALSE,FALSE,FALSE,FALSE,FALSE,FALSE,FALSE,FALSE,WWF,PROBABLE,FALSE,CONFIRMED,S027;S028;S469;S569;S1142;S1700;S1780,,
RR1993M,the-berzerker,RR1993M,14,CONFIRMED,Berzerker,Berzerker,1,2,FALSE,1992,Eliminated (elim #18),18,FALSE,FALSE,N/A,FALSE,N/A,"33 Years, 3 Months, 6 Days",DERIVED,2.03,147,Iceland,PROBABLE,Heel,PROBABLE,,,,,N/A,N/A,N/A,N/A,N/A,N/A,FALSE,FALSE,14,DERIVED,the-undertaker,5:21,321,5:21,321,CONFIRMED,,1,virgil,1,0,FALSE,FALSE,FALSE,FALSE,FALSE,FALSE,FALSE,FALSE,FALSE,FALSE,FALSE,FALSE,WWF,PROBABLE,FALSE,CONFIRMED,S027;S028;S556;S1192;S1700;S1780,,
RR1993M,the-undertaker,RR1993M,15,CONFIRMED,Undertaker,Undertaker,2,3,FALSE,1992,Eliminated (elim #17),17,FALSE,FALSE,N/A,FALSE,N/A,"27 Years, 10 Months, 0 Days",DERIVED,2.08,140,Death Valley,PROBABLE,Face,PROBABLE,,Paul Bearer,,,N/A,N/A,N/A,N/A,N/A,N/A,FALSE,FALSE,15,DERIVED,giant-gonzalez,4:14,254,4:14,254,CONFIRMED,,4,genichiro-tenryu;samu;ted-dibiase;the-berzerker,4,0,FALSE,FALSE,FALSE,FALSE,FALSE,FALSE,FALSE,FALSE,FALSE,FALSE,FALSE,FALSE,WWF,PROBABLE,FALSE,CONFIRMED,S027;S028;S465;S469;S543;S1192;S1700;S1780,,
RR1993M,red-rooster,RR1993M,16,CONFIRMED,Taylor,Taylor,2,3,FALSE,1990,Eliminated (elim #8),8,FALSE,FALSE,N/A,FALSE,N/A,"37 Years, 5 Months, 12 Days",DERIVED,1.85,102,"Vero Beach, Florida",PROBABLE,Heel,PROBABLE,,,,,N/A,N/A,N/A,N/A,N/A,N/A,FALSE,FALSE,12,DERIVED,ted-dibiase,0:24,24,0:24,24,CONFIRMED,,0,,0,0,FALSE,FALSE,FALSE,FALSE,FALSE,FALSE,FALSE,FALSE,FALSE,FALSE,FALSE,FALSE,WWF,PROBABLE,FALSE,CONFIRMED,S027;S028;S463;S1192;S1700;S1780,,
RR1993M,damien-demento,RR1993M,17,CONFIRMED,Damien Demento,Damien Demento,0,1,TRUE,N/A,N/A,N/A,TRUE,FALSE,N/A,FALSE,N/A,"34 Years, 6 Months, 30 Days",DERIVED,1.91,122,The Outer Reaches of Your Mind,PROBABLE,Heel,PROBABLE,,,,,N/A,N/A,N/A,N/A,N/A,N/A,FALSE,FALSE,17,DERIVED,carlos-colon,12:21,741,12:21,741,PROBABLE,,0,,0,0,FALSE,FALSE,FALSE,FALSE,FALSE,FALSE,FALSE,FALSE,FALSE,FALSE,FALSE,FALSE,WWF,PROBABLE,FALSE,CONFIRMED,S027;S028;S570;S1192;S1700;S1780,,
RR1993M,irwin-r-schyster,RR1993M,18,CONFIRMED,Irwin R. Schyster,Irwin R. Schyster,1,2,FALSE,1992,Eliminated (elim #23),23,FALSE,FALSE,N/A,FALSE,N/A,"34 Years, 9 Months, 25 Days",DERIVED,1.91,112,"Washington, D.C.",PROBABLE,Heel,PROBABLE,I.R.S.,,Money Inc. (w/ Ted DiBiase),,WWF World Tag Team Champion (Money Inc.),Tag Team,Ted DiBiase,2,1992-10-13,103,FALSE,FALSE,19,DERIVED,earthquake,15:56,956,15:56,956,PROBABLE,,0,,0,0,FALSE,FALSE,FALSE,FALSE,FALSE,FALSE,FALSE,FALSE,FALSE,FALSE,FALSE,FALSE,WWF,PROBABLE,FALSE,CONFIRMED,S027;S028;S469;S465;S555;S1192;S1700;S1780,,
RR1993M,tatanka,RR1993M,19,CONFIRMED,Tatanka,Tatanka,0,1,TRUE,N/A,N/A,N/A,TRUE,FALSE,N/A,FALSE,N/A,"31 Years, 7 Months, 16 Days",DERIVED,1.88,129,"Charlotte, North Carolina",PROBABLE,Face,PROBABLE,,,,,N/A,N/A,N/A,N/A,N/A,N/A,FALSE,FALSE,20,DERIVED,yokozuna,17:37,1057,17:37,1057,CONFIRMED,,0,,0,0,FALSE,FALSE,FALSE,FALSE,FALSE,FALSE,FALSE,FALSE,FALSE,FALSE,FALSE,FALSE,WWF,PROBABLE,FALSE,CONFIRMED,S027;S028;S571;S1143;S1700;S1780,,
RR1993M,jerry-sags,RR1993M,20,CONFIRMED,Jerry Sags,Jerry Sags,1,2,FALSE,1992,Eliminated (elim #2),2,FALSE,FALSE,N/A,FALSE,N/A,"28 Years, 6 Months, 19 Days",DERIVED,1.91,137,Nastyville,PROBABLE,Face,PROBABLE,,,The Nasty Boys (w/ Brian Knobbs),,N/A,N/A,N/A,N/A,N/A,N/A,FALSE,FALSE,24,DERIVED,owen-hart,21:51,1311,21:51,1311,CONFIRMED,,0,,0,0,FALSE,FALSE,FALSE,FALSE,FALSE,FALSE,FALSE,FALSE,FALSE,FALSE,FALSE,FALSE,WWF,PROBABLE,FALSE,CONFIRMED,S027;S028;S469;S553;S1144;S1700;S1780,,
RR1993M,tugboat,RR1993M,21,CONFIRMED,Typhoon,Typhoon,1,2,FALSE,1991,Eliminated (elim #21),21,FALSE,FALSE,N/A,FALSE,N/A,"36 Years, 5 Months, 14 Days",DERIVED,1.91,174,"Norfolk, Virginia",CONFLICTING,Face,PROBABLE,,,The Natural Disasters (w/ Earthquake),,N/A,N/A,N/A,N/A,N/A,N/A,FALSE,FALSE,16,DERIVED,earthquake,5:13,313,5:13,313,CONFIRMED,,0,,0,0,FALSE,FALSE,FALSE,FALSE,FALSE,FALSE,FALSE,FALSE,FALSE,FALSE,FALSE,FALSE,WWF,PROBABLE,FALSE,CONFIRMED,S027;S028;S469;S550;S551;S1192;S1700;S1780,,
RR1993M,fatu,RR1993M,22,CONFIRMED,Fatu,Fatu,0,1,TRUE,N/A,N/A,N/A,TRUE,FALSE,N/A,FALSE,N/A,"27 Years, 3 Months, 13 Days",DERIVED,1.85,136,The Isle of Samoa,PROBABLE,Heel,PROBABLE,,,The Headshrinkers (w/ Samu),,N/A,N/A,N/A,N/A,N/A,N/A,FALSE,FALSE,18,DERIVED,bob-backlund,6:31,391,6:31,391,CONFIRMED,,0,,0,0,FALSE,FALSE,FALSE,FALSE,FALSE,FALSE,FALSE,FALSE,FALSE,FALSE,FALSE,FALSE,WWF,PROBABLE,FALSE,CONFIRMED,S027;S028;S469;S572;S667;S1192;S1700;S1780,,
RR1993M,earthquake,RR1993M,23,CONFIRMED,Earthquake,Earthquake,2,3,FALSE,1991,Runner-up (elim #28),28,FALSE,FALSE,N/A,FALSE,N/A,"29 Years, 7 Months, 2 Days",DERIVED,2.01,212,"Vancouver, British Columbia, Canada",CONFIRMED,Face,PROBABLE,,,The Natural Disasters (w/ Typhoon),,N/A,N/A,N/A,N/A,N/A,N/A,FALSE,FALSE,22,DERIVED,yokozuna,11:02,662,11:02,662,CONFIRMED,,2,irwin-r-schyster;tugboat,2,0,FALSE,FALSE,FALSE,FALSE,FALSE,FALSE,FALSE,FALSE,FALSE,FALSE,FALSE,FALSE,WWF,PROBABLE,FALSE,CONFIRMED,S027;S028;S469;S538;S1192;S1700;S1780,,
RR1993M,carlos-colon,RR1993M,24,CONFIRMED,Carlos Colon,Carlos Colon,0,1,TRUE,N/A,N/A,N/A,TRUE,FALSE,N/A,FALSE,N/A,"44 Years, 6 Months, 6 Days",DERIVED,1.78,112,"Santa Isabel, Puerto Rico",PROBABLE,Face,PROBABLE,,,,,N/A,N/A,N/A,N/A,N/A,N/A,FALSE,FALSE,21,DERIVED,yokozuna,7:25,445,7:25,445,CONFIRMED,,1,damien-demento,1,0,FALSE,FALSE,FALSE,FALSE,FALSE,FALSE,FALSE,FALSE,FALSE,FALSE,FALSE,FALSE,WWF,PROBABLE,FALSE,CONFIRMED,S027;S028;S573;S1146;S1700;S1780,,
RR1993M,tito-santana,RR1993M,25,CONFIRMED,El Matador,El Matador,5,6,FALSE,1992,Eliminated (elim #10),10,FALSE,FALSE,N/A,FALSE,N/A,"39 Years, 8 Months, 14 Days",DERIVED,1.88,106,"Tocula, Mexico",PROBABLE,Face,PROBABLE,El Matador,,,,N/A,N/A,N/A,N/A,N/A,N/A,FALSE,FALSE,23,DERIVED,yokozuna,11:03,663,11:03,663,CONFIRMED,,0,,0,0,FALSE,FALSE,FALSE,FALSE,FALSE,FALSE,FALSE,FALSE,FALSE,FALSE,FALSE,FALSE,WWF,PROBABLE,FALSE,CONFIRMED,S027;S028;S469;S574;S1147;S1700;S1780,,
RR1993M,rick-martel,RR1993M,26,CONFIRMED,Rick Martel,Rick Martel,4,5,FALSE,1992,Eliminated (elim #25),25,FALSE,FALSE,N/A,FALSE,N/A,"36 Years, 10 Months, 6 Days",DERIVED,1.83,103,"Montreal, Quebec",PROBABLE,Heel,PROBABLE,,,,,N/A,N/A,N/A,N/A,N/A,N/A,FALSE,FALSE,27,DERIVED,bob-backlund,11:23,683,11:23,683,CONFIRMED,,0,,0,0,FALSE,FALSE,FALSE,FALSE,FALSE,TRUE,FALSE,FALSE,FALSE,FALSE,FALSE,FALSE,WWF,PROBABLE,FALSE,CONFIRMED,S027;S028;S469;S1148;S1700;S1780,Event-time billing carried forward from RR1992M for the same documented persona; PROBABLE pending a direct 1993 event source.,
RR1993M,yokozuna,RR1993M,27,CONFIRMED,Yokozuna,Yokozuna,0,1,TRUE,N/A,N/A,N/A,TRUE,FALSE,N/A,FALSE,N/A,"26 Years, 3 Months, 22 Days",DERIVED,1.93,229,Polynesia,PROBABLE,Heel,PROBABLE,,Mr. Fuji,,,N/A,N/A,N/A,N/A,N/A,N/A,FALSE,FALSE,,N/A,,,,14:55,895,CONFIRMED,,7,bob-backlund;carlos-colon;earthquake;owen-hart;randy-savage;tatanka;tito-santana,7,0,FALSE,TRUE,FALSE,TRUE,TRUE,TRUE,FALSE,FALSE,FALSE,FALSE,FALSE,FALSE,WWF,PROBABLE,FALSE,CONFIRMED,S027;S028;S465;S469;S575;S576;S1149;S1700;S1780,"This count reflects only explicitly-credited eliminations (see F051) -- likely an undercount, not a confirmed total.",
RR1993M,owen-hart,RR1993M,28,CONFIRMED,Owen Hart,Owen Hart,0,1,TRUE,N/A,N/A,N/A,TRUE,FALSE,N/A,FALSE,N/A,"27 Years, 8 Months, 17 Days",DERIVED,1.78,103,"Calgary, Alberta, Canada",PROBABLE,Face,PROBABLE,,,,,N/A,N/A,N/A,N/A,N/A,N/A,FALSE,FALSE,25,DERIVED,yokozuna,5:39,339,5:39,339,CONFIRMED,,1,jerry-sags,1,0,FALSE,FALSE,FALSE,FALSE,FALSE,FALSE,FALSE,FALSE,FALSE,FALSE,FALSE,FALSE,WWF,PROBABLE,FALSE,CONFIRMED,S027;S028;S577;S1150;S1700;S1780,,
RR1993M,smash,RR1993M,29,CONFIRMED,Repo Man,Repo Man,4,5,FALSE,1992,Eliminated (elim #6),6,FALSE,FALSE,N/A,FALSE,N/A,"33 Years, 3 Months, 18 Days",DERIVED,1.88,132,The Motor City,PROBABLE,Heel,PROBABLE,Repo Man,,,,N/A,N/A,N/A,N/A,N/A,N/A,FALSE,FALSE,26,DERIVED,randy-savage,3:33,213,3:33,213,CONFIRMED,,0,,0,0,FALSE,FALSE,FALSE,FALSE,FALSE,FALSE,FALSE,FALSE,FALSE,FALSE,FALSE,FALSE,WWF,PROBABLE,FALSE,CONFIRMED,S027;S028;S469;S554;S1192;S1700;S1780,,
RR1993M,randy-savage,RR1993M,30,CONFIRMED,Randy Savage,Randy Savage,4,5,FALSE,1992,Eliminated (elim #27),27,FALSE,FALSE,N/A,FALSE,N/A,"40 Years, 2 Months, 9 Days",DERIVED,1.88,108,"Sarasota, Florida",PROBABLE,Face,PROBABLE,Macho Man,,,,N/A,N/A,N/A,N/A,N/A,N/A,FALSE,FALSE,29,DERIVED,yokozuna,9:02,542,9:02,542,CONFIRMED,,1,smash,1,0,FALSE,FALSE,TRUE,TRUE,TRUE,TRUE,FALSE,FALSE,FALSE,FALSE,FALSE,FALSE,WWF,PROBABLE,FALSE,CONFIRMED,S027;S028;S469;S1192;S1700;S1780,Event-time billing carried forward from RR1992M for the same documented persona; PROBABLE pending a direct 1993 event source.,
RR1994M,bob-backlund,RR1994M,8,CONFIRMED,Bob Backlund,Bob Backlund,1,2,FALSE,1993,Eliminated (elim #28),28,FALSE,FALSE,N/A,FALSE,N/A,"44 Years, 5 Months, 8 Days",DERIVED,1.85,106,"Princeton, Minnesota",PROBABLE,Face,PROBABLE,,,,,N/A,N/A,N/A,N/A,N/A,N/A,FALSE,FALSE,7,CONFIRMED,diesel,10:20,620,0:42,42,PROBABLE,,,,,,FALSE,FALSE,FALSE,UNKNOWN,UNKNOWN,UNKNOWN,FALSE,FALSE,FALSE,FALSE,FALSE,FALSE,WWF,PROBABLE,FALSE,CONFIRMED,S024;S029;S035;S466;S481;S564;S1135;S1700;S1781;S1754,,CONFIRMED
RR1994M,bam-bam-bigelow,RR1994M,15,CONFIRMED,Bam Bam Bigelow,Bam Bam Bigelow,0,1,TRUE,N/A,N/A,N/A,TRUE,FALSE,N/A,FALSE,N/A,"32 Years, 4 Months, 21 Days",DERIVED,1.93,177,"Asbury Park, New Jersey",PROBABLE,Heel,PROBABLE,,,,,N/A,N/A,N/A,N/A,N/A,N/A,FALSE,FALSE,23,CONFIRMED,lex-luger,51:06,3066,30:15,1815,PROBABLE,,4,demolition-crush;diesel;doink;tatanka,2,2,FALSE,FALSE,FALSE,UNKNOWN,UNKNOWN,UNKNOWN,FALSE,FALSE,FALSE,FALSE,FALSE,FALSE,WWF,PROBABLE,FALSE,CONFIRMED,S024;S029;S035;S466;S481;S582;S1151;S1700;S1781;S1754,,CONFIRMED
RR1994M,adam-bomb,RR1994M,30,CONFIRMED,Adam Bomb,Adam Bomb,0,1,TRUE,N/A,N/A,N/A,TRUE,FALSE,N/A,FALSE,N/A,"29 Years, 10 Months, 8 Days",DERIVED,1.98,132,Three Mile Island,PROBABLE,Heel,PROBABLE,,,,,N/A,N/A,N/A,N/A,N/A,N/A,FALSE,FALSE,20,CONFIRMED,lex-luger,49:50,2990,4:56,296,PROBABLE,,,,,,FALSE,FALSE,FALSE,UNKNOWN,UNKNOWN,UNKNOWN,FALSE,FALSE,FALSE,FALSE,FALSE,FALSE,WWF,PROBABLE,FALSE,CONFIRMED,S024;S029;S035;S466;S481;S583;S1193;S1700;S1781;S1754,,CONFIRMED
RR1994M,demolition-crush,RR1994M,13,CONFIRMED,Crush,Crush,1,2,FALSE,1991,Eliminated (elim #18),18,FALSE,FALSE,N/A,FALSE,N/A,"29 Years, 9 Months, 8 Days",DERIVED,1.98,143,"Kona, Hawaii",PROBABLE,Heel,PROBABLE,,,,,N/A,N/A,N/A,N/A,N/A,N/A,FALSE,FALSE,16,CONFIRMED,bam-bam-bigelow;sparky-plugg;lex-luger;bret-hart,42:39,2559,25:06,1506,PROBABLE,,2,diesel;randy-savage,1,1,FALSE,FALSE,FALSE,UNKNOWN,UNKNOWN,UNKNOWN,FALSE,FALSE,FALSE,FALSE,FALSE,FALSE,WWF,PROBABLE,FALSE,CONFIRMED,S024;S029;S035;S466;S481;S560;S1152;S1700;S1781;S1754,,CONFIRMED
RR1994M,doink,RR1994M,14,CONFIRMED,Doink,Doink,0,1,TRUE,N/A,N/A,N/A,TRUE,FALSE,N/A,FALSE,N/A,,UNKNOWN,1.83,109,Parts Unknown,PROBABLE,Face,PROBABLE,,,,,N/A,N/A,N/A,N/A,N/A,N/A,FALSE,FALSE,12,CONFIRMED,bam-bam-bigelow,21:11,1271,1:46,106,PROBABLE,,,,,,FALSE,FALSE,FALSE,UNKNOWN,UNKNOWN,UNKNOWN,FALSE,FALSE,FALSE,FALSE,FALSE,FALSE,WWF,PROBABLE,TRUE,CONFIRMED,S024;S029;S035;S466;S481;S584;S1193;S1700;S1781;S1754,,CONFIRMED
RR1994M,diesel,RR1994M,7,CONFIRMED,Diesel,Diesel,0,1,TRUE,N/A,N/A,N/A,TRUE,FALSE,N/A,FALSE,N/A,"34 Years, 6 Months, 13 Days",DERIVED,2.08,149,"Detroit, Michigan",PROBABLE,Heel,PROBABLE,,,,,N/A,N/A,N/A,N/A,N/A,N/A,FALSE,FALSE,13,CONFIRMED,demolition-crush;bam-bam-bigelow;mabel;sparky-plugg;shawn-michaels,25:59,1559,17:42,1062,PROBABLE,,7,bart-gunn;billy-gunn;bob-backlund;kwang;owen-hart;scott-steiner;virgil,7,0,FALSE,FALSE,FALSE,UNKNOWN,UNKNOWN,UNKNOWN,FALSE,FALSE,FALSE,FALSE,FALSE,FALSE,WWF,PROBABLE,FALSE,CONFIRMED,S024;S029;S035;S466;S481;S585;S1193;S1700;S1781;S1754,,CONFIRMED
RR1994M,fatu,RR1994M,28,CONFIRMED,Fatu,Fatu,1,2,FALSE,1993,Eliminated (elim #18),18,FALSE,FALSE,N/A,FALSE,N/A,"28 Years, 3 Months, 11 Days",DERIVED,1.85,136,The Isle of Samoa,PROBABLE,Heel,PROBABLE,,,The Headshrinkers (w/ Samu),,N/A,N/A,N/A,N/A,N/A,N/A,FALSE,FALSE,26,CONFIRMED,bret-hart,54:42,3282,13:05,785,PROBABLE,,1,mo,1,0,FALSE,FALSE,FALSE,UNKNOWN,UNKNOWN,UNKNOWN,FALSE,FALSE,FALSE,FALSE,FALSE,FALSE,WWF,PROBABLE,FALSE,CONFIRMED,S024;S029;S035;S470;S466;S481;S572;S667;S1193;S1700;S1781;S1754,,CONFIRMED
RR1994M,great-kabuki,RR1994M,22,CONFIRMED,Great Kabuki,Great Kabuki,0,1,TRUE,N/A,N/A,N/A,TRUE,FALSE,N/A,FALSE,N/A,"45 Years, 4 Months, 14 Days",DERIVED,1.80,110,Singapore,PROBABLE,Heel,PROBABLE,,,,,N/A,N/A,N/A,N/A,N/A,N/A,FALSE,FALSE,15,CONFIRMED,lex-luger,33:40,2020,1:47,107,PROBABLE,,,,,,FALSE,FALSE,FALSE,UNKNOWN,UNKNOWN,UNKNOWN,FALSE,FALSE,FALSE,FALSE,FALSE,FALSE,WWF,PROBABLE,FALSE,CONFIRMED,S024;S029;S035;S466;S481;S586;S1193;S1700;S1781;S1754,,CONFIRMED
RR1994M,owen-hart,RR1994M,5,CONFIRMED,Owen Hart,Owen Hart,1,2,FALSE,1993,Eliminated (elim #25),25,FALSE,FALSE,N/A,FALSE,N/A,"28 Years, 8 Months, 15 Days",DERIVED,1.78,103,"Calgary, Alberta, Canada",PROBABLE,Heel,PROBABLE,,,,,N/A,N/A,N/A,N/A,N/A,N/A,FALSE,FALSE,5,CONFIRMED,diesel,9:10,550,4:11,251,PROBABLE,,1,rick-steiner,1,0,FALSE,FALSE,FALSE,UNKNOWN,UNKNOWN,UNKNOWN,FALSE,FALSE,FALSE,FALSE,FALSE,FALSE,WWF,PROBABLE,FALSE,CONFIRMED,S024;S029;S035;S466;S481;S577;S1150;S1700;S1781;S1754,,CONFIRMED
RR1994M,marty-jannetty,RR1994M,29,CONFIRMED,Marty Jannetty,Marty Jannetty,2,3,FALSE,1990,Eliminated (elim #2),2,FALSE,FALSE,N/A,FALSE,N/A,"33 Years, 11 Months, 19 Days",DERIVED,1.8,103,"Columbus, Georgia",PROBABLE,Face,PROBABLE,,,Marty Jannetty & The 1-2-3 Kid,,N/A,N/A,N/A,N/A,N/A,N/A,FALSE,FALSE,24,CONFIRMED,shawn-michaels,51:13,3073,8:20,500,PROBABLE,,,,,,FALSE,FALSE,FALSE,UNKNOWN,UNKNOWN,UNKNOWN,FALSE,FALSE,FALSE,FALSE,FALSE,FALSE,WWF,PROBABLE,FALSE,CONFIRMED,S024;S029;S035;S470;S466;S481;S1153;S1700;S1781;S1754,Event-time billing carried forward from RR1990M for the same documented persona; PROBABLE pending a direct 1994 event source.,CONFIRMED
RR1994M,jeff-jarrett,RR1994M,12,CONFIRMED,Jeff Jarrett,Jeff Jarrett,0,1,TRUE,N/A,N/A,N/A,TRUE,FALSE,N/A,FALSE,N/A,"26 Years, 6 Months, 8 Days",DERIVED,1.83,104,"Nashville, Tennessee",PROBABLE,Heel,PROBABLE,Double J,,,,N/A,N/A,N/A,N/A,N/A,N/A,FALSE,FALSE,10,CONFIRMED,randy-savage,17:13,1033,1:17,77,PROBABLE,,,,,,FALSE,FALSE,FALSE,UNKNOWN,UNKNOWN,UNKNOWN,FALSE,FALSE,FALSE,FALSE,FALSE,FALSE,WWF,PROBABLE,FALSE,CONFIRMED,S024;S029;S035;S470;S466;S481;S587;S1154;S1700;S1781;S1754,,CONFIRMED
RR1994M,kwang,RR1994M,4,CONFIRMED,Kwang,Kwang,0,1,TRUE,N/A,N/A,N/A,TRUE,FALSE,N/A,FALSE,N/A,"29 Years, 5 Months, 12 Days",DERIVED,1.80,118,"The Orient, Japan",PROBABLE,Heel,PROBABLE,,Harvey Wippleman,,,N/A,N/A,N/A,N/A,N/A,N/A,FALSE,FALSE,6,CONFIRMED,diesel,9:24,564,5:58,358,PROBABLE,,,,,,FALSE,FALSE,FALSE,UNKNOWN,UNKNOWN,UNKNOWN,FALSE,FALSE,FALSE,FALSE,FALSE,FALSE,WWF,PROBABLE,FALSE,CONFIRMED,S024;S029;S035;S466;S470;S481;S588;S1193;S1700;S1781;S1754,,CONFIRMED
RR1994M,rick-martel,RR1994M,26,CONFIRMED,Rick Martel,Rick Martel,5,6,FALSE,1993,Eliminated (elim #27),27,FALSE,FALSE,N/A,FALSE,N/A,"37 Years, 10 Months, 4 Days",DERIVED,1.83,103,"Montreal, Quebec",PROBABLE,Heel,PROBABLE,,,,,N/A,N/A,N/A,N/A,N/A,N/A,FALSE,FALSE,19,CONFIRMED,tatanka,49:33,2973,11:23,683,PROBABLE,,1,greg-valentine,1,0,FALSE,FALSE,FALSE,UNKNOWN,UNKNOWN,UNKNOWN,FALSE,FALSE,FALSE,FALSE,FALSE,FALSE,WWF,PROBABLE,FALSE,CONFIRMED,S024;S029;S035;S470;S466;S481;S1148;S1700;S1781;S1754,Event-time billing carried forward from RR1993M for the same documented persona; PROBABLE pending a direct 1994 event source.,CONFIRMED
RR1994M,mo,RR1994M,19,CONFIRMED,Mo,Mo,0,1,TRUE,N/A,N/A,N/A,TRUE,FALSE,N/A,FALSE,N/A,"26 Years, 9 Months, 9 Days",DERIVED,1.85,129,"Harlem, New York",PROBABLE,Face,PROBABLE,,,Men on a Mission (w/ Mabel),,N/A,N/A,N/A,N/A,N/A,N/A,FALSE,FALSE,21,CONFIRMED,fatu,49:56,2996,22:48,1368,PROBABLE,,,,,,FALSE,FALSE,FALSE,UNKNOWN,UNKNOWN,UNKNOWN,FALSE,FALSE,FALSE,FALSE,FALSE,FALSE,WWF,PROBABLE,FALSE,CONFIRMED,S024;S029;S035;S470;S466;S481;S589;S590;S1155;S1700;S1781;S1754,,CONFIRMED
RR1994M,mabel,RR1994M,16,CONFIRMED,Mabel,Mabel,0,1,TRUE,N/A,N/A,N/A,TRUE,FALSE,N/A,FALSE,N/A,"22 Years, 11 Months, 8 Days",DERIVED,2.06,221,"Harlem, New York",PROBABLE,Face,PROBABLE,,,Men on a Mission (w/ Mo),,N/A,N/A,N/A,N/A,N/A,N/A,FALSE,FALSE,14,CONFIRMED,demolition-crush;sparky-plugg;tatanka;great-kabuki;bam-bam-bigelow;shawn-michaels;greg-valentine,32:32,1952,9:57,597,PROBABLE,,1,diesel,0,1,FALSE,FALSE,FALSE,UNKNOWN,UNKNOWN,UNKNOWN,FALSE,FALSE,FALSE,FALSE,FALSE,FALSE,WWF,PROBABLE,FALSE,PROBABLE,S024;S029;S035;S470;S466;S481;S589;S591;S1193;S1700;S1781;S1754,Source disagreement or incomplete group attribution is preserved in flags.csv.,PROBABLE
RR1994M,shawn-michaels,RR1994M,18,CONFIRMED,Shawn Michaels,Shawn Michaels,3,4,FALSE,1992,Eliminated (elim #9),9,FALSE,FALSE,N/A,FALSE,N/A,"28 Years, 6 Months, 0 Days",DERIVED,1.85,102,"San Antonio, Texas",PROBABLE,Heel,PROBABLE,The Heartbreak Kid,,,,N/A,N/A,N/A,N/A,N/A,N/A,FALSE,FALSE,27,CONFIRMED,lex-luger,54:43,3283,29:20,1760,PROBABLE,,3,diesel;marty-jannetty;sparky-plugg,1,2,FALSE,FALSE,FALSE,UNKNOWN,UNKNOWN,UNKNOWN,FALSE,FALSE,FALSE,FALSE,FALSE,FALSE,WWF,PROBABLE,FALSE,CONFIRMED,S024;S029;S035;S470;S466;S481;S1156;S1700;S1781;S1754,Event-time billing carried forward from RR1992M for the same documented persona; PROBABLE pending a direct 1994 event source.,CONFIRMED
RR1994M,sparky-plugg,RR1994M,17,CONFIRMED,Sparky Plugg,Sparky Plugg,0,1,TRUE,N/A,N/A,N/A,TRUE,FALSE,N/A,FALSE,N/A,"30 Years, 11 Months, 24 Days",DERIVED,1.83,107,"Mobile, Alabama",PROBABLE,Face,PROBABLE,Sparky Plugg,,,,N/A,N/A,N/A,N/A,N/A,N/A,FALSE,FALSE,17,CONFIRMED,shawn-michaels;bret-hart,45:21,2721,21:35,1295,PROBABLE,,2,demolition-crush;diesel,0,2,FALSE,FALSE,FALSE,UNKNOWN,UNKNOWN,UNKNOWN,FALSE,FALSE,FALSE,FALSE,FALSE,FALSE,WWF,PROBABLE,FALSE,CONFIRMED,S024;S029;S035;S470;S466;S481;S592;S1157;S1700;S1781;S1754,,CONFIRMED
RR1994M,samu,RR1994M,2,CONFIRMED,Samu,Samu,1,2,FALSE,1993,Eliminated (elim #9),9,FALSE,FALSE,N/A,FALSE,N/A,"30 Years, 7 Months, 24 Days",DERIVED,1.93,118,The Isle of Samoa,PROBABLE,Heel,PROBABLE,,,The Headshrinkers (w/ Fatu),,N/A,N/A,N/A,N/A,N/A,N/A,FALSE,FALSE,1,CONFIRMED,scott-steiner,3:15,195,3:15,195,PROBABLE,,,,,,FALSE,FALSE,FALSE,UNKNOWN,UNKNOWN,UNKNOWN,FALSE,FALSE,FALSE,FALSE,FALSE,FALSE,WWF,PROBABLE,FALSE,CONFIRMED,S024;S029;S035;S470;S466;S481;S569;S1142;S1700;S1781;S1754,Confirmed as one of the first two entrants this match (exact order vs. the other not specified in S029) -- see F059.,CONFIRMED
RR1994M,randy-savage,RR1994M,11,CONFIRMED,Randy Savage,Randy Savage,5,6,FALSE,1993,Runner-up (elim #29),29,FALSE,FALSE,N/A,FALSE,N/A,"41 Years, 2 Months, 7 Days",DERIVED,1.88,108,"Sarasota, Florida",PROBABLE,Face,PROBABLE,Macho Man,,,,N/A,N/A,N/A,N/A,N/A,N/A,FALSE,FALSE,11,CONFIRMED,demolition-crush,19:10,1150,4:39,279,PROBABLE,,1,jeff-jarrett,1,0,FALSE,FALSE,FALSE,UNKNOWN,UNKNOWN,UNKNOWN,FALSE,FALSE,FALSE,FALSE,FALSE,FALSE,WWF,PROBABLE,FALSE,CONFIRMED,S024;S029;S035;S470;S466;S481;S1193;S1700;S1781;S1754,Event-time billing carried forward from RR1993M for the same documented persona; PROBABLE pending a direct 1994 event source.,CONFIRMED
RR1994M,billy-gunn,RR1994M,9,CONFIRMED,Billy Gunn,Billy Gunn,0,1,TRUE,N/A,N/A,N/A,TRUE,FALSE,N/A,FALSE,N/A,"30 Years, 2 Months, 21 Days",DERIVED,1.96,118,"Austin, Texas",PROBABLE,Face,PROBABLE,,,The Smoking Gunns (w/ Bart Gunn),,N/A,N/A,N/A,N/A,N/A,N/A,FALSE,FALSE,8,CONFIRMED,diesel,11:27,687,0:14,14,PROBABLE,,,,,,FALSE,FALSE,FALSE,UNKNOWN,UNKNOWN,UNKNOWN,FALSE,FALSE,FALSE,FALSE,FALSE,FALSE,WWF,PROBABLE,FALSE,CONFIRMED,S024;S029;S035;S470;S466;S481;S593;S595;S1158;S1700;S1781;S1754,,CONFIRMED
RR1994M,bart-gunn,RR1994M,6,CONFIRMED,Bart Gunn,Bart Gunn,0,1,TRUE,N/A,N/A,N/A,TRUE,FALSE,N/A,FALSE,N/A,"28 Years, 0 Months, 26 Days",DERIVED,1.91,117,"Austin, Texas",PROBABLE,Face,PROBABLE,,,The Smoking Gunns (w/ Billy Gunn),,N/A,N/A,N/A,N/A,N/A,N/A,FALSE,FALSE,3,CONFIRMED,diesel,8:56,536,2:29,149,PROBABLE,,,,,,FALSE,FALSE,FALSE,UNKNOWN,UNKNOWN,UNKNOWN,FALSE,FALSE,FALSE,FALSE,FALSE,FALSE,WWF,PROBABLE,FALSE,CONFIRMED,S024;S029;S035;S470;S466;S481;S593;S594;S1159;S1700;S1781;S1754,,CONFIRMED
RR1994M,rick-steiner,RR1994M,3,CONFIRMED,Rick Steiner,Rick Steiner,0,1,TRUE,N/A,N/A,N/A,TRUE,FALSE,N/A,FALSE,N/A,"32 Years, 10 Months, 13 Days",DERIVED,1.80,127,"Detroit, Michigan",PROBABLE,Face,PROBABLE,,,The Steiner Brothers (w/ Scott Steiner),,N/A,N/A,N/A,N/A,N/A,N/A,FALSE,FALSE,2,CONFIRMED,owen-hart,5:50,350,3:58,238,PROBABLE,,,,,,FALSE,FALSE,FALSE,UNKNOWN,UNKNOWN,UNKNOWN,FALSE,FALSE,FALSE,FALSE,FALSE,FALSE,WWF,PROBABLE,FALSE,CONFIRMED,S024;S029;S035;S470;S466;S481;S596;S1160;S1700;S1781;S1754,,CONFIRMED
RR1994M,scott-steiner,RR1994M,1,CONFIRMED,Scott Steiner,Scott Steiner,0,1,TRUE,N/A,N/A,N/A,TRUE,FALSE,N/A,FALSE,N/A,"31 Years, 5 Months, 24 Days",DERIVED,1.85,125,"Detroit, Michigan",PROBABLE,Face,PROBABLE,,,The Steiner Brothers (w/ Rick Steiner),,N/A,N/A,N/A,N/A,N/A,N/A,FALSE,FALSE,4,CONFIRMED,diesel,9:02,542,9:02,542,PROBABLE,,1,samu,1,0,FALSE,FALSE,FALSE,UNKNOWN,UNKNOWN,UNKNOWN,FALSE,FALSE,FALSE,FALSE,FALSE,FALSE,WWF,PROBABLE,FALSE,CONFIRMED,S024;S029;S035;S470;S466;S481;S597;S1161;S1700;S1781;S1754,Confirmed as one of the first two entrants this match (exact order vs. the other not specified in S029) -- see F059.,CONFIRMED
RR1994M,tatanka,RR1994M,21,CONFIRMED,Tatanka,Tatanka,1,2,FALSE,1993,Eliminated (elim #20),20,FALSE,FALSE,N/A,FALSE,N/A,"32 Years, 7 Months, 14 Days",DERIVED,1.88,129,"Charlotte, North Carolina",PROBABLE,Face,PROBABLE,,,,,N/A,N/A,N/A,N/A,N/A,N/A,FALSE,FALSE,22,CONFIRMED,bam-bam-bigelow,50:16,3016,20:09,1209,PROBABLE,,1,rick-martel,1,0,FALSE,FALSE,FALSE,UNKNOWN,UNKNOWN,UNKNOWN,FALSE,FALSE,FALSE,FALSE,FALSE,FALSE,WWF,PROBABLE,FALSE,CONFIRMED,S024;S029;S035;S466;S481;S571;S1143;S1700;S1781;S1754,,CONFIRMED
RR1994M,genichiro-tenryu,RR1994M,24,CONFIRMED,Genichiro Tenryu,Genichiro Tenryu,1,2,FALSE,1993,Eliminated (elim #10),10,FALSE,FALSE,N/A,FALSE,N/A,"43 Years, 11 Months, 20 Days",DERIVED,1.88,124,"Katsuyama, Fukui, Japan",PROBABLE,Tweener,PROBABLE,,,,,N/A,N/A,N/A,N/A,N/A,N/A,FALSE,FALSE,25,CONFIRMED,bret-hart;lex-luger,52:31,3151,17:23,1043,PROBABLE,,,,,,FALSE,FALSE,FALSE,UNKNOWN,UNKNOWN,UNKNOWN,FALSE,FALSE,FALSE,FALSE,FALSE,FALSE,WWF,PROBABLE,FALSE,CONFIRMED,S024;S029;S035;S466;S481;S568;S1139;S1700;S1781;S1754,,CONFIRMED
RR1994M,greg-valentine,RR1994M,20,CONFIRMED,Greg Valentine,Greg Valentine,3,4,FALSE,1992,Eliminated (elim #5),5,FALSE,FALSE,N/A,FALSE,N/A,"42 Years, 4 Months, 2 Days",DERIVED,1.83,110,"Seattle, Washington",PROBABLE,Heel,PROBABLE,The Hammer,,,,N/A,N/A,N/A,N/A,N/A,N/A,FALSE,FALSE,18,CONFIRMED,rick-martel,49:16,2956,20:42,1242,PROBABLE,,,,,,FALSE,FALSE,FALSE,UNKNOWN,UNKNOWN,UNKNOWN,FALSE,FALSE,FALSE,FALSE,FALSE,FALSE,WWF,PROBABLE,FALSE,CONFIRMED,S024;S029;S035;S470;S466;S481;S1193;S1700;S1781;S1754,Event-time billing carried forward from RR1992M for the same documented persona; PROBABLE pending a direct 1994 event source.,CONFIRMED
RR1994M,virgil,RR1994M,10,CONFIRMED,Virgil,Virgil,2,3,FALSE,1993,Eliminated (elim #7),7,FALSE,FALSE,N/A,FALSE,N/A,"42 Years, 9 Months, 15 Days",DERIVED,1.80,113,"Pittsburgh, Pennsylvania",PROBABLE,Face,PROBABLE,,,,,N/A,N/A,N/A,N/A,N/A,N/A,FALSE,FALSE,9,CONFIRMED,diesel,13:15,795,0:32,32,PROBABLE,,,,,,FALSE,FALSE,FALSE,UNKNOWN,UNKNOWN,UNKNOWN,FALSE,FALSE,FALSE,FALSE,FALSE,FALSE,WWF,PROBABLE,FALSE,CONFIRMED,S024;S029;S035;S466;S481;S557;S1137;S1700;S1781;S1754,,CONFIRMED
RR1994M,bret-hart,RR1994M,27,CONFIRMED,Bret Hart,Bret Hart,3,4,FALSE,1991,Eliminated (elim #4),4,FALSE,FALSE,N/A,FALSE,N/A,"36 Years, 6 Months, 20 Days",DERIVED,1.83,106,"Calgary, Alberta, Canada",PROBABLE,Face,PROBABLE,Hit Man,,,,N/A,N/A,N/A,N/A,N/A,N/A,FALSE,FALSE,,N/A,,,,15:01,901,PROBABLE,,4,demolition-crush;fatu;genichiro-tenryu;sparky-plugg,1,3,FALSE,TRUE,FALSE,TRUE,UNKNOWN,UNKNOWN,FALSE,FALSE,FALSE,FALSE,FALSE,FALSE,WWF,PROBABLE,FALSE,PROBABLE,S024;S029;S035;S470;S1163;S1700;S1781;S1754,Co-credited winner -- see F060 for the full controversy. Event-time billing carried forward from RR1991M for the same documented persona; PROBABLE pending a direct 1994 event source.,
RR1994M,lex-luger,RR1994M,23,CONFIRMED,Lex Luger,Lex Luger,0,1,TRUE,N/A,N/A,N/A,TRUE,FALSE,N/A,FALSE,N/A,"35 Years, 7 Months, 20 Days",DERIVED,1.98,125,"Atlanta, Georgia",PROBABLE,Face,PROBABLE,,,,,N/A,N/A,N/A,N/A,N/A,N/A,FALSE,FALSE,,N/A,,,,21:52,1312,PROBABLE,,6,adam-bomb;bam-bam-bigelow;demolition-crush;genichiro-tenryu;great-kabuki;shawn-michaels,4,2,FALSE,TRUE,FALSE,TRUE,UNKNOWN,UNKNOWN,FALSE,FALSE,FALSE,FALSE,FALSE,FALSE,WWF,PROBABLE,FALSE,PROBABLE,S024;S029;S035;S598;S599;S1164;S1700;S1781;S1754,Co-credited winner -- see F060 for the full controversy.,
RR1995M,shawn-michaels,RR1995M,1,CONFIRMED,Shawn Michaels,Shawn Michaels,4,5,FALSE,1994,Eliminated (elim #27),27,FALSE,FALSE,N/A,FALSE,N/A,"29 Years, 6 Months, 0 Days",DERIVED,1.85,102,"San Antonio, Texas",PROBABLE,Heel,PROBABLE,The Heartbreak Kid,,,,N/A,N/A,N/A,N/A,N/A,N/A,FALSE,FALSE,,N/A,,,,38:45,2325,CONFIRMED,,9,aldo-montoya;british-bulldog;butch-miller;duke-droese;jacob-blu;king-kong-bundy;lex-luger;luke-williams;tom-prichard,8,1,FALSE,TRUE,FALSE,TRUE,TRUE,TRUE,FALSE,FALSE,FALSE,FALSE,FALSE,FALSE,WWF,PROBABLE,FALSE,CONFIRMED,S030;S031;S471;S1156;S1700;S1782,"This count reflects only explicitly-credited eliminations (see F065) -- likely an undercount, not a confirmed total. Event-time billing carried forward from RR1994M for the same documented persona; PROBABLE pending a direct 1995 event source.",
RR1995M,british-bulldog,RR1995M,2,CONFIRMED,British Bulldog,British Bulldog,2,3,FALSE,1992,Eliminated (elim #7),7,FALSE,FALSE,N/A,FALSE,N/A,"32 Years, 1 Months, 26 Days",DERIVED,1.80,118,"Leeds, England",PROBABLE,Face,PROBABLE,,,,,N/A,N/A,N/A,N/A,N/A,N/A,FALSE,FALSE,29,DERIVED,shawn-michaels,38:42,2322,38:42,2322,CONFIRMED,,4,demolition-crush;jimmy-del-ray;owen-hart;timothy-well,4,0,FALSE,FALSE,TRUE,TRUE,TRUE,TRUE,FALSE,FALSE,FALSE,FALSE,FALSE,FALSE,WWF,PROBABLE,FALSE,CONFIRMED,S030;S031;S020;S021;S018;S019;S022;S024;S123;S124;S131;S544;S1194;S1700;S1782,,
RR1995M,eli-blu,RR1995M,3,CONFIRMED,Eli Blu,Eli Blu,0,1,TRUE,N/A,N/A,N/A,TRUE,FALSE,N/A,FALSE,N/A,"34 Years, 2 Months, 30 Days",DERIVED,1.96,130,"Nashville, Tennessee",PROBABLE,Heel,PROBABLE,,Dutch Mantel,The Blu Twins (w/ Jacob Blu),,N/A,N/A,N/A,N/A,N/A,N/A,FALSE,FALSE,9,DERIVED,headshrinker-sione,9:57,597,9:57,597,CONFIRMED,,1,headshrinker-sione,1,0,FALSE,FALSE,FALSE,FALSE,FALSE,FALSE,FALSE,FALSE,FALSE,FALSE,FALSE,FALSE,WWF,PROBABLE,FALSE,CONFIRMED,S030;S031;S471;S467;S601;S667;S1194;S1700;S1782,,
RR1995M,duke-droese,RR1995M,4,CONFIRMED,Duke Droese,Duke Droese,0,1,TRUE,N/A,N/A,N/A,TRUE,FALSE,N/A,FALSE,N/A,"26 Years, 5 Months, 2 Days",DERIVED,1.98,138,"Mount Trashmore, Florida",PROBABLE,Face,PROBABLE,The Dumpster,,,,N/A,N/A,N/A,N/A,N/A,N/A,FALSE,FALSE,3,DERIVED,shawn-michaels,8:12,492,8:12,492,CONFIRMED,,0,,0,0,FALSE,FALSE,FALSE,FALSE,FALSE,FALSE,FALSE,FALSE,FALSE,FALSE,FALSE,FALSE,WWF,PROBABLE,FALSE,CONFIRMED,S030;S031;S471;S602;S1165;S1700;S1782,,
RR1995M,jimmy-del-ray,RR1995M,5,CONFIRMED,Jimmy Del Ray,Jimmy Del Ray,0,1,TRUE,N/A,N/A,N/A,TRUE,FALSE,N/A,FALSE,N/A,"32 Years, 1 Months, 23 Days",DERIVED,1.78,104,"Delray Beach, Florida",PROBABLE,Heel,PROBABLE,,,The Heavenly Bodies (w/ Tom Prichard),,N/A,N/A,N/A,N/A,N/A,N/A,FALSE,FALSE,1,DERIVED,british-bulldog,1:24,84,1:24,84,CONFIRMED,,0,,0,0,FALSE,FALSE,FALSE,FALSE,FALSE,FALSE,FALSE,FALSE,FALSE,FALSE,FALSE,FALSE,WWF,PROBABLE,FALSE,CONFIRMED,S030;S031;S471;S603;S667;S1166;S1700;S1782,,
RR1995M,headshrinker-sione,RR1995M,6,CONFIRMED,Headshrinker Sione,Headshrinker Sione,0,1,TRUE,N/A,N/A,N/A,TRUE,FALSE,N/A,FALSE,N/A,"36 Years, 4 Months, 16 Days",DERIVED,1.88,136,The Isle of Samoa,PROBABLE,Face,PROBABLE,,,The New Headshrinkers (w/ Fatu),,N/A,N/A,N/A,N/A,N/A,N/A,FALSE,FALSE,10,DERIVED,eli-blu,6:57,417,6:57,417,CONFIRMED,,3,eli-blu;kwang;rick-martel,3,0,FALSE,FALSE,FALSE,FALSE,FALSE,FALSE,FALSE,FALSE,FALSE,FALSE,FALSE,FALSE,WWF,PROBABLE,FALSE,CONFIRMED,S030;S031;S471;S604;S1194;S1530;S1700;S1782,,
RR1995M,tom-prichard,RR1995M,7,CONFIRMED,Tom Prichard,Tom Prichard,0,1,TRUE,N/A,N/A,N/A,TRUE,FALSE,N/A,FALSE,N/A,"35 Years, 5 Months, 4 Days",DERIVED,1.78,104,"Houston, Texas",PROBABLE,Heel,PROBABLE,,,The Heavenly Bodies (w/ Jimmy Del Ray),,N/A,N/A,N/A,N/A,N/A,N/A,FALSE,FALSE,6,DERIVED,shawn-michaels,5:30,330,5:30,330,CONFIRMED,,0,,0,0,FALSE,FALSE,FALSE,FALSE,FALSE,FALSE,FALSE,FALSE,FALSE,FALSE,FALSE,FALSE,WWF,PROBABLE,FALSE,CONFIRMED,S030;S031;S471;S605;S1194;S1700;S1782,,
RR1995M,doink-1995,RR1995M,8,CONFIRMED,Doink-1995,Doink-1995,0,1,TRUE,N/A,N/A,N/A,TRUE,FALSE,N/A,FALSE,N/A,,UNKNOWN,1.85,113,Parts Unknown,PROBABLE,Heel,PROBABLE,,,,,N/A,N/A,N/A,N/A,N/A,N/A,FALSE,FALSE,7,DERIVED,kwang,4:49,289,4:49,289,CONFIRMED,,0,,0,0,FALSE,FALSE,FALSE,FALSE,FALSE,FALSE,FALSE,FALSE,FALSE,FALSE,FALSE,FALSE,WWF,PROBABLE,TRUE,CONFIRMED,S030;S031;S606;S1167;S1700;S1782,,
RR1995M,kwang,RR1995M,9,CONFIRMED,Kwang,Kwang,1,2,FALSE,1994,Eliminated (elim #6),6,FALSE,FALSE,N/A,FALSE,N/A,"30 Years, 5 Months, 12 Days",DERIVED,1.80,118,"The Orient, Japan",PROBABLE,Heel,PROBABLE,,,,,N/A,N/A,N/A,N/A,N/A,N/A,FALSE,FALSE,8,DERIVED,headshrinker-sione,4:00,240,4:00,240,CONFIRMED,,1,doink-1995,1,0,FALSE,FALSE,FALSE,FALSE,FALSE,FALSE,FALSE,FALSE,FALSE,FALSE,FALSE,FALSE,WWF,PROBABLE,FALSE,CONFIRMED,S030;S031;S024;S029;S035;S466;S470;S481;S588;S1194;S1700;S1782,,
RR1995M,rick-martel,RR1995M,10,CONFIRMED,Rick Martel,Rick Martel,6,7,FALSE,1994,Eliminated (elim #19),19,FALSE,FALSE,N/A,FALSE,N/A,"38 Years, 10 Months, 4 Days",DERIVED,1.83,103,"Montreal, Quebec",PROBABLE,Heel,PROBABLE,,,,,N/A,N/A,N/A,N/A,N/A,N/A,FALSE,FALSE,5,DERIVED,headshrinker-sione,2:28,148,2:28,148,CONFIRMED,,0,,0,0,FALSE,FALSE,FALSE,FALSE,FALSE,FALSE,FALSE,FALSE,FALSE,FALSE,FALSE,FALSE,WWF,PROBABLE,FALSE,CONFIRMED,S030;S031;S471;S1148;S1700;S1782,Event-time billing carried forward from RR1994M for the same documented persona; PROBABLE pending a direct 1995 event source.,
RR1995M,owen-hart,RR1995M,11,CONFIRMED,Owen Hart,Owen Hart,2,3,FALSE,1994,Eliminated (elim #5),5,FALSE,FALSE,N/A,FALSE,N/A,"29 Years, 8 Months, 15 Days",DERIVED,1.78,103,"Calgary, Alberta, Canada",PROBABLE,Heel,PROBABLE,,Jim Cornette,,Camp Cornette,N/A,N/A,N/A,N/A,N/A,N/A,FALSE,FALSE,2,DERIVED,british-bulldog,0:04,4,0:04,4,CONFIRMED,,0,,0,0,FALSE,FALSE,FALSE,FALSE,FALSE,FALSE,FALSE,FALSE,FALSE,FALSE,FALSE,FALSE,WWF,PROBABLE,FALSE,CONFIRMED,S030;S031;S467;S471;S024;S029;S035;S466;S481;S577;S1150;S1700;S1782,,
RR1995M,timothy-well,RR1995M,12,CONFIRMED,Timothy Well,Timothy Well,0,1,TRUE,N/A,N/A,N/A,TRUE,FALSE,N/A,FALSE,N/A,"33 Years, 4 Months, 14 Days",DERIVED,1.85,112,,PROBABLE,Heel,PROBABLE,,,Well Dunn (w/ Steven Dunn),,N/A,N/A,N/A,N/A,N/A,N/A,FALSE,FALSE,4,DERIVED,british-bulldog,0:22,22,0:22,22,CONFIRMED,,0,,0,0,FALSE,FALSE,FALSE,FALSE,FALSE,FALSE,FALSE,FALSE,FALSE,FALSE,FALSE,FALSE,WWF,PROBABLE,FALSE,CONFIRMED,S030;S031;S471;S607;S667;S1194;S1700;S1782,,
RR1995M,luke-williams,RR1995M,13,CONFIRMED,Bushwhacker Luke,Bushwhacker Luke,2,3,FALSE,1991,Eliminated (elim #16),16,FALSE,FALSE,N/A,FALSE,N/A,"48 Years, 0 Months, 14 Days",DERIVED,1.83,112,"Wellington, New Zealand",PROBABLE,Face,PROBABLE,,,The Bushwhackers (w/ Butch Miller),,N/A,N/A,N/A,N/A,N/A,N/A,FALSE,FALSE,11,DERIVED,shawn-michaels,0:12,12,0:12,12,CONFIRMED,,0,,0,0,FALSE,FALSE,FALSE,FALSE,FALSE,FALSE,FALSE,FALSE,FALSE,FALSE,FALSE,FALSE,WWF,PROBABLE,FALSE,CONFIRMED,S030;S031;S471;S018;S019;S015;S463;S1194;S1700;S1782,,
RR1995M,jacob-blu,RR1995M,14,CONFIRMED,Jacob Blu,Jacob Blu,0,1,TRUE,N/A,N/A,N/A,TRUE,FALSE,N/A,FALSE,N/A,"34 Years, 2 Months, 30 Days",DERIVED,1.96,127,"Nashville, Tennessee",PROBABLE,Heel,PROBABLE,,Dutch Mantel,The Blu Twins (w/ Eli Blu),,N/A,N/A,N/A,N/A,N/A,N/A,FALSE,FALSE,12,DERIVED,shawn-michaels,0:18,18,0:18,18,CONFIRMED,,0,,0,0,FALSE,FALSE,FALSE,FALSE,FALSE,FALSE,FALSE,FALSE,FALSE,FALSE,FALSE,FALSE,WWF,PROBABLE,FALSE,CONFIRMED,S030;S031;S471;S467;S601;S667;S1194;S1700;S1782,,
RR1995M,king-kong-bundy,RR1995M,15,CONFIRMED,King Kong Bundy,King Kong Bundy,0,1,TRUE,N/A,N/A,N/A,TRUE,FALSE,N/A,FALSE,N/A,"39 Years, 2 Months, 15 Days",DERIVED,1.93,208,"Atlantic City, New Jersey",PROBABLE,Heel,PROBABLE,,,,The Million Dollar Corporation,N/A,N/A,N/A,N/A,N/A,N/A,FALSE,FALSE,14,DERIVED,shawn-michaels,3:01,181,3:01,181,CONFIRMED,,1,mo,1,0,FALSE,FALSE,FALSE,FALSE,FALSE,FALSE,FALSE,FALSE,FALSE,FALSE,FALSE,FALSE,WWF,PROBABLE,FALSE,CONFIRMED,S030;S031;S471;S608;S1168;S1700;S1782,,
RR1995M,mo,RR1995M,16,CONFIRMED,Mo,Mo,1,2,FALSE,1994,Eliminated (elim #21),21,FALSE,FALSE,N/A,FALSE,N/A,"27 Years, 9 Months, 9 Days",DERIVED,1.85,129,"Harlem, New York",PROBABLE,Face,PROBABLE,,,Men on a Mission (w/ Mabel),,N/A,N/A,N/A,N/A,N/A,N/A,FALSE,FALSE,13,DERIVED,king-kong-bundy,0:04,4,0:04,4,CONFIRMED,,0,,0,0,FALSE,FALSE,FALSE,FALSE,FALSE,FALSE,FALSE,FALSE,FALSE,FALSE,FALSE,FALSE,WWF,PROBABLE,FALSE,CONFIRMED,S030;S031;S471;S024;S029;S035;S470;S466;S481;S589;S590;S1155;S1700;S1782,,
RR1995M,mabel,RR1995M,17,CONFIRMED,Mabel,Mabel,1,2,FALSE,1994,Eliminated (elim #14),14,FALSE,FALSE,N/A,FALSE,N/A,"23 Years, 11 Months, 8 Days",DERIVED,2.06,221,"Harlem, New York",PROBABLE,Face,PROBABLE,,,Men on a Mission (w/ Mo),,N/A,N/A,N/A,N/A,N/A,N/A,FALSE,FALSE,16,DERIVED,lex-luger,1:57,117,1:57,117,CONFIRMED,,0,,0,0,FALSE,FALSE,FALSE,FALSE,FALSE,FALSE,FALSE,FALSE,FALSE,FALSE,FALSE,FALSE,WWF,PROBABLE,FALSE,CONFIRMED,S030;S031;S471;S024;S029;S035;S470;S466;S481;S589;S591;S1194;S1700;S1782,,
RR1995M,butch-miller,RR1995M,18,CONFIRMED,Bushwhacker Butch,Bushwhacker Butch,2,3,FALSE,1991,Eliminated (elim #5),5,FALSE,FALSE,N/A,FALSE,N/A,"50 Years, 3 Months, 1 Days",DERIVED,1.85,113,"Auckland, New Zealand",PROBABLE,Face,PROBABLE,,,The Bushwhackers (w/ Luke Williams),,N/A,N/A,N/A,N/A,N/A,N/A,FALSE,FALSE,15,DERIVED,shawn-michaels,0:18,18,0:18,18,CONFIRMED,,0,,0,0,FALSE,FALSE,FALSE,FALSE,FALSE,FALSE,FALSE,FALSE,FALSE,FALSE,FALSE,FALSE,WWF,PROBABLE,FALSE,CONFIRMED,S030;S031;S471;S018;S019;S015;S022;S131;S463;S1194;S1700;S1782,,
RR1995M,lex-luger,RR1995M,19,CONFIRMED,Lex Luger,Lex Luger,1,2,FALSE,1994,Won,N/A,FALSE,FALSE,N/A,FALSE,N/A,"36 Years, 7 Months, 20 Days",DERIVED,1.98,125,"Atlanta, Georgia",PROBABLE,Face,PROBABLE,,,,,N/A,N/A,N/A,N/A,N/A,N/A,FALSE,FALSE,27,DERIVED,demolition-crush;shawn-michaels,18:52,1132,18:52,1132,CONFIRMED,,4,bob-backlund;henry-godwinn;mabel;mantaur,4,0,FALSE,FALSE,FALSE,FALSE,FALSE,TRUE,FALSE,FALSE,FALSE,FALSE,FALSE,FALSE,WWF,PROBABLE,FALSE,CONFIRMED,S030;S031;S024;S029;S035;S598;S599;S1164;S1700;S1782,,
RR1995M,mantaur,RR1995M,20,CONFIRMED,Mantaur,Mantaur,0,1,TRUE,N/A,N/A,N/A,TRUE,FALSE,N/A,FALSE,N/A,"26 Years, 8 Months, 8 Days",DERIVED,1.83,182,The Island of Crete,PROBABLE,Heel,PROBABLE,,Jim Cornette,,Camp Cornette,N/A,N/A,N/A,N/A,N/A,N/A,FALSE,FALSE,18,DERIVED,lex-luger,9:32,572,9:32,572,CONFIRMED,,0,,0,0,FALSE,FALSE,FALSE,FALSE,FALSE,FALSE,FALSE,FALSE,FALSE,FALSE,FALSE,FALSE,WWF,PROBABLE,FALSE,CONFIRMED,S030;S031;S467;S471;S609;S1194;S1700;S1782,,
RR1995M,aldo-montoya,RR1995M,21,CONFIRMED,Aldo Montoya,Aldo Montoya,0,1,TRUE,N/A,N/A,N/A,TRUE,FALSE,N/A,FALSE,N/A,"21 Years, 3 Months, 6 Days",DERIVED,1.85,107,Portugal,PROBABLE,Face,PROBABLE,,,,,N/A,N/A,N/A,N/A,N/A,N/A,FALSE,FALSE,23,DERIVED,shawn-michaels,13:22,802,13:22,802,CONFIRMED,,1,steven-dunn,1,0,FALSE,FALSE,FALSE,FALSE,FALSE,FALSE,FALSE,FALSE,FALSE,FALSE,FALSE,FALSE,WWF,PROBABLE,TRUE,CONFIRMED,S030;S031;S610;S1194;S1700;S1782,,
RR1995M,henry-godwinn,RR1995M,22,CONFIRMED,Henry Godwinn,Henry Godwinn,0,1,TRUE,N/A,N/A,N/A,TRUE,FALSE,N/A,FALSE,N/A,"30 Years, 10 Months, 6 Days",DERIVED,1.93,133,"Bitters, Arkansas",PROBABLE,Heel,PROBABLE,,,,,N/A,N/A,N/A,N/A,N/A,N/A,FALSE,FALSE,26,DERIVED,lex-luger,14:41,881,14:41,881,CONFIRMED,,1,dick-murdoch,1,0,FALSE,FALSE,FALSE,FALSE,FALSE,FALSE,FALSE,FALSE,FALSE,FALSE,FALSE,FALSE,WWF,PROBABLE,FALSE,CONFIRMED,S030;S031;S611;S1169;S1700;S1782,,
RR1995M,billy-gunn,RR1995M,23,CONFIRMED,Billy Gunn,Billy Gunn,1,2,FALSE,1994,Eliminated (elim #8),8,FALSE,FALSE,N/A,FALSE,N/A,"31 Years, 2 Months, 21 Days",DERIVED,1.96,118,"Austin, Texas",PROBABLE,Face,PROBABLE,,,The Smoking Gunns (w/ Bart Gunn),,N/A,N/A,N/A,N/A,N/A,N/A,FALSE,FALSE,20,DERIVED,demolition-crush;dick-murdoch,7:25,445,7:25,445,CONFIRMED,,0,,0,0,FALSE,FALSE,FALSE,FALSE,FALSE,FALSE,FALSE,FALSE,FALSE,FALSE,FALSE,FALSE,WWF,PROBABLE,FALSE,CONFIRMED,S030;S031;S471;S024;S029;S035;S470;S466;S481;S593;S595;S1158;S1700;S1782,,
RR1995M,bart-gunn,RR1995M,24,CONFIRMED,Bart Gunn,Bart Gunn,1,2,FALSE,1994,Eliminated (elim #3),3,FALSE,FALSE,N/A,FALSE,N/A,"29 Years, 0 Months, 26 Days",DERIVED,1.91,117,"Austin, Texas",PROBABLE,Face,PROBABLE,,,The Smoking Gunns (w/ Billy Gunn),,N/A,N/A,N/A,N/A,N/A,N/A,FALSE,FALSE,19,DERIVED,demolition-crush;dick-murdoch,6:20,380,6:20,380,CONFIRMED,,0,,0,0,FALSE,FALSE,FALSE,FALSE,FALSE,FALSE,FALSE,FALSE,FALSE,FALSE,FALSE,FALSE,WWF,PROBABLE,FALSE,CONFIRMED,S030;S031;S471;S024;S029;S035;S470;S466;S481;S593;S594;S1159;S1700;S1782,,
RR1995M,bob-backlund,RR1995M,25,CONFIRMED,Bob Backlund,Bob Backlund,2,3,FALSE,1994,Eliminated (elim #7),7,FALSE,FALSE,N/A,FALSE,N/A,"45 Years, 5 Months, 8 Days",DERIVED,1.85,106,"Princeton, Minnesota",PROBABLE,Heel,PROBABLE,,,,,N/A,N/A,N/A,N/A,N/A,N/A,FALSE,FALSE,17,DERIVED,lex-luger,0:15,15,0:15,15,CONFIRMED,,0,,0,0,FALSE,FALSE,FALSE,FALSE,FALSE,FALSE,FALSE,FALSE,FALSE,FALSE,FALSE,FALSE,WWF,PROBABLE,FALSE,CONFIRMED,S024;S030;S031;S035;S042;S029;S466;S481;S564;S1135;S1700;S1782,,
RR1995M,steven-dunn,RR1995M,26,CONFIRMED,Steven Dunn,Steven Dunn,0,1,TRUE,N/A,N/A,N/A,TRUE,FALSE,N/A,FALSE,N/A,"34 Years, 1 Months, 13 Days",DERIVED,1.78,109,"Portland, Oregon",PROBABLE,Heel,PROBABLE,,,Well Dunn (w/ Timothy Well),,N/A,N/A,N/A,N/A,N/A,N/A,FALSE,FALSE,21,DERIVED,aldo-montoya,4:30,270,4:30,270,CONFIRMED,,0,,0,0,FALSE,FALSE,FALSE,FALSE,FALSE,FALSE,FALSE,FALSE,FALSE,FALSE,FALSE,FALSE,WWF,PROBABLE,FALSE,CONFIRMED,S024;S030;S031;S035;S042;S471;S612;S1194;S1700;S1782,,
RR1995M,dick-murdoch,RR1995M,27,CONFIRMED,Dick Murdoch,Dick Murdoch,0,1,TRUE,N/A,N/A,N/A,TRUE,FALSE,N/A,FALSE,N/A,"48 Years, 5 Months, 6 Days",DERIVED,1.91,127,"Waxahachie, Texas",PROBABLE,Face,PROBABLE,,,,,N/A,N/A,N/A,N/A,N/A,N/A,FALSE,FALSE,25,DERIVED,henry-godwinn,8:09,489,8:09,489,CONFIRMED,,2,bart-gunn;billy-gunn,0,2,FALSE,FALSE,FALSE,FALSE,FALSE,FALSE,FALSE,FALSE,FALSE,FALSE,FALSE,FALSE,WWF,PROBABLE,FALSE,CONFIRMED,S030;S031;S613;S1170;S1700;S1782,,
RR1995M,adam-bomb,RR1995M,28,CONFIRMED,Adam Bomb,Adam Bomb,1,2,FALSE,1994,Eliminated (elim #20),20,FALSE,FALSE,N/A,FALSE,N/A,"30 Years, 10 Months, 8 Days",DERIVED,1.98,132,Three Mile Island,PROBABLE,Face,PROBABLE,,,,,N/A,N/A,N/A,N/A,N/A,N/A,FALSE,FALSE,22,DERIVED,demolition-crush,5:21,321,5:21,321,CONFIRMED,,0,,0,0,FALSE,FALSE,FALSE,FALSE,FALSE,FALSE,FALSE,FALSE,FALSE,FALSE,FALSE,FALSE,WWF,PROBABLE,FALSE,CONFIRMED,S030;S031;S024;S029;S035;S466;S481;S583;S1194;S1700;S1782,,
RR1995M,fatu,RR1995M,29,CONFIRMED,Fatu,Fatu,2,3,FALSE,1994,Eliminated (elim #26),26,FALSE,FALSE,N/A,FALSE,N/A,"29 Years, 3 Months, 11 Days",DERIVED,1.85,136,The Isle of Samoa,PROBABLE,Face,PROBABLE,,,The New Headshrinkers (w/ Sione),,N/A,N/A,N/A,N/A,N/A,N/A,FALSE,FALSE,24,DERIVED,demolition-crush,5:33,333,5:33,333,CONFIRMED,,0,,0,0,FALSE,FALSE,FALSE,FALSE,FALSE,FALSE,FALSE,FALSE,FALSE,FALSE,FALSE,FALSE,WWF,PROBABLE,FALSE,CONFIRMED,S030;S031;S471;S614;S667;S1194;S1700;S1782,,
RR1995M,demolition-crush,RR1995M,30,CONFIRMED,Crush,Crush,2,3,FALSE,1994,Eliminated (elim #16),16,FALSE,FALSE,N/A,FALSE,N/A,"30 Years, 9 Months, 8 Days",DERIVED,1.98,143,"Kona, Hawaii",PROBABLE,Heel,PROBABLE,,,,,N/A,N/A,N/A,N/A,N/A,N/A,FALSE,FALSE,28,DERIVED,british-bulldog,8:52,532,8:52,532,CONFIRMED,,5,adam-bomb;bart-gunn;billy-gunn;fatu;lex-luger,2,3,FALSE,FALSE,FALSE,FALSE,TRUE,TRUE,FALSE,FALSE,FALSE,FALSE,FALSE,FALSE,WWF,PROBABLE,FALSE,CONFIRMED,S030;S031;S024;S029;S035;S466;S481;S560;S1152;S1700;S1782,,
RR1996M,1-2-3-kid,RR1996M,10,CONFIRMED,1-2-3 Kid,1-2-3 Kid,0,1,TRUE,N/A,N/A,N/A,TRUE,FALSE,N/A,FALSE,N/A,"23 Years, 6 Months, 8 Days",DERIVED,1.85,96,"Minneapolis, Minnesota",PROBABLE,Heel,PROBABLE,,Ted DiBiase,,The Million Dollar Corporation,N/A,N/A,N/A,N/A,N/A,N/A,FALSE,FALSE,13,PROBABLE,shawn-michaels,,,15:40,940,PROBABLE,,,,,,FALSE,FALSE,FALSE,UNKNOWN,UNKNOWN,UNKNOWN,FALSE,FALSE,FALSE,FALSE,FALSE,FALSE,WWF,PROBABLE,FALSE,PROBABLE,S032;S035;S468;S472;S615;S1171;S1700;S1783,,
RR1996M,bob-backlund,RR1996M,3,CONFIRMED,Bob Backlund,Bob Backlund,3,4,FALSE,1995,Eliminated (elim #17),17,FALSE,FALSE,N/A,FALSE,N/A,"46 Years, 5 Months, 7 Days",DERIVED,1.85,106,"Princeton, Minnesota",PROBABLE,Heel,PROBABLE,,,,,N/A,N/A,N/A,N/A,N/A,N/A,FALSE,FALSE,1,PROBABLE,yokozuna,,,12:22,742,PROBABLE,,,,,,FALSE,FALSE,FALSE,UNKNOWN,UNKNOWN,UNKNOWN,FALSE,FALSE,FALSE,FALSE,FALSE,FALSE,WWF,PROBABLE,FALSE,PROBABLE,S032;S035;S024;S029;S466;S481;S564;S1135;S1700;S1783,,
RR1996M,diesel,RR1996M,22,CONFIRMED,Diesel,Diesel,1,2,FALSE,1994,Eliminated (elim #13),13,FALSE,FALSE,N/A,FALSE,N/A,"36 Years, 6 Months, 12 Days",DERIVED,2.08,149,"Detroit, Michigan",PROBABLE,Face,PROBABLE,,,,,N/A,N/A,N/A,N/A,N/A,N/A,FALSE,FALSE,29,PROBABLE,shawn-michaels,,,17:51,1071,PROBABLE,,5,duke-droese;hunter-hearst-helmsley;kama;owen-hart;tatanka,3,2,FALSE,FALSE,TRUE,TRUE,UNKNOWN,UNKNOWN,FALSE,FALSE,FALSE,FALSE,FALSE,FALSE,WWF,PROBABLE,FALSE,PROBABLE,S032;S035;S024;S029;S466;S481;S585;S1195;S1700;S1783,,
RR1996M,duke-droese,RR1996M,30,CONFIRMED,Duke Droese,Duke Droese,1,2,FALSE,1995,Eliminated (elim #3),3,FALSE,FALSE,N/A,FALSE,N/A,"27 Years, 5 Months, 1 Days",DERIVED,1.98,138,"Mount Trashmore, Florida",PROBABLE,Face,PROBABLE,The Dumpster,,,,N/A,N/A,N/A,N/A,N/A,N/A,FALSE,FALSE,26,PROBABLE,diesel;kama,,,1:10,70,PROBABLE,,,,,,FALSE,FALSE,FALSE,UNKNOWN,UNKNOWN,UNKNOWN,FALSE,FALSE,FALSE,FALSE,TRUE,FALSE,WWF,PROBABLE,FALSE,PROBABLE,S032;S035;S472;S602;S1165;S1700;S1783,"Won the pre-show 'Free for All' match, earning the #30 slot. See F102.",
RR1996M,fatu,RR1996M,26,CONFIRMED,Fatu,Fatu,3,4,FALSE,1995,Eliminated (elim #24),24,FALSE,FALSE,N/A,FALSE,N/A,"30 Years, 3 Months, 10 Days",DERIVED,1.85,136,The Isle of Samoa,PROBABLE,Face,PROBABLE,,,,,N/A,N/A,N/A,N/A,N/A,N/A,FALSE,FALSE,24,PROBABLE,isaac-yankem,,,7:07,427,PROBABLE,,1,steve-austin,1,0,FALSE,FALSE,FALSE,UNKNOWN,UNKNOWN,UNKNOWN,FALSE,FALSE,FALSE,FALSE,FALSE,FALSE,WWF,PROBABLE,FALSE,PROBABLE,S032;S035;S614;S667;S1195;S1700;S1783,,
RR1996M,dory-funk-jr,RR1996M,8,CONFIRMED,Dory Funk Jr.,Dory Funk Jr.,0,1,TRUE,N/A,N/A,N/A,TRUE,FALSE,N/A,FALSE,N/A,"54 Years, 11 Months, 18 Days",DERIVED,1.88,109,The Double Cross Ranch,PROBABLE,Face,PROBABLE,,,,,N/A,N/A,N/A,N/A,N/A,N/A,FALSE,FALSE,5,PROBABLE,savio-vega,,,10:53,653,PROBABLE,,,,,,FALSE,FALSE,FALSE,UNKNOWN,UNKNOWN,UNKNOWN,FALSE,FALSE,FALSE,FALSE,FALSE,FALSE,WWF,PROBABLE,FALSE,PROBABLE,S032;S035;S616;S1172;S1700;S1783,,
RR1996M,doug-gilbert,RR1996M,14,CONFIRMED,Doug Gilbert,Doug Gilbert,0,1,TRUE,N/A,N/A,N/A,TRUE,FALSE,N/A,FALSE,N/A,"26 Years, 11 Months, 16 Days",DERIVED,1.88,110,"Lexington, Tennessee",PROBABLE,Face,PROBABLE,,,,,N/A,N/A,N/A,N/A,N/A,N/A,FALSE,FALSE,7,PROBABLE,vader,,,2:59,179,PROBABLE,,,,,,FALSE,FALSE,FALSE,UNKNOWN,UNKNOWN,UNKNOWN,FALSE,FALSE,FALSE,FALSE,FALSE,FALSE,WWF,PROBABLE,FALSE,PROBABLE,S032;S035;S617;S1195;S1700;S1783,,
RR1996M,henry-godwinn,RR1996M,2,CONFIRMED,Henry Godwinn,Henry Godwinn,1,2,FALSE,1995,Eliminated (elim #26),26,FALSE,FALSE,N/A,FALSE,N/A,"31 Years, 10 Months, 5 Days",DERIVED,1.93,133,"Bitters, Arkansas",PROBABLE,Heel,PROBABLE,,,,,N/A,N/A,N/A,N/A,N/A,N/A,FALSE,FALSE,2,PROBABLE,jake-roberts,,,16:24,984,PROBABLE,,,,,,FALSE,FALSE,FALSE,UNKNOWN,UNKNOWN,UNKNOWN,FALSE,FALSE,FALSE,FALSE,FALSE,FALSE,WWF,PROBABLE,FALSE,PROBABLE,S032;S035;S611;S1169;S1700;S1783,,
RR1996M,hakushi,RR1996M,19,CONFIRMED,Hakushi,Hakushi,0,1,TRUE,N/A,N/A,N/A,TRUE,FALSE,N/A,FALSE,N/A,"29 Years, 1 Months, 19 Days",DERIVED,1.80,108,Japan,PROBABLE,Face,PROBABLE,,,,,N/A,N/A,N/A,N/A,N/A,N/A,FALSE,FALSE,14,PROBABLE,owen-hart,,,1:53,113,PROBABLE,,,,,,FALSE,FALSE,FALSE,UNKNOWN,UNKNOWN,UNKNOWN,FALSE,FALSE,FALSE,FALSE,FALSE,FALSE,WWF,PROBABLE,FALSE,PROBABLE,S032;S035;S618;S1195;S1700;S1783,,
RR1996M,owen-hart,RR1996M,17,CONFIRMED,Owen Hart,Owen Hart,3,4,FALSE,1995,Eliminated (elim #2),2,FALSE,FALSE,N/A,FALSE,N/A,"30 Years, 8 Months, 14 Days",DERIVED,1.78,103,"Calgary, Alberta, Canada",PROBABLE,Heel,PROBABLE,,Jim Cornette,,Camp Cornette,N/A,N/A,N/A,N/A,N/A,N/A,FALSE,FALSE,21,PROBABLE,diesel;shawn-michaels,,,20:43,1243,PROBABLE,,2,barry-horowitz;hakushi,2,0,FALSE,FALSE,FALSE,UNKNOWN,UNKNOWN,UNKNOWN,FALSE,FALSE,FALSE,FALSE,FALSE,FALSE,WWF,PROBABLE,FALSE,PROBABLE,S032;S035;S468;S472;S024;S029;S466;S481;S577;S1150;S1700;S1783,,
RR1996M,hunter-hearst-helmsley,RR1996M,1,CONFIRMED,Hunter Hearst Helmsley,Hunter Hearst Helmsley,0,1,TRUE,N/A,N/A,N/A,TRUE,FALSE,N/A,FALSE,N/A,"26 Years, 5 Months, 25 Days",DERIVED,1.93,120,"Greenwich, Connecticut",PROBABLE,Heel,PROBABLE,,,,,N/A,N/A,N/A,N/A,N/A,N/A,FALSE,FALSE,19,PROBABLE,diesel,,,48:04,2884,CONFIRMED,,1,takao-omori,0,1,FALSE,FALSE,FALSE,UNKNOWN,UNKNOWN,UNKNOWN,FALSE,FALSE,FALSE,FALSE,FALSE,FALSE,WWF,PROBABLE,FALSE,PROBABLE,S032;S035;S619;S1173;S1700;S1783,"Approximate '48 minutes' survival time per S032's prose, not exact seconds -- see F073. No formal elimination credit stated.",
RR1996M,bob-holly,RR1996M,5,CONFIRMED,Bob Holly,Bob Holly,0,1,TRUE,N/A,N/A,N/A,TRUE,FALSE,N/A,FALSE,N/A,"32 Years, 11 Months, 23 Days",DERIVED,1.83,107,"Mobile, Alabama",PROBABLE,Face,PROBABLE,,,,,N/A,N/A,N/A,N/A,N/A,N/A,FALSE,FALSE,18,PROBABLE,steve-austin,,,39:35,2375,PROBABLE,,,,,,FALSE,FALSE,FALSE,UNKNOWN,UNKNOWN,UNKNOWN,FALSE,FALSE,FALSE,FALSE,FALSE,FALSE,WWF,PROBABLE,FALSE,PROBABLE,S032;S035;S620;S1174;S1700;S1783,,
RR1996M,barry-horowitz,RR1996M,25,CONFIRMED,Barry Horowitz,Barry Horowitz,0,1,TRUE,N/A,N/A,N/A,TRUE,FALSE,N/A,FALSE,N/A,"35 Years, 9 Months, 28 Days",DERIVED,1.78,111,"St. Petersburg, Florida",PROBABLE,Face,PROBABLE,,,,,N/A,N/A,N/A,N/A,N/A,N/A,FALSE,FALSE,20,PROBABLE,owen-hart,,,4:15,255,PROBABLE,,,,,,FALSE,FALSE,FALSE,UNKNOWN,UNKNOWN,UNKNOWN,FALSE,FALSE,FALSE,FALSE,FALSE,FALSE,WWF,PROBABLE,FALSE,PROBABLE,S032;S035;S621;S1175;S1685;S1700;S1783,,
RR1996M,marty-jannetty,RR1996M,28,CONFIRMED,Marty Jannetty,Marty Jannetty,3,4,FALSE,1994,Eliminated (elim #24),24,FALSE,FALSE,N/A,FALSE,N/A,"35 Years, 11 Months, 18 Days",DERIVED,1.8,103,"Columbus, Georgia",PROBABLE,Face,PROBABLE,,,The New Rockers (w/ Leif Cassidy),,N/A,N/A,N/A,N/A,N/A,N/A,FALSE,FALSE,22,PROBABLE,british-bulldog,,,2:35,155,PROBABLE,,,,,,FALSE,FALSE,FALSE,UNKNOWN,UNKNOWN,UNKNOWN,FALSE,FALSE,FALSE,FALSE,FALSE,FALSE,WWF,PROBABLE,FALSE,PROBABLE,S032;S035;S472;S1153;S1700;S1783,Event-time billing carried forward from RR1994M for the same documented persona; PROBABLE pending a direct 1996 event source.,
RR1996M,kama,RR1996M,23,CONFIRMED,Kama,Kama,1,2,FALSE,1993,Eliminated (elim #1),1,FALSE,FALSE,N/A,FALSE,N/A,"34 Years, 8 Months, 5 Days",DERIVED,1.98,150,"Las Vegas, Nevada",PROBABLE,Heel,PROBABLE,,Ted DiBiase,,The Million Dollar Corporation,N/A,N/A,N/A,N/A,N/A,N/A,FALSE,FALSE,28,PROBABLE,diesel,,,15:57,957,PROBABLE,,1,duke-droese,0,1,FALSE,FALSE,FALSE,UNKNOWN,UNKNOWN,UNKNOWN,FALSE,FALSE,FALSE,FALSE,FALSE,FALSE,WWF,PROBABLE,FALSE,PROBABLE,S032;S035;S468;S472;S622;S1195;S1700;S1783,,
RR1996M,jerry-lawler,RR1996M,4,CONFIRMED,Jerry Lawler,Jerry Lawler,1,2,FALSE,1993,Eliminated (elim #6),6,FALSE,FALSE,N/A,FALSE,N/A,"46 Years, 1 Months, 23 Days",DERIVED,1.83,110,"Memphis, Tennessee",PROBABLE,Heel,PROBABLE,The King,,,,N/A,N/A,N/A,N/A,N/A,N/A,FALSE,FALSE,16,PROBABLE,shawn-michaels,,,36:02,2162,PROBABLE,,,,,,FALSE,FALSE,FALSE,UNKNOWN,UNKNOWN,UNKNOWN,FALSE,FALSE,FALSE,FALSE,FALSE,FALSE,WWF,PROBABLE,FALSE,PROBABLE,S032;S035;S472;S027;S028;S469;S566;S1138;S1700;S1783,,
RR1996M,mabel,RR1996M,6,CONFIRMED,Mabel,Mabel,2,3,FALSE,1995,Eliminated (elim #16),16,FALSE,FALSE,N/A,FALSE,N/A,"24 Years, 11 Months, 7 Days",DERIVED,2.06,221,"Harlem, New York",PROBABLE,Heel,PROBABLE,,,Men on a Mission (w/ Sir Mo),,N/A,N/A,N/A,N/A,N/A,N/A,FALSE,FALSE,3,PROBABLE,yokozuna,,,12:14,734,PROBABLE,,,,,,FALSE,FALSE,FALSE,UNKNOWN,UNKNOWN,UNKNOWN,FALSE,FALSE,FALSE,FALSE,FALSE,FALSE,WWF,PROBABLE,FALSE,PROBABLE,S032;S035;S472;S024;S029;S470;S466;S481;S589;S591;S1195;S1700;S1783,,
RR1996M,aldo-montoya,RR1996M,21,CONFIRMED,Aldo Montoya,Aldo Montoya,1,2,FALSE,1995,Eliminated (elim #23),23,FALSE,FALSE,N/A,FALSE,N/A,"22 Years, 3 Months, 5 Days",DERIVED,1.85,107,Portugal,PROBABLE,Face,PROBABLE,,,,,N/A,N/A,N/A,N/A,N/A,N/A,FALSE,FALSE,15,PROBABLE,tatanka,,,1:52,112,PROBABLE,,,,,,FALSE,FALSE,FALSE,UNKNOWN,UNKNOWN,UNKNOWN,FALSE,FALSE,FALSE,FALSE,FALSE,FALSE,WWF,PROBABLE,TRUE,PROBABLE,S032;S035;S610;S1195;S1700;S1783,,
RR1996M,takao-omori,RR1996M,11,CONFIRMED,Takao Omori,Takao Omori,0,1,TRUE,N/A,N/A,N/A,TRUE,FALSE,N/A,FALSE,N/A,"26 Years, 3 Months, 5 Days",DERIVED,1.90,110,"Tokyo, Japan",PROBABLE,Tweener,PROBABLE,,,,,N/A,N/A,N/A,N/A,N/A,N/A,FALSE,FALSE,4,PROBABLE,jake-roberts;hunter-hearst-helmsley,,,2:48,168,PROBABLE,,,,,,FALSE,FALSE,FALSE,UNKNOWN,UNKNOWN,UNKNOWN,FALSE,FALSE,FALSE,FALSE,FALSE,FALSE,WWF,PROBABLE,FALSE,PROBABLE,S032;S035;S623;S1176;S1700;S1783,,
RR1996M,steve-austin,RR1996M,24,CONFIRMED,The Ringmaster,The Ringmaster,0,1,TRUE,N/A,N/A,N/A,TRUE,FALSE,N/A,FALSE,N/A,"31 Years, 1 Months, 3 Days",DERIVED,1.88,114,"Hollywood, California",PROBABLE,Heel,PROBABLE,The Ringmaster,Ted DiBiase,,The Million Dollar Corporation,Million Dollar Championship,Other,N/A,1,1996-01-08,13,FALSE,FALSE,23,PROBABLE,fatu,,,10:57,657,PROBABLE,,1,bob-holly,1,0,FALSE,FALSE,FALSE,UNKNOWN,UNKNOWN,UNKNOWN,FALSE,FALSE,FALSE,FALSE,FALSE,FALSE,WWF,PROBABLE,FALSE,PROBABLE,S032;S035;S472;S468;S624;S1177;S1700;S1783,,
RR1996M,jake-roberts,RR1996M,7,CONFIRMED,Jake Roberts,Jake Roberts,5,6,FALSE,1992,Eliminated (elim #15),15,FALSE,FALSE,N/A,FALSE,N/A,"40 Years, 7 Months, 22 Days",DERIVED,1.98,113,"Stone Mountain, Georgia",PROBABLE,Face,PROBABLE,The Snake,,,,N/A,N/A,N/A,N/A,N/A,N/A,FALSE,FALSE,6,PROBABLE,vader,,,14:39,879,PROBABLE,,2,henry-godwinn;takao-omori,1,1,FALSE,FALSE,FALSE,UNKNOWN,UNKNOWN,UNKNOWN,FALSE,FALSE,FALSE,FALSE,FALSE,FALSE,WWF,PROBABLE,FALSE,PROBABLE,S032;S035;S472;S1178;S1700;S1783,Event-time billing carried forward from RR1992M for the same documented persona; PROBABLE pending a direct 1996 event source.,
RR1996M,british-bulldog,RR1996M,29,CONFIRMED,Davey Boy Smith,Davey Boy Smith,3,4,FALSE,1995,Runner-up (elim #29),29,FALSE,FALSE,N/A,FALSE,N/A,"33 Years, 1 Months, 25 Days",DERIVED,1.80,118,"Leeds, England",PROBABLE,Heel,PROBABLE,,Jim Cornette,,Camp Cornette,N/A,N/A,N/A,N/A,N/A,N/A,FALSE,FALSE,27,PROBABLE,shawn-michaels,,,3:39,219,PROBABLE,,1,marty-jannetty,1,0,FALSE,FALSE,FALSE,UNKNOWN,UNKNOWN,UNKNOWN,FALSE,FALSE,FALSE,FALSE,FALSE,FALSE,WWF,PROBABLE,FALSE,PROBABLE,S032;S035;S468;S472;S020;S021;S018;S019;S022;S024;S123;S124;S131;S544;S1195;S1700;S1783,,
RR1996M,headhunter-1,RR1996M,15,CONFIRMED,Headhunter #1,Headhunter #1,0,1,TRUE,N/A,N/A,N/A,TRUE,FALSE,N/A,FALSE,N/A,"27 Years, 5 Months, 10 Days",DERIVED,1.75,150,The Dominican Republic,PROBABLE,Heel,PROBABLE,,,,,N/A,N/A,N/A,N/A,N/A,N/A,FALSE,FALSE,8,PROBABLE,vader,,,1:11,71,PROBABLE,,,,,,FALSE,FALSE,FALSE,UNKNOWN,UNKNOWN,UNKNOWN,FALSE,FALSE,FALSE,FALSE,FALSE,FALSE,WWF,PROBABLE,FALSE,PROBABLE,S032;S035;S625;S1195;S1700;S1783,,
RR1996M,headhunter-2,RR1996M,16,CONFIRMED,Headhunter #2,Headhunter #2,0,1,TRUE,N/A,N/A,N/A,TRUE,FALSE,N/A,FALSE,N/A,"27 Years, 5 Months, 10 Days",DERIVED,1.75,150,The Dominican Republic,PROBABLE,Heel,PROBABLE,,,,,N/A,N/A,N/A,N/A,N/A,N/A,FALSE,FALSE,9,PROBABLE,yokozuna,,,0:24,24,PROBABLE,,,,,,FALSE,FALSE,FALSE,UNKNOWN,UNKNOWN,UNKNOWN,FALSE,FALSE,FALSE,FALSE,FALSE,FALSE,WWF,PROBABLE,FALSE,PROBABLE,S032;S035;S625;S1195;S1700;S1783,,
RR1996M,tatanka,RR1996M,20,CONFIRMED,Tatanka,Tatanka,2,3,FALSE,1994,Eliminated (elim #22),22,FALSE,FALSE,N/A,FALSE,N/A,"34 Years, 7 Months, 13 Days",DERIVED,1.88,129,"Charlotte, North Carolina",PROBABLE,Heel,PROBABLE,,Ted DiBiase,,The Million Dollar Corporation,N/A,N/A,N/A,N/A,N/A,N/A,FALSE,FALSE,17,PROBABLE,diesel,,,4:09,249,PROBABLE,,1,aldo-montoya,1,0,FALSE,FALSE,FALSE,UNKNOWN,UNKNOWN,UNKNOWN,FALSE,FALSE,FALSE,FALSE,FALSE,FALSE,WWF,PROBABLE,FALSE,PROBABLE,S032;S035;S468;S472;S024;S029;S466;S481;S571;S1143;S1700;S1783,,
RR1996M,vader,RR1996M,13,CONFIRMED,Vader,Vader,0,1,TRUE,N/A,N/A,N/A,TRUE,TRUE,1996-01-21,FALSE,N/A,"40 Years, 8 Months, 7 Days",DERIVED,1.96,204,The Rocky Mountains,PROBABLE,Heel,PROBABLE,,Jim Cornette,,Camp Cornette,N/A,N/A,N/A,N/A,N/A,N/A,FALSE,FALSE,12,PROBABLE,shawn-michaels,,,11:04,664,PROBABLE,,4,doug-gilbert;headhunter-1;jake-roberts;savio-vega,4,0,FALSE,FALSE,FALSE,UNKNOWN,UNKNOWN,UNKNOWN,FALSE,FALSE,FALSE,FALSE,FALSE,FALSE,WWF,PROBABLE,FALSE,PROBABLE,S032;S035;S468;S472;S626;S1179;S1700;S1719;S1720;S1783,,
RR1996M,savio-vega,RR1996M,12,CONFIRMED,Savio Vega,Savio Vega,0,1,TRUE,N/A,N/A,N/A,TRUE,FALSE,N/A,FALSE,N/A,"31 Years, 5 Months, 11 Days",DERIVED,1.80,118,Puerto Rico,PROBABLE,Face,PROBABLE,,,,,N/A,N/A,N/A,N/A,N/A,N/A,FALSE,FALSE,10,PROBABLE,vader,,,12:28,748,PROBABLE,,1,dory-funk-jr,1,0,FALSE,FALSE,FALSE,UNKNOWN,UNKNOWN,UNKNOWN,FALSE,FALSE,FALSE,FALSE,FALSE,FALSE,WWF,PROBABLE,FALSE,PROBABLE,S032;S035;S627;S1180;S588;S1700;S1783,,
RR1996M,isaac-yankem,RR1996M,27,CONFIRMED,Isaac Yankem,Isaac Yankem,0,1,TRUE,N/A,N/A,N/A,TRUE,FALSE,N/A,FALSE,N/A,"28 Years, 8 Months, 26 Days",DERIVED,2.13,147,"Decatur, Illinois",PROBABLE,Heel,PROBABLE,,,,,N/A,N/A,N/A,N/A,N/A,N/A,FALSE,FALSE,25,PROBABLE,shawn-michaels,,,7:05,425,PROBABLE,,1,fatu,1,0,FALSE,FALSE,FALSE,UNKNOWN,UNKNOWN,UNKNOWN,FALSE,FALSE,FALSE,FALSE,FALSE,FALSE,WWF,PROBABLE,FALSE,PROBABLE,S032;S035;S628;S1181;S1700;S1783,,
RR1996M,yokozuna,RR1996M,9,CONFIRMED,Yokozuna,Yokozuna,1,2,FALSE,1993,Won,N/A,FALSE,FALSE,N/A,FALSE,N/A,"29 Years, 3 Months, 19 Days",DERIVED,1.93,229,Polynesia,PROBABLE,Heel,PROBABLE,,Jim Cornette,,Camp Cornette,N/A,N/A,N/A,N/A,N/A,N/A,FALSE,FALSE,11,PROBABLE,shawn-michaels,,,19:14,1154,PROBABLE,,3,bob-backlund;headhunter-2;mabel,3,0,FALSE,FALSE,FALSE,UNKNOWN,UNKNOWN,UNKNOWN,FALSE,FALSE,FALSE,FALSE,FALSE,FALSE,WWF,PROBABLE,FALSE,PROBABLE,S032;S035;S468;S472;S027;S028;S465;S469;S575;S576;S1149;S1700;S1783,,
RR1996M,shawn-michaels,RR1996M,18,CONFIRMED,Shawn Michaels,Shawn Michaels,5,6,FALSE,1995,Won,N/A,FALSE,FALSE,N/A,FALSE,N/A,"30 Years, 5 Months, 30 Days",DERIVED,1.85,102,"San Antonio, Texas",PROBABLE,Face,PROBABLE,The Heartbreak Kid,,,,N/A,N/A,N/A,N/A,N/A,N/A,FALSE,FALSE,,N/A,,,,26:10,1570,PROBABLE,,8,1-2-3-kid;british-bulldog;diesel;isaac-yankem;jerry-lawler;owen-hart;vader;yokozuna,7,1,FALSE,TRUE,FALSE,TRUE,UNKNOWN,UNKNOWN,FALSE,FALSE,FALSE,FALSE,FALSE,FALSE,WWF,PROBABLE,FALSE,PROBABLE,S032;S035;S472;S1156;S1700;S1783,Event-time billing carried forward from RR1995M for the same documented persona; PROBABLE pending a direct 1996 event source.,
RR1997M,demolition-crush,RR1997M,1,CONFIRMED,Crush,Crush,3,4,FALSE,1995,Eliminated (elim #28),28,FALSE,FALSE,N/A,FALSE,N/A,"32 Years, 9 Months, 5 Days",DERIVED,1.98,143,"Kona, Hawaii",PROBABLE,Heel,PROBABLE,,,,Nation of Domination,N/A,N/A,N/A,N/A,N/A,N/A,FALSE,FALSE,3,DERIVED,phineas-godwinn,6:13,373,6:13,373,CONFIRMED,,0,,0,0,FALSE,FALSE,FALSE,FALSE,FALSE,FALSE,FALSE,FALSE,FALSE,FALSE,FALSE,FALSE,WWF,PROBABLE,FALSE,CONFIRMED,S033;S034;S477;S024;S029;S035;S466;S481;S560;S1152;S1700;S1784,,
RR1997M,ahmed-johnson,RR1997M,2,CONFIRMED,Ahmed Johnson,Ahmed Johnson,0,1,TRUE,N/A,N/A,N/A,TRUE,FALSE,N/A,FALSE,N/A,"33 Years, 7 Months, 13 Days",DERIVED,1.88,138,"Pearl River, Mississippi",PROBABLE,Face,PROBABLE,,,,,N/A,N/A,N/A,N/A,N/A,N/A,FALSE,FALSE,2,DERIVED,ahmed-johnson,2:57,177,2:57,177,CONFIRMED,,1,fake-razor-ramon,1,0,TRUE,FALSE,FALSE,FALSE,FALSE,FALSE,FALSE,FALSE,FALSE,FALSE,FALSE,FALSE,WWF,PROBABLE,FALSE,CONFIRMED,S033;S034;S103;S116;S629;S1182;S1700;S1784,,
RR1997M,fake-razor-ramon,RR1997M,3,CONFIRMED,Fake Razor Ramon,Fake Razor Ramon,0,1,TRUE,N/A,N/A,N/A,TRUE,FALSE,N/A,FALSE,N/A,"27 Years, 0 Months, 3 Days",DERIVED,1.93,123,"Miami, Florida",PROBABLE,Heel,PROBABLE,,,The New Rockers (w/ Fake Diesel),,N/A,N/A,N/A,N/A,N/A,N/A,FALSE,FALSE,1,DERIVED,ahmed-johnson,0:16,16,0:16,16,PROBABLE,,0,,0,0,FALSE,FALSE,FALSE,FALSE,FALSE,FALSE,FALSE,FALSE,FALSE,FALSE,FALSE,FALSE,WWF,PROBABLE,FALSE,CONFIRMED,S033;S034;S477;S630;S1196;S1694;S1700;S1784,Ring-time precision uncertainty (camera/clock issues) -- see F083.,
RR1997M,phineas-godwinn,RR1997M,4,CONFIRMED,Phineas Godwinn,Phineas Godwinn,0,1,TRUE,N/A,N/A,N/A,TRUE,FALSE,N/A,FALSE,N/A,"28 Years, 0 Months, 24 Days",DERIVED,1.93,133,"Bitters, Arkansas",PROBABLE,Face,PROBABLE,,,The Godwinns (w/ Henry O. Godwinn),,N/A,N/A,N/A,N/A,N/A,N/A,FALSE,FALSE,4,DERIVED,steve-austin,2:53,173,2:53,173,CONFIRMED,,1,demolition-crush,1,0,FALSE,FALSE,FALSE,FALSE,FALSE,FALSE,FALSE,FALSE,FALSE,FALSE,FALSE,FALSE,WWF,PROBABLE,FALSE,CONFIRMED,S033;S034;S477;S631;S1196;S1700;S1784,,
RR1997M,steve-austin,RR1997M,5,CONFIRMED,Austin,Austin,1,2,FALSE,1996,Eliminated (elim #23),23,FALSE,FALSE,N/A,FALSE,N/A,"32 Years, 1 Months, 1 Days",DERIVED,1.88,114,"Victoria, Texas",PROBABLE,Heel,PROBABLE,Stone Cold,,,,N/A,N/A,N/A,N/A,N/A,N/A,FALSE,FALSE,,N/A,,,,45:06,2706,CONFIRMED,,10,bart-gunn;bret-hart;jake-roberts;jesse-james;marc-mero;owen-hart;phineas-godwinn;savio-vega;the-undertaker;vader,10,0,FALSE,TRUE,FALSE,TRUE,TRUE,TRUE,FALSE,FALSE,FALSE,FALSE,FALSE,FALSE,WWF,PROBABLE,FALSE,CONFIRMED,S033;S034;S477;S624;S1177;S1700;S1784,"This count reflects only explicitly-credited eliminations (see F079) -- likely an undercount, not a confirmed total.",
RR1997M,bart-gunn,RR1997M,6,CONFIRMED,Bart Gunn,Bart Gunn,2,3,FALSE,1995,Eliminated (elim #19),19,FALSE,FALSE,N/A,FALSE,N/A,"31 Years, 0 Months, 23 Days",DERIVED,1.91,117,"Austin, Texas",PROBABLE,Face,PROBABLE,,,,,N/A,N/A,N/A,N/A,N/A,N/A,FALSE,FALSE,5,DERIVED,steve-austin,0:25,25,0:25,25,CONFIRMED,,0,,0,0,FALSE,FALSE,FALSE,FALSE,FALSE,FALSE,FALSE,FALSE,FALSE,FALSE,FALSE,FALSE,WWF,PROBABLE,FALSE,CONFIRMED,S033;S034;S024;S029;S035;S470;S466;S481;S593;S594;S1159;S1700;S1784,,
RR1997M,jake-roberts,RR1997M,7,CONFIRMED,Roberts,Roberts,6,7,FALSE,1996,Eliminated (elim #6),6,FALSE,FALSE,N/A,FALSE,N/A,"41 Years, 7 Months, 20 Days",DERIVED,1.98,113,"Stone Mountain, Georgia",PROBABLE,Face,PROBABLE,,,,,N/A,N/A,N/A,N/A,N/A,N/A,FALSE,FALSE,6,DERIVED,steve-austin,1:11,71,1:11,71,PROBABLE,,0,,0,0,FALSE,FALSE,FALSE,FALSE,FALSE,FALSE,FALSE,FALSE,FALSE,FALSE,FALSE,FALSE,WWF,PROBABLE,FALSE,CONFIRMED,S033;S034;S032;S035;S472;S1178;S1700;S1784,Ring-time precision uncertainty (camera/clock issues) -- see F083.,
RR1997M,british-bulldog,RR1997M,8,CONFIRMED,Bulldog,Bulldog,4,5,FALSE,1996,Eliminated (elim #27),27,FALSE,FALSE,N/A,FALSE,N/A,"34 Years, 1 Months, 23 Days",DERIVED,1.80,118,"Leeds, England",PROBABLE,Face,PROBABLE,,,,,WWF Tag Team Champion (Owen Hart & British Bulldog),Tag Team,Owen Hart,1,1996-09-22,119,TRUE,FALSE,8,DERIVED,owen-hart,8:04,484,8:04,484,CONFIRMED,,1,the-sultan,1,0,FALSE,FALSE,FALSE,FALSE,FALSE,FALSE,FALSE,FALSE,FALSE,FALSE,FALSE,FALSE,WWF,PROBABLE,FALSE,CONFIRMED,S033;S034;S020;S021;S018;S019;S022;S024;S123;S124;S131;S544;S1196;S1700;S1784,,
RR1997M,pierroth-jr,RR1997M,9,CONFIRMED,Pierroth Jr.,Pierroth Jr.,0,1,TRUE,N/A,N/A,N/A,TRUE,FALSE,N/A,FALSE,N/A,"38 Years, 10 Months, 9 Days",DERIVED,1.90,113,"Mexico City, Mexico",PROBABLE,Heel,PROBABLE,,,,,N/A,N/A,N/A,N/A,N/A,N/A,FALSE,FALSE,10,DERIVED,mil-mascaras,10:32,632,10:32,632,PROBABLE,,1,cibernetico,0,1,FALSE,FALSE,FALSE,FALSE,FALSE,FALSE,FALSE,FALSE,FALSE,FALSE,FALSE,FALSE,WWF,PROBABLE,FALSE,CONFIRMED,S033;S034;S632;S1196;S1700;S1784,Ring-time precision uncertainty (camera/clock issues) -- see F083.,
RR1997M,the-sultan,RR1997M,10,CONFIRMED,The Sultan,The Sultan,4,5,FALSE,1996,Eliminated (elim #24),24,FALSE,FALSE,N/A,FALSE,N/A,"31 Years, 3 Months, 8 Days",DERIVED,1.88,127,The Middle East,PROBABLE,Heel,PROBABLE,,The Iron Sheik and Bob Backlund,,,N/A,N/A,N/A,N/A,N/A,N/A,FALSE,FALSE,7,DERIVED,british-bulldog,3:24,204,3:24,204,CONFIRMED,,0,,0,0,FALSE,FALSE,FALSE,FALSE,FALSE,FALSE,FALSE,FALSE,FALSE,FALSE,FALSE,FALSE,WWF,PROBABLE,TRUE,CONFIRMED,S033;S034;S473;S477;S614;S1183;S1700;S1784,,
RR1997M,mil-mascaras,RR1997M,11,CONFIRMED,Mil Mascaras,Mil Mascaras,0,1,TRUE,N/A,N/A,N/A,TRUE,FALSE,N/A,FALSE,N/A,"54 Years, 6 Months, 4 Days",DERIVED,1.80,111,"San Luis Potosi, Mexico",PROBABLE,Face,PROBABLE,,,,,N/A,N/A,N/A,N/A,N/A,N/A,FALSE,FALSE,11,DERIVED,mil-mascaras,7:28,448,7:28,448,CONFIRMED,,2,cibernetico;pierroth-jr,1,1,TRUE,FALSE,FALSE,FALSE,FALSE,FALSE,FALSE,FALSE,FALSE,FALSE,FALSE,FALSE,WWF,PROBABLE,FALSE,CONFIRMED,S033;S034;S633;S1184;S1700;S1784,,
RR1997M,hunter-hearst-helmsley,RR1997M,12,CONFIRMED,Helmsley,Helmsley,1,2,FALSE,1996,Eliminated (elim #19),19,FALSE,FALSE,N/A,FALSE,N/A,"27 Years, 5 Months, 23 Days",DERIVED,1.93,120,"Greenwich, Connecticut",PROBABLE,Heel,PROBABLE,The Connecticut Blueblood,,,,WWF Intercontinental Championship,Intercontinental,N/A,1,1996-10-21,90,FALSE,FALSE,12,DERIVED,goldust,6:43,403,6:43,403,CONFIRMED,,0,,0,0,FALSE,FALSE,FALSE,FALSE,FALSE,FALSE,FALSE,FALSE,FALSE,FALSE,FALSE,FALSE,WWF,PROBABLE,FALSE,CONFIRMED,S033;S034;S477;S473;S619;S1173;S1700;S1784,,
RR1997M,owen-hart,RR1997M,13,CONFIRMED,Owen Hart,Owen Hart,4,5,FALSE,1996,Eliminated (elim #21),21,FALSE,FALSE,N/A,FALSE,N/A,"31 Years, 8 Months, 12 Days",DERIVED,1.78,103,"Calgary, Alberta, Canada",PROBABLE,Heel,PROBABLE,,,,,WWF Tag Team Champion (Owen Hart & British Bulldog),Tag Team,British Bulldog,1,1996-09-22,119,TRUE,FALSE,16,DERIVED,steve-austin,8:28,508,8:28,508,PROBABLE,,2,british-bulldog;goldust,2,0,FALSE,FALSE,FALSE,FALSE,FALSE,FALSE,FALSE,FALSE,FALSE,FALSE,FALSE,FALSE,WWF,PROBABLE,FALSE,CONFIRMED,S033;S034;S024;S029;S035;S466;S481;S577;S1150;S1196;S1700;S1784,Ring-time precision uncertainty (camera/clock issues) -- see F083.,
RR1997M,goldust,RR1997M,14,CONFIRMED,Goldust,Goldust,0,1,TRUE,N/A,N/A,N/A,TRUE,FALSE,N/A,FALSE,N/A,"27 Years, 9 Months, 8 Days",DERIVED,1.98,105,"Hollywood, California",PROBABLE,Face,PROBABLE,,Marlena,,,N/A,N/A,N/A,N/A,N/A,N/A,FALSE,FALSE,13,DERIVED,owen-hart,5:34,334,5:34,334,CONFIRMED,,1,hunter-hearst-helmsley,1,0,FALSE,FALSE,FALSE,FALSE,FALSE,FALSE,FALSE,FALSE,FALSE,FALSE,FALSE,FALSE,WWF,PROBABLE,FALSE,CONFIRMED,S033;S034;S473;S477;S634;S1196;S1700;S1784,,
RR1997M,cibernetico,RR1997M,15,CONFIRMED,Cibernetico,Cibernetico,0,1,TRUE,N/A,N/A,N/A,TRUE,FALSE,N/A,FALSE,N/A,"21 Years, 9 Months, 7 Days",DERIVED,1.85,105,"Aguascalientes, Mexico",PROBABLE,Heel,PROBABLE,,,,,N/A,N/A,N/A,N/A,N/A,N/A,FALSE,FALSE,9,DERIVED,mil-mascaras;pierroth-jr,1:24,84,1:24,84,CONFIRMED,,0,,0,0,FALSE,FALSE,FALSE,FALSE,FALSE,FALSE,FALSE,FALSE,FALSE,FALSE,FALSE,FALSE,WWF,PROBABLE,FALSE,CONFIRMED,S033;S034;S635;S1185;S1700;S1784,,
RR1997M,marc-mero,RR1997M,16,CONFIRMED,Marc Mero,Marc Mero,0,1,TRUE,N/A,N/A,N/A,TRUE,FALSE,N/A,FALSE,N/A,"36 Years, 6 Months, 10 Days",DERIVED,1.85,107,"Buffalo, New York",PROBABLE,Face,PROBABLE,,Sable,,,N/A,N/A,N/A,N/A,N/A,N/A,FALSE,FALSE,17,DERIVED,steve-austin,3:54,234,3:54,234,PROBABLE,,0,,0,0,FALSE,FALSE,FALSE,FALSE,FALSE,FALSE,FALSE,FALSE,FALSE,FALSE,FALSE,FALSE,WWF,PROBABLE,FALSE,CONFIRMED,S033;S034;S473;S477;S636;S1196;S1700;S1784,Ring-time precision uncertainty (camera/clock issues) -- see F083.,
RR1997M,latin-lover,RR1997M,17,CONFIRMED,Latin Lover,Latin Lover,0,1,TRUE,N/A,N/A,N/A,TRUE,FALSE,N/A,FALSE,N/A,"29 Years, 2 Months, 25 Days",DERIVED,1.80,86,"Monterrey, Nuevo Leon, Mexico",PROBABLE,Face,PROBABLE,,,,,N/A,N/A,N/A,N/A,N/A,N/A,FALSE,FALSE,14,DERIVED,faarooq,1:48,108,1:48,108,CONFIRMED,,0,,0,0,FALSE,FALSE,FALSE,FALSE,FALSE,FALSE,FALSE,FALSE,FALSE,FALSE,FALSE,FALSE,WWF,PROBABLE,FALSE,CONFIRMED,S033;S034;S637;S1196;S1700;S1784,,
RR1997M,faarooq,RR1997M,18,CONFIRMED,Faarooq,Faarooq,0,1,TRUE,N/A,N/A,N/A,TRUE,FALSE,N/A,FALSE,N/A,"38 Years, 8 Months, 4 Days",DERIVED,1.88,123,"Warner Robins, Georgia",PROBABLE,Heel,PROBABLE,,,,Nation of Domination,N/A,N/A,N/A,N/A,N/A,N/A,FALSE,FALSE,15,DERIVED,faarooq,0:41,41,0:41,41,CONFIRMED,,1,latin-lover,1,0,TRUE,FALSE,FALSE,FALSE,FALSE,FALSE,FALSE,FALSE,FALSE,FALSE,FALSE,FALSE,WWF,PROBABLE,FALSE,CONFIRMED,S033;S034;S103;S116;S477;S638;S1186;S1700;S1784,,
RR1997M,savio-vega,RR1997M,19,CONFIRMED,Savio,Savio,1,2,FALSE,1996,Eliminated (elim #10),10,FALSE,FALSE,N/A,FALSE,N/A,"32 Years, 5 Months, 9 Days",DERIVED,1.80,118,Puerto Rico,PROBABLE,Face,PROBABLE,,,,,N/A,N/A,N/A,N/A,N/A,N/A,FALSE,FALSE,18,DERIVED,steve-austin,0:46,46,0:46,46,PROBABLE,,0,,0,0,FALSE,FALSE,FALSE,FALSE,FALSE,FALSE,FALSE,FALSE,FALSE,FALSE,FALSE,FALSE,WWF,PROBABLE,FALSE,CONFIRMED,S033;S034;S627;S1180;S588;S1700;S1784,Ring-time precision uncertainty (camera/clock issues) -- see F083.,
RR1997M,jesse-james,RR1997M,20,CONFIRMED,Jesse James,Jesse James,0,1,TRUE,N/A,N/A,N/A,TRUE,FALSE,N/A,FALSE,N/A,"27 Years, 7 Months, 30 Days",DERIVED,1.85,109,"Marietta, Georgia",PROBABLE,Face,PROBABLE,The Roadie,,,,N/A,N/A,N/A,N/A,N/A,N/A,FALSE,FALSE,19,DERIVED,steve-austin,0:28,28,0:28,28,CONFIRMED,,0,,0,0,FALSE,FALSE,FALSE,FALSE,FALSE,FALSE,FALSE,FALSE,FALSE,FALSE,FALSE,FALSE,WWF,PROBABLE,FALSE,CONFIRMED,S033;S034;S477;S639;S1187;S1700;S1784,,
RR1997M,bret-hart,RR1997M,21,CONFIRMED,Bret Hart,Bret Hart,4,5,FALSE,1994,Won,N/A,FALSE,FALSE,N/A,FALSE,N/A,"39 Years, 6 Months, 17 Days",DERIVED,1.83,106,"Calgary, Alberta, Canada",PROBABLE,Face,PROBABLE,,,,,N/A,N/A,N/A,N/A,N/A,N/A,FALSE,FALSE,29,DERIVED,steve-austin,21:02,1262,21:02,1262,CONFIRMED,,2,fake-diesel;jerry-lawler,2,0,FALSE,FALSE,TRUE,TRUE,TRUE,TRUE,FALSE,FALSE,FALSE,FALSE,FALSE,FALSE,WWF,PROBABLE,FALSE,CONFIRMED,S033;S034;S477;S1163;S1700;S1784,Event-time billing carried forward from RR1994M for the same documented persona; PROBABLE pending a direct 1997 event source.,
RR1997M,jerry-lawler,RR1997M,22,CONFIRMED,Lawler,Lawler,2,3,FALSE,1996,Eliminated (elim #16),16,FALSE,FALSE,N/A,FALSE,N/A,"47 Years, 1 Months, 21 Days",DERIVED,1.83,110,"Memphis, Tennessee",PROBABLE,Heel,PROBABLE,The King,,,,N/A,N/A,N/A,N/A,N/A,N/A,FALSE,FALSE,20,DERIVED,bret-hart,0:05,5,0:05,5,CONFIRMED,,0,,0,0,FALSE,FALSE,FALSE,FALSE,FALSE,FALSE,TRUE,FALSE,FALSE,FALSE,FALSE,FALSE,WWF,PROBABLE,FALSE,CONFIRMED,S033;S034;S477;S027;S028;S469;S566;S1138;S1700;S1784,,
RR1997M,fake-diesel,RR1997M,23,CONFIRMED,Fake Diesel,Fake Diesel,1,2,FALSE,1996,Eliminated (elim #25),25,FALSE,FALSE,N/A,FALSE,N/A,"29 Years, 8 Months, 24 Days",DERIVED,2.13,147,"Detroit, Michigan",PROBABLE,Heel,PROBABLE,,,The New Rockers (w/ Fake Razor Ramon),,N/A,N/A,N/A,N/A,N/A,N/A,FALSE,FALSE,28,DERIVED,bret-hart,17:51,1071,17:51,1071,CONFIRMED,,0,,0,0,FALSE,FALSE,FALSE,FALSE,TRUE,TRUE,FALSE,FALSE,FALSE,FALSE,FALSE,FALSE,WWF,PROBABLE,FALSE,CONFIRMED,S033;S034;S477;S628;S1188;S1693;S1700;S1784,,
RR1997M,terry-funk,RR1997M,24,CONFIRMED,Terry Funk,Terry Funk,0,1,TRUE,N/A,N/A,N/A,TRUE,FALSE,N/A,FALSE,N/A,"52 Years, 6 Months, 20 Days",DERIVED,1.85,112,The Double Cross Ranch,PROBABLE,Heel,PROBABLE,,,,,N/A,N/A,N/A,N/A,N/A,N/A,FALSE,FALSE,24,DERIVED,mankind,15:19,919,15:19,919,CONFIRMED,,1,mankind,1,0,FALSE,FALSE,FALSE,FALSE,FALSE,FALSE,FALSE,FALSE,FALSE,FALSE,FALSE,FALSE,WWF,PROBABLE,FALSE,CONFIRMED,S033;S034;S640;S1189;S1700;S1784,"This count reflects only explicitly-credited eliminations (see F079) -- likely an undercount, not a confirmed total.",
RR1997M,rocky-maivia,RR1997M,25,CONFIRMED,Rocky Maivia,Rocky Maivia,0,1,TRUE,N/A,N/A,N/A,TRUE,FALSE,N/A,FALSE,N/A,"24 Years, 8 Months, 17 Days",DERIVED,1.96,125,"Miami, Florida",PROBABLE,Face,PROBABLE,The Blue Chipper,,,,N/A,N/A,N/A,N/A,N/A,N/A,FALSE,FALSE,23,DERIVED,mankind,13:01,781,13:01,781,CONFIRMED,,0,,0,0,FALSE,FALSE,FALSE,FALSE,FALSE,FALSE,FALSE,FALSE,FALSE,FALSE,FALSE,FALSE,WWF,PROBABLE,FALSE,CONFIRMED,S033;S034;S477;S641;S1190;S1700;S1784,,
RR1997M,mankind,RR1997M,26,CONFIRMED,Mankind,Mankind,0,1,TRUE,N/A,N/A,N/A,TRUE,FALSE,N/A,FALSE,N/A,"31 Years, 7 Months, 12 Days",DERIVED,1.88,130,"Truth or Consequences, New Mexico",PROBABLE,Heel,PROBABLE,,Paul Bearer,,,N/A,N/A,N/A,N/A,N/A,N/A,FALSE,FALSE,25,DERIVED,terry-funk,12:22,742,12:22,742,CONFIRMED,,2,rocky-maivia;terry-funk,2,0,FALSE,FALSE,FALSE,FALSE,FALSE,FALSE,FALSE,FALSE,FALSE,FALSE,FALSE,FALSE,WWF,PROBABLE,TRUE,CONFIRMED,S033;S034;S473;S477;S642;S1191;S1700;S1784,"This count reflects only explicitly-credited eliminations (see F079) -- likely an undercount, not a confirmed total.",
RR1997M,flash-funk,RR1997M,27,CONFIRMED,Flash Funk,Flash Funk,0,1,TRUE,N/A,N/A,N/A,TRUE,FALSE,N/A,FALSE,N/A,"31 Years, 2 Months, 25 Days",DERIVED,1.78,103,Funkytown,PROBABLE,Face,PROBABLE,Disco-dancing funk character,The Funkettes,,,N/A,N/A,N/A,N/A,N/A,N/A,FALSE,FALSE,21,DERIVED,vader,6:13,373,6:13,373,CONFIRMED,,0,,0,0,FALSE,FALSE,FALSE,FALSE,FALSE,FALSE,FALSE,FALSE,FALSE,FALSE,FALSE,FALSE,WWF,PROBABLE,FALSE,CONFIRMED,S033;S034;S477;S473;S643;S1196;S1700;S1784,,
RR1997M,vader,RR1997M,28,CONFIRMED,Vader,Vader,1,2,FALSE,1996,Eliminated (elim #12),12,FALSE,FALSE,N/A,FALSE,N/A,"41 Years, 8 Months, 5 Days",DERIVED,1.96,204,The Rocky Mountains,PROBABLE,Heel,PROBABLE,,,,,N/A,N/A,N/A,N/A,N/A,N/A,FALSE,FALSE,26,DERIVED,steve-austin,10:05,605,10:05,605,CONFIRMED,,1,flash-funk,1,0,FALSE,FALSE,FALSE,FALSE,FALSE,FALSE,FALSE,FALSE,FALSE,FALSE,FALSE,FALSE,WWF,PROBABLE,FALSE,CONFIRMED,S033;S034;S626;S1179;S1700;S1784,,
RR1997M,henry-godwinn,RR1997M,29,CONFIRMED,Henry Godwinn,Henry Godwinn,2,3,FALSE,1996,Eliminated (elim #2),2,FALSE,FALSE,N/A,FALSE,N/A,"32 Years, 10 Months, 3 Days",DERIVED,1.93,133,"Bitters, Arkansas",PROBABLE,Heel,PROBABLE,,,The Godwinns (w/ Phineas I. Godwinn),,N/A,N/A,N/A,N/A,N/A,N/A,FALSE,FALSE,22,DERIVED,the-undertaker,6:12,372,6:12,372,PROBABLE,,0,,0,0,FALSE,FALSE,FALSE,FALSE,FALSE,FALSE,FALSE,FALSE,FALSE,FALSE,FALSE,FALSE,WWF,PROBABLE,FALSE,CONFIRMED,S033;S034;S477;S611;S1169;S1700;S1784,Ring-time precision uncertainty (camera/clock issues) -- see F083.,
RR1997M,the-undertaker,RR1997M,30,CONFIRMED,Undertaker,Undertaker,3,4,FALSE,1993,Eliminated (elim #15),15,FALSE,FALSE,N/A,FALSE,N/A,"31 Years, 9 Months, 26 Days",DERIVED,2.08,140,Death Valley,PROBABLE,Face,PROBABLE,,,,,N/A,N/A,N/A,N/A,N/A,N/A,FALSE,FALSE,27,DERIVED,steve-austin,6:47,407,6:47,407,CONFIRMED,,1,henry-godwinn,1,0,FALSE,FALSE,FALSE,FALSE,FALSE,TRUE,FALSE,FALSE,FALSE,FALSE,FALSE,FALSE,WWF,PROBABLE,FALSE,CONFIRMED,S033;S034;S027;S028;S465;S469;S543;S1196;S1700;S1784,,
RR1994M,bastion-booger,RR1994M,25,CONFIRMED,Bastion Booger,Bastion Booger,0,1,TRUE,N/A,N/A,N/A,TRUE,FALSE,N/A,FALSE,N/A,"36 Years, 5 Months, 18 Days",DERIVED,1.85,182,The Environment,PROBABLE,Heel,PROBABLE,,,,,N/A,N/A,N/A,N/A,N/A,N/A,N/A,N/A,,N/A,,,,00:00,0,CONFIRMED,,0,,0,0,FALSE,FALSE,FALSE,FALSE,FALSE,FALSE,FALSE,FALSE,FALSE,FALSE,FALSE,FALSE,WWF,PROBABLE,FALSE,CONFIRMED,S035;S022;S466;S481;S600;S1193;S1699;S1700;S1781,"Advertised entrant, withdrew before the match due to illness -- never entered. See F091. Documented no-show: withdrew before the match and never entered.",N/A
RR1998M,cactus-jack,RR1998M,1,CONFIRMED,Cactus Jack,Cactus Jack,1,2,FALSE,1997,Eliminated (elim #25),25,FALSE,FALSE,N/A,FALSE,N/A,"32 Years, 7 Months, 11 Days",DERIVED,1.88,130,"Truth or Consequences, New Mexico",PROBABLE,Face,PROBABLE,Cactus Jack,,Cactus Jack & Chainsaw Charlie,,N/A,N/A,N/A,N/A,N/A,N/A,FALSE,FALSE,2,CONFIRMED,terry-funk,,,9:21,561,PROBABLE,,1,tom-brandi,0,1,FALSE,FALSE,FALSE,UNKNOWN,UNKNOWN,UNKNOWN,FALSE,FALSE,FALSE,FALSE,FALSE,FALSE,WWF,PROBABLE,FALSE,CONFIRMED,S024;S043;S050;S478;S474;S481;S642;S1197;S1700;S1785,"Mick Foley's 1st of 3 personas in this match (with Mankind, reused id, and Dude Love) -- see F111.",CONFIRMED
RR1998M,terry-funk,RR1998M,2,CONFIRMED,Chainsaw Charlie,Chainsaw Charlie,1,2,FALSE,1997,Eliminated (elim #24),24,FALSE,FALSE,N/A,FALSE,N/A,"53 Years, 6 Months, 19 Days",DERIVED,1.85,112,The Double Cross Ranch,PROBABLE,Heel,PROBABLE,Chainsaw Charlie,,Cactus Jack & Chainsaw Charlie,,N/A,N/A,N/A,N/A,N/A,N/A,FALSE,FALSE,6,CONFIRMED,mankind,,,25:19,1519,PROBABLE,,3,cactus-jack;tom-brandi;kurrgan,1,2,FALSE,FALSE,FALSE,UNKNOWN,UNKNOWN,UNKNOWN,FALSE,FALSE,FALSE,FALSE,FALSE,FALSE,WWF,PROBABLE,FALSE,CONFIRMED,S024;S043;S050;S478;S474;S481;S640;S1198;S1700;S1785,,CONFIRMED
RR1998M,steve-blackman,RR1998M,10,CONFIRMED,Steve Blackman,Steve Blackman,0,1,TRUE,N/A,N/A,N/A,TRUE,FALSE,N/A,FALSE,N/A,"34 Years, 3 Months, 21 Days",DERIVED,1.88,112,"Annville, Pennsylvania",PROBABLE,Face,PROBABLE,,,,,N/A,N/A,N/A,N/A,N/A,N/A,FALSE,FALSE,4,CONFIRMED,kurrgan,,,5:58,358,PROBABLE,,0,,0,0,FALSE,FALSE,FALSE,UNKNOWN,UNKNOWN,UNKNOWN,FALSE,FALSE,FALSE,FALSE,FALSE,FALSE,WWF,PROBABLE,FALSE,CONFIRMED,S024;S043;S050;S474;S481;S644;S1199;S1700;S1785,,CONFIRMED
RR1998M,rocky-maivia,RR1998M,4,CONFIRMED,The Rock,The Rock,1,2,FALSE,1997,Eliminated (elim #23),23,FALSE,FALSE,N/A,FALSE,N/A,"25 Years, 8 Months, 16 Days",DERIVED,1.96,125,"Miami, Florida",PROBABLE,Heel,PROBABLE,The Rock,,,Nation of Domination,WWF Intercontinental Championship,Intercontinental,N/A,1,1997-12-08,41,TRUE,FALSE,28,CONFIRMED,steve-austin,,,51:32,3092,PROBABLE,,3,kurrgan;ken-shamrock;faarooq,2,1,FALSE,FALSE,TRUE,TRUE,UNKNOWN,UNKNOWN,FALSE,FALSE,FALSE,FALSE,TRUE,FALSE,WWF,PROBABLE,FALSE,CONFIRMED,S024;S043;S050;S478;S474;S481;S641;S1200;S1700;S1785,Also wrestled earlier on the same card -- see other_matches.csv.,CONFIRMED
RR1998M,bradshaw,RR1998M,8,CONFIRMED,Bradshaw,Bradshaw,0,1,TRUE,N/A,N/A,N/A,TRUE,FALSE,N/A,FALSE,N/A,"31 Years, 1 Months, 20 Days",DERIVED,1.98,132,"Sweetwater, Texas",PROBABLE,Face,PROBABLE,,,,,N/A,N/A,N/A,N/A,N/A,N/A,FALSE,FALSE,15,CONFIRMED,dude-love,,,35:45,2145,PROBABLE,,1,kurrgan,0,1,FALSE,FALSE,FALSE,UNKNOWN,UNKNOWN,UNKNOWN,FALSE,FALSE,FALSE,FALSE,FALSE,FALSE,WWF,PROBABLE,FALSE,CONFIRMED,S024;S043;S050;S474;S481;S645;S1308;S1700;S1785,,CONFIRMED
RR1998M,tom-brandi,RR1998M,3,CONFIRMED,Tom Brandi,Tom Brandi,0,1,TRUE,N/A,N/A,N/A,TRUE,FALSE,N/A,FALSE,N/A,"31 Years, 6 Months, 9 Days",DERIVED,1.88,110,"Philadelphia, Pennsylvania",PROBABLE,Face,PROBABLE,,,,,N/A,N/A,N/A,N/A,N/A,N/A,FALSE,FALSE,1,CONFIRMED,cactus-jack;terry-funk,,,0:12,12,PROBABLE,,0,,0,0,FALSE,FALSE,FALSE,UNKNOWN,UNKNOWN,UNKNOWN,FALSE,FALSE,FALSE,FALSE,FALSE,FALSE,WWF,PROBABLE,FALSE,CONFIRMED,S024;S043;S050;S474;S481;S646;S1308;S1700;S1785,,CONFIRMED
RR1998M,d-lo-brown,RR1998M,11,CONFIRMED,D-Lo Brown,D-Lo Brown,0,1,TRUE,N/A,N/A,N/A,TRUE,FALSE,N/A,FALSE,N/A,"24 Years, 2 Months, 27 Days",DERIVED,1.91,122,"Chicago, Illinois",PROBABLE,Heel,PROBABLE,,,,Nation of Domination,N/A,N/A,N/A,N/A,N/A,N/A,FALSE,FALSE,16,CONFIRMED,faarooq,,,32:21,1941,PROBABLE,,1,ahmed-johnson,0,1,FALSE,FALSE,FALSE,UNKNOWN,UNKNOWN,UNKNOWN,FALSE,FALSE,FALSE,FALSE,FALSE,FALSE,WWF,PROBABLE,FALSE,CONFIRMED,S024;S043;S050;S478;S474;S481;S647;S1201;S1700;S1785,,CONFIRMED
RR1998M,chainz,RR1998M,29,CONFIRMED,Chainz,Chainz,0,1,TRUE,N/A,N/A,N/A,TRUE,FALSE,N/A,FALSE,N/A,"31 Years, 1 Months, 23 Days",DERIVED,2.01,132,"Harrisburg, Pennsylvania",PROBABLE,Face,PROBABLE,,,The Disciples of Apocalypse,Disciples of Apocalypse,N/A,N/A,N/A,N/A,N/A,N/A,FALSE,FALSE,24,CONFIRMED,steve-austin,,,4:56,296,PROBABLE,,1,goldust,1,0,FALSE,FALSE,FALSE,UNKNOWN,UNKNOWN,UNKNOWN,FALSE,FALSE,FALSE,FALSE,FALSE,FALSE,WWF,PROBABLE,FALSE,CONFIRMED,S024;S043;S050;S478;S474;S481;S648;S1308;S1700;S1785,Austin eliminated 'one of the members of DOA' late in the match; S043 does not specify which -- see F114.,CONFIRMED
RR1998M,eight-ball,RR1998M,7,CONFIRMED,Eight-Ball,Eight-Ball,0,1,TRUE,N/A,N/A,N/A,TRUE,FALSE,N/A,FALSE,N/A,,UNKNOWN,1.96,135,"Nashville, Tennessee",PROBABLE,Face,PROBABLE,,,The Disciples of Apocalypse,Disciples of Apocalypse,N/A,N/A,N/A,N/A,N/A,N/A,FALSE,FALSE,14,CONFIRMED,steve-austin,,,30:43,1843,PROBABLE,,1,kurrgan,0,1,FALSE,FALSE,FALSE,UNKNOWN,UNKNOWN,UNKNOWN,FALSE,FALSE,FALSE,FALSE,FALSE,FALSE,WWF,PROBABLE,FALSE,CONFIRMED,S024;S043;S050;S478;S474;S481;S601;S1308;S1700;S1785,Austin eliminated 'one of the members of DOA' late in the match; S043 does not specify which -- see F114.,CONFIRMED
RR1998M,faarooq,RR1998M,27,CONFIRMED,Farooq,Farooq,1,2,FALSE,1997,Eliminated (elim #15),15,FALSE,FALSE,N/A,FALSE,N/A,"39 Years, 8 Months, 3 Days",DERIVED,1.88,123,"Warner Robins, Georgia",PROBABLE,Heel,PROBABLE,,,,Nation of Domination,N/A,N/A,N/A,N/A,N/A,N/A,FALSE,FALSE,27,CONFIRMED,rocky-maivia,,,10:03,603,PROBABLE,,3,dude-love;d-lo-brown;mark-henry,3,0,FALSE,FALSE,FALSE,UNKNOWN,UNKNOWN,UNKNOWN,FALSE,FALSE,FALSE,FALSE,FALSE,FALSE,WWF,PROBABLE,FALSE,CONFIRMED,S024;S043;S050;S478;S474;S481;S638;S1202;S1700;S1785,,CONFIRMED
RR1998M,henry-godwinn,RR1998M,25,CONFIRMED,Henry Godwinn,Henry Godwinn,3,4,FALSE,1997,Eliminated (elim #22),22,FALSE,FALSE,N/A,FALSE,N/A,"33 Years, 10 Months, 2 Days",DERIVED,1.93,133,"Bitters, Arkansas",PROBABLE,Heel,PROBABLE,,,The Godwinns (w/ Phineas I. Godwinn),,N/A,N/A,N/A,N/A,N/A,N/A,FALSE,FALSE,22,CONFIRMED,dude-love,,,11:32,692,PROBABLE,,0,,0,0,FALSE,FALSE,FALSE,UNKNOWN,UNKNOWN,UNKNOWN,FALSE,FALSE,FALSE,FALSE,FALSE,FALSE,WWF,PROBABLE,FALSE,CONFIRMED,S024;S043;S050;S478;S474;S481;S611;S1203;S1700;S1785,,CONFIRMED
RR1998M,phineas-godwinn,RR1998M,6,CONFIRMED,Phinneus Godwinn,Phinneus Godwinn,1,2,FALSE,1997,Eliminated (elim #4),4,FALSE,FALSE,N/A,FALSE,N/A,"29 Years, 0 Months, 23 Days",DERIVED,1.93,133,"Bitters, Arkansas",PROBABLE,Heel,PROBABLE,,,The Godwinns (w/ Henry O. Godwinn),,N/A,N/A,N/A,N/A,N/A,N/A,FALSE,FALSE,12,CONFIRMED,mark-henry,,,28:48,1728,PROBABLE,,1,kurrgan,0,1,FALSE,FALSE,FALSE,UNKNOWN,UNKNOWN,UNKNOWN,FALSE,FALSE,FALSE,FALSE,FALSE,FALSE,WWF,PROBABLE,FALSE,CONFIRMED,S024;S043;S050;S478;S474;S481;S631;S1308;S1700;S1785,,CONFIRMED
RR1998M,goldust,RR1998M,17,CONFIRMED,Goldust,Goldust,1,2,FALSE,1997,Eliminated (elim #13),13,FALSE,FALSE,N/A,FALSE,N/A,"28 Years, 9 Months, 7 Days",DERIVED,1.98,105,"Hollywood, California",PROBABLE,Heel,PROBABLE,,Luna Vachon,,,N/A,N/A,N/A,N/A,N/A,N/A,FALSE,FALSE,23,CONFIRMED,chainz,,,26:01,1561,PROBABLE,,2,mankind;vader,2,0,FALSE,FALSE,FALSE,UNKNOWN,UNKNOWN,UNKNOWN,FALSE,FALSE,FALSE,FALSE,TRUE,FALSE,WWF,PROBABLE,FALSE,CONFIRMED,S024;S043;S050;S474;S478;S481;S634;S1308;S1700;S1785,Also wrestled earlier on the same card -- see other_matches.csv.,CONFIRMED
RR1998M,owen-hart,RR1998M,9,CONFIRMED,Owen Hart,Owen Hart,5,6,FALSE,1997,Eliminated (elim #16),16,FALSE,FALSE,N/A,FALSE,N/A,"32 Years, 8 Months, 11 Days",DERIVED,1.78,103,"Calgary, Alberta, Canada",PROBABLE,Face,PROBABLE,,,,,N/A,N/A,N/A,N/A,N/A,N/A,FALSE,FALSE,10,CONFIRMED,hunter-hearst-helmsley;chyna,,,2:00,120,PROBABLE,,1,jeff-jarrett,1,0,FALSE,FALSE,FALSE,UNKNOWN,UNKNOWN,UNKNOWN,FALSE,FALSE,FALSE,FALSE,FALSE,FALSE,WWF,PROBABLE,FALSE,CONFIRMED,S024;S043;S050;S474;S481;S029;S035;S466;S577;S1204;S1700;S1785,,CONFIRMED
RR1998M,mark-henry,RR1998M,21,CONFIRMED,Mark Henry,Mark Henry,0,1,TRUE,N/A,N/A,N/A,TRUE,FALSE,N/A,FALSE,N/A,"26 Years, 7 Months, 6 Days",DERIVED,1.93,163,"Silsbee, Texas",PROBABLE,Heel,PROBABLE,,,,Nation of Domination,N/A,N/A,N/A,N/A,N/A,N/A,FALSE,FALSE,25,CONFIRMED,faarooq,,,19:07,1147,PROBABLE,,2,phineas-godwinn;ahmed-johnson,1,1,FALSE,FALSE,FALSE,UNKNOWN,UNKNOWN,UNKNOWN,FALSE,FALSE,FALSE,FALSE,FALSE,FALSE,WWF,PROBABLE,FALSE,CONFIRMED,S024;S043;S050;S478;S474;S481;S649;S1205;S1700;S1785,,CONFIRMED
RR1998M,the-honky-tonk-man,RR1998M,19,CONFIRMED,Honky Tonk Man,Honky Tonk Man,2,3,FALSE,1990,Eliminated (elim #22),22,FALSE,FALSE,N/A,TRUE,UNKNOWN,"44 Years, 11 Months, 24 Days",DERIVED,1.85,112,"Memphis, Tennessee",PROBABLE,Heel,PROBABLE,,,,,N/A,N/A,N/A,N/A,N/A,N/A,FALSE,FALSE,17,CONFIRMED,vader,,,19:55,1195,PROBABLE,,0,,0,0,FALSE,FALSE,FALSE,UNKNOWN,UNKNOWN,UNKNOWN,TRUE,FALSE,FALSE,FALSE,FALSE,FALSE,WWF,PROBABLE,FALSE,CONFIRMED,S024;S043;S050;S478;S474;S481;S1308;S1700;S1725;S1785,"Surprise entrant at #19, replacing the injured Hunter Hearst Helmsley. Event-time billing carried forward from RR1990M for the same documented persona; PROBABLE pending a direct 1998 event source.",CONFIRMED
RR1998M,jeff-jarrett,RR1998M,18,CONFIRMED,Jeff Jarrett,Jeff Jarrett,1,2,FALSE,1994,Eliminated (elim #10),10,FALSE,FALSE,N/A,FALSE,N/A,"30 Years, 6 Months, 4 Days",DERIVED,1.83,104,"Nashville, Tennessee",PROBABLE,Heel,PROBABLE,,Jim Cornette,,,N/A,N/A,N/A,N/A,N/A,N/A,FALSE,FALSE,8,CONFIRMED,owen-hart,,,1:05,65,PROBABLE,,0,,0,0,FALSE,FALSE,FALSE,UNKNOWN,UNKNOWN,UNKNOWN,FALSE,FALSE,FALSE,FALSE,FALSE,FALSE,WWF,PROBABLE,FALSE,CONFIRMED,S024;S043;S050;S474;S478;S481;S029;S035;S470;S466;S587;S1206;S1700;S1785,,CONFIRMED
RR1998M,ahmed-johnson,RR1998M,20,CONFIRMED,Ahmed Johnson,Ahmed Johnson,1,2,FALSE,1997,Eliminated (elim #2),2,FALSE,FALSE,N/A,FALSE,N/A,"34 Years, 7 Months, 12 Days",DERIVED,1.88,138,"Pearl River, Mississippi",PROBABLE,Face,PROBABLE,,,,,N/A,N/A,N/A,N/A,N/A,N/A,FALSE,FALSE,11,CONFIRMED,d-lo-brown;mark-henry,,,3:18,198,PROBABLE,,0,,0,0,FALSE,FALSE,FALSE,UNKNOWN,UNKNOWN,UNKNOWN,FALSE,FALSE,FALSE,FALSE,FALSE,FALSE,WWF,PROBABLE,FALSE,CONFIRMED,S024;S043;S050;S474;S481;S629;S1207;S1700;S1785,,CONFIRMED
RR1998M,kurrgan,RR1998M,12,CONFIRMED,Kurrgan,Kurrgan,0,1,TRUE,N/A,N/A,N/A,TRUE,FALSE,N/A,FALSE,N/A,"28 Years, 2 Months, 23 Days",DERIVED,2.13,159,Parts Unknown,PROBABLE,Heel,PROBABLE,,The Jackyl,,The Truth Commission,N/A,N/A,N/A,N/A,N/A,N/A,FALSE,FALSE,5,CONFIRMED,eight-ball;bradshaw;ken-shamrock;terry-funk;phineas-godwinn;rocky-maivia,,,3:38,218,PROBABLE,,2,mosh;steve-blackman,2,0,FALSE,FALSE,FALSE,UNKNOWN,UNKNOWN,UNKNOWN,FALSE,FALSE,FALSE,FALSE,FALSE,FALSE,WWF,PROBABLE,FALSE,CONFLICTING,S024;S043;S050;S474;S478;S481;S650;S667;S1308;S1700;S1785,Source disagreement or incomplete group attribution is preserved in flags.csv.,CONFLICTING
RR1998M,dude-love,RR1998M,28,CONFIRMED,Dude Love,Dude Love,3,4,FALSE,1998,Eliminated (elim #7),7,FALSE,FALSE,N/A,FALSE,N/A,"32 Years, 7 Months, 11 Days",DERIVED,1.88,130,"Truth or Consequences, New Mexico",PROBABLE,Face,PROBABLE,Dude Love,,,,N/A,N/A,N/A,N/A,N/A,N/A,FALSE,FALSE,26,CONFIRMED,faarooq,,,7:53,473,PROBABLE,,2,bradshaw;henry-godwinn,2,0,FALSE,FALSE,FALSE,UNKNOWN,UNKNOWN,UNKNOWN,FALSE,FALSE,FALSE,FALSE,FALSE,FALSE,WWF,PROBABLE,FALSE,CONFIRMED,S024;S043;S050;S478;S474;S481;S642;S1208;S1700;S1785,"Mick Foley's 3rd of 3 personas in this match (with Cactus Jack and Mankind, reused id) -- see F111 and eliminations.csv note.",CONFIRMED
RR1998M,mankind,RR1998M,16,CONFIRMED,Mankind,Mankind,2,3,FALSE,1998,Eliminated (elim #2),2,FALSE,FALSE,N/A,FALSE,N/A,"32 Years, 7 Months, 11 Days",DERIVED,1.88,130,"Truth or Consequences, New Mexico",PROBABLE,Face,PROBABLE,Mankind,,,,N/A,N/A,N/A,N/A,N/A,N/A,FALSE,FALSE,7,CONFIRMED,goldust,,,2:07,127,PROBABLE,,1,terry-funk,1,0,FALSE,FALSE,FALSE,UNKNOWN,UNKNOWN,UNKNOWN,FALSE,FALSE,FALSE,FALSE,FALSE,FALSE,WWF,PROBABLE,TRUE,CONFIRMED,S024;S043;S050;S478;S474;S481;S642;S1209;S1700;S1785,"Mick Foley's 2nd of 3 personas in this match (with Cactus Jack and Dude Love) -- see F111. Entered 'a few spots later' than #2 (Chainsaw Charlie), no exact entry number stated.",CONFIRMED
RR1998M,marc-mero,RR1998M,13,CONFIRMED,Mark Mero,Mark Mero,1,2,FALSE,1997,Eliminated (elim #17),17,FALSE,FALSE,N/A,FALSE,N/A,"37 Years, 6 Months, 9 Days",DERIVED,1.85,107,"Buffalo, New York",PROBABLE,Heel,PROBABLE,,Sable,,,N/A,N/A,N/A,N/A,N/A,N/A,FALSE,FALSE,13,CONFIRMED,steve-austin,,,19:38,1178,PROBABLE,,0,,0,0,FALSE,FALSE,FALSE,UNKNOWN,UNKNOWN,UNKNOWN,FALSE,FALSE,FALSE,FALSE,FALSE,FALSE,WWF,PROBABLE,FALSE,CONFIRMED,S024;S043;S050;S474;S478;S481;S636;S1308;S1700;S1785,,CONFIRMED
RR1998M,mosh,RR1998M,5,CONFIRMED,Mosh,Mosh,0,1,TRUE,N/A,N/A,N/A,TRUE,FALSE,N/A,FALSE,N/A,"26 Years, 7 Months, 21 Days",DERIVED,1.83,111,"Camden, New Jersey",PROBABLE,Face,PROBABLE,,,The Headbangers (w/ Thrasher),Headbangers,N/A,N/A,N/A,N/A,N/A,N/A,FALSE,FALSE,3,CONFIRMED,kurrgan,,,13:09,789,PROBABLE,,0,,0,0,FALSE,FALSE,FALSE,UNKNOWN,UNKNOWN,UNKNOWN,FALSE,FALSE,FALSE,FALSE,FALSE,FALSE,WWF,PROBABLE,FALSE,CONFIRMED,S024;S043;S050;S478;S474;S481;S651;S1210;S1700;S1785,,CONFIRMED
RR1998M,kama,RR1998M,23,CONFIRMED,Kama Mustafa,Kama Mustafa,2,3,FALSE,1996,Eliminated (elim #28),28,FALSE,FALSE,N/A,FALSE,N/A,"36 Years, 8 Months, 2 Days",DERIVED,1.98,150,"Las Vegas, Nevada",PROBABLE,Heel,PROBABLE,Kama Mustafa,,,Nation of Domination,N/A,N/A,N/A,N/A,N/A,N/A,FALSE,FALSE,19,CONFIRMED,steve-austin,,,13:58,838,PROBABLE,,0,,0,0,FALSE,FALSE,FALSE,UNKNOWN,UNKNOWN,UNKNOWN,FALSE,FALSE,FALSE,FALSE,FALSE,FALSE,WWF,PROBABLE,FALSE,CONFIRMED,S024;S043;S050;S478;S474;S481;S622;S1308;S1700;S1785,,CONFIRMED
RR1998M,ken-shamrock,RR1998M,14,CONFIRMED,Ken Shamrock,Ken Shamrock,0,1,TRUE,N/A,N/A,N/A,TRUE,FALSE,N/A,FALSE,N/A,"33 Years, 11 Months, 7 Days",DERIVED,1.85,110,"Sacramento, California",PROBABLE,Face,PROBABLE,,,,,N/A,N/A,N/A,N/A,N/A,N/A,FALSE,FALSE,9,CONFIRMED,rocky-maivia,,,9:15,555,PROBABLE,,1,kurrgan,0,1,FALSE,FALSE,FALSE,UNKNOWN,UNKNOWN,UNKNOWN,FALSE,FALSE,FALSE,FALSE,TRUE,FALSE,WWF,PROBABLE,FALSE,CONFIRMED,S024;S043;S050;S474;S481;S652;S1211;S1700;S1785,Also wrestled earlier on the same card -- see other_matches.csv.,CONFIRMED
RR1998M,thrasher,RR1998M,15,CONFIRMED,Thrasher,Thrasher,0,1,TRUE,N/A,N/A,N/A,TRUE,FALSE,N/A,FALSE,N/A,"28 Years, 7 Months, 5 Days",DERIVED,1.85,111,"Camden, New Jersey",PROBABLE,Face,PROBABLE,,,The Headbangers (w/ Mosh),Headbangers,N/A,N/A,N/A,N/A,N/A,N/A,FALSE,FALSE,18,CONFIRMED,steve-austin,,,28:08,1688,PROBABLE,,0,,0,0,FALSE,FALSE,FALSE,UNKNOWN,UNKNOWN,UNKNOWN,FALSE,FALSE,FALSE,FALSE,FALSE,FALSE,WWF,PROBABLE,FALSE,CONFIRMED,S024;S043;S050;S478;S474;S481;S651;S1212;S1700;S1785,,CONFIRMED
RR1998M,savio-vega,RR1998M,26,CONFIRMED,Savio Vega,Savio Vega,2,3,FALSE,1997,Eliminated (elim #18),18,FALSE,FALSE,N/A,FALSE,N/A,"33 Years, 5 Months, 8 Days",DERIVED,1.80,118,Puerto Rico,PROBABLE,Heel,PROBABLE,,,,Los Boricuas,N/A,N/A,N/A,N/A,N/A,N/A,FALSE,FALSE,20,CONFIRMED,steve-austin,,,9:29,569,PROBABLE,,0,,0,0,FALSE,FALSE,FALSE,UNKNOWN,UNKNOWN,UNKNOWN,FALSE,FALSE,FALSE,FALSE,FALSE,FALSE,WWF,PROBABLE,FALSE,CONFIRMED,S024;S043;S050;S478;S474;S481;S627;S1213;S588;S1700;S1785,,CONFIRMED
RR1998M,steve-austin,RR1998M,24,CONFIRMED,Steve Austin,Steve Austin,2,3,FALSE,1997,Won,N/A,FALSE,FALSE,N/A,FALSE,N/A,"33 Years, 1 Months, 0 Days",DERIVED,1.88,114,"Victoria, Texas",PROBABLE,Face,PROBABLE,Stone Cold,,,,N/A,N/A,N/A,N/A,N/A,N/A,FALSE,FALSE,,N/A,,,,15:58,958,PROBABLE,,7,rocky-maivia;marc-mero;thrasher;savio-vega;eight-ball;kama;chainz,7,0,FALSE,TRUE,FALSE,TRUE,UNKNOWN,UNKNOWN,FALSE,FALSE,FALSE,FALSE,FALSE,FALSE,WWF,PROBABLE,FALSE,PROBABLE,S024;S043;S050;S478;S624;S1214;S1700;S1785,,
RR1999M,steve-austin,RR1999M,1,CONFIRMED,Steve Austin,Steve Austin,3,4,FALSE,1998,Won,N/A,FALSE,FALSE,N/A,FALSE,N/A,"34 Years, 1 Months, 6 Days",DERIVED,1.88,114,"Victoria, Texas",PROBABLE,Face,PROBABLE,Stone Cold,,,,N/A,N/A,N/A,N/A,N/A,N/A,FALSE,FALSE,29,CONFIRMED,vince-mcmahon,56:38,3398,56:38,3398,CONFIRMED,,8,big-boss-man;billy-gunn;chyna;golga;hunter-hearst-helmsley;ken-shamrock;owen-hart;test,8,0,FALSE,FALSE,TRUE,TRUE,TRUE,TRUE,FALSE,FALSE,FALSE,FALSE,FALSE,FALSE,WWF,PROBABLE,FALSE,CONFIRMED,S044;S045;S479;S624;S1214;S1700;S1786,"Officially credited with the full 56:38 match per S044; adjusted for his backstage-ambush absence, his actual active ring time was 25:55.",
RR1999M,vince-mcmahon,RR1999M,2,CONFIRMED,Vince McMahon,Vince McMahon,0,1,TRUE,N/A,N/A,N/A,TRUE,FALSE,N/A,FALSE,N/A,"53 Years, 5 Months, 0 Days",DERIVED,1.88,112,"Greenwich, Connecticut",PROBABLE,Heel,PROBABLE,Mr. McMahon,,,The Corporation,N/A,N/A,N/A,N/A,N/A,N/A,FALSE,FALSE,,N/A,,,,56:38,3398,CONFIRMED,,1,steve-austin,1,0,FALSE,TRUE,FALSE,TRUE,TRUE,TRUE,FALSE,FALSE,FALSE,FALSE,FALSE,FALSE,WWF,PROBABLE,FALSE,CONFIRMED,S044;S045;S479;S653;S1215;S1700;S1786,"Officially credited with the full 56:38 match per S044 (he entered #2 and was never eliminated); adjusted for his commentary-booth absence, his actual active ring time was 6:58.",
RR1999M,golga,RR1999M,3,CONFIRMED,Golga,Golga,0,1,TRUE,N/A,N/A,N/A,TRUE,FALSE,N/A,FALSE,N/A,"35 Years, 7 Months, 2 Days",DERIVED,2.01,212,"Vancouver, British Columbia, Canada",PROBABLE,Face,PROBABLE,,,The Oddities,The Oddities,N/A,N/A,N/A,N/A,N/A,N/A,FALSE,FALSE,1,CONFIRMED,steve-austin,2:18,138,0:14,14,CONFIRMED,,0,,0,0,FALSE,FALSE,FALSE,FALSE,FALSE,FALSE,FALSE,FALSE,FALSE,FALSE,FALSE,FALSE,WWF,PROBABLE,TRUE,CONFIRMED,S044;S045;S479;S654;S667;S1309;S1700;S1786,,
RR1999M,droz,RR1999M,4,CONFIRMED,Droz,Droz,0,1,TRUE,N/A,N/A,N/A,TRUE,FALSE,N/A,FALSE,N/A,"29 Years, 9 Months, 17 Days",DERIVED,1.96,127,"Mays Landing, New Jersey",PROBABLE,Face,PROBABLE,,,,,N/A,N/A,N/A,N/A,N/A,N/A,FALSE,FALSE,7,CONFIRMED,mabel,16:12,972,12:38,758,PROBABLE,,0,,0,0,FALSE,FALSE,FALSE,FALSE,FALSE,FALSE,FALSE,FALSE,FALSE,FALSE,FALSE,FALSE,WWF,PROBABLE,FALSE,CONFIRMED,S044;S045;S655;S667;S1309;S1700;S1786,"S044: camera cut away for 24s right as his entrance buzzer sounded; entrance/survival time is the midpoint estimate, margin of error ~12s.",
RR1999M,edge,RR1999M,5,CONFIRMED,Edge,Edge,0,1,TRUE,N/A,N/A,N/A,TRUE,FALSE,N/A,FALSE,N/A,"25 Years, 2 Months, 25 Days",DERIVED,1.96,109,"Toronto, Ontario, Canada",PROBABLE,Heel,PROBABLE,,,The Brood,The Brood,N/A,N/A,N/A,N/A,N/A,N/A,FALSE,FALSE,8,CONFIRMED,mabel,16:35,995,11:51,711,CONFIRMED,,1,gillberg,1,0,FALSE,FALSE,FALSE,FALSE,FALSE,FALSE,FALSE,FALSE,FALSE,FALSE,FALSE,FALSE,WWF,PROBABLE,FALSE,CONFIRMED,S044;S045;S479;S656;S1216;S1700;S1786,,
RR1999M,gillberg,RR1999M,6,CONFIRMED,Gillberg,Gillberg,0,1,TRUE,N/A,N/A,N/A,TRUE,FALSE,N/A,FALSE,N/A,"39 Years, 6 Months, 14 Days",DERIVED,1.83,103,"Atlanta, Georgia",PROBABLE,Face,PROBABLE,,,,The J.O.B. Squad,N/A,N/A,N/A,N/A,N/A,N/A,FALSE,FALSE,2,CONFIRMED,edge,6:51,411,0:07,7,CONFIRMED,,0,,0,0,FALSE,FALSE,FALSE,FALSE,FALSE,FALSE,FALSE,FALSE,FALSE,FALSE,FALSE,FALSE,WWF,PROBABLE,FALSE,CONFIRMED,S044;S045;S479;S657;S1217;S1700;S1786,,
RR1999M,steve-blackman,RR1999M,7,CONFIRMED,Steve Blackman,Steve Blackman,1,2,FALSE,1998,Eliminated (elim #4),4,FALSE,FALSE,N/A,FALSE,N/A,"35 Years, 3 Months, 27 Days",DERIVED,1.88,112,"Annville, Pennsylvania",PROBABLE,Heel,PROBABLE,,,,,N/A,N/A,N/A,N/A,N/A,N/A,FALSE,FALSE,4,CONFIRMED,mabel,15:43,943,7:21,441,CONFIRMED,,0,,0,0,FALSE,FALSE,FALSE,FALSE,FALSE,FALSE,FALSE,FALSE,FALSE,FALSE,FALSE,FALSE,WWF,PROBABLE,FALSE,CONFIRMED,S044;S045;S644;S1199;S1700;S1786,,
RR1999M,dan-severn,RR1999M,8,CONFIRMED,Dan Severn,Dan Severn,0,1,TRUE,N/A,N/A,N/A,TRUE,FALSE,N/A,FALSE,N/A,"40 Years, 7 Months, 16 Days",DERIVED,1.88,113,"Coldwater, Michigan",PROBABLE,Heel,PROBABLE,,,,,N/A,N/A,N/A,N/A,N/A,N/A,FALSE,FALSE,3,CONFIRMED,mabel,15:42,942,5:42,342,CONFIRMED,,0,,0,0,FALSE,FALSE,FALSE,FALSE,FALSE,FALSE,FALSE,FALSE,FALSE,TRUE,FALSE,FALSE,WWF,PROBABLE,FALSE,CONFIRMED,S044;S045;S658;S1218;S1700;S1786,,
RR1999M,tiger-ali-singh,RR1999M,9,CONFIRMED,Tiger Ali Singh,Tiger Ali Singh,0,1,TRUE,N/A,N/A,N/A,TRUE,FALSE,N/A,FALSE,N/A,"27 Years, 10 Months, 15 Days",DERIVED,1.96,125,"Punjab, India",PROBABLE,Heel,PROBABLE,,Babu,,,N/A,N/A,N/A,N/A,N/A,N/A,FALSE,FALSE,5,CONFIRMED,mabel,15:49,949,4:06,246,PROBABLE,,0,,0,0,FALSE,FALSE,FALSE,FALSE,FALSE,FALSE,FALSE,FALSE,FALSE,FALSE,FALSE,FALSE,WWF,PROBABLE,FALSE,CONFIRMED,S044;S045;S475;S479;S659;S1219;S1700;S1786,"S044: camera cut away for 33s during his entrance; entrance/survival time is the midpoint estimate, margin of error ~17s.",
RR1999M,blue-meanie,RR1999M,10,CONFIRMED,Blue Meanie,Blue Meanie,0,1,TRUE,N/A,N/A,N/A,TRUE,FALSE,N/A,FALSE,N/A,"25 Years, 8 Months, 6 Days",DERIVED,1.83,159,Pepperland,PROBABLE,Face,PROBABLE,,,,The J.O.B. Squad,N/A,N/A,N/A,N/A,N/A,N/A,FALSE,FALSE,6,CONFIRMED,mabel,16:10,970,3:00,180,CONFIRMED,,0,,0,0,FALSE,FALSE,FALSE,FALSE,FALSE,FALSE,FALSE,FALSE,FALSE,FALSE,FALSE,FALSE,WWF,PROBABLE,FALSE,CONFIRMED,S044;S045;S479;S660;S667;S1309;S1700;S1786,,
RR1999M,mabel,RR1999M,11,CONFIRMED,Mabel,Mabel,3,4,FALSE,1996,Eliminated (elim #3),3,FALSE,FALSE,N/A,FALSE,N/A,"27 Years, 11 Months, 10 Days",DERIVED,2.06,221,"Harlem, New York",PROBABLE,Heel,PROBABLE,Mabel,,,,N/A,N/A,N/A,N/A,N/A,N/A,FALSE,FALSE,9,CONFIRMED,phineas-godwinn;bradshaw;faarooq,16:52,1012,1:18,78,PROBABLE,,6,blue-meanie;dan-severn;droz;edge;steve-blackman;tiger-ali-singh,6,0,FALSE,FALSE,FALSE,FALSE,FALSE,FALSE,FALSE,FALSE,FALSE,FALSE,FALSE,FALSE,WWF,PROBABLE,FALSE,CONFIRMED,S044;S045;S479;S024;S029;S035;S470;S466;S481;S589;S591;S1309;S1700;S1786,"S044: the arena lights went out for 22s during his abduction by The Undertaker; elimination time is the midpoint estimate, margin of error ~11s -- see F121.",
RR1999M,jesse-james,RR1999M,12,CONFIRMED,Road Dogg,Road Dogg,1,2,FALSE,1997,Eliminated (elim #19),19,FALSE,FALSE,N/A,FALSE,N/A,"29 Years, 8 Months, 4 Days",DERIVED,1.85,109,"Marietta, Georgia",PROBABLE,Face,PROBABLE,Road Dogg,,The New Age Outlaws (w/ Billy Gunn),D-Generation X,WWF Hardcore Championship,Other,N/A,1,1998-12-15,40,FALSE,FALSE,12,CONFIRMED,kane,26:54,1614,10:41,641,CONFIRMED,,2,al-snow;gangrel,2,0,FALSE,FALSE,FALSE,FALSE,FALSE,FALSE,FALSE,FALSE,FALSE,FALSE,TRUE,FALSE,WWF,PROBABLE,FALSE,CONFIRMED,S044;S045;S479;S475;S639;S1220;S1700;S1786,Billed as 'Road Dog Jesse James' in this era; also lost the opening match to Big Boss Man earlier the same night -- see other_matches.csv.,
RR1999M,gangrel,RR1999M,13,CONFIRMED,Gangrel,Gangrel,0,1,TRUE,N/A,N/A,N/A,TRUE,FALSE,N/A,FALSE,N/A,"29 Years, 11 Months, 8 Days",DERIVED,1.88,113,"Santa Cruz, California",PROBABLE,Heel,PROBABLE,,,The Brood,The Brood,N/A,N/A,N/A,N/A,N/A,N/A,FALSE,FALSE,10,CONFIRMED,jesse-james,19:19,1159,0:26,26,CONFIRMED,,0,,0,0,FALSE,FALSE,FALSE,FALSE,FALSE,FALSE,FALSE,FALSE,FALSE,FALSE,TRUE,FALSE,WWF,PROBABLE,FALSE,CONFIRMED,S044;S045;S479;S661;S1221;S1700;S1786,,
RR1999M,kurrgan,RR1999M,14,CONFIRMED,Kurrgan,Kurrgan,1,2,FALSE,1998,Eliminated (elim #5),5,FALSE,FALSE,N/A,FALSE,N/A,"29 Years, 2 Months, 29 Days",DERIVED,2.13,159,Parts Unknown,PROBABLE,Face,PROBABLE,,,The Oddities,The Oddities,N/A,N/A,N/A,N/A,N/A,N/A,FALSE,FALSE,13,CONFIRMED,kane,26:56,1616,6:54,414,CONFIRMED,,0,,0,0,FALSE,FALSE,FALSE,FALSE,FALSE,FALSE,FALSE,FALSE,FALSE,FALSE,FALSE,FALSE,WWF,PROBABLE,FALSE,CONFIRMED,S044;S045;S479;S650;S667;S1309;S1700;S1786,,
RR1999M,al-snow,RR1999M,15,CONFIRMED,Al Snow,Al Snow,0,1,TRUE,N/A,N/A,N/A,TRUE,FALSE,N/A,FALSE,N/A,"35 Years, 6 Months, 6 Days",DERIVED,1.85,107,"Lima, Ohio",PROBABLE,Face,PROBABLE,,,,The J.O.B. Squad,N/A,N/A,N/A,N/A,N/A,N/A,FALSE,FALSE,11,CONFIRMED,jesse-james,22:19,1339,0:47,47,CONFIRMED,,0,,0,0,FALSE,FALSE,FALSE,FALSE,FALSE,FALSE,FALSE,FALSE,FALSE,FALSE,FALSE,FALSE,WWF,PROBABLE,FALSE,CONFIRMED,S044;S045;S479;S662;S1222;S1700;S1786,,
RR1999M,goldust,RR1999M,16,CONFIRMED,Goldust,Goldust,2,3,FALSE,1998,Eliminated (elim #23),23,FALSE,FALSE,N/A,FALSE,N/A,"29 Years, 9 Months, 13 Days",DERIVED,1.98,105,"Hollywood, California",PROBABLE,Face,PROBABLE,,,,,N/A,N/A,N/A,N/A,N/A,N/A,FALSE,FALSE,15,CONFIRMED,kane,27:09,1629,4:02,242,CONFIRMED,,0,,0,0,FALSE,FALSE,FALSE,FALSE,FALSE,FALSE,FALSE,FALSE,FALSE,FALSE,FALSE,FALSE,WWF,PROBABLE,FALSE,CONFIRMED,S044;S045;S634;S1309;S1700;S1786,,
RR1999M,the-godfather,RR1999M,17,CONFIRMED,Godfather,Godfather,0,1,TRUE,N/A,N/A,N/A,TRUE,FALSE,N/A,FALSE,N/A,"37 Years, 8 Months, 8 Days",DERIVED,1.98,150,"Las Vegas, Nevada",PROBABLE,Face,PROBABLE,The Godfather,,,,N/A,N/A,N/A,N/A,N/A,N/A,FALSE,FALSE,14,CONFIRMED,kane,27:01,1621,1:39,99,CONFIRMED,,0,,0,0,FALSE,FALSE,FALSE,FALSE,FALSE,FALSE,FALSE,FALSE,FALSE,FALSE,FALSE,FALSE,WWF,PROBABLE,FALSE,CONFIRMED,S044;S045;S479;S622;S1309;S1700;S1786,,
RR1999M,kane,RR1999M,18,CONFIRMED,Kane,Kane,2,3,FALSE,1997,Eliminated (elim #28),28,FALSE,FALSE,N/A,FALSE,N/A,"31 Years, 8 Months, 29 Days",DERIVED,2.13,147,Parts Unknown,PROBABLE,Face,PROBABLE,,,,The Corporation,N/A,N/A,N/A,N/A,N/A,N/A,FALSE,FALSE,16,CONFIRMED,kane,27:41,1661,0:53,53,CONFIRMED,,4,goldust;jesse-james;kurrgan;the-godfather,4,0,TRUE,FALSE,FALSE,FALSE,FALSE,FALSE,FALSE,FALSE,FALSE,FALSE,FALSE,FALSE,WWF,PROBABLE,TRUE,CONFIRMED,S044;S045;S479;S628;S1223;S1700;S1786,,
RR1999M,ken-shamrock,RR1999M,19,CONFIRMED,Ken Shamrock,Ken Shamrock,1,2,FALSE,1998,Eliminated (elim #9),9,FALSE,FALSE,N/A,FALSE,N/A,"34 Years, 11 Months, 13 Days",DERIVED,1.85,110,"Sacramento, California",PROBABLE,Heel,PROBABLE,,,,The Corporation,WWF Intercontinental Championship,Intercontinental,N/A,1,1998-10-12,104,TRUE,FALSE,17,CONFIRMED,steve-austin,33:31,2011,4:52,292,PROBABLE,,0,,0,0,FALSE,FALSE,FALSE,FALSE,FALSE,FALSE,FALSE,FALSE,FALSE,FALSE,TRUE,FALSE,WWF,PROBABLE,FALSE,CONFIRMED,S044;S045;S479;S475;S652;S1211;S1700;S1786,"S044: camera cut away for 13s during his entrance; entrance/survival time is the midpoint estimate, margin of error ~7s.",
RR1999M,billy-gunn,RR1999M,20,CONFIRMED,Billy Gunn,Billy Gunn,2,3,FALSE,1995,Eliminated (elim #20),20,FALSE,FALSE,N/A,FALSE,N/A,"35 Years, 2 Months, 23 Days",DERIVED,1.96,118,"Austin, Texas",PROBABLE,Face,PROBABLE,,,The New Age Outlaws (w/ Road Dogg),D-Generation X,N/A,N/A,N/A,N/A,N/A,N/A,FALSE,FALSE,18,CONFIRMED,steve-austin,37:03,2223,7:08,428,CONFIRMED,,0,,0,0,FALSE,FALSE,FALSE,FALSE,FALSE,FALSE,FALSE,FALSE,FALSE,FALSE,TRUE,FALSE,WWF,PROBABLE,FALSE,CONFIRMED,S044;S045;S479;S024;S029;S035;S470;S466;S481;S593;S595;S1224;S1700;S1786,,
RR1999M,test,RR1999M,21,CONFIRMED,Test,Test,0,1,TRUE,N/A,N/A,N/A,TRUE,FALSE,N/A,FALSE,N/A,"23 Years, 10 Months, 7 Days",DERIVED,1.98,129,"Toronto, Ontario, Canada",PROBABLE,Heel,PROBABLE,,,,The Corporation,N/A,N/A,N/A,N/A,N/A,N/A,FALSE,FALSE,19,CONFIRMED,steve-austin,43:25,2605,11:49,709,CONFIRMED,,0,,0,0,FALSE,FALSE,FALSE,FALSE,FALSE,FALSE,FALSE,FALSE,FALSE,FALSE,FALSE,FALSE,WWF,PROBABLE,FALSE,CONFIRMED,S044;S045;S479;S663;S1225;S1700;S1786,,
RR1999M,big-boss-man,RR1999M,22,CONFIRMED,Big Boss Man,Big Boss Man,2,3,FALSE,1992,Eliminated (elim #13),13,FALSE,FALSE,N/A,FALSE,N/A,"35 Years, 8 Months, 22 Days",DERIVED,1.98,150,"Cobb County, Georgia",PROBABLE,Heel,PROBABLE,,,,The Corporation,N/A,N/A,N/A,N/A,N/A,N/A,FALSE,FALSE,28,CONFIRMED,steve-austin,52:25,3145,18:55,1135,CONFIRMED,,2,1-2-3-kid;d-lo-brown,2,0,FALSE,FALSE,FALSE,FALSE,TRUE,TRUE,FALSE,FALSE,FALSE,FALSE,TRUE,FALSE,WWF,PROBABLE,FALSE,CONFIRMED,S044;S045;S479;S664;S1226;S1700;S1786,,
RR1999M,hunter-hearst-helmsley,RR1999M,23,CONFIRMED,Triple H,Triple H,2,3,FALSE,1997,Eliminated (elim #12),12,FALSE,FALSE,N/A,FALSE,N/A,"29 Years, 5 Months, 28 Days",DERIVED,1.93,120,"Greenwich, Connecticut",PROBABLE,Face,PROBABLE,,,,D-Generation X,N/A,N/A,N/A,N/A,N/A,N/A,FALSE,FALSE,25,CONFIRMED,steve-austin,49:00,2940,14:21,861,CONFIRMED,,2,jeff-jarrett;val-venis,2,0,FALSE,FALSE,FALSE,FALSE,FALSE,FALSE,FALSE,FALSE,FALSE,FALSE,FALSE,FALSE,WWF,PROBABLE,FALSE,CONFIRMED,S044;S045;S479;S619;S1227;S1700;S1786,,
RR1999M,val-venis,RR1999M,24,CONFIRMED,Val Venis,Val Venis,0,1,TRUE,N/A,N/A,N/A,TRUE,FALSE,N/A,FALSE,N/A,"27 Years, 10 Months, 18 Days",DERIVED,1.91,111,"Las Vegas, Nevada",PROBABLE,Tweener,PROBABLE,,,,,N/A,N/A,N/A,N/A,N/A,N/A,FALSE,FALSE,24,CONFIRMED,hunter-hearst-helmsley,48:50,2930,12:42,762,CONFIRMED,,0,,0,0,FALSE,FALSE,FALSE,FALSE,FALSE,FALSE,FALSE,FALSE,FALSE,FALSE,FALSE,FALSE,WWF,PROBABLE,FALSE,CONFIRMED,S044;S045;S665;S1228;S1700;S1786,,
RR1999M,1-2-3-kid,RR1999M,25,CONFIRMED,X-Pac,X-Pac,1,2,FALSE,1996,Eliminated (elim #13),13,FALSE,FALSE,N/A,FALSE,N/A,"26 Years, 6 Months, 11 Days",DERIVED,1.85,96,"Minneapolis, Minnesota",PROBABLE,Face,PROBABLE,X-Pac,,,D-Generation X,WWF European Championship,Other,N/A,2,1998-10-18,98,FALSE,FALSE,20,CONFIRMED,big-boss-man,43:34,2614,5:44,344,CONFIRMED,,0,,0,0,FALSE,FALSE,FALSE,FALSE,FALSE,FALSE,FALSE,FALSE,FALSE,FALSE,TRUE,FALSE,WWF,PROBABLE,FALSE,CONFIRMED,S044;S045;S479;S475;S615;S1229;S1700;S1786,See F118 -- possible but unverified identity connection to this database's 1996 wrestler_id 1-2-3-kid.,
RR1999M,mark-henry,RR1999M,26,CONFIRMED,Mark Henry,Mark Henry,1,2,FALSE,1998,Eliminated (elim #25),25,FALSE,FALSE,N/A,FALSE,N/A,"27 Years, 7 Months, 12 Days",DERIVED,1.93,163,"Silsbee, Texas",PROBABLE,Heel,PROBABLE,Sexual Chocolate,,,,N/A,N/A,N/A,N/A,N/A,N/A,FALSE,FALSE,22,CONFIRMED,chyna,47:31,2851,7:57,477,CONFIRMED,,0,,0,0,FALSE,FALSE,FALSE,FALSE,FALSE,FALSE,FALSE,FALSE,FALSE,FALSE,FALSE,FALSE,WWF,PROBABLE,FALSE,CONFIRMED,S044;S045;S649;S1205;S1700;S1786,,
RR1999M,jeff-jarrett,RR1999M,27,CONFIRMED,Jeff Jarrett,Jeff Jarrett,2,3,FALSE,1998,Eliminated (elim #8),8,FALSE,FALSE,N/A,FALSE,N/A,"31 Years, 6 Months, 10 Days",DERIVED,1.83,104,"Nashville, Tennessee",PROBABLE,Heel,PROBABLE,,Debra,Jeff Jarrett & Owen Hart,,N/A,N/A,N/A,N/A,N/A,N/A,FALSE,FALSE,21,CONFIRMED,steve-austin,44:59,2699,3:38,218,CONFIRMED,,0,,0,0,FALSE,FALSE,FALSE,FALSE,FALSE,FALSE,FALSE,FALSE,FALSE,FALSE,FALSE,FALSE,WWF,PROBABLE,FALSE,CONFIRMED,S044;S045;S479;S475;S024;S029;S035;S470;S466;S481;S587;S1206;S1700;S1786,,
RR1999M,d-lo-brown,RR1999M,28,CONFIRMED,D-Lo Brown,D-Lo Brown,1,2,FALSE,1998,Eliminated (elim #16),16,FALSE,FALSE,N/A,FALSE,N/A,"25 Years, 3 Months, 2 Days",DERIVED,1.91,122,"Chicago, Illinois",PROBABLE,Face,PROBABLE,,,,,N/A,N/A,N/A,N/A,N/A,N/A,FALSE,FALSE,27,CONFIRMED,big-boss-man,52:16,3136,9:11,551,CONFIRMED,,0,,0,0,FALSE,FALSE,FALSE,FALSE,FALSE,TRUE,FALSE,FALSE,FALSE,FALSE,FALSE,FALSE,WWF,PROBABLE,FALSE,CONFIRMED,S044;S045;S647;S1201;S1700;S1786,,
RR1999M,owen-hart,RR1999M,29,CONFIRMED,Owen Hart,Owen Hart,6,7,FALSE,1998,Eliminated (elim #10),10,FALSE,FALSE,N/A,FALSE,N/A,"33 Years, 8 Months, 17 Days",DERIVED,1.78,103,"Calgary, Alberta, Canada",PROBABLE,Heel,PROBABLE,,Debra,Jeff Jarrett & Owen Hart,,N/A,N/A,N/A,N/A,N/A,N/A,FALSE,FALSE,26,CONFIRMED,steve-austin,51:45,3105,6:32,392,CONFIRMED,,0,,0,0,FALSE,FALSE,FALSE,FALSE,FALSE,FALSE,FALSE,FALSE,FALSE,FALSE,FALSE,FALSE,WWF,PROBABLE,FALSE,CONFIRMED,S044;S045;S479;S475;S024;S029;S035;S466;S481;S577;S1204;S1700;S1786,,
RR1999M,chyna,RR1999M,30,CONFIRMED,Chyna,Chyna,0,1,TRUE,N/A,N/A,N/A,TRUE,FALSE,N/A,FALSE,N/A,"29 Years, 0 Months, 28 Days",DERIVED,1.78,82,"Londonderry, New Hampshire",PROBABLE,Face,PROBABLE,,,,D-Generation X,N/A,N/A,N/A,N/A,N/A,N/A,FALSE,FALSE,23,CONFIRMED,steve-austin,47:41,2861,0:35,35,CONFIRMED,,1,mark-henry,1,0,FALSE,FALSE,FALSE,FALSE,FALSE,FALSE,FALSE,FALSE,FALSE,FALSE,FALSE,FALSE,WWF,PROBABLE,FALSE,CONFIRMED,S044;S045;S479;S666;S1230;S1700;S1786,"Final (#30) entrant. First woman to accumulate survival time in a Royal Rumble match, per S044.",
RR2000M,d-lo-brown,RR2000M,1,CONFIRMED,D'Lo Brown,D'Lo Brown,2,3,FALSE,1999,Eliminated (elim #27),27,FALSE,FALSE,N/A,FALSE,N/A,"26 Years, 3 Months, 1 Days",DERIVED,1.91,122,"Chicago, Illinois",PROBABLE,Face,PROBABLE,,,,,N/A,N/A,N/A,N/A,N/A,N/A,FALSE,FALSE,3,CONFIRMED,rikishi,6:08,368,6:08,368,PROBABLE,,0,,0,0,FALSE,FALSE,FALSE,UNKNOWN,UNKNOWN,UNKNOWN,FALSE,FALSE,FALSE,FALSE,FALSE,FALSE,WWF,PROBABLE,FALSE,CONFIRMED,S024;S046;S050;S058;S476;S481;S044;S045;S647;S024;S046;S050;S058;S476;S481;S044;S045;S647;S024;S046;S050;S058;S476;S481;S044;S045;S647;S024;S046;S050;S058;S476;S481;S044;S045;S647;S024;S046;S050;S058;S476;S481;S044;S045;S647;S024;S046;S050;S058;S476;S481;S044;S045;S647;S024;S046;S050;S058;S476;S481;S044;S045;S647;S024;S046;S050;S058;S476;S481;S044;S045;S647;S1201;S1700;S1787;S1757,,CONFIRMED
RR2000M,brian-christopher,RR2000M,2,CONFIRMED,Brian Christopher,Brian Christopher,0,1,TRUE,N/A,N/A,N/A,TRUE,FALSE,N/A,FALSE,N/A,"28 Years, 0 Months, 13 Days",DERIVED,1.78,97,"Memphis, Tennessee",PROBABLE,Face,PROBABLE,,,Too Cool,,N/A,N/A,N/A,N/A,N/A,N/A,FALSE,FALSE,4,CONFIRMED,rikishi,7:42,462,7:42,462,PROBABLE,,0,,0,0,FALSE,FALSE,FALSE,UNKNOWN,UNKNOWN,UNKNOWN,FALSE,FALSE,FALSE,FALSE,FALSE,FALSE,WWF,PROBABLE,FALSE,CONFIRMED,S024;S046;S050;S058;S480;S476;S481;S668;S1231;S1700;S1787;S1757,Wrestled as 'Grandmaster Sexay' this event.,CONFIRMED
RR2000M,mosh,RR2000M,3,CONFIRMED,Headbanger Mosh,Headbanger Mosh,1,2,FALSE,1998,Eliminated (elim #3),3,FALSE,FALSE,N/A,FALSE,N/A,"28 Years, 7 Months, 26 Days",DERIVED,1.83,111,"Camden, New Jersey",PROBABLE,Heel,PROBABLE,,,The Headbangers,,N/A,N/A,N/A,N/A,N/A,N/A,FALSE,FALSE,1,CONFIRMED,rikishi,3:49,229,2:08,128,PROBABLE,,0,,0,0,FALSE,FALSE,FALSE,UNKNOWN,UNKNOWN,UNKNOWN,FALSE,FALSE,FALSE,FALSE,FALSE,FALSE,WWF,PROBABLE,FALSE,CONFIRMED,S024;S046;S050;S058;S480;S476;S481;S024;S043;S050;S478;S474;S481;S651;S024;S046;S050;S058;S480;S476;S481;S024;S043;S050;S478;S474;S481;S651;S024;S046;S050;S058;S480;S476;S481;S024;S043;S050;S478;S474;S481;S651;S024;S046;S050;S058;S480;S476;S481;S024;S043;S050;S478;S474;S481;S651;S024;S046;S050;S058;S480;S476;S481;S024;S043;S050;S478;S474;S481;S651;S024;S046;S050;S058;S480;S476;S481;S024;S043;S050;S478;S474;S481;S651;S024;S046;S050;S058;S480;S476;S481;S024;S043;S050;S478;S474;S481;S651;S024;S046;S050;S058;S480;S476;S481;S024;S043;S050;S478;S474;S481;S651;S1210;S1700;S1787;S1757,,CONFIRMED
RR2000M,christian,RR2000M,4,CONFIRMED,Christian,Christian,0,1,TRUE,N/A,N/A,N/A,TRUE,FALSE,N/A,FALSE,N/A,"26 Years, 1 Months, 24 Days",DERIVED,1.85,103,"Toronto, Ontario, Canada",PROBABLE,Face,PROBABLE,,,,,N/A,N/A,N/A,N/A,N/A,N/A,FALSE,FALSE,2,CONFIRMED,rikishi,7:01,421,3:37,217,PROBABLE,,0,,0,0,FALSE,FALSE,FALSE,UNKNOWN,UNKNOWN,UNKNOWN,FALSE,FALSE,FALSE,FALSE,FALSE,FALSE,WWF,PROBABLE,FALSE,CONFIRMED,S024;S046;S050;S058;S476;S481;S669;S1232;S1700;S1787;S1757,,CONFIRMED
RR2000M,rikishi,RR2000M,5,CONFIRMED,Rikishi,Rikishi,5,6,FALSE,1997,Eliminated (elim #7),7,FALSE,FALSE,N/A,FALSE,N/A,"34 Years, 3 Months, 12 Days",DERIVED,1.85,193,The Isle of Samoa,PROBABLE,Face,PROBABLE,,,Too Cool,,N/A,N/A,N/A,N/A,N/A,N/A,FALSE,FALSE,8,CONFIRMED,big-boss-man;bob-backlund;edge;gangrel;test;british-bulldog,21:28,1288,16:23,983,PROBABLE,,7,brian-christopher;christian;d-lo-brown;mabel;mosh;scott-taylor;steve-blackman,7,0,FALSE,FALSE,FALSE,UNKNOWN,UNKNOWN,UNKNOWN,FALSE,FALSE,FALSE,FALSE,FALSE,FALSE,WWF,PROBABLE,FALSE,CONFIRMED,S024;S046;S050;S058;S480;S476;S481;S670;S1233;S1700;S1787;S1757,"Eliminated 7 opponents altogether (CONFIRMED count, individuals unnamed -- see F125); eliminated by an unnamed ~8-man gang-up halfway through the match.",CONFIRMED
RR2000M,test,RR2000M,10,CONFIRMED,Test,Test,1,2,FALSE,1999,Eliminated (elim #19),19,FALSE,FALSE,N/A,FALSE,N/A,"24 Years, 10 Months, 6 Days",DERIVED,1.98,129,"Toronto, Ontario, Canada",PROBABLE,Face,PROBABLE,,,,,N/A,N/A,N/A,N/A,N/A,N/A,FALSE,FALSE,17,CONFIRMED,big-show,40:46,2446,26:17,1577,PROBABLE,,1,rikishi,0,1,FALSE,FALSE,FALSE,UNKNOWN,UNKNOWN,UNKNOWN,FALSE,FALSE,FALSE,FALSE,FALSE,FALSE,WWF,PROBABLE,FALSE,CONFIRMED,S024;S046;S050;S058;S476;S481;S044;S045;S479;S663;S067;S044;S045;S479;S663;S067;S044;S045;S479;S663;S067;S044;S045;S479;S663;S067;S044;S045;S479;S663;S067;S044;S045;S479;S663;S067;S044;S045;S479;S663;S067;S044;S045;S479;S663;S1225;S1700;S1787;S1757,,CONFIRMED
RR2000M,big-boss-man,RR2000M,9,CONFIRMED,Big Boss Man,Big Boss Man,3,4,FALSE,1999,Eliminated (elim #28),28,FALSE,FALSE,N/A,FALSE,N/A,"36 Years, 8 Months, 21 Days",DERIVED,1.98,150,"Cobb County, Georgia",PROBABLE,Heel,PROBABLE,,,Big Boss Man & Prince Albert,,N/A,N/A,N/A,N/A,N/A,N/A,FALSE,FALSE,15,CONFIRMED,rocky-maivia,37:12,2232,22:47,1367,PROBABLE,,3,chyna;faarooq;rikishi,2,1,FALSE,FALSE,FALSE,UNKNOWN,UNKNOWN,UNKNOWN,FALSE,FALSE,FALSE,FALSE,FALSE,FALSE,WWF,PROBABLE,FALSE,CONFIRMED,S024;S046;S050;S058;S480;S476;S481;S044;S045;S479;S664;S040;S049;S050;S481;S044;S045;S479;S664;S040;S049;S050;S481;S044;S045;S479;S664;S040;S049;S050;S481;S044;S045;S479;S664;S040;S049;S050;S481;S044;S045;S479;S664;S040;S049;S050;S481;S044;S045;S479;S664;S040;S049;S050;S481;S044;S045;S479;S664;S040;S049;S050;S481;S044;S045;S479;S664;S1226;S1700;S1787;S1757,,CONFIRMED
RR2000M,edge,RR2000M,13,CONFIRMED,Edge,Edge,1,2,FALSE,1999,Eliminated (elim #8),8,FALSE,FALSE,N/A,FALSE,N/A,"26 Years, 2 Months, 24 Days",DERIVED,1.96,109,"Toronto, Ontario, Canada",PROBABLE,Face,PROBABLE,,,,,N/A,N/A,N/A,N/A,N/A,N/A,FALSE,FALSE,14,CONFIRMED,al-snow;val-venis,33:56,2036,14:48,888,PROBABLE,,1,rikishi,0,1,FALSE,FALSE,FALSE,UNKNOWN,UNKNOWN,UNKNOWN,FALSE,FALSE,FALSE,FALSE,FALSE,FALSE,WWF,PROBABLE,FALSE,CONFIRMED,S024;S046;S050;S058;S476;S481;S044;S045;S479;S656;S068;S069;S436;S044;S045;S479;S656;S068;S069;S436;S044;S045;S479;S656;S068;S069;S436;S044;S045;S479;S656;S068;S069;S436;S044;S045;S479;S656;S068;S069;S436;S044;S045;S479;S656;S068;S069;S436;S044;S045;S479;S656;S068;S069;S436;S044;S045;S479;S656;S1216;S1700;S1787;S1757,,CONFIRMED
RR2000M,gangrel,RR2000M,12,CONFIRMED,Gangrel,Gangrel,1,2,FALSE,1999,Eliminated (elim #10),10,FALSE,FALSE,N/A,FALSE,N/A,"30 Years, 11 Months, 7 Days",DERIVED,1.88,113,"Santa Cruz, California",PROBABLE,Heel,PROBABLE,,,,,N/A,N/A,N/A,N/A,N/A,N/A,FALSE,FALSE,18,CONFIRMED,big-show,40:51,2451,23:19,1399,PROBABLE,,1,rikishi,0,1,FALSE,FALSE,FALSE,UNKNOWN,UNKNOWN,UNKNOWN,FALSE,FALSE,FALSE,FALSE,FALSE,FALSE,WWF,PROBABLE,FALSE,CONFIRMED,S024;S046;S050;S058;S476;S481;S044;S045;S479;S661;S024;S046;S050;S058;S476;S481;S044;S045;S479;S661;S024;S046;S050;S058;S476;S481;S044;S045;S479;S661;S024;S046;S050;S058;S476;S481;S044;S045;S479;S661;S024;S046;S050;S058;S476;S481;S044;S045;S479;S661;S024;S046;S050;S058;S476;S481;S044;S045;S479;S661;S024;S046;S050;S058;S476;S481;S044;S045;S479;S661;S024;S046;S050;S058;S476;S481;S044;S045;S479;S661;S1221;S1700;S1787;S1757,,CONFIRMED
RR2000M,british-bulldog,RR2000M,11,CONFIRMED,The British Bulldog,The British Bulldog,5,6,FALSE,1997,Eliminated (elim #8),8,FALSE,FALSE,N/A,FALSE,N/A,"37 Years, 1 Months, 27 Days",DERIVED,1.80,118,"Leeds, England",PROBABLE,Heel,PROBABLE,,,,,N/A,N/A,N/A,N/A,N/A,N/A,FALSE,FALSE,13,CONFIRMED,jesse-james,30:53,1853,15:22,922,PROBABLE,,1,rikishi,0,1,FALSE,FALSE,FALSE,UNKNOWN,UNKNOWN,UNKNOWN,FALSE,FALSE,FALSE,FALSE,FALSE,FALSE,WWF,PROBABLE,FALSE,CONFIRMED,S024;S046;S050;S058;S476;S481;S033;S034;S020;S021;S018;S019;S022;S024;S123;S124;S131;S544;S024;S046;S050;S058;S476;S481;S033;S034;S020;S021;S018;S019;S022;S024;S123;S124;S131;S544;S024;S046;S050;S058;S476;S481;S033;S034;S020;S021;S018;S019;S022;S024;S123;S124;S131;S544;S024;S046;S050;S058;S476;S481;S033;S034;S020;S021;S018;S019;S022;S024;S123;S124;S131;S544;S024;S046;S050;S058;S476;S481;S033;S034;S020;S021;S018;S019;S022;S024;S123;S124;S131;S544;S024;S046;S050;S058;S476;S481;S033;S034;S020;S021;S018;S019;S022;S024;S123;S124;S131;S544;S024;S046;S050;S058;S476;S481;S033;S034;S020;S021;S018;S019;S022;S024;S123;S124;S131;S544;S024;S046;S050;S058;S476;S481;S033;S034;S020;S021;S018;S019;S022;S024;S123;S124;S131;S544;S1310;S1700;S1787;S1757,,CONFIRMED
RR2000M,bob-backlund,RR2000M,14,CONFIRMED,Bob Backlund,Bob Backlund,4,5,FALSE,1996,Eliminated (elim #1),1,FALSE,FALSE,N/A,TRUE,UNKNOWN,"50 Years, 5 Months, 9 Days",DERIVED,1.85,106,"Princeton, Minnesota",PROBABLE,Heel,PROBABLE,,,,,N/A,N/A,N/A,N/A,N/A,N/A,FALSE,FALSE,9,CONFIRMED,chris-jericho,23:05,1385,2:00,120,PROBABLE,,1,rikishi,0,1,FALSE,FALSE,FALSE,UNKNOWN,UNKNOWN,UNKNOWN,FALSE,TRUE,FALSE,FALSE,FALSE,FALSE,WWF,PROBABLE,FALSE,CONFIRMED,S024;S046;S050;S058;S476;S481;S032;S035;S024;S029;S466;S481;S564;S024;S046;S050;S058;S476;S481;S032;S035;S024;S029;S466;S481;S564;S024;S046;S050;S058;S476;S481;S032;S035;S024;S029;S466;S481;S564;S024;S046;S050;S058;S476;S481;S032;S035;S024;S029;S466;S481;S564;S024;S046;S050;S058;S476;S481;S032;S035;S024;S029;S466;S481;S564;S024;S046;S050;S058;S476;S481;S032;S035;S024;S029;S466;S481;S564;S024;S046;S050;S058;S476;S481;S032;S035;S024;S029;S466;S481;S564;S024;S046;S050;S058;S476;S481;S032;S035;S024;S029;S466;S481;S564;S1234;S1700;S1725;S1787;S1757,,CONFIRMED
RR2000M,scott-taylor,RR2000M,6,CONFIRMED,Scott Taylor,Scott Taylor,0,1,TRUE,N/A,N/A,N/A,TRUE,FALSE,N/A,FALSE,N/A,,UNKNOWN,1.75,95,"Westbrook, Maine",PROBABLE,Face,PROBABLE,Scotty 2 Hotty,,Too Cool,,N/A,N/A,N/A,N/A,N/A,N/A,FALSE,FALSE,5,CONFIRMED,rikishi,7:43,463,1:02,62,PROBABLE,,0,,0,0,FALSE,FALSE,FALSE,UNKNOWN,UNKNOWN,UNKNOWN,FALSE,FALSE,FALSE,FALSE,FALSE,FALSE,WWF,PROBABLE,FALSE,CONFIRMED,S024;S046;S050;S058;S480;S476;S481;S729;S1310;S1700;S1787;S1757,,CONFIRMED
RR2000M,steve-blackman,RR2000M,7,CONFIRMED,Steve Blackman,Steve Blackman,2,3,FALSE,1999,Eliminated (elim #4),4,FALSE,FALSE,N/A,FALSE,N/A,"36 Years, 3 Months, 26 Days",DERIVED,1.88,112,"Annville, Pennsylvania",PROBABLE,Face,PROBABLE,,,Head Cheese (w/ Al Snow),,N/A,N/A,N/A,N/A,N/A,N/A,FALSE,FALSE,6,CONFIRMED,rikishi,9:27,567,0:44,44,PROBABLE,,0,,0,0,FALSE,FALSE,FALSE,UNKNOWN,UNKNOWN,UNKNOWN,FALSE,FALSE,FALSE,FALSE,FALSE,FALSE,WWF,PROBABLE,FALSE,CONFIRMED,S024;S046;S050;S058;S480;S476;S481;S044;S045;S644;S047;S048;S044;S045;S644;S047;S048;S044;S045;S644;S047;S048;S044;S045;S644;S047;S048;S044;S045;S644;S047;S048;S044;S045;S644;S047;S048;S044;S045;S644;S047;S048;S044;S045;S644;S1199;S1700;S1787;S1757,,CONFIRMED
RR2000M,mabel,RR2000M,8,CONFIRMED,Viscera,Viscera,4,5,FALSE,1999,Eliminated (elim #9),9,FALSE,FALSE,N/A,FALSE,N/A,"28 Years, 11 Months, 9 Days",DERIVED,2.06,221,"Harlem, New York",PROBABLE,Heel,PROBABLE,Viscera,,,,N/A,N/A,N/A,N/A,N/A,N/A,FALSE,FALSE,7,CONFIRMED,rikishi,11:57,717,1:25,85,PROBABLE,,0,,0,0,FALSE,FALSE,FALSE,UNKNOWN,UNKNOWN,UNKNOWN,FALSE,FALSE,FALSE,FALSE,FALSE,FALSE,WWF,PROBABLE,FALSE,CONFIRMED,S024;S046;S050;S058;S480;S476;S481;S044;S045;S479;S024;S029;S035;S470;S466;S481;S589;S591;S068;S069;S494;S044;S045;S479;S024;S029;S035;S470;S466;S481;S589;S591;S068;S069;S494;S044;S045;S479;S024;S029;S035;S470;S466;S481;S589;S591;S068;S069;S494;S044;S045;S479;S024;S029;S035;S470;S466;S481;S589;S591;S068;S069;S494;S044;S045;S479;S024;S029;S035;S470;S466;S481;S589;S591;S068;S069;S494;S044;S045;S479;S024;S029;S035;S470;S466;S481;S589;S591;S068;S069;S494;S044;S045;S479;S024;S029;S035;S470;S466;S481;S589;S591;S068;S069;S494;S044;S045;S479;S024;S029;S035;S470;S466;S481;S589;S591;S1310;S1700;S1787;S1757,Possible identity connection to this database's existing 'mabel' wrestler_id -- see F127.,CONFIRMED
RR2000M,chris-jericho,RR2000M,15,CONFIRMED,Chris Jericho,Chris Jericho,0,1,TRUE,N/A,N/A,N/A,TRUE,FALSE,N/A,FALSE,N/A,"29 Years, 2 Months, 14 Days",DERIVED,1.83,103,"Winnipeg, Manitoba, Canada",PROBABLE,Face,PROBABLE,,,,,WWF Intercontinental Championship,Intercontinental,N/A,1,1999-12-12,42,FALSE,FALSE,10,CONFIRMED,chyna,26:38,1598,3:47,227,PROBABLE,,1,bob-backlund,1,0,FALSE,FALSE,FALSE,UNKNOWN,UNKNOWN,UNKNOWN,FALSE,FALSE,FALSE,FALSE,TRUE,FALSE,WWF,PROBABLE,FALSE,CONFIRMED,S024;S046;S050;S058;S480;S476;S481;S671;S1235;S1700;S1787;S1757,Also wrestled earlier on the same card -- see other_matches.csv.,CONFIRMED
RR2000M,crash-holly,RR2000M,16,CONFIRMED,Crash Holly,Crash Holly,0,1,TRUE,N/A,N/A,N/A,TRUE,FALSE,N/A,FALSE,N/A,"28 Years, 4 Months, 29 Days",DERIVED,1.68,91,"Mobile, Alabama",PROBABLE,Heel,PROBABLE,,,The Holly Cousins,,N/A,N/A,N/A,N/A,N/A,N/A,FALSE,FALSE,16,CONFIRMED,rocky-maivia,39:23,2363,14:54,894,PROBABLE,,0,,0,0,FALSE,FALSE,FALSE,UNKNOWN,UNKNOWN,UNKNOWN,FALSE,FALSE,FALSE,FALSE,FALSE,FALSE,WWF,PROBABLE,FALSE,CONFIRMED,S024;S046;S050;S058;S480;S476;S481;S672;S1236;S1688;S1700;S1787;S1757,,CONFIRMED
RR2000M,chyna,RR2000M,17,CONFIRMED,Chyna,Chyna,1,2,FALSE,1999,Eliminated (elim #23),23,FALSE,FALSE,N/A,FALSE,N/A,"30 Years, 0 Months, 27 Days",DERIVED,1.78,82,"Londonderry, New Hampshire",PROBABLE,Face,PROBABLE,,,,,N/A,N/A,N/A,N/A,N/A,N/A,FALSE,FALSE,11,CONFIRMED,big-boss-man,26:42,1602,0:38,38,PROBABLE,,1,chris-jericho,1,0,FALSE,FALSE,FALSE,UNKNOWN,UNKNOWN,UNKNOWN,FALSE,FALSE,FALSE,FALSE,TRUE,FALSE,WWF,PROBABLE,FALSE,CONFIRMED,S024;S046;S050;S058;S476;S481;S044;S045;S479;S666;S024;S046;S050;S058;S476;S481;S044;S045;S479;S666;S024;S046;S050;S058;S476;S481;S044;S045;S479;S666;S024;S046;S050;S058;S476;S481;S044;S045;S479;S666;S024;S046;S050;S058;S476;S481;S044;S045;S479;S666;S024;S046;S050;S058;S476;S481;S044;S045;S479;S666;S024;S046;S050;S058;S476;S481;S044;S045;S479;S666;S024;S046;S050;S058;S476;S481;S044;S045;S479;S666;S1230;S1700;S1787;S1757,Also wrestled earlier on the same card -- see other_matches.csv.,CONFIRMED
RR2000M,faarooq,RR2000M,18,CONFIRMED,Faarooq,Faarooq,2,3,FALSE,1998,Eliminated (elim #27),27,FALSE,FALSE,N/A,FALSE,N/A,"41 Years, 8 Months, 8 Days",DERIVED,1.88,123,"Warner Robins, Georgia",PROBABLE,Heel,PROBABLE,,,The Acolytes,The Acolytes,N/A,N/A,N/A,N/A,N/A,N/A,FALSE,FALSE,12,CONFIRMED,big-boss-man,27:56,1676,0:18,18,PROBABLE,,0,,0,0,FALSE,FALSE,FALSE,UNKNOWN,UNKNOWN,UNKNOWN,FALSE,FALSE,FALSE,FALSE,TRUE,FALSE,WWF,PROBABLE,FALSE,CONFIRMED,S024;S046;S050;S058;S480;S476;S481;S024;S043;S050;S478;S474;S481;S638;S024;S037;S040;S049;S050;S051;S481;S487;S024;S043;S050;S478;S474;S481;S638;S024;S037;S040;S049;S050;S051;S481;S487;S024;S043;S050;S478;S474;S481;S638;S024;S037;S040;S049;S050;S051;S481;S487;S024;S043;S050;S478;S474;S481;S638;S024;S037;S040;S049;S050;S051;S481;S487;S024;S043;S050;S478;S474;S481;S638;S024;S037;S040;S049;S050;S051;S481;S487;S024;S043;S050;S478;S474;S481;S638;S024;S037;S040;S049;S050;S051;S481;S487;S024;S043;S050;S478;S474;S481;S638;S024;S037;S040;S049;S050;S051;S481;S487;S024;S043;S050;S478;S474;S481;S638;S1202;S1700;S1787;S1757,Also wrestled earlier on the same card -- see other_matches.csv.,CONFIRMED
RR2000M,jesse-james,RR2000M,19,CONFIRMED,Jesse James,Jesse James,2,3,FALSE,1999,Eliminated (elim #12),12,FALSE,FALSE,N/A,FALSE,N/A,"30 Years, 8 Months, 3 Days",DERIVED,1.85,109,"Marietta, Georgia",PROBABLE,Heel,PROBABLE,Road Dogg,Tori,New Age Outlaws,D-Generation X,WWF World Tag Team Championship,Tag Team,Billy Gunn,5,1999-11-08,76,TRUE,FALSE,25,CONFIRMED,billy-gunn,48:06,2886,19:02,1142,PROBABLE,,2,bradshaw;british-bulldog,1,1,FALSE,FALSE,FALSE,UNKNOWN,UNKNOWN,UNKNOWN,FALSE,FALSE,FALSE,FALSE,TRUE,FALSE,WWF,PROBABLE,FALSE,CONFIRMED,S024;S046;S050;S058;S480;S476;S481;S044;S045;S479;S475;S639;S024;S046;S050;S058;S480;S476;S481;S044;S045;S479;S475;S639;S024;S046;S050;S058;S480;S476;S481;S044;S045;S479;S475;S639;S024;S046;S050;S058;S480;S476;S481;S044;S045;S479;S475;S639;S024;S046;S050;S058;S480;S476;S481;S044;S045;S479;S475;S639;S024;S046;S050;S058;S480;S476;S481;S044;S045;S479;S475;S639;S024;S046;S050;S058;S480;S476;S481;S044;S045;S479;S475;S639;S024;S046;S050;S058;S480;S476;S481;S044;S045;S479;S475;S639;S1220;S1700;S1787;S1757,Also wrestled earlier on the same card -- see other_matches.csv.,CONFIRMED
RR2000M,al-snow,RR2000M,20,CONFIRMED,Al Snow,Al Snow,1,2,FALSE,1999,Eliminated (elim #11),11,FALSE,FALSE,N/A,FALSE,N/A,"36 Years, 6 Months, 5 Days",DERIVED,1.85,107,"Lima, Ohio",PROBABLE,Face,PROBABLE,,,Head Cheese (w/ Steve Blackman),,N/A,N/A,N/A,N/A,N/A,N/A,FALSE,FALSE,24,CONFIRMED,rocky-maivia,47:54,2874,17:17,1037,PROBABLE,,2,edge;hardcore-holly,1,1,FALSE,FALSE,FALSE,UNKNOWN,UNKNOWN,UNKNOWN,FALSE,FALSE,FALSE,FALSE,FALSE,FALSE,WWF,PROBABLE,FALSE,CONFIRMED,S024;S046;S050;S058;S480;S476;S481;S044;S045;S479;S662;S040;S049;S050;S481;S044;S045;S479;S662;S040;S049;S050;S481;S044;S045;S479;S662;S040;S049;S050;S481;S044;S045;S479;S662;S040;S049;S050;S481;S044;S045;S479;S662;S040;S049;S050;S481;S044;S045;S479;S662;S040;S049;S050;S481;S044;S045;S479;S662;S040;S049;S050;S481;S044;S045;S479;S662;S1222;S1700;S1787;S1757,,CONFIRMED
RR2000M,val-venis,RR2000M,21,CONFIRMED,Val Venis,Val Venis,1,2,FALSE,1999,Eliminated (elim #24),24,FALSE,FALSE,N/A,FALSE,N/A,"28 Years, 10 Months, 17 Days",DERIVED,1.91,111,"Las Vegas, Nevada",PROBABLE,Tweener,PROBABLE,,,,,N/A,N/A,N/A,N/A,N/A,N/A,FALSE,FALSE,20,CONFIRMED,kane,44:02,2642,11:47,707,PROBABLE,,1,edge,0,1,FALSE,FALSE,FALSE,UNKNOWN,UNKNOWN,UNKNOWN,FALSE,FALSE,FALSE,FALSE,FALSE,FALSE,WWF,PROBABLE,FALSE,CONFIRMED,S024;S046;S050;S058;S476;S481;S044;S045;S665;S040;S049;S050;S481;S044;S045;S665;S040;S049;S050;S481;S044;S045;S665;S040;S049;S050;S481;S044;S045;S665;S040;S049;S050;S481;S044;S045;S665;S040;S049;S050;S481;S044;S045;S665;S040;S049;S050;S481;S044;S045;S665;S040;S049;S050;S481;S044;S045;S665;S1228;S1700;S1787;S1757,,CONFIRMED
RR2000M,prince-albert,RR2000M,22,CONFIRMED,Prince Albert,Prince Albert,0,1,TRUE,N/A,N/A,N/A,TRUE,FALSE,N/A,FALSE,N/A,"27 Years, 2 Months, 9 Days",DERIVED,2.01,159,"Boston, Massachusetts",PROBABLE,Heel,PROBABLE,,,Big Boss Man & Prince Albert,,N/A,N/A,N/A,N/A,N/A,N/A,FALSE,FALSE,21,CONFIRMED,kane,45:15,2715,11:23,683,PROBABLE,,0,,0,0,FALSE,FALSE,FALSE,UNKNOWN,UNKNOWN,UNKNOWN,FALSE,FALSE,FALSE,FALSE,FALSE,FALSE,WWF,PROBABLE,FALSE,CONFIRMED,S024;S046;S050;S058;S480;S476;S481;S673;S1310;S1700;S1787;S1757,,CONFIRMED
RR2000M,hardcore-holly,RR2000M,23,CONFIRMED,Hardcore Holly,Hardcore Holly,0,1,TRUE,N/A,N/A,N/A,TRUE,FALSE,N/A,FALSE,N/A,"36 Years, 11 Months, 25 Days",DERIVED,1.83,107,"Mobile, Alabama",PROBABLE,Face,PROBABLE,,,The Holly Cousins,,N/A,N/A,N/A,N/A,N/A,N/A,FALSE,FALSE,22,CONFIRMED,al-snow,47:19,2839,11:48,708,PROBABLE,,0,,0,0,FALSE,FALSE,FALSE,UNKNOWN,UNKNOWN,UNKNOWN,FALSE,FALSE,FALSE,FALSE,TRUE,FALSE,WWF,PROBABLE,FALSE,CONFIRMED,S024;S046;S050;S058;S480;S476;S481;S674;S1237;S592;S1700;S1787;S1757,Also wrestled earlier on the same card -- see other_matches.csv.,CONFIRMED
RR2000M,billy-gunn,RR2000M,25,CONFIRMED,Billy Gunn,Billy Gunn,3,4,FALSE,1999,Eliminated (elim #18),18,FALSE,FALSE,N/A,FALSE,N/A,"36 Years, 2 Months, 22 Days",DERIVED,1.96,118,"Austin, Texas",PROBABLE,Face,PROBABLE,Mr. Ass,Tori,New Age Outlaws,D-Generation X,WWF World Tag Team Championship,Tag Team,Road Dogg,5,1999-11-08,76,TRUE,FALSE,26,CONFIRMED,kane,48:19,2899,9:38,578,PROBABLE,,2,bradshaw;jesse-james,1,1,FALSE,FALSE,FALSE,UNKNOWN,UNKNOWN,UNKNOWN,FALSE,FALSE,FALSE,FALSE,TRUE,FALSE,WWF,PROBABLE,FALSE,CONFIRMED,S024;S046;S050;S058;S480;S476;S481;S044;S045;S479;S024;S029;S035;S470;S466;S481;S593;S595;S067;S073;S040;S052;S042;S481;S044;S045;S479;S024;S029;S035;S470;S466;S481;S593;S595;S067;S073;S040;S052;S042;S481;S044;S045;S479;S024;S029;S035;S470;S466;S481;S593;S595;S067;S073;S040;S052;S042;S481;S044;S045;S479;S024;S029;S035;S470;S466;S481;S593;S595;S067;S073;S040;S052;S042;S481;S044;S045;S479;S024;S029;S035;S470;S466;S481;S593;S595;S067;S073;S040;S052;S042;S481;S044;S045;S479;S024;S029;S035;S470;S466;S481;S593;S595;S067;S073;S040;S052;S042;S481;S044;S045;S479;S024;S029;S035;S470;S466;S481;S593;S595;S067;S073;S040;S052;S042;S481;S044;S045;S479;S024;S029;S035;S470;S466;S481;S593;S595;S1224;S1700;S1787;S1757,Also wrestled earlier on the same card -- see other_matches.csv.,CONFIRMED
RR2000M,big-show,RR2000M,26,CONFIRMED,Big Show,Big Show,0,1,TRUE,N/A,N/A,N/A,TRUE,FALSE,N/A,FALSE,N/A,"27 Years, 11 Months, 15 Days",DERIVED,2.13,227,"Tampa, Florida",PROBABLE,Face,PROBABLE,,,,,N/A,N/A,N/A,N/A,N/A,N/A,FALSE,FALSE,29,CONFIRMED,rocky-maivia,51:55,3115,11:12,672,PROBABLE,,4,1-2-3-kid;gangrel;test;the-godfather,4,0,FALSE,FALSE,TRUE,TRUE,UNKNOWN,TRUE,FALSE,FALSE,FALSE,FALSE,FALSE,FALSE,WWF,PROBABLE,FALSE,CONFIRMED,S024;S046;S050;S058;S476;S481;S675;S1238;S1700;S1787;S1757,Eliminated Test and Gangrel; eliminated X-Pac; eliminated (officially) by The Rock for the win amid a missed-call controversy -- see F126.,CONFIRMED
RR2000M,bradshaw,RR2000M,27,CONFIRMED,Bradshaw,Bradshaw,1,2,FALSE,1998,Eliminated (elim #15),15,FALSE,FALSE,N/A,FALSE,N/A,"33 Years, 1 Months, 25 Days",DERIVED,1.98,132,"Sweetwater, Texas",PROBABLE,Face,PROBABLE,,,The Acolytes,The Acolytes,N/A,N/A,N/A,N/A,N/A,N/A,FALSE,FALSE,19,CONFIRMED,jesse-james;billy-gunn,42:20,2540,0:25,25,PROBABLE,,0,,0,0,FALSE,FALSE,FALSE,UNKNOWN,UNKNOWN,UNKNOWN,FALSE,FALSE,FALSE,FALSE,TRUE,FALSE,WWF,PROBABLE,FALSE,CONFIRMED,S024;S037;S046;S050;S058;S059;S480;S476;S481;S024;S043;S050;S474;S481;S645;S067;S073;S040;S052;S042;S481;S024;S043;S050;S474;S481;S645;S067;S073;S040;S052;S042;S481;S024;S043;S050;S474;S481;S645;S067;S073;S040;S052;S042;S481;S024;S043;S050;S474;S481;S645;S067;S073;S040;S052;S042;S481;S024;S043;S050;S474;S481;S645;S067;S073;S040;S052;S042;S481;S024;S043;S050;S474;S481;S645;S067;S073;S040;S052;S042;S481;S024;S043;S050;S474;S481;S645;S067;S073;S040;S052;S042;S481;S024;S043;S050;S474;S481;S645;S1310;S1700;S1787;S1757,Also wrestled earlier on the same card -- see other_matches.csv.,CONFIRMED
RR2000M,kane,RR2000M,28,CONFIRMED,Kane,Kane,3,4,FALSE,1999,Eliminated (elim #16),16,FALSE,FALSE,N/A,FALSE,N/A,"32 Years, 8 Months, 28 Days",DERIVED,2.13,147,Parts Unknown,PROBABLE,Face,PROBABLE,,,,,N/A,N/A,N/A,N/A,N/A,N/A,FALSE,FALSE,27,CONFIRMED,1-2-3-kid,50:03,3003,6:11,371,PROBABLE,,3,billy-gunn;prince-albert;val-venis,3,0,FALSE,FALSE,FALSE,UNKNOWN,UNKNOWN,TRUE,FALSE,FALSE,FALSE,FALSE,FALSE,FALSE,WWF,PROBABLE,TRUE,CONFIRMED,S024;S037;S046;S050;S058;S059;S476;S481;S044;S045;S479;S628;S068;S069;S044;S045;S479;S628;S068;S069;S044;S045;S479;S628;S068;S069;S044;S045;S479;S628;S068;S069;S044;S045;S479;S628;S068;S069;S044;S045;S479;S628;S068;S069;S044;S045;S479;S628;S068;S069;S044;S045;S479;S628;S1223;S1700;S1787;S1757,,CONFIRMED
RR2000M,the-godfather,RR2000M,29,CONFIRMED,The Godfather,The Godfather,1,2,FALSE,1999,Eliminated (elim #14),14,FALSE,FALSE,N/A,FALSE,N/A,"38 Years, 8 Months, 7 Days",DERIVED,1.98,150,"Las Vegas, Nevada",PROBABLE,Face,PROBABLE,The Godfather,,,,N/A,N/A,N/A,N/A,N/A,N/A,FALSE,FALSE,23,CONFIRMED,big-show,47:43,2863,1:32,92,PROBABLE,,0,,0,0,FALSE,FALSE,FALSE,UNKNOWN,UNKNOWN,UNKNOWN,FALSE,FALSE,FALSE,FALSE,FALSE,FALSE,WWF,PROBABLE,FALSE,CONFIRMED,S024;S046;S050;S058;S480;S476;S481;S044;S045;S479;S622;S040;S049;S050;S481;S044;S045;S479;S622;S040;S049;S050;S481;S044;S045;S479;S622;S040;S049;S050;S481;S044;S045;S479;S622;S040;S049;S050;S481;S044;S045;S479;S622;S040;S049;S050;S481;S044;S045;S479;S622;S040;S049;S050;S481;S044;S045;S479;S622;S040;S049;S050;S481;S044;S045;S479;S622;S1310;S1700;S1787;S1757,,CONFIRMED
RR2000M,1-2-3-kid,RR2000M,30,CONFIRMED,X-Pac,X-Pac,2,3,FALSE,1999,Eliminated (elim #20),20,FALSE,FALSE,N/A,FALSE,N/A,"27 Years, 6 Months, 10 Days",DERIVED,1.85,96,"Minneapolis, Minnesota",PROBABLE,Heel,PROBABLE,X-Pac,Tori,,D-Generation X,N/A,N/A,N/A,N/A,N/A,N/A,FALSE,FALSE,28,CONFIRMED,big-show,50:27,3027,3:32,212,PROBABLE,,1,kane,1,0,FALSE,FALSE,FALSE,UNKNOWN,UNKNOWN,TRUE,FALSE,FALSE,FALSE,FALSE,FALSE,FALSE,WWF,PROBABLE,FALSE,CONFIRMED,S024;S046;S050;S058;S480;S476;S481;S044;S045;S479;S475;S615;S024;S046;S050;S058;S480;S476;S481;S044;S045;S479;S475;S615;S024;S046;S050;S058;S480;S476;S481;S044;S045;S479;S475;S615;S024;S046;S050;S058;S480;S476;S481;S044;S045;S479;S475;S615;S024;S046;S050;S058;S480;S476;S481;S044;S045;S479;S475;S615;S024;S046;S050;S058;S480;S476;S481;S044;S045;S479;S475;S615;S024;S046;S050;S058;S480;S476;S481;S044;S045;S479;S475;S615;S024;S046;S050;S058;S480;S476;S481;S044;S045;S479;S475;S615;S1229;S1700;S1787;S1757,,CONFIRMED
RR2000M,rocky-maivia,RR2000M,24,CONFIRMED,The Rock,The Rock,2,3,FALSE,1998,Runner-up (elim #28),28,FALSE,FALSE,N/A,FALSE,N/A,"27 Years, 8 Months, 21 Days",DERIVED,1.96,125,"Miami, Florida",PROBABLE,Face,PROBABLE,The Rock,,,,N/A,N/A,N/A,N/A,N/A,N/A,FALSE,FALSE,,N/A,,,,14:46,886,PROBABLE,,4,al-snow;big-boss-man;big-show;crash-holly,4,0,FALSE,TRUE,FALSE,TRUE,UNKNOWN,TRUE,FALSE,FALSE,FALSE,FALSE,FALSE,FALSE,WWF,PROBABLE,FALSE,PROBABLE,S024;S046;S050;S058;S480;S024;S043;S050;S478;S474;S481;S641;S047;S048;S486;S024;S043;S050;S478;S474;S481;S641;S047;S048;S486;S024;S043;S050;S478;S474;S481;S641;S047;S048;S486;S024;S043;S050;S478;S474;S481;S641;S047;S048;S486;S024;S043;S050;S478;S474;S481;S641;S047;S048;S486;S024;S043;S050;S478;S474;S481;S641;S047;S048;S486;S024;S043;S050;S478;S474;S481;S641;S047;S048;S486;S024;S043;S050;S478;S474;S481;S641;S1200;S1700;S1787;S1757,"Winner. Per S046, Big Show's earlier attempt to eliminate Rock should have counted on replay (feet touched the floor) but was not called -- see F126.",
RR2001M,jeff-hardy,RR2001M,1,CONFIRMED,Jeff Hardy,Jeff Hardy,0,1,TRUE,N/A,N/A,N/A,TRUE,FALSE,N/A,FALSE,N/A,"23 Years, 4 Months, 21 Days",DERIVED,1.85,102,"Cameron, North Carolina",PROBABLE,Face,PROBABLE,,Lita,The Hardy Boyz (w/ Matt Hardy),,N/A,N/A,N/A,N/A,N/A,N/A,FALSE,FALSE,4,CONFIRMED,matt-hardy,6:38,398,6:38,398,CONFIRMED,,3,bull-buchanan;matt-hardy;faarooq,1,2,FALSE,FALSE,FALSE,FALSE,FALSE,FALSE,FALSE,FALSE,FALSE,FALSE,FALSE,FALSE,WWF,PROBABLE,FALSE,CONFIRMED,S047;S048;S486;S482;S676;S1239;S1700;S1788,,
RR2001M,bull-buchanan,RR2001M,2,CONFIRMED,Bull Buchanan,Bull Buchanan,0,1,TRUE,N/A,N/A,N/A,TRUE,FALSE,N/A,FALSE,N/A,"33 Years, 0 Months, 6 Days",DERIVED,1.98,123,"Bowdon, Georgia",PROBABLE,Heel,PROBABLE,,Steven Richards,,Right to Censor,N/A,N/A,N/A,N/A,N/A,N/A,FALSE,FALSE,1,CONFIRMED,matt-hardy;jeff-hardy,2:09,129,2:09,129,CONFIRMED,,0,,0,0,FALSE,FALSE,FALSE,FALSE,FALSE,FALSE,FALSE,FALSE,FALSE,FALSE,FALSE,FALSE,WWF,PROBABLE,FALSE,CONFIRMED,S047;S048;S482;S486;S677;S1311;S1700;S1788,,
RR2001M,matt-hardy,RR2001M,3,CONFIRMED,Matt Hardy,Matt Hardy,0,1,TRUE,N/A,N/A,N/A,TRUE,FALSE,N/A,FALSE,N/A,"26 Years, 3 Months, 29 Days",DERIVED,1.88,107,"Cameron, North Carolina",PROBABLE,Face,PROBABLE,,Lita,The Hardy Boyz (w/ Jeff Hardy),,N/A,N/A,N/A,N/A,N/A,N/A,FALSE,FALSE,3,CONFIRMED,jeff-hardy,6:37,397,4:45,285,CONFIRMED,,3,jeff-hardy;bull-buchanan;faarooq,1,2,FALSE,FALSE,FALSE,FALSE,FALSE,FALSE,FALSE,FALSE,FALSE,FALSE,FALSE,FALSE,WWF,PROBABLE,FALSE,CONFIRMED,S047;S048;S486;S482;S678;S1241;S1700;S1788,,
RR2001M,faarooq,RR2001M,4,CONFIRMED,Faarooq,Faarooq,3,4,FALSE,2000,Eliminated (elim #12),12,FALSE,FALSE,N/A,FALSE,N/A,"42 Years, 8 Months, 6 Days",DERIVED,1.88,123,"Warner Robins, Georgia",PROBABLE,Heel,PROBABLE,,,The APA (w/ Bradshaw),,N/A,N/A,N/A,N/A,N/A,N/A,FALSE,FALSE,2,CONFIRMED,jeff-hardy;matt-hardy,4:35,275,0:58,58,CONFIRMED,,0,,0,0,FALSE,FALSE,FALSE,FALSE,FALSE,FALSE,FALSE,FALSE,FALSE,FALSE,FALSE,FALSE,WWF,PROBABLE,FALSE,CONFIRMED,S047;S048;S434;S486;S024;S043;S050;S478;S474;S481;S638;S024;S037;S040;S049;S050;S051;S481;S487;S024;S043;S050;S478;S474;S481;S638;S024;S037;S040;S049;S050;S051;S481;S487;S024;S043;S050;S478;S474;S481;S638;S024;S037;S040;S049;S050;S051;S481;S487;S024;S043;S050;S478;S474;S481;S638;S024;S037;S040;S049;S050;S051;S481;S487;S024;S043;S050;S478;S474;S481;S638;S024;S037;S040;S049;S050;S051;S481;S487;S024;S043;S050;S478;S474;S481;S638;S024;S037;S040;S049;S050;S051;S481;S487;S024;S043;S050;S478;S474;S481;S638;S024;S037;S040;S049;S050;S051;S481;S487;S024;S043;S050;S478;S474;S481;S638;S1202;S1700;S1788,,PROBABLE
RR2001M,drew-carey,RR2001M,5,CONFIRMED,Drew Carey,Drew Carey,0,1,TRUE,N/A,N/A,N/A,TRUE,FALSE,N/A,FALSE,N/A,"42 Years, 7 Months, 29 Days",DERIVED,1.78,82,"Cleveland, Ohio",PROBABLE,Face,PROBABLE,,,,,N/A,N/A,N/A,N/A,N/A,N/A,FALSE,FALSE,5,CONFIRMED,drew-carey,9:07,547,2:53,173,CONFIRMED,,0,,0,0,TRUE,FALSE,FALSE,FALSE,FALSE,FALSE,FALSE,FALSE,TRUE,TRUE,FALSE,FALSE,WWF,PROBABLE,FALSE,CONFIRMED,S047;S048;S679;S1311;S1700;S1788,,
RR2001M,kane,RR2001M,6,CONFIRMED,Kane,Kane,4,5,FALSE,2000,Eliminated (elim #27),27,FALSE,FALSE,N/A,FALSE,N/A,"33 Years, 8 Months, 26 Days",DERIVED,2.13,147,Parts Unknown,PROBABLE,Heel,PROBABLE,,,The Brothers of Destruction (w/ The Undertaker),,N/A,N/A,N/A,N/A,N/A,N/A,FALSE,FALSE,29,CONFIRMED,steve-austin,61:55,3715,53:44,3224,CONFIRMED,,11,al-snow;perry-saturn;steve-blackman;the-honky-tonk-man;rocky-maivia;raven;brian-christopher;tazz;prince-albert;crash-holly;scott-taylor,10,1,FALSE,FALSE,TRUE,TRUE,TRUE,TRUE,FALSE,FALSE,FALSE,FALSE,FALSE,FALSE,WWF,PROBABLE,TRUE,CONFIRMED,S047;S048;S486;S044;S045;S479;S628;S068;S069;S044;S045;S479;S628;S068;S069;S044;S045;S479;S628;S068;S069;S044;S045;S479;S628;S068;S069;S044;S045;S479;S628;S068;S069;S044;S045;S479;S628;S068;S069;S044;S045;S479;S628;S068;S069;S044;S045;S479;S628;S1223;S1700;S1788,Set the (then) record for most eliminations in a single Royal Rumble match with 11 total; only 5 are individually named in either source -- see F131.,
RR2001M,raven,RR2001M,7,CONFIRMED,Raven,Raven,0,1,TRUE,N/A,N/A,N/A,TRUE,FALSE,N/A,FALSE,N/A,"36 Years, 4 Months, 13 Days",DERIVED,1.85,107,The Bowery,PROBABLE,Heel,PROBABLE,,,,,WWF Hardcore Championship,Other,N/A,1,2000-12-22,30,FALSE,FALSE,9,CONFIRMED,kane,17:47,1067,8:52,532,CONFIRMED,,0,,0,0,FALSE,FALSE,FALSE,FALSE,FALSE,FALSE,FALSE,FALSE,FALSE,FALSE,FALSE,FALSE,WWF,PROBABLE,FALSE,CONFIRMED,S047;S048;S486;S482;S680;S1243;S1700;S1788,,
RR2001M,al-snow,RR2001M,8,CONFIRMED,Al Snow,Al Snow,2,3,FALSE,2000,Eliminated (elim #24),24,FALSE,FALSE,N/A,FALSE,N/A,"37 Years, 6 Months, 3 Days",DERIVED,1.85,107,"Lima, Ohio",PROBABLE,Face,PROBABLE,,,,,N/A,N/A,N/A,N/A,N/A,N/A,FALSE,FALSE,8,CONFIRMED,kane,17:44,1064,7:09,429,CONFIRMED,,0,,0,0,FALSE,FALSE,FALSE,FALSE,FALSE,FALSE,FALSE,FALSE,FALSE,FALSE,FALSE,FALSE,WWF,PROBABLE,FALSE,CONFIRMED,S047;S048;S044;S045;S479;S662;S040;S049;S050;S481;S044;S045;S479;S662;S040;S049;S050;S481;S044;S045;S479;S662;S040;S049;S050;S481;S044;S045;S479;S662;S040;S049;S050;S481;S044;S045;S479;S662;S040;S049;S050;S481;S044;S045;S479;S662;S040;S049;S050;S481;S044;S045;S479;S662;S040;S049;S050;S481;S044;S045;S479;S662;S1222;S1700;S1788,,
RR2001M,perry-saturn,RR2001M,9,CONFIRMED,Perry Saturn,Perry Saturn,0,1,TRUE,N/A,N/A,N/A,TRUE,FALSE,N/A,FALSE,N/A,"34 Years, 2 Months, 27 Days",DERIVED,1.78,109,"Boston, Massachusetts",PROBABLE,Heel,PROBABLE,,,,The Radicalz,N/A,N/A,N/A,N/A,N/A,N/A,FALSE,FALSE,10,CONFIRMED,kane,18:00,1080,5:05,305,CONFIRMED,,0,,0,0,FALSE,FALSE,FALSE,FALSE,FALSE,FALSE,FALSE,FALSE,FALSE,FALSE,FALSE,FALSE,WWF,PROBABLE,FALSE,CONFIRMED,S047;S048;S486;S681;S1244;S1700;S1788,,
RR2001M,steve-blackman,RR2001M,10,CONFIRMED,Steve Blackman,Steve Blackman,3,4,FALSE,2000,Eliminated (elim #6),6,FALSE,FALSE,N/A,FALSE,N/A,"37 Years, 3 Months, 24 Days",DERIVED,1.88,112,"Annville, Pennsylvania",PROBABLE,Face,PROBABLE,,,,,N/A,N/A,N/A,N/A,N/A,N/A,FALSE,FALSE,7,CONFIRMED,kane,17:36,1056,3:11,191,CONFIRMED,,0,,0,0,FALSE,FALSE,FALSE,FALSE,FALSE,FALSE,FALSE,FALSE,FALSE,FALSE,FALSE,FALSE,WWF,PROBABLE,FALSE,CONFIRMED,S047;S048;S044;S045;S644;S047;S048;S044;S045;S644;S047;S048;S044;S045;S644;S047;S048;S044;S045;S644;S047;S048;S044;S045;S644;S047;S048;S044;S045;S644;S047;S048;S044;S045;S644;S047;S048;S044;S045;S644;S1199;S1700;S1788,,
RR2001M,brian-christopher,RR2001M,11,CONFIRMED,Grand Master Sexay,Grand Master Sexay,1,2,FALSE,2000,Eliminated (elim #4),4,FALSE,FALSE,N/A,FALSE,N/A,"29 Years, 0 Months, 11 Days",DERIVED,1.78,97,"Memphis, Tennessee",PROBABLE,Face,PROBABLE,Grand Master Sexay,,Too Cool (w/ Scotty 2 Hotty),,N/A,N/A,N/A,N/A,N/A,N/A,FALSE,FALSE,6,CONFIRMED,kane,17:18,1038,1:04,64,CONFIRMED,,0,,0,0,FALSE,FALSE,FALSE,FALSE,FALSE,FALSE,FALSE,FALSE,FALSE,FALSE,FALSE,FALSE,WWF,PROBABLE,FALSE,CONFIRMED,S047;S048;S486;S668;S1231;S1700;S1788,,
RR2001M,the-honky-tonk-man,RR2001M,12,CONFIRMED,Honky Tonk Man,Honky Tonk Man,3,4,FALSE,1998,Eliminated (elim #17),17,FALSE,FALSE,N/A,TRUE,UNKNOWN,"47 Years, 11 Months, 27 Days",DERIVED,1.85,112,"Memphis, Tennessee",PROBABLE,Heel,PROBABLE,,,,,N/A,N/A,N/A,N/A,N/A,N/A,FALSE,FALSE,11,CONFIRMED,kane,19:56,1196,1:18,78,CONFIRMED,,0,,0,0,FALSE,FALSE,FALSE,FALSE,FALSE,FALSE,TRUE,FALSE,FALSE,FALSE,FALSE,FALSE,WWF,PROBABLE,FALSE,CONFIRMED,S047;S048;S486;S047;S048;S486;S047;S048;S486;S047;S048;S486;S047;S048;S486;S047;S048;S486;S047;S048;S486;S047;S048;S486;S047;S048;S486;S047;S048;S486;S047;S048;S486;S047;S048;S486;S047;S048;S486;S047;S048;S486;S047;S048;S486;S047;S048;S486;S1311;S1700;S1725;S1788,Event-time billing carried forward from RR1998M for the same documented persona; PROBABLE pending a direct 2001 event source.,
RR2001M,rocky-maivia,RR2001M,13,CONFIRMED,The Rock,The Rock,3,4,FALSE,2000,Won,N/A,FALSE,FALSE,N/A,FALSE,N/A,"28 Years, 8 Months, 19 Days",DERIVED,1.96,125,"Miami, Florida",PROBABLE,Face,PROBABLE,The Rock,,,,N/A,N/A,N/A,N/A,N/A,N/A,FALSE,FALSE,28,CONFIRMED,kane,59:09,3549,38:44,2324,CONFIRMED,,3,big-show;rikishi;the-godfather,3,0,FALSE,FALSE,FALSE,FALSE,TRUE,TRUE,FALSE,FALSE,FALSE,FALSE,FALSE,FALSE,WWF,PROBABLE,FALSE,CONFIRMED,S047;S048;S486;S024;S043;S050;S478;S474;S481;S641;S047;S048;S486;S024;S043;S050;S478;S474;S481;S641;S047;S048;S486;S024;S043;S050;S478;S474;S481;S641;S047;S048;S486;S024;S043;S050;S478;S474;S481;S641;S047;S048;S486;S024;S043;S050;S478;S474;S481;S641;S047;S048;S486;S024;S043;S050;S478;S474;S481;S641;S047;S048;S486;S024;S043;S050;S478;S474;S481;S641;S047;S048;S486;S024;S043;S050;S478;S474;S481;S641;S1200;S1700;S1788,,
RR2001M,the-godfather,RR2001M,14,CONFIRMED,Goodfather,Goodfather,2,3,FALSE,2000,Eliminated (elim #23),23,FALSE,FALSE,N/A,FALSE,N/A,"39 Years, 8 Months, 5 Days",DERIVED,1.98,150,"Las Vegas, Nevada",PROBABLE,Heel,PROBABLE,The Goodfather,Steven Richards,,Right to Censor,N/A,N/A,N/A,N/A,N/A,N/A,FALSE,FALSE,12,CONFIRMED,rocky-maivia,22:26,1346,0:14,14,CONFIRMED,,0,,0,0,FALSE,FALSE,FALSE,FALSE,FALSE,FALSE,FALSE,FALSE,FALSE,FALSE,FALSE,FALSE,WWF,PROBABLE,FALSE,CONFIRMED,S047;S048;S434;S486;S482;S044;S045;S479;S622;S040;S049;S050;S481;S044;S045;S479;S622;S040;S049;S050;S481;S044;S045;S479;S622;S040;S049;S050;S481;S044;S045;S479;S622;S040;S049;S050;S481;S044;S045;S479;S622;S040;S049;S050;S481;S044;S045;S479;S622;S040;S049;S050;S481;S044;S045;S479;S622;S040;S049;S050;S481;S044;S045;S479;S622;S1311;S1700;S1788,,PROBABLE
RR2001M,tazz,RR2001M,15,CONFIRMED,Tazz,Tazz,0,1,TRUE,N/A,N/A,N/A,TRUE,FALSE,N/A,FALSE,N/A,"33 Years, 3 Months, 10 Days",DERIVED,1.75,112,"Red Hook, Brooklyn, New York",PROBABLE,Heel,PROBABLE,,,,,N/A,N/A,N/A,N/A,N/A,N/A,FALSE,FALSE,13,CONFIRMED,kane,24:03,1443,0:10,10,CONFIRMED,,0,,0,0,FALSE,FALSE,FALSE,FALSE,FALSE,FALSE,FALSE,FALSE,FALSE,FALSE,FALSE,FALSE,WWF,PROBABLE,FALSE,CONFIRMED,S047;S048;S682;S1245;S1700;S1788,,
RR2001M,bradshaw,RR2001M,16,CONFIRMED,Bradshaw,Bradshaw,2,3,FALSE,2000,Eliminated (elim #19),19,FALSE,FALSE,N/A,FALSE,N/A,"34 Years, 1 Months, 23 Days",DERIVED,1.98,132,"Sweetwater, Texas",PROBABLE,Face,PROBABLE,,,The APA (w/ Faarooq),,N/A,N/A,N/A,N/A,N/A,N/A,FALSE,FALSE,18,CONFIRMED,the-undertaker,43:31,2611,17:39,1059,CONFIRMED,,0,,0,0,FALSE,FALSE,FALSE,FALSE,FALSE,FALSE,FALSE,FALSE,FALSE,FALSE,FALSE,FALSE,WWF,PROBABLE,FALSE,CONFIRMED,S047;S048;S434;S486;S024;S043;S050;S474;S481;S645;S067;S073;S040;S052;S042;S481;S024;S043;S050;S474;S481;S645;S067;S073;S040;S052;S042;S481;S024;S043;S050;S474;S481;S645;S067;S073;S040;S052;S042;S481;S024;S043;S050;S474;S481;S645;S067;S073;S040;S052;S042;S481;S024;S043;S050;S474;S481;S645;S067;S073;S040;S052;S042;S481;S024;S043;S050;S474;S481;S645;S067;S073;S040;S052;S042;S481;S024;S043;S050;S474;S481;S645;S067;S073;S040;S052;S042;S481;S024;S043;S050;S474;S481;S645;S1311;S1700;S1788,,PROBABLE
RR2001M,prince-albert,RR2001M,17,CONFIRMED,Albert,Albert,1,2,FALSE,2000,Eliminated (elim #21),21,FALSE,FALSE,N/A,FALSE,N/A,"28 Years, 2 Months, 7 Days",DERIVED,2.01,159,"Boston, Massachusetts",PROBABLE,Heel,PROBABLE,,,,,N/A,N/A,N/A,N/A,N/A,N/A,FALSE,FALSE,20,CONFIRMED,kane,43:36,2616,15:54,954,CONFIRMED,,0,,0,0,FALSE,FALSE,FALSE,FALSE,FALSE,FALSE,FALSE,FALSE,FALSE,FALSE,FALSE,FALSE,WWF,PROBABLE,FALSE,CONFIRMED,S047;S048;S673;S1311;S1700;S1788,,
RR2001M,hardcore-holly,RR2001M,18,CONFIRMED,Hardcore Holly,Hardcore Holly,1,2,FALSE,2000,Eliminated (elim #22),22,FALSE,FALSE,N/A,FALSE,N/A,"37 Years, 11 Months, 23 Days",DERIVED,1.83,107,"Mobile, Alabama",PROBABLE,Face,PROBABLE,,,,,N/A,N/A,N/A,N/A,N/A,N/A,FALSE,FALSE,21,CONFIRMED,the-undertaker,43:37,2617,14:05,845,CONFIRMED,,0,,0,0,FALSE,FALSE,FALSE,FALSE,FALSE,FALSE,FALSE,FALSE,FALSE,FALSE,FALSE,FALSE,WWF,PROBABLE,FALSE,CONFIRMED,S047;S048;S434;S674;S1237;S592;S1700;S1788,,PROBABLE
RR2001M,k-kwik,RR2001M,19,CONFIRMED,K-Kwik,K-Kwik,0,1,TRUE,N/A,N/A,N/A,TRUE,FALSE,N/A,FALSE,N/A,"29 Years, 0 Months, 2 Days",DERIVED,1.88,100,"Charlotte, North Carolina",PROBABLE,Face,PROBABLE,K-Kwik,,,,N/A,N/A,N/A,N/A,N/A,N/A,FALSE,FALSE,16,CONFIRMED,big-show,39:22,2362,7:54,474,CONFIRMED,,0,,0,0,FALSE,FALSE,FALSE,FALSE,FALSE,FALSE,FALSE,FALSE,FALSE,FALSE,FALSE,FALSE,WWF,PROBABLE,FALSE,CONFIRMED,S047;S048;S434;S486;S683;S1311;S1700;S1788,,PROBABLE
RR2001M,val-venis,RR2001M,20,CONFIRMED,Val Venis,Val Venis,2,3,FALSE,2000,Eliminated (elim #20),20,FALSE,FALSE,N/A,FALSE,N/A,"29 Years, 10 Months, 15 Days",DERIVED,1.91,111,"Las Vegas, Nevada",PROBABLE,Heel,PROBABLE,,Steven Richards,,Right to Censor,N/A,N/A,N/A,N/A,N/A,N/A,FALSE,FALSE,22,CONFIRMED,the-undertaker,43:41,2621,10:22,622,CONFIRMED,,0,,0,0,FALSE,FALSE,FALSE,FALSE,FALSE,FALSE,FALSE,FALSE,FALSE,FALSE,FALSE,FALSE,WWF,PROBABLE,FALSE,CONFIRMED,S047;S048;S434;S482;S486;S044;S045;S665;S040;S049;S050;S481;S044;S045;S665;S040;S049;S050;S481;S044;S045;S665;S040;S049;S050;S481;S044;S045;S665;S040;S049;S050;S481;S044;S045;S665;S040;S049;S050;S481;S044;S045;S665;S040;S049;S050;S481;S044;S045;S665;S040;S049;S050;S481;S044;S045;S665;S1228;S1700;S1788,,PROBABLE
RR2001M,william-regal,RR2001M,21,CONFIRMED,William Regal,William Regal,0,1,TRUE,N/A,N/A,N/A,TRUE,FALSE,N/A,FALSE,N/A,"32 Years, 8 Months, 11 Days",DERIVED,1.91,110,"Blackpool, England",PROBABLE,Heel,PROBABLE,,,,,WWF European Championship,Other,N/A,2,2000-12-04,48,FALSE,FALSE,14,CONFIRMED,test,37:16,2236,2:01,121,CONFIRMED,,0,,0,0,FALSE,FALSE,FALSE,FALSE,FALSE,FALSE,FALSE,FALSE,FALSE,FALSE,FALSE,FALSE,WWF,PROBABLE,FALSE,CONFIRMED,S047;S048;S434;S486;S482;S684;S1246;S1700;S1788,,PROBABLE
RR2001M,test,RR2001M,22,CONFIRMED,Test,Test,2,3,FALSE,2000,Eliminated (elim #17),17,FALSE,FALSE,N/A,FALSE,N/A,"25 Years, 10 Months, 4 Days",DERIVED,1.98,129,"Toronto, Ontario, Canada",PROBABLE,Face,PROBABLE,,,,,N/A,N/A,N/A,N/A,N/A,N/A,FALSE,FALSE,15,CONFIRMED,big-show,39:16,2356,2:09,129,CONFIRMED,,1,william-regal,1,0,FALSE,FALSE,FALSE,FALSE,FALSE,FALSE,FALSE,FALSE,FALSE,FALSE,FALSE,FALSE,WWF,PROBABLE,FALSE,CONFIRMED,S047;S048;S434;S044;S045;S479;S663;S067;S044;S045;S479;S663;S067;S044;S045;S479;S663;S067;S044;S045;S479;S663;S067;S044;S045;S479;S663;S067;S044;S045;S479;S663;S067;S044;S045;S479;S663;S067;S044;S045;S479;S663;S1225;S1700;S1788,,PROBABLE
RR2001M,big-show,RR2001M,23,CONFIRMED,Big Show,Big Show,1,2,FALSE,2000,Runner-up (elim #29),29,FALSE,FALSE,N/A,TRUE,several months,"28 Years, 11 Months, 13 Days",DERIVED,2.13,227,"Tampa, Florida",PROBABLE,Heel,PROBABLE,,,,,N/A,N/A,N/A,N/A,N/A,N/A,FALSE,FALSE,17,CONFIRMED,rocky-maivia,40:29,2429,1:23,83,CONFIRMED,,2,k-kwik;test,2,0,FALSE,FALSE,FALSE,FALSE,FALSE,FALSE,FALSE,FALSE,FALSE,FALSE,FALSE,FALSE,WWF,PROBABLE,FALSE,CONFIRMED,S047;S048;S675;S1238;S1700;S1725;S1788,,
RR2001M,crash-holly,RR2001M,24,CONFIRMED,Crash Holly,Crash Holly,1,2,FALSE,2000,Eliminated (elim #16),16,FALSE,FALSE,N/A,FALSE,N/A,"29 Years, 4 Months, 27 Days",DERIVED,1.68,91,"Mobile, Alabama",PROBABLE,Face,PROBABLE,,,,,N/A,N/A,N/A,N/A,N/A,N/A,FALSE,FALSE,19,CONFIRMED,kane,43:33,2613,2:30,150,CONFIRMED,,0,,0,0,FALSE,FALSE,FALSE,FALSE,FALSE,FALSE,FALSE,FALSE,FALSE,FALSE,FALSE,FALSE,WWF,PROBABLE,FALSE,CONFIRMED,S047;S048;S672;S1236;S1688;S1700;S1788,,
RR2001M,the-undertaker,RR2001M,25,CONFIRMED,The Undertaker,The Undertaker,4,5,FALSE,1997,Eliminated (elim #27),27,FALSE,FALSE,N/A,FALSE,N/A,"35 Years, 9 Months, 28 Days",DERIVED,2.08,140,Death Valley,PROBABLE,Face,PROBABLE,,,The Brothers of Destruction (w/ Kane),,N/A,N/A,N/A,N/A,N/A,N/A,FALSE,FALSE,25,CONFIRMED,rikishi,53:54,3234,10:47,647,CONFIRMED,,4,scott-taylor;bradshaw;hardcore-holly;val-venis,3,1,FALSE,FALSE,FALSE,FALSE,FALSE,FALSE,FALSE,FALSE,FALSE,FALSE,FALSE,FALSE,WWF,PROBABLE,FALSE,CONFIRMED,S047;S048;S486;S033;S034;S027;S028;S465;S469;S543;S065;S066;S488;S033;S034;S027;S028;S465;S469;S543;S065;S066;S488;S033;S034;S027;S028;S465;S469;S543;S065;S066;S488;S033;S034;S027;S028;S465;S469;S543;S065;S066;S488;S033;S034;S027;S028;S465;S469;S543;S065;S066;S488;S033;S034;S027;S028;S465;S469;S543;S065;S066;S488;S033;S034;S027;S028;S465;S469;S543;S065;S066;S488;S033;S034;S027;S028;S465;S469;S543;S1311;S1700;S1788,,
RR2001M,scott-taylor,RR2001M,26,CONFIRMED,Scotty 2 Hotty,Scotty 2 Hotty,1,2,FALSE,2000,Eliminated (elim #5),5,FALSE,FALSE,N/A,FALSE,N/A,,UNKNOWN,1.75,95,"Westbrook, Maine",PROBABLE,Face,PROBABLE,,,Too Cool (w/ Grand Master Sexay),,N/A,N/A,N/A,N/A,N/A,N/A,FALSE,FALSE,23,CONFIRMED,kane;the-undertaker,45:48,2748,0:47,47,CONFIRMED,,0,,0,0,FALSE,FALSE,FALSE,FALSE,FALSE,FALSE,FALSE,FALSE,FALSE,FALSE,FALSE,FALSE,WWF,PROBABLE,FALSE,CONFIRMED,S047;S048;S486;S729;S1311;S1700;S1788,See F132 -- possible but unverified identity connection to this database's 2000 wrestler_id scott-taylor.,
RR2001M,steve-austin,RR2001M,27,CONFIRMED,Steve Austin,Steve Austin,4,5,FALSE,1999,Runner-up (elim #29),29,FALSE,FALSE,N/A,FALSE,N/A,"36 Years, 1 Months, 3 Days",DERIVED,1.88,114,"Victoria, Texas",PROBABLE,Face,PROBABLE,Stone Cold,,,,N/A,N/A,N/A,N/A,N/A,N/A,FALSE,FALSE,,N/A,,,,9:37,577,CONFIRMED,,3,kane;billy-gunn;haku,3,0,FALSE,TRUE,FALSE,TRUE,TRUE,TRUE,FALSE,FALSE,FALSE,FALSE,FALSE,FALSE,WWF,PROBABLE,FALSE,CONFIRMED,S025;S036;S040;S047;S048;S050;S486;S044;S045;S479;S624;S040;S049;S050;S481;S487;S044;S045;S479;S624;S040;S049;S050;S481;S487;S044;S045;S479;S624;S040;S049;S050;S481;S487;S044;S045;S479;S624;S040;S049;S050;S481;S487;S044;S045;S479;S624;S040;S049;S050;S481;S487;S044;S045;S479;S624;S040;S049;S050;S481;S487;S044;S045;S479;S624;S040;S049;S050;S481;S487;S044;S045;S479;S624;S1214;S1700;S1788,"Drew #27 but was attacked in the aisle by Triple H before he could enter the ring -- his OFFICIAL entrance time (6:01) includes that entire beatdown; adjusted for it, his entrance actually lasted only 0:17. Per S047's own timing data, Austin's official ring-entry moment lands 1 second AFTER Rikishi's (the #30 entrant) -- he really was the last man to physically enter the ring despite holding the #27 draw. entry_number is kept at 27 (his drawn number) rather than 30 -- see F130. Drawn number #27 CONFIRMED by 4 independent external sources (Wikipedia, OWOW, Cageside Seats, allrumblestats.com); the internal S048 Dan Wahlers narrative's '#26' is a confirmed transcription error. See F130 (resolved).",
RR2001M,billy-gunn,RR2001M,28,CONFIRMED,Billy Gunn,Billy Gunn,4,5,FALSE,2000,Eliminated (elim #26),26,FALSE,FALSE,N/A,FALSE,N/A,"37 Years, 2 Months, 20 Days",DERIVED,1.96,118,"Austin, Texas",PROBABLE,Face,PROBABLE,The One Billy Gunn,,,,N/A,N/A,N/A,N/A,N/A,N/A,FALSE,FALSE,27,CONFIRMED,steve-austin,55:24,3324,7:23,443,CONFIRMED,,0,,0,0,FALSE,FALSE,FALSE,FALSE,FALSE,TRUE,FALSE,FALSE,FALSE,FALSE,FALSE,FALSE,WWF,PROBABLE,FALSE,CONFIRMED,S047;S048;S044;S045;S479;S024;S029;S035;S470;S466;S481;S593;S595;S067;S073;S040;S052;S042;S481;S044;S045;S479;S024;S029;S035;S470;S466;S481;S593;S595;S067;S073;S040;S052;S042;S481;S044;S045;S479;S024;S029;S035;S470;S466;S481;S593;S595;S067;S073;S040;S052;S042;S481;S044;S045;S479;S024;S029;S035;S470;S466;S481;S593;S595;S067;S073;S040;S052;S042;S481;S044;S045;S479;S024;S029;S035;S470;S466;S481;S593;S595;S067;S073;S040;S052;S042;S481;S044;S045;S479;S024;S029;S035;S470;S466;S481;S593;S595;S067;S073;S040;S052;S042;S481;S044;S045;S479;S024;S029;S035;S470;S466;S481;S593;S595;S067;S073;S040;S052;S042;S481;S044;S045;S479;S024;S029;S035;S470;S466;S481;S593;S595;S1224;S1700;S1788,,
RR2001M,haku,RR2001M,29,CONFIRMED,Haku,Haku,3,4,FALSE,1992,Eliminated (elim #3),3,FALSE,FALSE,N/A,FALSE,N/A,,UNKNOWN,1.85,125,The Kingdom of Tonga,PROBABLE,Heel,PROBABLE,Haku,,,,N/A,N/A,N/A,N/A,N/A,N/A,FALSE,FALSE,24,CONFIRMED,steve-austin,52:46,3166,2:52,172,CONFIRMED,,0,,0,0,FALSE,FALSE,FALSE,FALSE,FALSE,FALSE,FALSE,FALSE,FALSE,FALSE,FALSE,FALSE,WWF,PROBABLE,FALSE,CONFIRMED,S047;S048;S434;S486;S685;S1247;S1700;S1788,,PROBABLE
RR2001M,rikishi,RR2001M,30,CONFIRMED,Rikishi,Rikishi,6,7,FALSE,2000,Eliminated (elim #8),8,FALSE,FALSE,N/A,FALSE,N/A,"35 Years, 3 Months, 10 Days",DERIVED,1.85,193,The Isle of Samoa,PROBABLE,Heel,PROBABLE,,,,,N/A,N/A,N/A,N/A,N/A,N/A,FALSE,FALSE,26,CONFIRMED,rocky-maivia,54:52,3292,2:35,155,CONFIRMED,,1,the-undertaker,1,0,FALSE,FALSE,FALSE,FALSE,FALSE,FALSE,FALSE,FALSE,FALSE,FALSE,FALSE,FALSE,WWF,PROBABLE,FALSE,CONFIRMED,S047;S048;S670;S1233;S1700;S1788,"Officially the #30 (final-numbered) entrant, though Steve Austin's actual physical ring entry came 1 second after his -- see F130.",
RR2002M,al-snow,RR2002M,6,CONFIRMED,Al Snow,Al Snow,3,4,FALSE,2001,Eliminated (elim #8),8,FALSE,FALSE,N/A,FALSE,N/A,"38 Years, 6 Months, 2 Days",DERIVED,1.85,107,"Lima, Ohio",PROBABLE,Face,PROBABLE,,,,,N/A,N/A,N/A,N/A,N/A,N/A,FALSE,FALSE,5,CONFIRMED,the-undertaker,13:26,806,5:12,312,PROBABLE,,1,lance-storm,1,0,FALSE,FALSE,FALSE,FALSE,FALSE,FALSE,FALSE,FALSE,FALSE,FALSE,FALSE,FALSE,WWF,PROBABLE,FALSE,CONFIRMED,S040;S049;S050;S481;S044;S045;S479;S662;S040;S049;S050;S481;S044;S045;S479;S662;S040;S049;S050;S481;S044;S045;S479;S662;S040;S049;S050;S481;S044;S045;S479;S662;S040;S049;S050;S481;S044;S045;S479;S662;S040;S049;S050;S481;S044;S045;S479;S662;S040;S049;S050;S481;S044;S045;S479;S662;S040;S049;S050;S481;S044;S045;S479;S662;S1222;S1700;S1789;S1758,,CONFIRMED
RR2002M,prince-albert,RR2002M,17,CONFIRMED,Albert,Albert,2,3,FALSE,2001,Eliminated (elim #20),20,FALSE,FALSE,N/A,FALSE,N/A,"29 Years, 2 Months, 6 Days",DERIVED,2.01,159,"Boston, Massachusetts",PROBABLE,Heel,PROBABLE,,,,,N/A,N/A,N/A,N/A,N/A,N/A,FALSE,FALSE,14,CONFIRMED,chuck-palumbo;christian,34:02,2042,0:48,48,PROBABLE,,0,,0,0,FALSE,FALSE,FALSE,FALSE,FALSE,FALSE,FALSE,FALSE,FALSE,FALSE,FALSE,FALSE,WWF,PROBABLE,FALSE,CONFIRMED,S040;S049;S050;S481;S673;S1312;S1700;S1789;S1758,,CONFIRMED
RR2002M,big-show,RR2002M,27,CONFIRMED,Big Show,Big Show,2,3,FALSE,2001,Eliminated (elim #17),17,FALSE,FALSE,N/A,FALSE,N/A,"29 Years, 11 Months, 12 Days",DERIVED,2.13,227,"Tampa, Florida",PROBABLE,Face,PROBABLE,,,,,N/A,N/A,N/A,N/A,N/A,N/A,FALSE,FALSE,23,CONFIRMED,kane,58:21,3501,2:45,165,PROBABLE,,0,,0,0,FALSE,FALSE,FALSE,FALSE,FALSE,FALSE,FALSE,FALSE,FALSE,FALSE,FALSE,FALSE,WWF,PROBABLE,FALSE,CONFIRMED,S040;S049;S050;S481;S675;S1238;S1700;S1789;S1758,,CONFIRMED
RR2002M,billy-gunn,RR2002M,7,CONFIRMED,Billy Gunn,Billy Gunn,5,6,FALSE,2001,Eliminated (elim #27),27,FALSE,FALSE,N/A,FALSE,N/A,"38 Years, 2 Months, 19 Days",DERIVED,1.96,118,"Austin, Texas",PROBABLE,Heel,PROBABLE,,Rico,Billy and Chuck,,N/A,N/A,N/A,N/A,N/A,N/A,FALSE,FALSE,7,CONFIRMED,the-undertaker,13:46,826,3:37,217,PROBABLE,,1,bradshaw,1,0,FALSE,FALSE,FALSE,FALSE,FALSE,FALSE,FALSE,FALSE,FALSE,FALSE,FALSE,FALSE,WWF,PROBABLE,FALSE,CONFIRMED,S040;S049;S050;S481;S487;S483;S044;S045;S479;S024;S029;S035;S470;S466;S481;S593;S595;S067;S073;S040;S052;S042;S481;S044;S045;S479;S024;S029;S035;S470;S466;S481;S593;S595;S067;S073;S040;S052;S042;S481;S044;S045;S479;S024;S029;S035;S470;S466;S481;S593;S595;S067;S073;S040;S052;S042;S481;S044;S045;S479;S024;S029;S035;S470;S466;S481;S593;S595;S067;S073;S040;S052;S042;S481;S044;S045;S479;S024;S029;S035;S470;S466;S481;S593;S595;S067;S073;S040;S052;S042;S481;S044;S045;S479;S024;S029;S035;S470;S466;S481;S593;S595;S067;S073;S040;S052;S042;S481;S044;S045;S479;S024;S029;S035;S470;S466;S481;S593;S595;S067;S073;S040;S052;S042;S481;S044;S045;S479;S024;S029;S035;S470;S466;S481;S593;S595;S1224;S1700;S1789;S1758,,CONFIRMED
RR2002M,booker-t,RR2002M,30,CONFIRMED,Booker T,Booker T,0,1,TRUE,N/A,N/A,N/A,TRUE,FALSE,N/A,FALSE,N/A,"36 Years, 10 Months, 19 Days",DERIVED,1.91,116,"Houston, Texas",PROBABLE,Heel,PROBABLE,,,,,N/A,N/A,N/A,N/A,N/A,N/A,FALSE,FALSE,26,CONFIRMED,steve-austin,62:06,3726,0:33,33,PROBABLE,,1,rob-van-dam,1,0,FALSE,FALSE,FALSE,FALSE,FALSE,FALSE,FALSE,FALSE,FALSE,FALSE,FALSE,FALSE,WWF,PROBABLE,FALSE,CONFIRMED,S040;S049;S050;S481;S686;S1248;S1700;S1789;S1758,,CONFIRMED
RR2002M,big-boss-man,RR2002M,3,CONFIRMED,Big Bossman,Big Bossman,4,5,FALSE,2000,Eliminated (elim #15),15,FALSE,FALSE,N/A,FALSE,N/A,"38 Years, 8 Months, 18 Days",DERIVED,1.98,150,"Cobb County, Georgia",PROBABLE,Heel,PROBABLE,,,,,N/A,N/A,N/A,N/A,N/A,N/A,FALSE,FALSE,1,CONFIRMED,rikishi,5:25,325,3:05,185,PROBABLE,,0,,0,0,FALSE,FALSE,FALSE,FALSE,FALSE,FALSE,FALSE,FALSE,FALSE,FALSE,FALSE,FALSE,WWF,PROBABLE,FALSE,CONFIRMED,S040;S049;S050;S481;S044;S045;S479;S664;S040;S049;S050;S481;S044;S045;S479;S664;S040;S049;S050;S481;S044;S045;S479;S664;S040;S049;S050;S481;S044;S045;S479;S664;S040;S049;S050;S481;S044;S045;S479;S664;S040;S049;S050;S481;S044;S045;S479;S664;S040;S049;S050;S481;S044;S045;S479;S664;S040;S049;S050;S481;S044;S045;S479;S664;S1226;S1700;S1789;S1758,,CONFIRMED
RR2002M,bradshaw,RR2002M,4,CONFIRMED,Bradshaw,Bradshaw,3,4,FALSE,2001,Eliminated (elim #18),18,FALSE,FALSE,N/A,FALSE,N/A,"35 Years, 1 Months, 22 Days",DERIVED,1.98,132,"Sweetwater, Texas",PROBABLE,Face,PROBABLE,,,The APA (w/ Faarooq),,N/A,N/A,N/A,N/A,N/A,N/A,FALSE,FALSE,3,CONFIRMED,billy-gunn,11:30,690,7:17,437,PROBABLE,,0,,0,0,FALSE,FALSE,FALSE,FALSE,FALSE,FALSE,FALSE,FALSE,FALSE,FALSE,FALSE,FALSE,WWF,PROBABLE,FALSE,CONFIRMED,S040;S049;S050;S481;S487;S024;S043;S050;S474;S481;S645;S067;S073;S040;S052;S042;S481;S024;S043;S050;S474;S481;S645;S067;S073;S040;S052;S042;S481;S024;S043;S050;S474;S481;S645;S067;S073;S040;S052;S042;S481;S024;S043;S050;S474;S481;S645;S067;S073;S040;S052;S042;S481;S024;S043;S050;S474;S481;S645;S067;S073;S040;S052;S042;S481;S024;S043;S050;S474;S481;S645;S067;S073;S040;S052;S042;S481;S024;S043;S050;S474;S481;S645;S067;S073;S040;S052;S042;S481;S024;S043;S050;S474;S481;S645;S1312;S1700;S1789;S1758,,CONFIRMED
RR2002M,christian,RR2002M,13,CONFIRMED,Christian,Christian,1,2,FALSE,2000,Eliminated (elim #2),2,FALSE,FALSE,N/A,FALSE,N/A,"28 Years, 1 Months, 21 Days",DERIVED,1.85,103,"Toronto, Ontario, Canada",PROBABLE,Heel,PROBABLE,,,,,WWF European Championship,Other,N/A,1,2001-11-01,80,FALSE,FALSE,16,CONFIRMED,steve-austin,37:13,2233,12:14,734,PROBABLE,,3,diamond-dallas-page;prince-albert;the-godfather,1,2,FALSE,FALSE,FALSE,FALSE,FALSE,FALSE,FALSE,FALSE,FALSE,FALSE,FALSE,FALSE,WWF,PROBABLE,FALSE,CONFIRMED,S040;S049;S050;S481;S487;S483;S669;S1232;S1700;S1789;S1758,,CONFIRMED
RR2002M,chuck-palumbo,RR2002M,15,CONFIRMED,Chuck Palumbo,Chuck Palumbo,0,1,TRUE,N/A,N/A,N/A,TRUE,FALSE,N/A,FALSE,N/A,"30 Years, 7 Months, 5 Days",DERIVED,2.01,127,"San Diego, California",PROBABLE,Face,PROBABLE,,Rico,Billy and Chuck,,N/A,N/A,N/A,N/A,N/A,N/A,FALSE,FALSE,17,CONFIRMED,steve-austin,38:00,2280,9:04,544,PROBABLE,,2,prince-albert;the-godfather,0,2,FALSE,FALSE,FALSE,FALSE,FALSE,FALSE,FALSE,FALSE,FALSE,FALSE,FALSE,FALSE,WWF,PROBABLE,FALSE,CONFIRMED,S040;S049;S050;S481;S487;S483;S687;S1249;S1700;S1789;S1758,,CONFIRMED
RR2002M,diamond-dallas-page,RR2002M,14,CONFIRMED,Diamond Dallas Page,Diamond Dallas Page,0,1,TRUE,N/A,N/A,N/A,TRUE,FALSE,N/A,FALSE,N/A,"45 Years, 9 Months, 15 Days",DERIVED,1.96,115,The Jersey Shore,PROBABLE,Face,PROBABLE,,,,,N/A,N/A,N/A,N/A,N/A,N/A,FALSE,FALSE,13,CONFIRMED,christian,32:11,1931,5:15,315,PROBABLE,,1,scott-taylor,1,0,FALSE,FALSE,FALSE,FALSE,FALSE,FALSE,FALSE,FALSE,FALSE,FALSE,FALSE,FALSE,WWF,PROBABLE,FALSE,CONFIRMED,S040;S049;S050;S481;S688;S1250;S1700;S1789;S1758,,CONFIRMED
RR2002M,faarooq,RR2002M,24,CONFIRMED,Faarooq,Faarooq,4,5,FALSE,2001,Eliminated (elim #2),2,FALSE,FALSE,N/A,FALSE,N/A,"43 Years, 8 Months, 5 Days",DERIVED,1.88,123,"Warner Robins, Georgia",PROBABLE,Heel,PROBABLE,,,The APA (w/ Bradshaw),,N/A,N/A,N/A,N/A,N/A,N/A,FALSE,FALSE,22,CONFIRMED,hunter-hearst-helmsley,49:40,2980,0:36,36,PROBABLE,,0,,0,0,FALSE,FALSE,FALSE,FALSE,FALSE,FALSE,FALSE,FALSE,FALSE,FALSE,FALSE,FALSE,WWF,PROBABLE,FALSE,CONFIRMED,S024;S037;S040;S049;S050;S051;S481;S487;S024;S043;S050;S478;S474;S481;S638;S024;S037;S040;S049;S050;S051;S481;S487;S024;S043;S050;S478;S474;S481;S638;S024;S037;S040;S049;S050;S051;S481;S487;S024;S043;S050;S478;S474;S481;S638;S024;S037;S040;S049;S050;S051;S481;S487;S024;S043;S050;S478;S474;S481;S638;S024;S037;S040;S049;S050;S051;S481;S487;S024;S043;S050;S478;S474;S481;S638;S024;S037;S040;S049;S050;S051;S481;S487;S024;S043;S050;S478;S474;S481;S638;S024;S037;S040;S049;S050;S051;S481;S487;S024;S043;S050;S478;S474;S481;S638;S024;S037;S040;S049;S050;S051;S481;S487;S024;S043;S050;S478;S474;S481;S638;S1202;S1700;S1789;S1758,,CONFIRMED
RR2002M,the-godfather,RR2002M,16,CONFIRMED,The Godfather,The Godfather,3,4,FALSE,2001,Eliminated (elim #12),12,FALSE,FALSE,N/A,FALSE,N/A,"40 Years, 8 Months, 4 Days",DERIVED,1.98,150,"Las Vegas, Nevada",PROBABLE,Face,PROBABLE,,,,,N/A,N/A,N/A,N/A,N/A,N/A,FALSE,FALSE,15,CONFIRMED,chuck-palumbo;christian,34:44,2084,1:48,108,PROBABLE,,0,,0,0,FALSE,FALSE,FALSE,FALSE,FALSE,FALSE,FALSE,FALSE,FALSE,FALSE,FALSE,FALSE,WWF,PROBABLE,FALSE,CONFIRMED,S040;S049;S050;S481;S044;S045;S479;S622;S040;S049;S050;S481;S044;S045;S479;S622;S040;S049;S050;S481;S044;S045;S479;S622;S040;S049;S050;S481;S044;S045;S479;S622;S040;S049;S050;S481;S044;S045;S479;S622;S040;S049;S050;S481;S044;S045;S479;S622;S040;S049;S050;S481;S044;S045;S479;S622;S040;S049;S050;S481;S044;S045;S479;S622;S1312;S1700;S1789;S1758,,CONFIRMED
RR2002M,goldust,RR2002M,2,CONFIRMED,Goldust,Goldust,3,4,FALSE,1999,Eliminated (elim #15),15,FALSE,FALSE,N/A,TRUE,a few years,"32 Years, 9 Months, 9 Days",DERIVED,1.98,105,"Hollywood, California",PROBABLE,Heel,PROBABLE,Goldust,,,,N/A,N/A,N/A,N/A,N/A,N/A,FALSE,FALSE,4,CONFIRMED,the-undertaker,12:38,758,12:38,758,PROBABLE,,0,,0,0,FALSE,FALSE,FALSE,FALSE,FALSE,FALSE,FALSE,FALSE,FALSE,FALSE,FALSE,FALSE,WWF,PROBABLE,FALSE,CONFIRMED,S040;S049;S050;S481;S487;S044;S045;S634;S065;S066;S488;S044;S045;S634;S065;S066;S488;S044;S045;S634;S065;S066;S488;S044;S045;S634;S065;S066;S488;S044;S045;S634;S065;S066;S488;S044;S045;S634;S065;S066;S488;S044;S045;S634;S065;S066;S488;S044;S045;S634;S1312;S1700;S1725;S1789;S1758,,CONFIRMED
RR2002M,jeff-hardy,RR2002M,10,CONFIRMED,Jeff Hardy,Jeff Hardy,1,2,FALSE,2001,Eliminated (elim #4),4,FALSE,FALSE,N/A,FALSE,N/A,"24 Years, 4 Months, 20 Days",DERIVED,1.85,102,"Cameron, North Carolina",PROBABLE,Face,PROBABLE,,,The Hardy Boyz (w/ Matt Hardy),,N/A,N/A,N/A,N/A,N/A,N/A,FALSE,FALSE,8,CONFIRMED,the-undertaker,18:22,1102,1:30,90,PROBABLE,,0,,0,0,FALSE,FALSE,FALSE,FALSE,FALSE,FALSE,FALSE,FALSE,FALSE,FALSE,FALSE,FALSE,WWF,PROBABLE,FALSE,CONFIRMED,S040;S049;S050;S481;S487;S676;S1239;S1700;S1789;S1758,Eliminated by Undertaker; per S049 both then 'jumped back in' as non-canonical interference shortly before Maven's famous elimination of Undertaker -- not modeled as a second appearance. See F136.,CONFIRMED
RR2002M,kane,RR2002M,28,CONFIRMED,Kane,Kane,5,6,FALSE,2001,Runner-up (elim #29),29,FALSE,FALSE,N/A,FALSE,N/A,"34 Years, 8 Months, 25 Days",DERIVED,2.13,147,Parts Unknown,PROBABLE,Face,PROBABLE,,,The Brothers of Destruction (w/ The Undertaker),,N/A,N/A,N/A,N/A,N/A,N/A,FALSE,FALSE,24,CONFIRMED,kurt-angle,58:38,3518,1:02,62,PROBABLE,,1,big-show,1,0,FALSE,FALSE,FALSE,FALSE,FALSE,FALSE,FALSE,FALSE,FALSE,FALSE,FALSE,FALSE,WWF,PROBABLE,TRUE,CONFIRMED,S040;S049;S050;S481;S487;S044;S045;S479;S628;S068;S069;S044;S045;S479;S628;S068;S069;S044;S045;S479;S628;S068;S069;S044;S045;S479;S628;S068;S069;S044;S045;S479;S628;S068;S069;S044;S045;S479;S628;S068;S069;S044;S045;S479;S628;S068;S069;S044;S045;S479;S628;S1223;S1700;S1789;S1758,,CONFIRMED
RR2002M,kurt-angle,RR2002M,26,CONFIRMED,Kurt Angle,Kurt Angle,0,1,TRUE,N/A,N/A,N/A,TRUE,FALSE,N/A,FALSE,N/A,"33 Years, 1 Months, 11 Days",DERIVED,1.83,100,"Pittsburgh, Pennsylvania",PROBABLE,Heel,PROBABLE,,,,,N/A,N/A,N/A,N/A,N/A,N/A,FALSE,FALSE,29,CONFIRMED,hunter-hearst-helmsley,69:25,4165,16:09,969,PROBABLE,,2,kane;steve-austin,1,1,FALSE,FALSE,TRUE,TRUE,TRUE,TRUE,FALSE,FALSE,FALSE,FALSE,FALSE,FALSE,WWF,PROBABLE,FALSE,CONFIRMED,S040;S049;S050;S481;S689;S1251;S1700;S1789;S1758,,CONFIRMED
RR2002M,lance-storm,RR2002M,5,CONFIRMED,Lance Storm,Lance Storm,0,1,TRUE,N/A,N/A,N/A,TRUE,FALSE,N/A,FALSE,N/A,"32 Years, 9 Months, 17 Days",DERIVED,1.80,105,"Calgary, Alberta, Canada",PROBABLE,Heel,PROBABLE,,,,,N/A,N/A,N/A,N/A,N/A,N/A,FALSE,FALSE,2,CONFIRMED,al-snow,11:02,662,4:46,286,PROBABLE,,0,,0,0,FALSE,FALSE,FALSE,FALSE,FALSE,FALSE,FALSE,FALSE,FALSE,FALSE,FALSE,FALSE,WWF,PROBABLE,FALSE,CONFIRMED,S040;S049;S050;S481;S690;S1252;S1700;S1789;S1758,,CONFIRMED
RR2002M,matt-hardy,RR2002M,9,CONFIRMED,Matt Hardy,Matt Hardy,1,2,FALSE,2001,Eliminated (elim #3),3,FALSE,FALSE,N/A,FALSE,N/A,"27 Years, 3 Months, 28 Days",DERIVED,1.88,107,"Cameron, North Carolina",PROBABLE,Face,PROBABLE,,,The Hardy Boyz (w/ Jeff Hardy),,N/A,N/A,N/A,N/A,N/A,N/A,FALSE,FALSE,9,CONFIRMED,the-undertaker,18:53,1133,4:16,256,PROBABLE,,0,,0,0,FALSE,FALSE,FALSE,FALSE,FALSE,FALSE,FALSE,FALSE,FALSE,FALSE,FALSE,FALSE,WWF,PROBABLE,FALSE,CONFIRMED,S040;S049;S050;S481;S487;S678;S1241;S1700;S1789;S1758,Eliminated by Undertaker; per S049 both then 'jumped back in' as non-canonical interference shortly before Maven's famous elimination of Undertaker -- not modeled as a second appearance. See F136.,CONFIRMED
RR2002M,maven,RR2002M,11,CONFIRMED,Maven,Maven,0,1,TRUE,N/A,N/A,N/A,TRUE,FALSE,N/A,FALSE,N/A,"25 Years, 1 Months, 25 Days",DERIVED,1.88,100,"Charlottesville, Virginia",PROBABLE,Face,PROBABLE,,,,,N/A,N/A,N/A,N/A,N/A,N/A,FALSE,FALSE,11,CONFIRMED,the-undertaker,22:59,1379,3:35,215,PROBABLE,,1,the-undertaker,1,0,FALSE,FALSE,FALSE,FALSE,FALSE,FALSE,FALSE,FALSE,FALSE,FALSE,FALSE,FALSE,WWF,PROBABLE,FALSE,CONFIRMED,S049;S050;S481;S691;S1253;S1700;S1789;S1758,One of the most famous surprise eliminations in Royal Rumble history -- eliminated The Undertaker.,CONFIRMED
RR2002M,mr-perfect,RR2002M,25,CONFIRMED,Mr. Perfect,Mr. Perfect,4,5,FALSE,1993,Eliminated (elim #8),8,FALSE,FALSE,N/A,TRUE,UNKNOWN,"43 Years, 9 Months, 23 Days",DERIVED,1.91,117,"Robbinsdale, Minnesota",PROBABLE,Heel,PROBABLE,Mr. Perfect,,,,N/A,N/A,N/A,N/A,N/A,N/A,FALSE,FALSE,28,CONFIRMED,hunter-hearst-helmsley,67:06,4026,15:18,918,PROBABLE,,1,steve-austin,0,1,FALSE,FALSE,FALSE,FALSE,TRUE,TRUE,FALSE,TRUE,FALSE,TRUE,FALSE,FALSE,WWF,PROBABLE,FALSE,CONFIRMED,S040;S049;S050;S481;S487;S040;S049;S050;S481;S487;S040;S049;S050;S481;S487;S040;S049;S050;S481;S487;S040;S049;S050;S481;S487;S040;S049;S050;S481;S487;S040;S049;S050;S481;S487;S040;S049;S050;S481;S487;S040;S049;S050;S481;S487;S040;S049;S050;S481;S487;S040;S049;S050;S481;S487;S040;S049;S050;S481;S487;S040;S049;S050;S481;S487;S040;S049;S050;S481;S487;S040;S049;S050;S481;S487;S040;S049;S050;S481;S487;S1254;S1700;S1725;S1789;S1758,Event-time billing carried forward from RR1993M for the same documented persona; PROBABLE pending a direct 2002 event source.,CONFIRMED
RR2002M,perry-saturn,RR2002M,18,CONFIRMED,Perry Saturn,Perry Saturn,1,2,FALSE,2001,Eliminated (elim #10),10,FALSE,FALSE,N/A,FALSE,N/A,"35 Years, 2 Months, 26 Days",DERIVED,1.78,109,"Boston, Massachusetts",PROBABLE,Face,PROBABLE,,,,,N/A,N/A,N/A,N/A,N/A,N/A,FALSE,FALSE,18,CONFIRMED,steve-austin,38:07,2287,2:57,177,PROBABLE,,0,,0,0,FALSE,FALSE,FALSE,FALSE,FALSE,FALSE,FALSE,FALSE,FALSE,FALSE,FALSE,FALSE,WWF,PROBABLE,FALSE,CONFIRMED,S040;S049;S050;S481;S681;S1244;S1700;S1789;S1758,,CONFIRMED
RR2002M,rikishi,RR2002M,1,CONFIRMED,Rikishi,Rikishi,7,8,FALSE,2001,Eliminated (elim #26),26,FALSE,FALSE,N/A,FALSE,N/A,"36 Years, 3 Months, 9 Days",DERIVED,1.85,193,The Isle of Samoa,PROBABLE,Face,PROBABLE,,,,,N/A,N/A,N/A,N/A,N/A,N/A,FALSE,FALSE,6,CONFIRMED,the-undertaker,13:39,819,13:39,819,PROBABLE,,1,big-boss-man,1,0,FALSE,FALSE,FALSE,FALSE,FALSE,FALSE,FALSE,FALSE,FALSE,FALSE,FALSE,FALSE,WWF,PROBABLE,FALSE,CONFIRMED,S040;S049;S050;S481;S670;S1233;S1700;S1789;S1758,,CONFIRMED
RR2002M,rob-van-dam,RR2002M,29,CONFIRMED,Rob Van Dam,Rob Van Dam,0,1,TRUE,N/A,N/A,N/A,TRUE,FALSE,N/A,FALSE,N/A,"31 Years, 1 Months, 2 Days",DERIVED,1.83,107,"Battle Creek, Michigan",PROBABLE,Face,PROBABLE,,,,,N/A,N/A,N/A,N/A,N/A,N/A,FALSE,FALSE,25,CONFIRMED,booker-t,61:40,3700,2:12,132,PROBABLE,,0,,0,0,FALSE,FALSE,FALSE,FALSE,FALSE,FALSE,FALSE,FALSE,FALSE,FALSE,FALSE,FALSE,WWF,PROBABLE,FALSE,CONFIRMED,S040;S049;S050;S481;S692;S1255;S1700;S1789;S1758,"Hit a Frog Splash on Kurt Angle; weakened by a Triple H Pedigree, then eliminated by Booker T -- see F138.",CONFIRMED
RR2002M,scott-taylor,RR2002M,12,CONFIRMED,Scotty Too Hotty,Scotty Too Hotty,2,3,FALSE,2001,Eliminated (elim #23),23,FALSE,FALSE,N/A,FALSE,N/A,,UNKNOWN,1.75,95,"Westbrook, Maine",PROBABLE,Face,PROBABLE,,,,,N/A,N/A,N/A,N/A,N/A,N/A,FALSE,FALSE,12,CONFIRMED,diamond-dallas-page,28:30,1710,2:36,156,PROBABLE,,0,,0,0,FALSE,FALSE,FALSE,FALSE,FALSE,FALSE,FALSE,FALSE,FALSE,FALSE,FALSE,FALSE,WWF,PROBABLE,FALSE,CONFIRMED,S040;S049;S050;S481;S729;S1312;S1700;S1789;S1758,,CONFIRMED
RR2002M,steve-austin,RR2002M,19,CONFIRMED,Steve Austin,Steve Austin,5,6,FALSE,2001,Won,N/A,FALSE,FALSE,N/A,FALSE,N/A,"37 Years, 1 Months, 2 Days",DERIVED,1.88,114,"Victoria, Texas",PROBABLE,Face,PROBABLE,Stone Cold,,,,N/A,N/A,N/A,N/A,N/A,N/A,FALSE,FALSE,27,CONFIRMED,kurt-angle;mr-perfect,64:13,3853,26:46,1606,PROBABLE,,7,booker-t;christian;chuck-palumbo;perry-saturn;test;the-hurricane;val-venis,6,1,FALSE,FALSE,FALSE,FALSE,FALSE,TRUE,FALSE,FALSE,FALSE,FALSE,FALSE,FALSE,WWF,PROBABLE,FALSE,CONFIRMED,S040;S049;S050;S481;S487;S044;S045;S479;S624;S040;S049;S050;S481;S487;S044;S045;S479;S624;S040;S049;S050;S481;S487;S044;S045;S479;S624;S040;S049;S050;S481;S487;S044;S045;S479;S624;S040;S049;S050;S481;S487;S044;S045;S479;S624;S040;S049;S050;S481;S487;S044;S045;S479;S624;S040;S049;S050;S481;S487;S044;S045;S479;S624;S040;S049;S050;S481;S487;S044;S045;S479;S624;S1214;S1700;S1789;S1758,"Eliminated 6 opponents (Christian, Perry Saturn, Chuck Palumbo, Val Venis, Test, Booker T) and shared credit for The Hurricane, before being eliminated by Kurt Angle in the Final Four. Per S049, after his elimination Austin briefly 're-entered' to attack with a chair as non-canonical interference -- not modeled as a second appearance, mirroring the Hardys' situation -- see F136.",CONFIRMED
RR2002M,test,RR2002M,21,CONFIRMED,Test,Test,3,4,FALSE,2001,Eliminated (elim #15),15,FALSE,FALSE,N/A,FALSE,N/A,"26 Years, 10 Months, 3 Days",DERIVED,1.98,129,"Toronto, Ontario, Canada",PROBABLE,Heel,PROBABLE,,,,,N/A,N/A,N/A,N/A,N/A,N/A,FALSE,FALSE,20,CONFIRMED,steve-austin,43:21,2601,1:42,102,PROBABLE,,0,,0,0,FALSE,FALSE,FALSE,FALSE,FALSE,FALSE,FALSE,FALSE,FALSE,FALSE,FALSE,FALSE,WWF,PROBABLE,FALSE,CONFIRMED,S040;S049;S050;S481;S044;S045;S479;S663;S067;S044;S045;S479;S663;S067;S044;S045;S479;S663;S067;S044;S045;S479;S663;S067;S044;S045;S479;S663;S067;S044;S045;S479;S663;S067;S044;S045;S479;S663;S067;S044;S045;S479;S663;S1225;S1700;S1789;S1758,,CONFIRMED
RR2002M,the-hurricane,RR2002M,23,CONFIRMED,The Hurricane,The Hurricane,0,1,TRUE,N/A,N/A,N/A,TRUE,FALSE,N/A,FALSE,N/A,"27 Years, 6 Months, 8 Days",DERIVED,1.83,98,"Raleigh, North Carolina",PROBABLE,Face,PROBABLE,The Hurricane,,,,N/A,N/A,N/A,N/A,N/A,N/A,FALSE,FALSE,21,CONFIRMED,steve-austin;hunter-hearst-helmsley,48:07,2887,0:39,39,PROBABLE,,0,,0,0,FALSE,FALSE,FALSE,FALSE,FALSE,FALSE,FALSE,FALSE,FALSE,FALSE,FALSE,FALSE,WWF,PROBABLE,TRUE,CONFIRMED,S040;S049;S050;S481;S487;S693;S1256;S1700;S1789;S1758,Shared elimination credit between Steve Austin and Triple H -- see F137.,CONFIRMED
RR2002M,hunter-hearst-helmsley,RR2002M,22,CONFIRMED,Triple H,Triple H,3,4,FALSE,1999,Eliminated (elim #25),25,FALSE,FALSE,N/A,FALSE,N/A,"32 Years, 5 Months, 24 Days",DERIVED,1.93,120,"Greenwich, Connecticut",PROBABLE,Face,PROBABLE,The Game,,,,N/A,N/A,N/A,N/A,N/A,N/A,FALSE,FALSE,,N/A,,,,23:14,1394,PROBABLE,,4,faarooq;kurt-angle;mr-perfect;the-hurricane,3,1,FALSE,TRUE,FALSE,TRUE,TRUE,TRUE,FALSE,FALSE,FALSE,FALSE,FALSE,FALSE,WWF,PROBABLE,FALSE,CONFIRMED,S024;S037;S040;S049;S050;S051;S044;S045;S479;S619;S024;S037;S040;S049;S050;S051;S044;S045;S479;S619;S024;S037;S040;S049;S050;S051;S044;S045;S479;S619;S024;S037;S040;S049;S050;S051;S044;S045;S479;S619;S024;S037;S040;S049;S050;S051;S044;S045;S479;S619;S024;S037;S040;S049;S050;S051;S044;S045;S479;S619;S024;S037;S040;S049;S050;S051;S044;S045;S479;S619;S024;S037;S040;S049;S050;S051;S044;S045;S479;S619;S1227;S1700;S1789,"Entry number CORRECTED from 24 to 22, 2026-09-16 -- 5 independent sources (Wikipedia, WWE.com's own official history page, allrumblestats.com, TJRwrestling.net, thesmackdownhotel.com/PWDB) unanimously agree. One outlier (a Cageside Seats stats article giving #20) was checked and discounted as a probable extraction error -- see F174 (resolved).",
RR2002M,the-undertaker,RR2002M,8,CONFIRMED,The Undertaker,The Undertaker,5,6,FALSE,2001,Eliminated (elim #25),25,FALSE,FALSE,N/A,FALSE,N/A,"36 Years, 9 Months, 27 Days",DERIVED,2.08,140,Death Valley,PROBABLE,Heel,PROBABLE,,,The Brothers of Destruction (w/ Kane),,WWF Hardcore Championship,Other,N/A,1,2001-12-09,42,FALSE,FALSE,10,CONFIRMED,maven,20:17,1217,7:40,460,PROBABLE,,6,al-snow;billy-gunn;goldust;jeff-hardy;matt-hardy;rikishi,6,0,FALSE,FALSE,FALSE,FALSE,FALSE,FALSE,FALSE,FALSE,FALSE,FALSE,FALSE,FALSE,WWF,PROBABLE,FALSE,CONFIRMED,S040;S049;S050;S481;S487;S483;S033;S034;S027;S028;S465;S469;S543;S065;S066;S488;S033;S034;S027;S028;S465;S469;S543;S065;S066;S488;S033;S034;S027;S028;S465;S469;S543;S065;S066;S488;S033;S034;S027;S028;S465;S469;S543;S065;S066;S488;S033;S034;S027;S028;S465;S469;S543;S065;S066;S488;S033;S034;S027;S028;S465;S469;S543;S065;S066;S488;S033;S034;S027;S028;S465;S469;S543;S065;S066;S488;S033;S034;S027;S028;S465;S469;S543;S1312;S1700;S1789;S1758,"Eliminated 6 opponents (Billy Gunn, Al Snow, Rikishi, Goldust, Matt Hardy, Jeff Hardy) before being famously eliminated by Maven -- see F136.",CONFIRMED
RR2002M,val-venis,RR2002M,20,CONFIRMED,Val Venis,Val Venis,3,4,FALSE,2001,Eliminated (elim #22),22,FALSE,FALSE,N/A,FALSE,N/A,"30 Years, 10 Months, 14 Days",DERIVED,1.91,111,"Las Vegas, Nevada",PROBABLE,Heel,PROBABLE,,,,,N/A,N/A,N/A,N/A,N/A,N/A,FALSE,FALSE,19,CONFIRMED,steve-austin,43:11,2591,2:58,178,PROBABLE,,0,,0,0,FALSE,FALSE,FALSE,FALSE,FALSE,FALSE,FALSE,FALSE,FALSE,FALSE,FALSE,FALSE,WWF,PROBABLE,FALSE,CONFIRMED,S040;S049;S050;S481;S044;S045;S665;S040;S049;S050;S481;S044;S045;S665;S040;S049;S050;S481;S044;S045;S665;S040;S049;S050;S481;S044;S045;S665;S040;S049;S050;S481;S044;S045;S665;S040;S049;S050;S481;S044;S045;S665;S040;S049;S050;S481;S044;S045;S665;S040;S049;S050;S481;S044;S045;S665;S1228;S1700;S1789;S1758,,CONFIRMED
RR1998M,skull,RR1998M,22,CONFIRMED,Skull,Skull,0,1,TRUE,N/A,N/A,N/A,TRUE,FALSE,N/A,FALSE,N/A,,,1.96,135,"Nashville, Tennessee",PROBABLE,Face,PROBABLE,,,The Disciples of Apocalypse,,N/A,N/A,N/A,N/A,N/A,N/A,N/A,N/A,,N/A,,,,,,,,0,,0,0,FALSE,FALSE,FALSE,FALSE,FALSE,FALSE,FALSE,FALSE,FALSE,FALSE,FALSE,FALSE,WWF,PROBABLE,FALSE,PROBABLE,S050;S053;S478;S601;S1308;S1700;S1785,"Advertised for this slot but never entered -- attacked by Los Boricuas prior to the match, mistaken for Steve Austin. See F141 (resolved).",
RR1998M,vader,RR1998M,30,CONFIRMED,Vader,Vader,2,3,FALSE,1997,Eliminated (elim #26),26,FALSE,FALSE,N/A,FALSE,N/A,"42 Years, 8 Months, 4 Days",DERIVED,1.96,204,The Rocky Mountains,PROBABLE,Face,PROBABLE,,,,,N/A,N/A,N/A,N/A,N/A,N/A,N/A,N/A,21,CONFIRMED,goldust,,,2:15,135,PROBABLE,,1,the-honky-tonk-man,1,0,FALSE,FALSE,FALSE,FALSE,FALSE,FALSE,FALSE,FALSE,FALSE,FALSE,FALSE,FALSE,WWF,PROBABLE,FALSE,CONFIRMED,S024;S050;S053;S474;S481;S626;S1257;S1700;S1785,Previously entirely missing from this event -- the true #30 entrant (the database had erroneously modeled this slot as 'Brian Lee'). See F141 (resolved).,CONFIRMED
RR2003M,shawn-michaels,RR2003M,1,CONFIRMED,Shawn Michaels,Shawn Michaels,6,7,FALSE,1996,Won,N/A,FALSE,FALSE,N/A,FALSE,N/A,"37 Years, 5 Months, 28 Days",DERIVED,1.85,102,"San Antonio, Texas",PROBABLE,Face,PROBABLE,The Heartbreak Kid,,,,N/A,N/A,N/A,N/A,N/A,N/A,FALSE,FALSE,1,CONFIRMED,chris-jericho,2:30,150,2:30,150,CONFIRMED,,0,,0,0,FALSE,FALSE,FALSE,FALSE,FALSE,FALSE,FALSE,FALSE,FALSE,FALSE,FALSE,FALSE,Raw,PROBABLE,FALSE,CONFIRMED,S065;S066;S488;S085;S086;S087;S088;S089;S090;S091;S092;S504;S499;S085;S086;S087;S088;S089;S090;S091;S092;S504;S499;S085;S086;S087;S088;S089;S090;S091;S092;S504;S499;S085;S086;S087;S088;S089;S090;S091;S092;S504;S499;S1258;S1700;S1790,Event-time billing carried forward from RR1996M for the same documented persona; PROBABLE pending a direct 2003 event source.,
RR2003M,chris-jericho,RR2003M,2,CONFIRMED,Chris Jericho,Chris Jericho,1,2,FALSE,2000,Eliminated (elim #10),10,FALSE,FALSE,N/A,FALSE,N/A,"32 Years, 2 Months, 10 Days",DERIVED,1.83,103,"Winnipeg, Manitoba, Canada",PROBABLE,Heel,PROBABLE,,,Chris Jericho & Christian,,N/A,N/A,N/A,N/A,N/A,N/A,FALSE,FALSE,14,CONFIRMED,test,38:59,2339,38:59,2339,CONFIRMED,,6,christian;edge;rey-mysterio;shawn-michaels;tommy-dreamer;yoshihiro-tajiri,5,1,FALSE,FALSE,FALSE,FALSE,FALSE,FALSE,FALSE,FALSE,FALSE,FALSE,FALSE,FALSE,Raw,PROBABLE,FALSE,CONFIRMED,S065;S066;S488;S671;S1235;S1700;S1790,"Ambushed Michaels before the bell to open the match. Narrative-credited with 6 total eliminations (Michaels, Edge, Christian named; 3 more unnamed) -- see F168. Eliminated by Test.",
RR2003M,chris-nowinski,RR2003M,3,CONFIRMED,Chris Nowinski,Chris Nowinski,0,1,TRUE,N/A,N/A,N/A,TRUE,FALSE,N/A,FALSE,N/A,"24 Years, 3 Months, 26 Days",DERIVED,1.96,122,Harvard University,PROBABLE,Heel,PROBABLE,,,,,N/A,N/A,N/A,N/A,N/A,N/A,FALSE,FALSE,2,CONFIRMED,rey-mysterio,9:06,546,4:39,279,CONFIRMED,,0,,0,0,FALSE,FALSE,FALSE,FALSE,FALSE,FALSE,FALSE,FALSE,FALSE,FALSE,FALSE,FALSE,Raw,PROBABLE,FALSE,CONFIRMED,S065;S066;S694;S1259;S1700;S1790,,
RR2003M,rey-mysterio,RR2003M,4,CONFIRMED,Rey Mysterio,Rey Mysterio,0,1,TRUE,N/A,N/A,N/A,TRUE,FALSE,N/A,FALSE,N/A,"28 Years, 1 Months, 8 Days",DERIVED,1.68,79,"San Diego, California",PROBABLE,Face,PROBABLE,,,Edge & Rey Mysterio,,N/A,N/A,N/A,N/A,N/A,N/A,FALSE,FALSE,3,CONFIRMED,chris-jericho,9:17,557,5:55,355,CONFIRMED,,1,chris-nowinski,1,0,FALSE,FALSE,FALSE,FALSE,FALSE,FALSE,FALSE,FALSE,FALSE,FALSE,FALSE,FALSE,SmackDown,PROBABLE,TRUE,CONFIRMED,S065;S066;S488;S695;S1313;S1700;S1790,,
RR2003M,edge,RR2003M,5,CONFIRMED,Edge,Edge,2,3,FALSE,2000,Eliminated (elim #14),14,FALSE,FALSE,N/A,FALSE,N/A,"29 Years, 2 Months, 20 Days",DERIVED,1.96,109,"Toronto, Ontario, Canada",PROBABLE,Face,PROBABLE,,,Edge & Rey Mysterio,,N/A,N/A,N/A,N/A,N/A,N/A,FALSE,FALSE,9,CONFIRMED,chris-jericho,15:51,951,11:03,663,CONFIRMED,,3,bill-demott;bull-buchanan;chavo-guerrero,3,0,FALSE,FALSE,FALSE,FALSE,FALSE,FALSE,FALSE,FALSE,FALSE,FALSE,FALSE,FALSE,SmackDown,PROBABLE,FALSE,CONFIRMED,S065;S066;S488;S044;S045;S479;S656;S068;S069;S436;S044;S045;S479;S656;S068;S069;S436;S044;S045;S479;S656;S068;S069;S436;S044;S045;S479;S656;S068;S069;S436;S044;S045;S479;S656;S068;S069;S436;S044;S045;S479;S656;S068;S069;S436;S044;S045;S479;S656;S068;S069;S436;S044;S045;S479;S656;S1216;S1700;S1790,,
RR2003M,christian,RR2003M,6,CONFIRMED,Christian,Christian,2,3,FALSE,2002,Eliminated (elim #16),16,FALSE,FALSE,N/A,FALSE,N/A,"29 Years, 1 Months, 20 Days",DERIVED,1.85,103,"Toronto, Ontario, Canada",PROBABLE,Heel,PROBABLE,,,Chris Jericho & Christian,,N/A,N/A,N/A,N/A,N/A,N/A,FALSE,FALSE,10,CONFIRMED,chris-jericho,15:51,951,9:02,542,CONFIRMED,,1,tommy-dreamer,0,1,FALSE,FALSE,FALSE,FALSE,FALSE,FALSE,FALSE,FALSE,FALSE,FALSE,FALSE,FALSE,Raw,PROBABLE,FALSE,CONFIRMED,S065;S066;S488;S669;S1232;S1700;S1790,,
RR2003M,chavo-guerrero,RR2003M,7,CONFIRMED,Chavo Guerrero,Chavo Guerrero,0,1,TRUE,N/A,N/A,N/A,TRUE,FALSE,N/A,FALSE,N/A,"32 Years, 2 Months, 30 Days",DERIVED,1.75,98,"El Paso, Texas",PROBABLE,Face,PROBABLE,,,Los Guerreros (w/ Eddie Guerrero),,WWE Tag Team Championship,Tag Team,Eddie Guerrero,1,2002-11-17,63,FALSE,FALSE,8,CONFIRMED,edge,15:32,932,7:10,430,CONFIRMED,,0,,0,0,FALSE,FALSE,FALSE,FALSE,FALSE,FALSE,FALSE,FALSE,FALSE,FALSE,FALSE,FALSE,SmackDown,PROBABLE,FALSE,CONFIRMED,S065;S066;S488;S484;S696;S1261;S1700;S1790,,
RR2003M,yoshihiro-tajiri,RR2003M,8,CONFIRMED,Yoshihiro Tajiri,Yoshihiro Tajiri,0,1,TRUE,N/A,N/A,N/A,TRUE,FALSE,N/A,FALSE,N/A,"32 Years, 3 Months, 21 Days",DERIVED,1.75,93,"Tokyo, Japan",PROBABLE,Face,PROBABLE,,,,,N/A,N/A,N/A,N/A,N/A,N/A,FALSE,FALSE,6,CONFIRMED,chris-jericho,14:37,877,4:41,281,CONFIRMED,,0,,0,0,FALSE,FALSE,FALSE,FALSE,FALSE,FALSE,FALSE,FALSE,FALSE,FALSE,FALSE,FALSE,SmackDown,PROBABLE,FALSE,CONFIRMED,S065;S066;S697;S1313;S1700;S1790,,
RR2003M,bill-demott,RR2003M,9,CONFIRMED,Bill DeMott,Bill DeMott,0,1,TRUE,N/A,N/A,N/A,TRUE,FALSE,N/A,FALSE,N/A,"36 Years, 2 Months, 9 Days",DERIVED,1.88,127,"Trenton, New Jersey",PROBABLE,Heel,PROBABLE,,,,,N/A,N/A,N/A,N/A,N/A,N/A,FALSE,FALSE,4,CONFIRMED,edge,13:37,817,2:13,133,CONFIRMED,,0,,0,0,FALSE,FALSE,FALSE,FALSE,FALSE,FALSE,FALSE,FALSE,FALSE,FALSE,FALSE,FALSE,SmackDown,PROBABLE,FALSE,CONFIRMED,S065;S066;S698;S1262;S1700;S1790,,
RR2003M,tommy-dreamer,RR2003M,10,CONFIRMED,Tommy Dreamer,Tommy Dreamer,0,1,TRUE,N/A,N/A,N/A,TRUE,FALSE,N/A,FALSE,N/A,"31 Years, 11 Months, 6 Days",DERIVED,1.88,120,"Yonkers, New York",PROBABLE,Face,PROBABLE,,,,,N/A,N/A,N/A,N/A,N/A,N/A,FALSE,FALSE,5,CONFIRMED,chris-jericho;christian,13:58,838,0:49,49,CONFIRMED,,0,,0,0,FALSE,FALSE,FALSE,FALSE,FALSE,FALSE,FALSE,FALSE,FALSE,FALSE,FALSE,FALSE,Raw,PROBABLE,FALSE,CONFIRMED,S065;S066;S699;S1263;S1700;S1790,,
RR2003M,bull-buchanan,RR2003M,11,CONFIRMED,B-2,B-2,1,2,FALSE,2001,Eliminated (elim #1),1,FALSE,FALSE,N/A,FALSE,N/A,"35 Years, 0 Months, 4 Days",DERIVED,1.98,123,"Bowdon, Georgia",PROBABLE,Heel,PROBABLE,B-2,John Cena,,,N/A,N/A,N/A,N/A,N/A,N/A,FALSE,FALSE,7,CONFIRMED,edge,15:15,915,0:25,25,CONFIRMED,,0,,0,0,FALSE,FALSE,FALSE,FALSE,FALSE,FALSE,FALSE,FALSE,FALSE,FALSE,FALSE,FALSE,SmackDown,PROBABLE,FALSE,CONFIRMED,S065;S066;S488;S484;S677;S1313;S1700;S1790,,
RR2003M,rob-van-dam,RR2003M,12,CONFIRMED,Rob Van Dam,Rob Van Dam,1,2,FALSE,2002,Eliminated (elim #25),25,FALSE,FALSE,N/A,FALSE,N/A,"32 Years, 1 Months, 1 Days",DERIVED,1.83,107,"Battle Creek, Michigan",PROBABLE,Face,PROBABLE,,,,,N/A,N/A,N/A,N/A,N/A,N/A,FALSE,FALSE,26,CONFIRMED,kane,49:37,2977,33:00,1980,CONFIRMED,,2,jeff-hardy;prince-albert,1,1,FALSE,FALSE,FALSE,FALSE,FALSE,FALSE,FALSE,FALSE,FALSE,FALSE,FALSE,FALSE,Raw,PROBABLE,FALSE,CONFIRMED,S065;S066;S692;S1255;S1700;S1790,,
RR2003M,matt-hardy,RR2003M,13,CONFIRMED,Matt Hardy,Matt Hardy,2,3,FALSE,2002,Eliminated (elim #9),9,FALSE,FALSE,N/A,FALSE,N/A,"28 Years, 3 Months, 27 Days",DERIVED,1.88,107,"Cameron, North Carolina",PROBABLE,Heel,PROBABLE,Matt Hardy Version 1,Shannon Moore,,Mattitude,N/A,N/A,N/A,N/A,N/A,N/A,FALSE,FALSE,21,CONFIRMED,brock-lesnar,45:33,2733,27:16,1636,CONFIRMED,,0,,0,0,FALSE,FALSE,FALSE,FALSE,FALSE,FALSE,FALSE,FALSE,FALSE,FALSE,FALSE,FALSE,SmackDown,PROBABLE,FALSE,CONFIRMED,S065;S066;S488;S484;S678;S1241;S1700;S1790,,
RR2003M,eddie-guerrero,RR2003M,14,CONFIRMED,Eddie Guerrero,Eddie Guerrero,0,1,TRUE,N/A,N/A,N/A,TRUE,FALSE,N/A,FALSE,N/A,"35 Years, 3 Months, 10 Days",DERIVED,1.73,103,"El Paso, Texas",PROBABLE,Tweener,PROBABLE,,,Los Guerreros (w/ Chavo Guerrero),,WWE Tag Team Championship,Tag Team,Chavo Guerrero,1,2002-11-17,63,FALSE,FALSE,13,CONFIRMED,booker-t,36:42,2202,16:30,990,CONFIRMED,,0,,0,0,FALSE,FALSE,FALSE,FALSE,FALSE,FALSE,FALSE,FALSE,FALSE,FALSE,FALSE,FALSE,SmackDown,PROBABLE,FALSE,CONFIRMED,S065;S066;S488;S484;S700;S1264;S1700;S1790,,
RR2003M,jeff-hardy,RR2003M,15,CONFIRMED,Jeff Hardy,Jeff Hardy,2,3,FALSE,2002,Eliminated (elim #8),8,FALSE,FALSE,N/A,FALSE,N/A,"25 Years, 4 Months, 19 Days",DERIVED,1.85,102,"Cameron, North Carolina",PROBABLE,Heel,PROBABLE,,,,,N/A,N/A,N/A,N/A,N/A,N/A,FALSE,FALSE,11,CONFIRMED,rob-van-dam,29:10,1750,7:27,447,CONFIRMED,,0,,0,0,FALSE,FALSE,FALSE,FALSE,FALSE,FALSE,FALSE,FALSE,FALSE,FALSE,FALSE,FALSE,Raw,PROBABLE,FALSE,CONFIRMED,S065;S066;S676;S1239;S1700;S1790,,
RR2003M,rosey,RR2003M,16,CONFIRMED,Rosey,Rosey,0,1,TRUE,N/A,N/A,N/A,TRUE,FALSE,N/A,FALSE,N/A,"32 Years, 9 Months, 12 Days",DERIVED,1.93,159,Samoa,PROBABLE,Heel,PROBABLE,,Rico,3-Minute Warning (w/ Jamal),3-Minute Warning,N/A,N/A,N/A,N/A,N/A,N/A,FALSE,FALSE,12,CONFIRMED,kane,33:41,2021,10:16,616,CONFIRMED,,0,,0,0,FALSE,FALSE,FALSE,FALSE,FALSE,FALSE,FALSE,FALSE,FALSE,FALSE,FALSE,FALSE,Raw,PROBABLE,FALSE,CONFIRMED,S065;S066;S488;S484;S701;S1265;S1700;S1790,Present throughout S065's Cageside timing data but omitted from S066's Match Results participant list -- see F166. Eliminator credit downgraded to PROBABLE -- see F169.,
RR2003M,test,RR2003M,17,CONFIRMED,Test,Test,4,5,FALSE,2002,Eliminated (elim #20),20,FALSE,FALSE,N/A,FALSE,N/A,"27 Years, 10 Months, 2 Days",DERIVED,1.98,129,"Toronto, Ontario, Canada",PROBABLE,Face,PROBABLE,,,,,N/A,N/A,N/A,N/A,N/A,N/A,FALSE,FALSE,17,CONFIRMED,batista,43:48,2628,18:48,1128,CONFIRMED,,1,chris-jericho,1,0,FALSE,FALSE,FALSE,FALSE,FALSE,FALSE,FALSE,FALSE,FALSE,FALSE,FALSE,FALSE,Raw,PROBABLE,FALSE,CONFIRMED,S065;S066;S044;S045;S479;S663;S067;S044;S045;S479;S663;S067;S044;S045;S479;S663;S067;S044;S045;S479;S663;S067;S044;S045;S479;S663;S067;S044;S045;S479;S663;S067;S044;S045;S479;S663;S067;S044;S045;S479;S663;S1225;S1700;S1790,,
RR2003M,john-cena,RR2003M,18,CONFIRMED,John Cena,John Cena,0,1,TRUE,N/A,N/A,N/A,TRUE,FALSE,N/A,FALSE,N/A,"25 Years, 8 Months, 27 Days",DERIVED,1.85,114,"West Newbury, Massachusetts",PROBABLE,Heel,PROBABLE,Doctor of Thuganomics,B-2,,,N/A,N/A,N/A,N/A,N/A,N/A,FALSE,FALSE,22,CONFIRMED,the-undertaker,47:22,2842,19:39,1179,CONFIRMED,,0,,0,0,FALSE,FALSE,FALSE,FALSE,FALSE,FALSE,FALSE,FALSE,FALSE,FALSE,FALSE,FALSE,SmackDown,PROBABLE,FALSE,CONFIRMED,S065;S066;S488;S484;S702;S1266;S1700;S1790,,
RR2003M,charlie-haas,RR2003M,19,CONFIRMED,Charlie Haas,Charlie Haas,0,1,TRUE,N/A,N/A,N/A,TRUE,FALSE,N/A,FALSE,N/A,"30 Years, 9 Months, 23 Days",DERIVED,1.88,110,"Dallas, Texas",PROBABLE,Heel,PROBABLE,,Paul Heyman and Kurt Angle,Team Angle (w/ Shelton Benjamin),Team Angle,N/A,N/A,N/A,N/A,N/A,N/A,FALSE,FALSE,19,CONFIRMED,brock-lesnar,45:20,2720,17:13,1033,CONFIRMED,,2,booker-t;goldust,0,2,FALSE,FALSE,FALSE,FALSE,FALSE,FALSE,FALSE,FALSE,FALSE,FALSE,FALSE,FALSE,SmackDown,PROBABLE,FALSE,CONFIRMED,S065;S066;S488;S484;S703;S1267;S1700;S1790,,
RR2003M,rikishi,RR2003M,20,CONFIRMED,Rikishi,Rikishi,8,9,FALSE,2002,Eliminated (elim #6),6,FALSE,FALSE,N/A,FALSE,N/A,"37 Years, 3 Months, 8 Days",DERIVED,1.85,193,The Isle of Samoa,PROBABLE,Face,PROBABLE,,,,,N/A,N/A,N/A,N/A,N/A,N/A,FALSE,FALSE,18,CONFIRMED,batista,44:10,2650,14:12,852,CONFIRMED,,0,,0,0,FALSE,FALSE,FALSE,FALSE,FALSE,FALSE,FALSE,FALSE,FALSE,FALSE,FALSE,FALSE,SmackDown,PROBABLE,FALSE,CONFIRMED,S065;S066;S670;S1233;S1700;S1790,,
RR2003M,jamal,RR2003M,21,CONFIRMED,Jamal,Jamal,0,1,TRUE,N/A,N/A,N/A,TRUE,FALSE,N/A,FALSE,N/A,"29 Years, 9 Months, 22 Days",DERIVED,1.93,159,Samoa,PROBABLE,Heel,PROBABLE,,Rico,3-Minute Warning (w/ Rosey),3-Minute Warning,N/A,N/A,N/A,N/A,N/A,N/A,FALSE,FALSE,23,CONFIRMED,the-undertaker,47:32,2852,16:09,969,CONFIRMED,,0,,0,0,FALSE,FALSE,FALSE,FALSE,FALSE,FALSE,FALSE,FALSE,FALSE,FALSE,FALSE,FALSE,Raw,PROBABLE,FALSE,CONFIRMED,S065;S066;S488;S484;S704;S1313;S1700;S1790,,
RR2003M,kane,RR2003M,22,CONFIRMED,Kane,Kane,6,7,FALSE,2002,Eliminated (elim #24),24,FALSE,FALSE,N/A,FALSE,N/A,"35 Years, 8 Months, 24 Days",DERIVED,2.13,147,Parts Unknown,PROBABLE,Face,PROBABLE,,,,,N/A,N/A,N/A,N/A,N/A,N/A,FALSE,FALSE,28,CONFIRMED,the-undertaker,53:31,3211,20:26,1226,CONFIRMED,,3,prince-albert;rob-van-dam;rosey,2,1,FALSE,FALSE,FALSE,FALSE,TRUE,TRUE,FALSE,FALSE,FALSE,FALSE,FALSE,FALSE,Raw,PROBABLE,TRUE,CONFIRMED,S065;S066;S044;S045;S479;S628;S068;S069;S044;S045;S479;S628;S068;S069;S044;S045;S479;S628;S068;S069;S044;S045;S479;S628;S068;S069;S044;S045;S479;S628;S068;S069;S044;S045;S479;S628;S068;S069;S044;S045;S479;S628;S068;S069;S044;S045;S479;S628;S1223;S1700;S1790,,
RR2003M,shelton-benjamin,RR2003M,23,CONFIRMED,Shelton Benjamin,Shelton Benjamin,0,1,TRUE,N/A,N/A,N/A,TRUE,FALSE,N/A,FALSE,N/A,"27 Years, 6 Months, 10 Days",DERIVED,1.88,112,"Orangeburg, South Carolina",PROBABLE,Heel,PROBABLE,,Paul Heyman and Kurt Angle,Team Angle (w/ Charlie Haas),Team Angle,N/A,N/A,N/A,N/A,N/A,N/A,FALSE,FALSE,20,CONFIRMED,brock-lesnar,45:20,2720,10:56,656,CONFIRMED,,2,booker-t;goldust,0,2,FALSE,FALSE,FALSE,FALSE,FALSE,FALSE,FALSE,FALSE,FALSE,FALSE,FALSE,FALSE,SmackDown,PROBABLE,FALSE,CONFIRMED,S065;S066;S488;S484;S705;S1268;S1700;S1790,,
RR2003M,booker-t,RR2003M,24,CONFIRMED,Booker T,Booker T,1,2,FALSE,2002,Eliminated (elim #26),26,FALSE,FALSE,N/A,FALSE,N/A,"37 Years, 10 Months, 18 Days",DERIVED,1.91,116,"Houston, Texas",PROBABLE,Face,PROBABLE,,,Booker T & Goldust,,N/A,N/A,N/A,N/A,N/A,N/A,FALSE,FALSE,16,CONFIRMED,charlie-haas;shelton-benjamin,42:32,2552,6:21,381,CONFIRMED,,1,eddie-guerrero,1,0,FALSE,FALSE,FALSE,FALSE,FALSE,FALSE,FALSE,FALSE,FALSE,FALSE,FALSE,FALSE,Raw,PROBABLE,FALSE,CONFIRMED,S065;S066;S488;S686;S1248;S1700;S1790,,
RR2003M,prince-albert,RR2003M,25,CONFIRMED,A-Train,A-Train,3,4,FALSE,2002,Eliminated (elim #14),14,FALSE,FALSE,N/A,FALSE,N/A,"30 Years, 2 Months, 5 Days",DERIVED,2.01,159,"Boston, Massachusetts",PROBABLE,Heel,PROBABLE,A-Train,,,,N/A,N/A,N/A,N/A,N/A,N/A,FALSE,FALSE,25,CONFIRMED,kane;rob-van-dam,49:18,2958,11:35,695,CONFIRMED,,0,,0,0,FALSE,FALSE,FALSE,FALSE,FALSE,FALSE,FALSE,FALSE,FALSE,FALSE,FALSE,FALSE,SmackDown,PROBABLE,FALSE,CONFIRMED,S065;S066;S488;S673;S1313;S1700;S1790,See F170 -- possible but unverified identity connection to this database's existing prince-albert wrestler_id.,
RR2003M,maven,RR2003M,26,CONFIRMED,Maven,Maven,1,2,FALSE,2002,Eliminated (elim #11),11,FALSE,FALSE,N/A,FALSE,N/A,"26 Years, 1 Months, 24 Days",DERIVED,1.88,100,"Charlottesville, Virginia",PROBABLE,Face,PROBABLE,,,,,N/A,N/A,N/A,N/A,N/A,N/A,FALSE,FALSE,24,CONFIRMED,the-undertaker,48:02,2882,8:21,501,CONFIRMED,,0,,0,0,FALSE,FALSE,FALSE,FALSE,FALSE,FALSE,FALSE,FALSE,FALSE,FALSE,FALSE,FALSE,Raw,PROBABLE,FALSE,CONFIRMED,S065;S066;S691;S1253;S1700;S1790,,
RR2003M,goldust,RR2003M,27,CONFIRMED,Goldust,Goldust,4,5,FALSE,2002,Eliminated (elim #4),4,FALSE,FALSE,N/A,FALSE,N/A,"33 Years, 9 Months, 8 Days",DERIVED,1.98,105,"Hollywood, California",PROBABLE,Face,PROBABLE,,,Booker T & Goldust,,N/A,N/A,N/A,N/A,N/A,N/A,FALSE,FALSE,15,CONFIRMED,charlie-haas;shelton-benjamin,42:03,2523,0:47,47,CONFIRMED,,0,,0,0,FALSE,FALSE,FALSE,FALSE,FALSE,FALSE,FALSE,FALSE,FALSE,FALSE,FALSE,FALSE,Raw,PROBABLE,FALSE,CONFIRMED,S065;S066;S488;S044;S045;S634;S065;S066;S488;S044;S045;S634;S065;S066;S488;S044;S045;S634;S065;S066;S488;S044;S045;S634;S065;S066;S488;S044;S045;S634;S065;S066;S488;S044;S045;S634;S065;S066;S488;S044;S045;S634;S065;S066;S488;S044;S045;S634;S1313;S1700;S1790,,
RR2003M,batista,RR2003M,28,CONFIRMED,Batista,Batista,0,1,TRUE,N/A,N/A,N/A,TRUE,FALSE,N/A,FALSE,N/A,"34 Years, 0 Months, 1 Days",DERIVED,1.98,132,"Washington, D.C.",PROBABLE,Face,PROBABLE,,,,,N/A,N/A,N/A,N/A,N/A,N/A,FALSE,FALSE,27,CONFIRMED,the-undertaker,53:02,3182,9:55,595,CONFIRMED,,2,rikishi;test,2,0,FALSE,FALSE,FALSE,FALSE,FALSE,TRUE,FALSE,FALSE,FALSE,FALSE,FALSE,FALSE,Raw,PROBABLE,FALSE,CONFIRMED,S065;S066;S706;S1269;S1700;S1790,"Eliminated by Undertaker, then re-entered with a chair as interference (not modeled as a second official entry) before being tossed again -- see F171.",
RR2003M,brock-lesnar,RR2003M,29,CONFIRMED,Brock Lesnar,Brock Lesnar,0,1,TRUE,N/A,N/A,N/A,TRUE,FALSE,N/A,FALSE,N/A,"25 Years, 6 Months, 7 Days",DERIVED,1.91,130,"Minneapolis, Minnesota",PROBABLE,Face,PROBABLE,,,,,N/A,N/A,N/A,N/A,N/A,N/A,FALSE,FALSE,,N/A,,,,9:01,541,CONFIRMED,,4,charlie-haas;matt-hardy;shelton-benjamin;the-undertaker,4,0,FALSE,TRUE,FALSE,TRUE,TRUE,TRUE,FALSE,FALSE,FALSE,FALSE,TRUE,FALSE,SmackDown,PROBABLE,FALSE,CONFIRMED,S065;S066;S707;S1270;S1700;S1790,Also wrestled earlier on the same card (qualifying match) -- see other_matches.csv.,
RR2003M,the-undertaker,RR2003M,30,CONFIRMED,The Undertaker,The Undertaker,6,7,FALSE,2002,Eliminated (elim #10),10,FALSE,FALSE,N/A,TRUE,several months,"37 Years, 9 Months, 26 Days",DERIVED,2.08,140,Death Valley,PROBABLE,Face,PROBABLE,American Bad Ass,,,,N/A,N/A,N/A,N/A,N/A,N/A,FALSE,FALSE,29,CONFIRMED,brock-lesnar,53:47,3227,6:47,407,CONFIRMED,,5,batista;jamal;john-cena;kane;maven,5,0,FALSE,FALSE,TRUE,TRUE,TRUE,TRUE,FALSE,FALSE,FALSE,FALSE,FALSE,FALSE,SmackDown,PROBABLE,FALSE,CONFIRMED,S065;S066;S488;S033;S034;S027;S028;S465;S469;S543;S065;S066;S488;S033;S034;S027;S028;S465;S469;S543;S065;S066;S488;S033;S034;S027;S028;S465;S469;S543;S065;S066;S488;S033;S034;S027;S028;S465;S469;S543;S065;S066;S488;S033;S034;S027;S028;S465;S469;S543;S065;S066;S488;S033;S034;S027;S028;S465;S469;S543;S065;S066;S488;S033;S034;S027;S028;S465;S469;S543;S065;S066;S488;S033;S034;S027;S028;S465;S469;S543;S1313;S1700;S1725;S1790,"Returned from a months-long absence at #30. Eliminated Maven, Rosey, Cena, Batista, and Kane before being thrown out by Lesnar for the win.",
RR2004M,chris-benoit,RR2004M,1,CONFIRMED,Chris Benoit,Chris Benoit,0,1,TRUE,N/A,N/A,N/A,TRUE,FALSE,N/A,FALSE,N/A,"36 Years, 8 Months, 4 Days",DERIVED,1.80,104,"Edmonton, Alberta, Canada",PROBABLE,Face,PROBABLE,,,,,N/A,N/A,N/A,N/A,N/A,N/A,FALSE,FALSE,,N/A,,,,61:31,3691,PROBABLE,,7,rhyno;bradshaw;matt-morgan;prince-albert;ernest-miller;big-show;mark-henry,6,1,FALSE,TRUE,FALSE,TRUE,TRUE,TRUE,FALSE,FALSE,FALSE,FALSE,FALSE,FALSE,SmackDown,PROBABLE,FALSE,CONFIRMED,S067;S073;S040;S052;S042;S708;S1271;S1700;S1791,"Went the distance from #1 to the finish -- the match's central storyline. Eliminated Bradshaw, Rhyno, Matt Morgan, A-Train, and (jointly with Orton) Ernest Miller, then Big Show for the win.",
RR2004M,randy-orton,RR2004M,2,CONFIRMED,Randy Orton,Randy Orton,0,1,TRUE,N/A,N/A,N/A,TRUE,FALSE,N/A,FALSE,N/A,"23 Years, 9 Months, 24 Days",DERIVED,1.96,113,"St. Louis, Missouri",PROBABLE,Heel,PROBABLE,Legend Killer,,,Evolution,WWE Intercontinental Championship,Intercontinental,N/A,1,2003-12-14,42,FALSE,FALSE,17,CONFIRMED,mick-foley,33:44,2024,33:44,2024,PROBABLE,,6,shelton-benjamin;ernest-miller;mick-foley;booker-t;rikishi;rico,5,2,FALSE,FALSE,FALSE,FALSE,FALSE,FALSE,FALSE,FALSE,FALSE,FALSE,FALSE,FALSE,Raw,PROBABLE,FALSE,CONFIRMED,S067;S073;S040;S052;S042;S481;S489;S485;S709;S1272;S1700;S1791;S1759,"Eliminated Shelton Benjamin and (jointly with Benoit) Ernest Miller, before a simultaneous double-elimination with Mick Foley -- see F176.",CONFIRMED
RR2004M,mark-henry,RR2004M,3,CONFIRMED,Mark Henry,Mark Henry,2,3,FALSE,1999,Eliminated (elim #22),22,FALSE,FALSE,N/A,FALSE,N/A,"32 Years, 7 Months, 13 Days",DERIVED,1.93,163,"Silsbee, Texas",PROBABLE,Heel,PROBABLE,,,,,N/A,N/A,N/A,N/A,N/A,N/A,FALSE,FALSE,3,CONFIRMED,chris-benoit,7:05,425,5:14,314,PROBABLE,,0,,0,0,FALSE,FALSE,FALSE,FALSE,FALSE,FALSE,FALSE,FALSE,FALSE,FALSE,FALSE,FALSE,Raw,PROBABLE,FALSE,CONFIRMED,S067;S073;S040;S052;S042;S481;S044;S045;S649;S067;S073;S040;S052;S042;S481;S044;S045;S649;S067;S073;S040;S052;S042;S481;S044;S045;S649;S067;S073;S040;S052;S042;S481;S044;S045;S649;S067;S073;S040;S052;S042;S481;S044;S045;S649;S067;S073;S040;S052;S042;S481;S044;S045;S649;S067;S073;S040;S052;S042;S481;S044;S045;S649;S067;S073;S040;S052;S042;S481;S044;S045;S649;S1205;S1700;S1791;S1759,,CONFIRMED
RR2004M,yoshihiro-tajiri,RR2004M,4,CONFIRMED,Yoshihiro Tajiri,Yoshihiro Tajiri,1,2,FALSE,2003,Eliminated (elim #6),6,FALSE,FALSE,N/A,FALSE,N/A,"33 Years, 3 Months, 27 Days",DERIVED,1.75,93,"Tokyo, Japan",PROBABLE,Heel,PROBABLE,,Akio and Sakoda,,Kyo Dai,N/A,N/A,N/A,N/A,N/A,N/A,FALSE,FALSE,2,CONFIRMED,rhyno,6:52,412,3:39,219,PROBABLE,,0,,0,0,FALSE,FALSE,FALSE,FALSE,FALSE,FALSE,FALSE,FALSE,FALSE,FALSE,FALSE,FALSE,SmackDown,PROBABLE,FALSE,CONFLICTING,S067;S073;S040;S052;S042;S481;S485;S489;S697;S1314;S1700;S1791;S1759,Source disagreement or incomplete group attribution is preserved in flags.csv.,CONFLICTING
RR2004M,rhyno,RR2004M,6,CONFIRMED,Rhyno,Rhyno,0,1,TRUE,N/A,N/A,N/A,TRUE,FALSE,N/A,FALSE,N/A,"28 Years, 3 Months, 18 Days",DERIVED,1.78,125,"Detroit, Michigan",PROBABLE,Heel,PROBABLE,,,,,N/A,N/A,N/A,N/A,N/A,N/A,FALSE,FALSE,7,CONFIRMED,chris-benoit,20:24,1224,14:00,840,PROBABLE,,1,yoshihiro-tajiri,1,0,FALSE,FALSE,FALSE,FALSE,FALSE,FALSE,FALSE,FALSE,FALSE,FALSE,FALSE,FALSE,SmackDown,PROBABLE,FALSE,CONFIRMED,S067;S073;S040;S052;S042;S481;S710;S1273;S1700;S1791;S1759,,CONFIRMED
RR2004M,bradshaw,RR2004M,5,CONFIRMED,Bradshaw,Bradshaw,4,5,FALSE,2002,Eliminated (elim #3),3,FALSE,FALSE,N/A,FALSE,N/A,"37 Years, 1 Months, 27 Days",DERIVED,1.98,132,"Sweetwater, Texas",PROBABLE,Face,PROBABLE,,,,,N/A,N/A,N/A,N/A,N/A,N/A,FALSE,FALSE,1,CONFIRMED,chris-benoit,5:27,327,0:38,38,PROBABLE,,0,,0,0,FALSE,FALSE,FALSE,FALSE,FALSE,FALSE,FALSE,FALSE,FALSE,FALSE,FALSE,FALSE,SmackDown,PROBABLE,FALSE,CONFIRMED,S067;S073;S040;S052;S042;S481;S024;S043;S050;S474;S481;S645;S067;S073;S040;S052;S042;S481;S024;S043;S050;S474;S481;S645;S067;S073;S040;S052;S042;S481;S024;S043;S050;S474;S481;S645;S067;S073;S040;S052;S042;S481;S024;S043;S050;S474;S481;S645;S067;S073;S040;S052;S042;S481;S024;S043;S050;S474;S481;S645;S067;S073;S040;S052;S042;S481;S024;S043;S050;S474;S481;S645;S067;S073;S040;S052;S042;S481;S024;S043;S050;S474;S481;S645;S067;S073;S040;S052;S042;S481;S024;S043;S050;S474;S481;S645;S1314;S1700;S1791;S1759,,CONFIRMED
RR2004M,matt-hardy,RR2004M,7,CONFIRMED,Matt Hardy,Matt Hardy,3,4,FALSE,2003,Eliminated (elim #21),21,FALSE,FALSE,N/A,FALSE,N/A,"29 Years, 4 Months, 2 Days",DERIVED,1.88,107,"Cameron, North Carolina",PROBABLE,Heel,PROBABLE,,,,,N/A,N/A,N/A,N/A,N/A,N/A,FALSE,FALSE,8,CONFIRMED,renee-dupree,22:25,1345,14:18,858,PROBABLE,,0,,0,0,FALSE,FALSE,FALSE,FALSE,FALSE,FALSE,FALSE,FALSE,FALSE,FALSE,FALSE,FALSE,Raw,PROBABLE,FALSE,CONFIRMED,S067;S073;S040;S052;S042;S481;S678;S1241;S1700;S1791;S1759,,CONFIRMED
RR2004M,scott-steiner,RR2004M,8,CONFIRMED,Scott Steiner,Scott Steiner,1,2,FALSE,1994,Eliminated (elim #4),4,FALSE,FALSE,N/A,FALSE,N/A,"41 Years, 5 Months, 27 Days",DERIVED,1.85,125,"Detroit, Michigan",PROBABLE,Heel,PROBABLE,,,,,N/A,N/A,N/A,N/A,N/A,N/A,FALSE,FALSE,5,CONFIRMED,booker-t,16:39,999,6:49,409,PROBABLE,,0,,0,0,FALSE,FALSE,FALSE,FALSE,FALSE,FALSE,FALSE,FALSE,FALSE,FALSE,FALSE,FALSE,Raw,PROBABLE,FALSE,CONFIRMED,S067;S073;S040;S052;S042;S481;S024;S029;S035;S470;S466;S481;S597;S067;S073;S040;S052;S042;S481;S024;S029;S035;S470;S466;S481;S597;S067;S073;S040;S052;S042;S481;S024;S029;S035;S470;S466;S481;S597;S067;S073;S040;S052;S042;S481;S024;S029;S035;S470;S466;S481;S597;S067;S073;S040;S052;S042;S481;S024;S029;S035;S470;S466;S481;S597;S067;S073;S040;S052;S042;S481;S024;S029;S035;S470;S466;S481;S597;S067;S073;S040;S052;S042;S481;S024;S029;S035;S470;S466;S481;S597;S067;S073;S040;S052;S042;S481;S024;S029;S035;S470;S466;S481;S597;S1274;S1700;S1791;S1759,,CONFIRMED
RR2004M,matt-morgan,RR2004M,9,CONFIRMED,Matt Morgan,Matt Morgan,0,1,TRUE,N/A,N/A,N/A,TRUE,FALSE,N/A,FALSE,N/A,"27 Years, 4 Months, 15 Days",DERIVED,2.08,141,"Fairfield, Connecticut",PROBABLE,Heel,PROBABLE,,,,,N/A,N/A,N/A,N/A,N/A,N/A,FALSE,FALSE,10,CONFIRMED,chris-benoit,23:45,1425,12:14,734,PROBABLE,,1,the-hurricane,1,0,FALSE,FALSE,FALSE,FALSE,FALSE,FALSE,FALSE,FALSE,FALSE,FALSE,FALSE,FALSE,SmackDown,PROBABLE,FALSE,CONFIRMED,S067;S073;S040;S052;S042;S481;S711;S1275;S1700;S1791;S1759,,CONFIRMED
RR2004M,the-hurricane,RR2004M,10,CONFIRMED,Hurricane Helms,Hurricane Helms,1,2,FALSE,2002,Eliminated (elim #21),21,FALSE,FALSE,N/A,FALSE,N/A,"29 Years, 6 Months, 13 Days",DERIVED,1.83,98,"Raleigh, North Carolina",PROBABLE,Face,PROBABLE,Hurricane Helms,,,,N/A,N/A,N/A,N/A,N/A,N/A,FALSE,FALSE,4,CONFIRMED,matt-morgan,13:31,811,0:19,19,PROBABLE,,0,,0,0,FALSE,FALSE,FALSE,FALSE,FALSE,FALSE,FALSE,FALSE,FALSE,FALSE,FALSE,FALSE,Raw,PROBABLE,TRUE,CONFIRMED,S067;S073;S040;S052;S042;S481;S489;S693;S1256;S1700;S1791;S1759,,CONFIRMED
RR2004M,booker-t,RR2004M,11,CONFIRMED,Booker T,Booker T,2,3,FALSE,2003,Eliminated (elim #16),16,FALSE,FALSE,N/A,FALSE,N/A,"38 Years, 10 Months, 24 Days",DERIVED,1.91,116,"Houston, Texas",PROBABLE,Face,PROBABLE,,,,,N/A,N/A,N/A,N/A,N/A,N/A,FALSE,FALSE,12,CONFIRMED,randy-orton,24:18,1458,9:11,551,PROBABLE,,2,kane;scott-steiner,2,0,FALSE,FALSE,FALSE,FALSE,FALSE,FALSE,FALSE,FALSE,FALSE,FALSE,FALSE,FALSE,Raw,PROBABLE,FALSE,CONFIRMED,S067;S073;S040;S052;S042;S481;S686;S1248;S1700;S1791;S1759,,CONFIRMED
RR2004M,spike-dudley,RR2004M,13,CONFIRMED,Spike Dudley,Spike Dudley,0,1,TRUE,N/A,N/A,N/A,TRUE,FALSE,N/A,FALSE,N/A,"33 Years, 5 Months, 12 Days",DERIVED,1.73,68,Dudleyville,PROBABLE,Face,PROBABLE,,,,,N/A,N/A,N/A,N/A,N/A,N/A,FALSE,FALSE,,N/A,,,,,,,,0,,0,0,FALSE,FALSE,FALSE,FALSE,FALSE,FALSE,FALSE,FALSE,FALSE,FALSE,FALSE,FALSE,Raw,PROBABLE,FALSE,PROBABLE,S040;S042;S052;S067;S073;S073;S040;S712;S1276;S1697;S1700;S1791,"Per 2 independent sources (Wikipedia, allrumblestats.com), Spike Dudley was 'unable to compete' -- storyline-beaten-up backstage by Kane before he could enter, announced/counted as entry #13 but never physically wrestling. Structurally similar to Test's own no-show at #21 this same event.",
RR2004M,kane,RR2004M,12,CONFIRMED,Kane,Kane,7,8,FALSE,2003,Eliminated (elim #28),28,FALSE,FALSE,N/A,FALSE,N/A,"36 Years, 8 Months, 30 Days",DERIVED,2.13,147,Parts Unknown,PROBABLE,Heel,PROBABLE,,,,,N/A,N/A,N/A,N/A,N/A,N/A,FALSE,FALSE,6,CONFIRMED,booker-t,18:37,1117,1:40,100,PROBABLE,,0,,0,0,FALSE,FALSE,FALSE,FALSE,FALSE,FALSE,FALSE,FALSE,FALSE,FALSE,FALSE,FALSE,Raw,PROBABLE,FALSE,CONFIRMED,S067;S073;S040;S052;S042;S481;S044;S045;S479;S628;S068;S069;S044;S045;S479;S628;S068;S069;S044;S045;S479;S628;S068;S069;S044;S045;S479;S628;S068;S069;S044;S045;S479;S628;S068;S069;S044;S045;S479;S628;S068;S069;S044;S045;S479;S628;S068;S069;S044;S045;S479;S628;S1223;S1700;S1791;S1759,,CONFIRMED
RR2004M,rikishi,RR2004M,14,CONFIRMED,Rikishi,Rikishi,9,10,FALSE,2003,Eliminated (elim #18),18,FALSE,FALSE,N/A,FALSE,N/A,"38 Years, 3 Months, 14 Days",DERIVED,1.85,193,The Isle of Samoa,PROBABLE,Face,PROBABLE,,,,,N/A,N/A,N/A,N/A,N/A,N/A,FALSE,FALSE,11,CONFIRMED,randy-orton,24:12,1452,3:48,228,PROBABLE,,1,renee-dupree,1,0,FALSE,FALSE,FALSE,FALSE,FALSE,FALSE,FALSE,FALSE,FALSE,FALSE,FALSE,FALSE,SmackDown,PROBABLE,FALSE,CONFIRMED,S067;S073;S040;S052;S042;S481;S670;S1233;S1700;S1791;S1759,,CONFIRMED
RR2004M,renee-dupree,RR2004M,15,CONFIRMED,Renee Dupree,Renee Dupree,0,1,TRUE,N/A,N/A,N/A,TRUE,FALSE,N/A,FALSE,N/A,"20 Years, 1 Months, 10 Days",DERIVED,1.91,113,"Montreal, Quebec, Canada",PROBABLE,Heel,PROBABLE,,,,La Résistance,N/A,N/A,N/A,N/A,N/A,N/A,FALSE,FALSE,9,CONFIRMED,rikishi,22:35,1355,0:33,33,PROBABLE,,0,,0,0,FALSE,FALSE,FALSE,FALSE,FALSE,FALSE,FALSE,FALSE,FALSE,FALSE,FALSE,FALSE,Raw,PROBABLE,FALSE,CONFIRMED,S067;S073;S040;S052;S042;S481;S489;S713;S1314;S1700;S1791;S1759,Billed as 'Renee Dupree' in Shane's source doc (more commonly spelled 'Rene Dupree').,CONFIRMED
RR2004M,prince-albert,RR2004M,16,CONFIRMED,A-Train,A-Train,4,5,FALSE,2003,Eliminated (elim #25),25,FALSE,FALSE,N/A,FALSE,N/A,"31 Years, 2 Months, 11 Days",DERIVED,2.01,159,"Boston, Massachusetts",PROBABLE,Heel,PROBABLE,A-Train,,,,N/A,N/A,N/A,N/A,N/A,N/A,FALSE,FALSE,13,CONFIRMED,chris-benoit,25:06,1506,1:44,104,PROBABLE,,0,,0,0,FALSE,FALSE,FALSE,FALSE,FALSE,FALSE,FALSE,FALSE,FALSE,FALSE,FALSE,FALSE,SmackDown,PROBABLE,FALSE,CONFIRMED,S067;S073;S040;S052;S042;S481;S489;S673;S1314;S1700;S1791;S1759,,CONFIRMED
RR2004M,shelton-benjamin,RR2004M,17,CONFIRMED,Shelton Benjamin,Shelton Benjamin,1,2,FALSE,2003,Eliminated (elim #20),20,FALSE,FALSE,N/A,FALSE,N/A,"28 Years, 6 Months, 16 Days",DERIVED,1.88,112,"Orangeburg, South Carolina",PROBABLE,Heel,PROBABLE,,,The World's Greatest Tag Team (w/ Charlie Haas),,N/A,N/A,N/A,N/A,N/A,N/A,FALSE,FALSE,14,CONFIRMED,randy-orton,25:40,1540,0:37,37,PROBABLE,,0,,0,0,FALSE,FALSE,FALSE,FALSE,FALSE,FALSE,FALSE,FALSE,FALSE,FALSE,FALSE,FALSE,SmackDown,PROBABLE,FALSE,CONFIRMED,S067;S073;S040;S052;S042;S481;S489;S705;S1268;S1700;S1791;S1759,,CONFIRMED
RR2004M,ernest-miller,RR2004M,18,CONFIRMED,Ernest Miller,Ernest Miller,0,1,TRUE,N/A,N/A,N/A,TRUE,FALSE,N/A,FALSE,N/A,"40 Years, 0 Months, 11 Days",DERIVED,1.88,107,"Atlanta, Georgia",PROBABLE,Face,PROBABLE,The Cat,Lamont,,,N/A,N/A,N/A,N/A,N/A,N/A,FALSE,FALSE,15,CONFIRMED,chris-benoit;randy-orton,27:45,1665,0:56,56,PROBABLE,,0,,0,0,FALSE,FALSE,FALSE,FALSE,FALSE,FALSE,FALSE,FALSE,FALSE,FALSE,FALSE,FALSE,SmackDown,PROBABLE,FALSE,CONFIRMED,S067;S073;S040;S052;S042;S481;S485;S489;S714;S1314;S1700;S1791;S1759,,CONFIRMED
RR2004M,kurt-angle,RR2004M,19,CONFIRMED,Kurt Angle,Kurt Angle,1,2,FALSE,2002,Runner-up (elim #29),29,FALSE,FALSE,N/A,FALSE,N/A,"35 Years, 1 Months, 16 Days",DERIVED,1.83,100,"Pittsburgh, Pennsylvania",PROBABLE,Face,PROBABLE,,,,,N/A,N/A,N/A,N/A,N/A,N/A,FALSE,FALSE,27,CONFIRMED,big-show,57:37,3457,29:04,1744,PROBABLE,,1,bill-goldberg,1,0,FALSE,FALSE,FALSE,FALSE,TRUE,TRUE,FALSE,FALSE,FALSE,FALSE,FALSE,FALSE,SmackDown,PROBABLE,FALSE,CONFIRMED,S067;S073;S040;S052;S042;S481;S689;S1251;S1700;S1791;S1759,,CONFIRMED
RR2004M,rico,RR2004M,20,CONFIRMED,Rico,Rico,0,1,TRUE,N/A,N/A,N/A,TRUE,FALSE,N/A,FALSE,N/A,"42 Years, 3 Months, 24 Days",DERIVED,1.83,103,"Las Vegas, Nevada",PROBABLE,Heel,PROBABLE,,,,,N/A,N/A,N/A,N/A,N/A,N/A,FALSE,FALSE,16,CONFIRMED,randy-orton,31:12,1872,1:06,66,PROBABLE,,0,,0,0,FALSE,FALSE,FALSE,FALSE,FALSE,FALSE,FALSE,FALSE,FALSE,FALSE,FALSE,FALSE,Raw,PROBABLE,FALSE,CONFIRMED,S067;S073;S040;S052;S042;S481;S715;S1278;S1700;S1791;S1759,,CONFIRMED
RR2004M,mick-foley,RR2004M,21,CONFIRMED,Mick Foley,Mick Foley,4,5,FALSE,1998,Eliminated (elim #26),26,FALSE,FALSE,N/A,TRUE,UNKNOWN,"38 Years, 7 Months, 18 Days",DERIVED,1.88,130,"Long Island, New York",PROBABLE,Face,PROBABLE,Mick Foley,,,,N/A,N/A,N/A,N/A,N/A,N/A,FALSE,FALSE,18,CONFIRMED,randy-orton,33:48,2028,0:43,43,PROBABLE,,1,randy-orton,1,0,TRUE,FALSE,FALSE,FALSE,FALSE,FALSE,TRUE,FALSE,FALSE,FALSE,FALSE,FALSE,Raw,PROBABLE,FALSE,CONFIRMED,S067;S073;S040;S052;S042;S481;S489;S716;S1279;S1700;S1725;S1791;S1759,Entered #21 as a surprise replacement for the advertised-but-attacked Test -- see F175. Self-eliminated while taking Orton over the top rope in the same spot -- see F176.,CONFIRMED
RR2004M,christian,RR2004M,22,CONFIRMED,Christian,Christian,3,4,FALSE,2003,Eliminated (elim #10),10,FALSE,FALSE,N/A,FALSE,N/A,"30 Years, 1 Months, 26 Days",DERIVED,1.85,103,"Toronto, Ontario, Canada",PROBABLE,Heel,PROBABLE,,,Chris Jericho & Christian,,N/A,N/A,N/A,N/A,N/A,N/A,FALSE,FALSE,19,CONFIRMED,chris-jericho,42:39,2559,7:39,459,PROBABLE,,0,,0,0,FALSE,FALSE,FALSE,FALSE,FALSE,FALSE,FALSE,FALSE,FALSE,FALSE,FALSE,FALSE,Raw,PROBABLE,FALSE,CONFIRMED,S067;S073;S040;S052;S042;S481;S489;S669;S1232;S1700;S1791;S1759,,CONFIRMED
RR2004M,nunzio,RR2004M,23,CONFIRMED,Nunzio,Nunzio,0,1,TRUE,N/A,N/A,N/A,TRUE,FALSE,N/A,FALSE,N/A,"31 Years, 10 Months, 13 Days",DERIVED,1.70,77,"Little Italy, New York",PROBABLE,Heel,PROBABLE,,,,The F.B.I.,N/A,N/A,N/A,N/A,N/A,N/A,FALSE,FALSE,22,CONFIRMED,bill-goldberg,49:12,2952,3:48,228,PROBABLE,,0,,0,0,FALSE,FALSE,FALSE,FALSE,FALSE,FALSE,FALSE,FALSE,FALSE,FALSE,FALSE,FALSE,SmackDown,PROBABLE,FALSE,CONFIRMED,S067;S073;S040;S052;S042;S481;S489;S717;S1314;S1700;S1791;S1759,"Per S067, was 'technically in the match' while shown sitting on the floor outside the ring for a stretch -- an unusual, not fully explained situation, left as narrated rather than modeled as a formal near-elimination (no timestamp given). Eventually eliminated by Goldberg.",CONFIRMED
RR2004M,big-show,RR2004M,24,CONFIRMED,The Big Show,The Big Show,3,4,FALSE,2002,Eliminated (elim #23),23,FALSE,FALSE,N/A,FALSE,N/A,"31 Years, 11 Months, 17 Days",DERIVED,2.13,227,"Tampa, Florida",PROBABLE,Heel,PROBABLE,The Big Show,,,,WWE United States Championship,Intercontinental/United States,N/A,1,2003-10-19,98,FALSE,FALSE,28,CONFIRMED,chris-benoit,61:36,3696,22:38,1358,PROBABLE,,4,kurt-angle;chris-jericho;john-cena;rob-van-dam,4,0,FALSE,FALSE,TRUE,TRUE,TRUE,TRUE,FALSE,FALSE,FALSE,FALSE,FALSE,FALSE,SmackDown,PROBABLE,FALSE,CONFIRMED,S067;S073;S040;S052;S042;S481;S489;S485;S675;S1238;S1700;S1791;S1759,"Final opponent for Benoit -- eliminated Cena, RVD, Jericho, and Angle before losing the match.",CONFIRMED
RR2004M,chris-jericho,RR2004M,25,CONFIRMED,Chris Jericho,Chris Jericho,2,3,FALSE,2003,Eliminated (elim #14),14,FALSE,FALSE,N/A,FALSE,N/A,"33 Years, 2 Months, 16 Days",DERIVED,1.83,103,"Winnipeg, Manitoba, Canada",PROBABLE,Heel,PROBABLE,,,Chris Jericho & Christian,,N/A,N/A,N/A,N/A,N/A,N/A,FALSE,FALSE,26,CONFIRMED,big-show,55:10,3310,14:58,898,PROBABLE,,1,christian,1,0,FALSE,FALSE,FALSE,FALSE,FALSE,TRUE,FALSE,FALSE,FALSE,FALSE,FALSE,FALSE,Raw,PROBABLE,FALSE,CONFIRMED,S067;S073;S040;S052;S042;S481;S489;S671;S1235;S1700;S1791;S1759,,CONFIRMED
RR2004M,charlie-haas,RR2004M,26,CONFIRMED,Charlie Haas,Charlie Haas,1,2,FALSE,2003,Eliminated (elim #19),19,FALSE,FALSE,N/A,FALSE,N/A,"31 Years, 9 Months, 29 Days",DERIVED,1.88,110,"Dallas, Texas",PROBABLE,Heel,PROBABLE,,,The World's Greatest Tag Team (w/ Shelton Benjamin),,N/A,N/A,N/A,N/A,N/A,N/A,FALSE,FALSE,20,CONFIRMED,bill-goldberg,48:36,2916,6:53,413,PROBABLE,,0,,0,0,FALSE,FALSE,FALSE,FALSE,FALSE,FALSE,FALSE,FALSE,FALSE,FALSE,FALSE,FALSE,SmackDown,PROBABLE,FALSE,CONFLICTING,S067;S073;S040;S052;S042;S481;S489;S703;S1267;S1700;S1791;S1759,Source disagreement or incomplete group attribution is preserved in flags.csv.,CONFLICTING
RR2004M,billy-gunn,RR2004M,27,CONFIRMED,Billy Gunn,Billy Gunn,6,7,FALSE,2002,Eliminated (elim #7),7,FALSE,FALSE,N/A,FALSE,N/A,"40 Years, 2 Months, 24 Days",DERIVED,1.96,118,"Austin, Texas",PROBABLE,Face,PROBABLE,,,,,N/A,N/A,N/A,N/A,N/A,N/A,FALSE,FALSE,21,CONFIRMED,bill-goldberg,48:54,2934,5:37,337,PROBABLE,,0,,0,0,FALSE,FALSE,FALSE,FALSE,FALSE,FALSE,FALSE,FALSE,FALSE,FALSE,FALSE,FALSE,SmackDown,PROBABLE,FALSE,CONFIRMED,S067;S073;S040;S052;S042;S481;S044;S045;S479;S024;S029;S035;S470;S466;S481;S593;S595;S067;S073;S040;S052;S042;S481;S044;S045;S479;S024;S029;S035;S470;S466;S481;S593;S595;S067;S073;S040;S052;S042;S481;S044;S045;S479;S024;S029;S035;S470;S466;S481;S593;S595;S067;S073;S040;S052;S042;S481;S044;S045;S479;S024;S029;S035;S470;S466;S481;S593;S595;S067;S073;S040;S052;S042;S481;S044;S045;S479;S024;S029;S035;S470;S466;S481;S593;S595;S067;S073;S040;S052;S042;S481;S044;S045;S479;S024;S029;S035;S470;S466;S481;S593;S595;S067;S073;S040;S052;S042;S481;S044;S045;S479;S024;S029;S035;S470;S466;S481;S593;S595;S067;S073;S040;S052;S042;S481;S044;S045;S479;S024;S029;S035;S470;S466;S481;S593;S595;S1224;S1700;S1791;S1759,,CONFIRMED
RR2004M,john-cena,RR2004M,28,CONFIRMED,John Cena,John Cena,1,2,FALSE,2003,Eliminated (elim #22),22,FALSE,FALSE,N/A,FALSE,N/A,"26 Years, 9 Months, 2 Days",DERIVED,1.85,114,"West Newbury, Massachusetts",PROBABLE,Face,PROBABLE,,,,,N/A,N/A,N/A,N/A,N/A,N/A,FALSE,FALSE,24,CONFIRMED,big-show,53:03,3183,7:37,457,PROBABLE,,0,,0,0,FALSE,FALSE,FALSE,FALSE,FALSE,FALSE,FALSE,FALSE,FALSE,FALSE,FALSE,FALSE,SmackDown,PROBABLE,FALSE,CONFIRMED,S067;S073;S040;S052;S042;S481;S702;S1266;S1700;S1791;S1759,,CONFIRMED
RR2004M,rob-van-dam,RR2004M,29,CONFIRMED,Rob Van Dam,Rob Van Dam,2,3,FALSE,2003,Eliminated (elim #26),26,FALSE,FALSE,N/A,FALSE,N/A,"33 Years, 1 Months, 7 Days",DERIVED,1.83,107,"Battle Creek, Michigan",PROBABLE,Face,PROBABLE,,,,,N/A,N/A,N/A,N/A,N/A,N/A,FALSE,FALSE,25,CONFIRMED,big-show,53:24,3204,6:48,408,PROBABLE,,0,,0,0,FALSE,FALSE,FALSE,FALSE,FALSE,FALSE,FALSE,FALSE,FALSE,FALSE,FALSE,FALSE,Raw,PROBABLE,FALSE,CONFIRMED,S067;S073;S040;S052;S042;S481;S692;S1255;S1700;S1791;S1759,,CONFIRMED
RR2004M,bill-goldberg,RR2004M,30,CONFIRMED,Bill Goldberg,Bill Goldberg,0,1,TRUE,N/A,N/A,N/A,TRUE,FALSE,N/A,FALSE,N/A,"37 Years, 0 Months, 29 Days",DERIVED,1.93,129,"Atlanta, Georgia",PROBABLE,Face,PROBABLE,,,,,N/A,N/A,N/A,N/A,N/A,N/A,FALSE,FALSE,23,CONFIRMED,kurt-angle,50:13,3013,2:04,124,PROBABLE,,3,nunzio;charlie-haas;billy-gunn,3,0,FALSE,FALSE,FALSE,FALSE,FALSE,FALSE,FALSE,FALSE,FALSE,TRUE,FALSE,FALSE,Raw,PROBABLE,FALSE,CONFIRMED,S067;S073;S040;S052;S042;S481;S718;S1314;S1700;S1791;S1759,"Entered #30, his only career Royal Rumble appearance. Dominant early run (3 eliminations) undone by an uncredited Lesnar F5 run-in before Angle eliminated him -- see F178.",CONFIRMED
RR2004M,test,RR2004M,21,CONFIRMED,Test,Test,5,6,FALSE,2003,Eliminated (elim #17),17,FALSE,FALSE,N/A,FALSE,N/A,"28 Years, 10 Months, 8 Days",DERIVED,1.98,129,"Toronto, Ontario, Canada",PROBABLE,Heel,PROBABLE,,,,,N/A,N/A,N/A,N/A,N/A,N/A,FALSE,FALSE,,N/A,,,,,,,,0,,0,0,FALSE,FALSE,FALSE,FALSE,FALSE,FALSE,FALSE,FALSE,FALSE,FALSE,FALSE,FALSE,Raw,PROBABLE,FALSE,CONFIRMED,S067;S044;S045;S479;S663;S067;S044;S045;S479;S663;S067;S044;S045;S479;S663;S067;S044;S045;S479;S663;S067;S044;S045;S479;S663;S067;S044;S045;S479;S663;S067;S044;S045;S479;S663;S067;S044;S045;S479;S663;S1225;S1700;S1791,"Advertised for entry #21 but shown 'lying beat up in the back' after a storyline attack -- never entered the ring. Mick Foley, the attacker, entered in his place at the same slot -- see F175. Did not wrestle and was not eliminated (no over-the-rope event occurred). [substituted_by=mick-foley]",
RR2005M,eddie-guerrero,RR2005M,1,CONFIRMED,Eddie Guerrero,Eddie Guerrero,1,2,FALSE,2003,Eliminated (elim #13),13,FALSE,FALSE,N/A,FALSE,N/A,"37 Years, 3 Months, 21 Days",DERIVED,1.73,103,"El Paso, Texas",PROBABLE,Face,PROBABLE,,,,,N/A,N/A,N/A,N/A,N/A,N/A,FALSE,FALSE,10,CONFIRMED,edge,28:16,1696,28:16,1696,CONFIRMED,,4,muhammad-hassan;hardcore-holly;the-hurricane;booker-t,0,4,FALSE,FALSE,FALSE,FALSE,FALSE,FALSE,FALSE,FALSE,FALSE,FALSE,FALSE,FALSE,SmackDown,PROBABLE,FALSE,CONFIRMED,S068;S069;S700;S1264;S1700;S1792,,
RR2005M,chris-benoit,RR2005M,2,CONFIRMED,Chris Benoit,Chris Benoit,1,2,FALSE,2004,Won,N/A,FALSE,FALSE,N/A,FALSE,N/A,"37 Years, 8 Months, 9 Days",DERIVED,1.80,104,"Edmonton, Alberta, Canada",PROBABLE,Face,PROBABLE,,,,,N/A,N/A,N/A,N/A,N/A,N/A,FALSE,FALSE,24,CONFIRMED,batista;ric-flair,47:32,2852,47:32,2852,CONFIRMED,,3,muhammad-hassan;hardcore-holly;the-hurricane,0,3,FALSE,FALSE,FALSE,FALSE,FALSE,FALSE,FALSE,FALSE,FALSE,FALSE,FALSE,FALSE,Raw,PROBABLE,FALSE,CONFIRMED,S068;S069;S436;S708;S1271;S1700;S1792,,PROBABLE
RR2005M,daniel-puder,RR2005M,3,CONFIRMED,Daniel Puder,Daniel Puder,0,1,TRUE,N/A,N/A,N/A,TRUE,FALSE,N/A,FALSE,N/A,"23 Years, 3 Months, 21 Days",DERIVED,1.91,113,"Sunnyvale, California",PROBABLE,Heel,PROBABLE,,,,,N/A,N/A,N/A,N/A,N/A,N/A,FALSE,FALSE,1,CONFIRMED,hardcore-holly,6:01,361,4:08,248,CONFIRMED,,0,,0,0,FALSE,FALSE,FALSE,FALSE,FALSE,FALSE,FALSE,FALSE,FALSE,FALSE,FALSE,FALSE,SmackDown,PROBABLE,FALSE,CONFIRMED,S068;S069;S719;S1281;S1700;S1792,,
RR2005M,hardcore-holly,RR2005M,4,CONFIRMED,Hardcore Holly,Hardcore Holly,2,3,FALSE,2001,Eliminated (elim #21),21,FALSE,FALSE,N/A,FALSE,N/A,"42 Years, 0 Months, 1 Days",DERIVED,1.83,107,"Mobile, Alabama",PROBABLE,Face,PROBABLE,,,,,N/A,N/A,N/A,N/A,N/A,N/A,FALSE,FALSE,2,CONFIRMED,eddie-guerrero;chris-benoit,6:12,372,1:58,118,CONFIRMED,,1,daniel-puder,1,0,FALSE,FALSE,FALSE,FALSE,FALSE,FALSE,FALSE,FALSE,FALSE,FALSE,FALSE,FALSE,SmackDown,PROBABLE,FALSE,CONFIRMED,S068;S069;S674;S1237;S592;S1700;S1792,,
RR2005M,the-hurricane,RR2005M,5,CONFIRMED,Hurricane Helms,Hurricane Helms,2,3,FALSE,2004,Eliminated (elim #4),4,FALSE,FALSE,N/A,FALSE,N/A,"30 Years, 6 Months, 18 Days",DERIVED,1.83,98,"Raleigh, North Carolina",PROBABLE,Face,PROBABLE,Hurricane Helms,,,,N/A,N/A,N/A,N/A,N/A,N/A,FALSE,FALSE,3,CONFIRMED,eddie-guerrero;chris-benoit,7:21,441,1:04,64,CONFIRMED,,0,,0,0,FALSE,FALSE,FALSE,FALSE,FALSE,FALSE,FALSE,FALSE,FALSE,FALSE,FALSE,FALSE,Raw,PROBABLE,TRUE,CONFIRMED,S068;S069;S494;S693;S1256;S1700;S1792,,
RR2005M,kenzo-suzuki,RR2005M,6,CONFIRMED,Kenzo Suzuki,Kenzo Suzuki,0,1,TRUE,N/A,N/A,N/A,TRUE,FALSE,N/A,FALSE,N/A,"30 Years, 6 Months, 5 Days",DERIVED,1.91,118,"Tokyo, Japan",PROBABLE,Heel,PROBABLE,,Hiroko,Kenzo Suzuki & René Duprée,,N/A,N/A,N/A,N/A,N/A,N/A,FALSE,FALSE,4,CONFIRMED,rey-mysterio,11:28,688,3:32,212,CONFIRMED,,0,,0,0,FALSE,FALSE,FALSE,FALSE,FALSE,FALSE,FALSE,FALSE,FALSE,FALSE,FALSE,FALSE,SmackDown,PROBABLE,FALSE,CONFIRMED,S068;S069;S494;S490;S720;S1315;S1700;S1792,,
RR2005M,edge,RR2005M,7,CONFIRMED,Edge,Edge,3,4,FALSE,2003,Eliminated (elim #9),9,FALSE,FALSE,N/A,FALSE,N/A,"31 Years, 3 Months, 0 Days",DERIVED,1.96,109,"Toronto, Ontario, Canada",PROBABLE,Heel,PROBABLE,,,,,N/A,N/A,N/A,N/A,N/A,N/A,FALSE,FALSE,27,CONFIRMED,batista;john-cena,49:39,2979,40:23,2423,CONFIRMED,,5,eddie-guerrero;muhammad-hassan;ric-flair;shelton-benjamin;rey-mysterio,4,1,FALSE,FALSE,FALSE,FALSE,TRUE,TRUE,FALSE,FALSE,FALSE,FALSE,FALSE,FALSE,Raw,PROBABLE,FALSE,CONFIRMED,S068;S069;S436;S044;S045;S479;S656;S068;S069;S436;S044;S045;S479;S656;S068;S069;S436;S044;S045;S479;S656;S068;S069;S436;S044;S045;S479;S656;S068;S069;S436;S044;S045;S479;S656;S068;S069;S436;S044;S045;S479;S656;S068;S069;S436;S044;S045;S479;S656;S068;S069;S436;S044;S045;S479;S656;S1216;S1700;S1792,,PROBABLE
RR2005M,rey-mysterio,RR2005M,8,CONFIRMED,Rey Mysterio,Rey Mysterio,1,2,FALSE,2003,Eliminated (elim #3),3,FALSE,FALSE,N/A,FALSE,N/A,"30 Years, 1 Months, 19 Days",DERIVED,1.68,79,"San Diego, California",PROBABLE,Face,PROBABLE,,,,,N/A,N/A,N/A,N/A,N/A,N/A,FALSE,FALSE,26,CONFIRMED,edge,49:19,2959,38:28,2308,CONFIRMED,,3,muhammad-hassan;kenzo-suzuki;booker-t,1,2,FALSE,FALSE,FALSE,FALSE,FALSE,TRUE,FALSE,FALSE,FALSE,FALSE,FALSE,FALSE,SmackDown,PROBABLE,TRUE,CONFIRMED,S068;S069;S436;S695;S1315;S1700;S1792,,PROBABLE
RR2005M,shelton-benjamin,RR2005M,9,CONFIRMED,Shelton Benjamin,Shelton Benjamin,2,3,FALSE,2004,Eliminated (elim #14),14,FALSE,FALSE,N/A,FALSE,N/A,"29 Years, 6 Months, 21 Days",DERIVED,1.88,112,"Orangeburg, South Carolina",PROBABLE,Face,PROBABLE,,,,,WWE Intercontinental Championship,Intercontinental,N/A,1,2004-10-19,103,FALSE,FALSE,9,CONFIRMED,edge,26:55,1615,14:37,877,CONFIRMED,,1,muhammad-hassan,0,1,FALSE,FALSE,FALSE,FALSE,FALSE,FALSE,FALSE,FALSE,FALSE,FALSE,FALSE,FALSE,Raw,PROBABLE,FALSE,CONFIRMED,S068;S069;S494;S490;S705;S1268;S1700;S1792,,
RR2005M,booker-t,RR2005M,10,CONFIRMED,Booker T,Booker T,3,4,FALSE,2004,Eliminated (elim #12),12,FALSE,FALSE,N/A,FALSE,N/A,"39 Years, 10 Months, 29 Days",DERIVED,1.91,116,"Houston, Texas",PROBABLE,Face,PROBABLE,,,,,N/A,N/A,N/A,N/A,N/A,N/A,FALSE,FALSE,8,CONFIRMED,rey-mysterio;eddie-guerrero,24:41,1481,10:45,645,CONFIRMED,,3,muhammad-hassan;luther-reigns;orlando-jordan,2,1,FALSE,FALSE,FALSE,FALSE,FALSE,FALSE,FALSE,FALSE,FALSE,FALSE,FALSE,FALSE,SmackDown,PROBABLE,FALSE,CONFIRMED,S068;S069;S686;S1248;S1700;S1792,,
RR2005M,chris-jericho,RR2005M,11,CONFIRMED,Chris Jericho,Chris Jericho,3,4,FALSE,2004,Eliminated (elim #26),26,FALSE,FALSE,N/A,FALSE,N/A,"34 Years, 2 Months, 21 Days",DERIVED,1.83,103,"Winnipeg, Manitoba, Canada",PROBABLE,Face,PROBABLE,,,,,N/A,N/A,N/A,N/A,N/A,N/A,FALSE,FALSE,20,CONFIRMED,batista,43:56,2636,28:26,1706,CONFIRMED,,2,muhammad-hassan;renee-dupree,1,1,FALSE,FALSE,FALSE,FALSE,FALSE,FALSE,FALSE,FALSE,FALSE,FALSE,FALSE,FALSE,Raw,PROBABLE,FALSE,CONFIRMED,S068;S069;S436;S671;S1235;S1700;S1792,,PROBABLE
RR2005M,luther-reigns,RR2005M,12,CONFIRMED,Luther Reigns,Luther Reigns,0,1,TRUE,N/A,N/A,N/A,TRUE,FALSE,N/A,FALSE,N/A,"33 Years, 4 Months, 8 Days",DERIVED,1.98,129,"Phoenix, Arizona",PROBABLE,Heel,PROBABLE,,,Team Angle (w/ Mark Jindrak),Team Angle,N/A,N/A,N/A,N/A,N/A,N/A,FALSE,FALSE,6,CONFIRMED,booker-t,24:22,1462,7:13,433,CONFIRMED,,1,muhammad-hassan,0,1,FALSE,FALSE,FALSE,FALSE,FALSE,FALSE,FALSE,FALSE,FALSE,FALSE,FALSE,FALSE,SmackDown,PROBABLE,FALSE,CONFIRMED,S068;S069;S494;S721;S1283;S1700;S1792,,
RR2005M,muhammad-hassan,RR2005M,13,CONFIRMED,Muhammad Hassan,Muhammad Hassan,0,1,TRUE,N/A,N/A,N/A,TRUE,FALSE,N/A,FALSE,N/A,"23 Years, 2 Months, 23 Days",DERIVED,1.93,110,"Detroit, Michigan",PROBABLE,Heel,PROBABLE,,Daivari,,,N/A,N/A,N/A,N/A,N/A,N/A,FALSE,FALSE,5,CONFIRMED,eddie-guerrero;chris-benoit;edge;rey-mysterio;shelton-benjamin;booker-t;chris-jericho;luther-reigns,20:15,1215,0:54,54,CONFIRMED,,0,,0,0,FALSE,FALSE,FALSE,FALSE,FALSE,FALSE,FALSE,FALSE,FALSE,FALSE,FALSE,FALSE,Raw,PROBABLE,FALSE,CONFIRMED,S068;S069;S490;S494;S722;S1284;S1700;S1792,"Eliminated by a DERIVED 8-man group (Eddie Guerrero, Chris Benoit, Edge, Rey Mysterio, Shelton Benjamin, Booker T, Chris Jericho, Luther Reigns) -- see F183.",
RR2005M,orlando-jordan,RR2005M,14,CONFIRMED,Orlando Jordan,Orlando Jordan,0,1,TRUE,N/A,N/A,N/A,TRUE,FALSE,N/A,FALSE,N/A,"30 Years, 9 Months, 9 Days",DERIVED,1.93,113,"Miami, Florida",PROBABLE,Heel,PROBABLE,,,,The Cabinet,N/A,N/A,N/A,N/A,N/A,N/A,FALSE,FALSE,7,CONFIRMED,booker-t,24:26,1466,3:36,216,CONFIRMED,,0,,0,0,FALSE,FALSE,FALSE,FALSE,FALSE,FALSE,FALSE,FALSE,FALSE,FALSE,FALSE,FALSE,SmackDown,PROBABLE,FALSE,CONFIRMED,S068;S069;S494;S723;S1285;S1700;S1792,,
RR2005M,scott-taylor,RR2005M,15,CONFIRMED,Scotty 2 Hotty,Scotty 2 Hotty,3,4,FALSE,2002,Eliminated (elim #12),12,FALSE,FALSE,N/A,FALSE,N/A,,UNKNOWN,1.75,95,"Westbrook, Maine",PROBABLE,Face,PROBABLE,,,,,N/A,N/A,N/A,N/A,N/A,N/A,FALSE,FALSE,,N/A,,,,0:00,0,CONFIRMED,,0,,0,0,FALSE,FALSE,FALSE,FALSE,FALSE,FALSE,FALSE,FALSE,FALSE,FALSE,FALSE,FALSE,SmackDown,PROBABLE,FALSE,CONFIRMED,S068;S069;S729;S1315;S1700;S1792,Attacked by an outraged Muhammad Hassan during his dancing entrance and never made it into the ring -- survival time explicitly given as 0:00 by S068. See F186.,
RR2005M,charlie-haas,RR2005M,16,CONFIRMED,Charlie Haas,Charlie Haas,2,3,FALSE,2004,Eliminated (elim #20),20,FALSE,FALSE,N/A,FALSE,N/A,"32 Years, 10 Months, 3 Days",DERIVED,1.88,110,"Dallas, Texas",PROBABLE,Face,PROBABLE,,,,,N/A,N/A,N/A,N/A,N/A,N/A,FALSE,FALSE,12,CONFIRMED,shawn-michaels,30:18,1818,6:20,380,CONFIRMED,,0,,0,0,FALSE,FALSE,FALSE,FALSE,FALSE,FALSE,FALSE,FALSE,FALSE,FALSE,FALSE,FALSE,SmackDown,PROBABLE,FALSE,CONFIRMED,S068;S069;S703;S1267;S1700;S1792,,
RR2005M,renee-dupree,RR2005M,17,CONFIRMED,Renee Dupree,Renee Dupree,1,2,FALSE,2004,Eliminated (elim #9),9,FALSE,FALSE,N/A,FALSE,N/A,"21 Years, 1 Months, 15 Days",DERIVED,1.91,113,"Montreal, Quebec, Canada",PROBABLE,Heel,PROBABLE,,Hiroko,Kenzo Suzuki & René Duprée,,N/A,N/A,N/A,N/A,N/A,N/A,FALSE,FALSE,15,CONFIRMED,chris-jericho,37:38,2258,11:34,694,CONFIRMED,,0,,0,0,FALSE,FALSE,FALSE,FALSE,FALSE,FALSE,FALSE,FALSE,FALSE,FALSE,FALSE,FALSE,SmackDown,PROBABLE,FALSE,CONFIRMED,S068;S069;S494;S490;S713;S1315;S1700;S1792,"Billed as 'Renee Dupree' again this year -- reuses this database's existing 'renee-dupree' wrestler_id, first created in the 2004 build.",
RR2005M,simon-dean,RR2005M,18,CONFIRMED,Simon Dean,Simon Dean,0,1,TRUE,N/A,N/A,N/A,TRUE,FALSE,N/A,FALSE,N/A,"32 Years, 7 Months, 25 Days",DERIVED,1.83,95,"Clearwater, Florida",PROBABLE,Heel,PROBABLE,Simon Dean,,,,N/A,N/A,N/A,N/A,N/A,N/A,FALSE,FALSE,11,CONFIRMED,shawn-michaels,29:11,1751,0:20,20,CONFIRMED,,0,,0,0,FALSE,FALSE,FALSE,FALSE,FALSE,FALSE,FALSE,FALSE,FALSE,FALSE,FALSE,FALSE,Raw,PROBABLE,FALSE,CONFIRMED,S068;S069;S494;S724;S1286;S1700;S1792,,
RR2005M,shawn-michaels,RR2005M,19,CONFIRMED,Shawn Michaels,Shawn Michaels,7,8,FALSE,2003,Eliminated (elim #1),1,FALSE,FALSE,N/A,FALSE,N/A,"39 Years, 6 Months, 8 Days",DERIVED,1.85,102,"San Antonio, Texas",PROBABLE,Face,PROBABLE,The Heartbreak Kid,,,,N/A,N/A,N/A,N/A,N/A,N/A,FALSE,FALSE,14,CONFIRMED,kurt-angle,33:58,2038,4:56,296,CONFIRMED,,3,kurt-angle;charlie-haas;simon-dean,3,0,FALSE,FALSE,FALSE,FALSE,FALSE,FALSE,FALSE,FALSE,FALSE,FALSE,FALSE,FALSE,Raw,PROBABLE,FALSE,CONFIRMED,S068;S069;S494;S085;S086;S087;S088;S089;S090;S091;S092;S504;S499;S085;S086;S087;S088;S089;S090;S091;S092;S504;S499;S085;S086;S087;S088;S089;S090;S091;S092;S504;S499;S085;S086;S087;S088;S089;S090;S091;S092;S504;S499;S1258;S1700;S1792,"Eliminated by a returning, already-eliminated Kurt Angle -- see F184. Event-time billing carried forward from RR2003M for the same documented persona; PROBABLE pending a direct 2005 event source.",
RR2005M,kurt-angle,RR2005M,20,CONFIRMED,Kurt Angle,Kurt Angle,2,3,FALSE,2004,Eliminated (elim #27),27,FALSE,FALSE,N/A,FALSE,N/A,"36 Years, 1 Months, 21 Days",DERIVED,1.83,100,"Pittsburgh, Pennsylvania",PROBABLE,Heel,PROBABLE,,,,,N/A,N/A,N/A,N/A,N/A,N/A,FALSE,FALSE,13,CONFIRMED,shawn-michaels,31:16,1876,0:37,37,CONFIRMED,,1,shawn-michaels,1,0,FALSE,FALSE,FALSE,FALSE,FALSE,FALSE,FALSE,FALSE,FALSE,FALSE,FALSE,FALSE,SmackDown,PROBABLE,FALSE,CONFIRMED,S068;S069;S689;S1251;S1700;S1792,"Eliminated by Shawn Michaels, then ran back in afterward (no longer a legal competitor) to eliminate HBK himself -- see F184.",
RR2005M,jonathan-coachman,RR2005M,21,CONFIRMED,Jonathan Coachman,Jonathan Coachman,0,1,TRUE,N/A,N/A,N/A,TRUE,FALSE,N/A,FALSE,N/A,"31 Years, 5 Months, 18 Days",DERIVED,1.91,107,"Wichita, Kansas",PROBABLE,Heel,PROBABLE,,,,,N/A,N/A,N/A,N/A,N/A,N/A,FALSE,FALSE,22,CONFIRMED,ric-flair,46:31,2791,13:50,830,CONFIRMED,,0,,0,0,FALSE,FALSE,FALSE,FALSE,FALSE,FALSE,FALSE,FALSE,FALSE,FALSE,FALSE,FALSE,Raw,PROBABLE,FALSE,CONFIRMED,S068;S069;S725;S1287;S1700;S1792,,
RR2005M,mark-jindrak,RR2005M,22,CONFIRMED,Mark Jindrak,Mark Jindrak,0,1,TRUE,N/A,N/A,N/A,TRUE,FALSE,N/A,FALSE,N/A,"27 Years, 7 Months, 4 Days",DERIVED,1.98,119,"Atlanta, Georgia",PROBABLE,Heel,PROBABLE,,,Team Angle (w/ Luther Reigns),Team Angle,N/A,N/A,N/A,N/A,N/A,N/A,FALSE,FALSE,18,CONFIRMED,kane,42:07,2527,8:15,495,CONFIRMED,,0,,0,0,FALSE,FALSE,FALSE,FALSE,FALSE,FALSE,FALSE,FALSE,FALSE,FALSE,FALSE,FALSE,SmackDown,PROBABLE,FALSE,CONFIRMED,S068;S069;S494;S726;S1288;S1700;S1792,,
RR2005M,mabel,RR2005M,23,CONFIRMED,Viscera,Viscera,5,6,FALSE,2000,Eliminated (elim #7),7,FALSE,FALSE,N/A,FALSE,N/A,"33 Years, 11 Months, 16 Days",DERIVED,2.06,221,"Harlem, New York",PROBABLE,Heel,PROBABLE,Viscera,,,,N/A,N/A,N/A,N/A,N/A,N/A,FALSE,FALSE,16,CONFIRMED,john-cena,39:02,2342,3:00,180,CONFIRMED,,0,,0,0,FALSE,FALSE,FALSE,FALSE,FALSE,FALSE,FALSE,FALSE,FALSE,FALSE,FALSE,FALSE,Raw,PROBABLE,FALSE,CONFIRMED,S068;S069;S494;S044;S045;S479;S024;S029;S035;S470;S466;S481;S589;S591;S068;S069;S494;S044;S045;S479;S024;S029;S035;S470;S466;S481;S589;S591;S068;S069;S494;S044;S045;S479;S024;S029;S035;S470;S466;S481;S589;S591;S068;S069;S494;S044;S045;S479;S024;S029;S035;S470;S466;S481;S589;S591;S068;S069;S494;S044;S045;S479;S024;S029;S035;S470;S466;S481;S589;S591;S068;S069;S494;S044;S045;S479;S024;S029;S035;S470;S466;S481;S589;S591;S068;S069;S494;S044;S045;S479;S024;S029;S035;S470;S466;S481;S589;S591;S068;S069;S494;S044;S045;S479;S024;S029;S035;S470;S466;S481;S589;S591;S1315;S1700;S1792,Reuses this database's existing 'mabel' wrestler_id (also used as 'Mabel' and 'Big Daddy V').,
RR2005M,paul-london,RR2005M,24,CONFIRMED,Paul London,Paul London,0,1,TRUE,N/A,N/A,N/A,TRUE,FALSE,N/A,FALSE,N/A,"24 Years, 9 Months, 14 Days",DERIVED,1.78,93,"Austin, Texas",PROBABLE,Face,PROBABLE,,,,,N/A,N/A,N/A,N/A,N/A,N/A,FALSE,FALSE,17,CONFIRMED,gene-snitsky,40:24,2424,3:15,195,CONFIRMED,,0,,0,0,FALSE,FALSE,FALSE,FALSE,FALSE,FALSE,FALSE,FALSE,FALSE,FALSE,FALSE,FALSE,SmackDown,PROBABLE,FALSE,CONFIRMED,S068;S069;S727;S1289;S1700;S1792,,
RR2005M,john-cena,RR2005M,25,CONFIRMED,John Cena,John Cena,2,3,FALSE,2004,Eliminated (elim #24),24,FALSE,FALSE,N/A,FALSE,N/A,"27 Years, 9 Months, 7 Days",DERIVED,1.85,114,"West Newbury, Massachusetts",PROBABLE,Face,PROBABLE,Doctor of Thuganomics,,,,WWE United States Championship,Intercontinental/United States,N/A,2,2004-11-18,73,FALSE,FALSE,28,CONFIRMED,batista,51:22,3082,12:53,773,CONFIRMED,,3,mabel;kane;edge,2,1,FALSE,FALSE,TRUE,TRUE,TRUE,TRUE,FALSE,FALSE,FALSE,FALSE,FALSE,FALSE,SmackDown,PROBABLE,FALSE,CONFIRMED,S068;S069;S494;S490;S702;S1266;S1700;S1792,"Eliminated by Batista in the controversial, twice-attempted finish -- see F185.",
RR2005M,gene-snitsky,RR2005M,26,CONFIRMED,Gene Snitsky,Gene Snitsky,0,1,TRUE,N/A,N/A,N/A,TRUE,FALSE,N/A,FALSE,N/A,"35 Years, 0 Months, 16 Days",DERIVED,2.03,139,"Nesquehoning, Pennsylvania",PROBABLE,Heel,PROBABLE,,,,,N/A,N/A,N/A,N/A,N/A,N/A,FALSE,FALSE,19,CONFIRMED,batista,43:12,2592,3:39,219,CONFIRMED,,1,paul-london,1,0,FALSE,FALSE,FALSE,FALSE,FALSE,FALSE,FALSE,FALSE,FALSE,FALSE,FALSE,FALSE,Raw,PROBABLE,FALSE,CONFIRMED,S068;S069;S728;S1290;S1700;S1792,,
RR2005M,kane,RR2005M,27,CONFIRMED,Kane,Kane,8,9,FALSE,2004,Eliminated (elim #6),6,FALSE,FALSE,N/A,FALSE,N/A,"37 Years, 9 Months, 4 Days",DERIVED,2.13,147,Parts Unknown,PROBABLE,Face,PROBABLE,,,,,N/A,N/A,N/A,N/A,N/A,N/A,FALSE,FALSE,21,CONFIRMED,john-cena,45:16,2716,3:55,235,CONFIRMED,,1,mark-jindrak,1,0,FALSE,FALSE,FALSE,FALSE,FALSE,FALSE,FALSE,FALSE,FALSE,FALSE,FALSE,FALSE,Raw,PROBABLE,FALSE,CONFIRMED,S068;S069;S044;S045;S479;S628;S068;S069;S044;S045;S479;S628;S068;S069;S044;S045;S479;S628;S068;S069;S044;S045;S479;S628;S068;S069;S044;S045;S479;S628;S068;S069;S044;S045;S479;S628;S068;S069;S044;S045;S479;S628;S068;S069;S044;S045;S479;S628;S1223;S1700;S1792,,
RR2005M,batista,RR2005M,28,CONFIRMED,Batista,Batista,1,2,FALSE,2003,Eliminated (elim #27),27,FALSE,FALSE,N/A,FALSE,N/A,"36 Years, 0 Months, 12 Days",DERIVED,1.98,132,"Washington, D.C.",PROBABLE,Heel,PROBABLE,,,,Evolution,N/A,N/A,N/A,N/A,N/A,N/A,FALSE,FALSE,,N/A,,,,8:19,499,CONFIRMED,,6,john-cena;gene-snitsky;christian;chris-benoit;edge;chris-jericho,4,2,FALSE,TRUE,FALSE,TRUE,TRUE,TRUE,FALSE,FALSE,FALSE,FALSE,FALSE,FALSE,Raw,PROBABLE,FALSE,CONFIRMED,S068;S069;S494;S706;S1269;S1700;S1792,Won via a spinebuster/toss on Cena after the match was restarted following a 2m35s real-time controversy -- see F185.,
RR2005M,christian,RR2005M,29,CONFIRMED,Christian,Christian,4,5,FALSE,2004,Eliminated (elim #19),19,FALSE,FALSE,N/A,FALSE,N/A,"31 Years, 2 Months, 0 Days",DERIVED,1.85,103,"Toronto, Ontario, Canada",PROBABLE,Heel,PROBABLE,,Tyson Tomko,,,N/A,N/A,N/A,N/A,N/A,N/A,FALSE,FALSE,23,CONFIRMED,batista,46:55,2815,2:09,129,CONFIRMED,,0,,0,0,FALSE,FALSE,FALSE,FALSE,FALSE,FALSE,FALSE,FALSE,FALSE,FALSE,FALSE,FALSE,Raw,PROBABLE,FALSE,CONFIRMED,S068;S069;S490;S494;S669;S1232;S1700;S1792,,
RR2005M,ric-flair,RR2005M,30,CONFIRMED,Ric Flair,Ric Flair,2,3,FALSE,1993,Eliminated (elim #4),4,FALSE,FALSE,N/A,FALSE,N/A,"55 Years, 11 Months, 5 Days",DERIVED,1.85,110,"Charlotte, North Carolina",PROBABLE,Heel,PROBABLE,,,,Evolution,N/A,N/A,N/A,N/A,N/A,N/A,FALSE,FALSE,25,CONFIRMED,edge,48:06,2886,1:59,119,CONFIRMED,,2,jonathan-coachman;chris-benoit,1,1,FALSE,FALSE,FALSE,FALSE,FALSE,FALSE,FALSE,FALSE,FALSE,FALSE,FALSE,FALSE,Raw,PROBABLE,FALSE,CONFIRMED,S068;S069;S494;S027;S028;S469;S552;S068;S069;S494;S027;S028;S469;S552;S068;S069;S494;S027;S028;S469;S552;S068;S069;S494;S027;S028;S469;S552;S068;S069;S494;S027;S028;S469;S552;S068;S069;S494;S027;S028;S469;S552;S068;S069;S494;S027;S028;S469;S552;S068;S069;S494;S027;S028;S469;S552;S1291;S1700;S1792,,
RR2006M,hunter-hearst-helmsley,RR2006M,1,CONFIRMED,Triple H,Triple H,4,5,FALSE,2002,Won,N/A,FALSE,FALSE,N/A,FALSE,N/A,"36 Years, 6 Months, 2 Days",DERIVED,1.93,120,"Greenwich, Connecticut",PROBABLE,Heel,PROBABLE,Triple H,,,,N/A,N/A,N/A,N/A,N/A,N/A,FALSE,FALSE,28,CONFIRMED,rey-mysterio,60:14,3614,60:14,3614,PROBABLE,,5,big-show;chavo-guerrero;kane;ric-flair;simon-dean,5,0,FALSE,FALSE,FALSE,FALSE,TRUE,TRUE,FALSE,FALSE,FALSE,FALSE,FALSE,FALSE,Raw,PROBABLE,FALSE,CONFIRMED,S070;S073;S075;S076;S077;S037;S481;S495;S024;S040;S049;S050;S051;S044;S045;S479;S619;S1227;S1700;S1793;S1760,"Eliminated Ric Flair and Big Show, then Chavo Guerrero, before lasting 60:09 and being eliminated by Rey Mysterio in the final three.",CONFIRMED
RR2006M,rey-mysterio,RR2006M,2,CONFIRMED,Rey Mysterio,Rey Mysterio,2,3,FALSE,2005,Eliminated (elim #26),26,FALSE,FALSE,N/A,FALSE,N/A,"31 Years, 1 Months, 18 Days",DERIVED,1.68,79,"San Diego, California",PROBABLE,Face,PROBABLE,,,,,N/A,N/A,N/A,N/A,N/A,N/A,FALSE,FALSE,,N/A,,,,62:14,3734,PROBABLE,,4,hunter-hearst-helmsley;psicosis;randy-orton;rob-van-dam,4,0,FALSE,TRUE,FALSE,TRUE,TRUE,TRUE,FALSE,FALSE,FALSE,FALSE,FALSE,FALSE,SmackDown,PROBABLE,TRUE,CONFIRMED,S070;S073;S075;S076;S077;S037;S068;S069;S436;S695;S1316;S1700;S1793,"Won at 62:12, breaking Chris Benoit's 2004 longevity record of 61:37. Eliminated Triple H and Randy Orton (the winning elimination) in the final stretch.",
RR2006M,simon-dean,RR2006M,3,CONFIRMED,Simon Dean,Simon Dean,1,2,FALSE,2005,Eliminated (elim #11),11,FALSE,FALSE,N/A,FALSE,N/A,"33 Years, 7 Months, 24 Days",DERIVED,1.83,95,"Clearwater, Florida",PROBABLE,Heel,PROBABLE,,,,,N/A,N/A,N/A,N/A,N/A,N/A,FALSE,FALSE,1,CONFIRMED,hunter-hearst-helmsley,2:39,159,0:46,46,PROBABLE,,,,,,FALSE,FALSE,FALSE,FALSE,FALSE,FALSE,FALSE,FALSE,FALSE,FALSE,FALSE,FALSE,SmackDown,PROBABLE,FALSE,CONFIRMED,S070;S073;S075;S076;S077;S037;S481;S068;S069;S494;S724;S1286;S1700;S1793;S1760,,CONFIRMED
RR2006M,psicosis,RR2006M,4,CONFIRMED,Psicosis,Psicosis,0,1,TRUE,N/A,N/A,N/A,TRUE,FALSE,N/A,FALSE,N/A,"34 Years, 8 Months, 10 Days",DERIVED,1.78,91,"Tijuana, Mexico",PROBABLE,Face,PROBABLE,,,The Mexicools (w/ Super Crazy),The Mexicools,N/A,N/A,N/A,N/A,N/A,N/A,FALSE,FALSE,2,CONFIRMED,rey-mysterio,4:54,294,1:16,76,PROBABLE,,,,,,FALSE,FALSE,FALSE,FALSE,FALSE,FALSE,FALSE,FALSE,FALSE,FALSE,FALSE,FALSE,SmackDown,PROBABLE,FALSE,CONFIRMED,S070;S073;S075;S076;S077;S037;S481;S495;S730;S1316;S1700;S1793;S1760,,CONFIRMED
RR2006M,ric-flair,RR2006M,5,CONFIRMED,Ric Flair,Ric Flair,3,4,FALSE,2005,Eliminated (elim #25),25,FALSE,FALSE,N/A,FALSE,N/A,"56 Years, 11 Months, 4 Days",DERIVED,1.85,110,"Charlotte, North Carolina",PROBABLE,Face,PROBABLE,,,,,WWE Intercontinental Championship,Intercontinental,N/A,1,2005-09-18,133,FALSE,FALSE,3,CONFIRMED,hunter-hearst-helmsley,6:44,404,1:18,78,PROBABLE,,,,,,FALSE,FALSE,FALSE,FALSE,FALSE,FALSE,FALSE,FALSE,FALSE,FALSE,FALSE,FALSE,Raw,PROBABLE,FALSE,CONFIRMED,S070;S073;S075;S076;S077;S037;S481;S495;S491;S068;S069;S494;S027;S028;S469;S552;S1291;S1700;S1793;S1760,,CONFIRMED
RR2006M,big-show,RR2006M,6,CONFIRMED,The Big Show,The Big Show,4,5,FALSE,2004,Runner-up (elim #28),28,FALSE,FALSE,N/A,FALSE,N/A,"33 Years, 11 Months, 21 Days",DERIVED,2.13,227,"Tampa, Florida",PROBABLE,Face,PROBABLE,,,Big Show & Kane,,World Tag Team Championship,Tag Team,Kane,1,2005-11-01,89,FALSE,FALSE,7,CONFIRMED,hunter-hearst-helmsley,16:33,993,9:03,543,PROBABLE,,2,bobby-lashley;jonathan-coachman,1,1,FALSE,FALSE,FALSE,FALSE,FALSE,FALSE,FALSE,FALSE,FALSE,FALSE,FALSE,FALSE,Raw,PROBABLE,FALSE,CONFIRMED,S070;S073;S075;S076;S077;S037;S481;S495;S491;S067;S040;S052;S042;S489;S485;S675;S1238;S1700;S1793;S1760,Eliminated by Triple H -- see F191 for the narrative's loose 'early on' framing versus his later credited elimination of Bobby Lashley.,CONFIRMED
RR2006M,sylvan-grenier,RR2006M,10,CONFIRMED,Sylvan Grenier,Sylvan Grenier,0,1,TRUE,N/A,N/A,N/A,TRUE,FALSE,N/A,FALSE,N/A,"28 Years, 10 Months, 3 Days",DERIVED,1.83,113,"Montreal, Quebec, Canada",PROBABLE,Heel,PROBABLE,,,,,N/A,N/A,N/A,N/A,N/A,N/A,FALSE,FALSE,5,CONFIRMED,bobby-lashley,15:04,904,0:18,18,PROBABLE,,,,,,FALSE,FALSE,FALSE,FALSE,FALSE,FALSE,FALSE,FALSE,FALSE,FALSE,FALSE,FALSE,SmackDown,PROBABLE,FALSE,CONFIRMED,S070;S073;S075;S076;S077;S037;S481;S731;S1316;S1700;S1793;S1760,,CONFIRMED
RR2006M,bobby-lashley,RR2006M,8,CONFIRMED,Bobby Lashley,Bobby Lashley,0,1,TRUE,N/A,N/A,N/A,TRUE,FALSE,N/A,FALSE,N/A,"29 Years, 6 Months, 13 Days",DERIVED,1.91,124,"Colorado Springs, Colorado",PROBABLE,Face,PROBABLE,,,,,N/A,N/A,N/A,N/A,N/A,N/A,FALSE,FALSE,6,CONFIRMED,big-show;kane,15:27,927,4:17,257,PROBABLE,,,sylvan-grenier,,,FALSE,FALSE,FALSE,FALSE,FALSE,FALSE,FALSE,FALSE,FALSE,FALSE,FALSE,FALSE,SmackDown,PROBABLE,FALSE,CONFIRMED,S070;S073;S075;S076;S077;S037;S481;S732;S1292;S1700;S1793;S1760,,CONFIRMED
RR2006M,kane,RR2006M,9,CONFIRMED,Kane,Kane,9,10,FALSE,2005,Eliminated (elim #21),21,FALSE,FALSE,N/A,FALSE,N/A,"38 Years, 9 Months, 3 Days",DERIVED,2.13,147,Parts Unknown,PROBABLE,Face,PROBABLE,,,Big Show & Kane,,World Tag Team Championship,Tag Team,Big Show,1,2005-11-01,89,FALSE,FALSE,8,CONFIRMED,hunter-hearst-helmsley,16:34,994,3:34,214,PROBABLE,,1,bobby-lashley,1,0,FALSE,FALSE,FALSE,FALSE,FALSE,FALSE,FALSE,FALSE,FALSE,FALSE,FALSE,FALSE,Raw,PROBABLE,FALSE,CONFIRMED,S070;S073;S075;S076;S077;S037;S481;S495;S491;S068;S069;S044;S045;S479;S628;S1223;S1700;S1793;S1760,,CONFIRMED
RR2006M,carlito,RR2006M,11,CONFIRMED,Carlito,Carlito,0,1,TRUE,N/A,N/A,N/A,TRUE,FALSE,N/A,FALSE,N/A,"26 Years, 11 Months, 8 Days",DERIVED,1.78,109,The Caribbean,PROBABLE,Heel,PROBABLE,,,Carlito & Chris Masters,,N/A,N/A,N/A,N/A,N/A,N/A,FALSE,FALSE,26,CONFIRMED,rob-van-dam,55:37,3337,38:31,2311,PROBABLE,,,chris-masters,,,FALSE,FALSE,FALSE,FALSE,FALSE,FALSE,FALSE,FALSE,FALSE,FALSE,FALSE,FALSE,Raw,PROBABLE,FALSE,CONFIRMED,S070;S073;S075;S076;S077;S037;S481;S495;S733;S1293;S1700;S1793;S1760,,CONFIRMED
RR2006M,booker-t,RR2006M,13,CONFIRMED,Booker T,Booker T,4,5,FALSE,2005,Eliminated (elim #8),8,FALSE,FALSE,N/A,FALSE,N/A,"40 Years, 10 Months, 28 Days",DERIVED,1.91,116,"Houston, Texas",PROBABLE,Heel,PROBABLE,Booker T,,,,WWE United States Championship,Intercontinental/United States,N/A,3,2005-10-21,100,FALSE,FALSE,9,CONFIRMED,chris-benoit,21:47,1307,0:17,17,PROBABLE,,,,,,FALSE,FALSE,FALSE,FALSE,FALSE,FALSE,FALSE,FALSE,FALSE,FALSE,FALSE,FALSE,SmackDown,PROBABLE,FALSE,CONFIRMED,S070;S073;S075;S076;S077;S037;S481;S495;S491;S068;S069;S686;S1248;S1700;S1793;S1760,,CONFIRMED
RR2006M,joey-mercury,RR2006M,14,CONFIRMED,Joey Mercury,Joey Mercury,0,1,TRUE,N/A,N/A,N/A,TRUE,FALSE,N/A,FALSE,N/A,"26 Years, 6 Months, 11 Days",DERIVED,1.75,99,"Los Angeles, California",PROBABLE,Heel,PROBABLE,,Melina,MNM (w/ Johnny Nitro),MNM,WWE Tag Team Championship,Tag Team,Johnny Nitro,2,2005-12-16,44,FALSE,FALSE,22,CONFIRMED,shawn-michaels,52:34,3154,29:14,1754,PROBABLE,,,tatanka,,,FALSE,FALSE,FALSE,FALSE,FALSE,FALSE,FALSE,FALSE,FALSE,FALSE,FALSE,FALSE,SmackDown,PROBABLE,FALSE,CONFIRMED,S070;S073;S075;S076;S077;S037;S481;S495;S491;S734;S1294;S1700;S1793;S1760,"One half of MNM; 'made a nice showing' and was kept in the match a long time, per S070.",CONFIRMED
RR2006M,road-warrior-animal,RR2006M,19,CONFIRMED,Road Warrior Animal,Road Warrior Animal,1,2,FALSE,1991,Eliminated (elim #11),11,FALSE,FALSE,N/A,FALSE,N/A,"45 Years, 4 Months, 17 Days",DERIVED,1.85,129,"Chicago, Illinois",PROBABLE,Face,PROBABLE,,,,,N/A,N/A,N/A,N/A,N/A,N/A,FALSE,FALSE,10,CONFIRMED,rob-van-dam,34:25,2065,2:49,169,PROBABLE,,,,,,FALSE,FALSE,FALSE,FALSE,FALSE,FALSE,FALSE,FALSE,FALSE,FALSE,FALSE,FALSE,SmackDown,PROBABLE,FALSE,CONFIRMED,S070;S073;S075;S076;S077;S037;S481;S735;S1295;S1700;S1793;S1760,,CONFIRMED
RR2006M,orlando-jordan,RR2006M,21,CONFIRMED,Orlando Jordan,Orlando Jordan,1,2,FALSE,2005,Eliminated (elim #7),7,FALSE,FALSE,N/A,FALSE,N/A,"31 Years, 9 Months, 8 Days",DERIVED,1.93,113,"Miami, Florida",PROBABLE,Face,PROBABLE,,,,,N/A,N/A,N/A,N/A,N/A,N/A,FALSE,FALSE,21,CONFIRMED,randy-orton,51:10,3070,16:09,969,PROBABLE,,,,,,FALSE,FALSE,FALSE,FALSE,FALSE,FALSE,FALSE,FALSE,FALSE,FALSE,FALSE,FALSE,SmackDown,PROBABLE,FALSE,CONFIRMED,S070;S073;S075;S076;S077;S037;S481;S068;S069;S494;S723;S1285;S1700;S1793;S1760,,CONFIRMED
RR2006M,chavo-guerrero,RR2006M,22,CONFIRMED,Chavo Guerrero,Chavo Guerrero,1,2,FALSE,2003,Eliminated (elim #8),8,FALSE,FALSE,N/A,FALSE,N/A,"35 Years, 3 Months, 9 Days",DERIVED,1.75,98,"El Paso, Texas",PROBABLE,Face,PROBABLE,,,,,N/A,N/A,N/A,N/A,N/A,N/A,FALSE,FALSE,11,CONFIRMED,hunter-hearst-helmsley,37:33,2253,1:00,60,PROBABLE,,,,,,FALSE,FALSE,FALSE,FALSE,FALSE,FALSE,FALSE,FALSE,FALSE,FALSE,FALSE,FALSE,Raw,PROBABLE,FALSE,CONFIRMED,S070;S073;S075;S076;S077;S037;S481;S065;S066;S488;S484;S696;S1261;S1700;S1793;S1760,,CONFIRMED
RR2006M,matt-hardy,RR2006M,23,CONFIRMED,Matt Hardy,Matt Hardy,4,5,FALSE,2004,Eliminated (elim #8),8,FALSE,FALSE,N/A,FALSE,N/A,"31 Years, 4 Months, 6 Days",DERIVED,1.88,107,"Cameron, North Carolina",PROBABLE,Face,PROBABLE,,,,,N/A,N/A,N/A,N/A,N/A,N/A,FALSE,FALSE,14,CONFIRMED,mabel,45:52,2752,7:42,462,PROBABLE,,,,,,FALSE,FALSE,FALSE,FALSE,FALSE,FALSE,FALSE,FALSE,FALSE,FALSE,FALSE,FALSE,SmackDown,PROBABLE,FALSE,CONFIRMED,S070;S073;S075;S076;S077;S037;S481;S067;S040;S052;S042;S678;S1241;S1700;S1793;S1760,,CONFIRMED
RR2006M,tatanka,RR2006M,15,CONFIRMED,Tatanka,Tatanka,3,4,FALSE,1996,Eliminated (elim #17),17,FALSE,FALSE,N/A,FALSE,N/A,"44 Years, 7 Months, 21 Days",DERIVED,1.88,129,"Charlotte, North Carolina",PROBABLE,Face,PROBABLE,,,,,N/A,N/A,N/A,N/A,N/A,N/A,FALSE,FALSE,12,CONFIRMED,joey-mercury;johnny-nitro,39:26,2366,14:09,849,PROBABLE,,,,,,FALSE,FALSE,FALSE,FALSE,FALSE,FALSE,FALSE,FALSE,FALSE,FALSE,FALSE,FALSE,SmackDown,PROBABLE,FALSE,CONFIRMED,S070;S073;S075;S076;S077;S037;S481;S032;S035;S468;S472;S024;S029;S466;S571;S1296;S1700;S1793;S1760,,CONFIRMED
RR2006M,super-crazy,RR2006M,24,CONFIRMED,Super Crazy,Super Crazy,0,1,TRUE,N/A,N/A,N/A,TRUE,FALSE,N/A,FALSE,N/A,"32 Years, 1 Months, 26 Days",DERIVED,1.73,95,"Tulancingo, Hidalgo, Mexico",PROBABLE,Face,PROBABLE,,,The Mexicools (w/ Psicosis),The Mexicools,N/A,N/A,N/A,N/A,N/A,N/A,FALSE,FALSE,16,CONFIRMED,rey-mysterio,47:42,2862,7:42,462,PROBABLE,,,,,,FALSE,FALSE,FALSE,FALSE,FALSE,FALSE,FALSE,FALSE,FALSE,FALSE,FALSE,FALSE,SmackDown,PROBABLE,FALSE,CONFLICTING,S070;S073;S075;S076;S077;S037;S481;S495;S736;S1297;S1700;S1793;S1760,Source disagreement or incomplete group attribution is preserved in flags.csv.,CONFLICTING
RR2006M,trevor-murdoch,RR2006M,17,CONFIRMED,Trevor Murdoch,Trevor Murdoch,0,1,TRUE,N/A,N/A,N/A,TRUE,FALSE,N/A,FALSE,N/A,"25 Years, 4 Months, 19 Days",DERIVED,1.93,109,"St. Louis, Missouri",PROBABLE,Heel,PROBABLE,,,,,N/A,N/A,N/A,N/A,N/A,N/A,FALSE,FALSE,13,CONFIRMED,shawn-michaels,42:13,2533,13:43,823,PROBABLE,,,,,,FALSE,FALSE,FALSE,FALSE,FALSE,FALSE,FALSE,FALSE,FALSE,FALSE,FALSE,FALSE,Raw,PROBABLE,FALSE,CONFIRMED,S070;S073;S075;S076;S077;S037;S481;S737;S1298;S1700;S1793;S1760,,CONFIRMED
RR2006M,chris-masters,RR2006M,26,CONFIRMED,Chris Masters,Chris Masters,0,1,TRUE,N/A,N/A,N/A,TRUE,FALSE,N/A,FALSE,N/A,"23 Years, 0 Months, 21 Days",DERIVED,1.93,120,"Los Angeles, California",PROBABLE,Heel,PROBABLE,,,Carlito & Chris Masters,,N/A,N/A,N/A,N/A,N/A,N/A,FALSE,FALSE,19,CONFIRMED,carlito,50:13,3013,7:02,422,PROBABLE,,,mabel,,,FALSE,FALSE,FALSE,FALSE,FALSE,FALSE,FALSE,FALSE,FALSE,FALSE,FALSE,FALSE,Raw,PROBABLE,FALSE,CONFIRMED,S070;S073;S075;S076;S077;S037;S481;S495;S738;S1299;S1700;S1793;S1760,,CONFIRMED
RR2006M,shelton-benjamin,RR2006M,28,CONFIRMED,Shelton Benjamin,Shelton Benjamin,3,4,FALSE,2005,Eliminated (elim #9),9,FALSE,FALSE,N/A,FALSE,N/A,"30 Years, 6 Months, 20 Days",DERIVED,1.88,112,"Orangeburg, South Carolina",PROBABLE,Heel,PROBABLE,,Mama Benjamin,,,N/A,N/A,N/A,N/A,N/A,N/A,FALSE,FALSE,24,CONFIRMED,shawn-michaels,53:15,3195,6:52,412,PROBABLE,,,,,,FALSE,FALSE,FALSE,FALSE,FALSE,FALSE,FALSE,FALSE,FALSE,FALSE,FALSE,FALSE,Raw,PROBABLE,FALSE,CONFIRMED,S070;S073;S075;S076;S077;S037;S481;S491;S495;S068;S069;S494;S490;S705;S1268;S1700;S1793;S1760,,CONFIRMED
RR2006M,eugene,RR2006M,18,CONFIRMED,Eugene,Eugene,0,1,TRUE,N/A,N/A,N/A,TRUE,FALSE,N/A,FALSE,N/A,"30 Years, 1 Months, 12 Days",DERIVED,1.83,107,"Louisville, Kentucky",PROBABLE,Face,PROBABLE,,,,,N/A,N/A,N/A,N/A,N/A,N/A,FALSE,FALSE,15,CONFIRMED,chris-benoit,46:34,2794,16:26,986,PROBABLE,,,,,,FALSE,FALSE,FALSE,FALSE,FALSE,FALSE,FALSE,FALSE,FALSE,FALSE,FALSE,FALSE,Raw,PROBABLE,FALSE,CONFIRMED,S070;S073;S075;S076;S077;S037;S481;S739;S1300;S1700;S1793;S1760,,CONFIRMED
RR2006M,goldust,RR2006M,29,CONFIRMED,Goldust,Goldust,5,6,FALSE,2003,Eliminated (elim #15),15,FALSE,FALSE,N/A,FALSE,N/A,"36 Years, 9 Months, 18 Days",DERIVED,1.98,105,"Hollywood, California",PROBABLE,Face,PROBABLE,Goldust,,Goldust & Snitsky,,N/A,N/A,N/A,N/A,N/A,N/A,FALSE,FALSE,20,CONFIRMED,rob-van-dam,50:52,3052,3:09,189,PROBABLE,,,,,,FALSE,FALSE,FALSE,FALSE,FALSE,FALSE,FALSE,FALSE,FALSE,FALSE,FALSE,FALSE,Raw,PROBABLE,FALSE,CONFIRMED,S070;S073;S075;S076;S077;S037;S481;S495;S065;S066;S488;S044;S045;S634;S1316;S1700;S1793;S1760,,CONFIRMED
RR2006M,chris-benoit,RR2006M,12,CONFIRMED,Chris Benoit,Chris Benoit,2,3,FALSE,2005,Eliminated (elim #24),24,FALSE,FALSE,N/A,FALSE,N/A,"38 Years, 8 Months, 8 Days",DERIVED,1.80,104,"Edmonton, Alberta, Canada",PROBABLE,Face,PROBABLE,,,,,N/A,N/A,N/A,N/A,N/A,N/A,FALSE,FALSE,17,CONFIRMED,randy-orton,49:27,2967,30:33,1833,PROBABLE,,,booker-t;eugene,,,FALSE,FALSE,FALSE,FALSE,FALSE,FALSE,FALSE,FALSE,FALSE,FALSE,FALSE,FALSE,SmackDown,PROBABLE,FALSE,CONFIRMED,S070;S073;S075;S076;S077;S037;S481;S068;S069;S436;S708;S1271;S1700;S1793;S1760,,CONFIRMED
RR2006M,mabel,RR2006M,27,CONFIRMED,Viscera,Viscera,6,7,FALSE,2005,Eliminated (elim #16),16,FALSE,FALSE,N/A,FALSE,N/A,"34 Years, 11 Months, 15 Days",DERIVED,2.06,221,"Harlem, New York",PROBABLE,Face,PROBABLE,Viscera,,,,N/A,N/A,N/A,N/A,N/A,N/A,FALSE,FALSE,18,CONFIRMED,chris-masters,50:06,3006,5:20,320,PROBABLE,,1,matt-hardy,1,0,FALSE,FALSE,FALSE,FALSE,FALSE,FALSE,FALSE,FALSE,FALSE,FALSE,FALSE,FALSE,Raw,PROBABLE,FALSE,CONFLICTING,S070;S073;S075;S076;S077;S037;S481;S495;S068;S069;S494;S044;S045;S479;S024;S029;S035;S470;S466;S589;S591;S1316;S1700;S1793;S1760,Reuses this database's existing 'mabel' wrestler_id (also used as 'Mabel' and 'Big Daddy V'). Source disagreement or incomplete group attribution is preserved in flags.csv.,CONFLICTING
RR2006M,randy-orton,RR2006M,30,CONFIRMED,Randy Orton,Randy Orton,1,2,FALSE,2004,Eliminated (elim #17),17,FALSE,FALSE,N/A,FALSE,N/A,"25 Years, 9 Months, 28 Days",DERIVED,1.96,113,"St. Louis, Missouri",PROBABLE,Heel,PROBABLE,Legend Killer,,,,N/A,N/A,N/A,N/A,N/A,N/A,FALSE,FALSE,29,CONFIRMED,rey-mysterio,62:14,3734,13:05,785,PROBABLE,,,chris-benoit;orlando-jordan,,,FALSE,FALSE,TRUE,TRUE,TRUE,TRUE,FALSE,FALSE,FALSE,FALSE,FALSE,FALSE,SmackDown,PROBABLE,FALSE,CONFIRMED,S070;S073;S075;S076;S077;S037;S481;S067;S040;S052;S042;S489;S485;S709;S1272;S1700;S1793;S1760,,CONFIRMED
RR2006M,johnny-nitro,RR2006M,16,CONFIRMED,Johnny Nitro,Johnny Nitro,0,1,TRUE,N/A,N/A,N/A,TRUE,FALSE,N/A,FALSE,N/A,"26 Years, 3 Months, 26 Days",DERIVED,1.83,98,"Los Angeles, California",PROBABLE,Heel,PROBABLE,,Melina,MNM (w/ Joey Mercury),MNM,WWE Tag Team Championship,Tag Team,Joey Mercury,2,2005-12-16,44,FALSE,FALSE,23,CONFIRMED,shawn-michaels,52:52,3172,25:58,1558,PROBABLE,,,tatanka,,,FALSE,FALSE,FALSE,FALSE,FALSE,FALSE,FALSE,FALSE,FALSE,FALSE,FALSE,FALSE,SmackDown,PROBABLE,FALSE,CONFIRMED,S070;S073;S075;S076;S077;S037;S481;S495;S491;S740;S1316;S1700;S1793;S1760,"One half of MNM; 'made a nice showing' and was kept in the match a long time, per S070.",CONFIRMED
RR2006M,shawn-michaels,RR2006M,25,CONFIRMED,Shawn Michaels,Shawn Michaels,8,9,FALSE,2005,Eliminated (elim #14),14,FALSE,FALSE,N/A,FALSE,N/A,"40 Years, 6 Months, 7 Days",DERIVED,1.85,102,"San Antonio, Texas",PROBABLE,Face,PROBABLE,The Heartbreak Kid,,,,N/A,N/A,N/A,N/A,N/A,N/A,FALSE,FALSE,25,CONFIRMED,shane-mcmahon,54:21,3261,12:56,776,PROBABLE,,,joey-mercury;johnny-nitro;shelton-benjamin;trevor-murdoch,,,FALSE,FALSE,FALSE,FALSE,FALSE,FALSE,FALSE,FALSE,FALSE,FALSE,FALSE,FALSE,Raw,PROBABLE,FALSE,CONFIRMED,S070;S073;S075;S076;S077;S037;S481;S495;S085;S086;S087;S088;S089;S090;S091;S092;S504;S499;S1258;S1700;S1793;S1760,"Eliminated via interference by Shane McMahon (never a legal competitor this match) while being distracted by Vince McMahon, who had promised a reward for eliminating HBK. See F192. Event-time billing carried forward from RR2005M for the same documented persona; PROBABLE pending a direct 2006 event source.",CONFIRMED
RR2006M,rob-van-dam,RR2006M,20,CONFIRMED,Rob Van Dam,Rob Van Dam,3,4,FALSE,2004,Eliminated (elim #25),25,FALSE,FALSE,N/A,TRUE,most of 2005 (reconstructive knee surgery),"35 Years, 1 Months, 11 Days",DERIVED,1.83,107,"Battle Creek, Michigan",PROBABLE,Face,PROBABLE,,,,,N/A,N/A,N/A,N/A,N/A,N/A,FALSE,FALSE,27,CONFIRMED,rey-mysterio,57:27,3447,24:09,1449,PROBABLE,,,carlito;goldust;road-warrior-animal,,,FALSE,FALSE,FALSE,FALSE,FALSE,TRUE,FALSE,FALSE,FALSE,FALSE,FALSE,FALSE,Raw,PROBABLE,FALSE,CONFLICTING,S070;S073;S075;S076;S077;S037;S481;S067;S040;S052;S042;S692;S1255;S1700;S1725;S1793;S1760,One of the final four; eliminated first among them (no eliminator named). Source disagreement or incomplete group attribution is preserved in flags.csv.,CONFLICTING
RR2007M,ric-flair,RR2007M,1,CONFIRMED,Ric Flair,Ric Flair,4,5,FALSE,2006,Eliminated (elim #3),3,FALSE,FALSE,N/A,FALSE,N/A,"57 Years, 11 Months, 3 Days",DERIVED,1.85,110,"Charlotte, North Carolina",PROBABLE,Face,PROBABLE,,,,,N/A,N/A,N/A,N/A,N/A,N/A,FALSE,FALSE,1,CONFIRMED,edge,5:41,341,5:41,341,CONFIRMED,,0,,0,0,FALSE,FALSE,FALSE,FALSE,FALSE,FALSE,FALSE,FALSE,FALSE,FALSE,FALSE,FALSE,Raw,PROBABLE,FALSE,CONFIRMED,S071;S072;S068;S069;S494;S027;S028;S469;S552;S1291;S1700;S1794,,
RR2007M,finlay,RR2007M,2,CONFIRMED,Finlay,Finlay,0,1,TRUE,N/A,N/A,N/A,TRUE,FALSE,N/A,FALSE,N/A,"48 Years, 11 Months, 28 Days",DERIVED,1.88,106,"Belfast, Ireland",PROBABLE,Heel,PROBABLE,,Little Bastard,,,N/A,N/A,N/A,N/A,N/A,N/A,FALSE,FALSE,12,CONFIRMED,shawn-michaels,32:34,1954,32:34,1954,CONFIRMED,,0,,0,0,FALSE,FALSE,FALSE,FALSE,FALSE,FALSE,FALSE,FALSE,FALSE,FALSE,FALSE,FALSE,SmackDown,PROBABLE,FALSE,CONFIRMED,S071;S072;S492;S496;S741;S1317;S1700;S1794,,
RR2007M,kenny-dykstra,RR2007M,3,CONFIRMED,Kenny Dykstra,Kenny Dykstra,0,1,TRUE,N/A,N/A,N/A,TRUE,FALSE,N/A,FALSE,N/A,"20 Years, 10 Months, 12 Days",DERIVED,1.88,104,"Worcester, Massachusetts",PROBABLE,Heel,PROBABLE,,,,,N/A,N/A,N/A,N/A,N/A,N/A,FALSE,FALSE,2,CONFIRMED,edge,5:48,348,4:05,245,CONFIRMED,,0,,0,0,FALSE,FALSE,FALSE,FALSE,FALSE,FALSE,FALSE,FALSE,FALSE,FALSE,FALSE,FALSE,Raw,PROBABLE,FALSE,CONFIRMED,S071;S072;S742;S1301;S1700;S1794,,
RR2007M,matt-hardy,RR2007M,4,CONFIRMED,Matt Hardy,Matt Hardy,5,6,FALSE,2006,Eliminated (elim #14),14,FALSE,FALSE,N/A,FALSE,N/A,"32 Years, 4 Months, 5 Days",DERIVED,1.88,107,"Cameron, North Carolina",PROBABLE,Face,PROBABLE,,,The Hardy Boyz (w/ Jeff Hardy),,N/A,N/A,N/A,N/A,N/A,N/A,FALSE,FALSE,9,CONFIRMED,randy-orton,22:07,1327,18:56,1136,CONFIRMED,,0,,0,0,FALSE,FALSE,FALSE,FALSE,FALSE,FALSE,FALSE,FALSE,FALSE,FALSE,FALSE,FALSE,SmackDown,PROBABLE,FALSE,CONFIRMED,S071;S072;S496;S067;S073;S040;S052;S042;S481;S678;S1241;S1700;S1794,,
RR2007M,edge,RR2007M,5,CONFIRMED,Edge,Edge,4,5,FALSE,2005,Eliminated (elim #27),27,FALSE,FALSE,N/A,FALSE,N/A,"33 Years, 2 Months, 29 Days",DERIVED,1.96,109,"Toronto, Ontario, Canada",PROBABLE,Heel,PROBABLE,,,Rated-RKO (w/ Randy Orton),Rated-RKO,World Tag Team Championship,Tag Team,Randy Orton,11,2006-11-13,76,FALSE,FALSE,28,CONFIRMED,shawn-michaels,48:46,2926,44:06,2646,CONFIRMED,,5,ric-flair;kenny-dykstra;super-crazy;mabel;jeff-hardy,3,2,FALSE,FALSE,FALSE,FALSE,TRUE,TRUE,FALSE,FALSE,FALSE,FALSE,FALSE,FALSE,Raw,PROBABLE,FALSE,CONFIRMED,S071;S072;S496;S492;S068;S069;S436;S044;S045;S479;S656;S1216;S1700;S1794,,
RR2007M,tommy-dreamer,RR2007M,6,CONFIRMED,Tommy Dreamer,Tommy Dreamer,1,2,FALSE,2003,Eliminated (elim #5),5,FALSE,FALSE,N/A,FALSE,N/A,"35 Years, 11 Months, 15 Days",DERIVED,1.88,120,"Yonkers, New York",PROBABLE,Face,PROBABLE,,,,,N/A,N/A,N/A,N/A,N/A,N/A,FALSE,FALSE,3,CONFIRMED,kane,12:53,773,6:42,402,CONFIRMED,,0,,0,0,FALSE,FALSE,FALSE,FALSE,FALSE,FALSE,FALSE,FALSE,FALSE,FALSE,FALSE,FALSE,ECW,PROBABLE,FALSE,CONFIRMED,S071;S072;S065;S066;S699;S1263;S1700;S1794,,
RR2007M,sabu,RR2007M,7,CONFIRMED,Sabu,Sabu,0,1,TRUE,N/A,N/A,N/A,TRUE,FALSE,N/A,FALSE,N/A,,UNKNOWN,1.83,107,"Bombay, Michigan",PROBABLE,Face,PROBABLE,,,,,N/A,N/A,N/A,N/A,N/A,N/A,FALSE,FALSE,4,CONFIRMED,kane,13:24,804,5:27,327,CONFIRMED,,0,,0,0,FALSE,FALSE,FALSE,FALSE,FALSE,FALSE,FALSE,FALSE,FALSE,FALSE,FALSE,FALSE,ECW,PROBABLE,FALSE,CONFIRMED,S071;S072;S743;S1302;S1700;S1794,"One of the first-ever ECW Originals to compete in a Royal Rumble match, alongside Tommy Dreamer.",
RR2007M,the-hurricane,RR2007M,8,CONFIRMED,Gregory Helms,Gregory Helms,3,4,FALSE,2005,Eliminated (elim #3),3,FALSE,FALSE,N/A,FALSE,N/A,"32 Years, 6 Months, 16 Days",DERIVED,1.83,98,"Raleigh, North Carolina",PROBABLE,Heel,PROBABLE,Gregory Helms,,,,WWE Cruiserweight Championship,Other,N/A,1,2006-01-29,364,FALSE,FALSE,5,CONFIRMED,booker-t,16:00,960,6:50,410,CONFIRMED,,0,,0,0,FALSE,FALSE,FALSE,FALSE,FALSE,FALSE,FALSE,FALSE,FALSE,FALSE,FALSE,FALSE,SmackDown,PROBABLE,FALSE,CONFIRMED,S071;S072;S496;S492;S068;S069;S494;S693;S1256;S1700;S1794,,
RR2007M,shelton-benjamin,RR2007M,9,CONFIRMED,Shelton Benjamin,Shelton Benjamin,4,5,FALSE,2006,Eliminated (elim #24),24,FALSE,FALSE,N/A,FALSE,N/A,"31 Years, 6 Months, 19 Days",DERIVED,1.88,112,"Orangeburg, South Carolina",PROBABLE,Heel,PROBABLE,,,,,N/A,N/A,N/A,N/A,N/A,N/A,FALSE,FALSE,14,CONFIRMED,shawn-michaels,33:03,1983,22:23,1343,CONFIRMED,,1,mabel,0,1,FALSE,FALSE,FALSE,FALSE,FALSE,FALSE,FALSE,FALSE,FALSE,FALSE,FALSE,FALSE,Raw,PROBABLE,FALSE,CONFIRMED,S071;S072;S068;S069;S494;S490;S705;S1268;S1700;S1794,,
RR2007M,kane,RR2007M,10,CONFIRMED,Kane,Kane,10,11,FALSE,2006,Eliminated (elim #8),8,FALSE,FALSE,N/A,FALSE,N/A,"39 Years, 9 Months, 2 Days",DERIVED,2.13,147,Parts Unknown,PROBABLE,Face,PROBABLE,,,,,N/A,N/A,N/A,N/A,N/A,N/A,FALSE,FALSE,11,CONFIRMED,booker-t,25:45,1545,13:22,802,CONFIRMED,,2,tommy-dreamer;sabu,2,0,FALSE,FALSE,FALSE,FALSE,FALSE,FALSE,FALSE,FALSE,FALSE,FALSE,FALSE,FALSE,SmackDown,PROBABLE,FALSE,CONFIRMED,S071;S072;S437;S068;S069;S044;S045;S479;S628;S1223;S1700;S1794,,PROBABLE
RR2007M,cm-punk,RR2007M,11,CONFIRMED,CM Punk,CM Punk,0,1,TRUE,N/A,N/A,N/A,TRUE,FALSE,N/A,FALSE,N/A,"28 Years, 3 Months, 2 Days",DERIVED,1.88,99,"Chicago, Illinois",PROBABLE,Face,PROBABLE,,,,,N/A,N/A,N/A,N/A,N/A,N/A,FALSE,FALSE,22,CONFIRMED,the-great-khali,41:24,2484,27:17,1637,CONFIRMED,,1,mabel,0,1,FALSE,FALSE,FALSE,FALSE,FALSE,FALSE,FALSE,FALSE,FALSE,FALSE,FALSE,FALSE,ECW,PROBABLE,FALSE,CONFIRMED,S071;S072;S744;S1303;S1700;S1794,Entry number per Cageside derivation is #11; S072's narrative instead states #12 -- see F195. DERIVED as the unnamed 7th of Khali's 7 eliminations -- see F196.,
RR2007M,booker-t,RR2007M,12,CONFIRMED,King Booker,King Booker,5,6,FALSE,2006,Eliminated (elim #9),9,FALSE,FALSE,N/A,FALSE,N/A,"41 Years, 10 Months, 27 Days",DERIVED,1.91,116,"Houston, Texas",PROBABLE,Heel,PROBABLE,King Booker,Queen Sharmell,,,N/A,N/A,N/A,N/A,N/A,N/A,FALSE,FALSE,10,CONFIRMED,kane,25:12,1512,9:23,563,CONFIRMED,,3,the-hurricane;the-sandman;kane,3,0,FALSE,FALSE,FALSE,FALSE,FALSE,FALSE,FALSE,FALSE,FALSE,FALSE,FALSE,FALSE,SmackDown,PROBABLE,FALSE,PROBABLE,S071;S072;S481;S073;S496;S492;S068;S069;S686;S1248;S1700;S1794,"Reuses this database's existing 'booker-t' wrestler_id (same performer, evolved gimmick/name after winning the 2006 King of the Ring, not a new identity). Two sources name Kane alone; an older database source names Kane and Rob Van Dam jointly. See F220.",PROBABLE
RR2007M,super-crazy,RR2007M,13,CONFIRMED,Super Crazy,Super Crazy,1,2,FALSE,2006,Eliminated (elim #16),16,FALSE,FALSE,N/A,FALSE,N/A,"33 Years, 1 Months, 25 Days",DERIVED,1.73,95,"Tulancingo, Hidalgo, Mexico",PROBABLE,Face,PROBABLE,,,,,N/A,N/A,N/A,N/A,N/A,N/A,FALSE,FALSE,7,CONFIRMED,edge;randy-orton,21:38,1298,4:33,273,CONFIRMED,,0,,0,0,FALSE,FALSE,FALSE,FALSE,FALSE,FALSE,FALSE,FALSE,FALSE,FALSE,FALSE,FALSE,Raw,PROBABLE,FALSE,CONFIRMED,S071;S072;S736;S1297;S1700;S1794,,
RR2007M,jeff-hardy,RR2007M,14,CONFIRMED,Jeff Hardy,Jeff Hardy,3,4,FALSE,2003,Eliminated (elim #11),11,FALSE,FALSE,N/A,FALSE,N/A,"29 Years, 4 Months, 28 Days",DERIVED,1.85,102,"Cameron, North Carolina",PROBABLE,Face,PROBABLE,,,The Hardy Boyz (w/ Matt Hardy),,WWE Intercontinental Championship,Intercontinental,N/A,2,2006-11-13,76,FALSE,FALSE,8,CONFIRMED,edge,22:05,1325,3:38,218,CONFIRMED,,0,,0,0,FALSE,FALSE,FALSE,FALSE,FALSE,FALSE,FALSE,FALSE,FALSE,FALSE,FALSE,FALSE,Raw,PROBABLE,FALSE,CONFIRMED,S071;S072;S437;S496;S492;S065;S066;S676;S1239;S1700;S1794,,PROBABLE
RR2007M,the-sandman,RR2007M,15,CONFIRMED,The Sandman,The Sandman,0,1,TRUE,N/A,N/A,N/A,TRUE,FALSE,N/A,FALSE,N/A,"43 Years, 7 Months, 12 Days",DERIVED,1.93,109,"Philadelphia, Pennsylvania",PROBABLE,Face,PROBABLE,,,,,N/A,N/A,N/A,N/A,N/A,N/A,FALSE,FALSE,6,CONFIRMED,booker-t,20:34,1234,0:13,13,CONFIRMED,,0,,0,0,FALSE,FALSE,FALSE,FALSE,FALSE,FALSE,FALSE,FALSE,FALSE,FALSE,FALSE,FALSE,ECW,PROBABLE,FALSE,CONFIRMED,S071;S072;S745;S1304;S1700;S1794,"One of the first-ever ECW Originals to compete in a Royal Rumble match, alongside Tommy Dreamer.",
RR2007M,randy-orton,RR2007M,16,CONFIRMED,Randy Orton,Randy Orton,2,3,FALSE,2006,Runner-up (elim #29),29,FALSE,FALSE,N/A,FALSE,N/A,"26 Years, 9 Months, 27 Days",DERIVED,1.96,113,"St. Louis, Missouri",PROBABLE,Heel,PROBABLE,Legend Killer,,Rated-RKO (w/ Edge),Rated-RKO,World Tag Team Championship,Tag Team,Edge,1,2006-11-13,76,FALSE,FALSE,27,CONFIRMED,shawn-michaels,48:43,2923,27:16,1636,CONFIRMED,,2,matt-hardy;super-crazy,1,1,FALSE,FALSE,FALSE,FALSE,FALSE,TRUE,FALSE,FALSE,FALSE,FALSE,FALSE,FALSE,Raw,PROBABLE,FALSE,CONFIRMED,S071;S072;S496;S492;S067;S073;S040;S052;S042;S481;S489;S485;S709;S1272;S1700;S1794,,
RR2007M,chris-benoit,RR2007M,17,CONFIRMED,Chris Benoit,Chris Benoit,3,4,FALSE,2006,Eliminated (elim #17),17,FALSE,FALSE,N/A,FALSE,N/A,"39 Years, 8 Months, 7 Days",DERIVED,1.80,104,"Edmonton, Alberta, Canada",PROBABLE,Face,PROBABLE,,,,,WWE United States Championship,Intercontinental/United States,N/A,5,2006-10-08,112,FALSE,FALSE,19,CONFIRMED,the-great-khali,41:01,2461,17:54,1074,CONFIRMED,,3,johnny-nitro;kevin-thorn;mabel,2,1,FALSE,FALSE,FALSE,FALSE,FALSE,FALSE,FALSE,FALSE,FALSE,FALSE,FALSE,FALSE,SmackDown,PROBABLE,FALSE,CONFIRMED,S071;S072;S496;S492;S068;S069;S436;S708;S1271;S1700;S1794,,
RR2007M,rob-van-dam,RR2007M,18,CONFIRMED,Rob Van Dam,Rob Van Dam,4,5,FALSE,2006,Eliminated (elim #27),27,FALSE,FALSE,N/A,FALSE,N/A,"36 Years, 1 Months, 10 Days",DERIVED,1.83,107,"Battle Creek, Michigan",PROBABLE,Face,PROBABLE,,,,,N/A,N/A,N/A,N/A,N/A,N/A,FALSE,FALSE,21,CONFIRMED,the-great-khali,41:16,2476,16:28,988,CONFIRMED,,2,chris-masters;mabel,1,1,FALSE,FALSE,FALSE,FALSE,FALSE,FALSE,FALSE,FALSE,FALSE,FALSE,FALSE,FALSE,ECW,PROBABLE,FALSE,CONFIRMED,S071;S072;S067;S073;S040;S052;S042;S481;S692;S1255;S1700;S1794,,
RR2007M,mabel,RR2007M,19,CONFIRMED,Viscera,Viscera,7,8,FALSE,2006,Eliminated (elim #18),18,FALSE,FALSE,N/A,FALSE,N/A,"35 Years, 11 Months, 14 Days",DERIVED,2.06,221,"Harlem, New York",PROBABLE,Heel,PROBABLE,Viscera,,,,N/A,N/A,N/A,N/A,N/A,N/A,FALSE,FALSE,13,CONFIRMED,rob-van-dam;cm-punk;edge;chris-benoit;johnny-nitro;shelton-benjamin;hardcore-holly;kevin-thorn,32:51,1971,6:18,378,CONFIRMED,,0,,0,0,FALSE,FALSE,FALSE,FALSE,FALSE,FALSE,FALSE,FALSE,FALSE,FALSE,FALSE,FALSE,Raw,PROBABLE,FALSE,CONFIRMED,S071;S072;S496;S068;S069;S494;S044;S045;S479;S024;S029;S035;S470;S466;S481;S589;S591;S1317;S1700;S1794,Reuses this database's existing 'mabel' wrestler_id (also used as 'Mabel' and 'Big Daddy V').,
RR2007M,johnny-nitro,RR2007M,20,CONFIRMED,Johnny Nitro,Johnny Nitro,1,2,FALSE,2006,Eliminated (elim #23),23,FALSE,FALSE,N/A,FALSE,N/A,"27 Years, 3 Months, 25 Days",DERIVED,1.83,98,"Los Angeles, California",PROBABLE,Heel,PROBABLE,Johnny Nitro,Melina,MNM,MNM,N/A,N/A,N/A,N/A,N/A,N/A,FALSE,FALSE,15,CONFIRMED,chris-benoit,34:06,2046,6:18,378,CONFIRMED,,1,mabel,0,1,FALSE,FALSE,FALSE,FALSE,FALSE,FALSE,FALSE,FALSE,FALSE,FALSE,FALSE,FALSE,Raw,PROBABLE,FALSE,CONFIRMED,S071;S072;S496;S492;S740;S1317;S1700;S1794,,
RR2007M,kevin-thorn,RR2007M,21,CONFIRMED,Kevin Thorn,Kevin Thorn,0,1,TRUE,N/A,N/A,N/A,TRUE,FALSE,N/A,FALSE,N/A,"30 Years, 0 Months, 11 Days",DERIVED,1.91,122,,PROBABLE,Heel,PROBABLE,,,,,N/A,N/A,N/A,N/A,N/A,N/A,FALSE,FALSE,16,CONFIRMED,chris-benoit,35:23,2123,6:16,376,CONFIRMED,,1,mabel,0,1,FALSE,FALSE,FALSE,FALSE,FALSE,FALSE,FALSE,FALSE,FALSE,FALSE,FALSE,FALSE,ECW,PROBABLE,FALSE,CONFIRMED,S071;S072;S746;S1317;S1700;S1794,,
RR2007M,hardcore-holly,RR2007M,22,CONFIRMED,Hardcore Holly,Hardcore Holly,3,4,FALSE,2005,Eliminated (elim #2),2,FALSE,FALSE,N/A,FALSE,N/A,"43 Years, 11 Months, 30 Days",DERIVED,1.83,107,"Mobile, Alabama",PROBABLE,Heel,PROBABLE,,,,,N/A,N/A,N/A,N/A,N/A,N/A,FALSE,FALSE,18,CONFIRMED,the-great-khali,40:54,2454,10:22,622,CONFIRMED,,1,mabel,0,1,FALSE,FALSE,FALSE,FALSE,FALSE,FALSE,FALSE,FALSE,FALSE,FALSE,FALSE,FALSE,ECW,PROBABLE,FALSE,CONFIRMED,S071;S072;S068;S069;S674;S1237;S592;S1700;S1794,,
RR2007M,shawn-michaels,RR2007M,23,CONFIRMED,Shawn Michaels,Shawn Michaels,9,10,FALSE,2006,Eliminated (elim #25),25,FALSE,FALSE,N/A,FALSE,N/A,"41 Years, 6 Months, 6 Days",DERIVED,1.85,102,"San Antonio, Texas",PROBABLE,Face,PROBABLE,The Heartbreak Kid,,,,N/A,N/A,N/A,N/A,N/A,N/A,FALSE,FALSE,29,CONFIRMED,the-undertaker,56:20,3380,24:11,1451,CONFIRMED,,4,finlay;edge;shelton-benjamin;randy-orton,4,0,FALSE,FALSE,TRUE,TRUE,TRUE,TRUE,FALSE,FALSE,FALSE,FALSE,FALSE,FALSE,Raw,PROBABLE,FALSE,CONFIRMED,S071;S072;S496;S085;S086;S087;S088;S089;S090;S091;S092;S504;S499;S1258;S1700;S1794,"Eliminated Finlay and Shelton Benjamin, then Edge and Randy Orton together in the Final Four, before being eliminated by The Undertaker for the win in an acclaimed final segment. Event-time billing carried forward from RR2006M for the same documented persona; PROBABLE pending a direct 2007 event source.",
RR2007M,chris-masters,RR2007M,24,CONFIRMED,Chris Masters,Chris Masters,1,2,FALSE,2006,Eliminated (elim #19),19,FALSE,FALSE,N/A,FALSE,N/A,"24 Years, 0 Months, 20 Days",DERIVED,1.93,120,"Los Angeles, California",PROBABLE,Heel,PROBABLE,,,,,N/A,N/A,N/A,N/A,N/A,N/A,FALSE,FALSE,17,CONFIRMED,rob-van-dam,37:11,2231,3:32,212,CONFIRMED,,0,,0,0,FALSE,FALSE,FALSE,FALSE,FALSE,FALSE,FALSE,FALSE,FALSE,FALSE,FALSE,FALSE,Raw,PROBABLE,FALSE,CONFIRMED,S071;S072;S738;S1299;S1700;S1794,,
RR2007M,chavo-guerrero,RR2007M,25,CONFIRMED,Chavo Guerrero,Chavo Guerrero,2,3,FALSE,2006,Eliminated (elim #11),11,FALSE,FALSE,N/A,FALSE,N/A,"36 Years, 3 Months, 8 Days",DERIVED,1.75,98,"El Paso, Texas",PROBABLE,Heel,PROBABLE,,,,,N/A,N/A,N/A,N/A,N/A,N/A,FALSE,FALSE,24,CONFIRMED,the-great-khali,41:38,2498,6:24,384,CONFIRMED,,0,,0,0,FALSE,FALSE,FALSE,FALSE,FALSE,FALSE,FALSE,FALSE,FALSE,FALSE,FALSE,FALSE,SmackDown,PROBABLE,FALSE,CONFIRMED,S071;S072;S065;S066;S488;S484;S696;S1261;S1700;S1794,,
RR2007M,mvp,RR2007M,26,CONFIRMED,MVP,MVP,0,1,TRUE,N/A,N/A,N/A,TRUE,FALSE,N/A,FALSE,N/A,"33 Years, 3 Months, 0 Days",DERIVED,1.91,117,"Miami, Florida",PROBABLE,Heel,PROBABLE,,,,,N/A,N/A,N/A,N/A,N/A,N/A,FALSE,FALSE,26,CONFIRMED,the-undertaker,44:22,2662,7:33,453,CONFIRMED,,0,,0,0,FALSE,FALSE,FALSE,FALSE,FALSE,FALSE,FALSE,FALSE,FALSE,FALSE,FALSE,FALSE,SmackDown,PROBABLE,FALSE,CONFIRMED,S071;S072;S747;S1306;S1700;S1794,,
RR2007M,carlito,RR2007M,27,CONFIRMED,Carlito,Carlito,1,2,FALSE,2006,Eliminated (elim #26),26,FALSE,FALSE,N/A,FALSE,N/A,"27 Years, 11 Months, 7 Days",DERIVED,1.78,109,The Caribbean,PROBABLE,Face,PROBABLE,,Torrie Wilson,,,N/A,N/A,N/A,N/A,N/A,N/A,FALSE,FALSE,23,CONFIRMED,the-great-khali,41:31,2491,3:20,200,CONFIRMED,,0,,0,0,FALSE,FALSE,FALSE,FALSE,FALSE,FALSE,FALSE,FALSE,FALSE,FALSE,FALSE,FALSE,Raw,PROBABLE,FALSE,CONFIRMED,S071;S072;S492;S496;S733;S1293;S1700;S1794,,
RR2007M,the-great-khali,RR2007M,28,CONFIRMED,The Great Khali,The Great Khali,0,1,TRUE,N/A,N/A,N/A,TRUE,FALSE,N/A,FALSE,N/A,"34 Years, 5 Months, 1 Days",DERIVED,2.15,158,"Punjab, India",PROBABLE,Heel,PROBABLE,,Daivari,,,N/A,N/A,N/A,N/A,N/A,N/A,FALSE,FALSE,25,CONFIRMED,the-undertaker,43:48,2628,3:45,225,CONFIRMED,,7,cm-punk;chris-benoit;rob-van-dam;hardcore-holly;chavo-guerrero;carlito;the-miz,7,0,FALSE,FALSE,FALSE,FALSE,FALSE,FALSE,FALSE,FALSE,FALSE,FALSE,FALSE,FALSE,Raw,PROBABLE,FALSE,CONFIRMED,S071;S072;S492;S496;S748;S1317;S1700;S1794,"Eliminated a stated 7 men in a 44-second span (6 individually named, 1 DERIVED -- see F196) before being clotheslined out by The Undertaker.",
RR2007M,the-miz,RR2007M,29,CONFIRMED,The Miz,The Miz,0,1,TRUE,N/A,N/A,N/A,TRUE,FALSE,N/A,FALSE,N/A,"26 Years, 3 Months, 20 Days",DERIVED,1.88,100,"Cleveland, Ohio",PROBABLE,Heel,PROBABLE,,,,,N/A,N/A,N/A,N/A,N/A,N/A,FALSE,FALSE,20,CONFIRMED,the-great-khali,41:09,2469,0:07,7,CONFIRMED,,0,,0,0,FALSE,FALSE,FALSE,FALSE,FALSE,FALSE,FALSE,FALSE,FALSE,FALSE,FALSE,FALSE,SmackDown,PROBABLE,FALSE,CONFIRMED,S071;S072;S749;S1307;S1700;S1794,,
RR2007M,the-undertaker,RR2007M,30,CONFIRMED,The Undertaker,The Undertaker,7,8,FALSE,2003,Runner-up (elim #29),29,FALSE,FALSE,N/A,FALSE,N/A,"41 Years, 10 Months, 4 Days",DERIVED,2.08,140,Death Valley,PROBABLE,Face,PROBABLE,,,,,N/A,N/A,N/A,N/A,N/A,N/A,FALSE,FALSE,,N/A,,,,13:16,796,CONFIRMED,,3,shawn-michaels;mvp;the-great-khali,3,0,FALSE,TRUE,FALSE,TRUE,TRUE,TRUE,FALSE,FALSE,FALSE,FALSE,FALSE,FALSE,SmackDown,PROBABLE,FALSE,CONFIRMED,S071;S072;S065;S066;S488;S033;S034;S027;S028;S465;S469;S543;S1317;S1700;S1794,"Entered #30 and won his first career Royal Rumble, eliminating Khali, MVP, and Shawn Michaels (the winning elimination) after a widely-praised final one-on-one segment.",
RR2006M,jonathan-coachman,RR2006M,7,CONFIRMED,Jonathan Coachman,Jonathan Coachman,1,2,FALSE,2005,Eliminated (elim #22),22,FALSE,FALSE,N/A,FALSE,N/A,"32 Years, 5 Months, 17 Days",DERIVED,1.91,107,"Wichita, Kansas",PROBABLE,Heel,PROBABLE,,,,,N/A,N/A,N/A,N/A,N/A,N/A,N/A,N/A,4,CONFIRMED,big-show,9:45,585,0:31,31,PROBABLE,,0,,0,0,FALSE,FALSE,FALSE,FALSE,FALSE,FALSE,FALSE,FALSE,FALSE,FALSE,FALSE,FALSE,Raw,PROBABLE,FALSE,CONFIRMED,S074;S076;S075;S077;S037;S073;S481;S068;S069;S725;S1287;S1700;S1793;S1760,"Previously entirely missing from this event (F190's 30-vs-29-named gap). CONFIRMED at entry #7, eliminated immediately by Big Show, per a WWE.com official archived video ('Happy Birthday, Coach! Relive Jonathan Coachman's 2006 Royal Rumble Match entrance') plus 4 independent secondary sources (Blog of Doom, 411Mania, TJR Wrestling, a LiveJournal detailed recap) all placing him at #7.",CONFIRMED
RR2008M,the-undertaker,RR2008M,1,CONFIRMED,The Undertaker,The Undertaker,8,9,FALSE,2007,Won,N/A,FALSE,FALSE,N/A,FALSE,N/A,"42 Years, 10 Months, 3 Days",DERIVED,2.08,140,Death Valley,PROBABLE,Face,PROBABLE,,,,,N/A,N/A,N/A,N/A,N/A,N/A,FALSE,FALSE,11,CONFIRMED,shawn-michaels,32:35,1955,32:35,1955,CONFIRMED,,3,gene-snitsky;santino-marella;the-great-khali,3,0,FALSE,FALSE,FALSE,FALSE,FALSE,FALSE,FALSE,FALSE,FALSE,FALSE,FALSE,FALSE,SmackDown,PROBABLE,FALSE,CONFIRMED,S080;S081;S065;S066;S488;S033;S034;S027;S028;S465;S469;S543;S1429;S1700;S1795,,
RR2008M,shawn-michaels,RR2008M,2,CONFIRMED,Shawn Michaels,Shawn Michaels,10,11,FALSE,2007,Runner-up (elim #29),29,FALSE,FALSE,N/A,FALSE,N/A,"42 Years, 6 Months, 5 Days",DERIVED,1.85,102,"San Antonio, Texas",PROBABLE,Face,PROBABLE,The Heartbreak Kid,,,,N/A,N/A,N/A,N/A,N/A,N/A,FALSE,FALSE,12,CONFIRMED,mr-kennedy,32:41,1961,32:41,1961,CONFIRMED,,2,shelton-benjamin;the-undertaker,2,0,FALSE,FALSE,FALSE,FALSE,FALSE,FALSE,FALSE,FALSE,FALSE,FALSE,FALSE,FALSE,Raw,PROBABLE,FALSE,CONFIRMED,S080;S081;S497;S085;S086;S087;S088;S089;S090;S091;S092;S504;S499;S1318;S1700;S1795,Event-time billing carried forward from RR2007M for the same documented persona; PROBABLE pending a direct 2008 event source.,
RR2008M,santino-marella,RR2008M,3,CONFIRMED,Santino Marella,Santino Marella,0,1,TRUE,N/A,N/A,N/A,TRUE,FALSE,N/A,FALSE,N/A,,UNKNOWN,1.83,106,"San Fili, Calabria, Italy",PROBABLE,Tweener,PROBABLE,,,,,N/A,N/A,N/A,N/A,N/A,N/A,FALSE,FALSE,1,CONFIRMED,the-undertaker,2:04,124,0:25,25,CONFIRMED,,,,,,FALSE,FALSE,FALSE,FALSE,FALSE,FALSE,FALSE,FALSE,FALSE,FALSE,FALSE,FALSE,Raw,PROBABLE,FALSE,CONFIRMED,S080;S081;S750;S1319;S1700;S1795,,
RR2008M,the-great-khali,RR2008M,4,CONFIRMED,The Great Khali,The Great Khali,1,2,FALSE,2007,Eliminated (elim #25),25,FALSE,FALSE,N/A,FALSE,N/A,"35 Years, 5 Months, 0 Days",DERIVED,2.15,158,"Punjab, India",PROBABLE,Heel,PROBABLE,,Ranjin Singh,,,N/A,N/A,N/A,N/A,N/A,N/A,FALSE,FALSE,2,CONFIRMED,the-undertaker,4:43,283,1:10,70,CONFIRMED,,,,,,FALSE,FALSE,FALSE,FALSE,FALSE,FALSE,FALSE,FALSE,FALSE,FALSE,FALSE,FALSE,SmackDown,PROBABLE,FALSE,CONFIRMED,S080;S081;S493;S497;S748;S1320;S1700;S1795,,
RR2008M,hardcore-holly,RR2008M,5,CONFIRMED,Hardcore Holly,Hardcore Holly,4,5,FALSE,2007,Eliminated (elim #18),18,FALSE,FALSE,N/A,FALSE,N/A,"44 Years, 11 Months, 29 Days",DERIVED,1.83,107,"Mobile, Alabama",PROBABLE,Face,PROBABLE,,,Hardcore Holly & Cody Rhodes,,World Tag Team Championship,Tag Team,Cody Rhodes,1,2007-12-10,48,FALSE,FALSE,6,CONFIRMED,jamal,18:52,1132,13:46,826,CONFIRMED,,,,,,FALSE,FALSE,FALSE,FALSE,FALSE,FALSE,FALSE,FALSE,FALSE,FALSE,FALSE,FALSE,Raw,PROBABLE,FALSE,CONFIRMED,S080;S081;S497;S493;S068;S069;S674;S1321;S592;S1700;S1795,,
RR2008M,johnny-nitro,RR2008M,6,CONFIRMED,John Morrison,John Morrison,2,3,FALSE,2007,Eliminated (elim #15),15,FALSE,FALSE,N/A,FALSE,N/A,"28 Years, 3 Months, 24 Days",DERIVED,1.83,98,"Los Angeles, California",PROBABLE,Heel,PROBABLE,John Morrison,,The Miz & John Morrison,,WWE Tag Team Championship,Tag Team,The Miz,1,2007-11-16,72,FALSE,FALSE,14,CONFIRMED,kane,36:06,2166,29:25,1765,CONFIRMED,,,,,,FALSE,FALSE,FALSE,FALSE,FALSE,FALSE,FALSE,FALSE,FALSE,FALSE,FALSE,FALSE,ECW,PROBABLE,FALSE,CONFIRMED,S080;S081;S497;S493;S740;S1429;S1700;S1795,"Reuses this database's existing 'johnny-nitro' wrestler_id -- same performer, renamed gimmick (not a new identity), consistent with the JBL/Bradshaw and King Booker/Booker T precedents.",
RR2008M,tommy-dreamer,RR2008M,7,CONFIRMED,Tommy Dreamer,Tommy Dreamer,2,3,FALSE,2007,Eliminated (elim #3),3,FALSE,FALSE,N/A,FALSE,N/A,"36 Years, 11 Months, 14 Days",DERIVED,1.88,120,"Yonkers, New York",PROBABLE,Face,PROBABLE,,,,,N/A,N/A,N/A,N/A,N/A,N/A,FALSE,FALSE,3,CONFIRMED,batista,10:09,609,2:09,129,CONFIRMED,,,,,,FALSE,FALSE,FALSE,FALSE,FALSE,FALSE,FALSE,FALSE,FALSE,FALSE,FALSE,FALSE,ECW,PROBABLE,FALSE,CONFIRMED,S080;S081;S065;S066;S699;S1322;S1700;S1795,,
RR2008M,batista,RR2008M,8,CONFIRMED,Batista,Batista,2,3,FALSE,2005,Won,N/A,FALSE,FALSE,N/A,FALSE,N/A,"39 Years, 0 Months, 9 Days",DERIVED,1.98,132,"Washington, D.C.",PROBABLE,Face,PROBABLE,,,,,N/A,N/A,N/A,N/A,N/A,N/A,FALSE,FALSE,27,CONFIRMED,hunter-hearst-helmsley,47:18,2838,37:42,2262,CONFIRMED,,3,kane;mr-kennedy;tommy-dreamer,2,1,FALSE,FALSE,FALSE,FALSE,TRUE,TRUE,FALSE,FALSE,FALSE,FALSE,FALSE,FALSE,SmackDown,PROBABLE,FALSE,CONFIRMED,S080;S081;S068;S069;S494;S706;S1323;S1700;S1795,,
RR2008M,hornswoggle,RR2008M,9,CONFIRMED,Hornswoggle,Hornswoggle,0,1,TRUE,N/A,N/A,N/A,TRUE,FALSE,N/A,FALSE,N/A,"21 Years, 7 Months, 29 Days",DERIVED,1.35,64,"Dublin, Ireland",PROBABLE,Face,PROBABLE,,Finlay,Finlay & Hornswoggle,,N/A,N/A,N/A,N/A,N/A,N/A,FALSE,FALSE,15,CONFIRMED,hornswoggle,37:11,2231,0:23,23,CONFIRMED,,1,the-miz,1,0,TRUE,FALSE,FALSE,FALSE,FALSE,FALSE,FALSE,FALSE,FALSE,FALSE,FALSE,FALSE,SmackDown,PROBABLE,FALSE,CONFIRMED,S080;S081;S497;S493;S751;S1324;S1700;S1795,"Went under the ring immediately upon his #9 entrance rather than entering it; forced into the ring by Mark Henry 25m 45s later. Self-eliminated, voluntarily leaving the ring alongside a disqualified Finlay -- never went over the top rope. See F224.",
RR2008M,chuck-palumbo,RR2008M,10,CONFIRMED,Chuck Palumbo,Chuck Palumbo,1,2,FALSE,2002,Eliminated (elim #17),17,FALSE,FALSE,N/A,FALSE,N/A,"36 Years, 7 Months, 12 Days",DERIVED,2.01,127,"San Diego, California",PROBABLE,Heel,PROBABLE,,,,,N/A,N/A,N/A,N/A,N/A,N/A,FALSE,FALSE,5,CONFIRMED,cm-punk,16:34,994,4:00,240,CONFIRMED,,1,jamie-noble,1,0,FALSE,FALSE,FALSE,FALSE,FALSE,FALSE,FALSE,FALSE,FALSE,FALSE,FALSE,FALSE,SmackDown,PROBABLE,FALSE,CONFIRMED,S080;S081;S040;S049;S050;S481;S487;S483;S687;S1325;S1700;S1795,,
RR2008M,jamie-noble,RR2008M,11,CONFIRMED,Jamie Noble,Jamie Noble,0,1,TRUE,N/A,N/A,N/A,TRUE,FALSE,N/A,FALSE,N/A,"31 Years, 1 Months, 4 Days",DERIVED,1.75,92,"Hanover, West Virginia",PROBABLE,Heel,PROBABLE,,,,,N/A,N/A,N/A,N/A,N/A,N/A,FALSE,FALSE,4,CONFIRMED,chuck-palumbo,14:32,872,0:28,28,CONFIRMED,,,,,,FALSE,FALSE,FALSE,FALSE,FALSE,FALSE,FALSE,FALSE,FALSE,FALSE,FALSE,FALSE,SmackDown,PROBABLE,FALSE,CONFIRMED,S080;S081;S752;S1326;S1700;S1795,,
RR2008M,cm-punk,RR2008M,12,CONFIRMED,CM Punk,CM Punk,1,2,FALSE,2007,Eliminated (elim #22),22,FALSE,FALSE,N/A,FALSE,N/A,"29 Years, 3 Months, 1 Days",DERIVED,1.88,99,"Chicago, Illinois",PROBABLE,Face,PROBABLE,,,,,N/A,N/A,N/A,N/A,N/A,N/A,FALSE,FALSE,16,CONFIRMED,chavo-guerrero,39:19,2359,23:51,1431,CONFIRMED,,1,chuck-palumbo,1,0,FALSE,FALSE,FALSE,FALSE,FALSE,FALSE,FALSE,FALSE,FALSE,FALSE,FALSE,FALSE,ECW,PROBABLE,FALSE,CONFIRMED,S080;S081;S744;S1327;S1700;S1795,,
RR2008M,cody-rhodes,RR2008M,13,CONFIRMED,Cody Rhodes,Cody Rhodes,0,1,TRUE,N/A,N/A,N/A,TRUE,FALSE,N/A,FALSE,N/A,"22 Years, 6 Months, 28 Days",DERIVED,1.88,101,"Atlanta, Georgia",PROBABLE,Face,PROBABLE,,,Hardcore Holly & Cody Rhodes,,World Tag Team Championship,Tag Team,Hardcore Holly,1,2007-12-10,48,FALSE,FALSE,17,CONFIRMED,hunter-hearst-helmsley,40:16,2416,23:16,1396,CONFIRMED,,,,,,FALSE,FALSE,FALSE,FALSE,FALSE,FALSE,FALSE,FALSE,FALSE,FALSE,FALSE,FALSE,Raw,PROBABLE,FALSE,CONFIRMED,S080;S081;S497;S493;S753;S1328;S1700;S1795,,
RR2008M,jamal,RR2008M,14,CONFIRMED,Umaga,Umaga,1,2,FALSE,2003,Eliminated (elim #23),23,FALSE,FALSE,N/A,FALSE,N/A,"34 Years, 9 Months, 30 Days",DERIVED,1.93,159,Samoa,PROBABLE,Heel,PROBABLE,Umaga,,,,N/A,N/A,N/A,N/A,N/A,N/A,FALSE,FALSE,25,CONFIRMED,hunter-hearst-helmsley,44:41,2681,26:06,1566,CONFIRMED,,1,hardcore-holly,1,0,FALSE,FALSE,FALSE,FALSE,FALSE,FALSE,FALSE,FALSE,FALSE,FALSE,FALSE,FALSE,Raw,PROBABLE,FALSE,CONFIRMED,S080;S081;S497;S065;S066;S488;S484;S704;S1429;S1700;S1795,"Reuses this database's existing 'jamal' wrestler_id (identity merged by the 2003-2007 fact-check pass, F198).",
RR2008M,gene-snitsky,RR2008M,15,CONFIRMED,Gene Snitsky,Gene Snitsky,1,2,FALSE,2005,Eliminated (elim #19),19,FALSE,FALSE,N/A,FALSE,N/A,"38 Years, 0 Months, 13 Days",DERIVED,2.03,139,"Nesquehoning, Pennsylvania",PROBABLE,Heel,PROBABLE,,,,,N/A,N/A,N/A,N/A,N/A,N/A,FALSE,FALSE,10,CONFIRMED,the-undertaker,32:31,1951,12:27,747,CONFIRMED,,,,,,FALSE,FALSE,FALSE,FALSE,FALSE,FALSE,FALSE,FALSE,FALSE,FALSE,FALSE,FALSE,Raw,PROBABLE,FALSE,CONFIRMED,S080;S081;S068;S069;S728;S1329;S1700;S1795,,
RR2008M,the-miz,RR2008M,16,CONFIRMED,The Miz,The Miz,1,2,FALSE,2007,Eliminated (elim #20),20,FALSE,FALSE,N/A,FALSE,N/A,"27 Years, 3 Months, 19 Days",DERIVED,1.88,100,"Cleveland, Ohio",PROBABLE,Heel,PROBABLE,,,The Miz & John Morrison,,WWE Tag Team Championship,Tag Team,John Morrison,1,2007-11-16,72,FALSE,FALSE,13,CONFIRMED,hornswoggle,34:39,2079,13:07,787,CONFIRMED,,,,,,FALSE,FALSE,FALSE,FALSE,FALSE,FALSE,FALSE,FALSE,FALSE,FALSE,FALSE,FALSE,ECW,PROBABLE,FALSE,CONFIRMED,S080;S081;S497;S493;S749;S1330;S1700;S1795,,
RR2008M,shelton-benjamin,RR2008M,17,CONFIRMED,Shelton Benjamin,Shelton Benjamin,5,6,FALSE,2007,Eliminated (elim #14),14,FALSE,FALSE,N/A,FALSE,N/A,"32 Years, 6 Months, 18 Days",DERIVED,1.88,112,"Orangeburg, South Carolina",PROBABLE,Heel,PROBABLE,,,,,N/A,N/A,N/A,N/A,N/A,N/A,FALSE,FALSE,7,CONFIRMED,shawn-michaels,23:07,1387,0:18,18,CONFIRMED,,,,,,FALSE,FALSE,FALSE,FALSE,FALSE,FALSE,FALSE,FALSE,FALSE,FALSE,FALSE,FALSE,ECW,PROBABLE,FALSE,CONFIRMED,S080;S081;S068;S069;S494;S490;S705;S1331;S1700;S1795,,
RR2008M,jimmy-snuka,RR2008M,18,CONFIRMED,Jimmy Snuka,Jimmy Snuka,3,4,FALSE,1992,Eliminated (elim #14),14,FALSE,FALSE,N/A,TRUE,UNKNOWN,"64 Years, 8 Months, 9 Days",DERIVED,1.78,107,The Fiji Islands,CONFIRMED,Face,PROBABLE,,,,,N/A,N/A,N/A,N/A,N/A,N/A,FALSE,FALSE,9,CONFIRMED,kane,27:01,1621,2:44,164,CONFIRMED,,,,,,FALSE,FALSE,FALSE,FALSE,FALSE,FALSE,FALSE,TRUE,FALSE,TRUE,FALSE,FALSE,Unaffiliated,PROBABLE,FALSE,CONFIRMED,S080;S081;S020;S021;S017;S022;S024;S131;S132;S537;S1332;S1700;S1725;S1795,,
RR2008M,roddy-piper,RR2008M,19,CONFIRMED,Roddy Piper,Roddy Piper,2,3,FALSE,1992,Eliminated (elim #26),26,FALSE,FALSE,N/A,TRUE,UNKNOWN,"53 Years, 9 Months, 10 Days",DERIVED,1.88,104,"Glasgow, Scotland",CONFIRMED,Face,PROBABLE,,,,,N/A,N/A,N/A,N/A,N/A,N/A,FALSE,FALSE,8,CONFIRMED,kane,27:00,1620,1:01,61,CONFIRMED,,,,,,FALSE,FALSE,FALSE,FALSE,FALSE,FALSE,FALSE,TRUE,FALSE,TRUE,FALSE,FALSE,Unaffiliated,PROBABLE,FALSE,CONFIRMED,S080;S081;S020;S021;S017;S022;S131;S132;S464;S460;S534;S1333;S1700;S1725;S1795,,
RR2008M,kane,RR2008M,20,CONFIRMED,Kane,Kane,11,12,FALSE,2007,Eliminated (elim #11),11,FALSE,FALSE,N/A,FALSE,N/A,"40 Years, 9 Months, 1 Days",DERIVED,2.13,147,Parts Unknown,PROBABLE,Face,PROBABLE,,,,,N/A,N/A,N/A,N/A,N/A,N/A,FALSE,FALSE,26,CONFIRMED,hunter-hearst-helmsley;batista,44:53,2693,17:59,1079,CONFIRMED,,3,jimmy-snuka;johnny-nitro;roddy-piper,3,0,FALSE,FALSE,FALSE,FALSE,FALSE,TRUE,FALSE,FALSE,FALSE,FALSE,FALSE,FALSE,SmackDown,PROBABLE,FALSE,CONFIRMED,S080;S081;S068;S069;S044;S045;S479;S628;S1334;S1700;S1795,,
RR2008M,carlito,RR2008M,21,CONFIRMED,Carlito,Carlito,2,3,FALSE,2007,Eliminated (elim #23),23,FALSE,FALSE,N/A,FALSE,N/A,"28 Years, 11 Months, 6 Days",DERIVED,1.78,109,The Caribbean,PROBABLE,Heel,PROBABLE,,,,,N/A,N/A,N/A,N/A,N/A,N/A,FALSE,FALSE,21,CONFIRMED,john-cena,43:18,2598,15:07,907,CONFIRMED,,,,,,FALSE,FALSE,FALSE,FALSE,FALSE,FALSE,FALSE,FALSE,FALSE,FALSE,FALSE,FALSE,Raw,PROBABLE,FALSE,CONFIRMED,S080;S081;S733;S1335;S1700;S1795,,
RR2008M,mick-foley,RR2008M,22,CONFIRMED,Mick Foley,Mick Foley,5,6,FALSE,2004,Eliminated (elim #18),18,FALSE,FALSE,N/A,FALSE,N/A,"42 Years, 7 Months, 20 Days",DERIVED,1.88,130,"Long Island, New York",PROBABLE,Face,PROBABLE,Mick Foley,,,,N/A,N/A,N/A,N/A,N/A,N/A,FALSE,FALSE,19,CONFIRMED,hunter-hearst-helmsley,40:57,2457,11:29,689,CONFIRMED,,,,,,FALSE,FALSE,FALSE,FALSE,FALSE,FALSE,FALSE,FALSE,FALSE,FALSE,FALSE,FALSE,Raw,PROBABLE,FALSE,CONFIRMED,S080;S081;S497;S067;S073;S040;S052;S042;S481;S489;S716;S1336;S1700;S1795,,
RR2008M,mr-kennedy,RR2008M,23,CONFIRMED,Mr. Kennedy,Mr. Kennedy,0,1,TRUE,N/A,N/A,N/A,TRUE,FALSE,N/A,FALSE,N/A,"31 Years, 10 Months, 21 Days",DERIVED,1.88,107,"Green Bay, Wisconsin",PROBABLE,Heel,PROBABLE,,,,,N/A,N/A,N/A,N/A,N/A,N/A,FALSE,FALSE,24,CONFIRMED,batista,44:28,2668,13:32,812,CONFIRMED,,1,shawn-michaels,1,0,FALSE,FALSE,FALSE,FALSE,FALSE,FALSE,FALSE,FALSE,FALSE,FALSE,FALSE,FALSE,Raw,PROBABLE,FALSE,CONFIRMED,S080;S081;S754;S1337;S1700;S1795,,
RR2008M,mabel,RR2008M,24,CONFIRMED,Big Daddy V,Big Daddy V,8,9,FALSE,2007,Eliminated (elim #13),13,FALSE,FALSE,N/A,FALSE,N/A,"36 Years, 11 Months, 13 Days",DERIVED,2.06,221,"Harlem, New York",PROBABLE,Heel,PROBABLE,Big Daddy V,,Mark Henry & Big Daddy V,,N/A,N/A,N/A,N/A,N/A,N/A,FALSE,FALSE,18,CONFIRMED,hunter-hearst-helmsley,40:32,2432,7:50,470,CONFIRMED,,,,,,FALSE,FALSE,FALSE,FALSE,FALSE,FALSE,FALSE,FALSE,FALSE,FALSE,FALSE,FALSE,ECW,PROBABLE,FALSE,CONFIRMED,S080;S081;S497;S068;S069;S494;S044;S045;S479;S024;S029;S035;S470;S466;S481;S589;S591;S1429;S1700;S1795,Reuses this database's existing 'mabel' wrestler_id (also used as 'Mabel' and 'Viscera').,
RR2008M,mark-henry,RR2008M,25,CONFIRMED,Mark Henry,Mark Henry,3,4,FALSE,2004,Eliminated (elim #3),3,FALSE,FALSE,N/A,FALSE,N/A,"36 Years, 7 Months, 15 Days",DERIVED,1.93,163,"Silsbee, Texas",PROBABLE,Heel,PROBABLE,,,Mark Henry & Big Daddy V,,N/A,N/A,N/A,N/A,N/A,N/A,FALSE,FALSE,23,CONFIRMED,john-cena,43:25,2605,9:12,552,CONFIRMED,,,,,,FALSE,FALSE,FALSE,FALSE,FALSE,FALSE,FALSE,FALSE,FALSE,FALSE,FALSE,FALSE,SmackDown,PROBABLE,FALSE,CONFIRMED,S080;S081;S497;S067;S073;S040;S052;S042;S481;S044;S045;S649;S1338;S1700;S1795,,
RR2008M,chavo-guerrero,RR2008M,26,CONFIRMED,Chavo Guerrero,Chavo Guerrero,3,4,FALSE,2007,Eliminated (elim #24),24,FALSE,FALSE,N/A,FALSE,N/A,"37 Years, 3 Months, 7 Days",DERIVED,1.75,98,"El Paso, Texas",PROBABLE,Heel,PROBABLE,,Vickie Guerrero,,La Familia,ECW Championship,World,N/A,1,2008-01-22,5,FALSE,FALSE,22,CONFIRMED,john-cena,43:21,2601,7:34,454,CONFIRMED,,1,cm-punk,1,0,FALSE,FALSE,FALSE,FALSE,FALSE,FALSE,FALSE,FALSE,FALSE,FALSE,FALSE,FALSE,ECW,PROBABLE,FALSE,CONFIRMED,S080;S081;S493;S497;S065;S066;S488;S484;S696;S1339;S1700;S1795,,
RR2008M,finlay,RR2008M,27,CONFIRMED,Finlay,Finlay,1,2,FALSE,2007,Eliminated (elim #12),12,FALSE,FALSE,N/A,FALSE,N/A,"49 Years, 11 Months, 27 Days",DERIVED,1.88,106,"Belfast, Ireland",PROBABLE,Face,PROBABLE,,Hornswoggle,Finlay & Hornswoggle,,N/A,N/A,N/A,N/A,N/A,N/A,FALSE,FALSE,,N/A,,,,0:00,0,CONFIRMED,,,,,,FALSE,FALSE,FALSE,FALSE,FALSE,FALSE,FALSE,FALSE,FALSE,FALSE,FALSE,FALSE,SmackDown,PROBABLE,FALSE,PROBABLE,S080;S081;S497;S493;S741;S1429;S1700;S1795,"Billed as 'Fit Finlay.' Ran into the ring ahead of his buzzer (which never officially sounded -- see event notes) to protect Hornswoggle with a weapon, and was disqualified. Given a survival time of 0:00 per S080's own definition, since he never had an official entrance; not counted as a real elimination (a disqualification, not an over-the-top-rope exit). See F225.",
RR2008M,elijah-burke,RR2008M,28,CONFIRMED,Elijah Burke,Elijah Burke,0,1,TRUE,N/A,N/A,N/A,TRUE,FALSE,N/A,FALSE,N/A,,UNKNOWN,1.85,104,"Big Bear, California",PROBABLE,Heel,PROBABLE,,,,,N/A,N/A,N/A,N/A,N/A,N/A,FALSE,FALSE,20,CONFIRMED,hunter-hearst-helmsley,40:58,2458,2:11,131,CONFIRMED,,,,,,FALSE,FALSE,FALSE,FALSE,FALSE,FALSE,TRUE,FALSE,FALSE,FALSE,FALSE,FALSE,ECW,PROBABLE,FALSE,CONFIRMED,S080;S081;S755;S1340;S1700;S1795,,
RR2008M,hunter-hearst-helmsley,RR2008M,29,CONFIRMED,Triple H,Triple H,5,6,FALSE,2006,Eliminated (elim #28),28,FALSE,FALSE,N/A,FALSE,N/A,"38 Years, 6 Months, 0 Days",DERIVED,1.93,120,"Greenwich, Connecticut",PROBABLE,Face,PROBABLE,Triple H,,,,N/A,N/A,N/A,N/A,N/A,N/A,FALSE,FALSE,28,CONFIRMED,john-cena,51:29,3089,11:21,681,CONFIRMED,,7,batista;cody-rhodes;elijah-burke;jamal;kane;mabel;mick-foley,6,1,FALSE,FALSE,TRUE,TRUE,TRUE,TRUE,FALSE,FALSE,FALSE,FALSE,FALSE,FALSE,Raw,PROBABLE,FALSE,CONFIRMED,S080;S081;S497;S024;S037;S040;S049;S050;S051;S044;S045;S479;S619;S1341;S1700;S1795,"Eliminated 6 -- the most in the match: Cody Rhodes, Big Daddy V, Elijah Burke, Mick Foley (the latter two in one simultaneous move), Umaga, and Kane (shared with Batista) -- before being eliminated by John Cena for the win.",
RR2008M,john-cena,RR2008M,30,CONFIRMED,John Cena,John Cena,3,4,FALSE,2005,Runner-up (elim #28),28,FALSE,FALSE,N/A,TRUE,approximately 4 months (torn pectoral),"30 Years, 9 Months, 4 Days",DERIVED,1.85,114,"West Newbury, Massachusetts",PROBABLE,Face,PROBABLE,,,,,N/A,N/A,N/A,N/A,N/A,N/A,FALSE,FALSE,,N/A,,,,8:28,508,CONFIRMED,,4,carlito;chavo-guerrero;hunter-hearst-helmsley;mark-henry,4,0,FALSE,TRUE,FALSE,TRUE,TRUE,TRUE,TRUE,FALSE,FALSE,FALSE,FALSE,FALSE,Raw,PROBABLE,FALSE,CONFIRMED,S080;S081;S068;S069;S494;S490;S702;S1342;S1700;S1725;S1726;S1795,"Entered #30 as a surprise -- back after a 3-month absence from a torn pectoral injury -- and won his first career Royal Rumble, cleaning house on Carlito/Chavo/Henry before eliminating Triple H for the win.",
RR2009M,rey-mysterio,RR2009M,1,CONFIRMED,Rey Mysterio,Rey Mysterio,3,4,FALSE,2006,Won,N/A,FALSE,FALSE,N/A,FALSE,N/A,"34 Years, 1 Months, 14 Days",DERIVED,1.68,79,"San Diego, California",PROBABLE,Face,PROBABLE,,,,,N/A,N/A,N/A,N/A,N/A,N/A,FALSE,FALSE,19,CONFIRMED,big-show,49:25,2965,49:25,2965,CONFIRMED,,1,mark-henry,1,0,FALSE,FALSE,FALSE,FALSE,FALSE,FALSE,FALSE,FALSE,FALSE,FALSE,FALSE,FALSE,Raw,PROBABLE,TRUE,CONFIRMED,S082;S068;S069;S436;S695;S1430;S1700;S1796,,
RR2009M,johnny-nitro,RR2009M,2,CONFIRMED,John Morrison,John Morrison,3,4,FALSE,2008,Eliminated (elim #14),14,FALSE,FALSE,N/A,FALSE,N/A,"29 Years, 3 Months, 22 Days",DERIVED,1.83,98,"Los Angeles, California",PROBABLE,Heel,PROBABLE,,,The Miz & John Morrison,,World Tag Team Championship,Tag Team,The Miz,1,2008-12-13,43,FALSE,FALSE,5,CONFIRMED,hunter-hearst-helmsley,19:32,1172,19:32,1172,CONFIRMED,,0,,0,0,FALSE,FALSE,FALSE,FALSE,FALSE,FALSE,FALSE,FALSE,FALSE,FALSE,FALSE,FALSE,ECW,PROBABLE,FALSE,CONFIRMED,S082;S503;S498;S740;S1430;S1700;S1796,"Reuses this database's existing 'johnny-nitro' wrestler_id -- same performer, renamed gimmick (not a new identity), consistent with the JBL/Bradshaw and King Booker/Booker T precedents.",
RR2009M,carlito,RR2009M,3,CONFIRMED,Carlito,Carlito,3,4,FALSE,2008,Eliminated (elim #21),21,FALSE,FALSE,N/A,FALSE,N/A,"29 Years, 11 Months, 4 Days",DERIVED,1.78,109,The Caribbean,PROBABLE,Face,PROBABLE,,,,,N/A,N/A,N/A,N/A,N/A,N/A,FALSE,FALSE,3,CONFIRMED,vladimir-kozlov,7:50,470,6:11,371,CONFIRMED,,0,,0,0,FALSE,FALSE,FALSE,FALSE,FALSE,FALSE,FALSE,FALSE,FALSE,FALSE,FALSE,FALSE,SmackDown,PROBABLE,FALSE,CONFIRMED,S082;S733;S1335;S1700;S1796,,
RR2009M,mvp,RR2009M,4,CONFIRMED,MVP,MVP,1,2,FALSE,2007,Eliminated (elim #26),26,FALSE,FALSE,N/A,FALSE,N/A,"35 Years, 2 Months, 28 Days",DERIVED,1.91,117,"Miami, Florida",PROBABLE,Face,PROBABLE,,,,,N/A,N/A,N/A,N/A,N/A,N/A,FALSE,FALSE,2,CONFIRMED,vladimir-kozlov,7:16,436,3:52,232,CONFIRMED,,0,,0,0,FALSE,FALSE,FALSE,FALSE,FALSE,FALSE,FALSE,FALSE,FALSE,FALSE,FALSE,FALSE,SmackDown,PROBABLE,FALSE,CONFIRMED,S082;S747;S1344;S1700;S1796,,
RR2009M,the-great-khali,RR2009M,5,CONFIRMED,The Great Khali,The Great Khali,2,3,FALSE,2008,Eliminated (elim #2),2,FALSE,FALSE,N/A,FALSE,N/A,"36 Years, 4 Months, 29 Days",DERIVED,2.15,158,"Punjab, India",PROBABLE,Face,PROBABLE,,Ranjin Singh,,,N/A,N/A,N/A,N/A,N/A,N/A,FALSE,FALSE,1,CONFIRMED,vladimir-kozlov,6:52,412,1:31,91,CONFIRMED,,0,,0,0,FALSE,FALSE,FALSE,FALSE,FALSE,FALSE,FALSE,FALSE,FALSE,FALSE,FALSE,FALSE,SmackDown,PROBABLE,FALSE,CONFIRMED,S082;S498;S503;S748;S1320;S1700;S1796,,
RR2009M,vladimir-kozlov,RR2009M,6,CONFIRMED,Vladimir Kozlov,Vladimir Kozlov,0,1,TRUE,N/A,N/A,N/A,TRUE,FALSE,N/A,FALSE,N/A,,UNKNOWN,2.03,137,"Moscow, Russia",PROBABLE,Heel,PROBABLE,,,,,N/A,N/A,N/A,N/A,N/A,N/A,FALSE,FALSE,4,CONFIRMED,hunter-hearst-helmsley,9:18,558,2:41,161,CONFIRMED,,3,carlito;mvp;the-great-khali,3,0,FALSE,FALSE,FALSE,FALSE,FALSE,FALSE,FALSE,FALSE,FALSE,FALSE,FALSE,FALSE,SmackDown,PROBABLE,FALSE,CONFIRMED,S082;S438;S444;S756;S1345;S1700;S1796,"Entered #6. DERIVED as eliminating 3 wrestlers (The Great Khali, MVP, Carlito) in a 'cleaning the ring' stretch before Triple H's entrance. See F231.",CONFIRMED
RR2009M,hunter-hearst-helmsley,RR2009M,7,CONFIRMED,Triple H,Triple H,6,7,FALSE,2008,Runner-up (elim #28),28,FALSE,FALSE,N/A,FALSE,N/A,"39 Years, 5 Months, 29 Days",DERIVED,1.93,120,"Greenwich, Connecticut",PROBABLE,Face,PROBABLE,Triple H,,,,N/A,N/A,N/A,N/A,N/A,N/A,FALSE,FALSE,29,CONFIRMED,randy-orton,58:37,3517,49:56,2996,CONFIRMED,,6,johnny-nitro;ted-dibiase-jr;the-miz;cody-rhodes;the-brian-kendrick;vladimir-kozlov,6,0,FALSE,FALSE,TRUE,TRUE,TRUE,TRUE,FALSE,FALSE,FALSE,FALSE,FALSE,FALSE,SmackDown,PROBABLE,FALSE,CONFIRMED,S082;S503;S024;S037;S040;S049;S050;S051;S044;S045;S479;S619;S1341;S1700;S1796,,
RR2009M,randy-orton,RR2009M,8,CONFIRMED,Randy Orton,Randy Orton,3,4,FALSE,2007,Eliminated (elim #27),27,FALSE,FALSE,N/A,FALSE,N/A,"28 Years, 9 Months, 24 Days",DERIVED,1.96,113,"St. Louis, Missouri",PROBABLE,Heel,PROBABLE,The Viper,,The Legacy,The Legacy,N/A,N/A,N/A,N/A,N/A,N/A,FALSE,FALSE,,N/A,,,,48:28,2908,CONFIRMED,,3,hunter-hearst-helmsley;kane;big-show,2,1,FALSE,TRUE,FALSE,TRUE,TRUE,TRUE,FALSE,FALSE,FALSE,FALSE,FALSE,FALSE,Raw,PROBABLE,FALSE,CONFIRMED,S082;S503;S067;S073;S040;S052;S042;S481;S489;S485;S709;S1346;S1700;S1796,"Entered #8 and won his first career Royal Rumble, outlasting the other 2 members of Legacy (Ted DiBiase Jr. and Cody Rhodes) and Triple H, whom he eliminated for the win. No live source consulted this pass individually confirms the eliminator of Legacy's own members, DiBiase and Rhodes -- left UNKNOWN.",
RR2009M,jtg,RR2009M,9,CONFIRMED,JTG,JTG,0,1,TRUE,N/A,N/A,N/A,TRUE,FALSE,N/A,FALSE,N/A,"24 Years, 1 Months, 15 Days",DERIVED,1.88,105,"Brooklyn, New York",PROBABLE,Face,PROBABLE,,,Cryme Tyme,,N/A,N/A,N/A,N/A,N/A,N/A,FALSE,FALSE,7,CONFIRMED,the-undertaker,23:52,1432,11:58,718,CONFIRMED,,0,,0,0,FALSE,FALSE,FALSE,FALSE,FALSE,FALSE,FALSE,FALSE,FALSE,FALSE,FALSE,FALSE,Raw,PROBABLE,FALSE,CONFIRMED,S082;S503;S757;S1347;S1700;S1796,,
RR2009M,ted-dibiase-jr,RR2009M,10,CONFIRMED,Ted DiBiase Jr.,Ted DiBiase Jr.,0,1,TRUE,N/A,N/A,N/A,TRUE,FALSE,N/A,FALSE,N/A,"26 Years, 2 Months, 17 Days",DERIVED,1.91,97,"Madison, Mississippi",PROBABLE,Heel,PROBABLE,,,The Legacy,The Legacy,N/A,N/A,N/A,N/A,N/A,N/A,FALSE,FALSE,27,CONFIRMED,hunter-hearst-helmsley,58:28,3508,45:12,2712,CONFIRMED,,1,kane,0,1,FALSE,FALSE,FALSE,FALSE,FALSE,TRUE,FALSE,FALSE,FALSE,FALSE,FALSE,FALSE,Raw,PROBABLE,FALSE,CONFIRMED,S082;S503;S758;S1348;S1700;S1796,,
RR2009M,chris-jericho,RR2009M,11,CONFIRMED,Chris Jericho,Chris Jericho,4,5,FALSE,2005,Eliminated (elim #20),20,FALSE,FALSE,N/A,FALSE,N/A,"38 Years, 2 Months, 16 Days",DERIVED,1.83,103,"Winnipeg, Manitoba, Canada",PROBABLE,Heel,PROBABLE,,,,,N/A,N/A,N/A,N/A,N/A,N/A,FALSE,FALSE,23,CONFIRMED,the-undertaker,52:16,3136,37:16,2236,CONFIRMED,,1,rob-van-dam,1,0,FALSE,FALSE,FALSE,FALSE,FALSE,FALSE,FALSE,FALSE,FALSE,FALSE,FALSE,FALSE,Raw,PROBABLE,FALSE,CONFIRMED,S082;S068;S069;S436;S671;S1349;S1700;S1796,,
RR2009M,mike-knox,RR2009M,12,CONFIRMED,Mike Knox,Mike Knox,0,1,TRUE,N/A,N/A,N/A,TRUE,FALSE,N/A,FALSE,N/A,"30 Years, 6 Months, 8 Days",DERIVED,1.98,133,"Phoenix, Arizona",PROBABLE,Heel,PROBABLE,,,,,N/A,N/A,N/A,N/A,N/A,N/A,FALSE,FALSE,20,CONFIRMED,big-show,49:25,2965,32:43,1963,CONFIRMED,,0,,0,0,FALSE,FALSE,FALSE,FALSE,FALSE,FALSE,FALSE,FALSE,FALSE,FALSE,FALSE,FALSE,Raw,PROBABLE,FALSE,CONFIRMED,S082;S759;S1350;S1700;S1796,,
RR2009M,the-miz,RR2009M,13,CONFIRMED,The Miz,The Miz,2,3,FALSE,2008,Eliminated (elim #13),13,FALSE,FALSE,N/A,FALSE,N/A,"28 Years, 3 Months, 17 Days",DERIVED,1.88,100,"Cleveland, Ohio",PROBABLE,Heel,PROBABLE,,,The Miz & John Morrison,,World Tag Team Championship,Tag Team,John Morrison,1,2008-12-13,43,FALSE,FALSE,6,CONFIRMED,hunter-hearst-helmsley,19:33,1173,1:19,79,CONFIRMED,,0,,0,0,FALSE,FALSE,FALSE,FALSE,FALSE,FALSE,FALSE,FALSE,FALSE,FALSE,FALSE,FALSE,ECW,PROBABLE,FALSE,CONFIRMED,S082;S503;S498;S749;S1330;S1700;S1796,,
RR2009M,finlay,RR2009M,14,CONFIRMED,Finlay,Finlay,2,3,FALSE,2008,Did not enter,N/A,FALSE,FALSE,N/A,FALSE,N/A,"50 Years, 11 Months, 25 Days",DERIVED,1.88,106,"Belfast, Ireland",PROBABLE,Face,PROBABLE,,Hornswoggle,,,N/A,N/A,N/A,N/A,N/A,N/A,FALSE,FALSE,21,CONFIRMED,kane,49:51,2991,29:59,1799,CONFIRMED,,0,,0,0,FALSE,FALSE,FALSE,FALSE,FALSE,FALSE,FALSE,FALSE,FALSE,FALSE,FALSE,FALSE,ECW,PROBABLE,FALSE,CONFIRMED,S082;S498;S503;S741;S1430;S1700;S1796,,
RR2009M,cody-rhodes,RR2009M,15,CONFIRMED,Cody Rhodes,Cody Rhodes,1,2,FALSE,2008,Eliminated (elim #17),17,FALSE,FALSE,N/A,FALSE,N/A,"23 Years, 6 Months, 26 Days",DERIVED,1.88,101,"Atlanta, Georgia",PROBABLE,Heel,PROBABLE,,,The Legacy,The Legacy,N/A,N/A,N/A,N/A,N/A,N/A,FALSE,FALSE,28,CONFIRMED,hunter-hearst-helmsley,58:34,3514,37:01,2221,CONFIRMED,,2,goldust;kane,1,1,FALSE,FALSE,FALSE,FALSE,TRUE,TRUE,FALSE,FALSE,FALSE,FALSE,FALSE,FALSE,Raw,PROBABLE,FALSE,CONFIRMED,S082;S503;S753;S1328;S1700;S1796,,
RR2009M,the-undertaker,RR2009M,16,CONFIRMED,The Undertaker,The Undertaker,9,10,FALSE,2008,Eliminated (elim #11),11,FALSE,FALSE,N/A,FALSE,N/A,"43 Years, 10 Months, 1 Days",DERIVED,2.08,140,Death Valley,PROBABLE,Face,PROBABLE,,,,,N/A,N/A,N/A,N/A,N/A,N/A,FALSE,FALSE,26,CONFIRMED,big-show,56:01,3361,32:30,1950,CONFIRMED,,3,jtg;chris-jericho;shelton-benjamin,3,0,FALSE,FALSE,FALSE,FALSE,FALSE,FALSE,FALSE,FALSE,FALSE,FALSE,FALSE,FALSE,SmackDown,PROBABLE,FALSE,CONFIRMED,S082;S065;S066;S488;S033;S034;S027;S028;S465;S469;S543;S1430;S1700;S1796,,
RR2009M,goldust,RR2009M,17,CONFIRMED,Goldust,Goldust,6,7,FALSE,2006,Eliminated (elim #20),20,FALSE,FALSE,N/A,FALSE,N/A,"39 Years, 9 Months, 14 Days",DERIVED,1.98,105,"Hollywood, California",PROBABLE,Face,PROBABLE,,,,,N/A,N/A,N/A,N/A,N/A,N/A,FALSE,FALSE,8,CONFIRMED,cody-rhodes,26:07,1567,1:11,71,CONFIRMED,,0,,0,0,FALSE,FALSE,FALSE,FALSE,FALSE,FALSE,FALSE,FALSE,FALSE,FALSE,FALSE,FALSE,Raw,PROBABLE,FALSE,CONFIRMED,S082;S065;S066;S488;S044;S045;S634;S1430;S1700;S1796,,
RR2009M,cm-punk,RR2009M,18,CONFIRMED,CM Punk,CM Punk,2,3,FALSE,2008,Eliminated (elim #16),16,FALSE,FALSE,N/A,FALSE,N/A,"30 Years, 2 Months, 30 Days",DERIVED,1.88,99,"Chicago, Illinois",PROBABLE,Face,PROBABLE,,,,,N/A,N/A,N/A,N/A,N/A,N/A,FALSE,FALSE,18,CONFIRMED,big-show,48:59,2939,22:29,1349,CONFIRMED,,1,william-regal,1,0,FALSE,FALSE,FALSE,FALSE,FALSE,FALSE,FALSE,FALSE,FALSE,FALSE,FALSE,FALSE,Raw,PROBABLE,FALSE,CONFIRMED,S082;S744;S1327;S1700;S1796,,
RR2009M,mark-henry,RR2009M,19,CONFIRMED,Mark Henry,Mark Henry,4,5,FALSE,2008,Eliminated (elim #23),23,FALSE,FALSE,N/A,FALSE,N/A,"37 Years, 7 Months, 13 Days",DERIVED,1.93,163,"Silsbee, Texas",PROBABLE,Heel,PROBABLE,,Tony Atlas,,,N/A,N/A,N/A,N/A,N/A,N/A,FALSE,FALSE,9,CONFIRMED,rey-mysterio,31:19,1879,3:14,194,CONFIRMED,,0,,0,0,FALSE,FALSE,FALSE,FALSE,FALSE,FALSE,FALSE,FALSE,FALSE,FALSE,FALSE,FALSE,ECW,PROBABLE,FALSE,CONFIRMED,S082;S498;S503;S067;S073;S040;S052;S042;S481;S044;S045;S649;S1338;S1700;S1796,,
RR2009M,shelton-benjamin,RR2009M,20,CONFIRMED,Shelton Benjamin,Shelton Benjamin,6,7,FALSE,2008,Eliminated (elim #7),7,FALSE,FALSE,N/A,FALSE,N/A,"33 Years, 6 Months, 16 Days",DERIVED,1.88,112,"Orangeburg, South Carolina",PROBABLE,Heel,PROBABLE,,,,,WWE United States Championship,Intercontinental/United States,N/A,1,2008-07-20,189,FALSE,FALSE,10,CONFIRMED,the-undertaker,33:51,2031,4:17,257,CONFIRMED,,0,,0,0,FALSE,FALSE,FALSE,FALSE,FALSE,FALSE,FALSE,FALSE,FALSE,FALSE,FALSE,FALSE,SmackDown,PROBABLE,FALSE,CONFIRMED,S082;S503;S498;S068;S069;S494;S490;S705;S1331;S1700;S1796,,
RR2009M,william-regal,RR2009M,21,CONFIRMED,William Regal,William Regal,1,2,FALSE,2001,Eliminated (elim #14),14,FALSE,FALSE,N/A,FALSE,N/A,"40 Years, 8 Months, 15 Days",DERIVED,1.91,110,"Blackpool, England",PROBABLE,Heel,PROBABLE,,Layla,,,WWE Intercontinental Championship,Intercontinental,N/A,2,2008-11-10,76,FALSE,FALSE,11,CONFIRMED,cm-punk,35:41,2141,4:33,273,CONFIRMED,,0,,0,0,FALSE,FALSE,FALSE,FALSE,FALSE,FALSE,FALSE,FALSE,FALSE,FALSE,FALSE,FALSE,Raw,PROBABLE,FALSE,CONFIRMED,S082;S498;S503;S047;S048;S434;S486;S482;S684;S1351;S1700;S1796,,
RR2009M,kofi-kingston,RR2009M,22,CONFIRMED,Kofi Kingston,Kofi Kingston,0,1,TRUE,N/A,N/A,N/A,TRUE,FALSE,N/A,FALSE,N/A,"27 Years, 5 Months, 11 Days",DERIVED,1.83,96,"Ghana, West Africa",PROBABLE,Face,PROBABLE,,,,,N/A,N/A,N/A,N/A,N/A,N/A,FALSE,FALSE,12,CONFIRMED,the-brian-kendrick,39:37,2377,6:58,418,CONFIRMED,,0,,0,0,FALSE,FALSE,FALSE,FALSE,FALSE,FALSE,FALSE,FALSE,FALSE,FALSE,FALSE,FALSE,Raw,PROBABLE,FALSE,CONFIRMED,S082;S760;S1352;S1700;S1796,,
RR2009M,kane,RR2009M,23,CONFIRMED,Kane,Kane,12,13,FALSE,2008,Eliminated (elim #26),26,FALSE,FALSE,N/A,FALSE,N/A,"41 Years, 8 Months, 30 Days",DERIVED,2.13,147,Parts Unknown,PROBABLE,Heel,PROBABLE,,,,,N/A,N/A,N/A,N/A,N/A,N/A,FALSE,FALSE,24,CONFIRMED,cody-rhodes;randy-orton;ted-dibiase-jr,52:48,3168,18:21,1101,CONFIRMED,,3,finlay;dolph-ziggler;santino-marella,3,0,FALSE,FALSE,FALSE,FALSE,FALSE,FALSE,FALSE,FALSE,FALSE,FALSE,FALSE,FALSE,Raw,PROBABLE,FALSE,CONFIRMED,S082;S068;S069;S044;S045;S479;S628;S1334;S1700;S1796,,
RR2009M,r-truth,RR2009M,24,CONFIRMED,R-Truth,R-Truth,1,2,FALSE,2001,Eliminated (elim #16),16,FALSE,FALSE,N/A,FALSE,N/A,"37 Years, 0 Months, 6 Days",DERIVED,1.88,100,"Charlotte, North Carolina",PROBABLE,Face,PROBABLE,,,,,N/A,N/A,N/A,N/A,N/A,N/A,FALSE,FALSE,17,CONFIRMED,big-show,48:17,2897,12:06,726,CONFIRMED,,0,,0,0,FALSE,FALSE,FALSE,FALSE,FALSE,FALSE,FALSE,FALSE,FALSE,FALSE,FALSE,FALSE,SmackDown,PROBABLE,FALSE,CONFIRMED,S082;S761;S1353;S1700;S1796,,
RR2009M,rob-van-dam,RR2009M,25,CONFIRMED,Rob Van Dam,Rob Van Dam,5,6,FALSE,2007,Eliminated (elim #21),21,FALSE,FALSE,N/A,FALSE,N/A,"38 Years, 1 Months, 7 Days",DERIVED,1.83,107,"Battle Creek, Michigan",PROBABLE,Face,PROBABLE,,,,,N/A,N/A,N/A,N/A,N/A,N/A,FALSE,FALSE,22,CONFIRMED,chris-jericho,51:52,3112,13:56,836,CONFIRMED,,0,,0,0,FALSE,FALSE,FALSE,FALSE,FALSE,FALSE,FALSE,FALSE,FALSE,FALSE,FALSE,FALSE,Unaffiliated,PROBABLE,FALSE,CONFIRMED,S082;S067;S073;S040;S052;S042;S481;S692;S1354;S1700;S1796,,
RR2009M,the-brian-kendrick,RR2009M,26,CONFIRMED,The Brian Kendrick,The Brian Kendrick,0,1,TRUE,N/A,N/A,N/A,TRUE,FALSE,N/A,FALSE,N/A,"29 Years, 7 Months, 27 Days",DERIVED,1.70,79,"Venice, California",PROBABLE,Heel,PROBABLE,The Brian Kendrick,Ezekiel Jackson,,,N/A,N/A,N/A,N/A,N/A,N/A,FALSE,FALSE,13,CONFIRMED,hunter-hearst-helmsley,39:48,2388,0:15,15,CONFIRMED,,1,kofi-kingston,1,0,FALSE,FALSE,FALSE,FALSE,FALSE,FALSE,FALSE,FALSE,FALSE,FALSE,FALSE,FALSE,SmackDown,PROBABLE,FALSE,CONFIRMED,S082;S503;S498;S762;S1355;S1700;S1796,,
RR2009M,dolph-ziggler,RR2009M,27,CONFIRMED,Dolph Ziggler,Dolph Ziggler,0,1,TRUE,N/A,N/A,N/A,TRUE,FALSE,N/A,FALSE,N/A,"28 Years, 5 Months, 29 Days",DERIVED,1.83,97,"Hollywood, Florida",PROBABLE,Heel,PROBABLE,,,,,N/A,N/A,N/A,N/A,N/A,N/A,FALSE,FALSE,14,CONFIRMED,kane,41:16,2476,0:22,22,CONFIRMED,,0,,0,0,FALSE,FALSE,FALSE,FALSE,FALSE,FALSE,FALSE,FALSE,FALSE,FALSE,FALSE,FALSE,Raw,PROBABLE,FALSE,CONFIRMED,S082;S763;S1356;S1700;S1796,,
RR2009M,santino-marella,RR2009M,28,CONFIRMED,Santino Marella,Santino Marella,1,2,FALSE,2008,Eliminated (elim #1),1,FALSE,FALSE,N/A,FALSE,N/A,,UNKNOWN,1.83,106,"San Fili, Calabria, Italy",PROBABLE,Heel,PROBABLE,,,,,N/A,N/A,N/A,N/A,N/A,N/A,FALSE,FALSE,15,CONFIRMED,kane,42:32,2552,0:02,2,CONFIRMED,,0,,0,0,FALSE,FALSE,FALSE,FALSE,FALSE,FALSE,FALSE,FALSE,FALSE,FALSE,FALSE,FALSE,Raw,PROBABLE,FALSE,CONFIRMED,S082;S750;S1319;S1700;S1796,,
RR2009M,jim-duggan,RR2009M,29,CONFIRMED,Jim Duggan,Jim Duggan,3,4,FALSE,1992,Eliminated (elim #19),19,FALSE,FALSE,N/A,FALSE,N/A,"55 Years, 0 Months, 11 Days",DERIVED,1.91,120,"Glens Falls, New York",PROBABLE,Face,PROBABLE,,,,,N/A,N/A,N/A,N/A,N/A,N/A,FALSE,FALSE,16,CONFIRMED,big-show,47:02,2822,2:50,170,CONFIRMED,,0,,0,0,FALSE,FALSE,FALSE,FALSE,FALSE,FALSE,FALSE,FALSE,FALSE,FALSE,FALSE,FALSE,Raw,PROBABLE,FALSE,CONFIRMED,S082;S503;S084;S506;S1357;S1700;S1796,Event-time billing carried forward from RR1992M for the same documented persona; PROBABLE pending a direct 2009 event source.,
RR2009M,big-show,RR2009M,30,CONFIRMED,Big Show,Big Show,5,6,FALSE,2006,Eliminated (elim #7),7,FALSE,FALSE,N/A,FALSE,N/A,"36 Years, 11 Months, 17 Days",DERIVED,2.13,227,"Tampa, Florida",PROBABLE,Heel,PROBABLE,,,,,N/A,N/A,N/A,N/A,N/A,N/A,FALSE,FALSE,25,CONFIRMED,randy-orton,55:51,3351,9:33,573,CONFIRMED,,6,rey-mysterio;the-undertaker;cm-punk;r-truth;jim-duggan;mike-knox,6,0,FALSE,FALSE,FALSE,FALSE,FALSE,FALSE,FALSE,FALSE,FALSE,FALSE,FALSE,FALSE,SmackDown,PROBABLE,FALSE,CONFIRMED,S082;S067;S073;S040;S052;S042;S481;S489;S485;S675;S1358;S1700;S1796,,
RR2011M,cm-punk,RR2011M,1,CONFIRMED,CM Punk,CM Punk,4,5,FALSE,2010,Eliminated (elim #7),7,FALSE,FALSE,N/A,FALSE,N/A,"32 Years, 3 Months, 4 Days",DERIVED,1.88,99,"Chicago, Illinois",PROBABLE,Heel,PROBABLE,,,,The New Nexus,N/A,N/A,N/A,N/A,N/A,N/A,FALSE,FALSE,21,CONFIRMED,john-cena,35:21,2121,35:21,2121,CONFIRMED,,7,chris-masters;daniel-bryan;johnny-nitro;mark-henry;r-truth;tyler-reks;vladimir-kozlov,5,2,FALSE,FALSE,FALSE,FALSE,FALSE,FALSE,FALSE,FALSE,FALSE,FALSE,FALSE,FALSE,Raw,PROBABLE,FALSE,CONFIRMED,S083;S505;S744;S1327;S1700;S1798,,
RR2011M,daniel-bryan,RR2011M,2,CONFIRMED,Daniel Bryan,Daniel Bryan,0,1,TRUE,N/A,N/A,N/A,TRUE,FALSE,N/A,FALSE,N/A,"29 Years, 8 Months, 8 Days",DERIVED,1.78,95,"Aberdeen, Washington",PROBABLE,Face,PROBABLE,,,,,WWE United States Championship,Intercontinental/United States,N/A,1,2010-09-19,133,FALSE,FALSE,8,CONFIRMED,cm-punk,20:54,1254,20:54,1254,CONFIRMED,,2,justin-gabriel;zack-ryder,2,0,FALSE,FALSE,FALSE,FALSE,FALSE,FALSE,FALSE,FALSE,FALSE,FALSE,FALSE,FALSE,Raw,PROBABLE,FALSE,CONFIRMED,S083;S505;S500;S764;S1359;S1700;S1798,,
RR2011M,justin-gabriel,RR2011M,3,CONFIRMED,Justin Gabriel,Justin Gabriel,0,1,TRUE,N/A,N/A,N/A,TRUE,FALSE,N/A,FALSE,N/A,"29 Years, 10 Months, 27 Days",DERIVED,1.85,97,"Cape Town, South Africa",PROBABLE,Heel,PROBABLE,,,,The Corre,N/A,N/A,N/A,N/A,N/A,N/A,FALSE,FALSE,1,CONFIRMED,daniel-bryan,2:34,154,0:58,58,CONFIRMED,,,,,,FALSE,FALSE,FALSE,FALSE,FALSE,FALSE,FALSE,FALSE,FALSE,FALSE,FALSE,FALSE,SmackDown,PROBABLE,FALSE,CONFIRMED,S083;S505;S765;S1360;S1700;S1798,,
RR2011M,zack-ryder,RR2011M,4,CONFIRMED,Zack Ryder,Zack Ryder,1,2,FALSE,2010,Eliminated (elim #6),6,FALSE,FALSE,N/A,FALSE,N/A,"25 Years, 8 Months, 16 Days",DERIVED,1.88,104,"Long Island, New York",PROBABLE,Face,PROBABLE,,,,,N/A,N/A,N/A,N/A,N/A,N/A,FALSE,FALSE,2,CONFIRMED,daniel-bryan,3:54,234,0:43,43,CONFIRMED,,,,,,FALSE,FALSE,FALSE,FALSE,FALSE,FALSE,FALSE,FALSE,FALSE,FALSE,FALSE,FALSE,Raw,PROBABLE,FALSE,CONFIRMED,S083;S766;S1361;S1700;S1798,,
RR2011M,william-regal,RR2011M,5,CONFIRMED,William Regal,William Regal,2,3,FALSE,2009,Eliminated (elim #11),11,FALSE,FALSE,N/A,FALSE,N/A,"42 Years, 8 Months, 20 Days",DERIVED,1.91,110,"Blackpool, England",PROBABLE,Face,PROBABLE,,,,,N/A,N/A,N/A,N/A,N/A,N/A,FALSE,FALSE,3,CONFIRMED,ted-dibiase-jr,8:50,530,4:08,248,CONFIRMED,,,,,,FALSE,FALSE,FALSE,FALSE,FALSE,FALSE,FALSE,FALSE,FALSE,FALSE,FALSE,FALSE,Raw,PROBABLE,FALSE,CONFIRMED,S083;S047;S048;S434;S486;S482;S684;S1351;S1700;S1798,,
RR2011M,ted-dibiase-jr,RR2011M,6,CONFIRMED,Ted DiBiase,Ted DiBiase,2,3,FALSE,2010,Eliminated (elim #14),14,FALSE,FALSE,N/A,FALSE,N/A,"28 Years, 2 Months, 22 Days",DERIVED,1.91,97,"Madison, Mississippi",PROBABLE,Heel,PROBABLE,,,,,N/A,N/A,N/A,N/A,N/A,N/A,FALSE,FALSE,7,CONFIRMED,michael-mcgillicutty;husky-harris,18:49,1129,12:16,736,CONFIRMED,,1,william-regal,1,0,FALSE,FALSE,FALSE,FALSE,FALSE,FALSE,FALSE,FALSE,FALSE,FALSE,FALSE,FALSE,Raw,PROBABLE,FALSE,CONFIRMED,S083;S758;S1348;S1700;S1798,"Reuses this database's existing 'ted-dibiase-jr' wrestler_id from the 2009 build (same Legacy-stable performer, billed without the 'Jr.' suffix by this point) -- NOT the same person as 'ted-dibiase' (Ted DiBiase Sr., the Million Dollar Man), a separate existing wrestler_id in this database. Careful disambiguation performed this pass to avoid an incorrect identity merge.",
RR2011M,johnny-nitro,RR2011M,7,CONFIRMED,John Morrison,John Morrison,5,6,FALSE,2010,Eliminated (elim #15),15,FALSE,FALSE,N/A,FALSE,N/A,"31 Years, 3 Months, 27 Days",DERIVED,1.83,98,"Los Angeles, California",PROBABLE,Face,PROBABLE,,,,,N/A,N/A,N/A,N/A,N/A,N/A,FALSE,FALSE,10,CONFIRMED,cm-punk;david-otunga;michael-mcgillicutty;husky-harris,21:22,1282,13:23,803,CONFIRMED,,,,,,FALSE,FALSE,FALSE,FALSE,FALSE,FALSE,FALSE,FALSE,FALSE,FALSE,FALSE,FALSE,Raw,PROBABLE,FALSE,CONFIRMED,S083;S740;S1432;S1700;S1798,"Reuses this database's existing 'johnny-nitro' wrestler_id -- same performer, renamed gimmick (not a new identity), consistent with the JBL/Bradshaw, King Booker/Booker T, and 2008/2009 John Morrison precedents.",
RR2011M,yoshi-tatsu,RR2011M,8,CONFIRMED,Yoshi Tatsu,Yoshi Tatsu,1,2,FALSE,2010,Eliminated (elim #19),19,FALSE,FALSE,N/A,FALSE,N/A,"33 Years, 5 Months, 29 Days",DERIVED,1.85,102,"Tokyo, Japan",PROBABLE,Face,PROBABLE,,,,,N/A,N/A,N/A,N/A,N/A,N/A,FALSE,FALSE,5,CONFIRMED,mark-henry,15:32,932,5:34,334,CONFIRMED,,,,,,FALSE,FALSE,FALSE,FALSE,FALSE,FALSE,FALSE,FALSE,FALSE,FALSE,FALSE,FALSE,Raw,PROBABLE,FALSE,CONFIRMED,S083;S767;S1362;S1700;S1798,,
RR2011M,husky-harris,RR2011M,9,CONFIRMED,Husky Harris,Husky Harris,0,1,TRUE,N/A,N/A,N/A,TRUE,FALSE,N/A,FALSE,N/A,"23 Years, 8 Months, 7 Days",DERIVED,1.91,129,"Brooksville, Florida",PROBABLE,Heel,PROBABLE,,,,The New Nexus,N/A,N/A,N/A,N/A,N/A,N/A,FALSE,FALSE,15,CONFIRMED,the-great-khali,27:23,1643,15:48,948,CONFIRMED,,3,johnny-nitro;mark-henry;ted-dibiase-jr,0,3,FALSE,FALSE,FALSE,FALSE,FALSE,FALSE,FALSE,FALSE,FALSE,FALSE,FALSE,FALSE,Raw,PROBABLE,FALSE,CONFIRMED,S083;S505;S768;S1432;S1700;S1798,,
RR2011M,chavo-guerrero,RR2011M,10,CONFIRMED,Chavo Guerrero,Chavo Guerrero,4,5,FALSE,2008,Eliminated (elim #22),22,FALSE,FALSE,N/A,FALSE,N/A,"40 Years, 3 Months, 10 Days",DERIVED,1.75,98,"El Paso, Texas",PROBABLE,Face,PROBABLE,,,,,N/A,N/A,N/A,N/A,N/A,N/A,FALSE,FALSE,4,CONFIRMED,mark-henry,15:03,903,2:01,121,CONFIRMED,,0,,0,0,FALSE,FALSE,FALSE,FALSE,FALSE,FALSE,FALSE,FALSE,FALSE,FALSE,FALSE,FALSE,SmackDown,PROBABLE,FALSE,CONFIRMED,S083;S065;S066;S488;S484;S696;S1339;S1700;S1798,,
RR2011M,mark-henry,RR2011M,11,CONFIRMED,Mark Henry,Mark Henry,6,7,FALSE,2010,Eliminated (elim #21),21,FALSE,FALSE,N/A,FALSE,N/A,"39 Years, 7 Months, 18 Days",DERIVED,1.93,163,"Silsbee, Texas",PROBABLE,Face,PROBABLE,,,,,N/A,N/A,N/A,N/A,N/A,N/A,FALSE,FALSE,11,CONFIRMED,cm-punk;david-otunga;michael-mcgillicutty;husky-harris,21:48,1308,7:04,424,CONFIRMED,,2,chavo-guerrero;yoshi-tatsu,2,0,FALSE,FALSE,FALSE,FALSE,FALSE,FALSE,FALSE,FALSE,FALSE,FALSE,FALSE,FALSE,Raw,PROBABLE,FALSE,CONFIRMED,S083;S067;S073;S040;S052;S042;S481;S044;S045;S649;S1338;S1700;S1798,,
RR2011M,jtg,RR2011M,12,CONFIRMED,JTG,JTG,2,3,FALSE,2010,Eliminated (elim #3),3,FALSE,FALSE,N/A,FALSE,N/A,"26 Years, 1 Months, 20 Days",DERIVED,1.88,105,"Brooklyn, New York",PROBABLE,Face,PROBABLE,,,,,N/A,N/A,N/A,N/A,N/A,N/A,FALSE,FALSE,6,CONFIRMED,michael-mcgillicutty,17:58,1078,1:48,108,CONFIRMED,,,,,,FALSE,FALSE,FALSE,FALSE,FALSE,FALSE,FALSE,FALSE,FALSE,FALSE,FALSE,FALSE,SmackDown,PROBABLE,FALSE,CONFIRMED,S083;S757;S1347;S1700;S1798,,
RR2011M,michael-mcgillicutty,RR2011M,13,CONFIRMED,Michael McGillicutty,Michael McGillicutty,0,1,TRUE,N/A,N/A,N/A,TRUE,FALSE,N/A,FALSE,N/A,"31 Years, 3 Months, 29 Days",DERIVED,1.91,103,"Minneapolis, Minnesota",PROBABLE,Heel,PROBABLE,,,,The New Nexus,N/A,N/A,N/A,N/A,N/A,N/A,FALSE,FALSE,20,CONFIRMED,john-cena,32:41,1961,15:08,908,CONFIRMED,,4,johnny-nitro;jtg;mark-henry;ted-dibiase-jr,1,3,FALSE,FALSE,FALSE,FALSE,FALSE,FALSE,FALSE,FALSE,FALSE,FALSE,FALSE,FALSE,Raw,PROBABLE,FALSE,CONFIRMED,S083;S505;S769;S1432;S1700;S1798,,
RR2011M,chris-masters,RR2011M,14,CONFIRMED,Chris Masters,Chris Masters,3,4,FALSE,2010,Eliminated (elim #20),20,FALSE,FALSE,N/A,FALSE,N/A,"28 Years, 0 Months, 22 Days",DERIVED,1.93,120,"Los Angeles, California",PROBABLE,Face,PROBABLE,,,,,N/A,N/A,N/A,N/A,N/A,N/A,FALSE,FALSE,9,CONFIRMED,cm-punk,21:05,1265,1:58,118,CONFIRMED,,,,,,FALSE,FALSE,FALSE,FALSE,FALSE,FALSE,FALSE,FALSE,FALSE,FALSE,FALSE,FALSE,SmackDown,PROBABLE,FALSE,CONFIRMED,S083;S738;S1363;S1700;S1798,,
RR2011M,david-otunga,RR2011M,15,CONFIRMED,David Otunga,David Otunga,0,1,TRUE,N/A,N/A,N/A,TRUE,FALSE,N/A,FALSE,N/A,"30 Years, 9 Months, 23 Days",DERIVED,1.83,104,"Hollywood, California",PROBABLE,Heel,PROBABLE,,,,The New Nexus,N/A,N/A,N/A,N/A,N/A,N/A,FALSE,FALSE,19,CONFIRMED,john-cena,32:40,1960,11:57,717,CONFIRMED,,2,johnny-nitro;mark-henry,0,2,FALSE,FALSE,FALSE,FALSE,FALSE,FALSE,FALSE,FALSE,FALSE,FALSE,FALSE,FALSE,Raw,PROBABLE,FALSE,CONFIRMED,S083;S505;S770;S1364;S1700;S1798,,
RR2011M,tyler-reks,RR2011M,16,CONFIRMED,Tyler Reks,Tyler Reks,0,1,TRUE,N/A,N/A,N/A,TRUE,FALSE,N/A,FALSE,N/A,"32 Years, 2 Months, 29 Days",DERIVED,1.88,112,Parts Unknown,PROBABLE,Heel,PROBABLE,,,,,N/A,N/A,N/A,N/A,N/A,N/A,FALSE,FALSE,12,CONFIRMED,cm-punk,22:48,1368,0:34,34,CONFIRMED,,,,,,FALSE,FALSE,FALSE,FALSE,FALSE,FALSE,FALSE,FALSE,FALSE,FALSE,FALSE,FALSE,SmackDown,PROBABLE,FALSE,CONFIRMED,S083;S771;S1365;S1700;S1798,,
RR2011M,vladimir-kozlov,RR2011M,17,CONFIRMED,Vladimir Kozlov,Vladimir Kozlov,1,2,FALSE,2009,Eliminated (elim #4),4,FALSE,FALSE,N/A,FALSE,N/A,,UNKNOWN,2.03,137,"Moscow, Russia",PROBABLE,Face,PROBABLE,,Tamina,Santino Marella & Vladimir Kozlov,,WWE Tag Team Championship,Tag Team,Santino Marella,1,2010-12-06,55,FALSE,FALSE,13,CONFIRMED,cm-punk,24:18,1458,0:40,40,CONFIRMED,,,,,,FALSE,FALSE,FALSE,FALSE,FALSE,FALSE,FALSE,FALSE,FALSE,FALSE,FALSE,FALSE,Raw,PROBABLE,FALSE,CONFIRMED,S083;S505;S500;S756;S1345;S1700;S1798,,
RR2011M,r-truth,RR2011M,18,CONFIRMED,R-Truth,R-Truth,3,4,FALSE,2010,Eliminated (elim #24),24,FALSE,FALSE,N/A,FALSE,N/A,"39 Years, 0 Months, 11 Days",DERIVED,1.88,100,"Charlotte, North Carolina",PROBABLE,Face,PROBABLE,,,,,N/A,N/A,N/A,N/A,N/A,N/A,FALSE,FALSE,14,CONFIRMED,cm-punk,26:10,1570,1:02,62,CONFIRMED,,,,,,FALSE,FALSE,FALSE,FALSE,FALSE,FALSE,FALSE,FALSE,FALSE,FALSE,FALSE,FALSE,Raw,PROBABLE,FALSE,CONFIRMED,S083;S761;S1353;S1700;S1798,,
RR2011M,the-great-khali,RR2011M,19,CONFIRMED,The Great Khali,The Great Khali,4,5,FALSE,2010,Eliminated (elim #4),4,FALSE,FALSE,N/A,FALSE,N/A,"38 Years, 5 Months, 3 Days",DERIVED,2.15,158,"Punjab, India",PROBABLE,Face,PROBABLE,,,,,N/A,N/A,N/A,N/A,N/A,N/A,FALSE,FALSE,16,CONFIRMED,mason-ryan,28:21,1701,1:16,76,CONFIRMED,,1,husky-harris,1,0,FALSE,FALSE,FALSE,FALSE,FALSE,FALSE,FALSE,FALSE,FALSE,FALSE,FALSE,FALSE,Raw,PROBABLE,FALSE,CONFIRMED,S083;S748;S1320;S1700;S1798,,
RR2011M,mason-ryan,RR2011M,20,CONFIRMED,Mason Ryan,Mason Ryan,0,1,TRUE,N/A,N/A,N/A,TRUE,FALSE,N/A,FALSE,N/A,"29 Years, 0 Months, 17 Days",DERIVED,1.96,135,"Cardiff, Wales",PROBABLE,Heel,PROBABLE,,,,The New Nexus,N/A,N/A,N/A,N/A,N/A,N/A,FALSE,FALSE,18,CONFIRMED,john-cena,32:34,1954,4:32,272,CONFIRMED,,2,booker-t;the-great-khali,2,0,FALSE,FALSE,FALSE,FALSE,FALSE,FALSE,FALSE,FALSE,FALSE,FALSE,FALSE,FALSE,Raw,PROBABLE,FALSE,CONFIRMED,S083;S505;S772;S1366;S1700;S1798,,
RR2011M,booker-t,RR2011M,21,CONFIRMED,Booker T,Booker T,6,7,FALSE,2007,Eliminated (elim #10),10,FALSE,FALSE,N/A,FALSE,N/A,"45 Years, 10 Months, 29 Days",DERIVED,1.91,116,"Houston, Texas",PROBABLE,Face,PROBABLE,,,,,N/A,N/A,N/A,N/A,N/A,N/A,FALSE,FALSE,17,CONFIRMED,mason-ryan,30:58,1858,1:08,68,CONFIRMED,,,,,,FALSE,FALSE,FALSE,FALSE,FALSE,FALSE,FALSE,FALSE,FALSE,FALSE,FALSE,FALSE,Unaffiliated,PROBABLE,FALSE,CONFIRMED,S083;S068;S069;S686;S1432;S1700;S1798,,
RR2011M,john-cena,RR2011M,22,CONFIRMED,John Cena,John Cena,5,6,FALSE,2010,Runner-up (elim #29),29,FALSE,FALSE,N/A,FALSE,N/A,"33 Years, 9 Months, 7 Days",DERIVED,1.85,114,"West Newbury, Massachusetts",PROBABLE,Face,PROBABLE,,,,,N/A,N/A,N/A,N/A,N/A,N/A,FALSE,FALSE,36,CONFIRMED,the-miz,66:30,3990,34:18,2058,CONFIRMED,,7,alex-riley;cm-punk;david-otunga;heath-slater;mason-ryan;michael-mcgillicutty;tyson-kidd,6,1,FALSE,FALSE,FALSE,FALSE,FALSE,FALSE,FALSE,FALSE,FALSE,FALSE,FALSE,FALSE,Raw,PROBABLE,FALSE,CONFIRMED,S083;S068;S069;S494;S490;S702;S1342;S1700;S1798,,
RR2011M,hornswoggle,RR2011M,23,CONFIRMED,Hornswoggle,Hornswoggle,1,2,FALSE,2008,Eliminated (elim #15),15,FALSE,FALSE,N/A,FALSE,N/A,"24 Years, 8 Months, 1 Days",DERIVED,1.35,64,"Dublin, Ireland",PROBABLE,Face,PROBABLE,,,,,N/A,N/A,N/A,N/A,N/A,N/A,FALSE,FALSE,24,CONFIRMED,sheamus,43:52,2632,9:40,580,CONFIRMED,,,,,,FALSE,FALSE,FALSE,FALSE,FALSE,FALSE,FALSE,FALSE,FALSE,FALSE,FALSE,FALSE,SmackDown,PROBABLE,FALSE,CONFIRMED,S083;S751;S1324;S1700;S1798,,
RR2011M,tyson-kidd,RR2011M,24,CONFIRMED,Tyson Kidd,Tyson Kidd,0,1,TRUE,N/A,N/A,N/A,TRUE,FALSE,N/A,FALSE,N/A,"30 Years, 6 Months, 19 Days",DERIVED,1.78,93,"Calgary, Alberta, Canada",PROBABLE,Heel,PROBABLE,,,,,N/A,N/A,N/A,N/A,N/A,N/A,FALSE,FALSE,22,CONFIRMED,john-cena,37:04,2224,0:53,53,CONFIRMED,,,,,,FALSE,FALSE,FALSE,FALSE,FALSE,FALSE,FALSE,FALSE,FALSE,FALSE,FALSE,FALSE,Raw,PROBABLE,FALSE,CONFIRMED,S083;S773;S1368;S1700;S1798,,
RR2011M,heath-slater,RR2011M,25,CONFIRMED,Heath Slater,Heath Slater,0,1,TRUE,N/A,N/A,N/A,TRUE,FALSE,N/A,FALSE,N/A,"27 Years, 6 Months, 15 Days",DERIVED,1.88,98,"Pineville, West Virginia",PROBABLE,Heel,PROBABLE,,,,The Corre,N/A,N/A,N/A,N/A,N/A,N/A,FALSE,FALSE,23,CONFIRMED,john-cena,38:41,2321,0:58,58,CONFIRMED,,,,,,FALSE,FALSE,FALSE,FALSE,FALSE,FALSE,FALSE,FALSE,FALSE,FALSE,FALSE,FALSE,SmackDown,PROBABLE,FALSE,CONFIRMED,S083;S505;S774;S1369;S1700;S1798,,
RR2011M,kofi-kingston,RR2011M,26,CONFIRMED,Kofi Kingston,Kofi Kingston,2,3,FALSE,2010,Eliminated (elim #25),25,FALSE,FALSE,N/A,FALSE,N/A,"29 Years, 5 Months, 16 Days",DERIVED,1.83,96,"Ghana, West Africa",PROBABLE,Face,PROBABLE,,,,,WWE Intercontinental Championship,Intercontinental,N/A,3,2011-01-04,26,FALSE,FALSE,31,CONFIRMED,randy-orton,60:42,3642,21:05,1265,CONFIRMED,,1,alex-riley,0,1,FALSE,FALSE,FALSE,FALSE,FALSE,FALSE,FALSE,FALSE,FALSE,FALSE,FALSE,FALSE,SmackDown,PROBABLE,FALSE,CONFIRMED,S083;S505;S500;S760;S1352;S1700;S1798,,
RR2011M,jack-swagger,RR2011M,27,CONFIRMED,Jack Swagger,Jack Swagger,1,2,FALSE,2010,Eliminated (elim #23),23,FALSE,FALSE,N/A,FALSE,N/A,"28 Years, 10 Months, 6 Days",DERIVED,2.01,125,"Perry, Oklahoma",PROBABLE,Heel,PROBABLE,,,,,N/A,N/A,N/A,N/A,N/A,N/A,FALSE,FALSE,25,CONFIRMED,rey-mysterio,45:33,2733,4:41,281,CONFIRMED,,,,,,FALSE,FALSE,FALSE,FALSE,FALSE,FALSE,FALSE,FALSE,FALSE,FALSE,FALSE,FALSE,SmackDown,PROBABLE,FALSE,CONFIRMED,S083;S775;S1370;S1700;S1798,,
RR2011M,sheamus,RR2011M,28,CONFIRMED,King Sheamus,King Sheamus,0,1,TRUE,N/A,N/A,N/A,TRUE,FALSE,N/A,FALSE,N/A,"33 Years, 0 Months, 2 Days",DERIVED,1.91,121,"Dublin, Ireland",PROBABLE,Heel,PROBABLE,King Sheamus,,,,N/A,N/A,N/A,N/A,N/A,N/A,FALSE,FALSE,32,CONFIRMED,randy-orton,60:47,3647,18:17,1097,CONFIRMED,,1,hornswoggle,1,0,FALSE,FALSE,FALSE,FALSE,FALSE,FALSE,FALSE,FALSE,FALSE,FALSE,FALSE,FALSE,Raw,PROBABLE,FALSE,CONFIRMED,S083;S505;S776;S1371;S1700;S1798,"Billed as 'King Sheamus' at this event, following his November 2010 King of the Ring win.",
RR2011M,rey-mysterio,RR2011M,29,CONFIRMED,Rey Mysterio,Rey Mysterio,4,5,FALSE,2009,Eliminated (elim #19),19,FALSE,FALSE,N/A,FALSE,N/A,"36 Years, 1 Months, 19 Days",DERIVED,1.68,79,"San Diego, California",PROBABLE,Face,PROBABLE,,,,,N/A,N/A,N/A,N/A,N/A,N/A,FALSE,FALSE,35,CONFIRMED,wade-barrett,63:33,3813,19:08,1148,CONFIRMED,,2,jack-swagger;kane,2,0,FALSE,FALSE,FALSE,FALSE,FALSE,FALSE,FALSE,FALSE,FALSE,FALSE,FALSE,FALSE,SmackDown,PROBABLE,TRUE,CONFIRMED,S083;S068;S069;S436;S695;S1432;S1700;S1798,,
RR2011M,wade-barrett,RR2011M,30,CONFIRMED,Wade Barrett,Wade Barrett,0,1,TRUE,N/A,N/A,N/A,TRUE,FALSE,N/A,FALSE,N/A,"30 Years, 5 Months, 20 Days",DERIVED,2.01,112,"Manchester, England",PROBABLE,Heel,PROBABLE,,,,The Corre,N/A,N/A,N/A,N/A,N/A,N/A,FALSE,FALSE,37,CONFIRMED,randy-orton,68:36,4116,22:24,1344,CONFIRMED,,2,diesel;rey-mysterio,2,0,FALSE,FALSE,FALSE,FALSE,FALSE,TRUE,FALSE,FALSE,FALSE,FALSE,FALSE,FALSE,SmackDown,PROBABLE,FALSE,CONFIRMED,S083;S505;S777;S1372;S1700;S1798,,
RR2011M,dolph-ziggler,RR2011M,31,CONFIRMED,Dolph Ziggler,Dolph Ziggler,2,3,FALSE,2010,Eliminated (elim #2),2,FALSE,FALSE,N/A,FALSE,N/A,"30 Years, 6 Months, 3 Days",DERIVED,1.83,97,"Hollywood, Florida",PROBABLE,Heel,PROBABLE,,Vickie Guerrero,,,N/A,N/A,N/A,N/A,N/A,N/A,FALSE,FALSE,27,CONFIRMED,big-show,54:51,3291,7:12,432,CONFIRMED,,,,,,FALSE,FALSE,FALSE,FALSE,FALSE,FALSE,FALSE,FALSE,FALSE,FALSE,FALSE,FALSE,SmackDown,PROBABLE,FALSE,CONFIRMED,S083;S500;S505;S763;S1356;S1700;S1798,,
RR2011M,diesel,RR2011M,32,CONFIRMED,Diesel,Diesel,2,3,FALSE,1996,Runner-up (elim #29),29,FALSE,FALSE,N/A,FALSE,N/A,"51 Years, 6 Months, 21 Days",DERIVED,2.08,149,"Detroit, Michigan",PROBABLE,Face,PROBABLE,Diesel,,,,N/A,N/A,N/A,N/A,N/A,N/A,FALSE,FALSE,26,CONFIRMED,wade-barrett,52:22,3142,2:46,166,CONFIRMED,,,,,,FALSE,FALSE,FALSE,FALSE,FALSE,FALSE,FALSE,FALSE,FALSE,FALSE,FALSE,FALSE,Unaffiliated,PROBABLE,FALSE,CONFIRMED,S083;S505;S032;S035;S024;S029;S466;S481;S585;S1432;S1700;S1798,,
RR2011M,drew-mcintyre,RR2011M,33,CONFIRMED,Drew McIntyre,Drew McIntyre,1,2,FALSE,2010,Eliminated (elim #16),16,FALSE,FALSE,N/A,FALSE,N/A,"25 Years, 7 Months, 24 Days",DERIVED,1.96,125,"Ayr, Scotland",PROBABLE,Heel,PROBABLE,,,,,N/A,N/A,N/A,N/A,N/A,N/A,FALSE,FALSE,29,CONFIRMED,big-show,55:18,3318,4:47,287,CONFIRMED,,,,,,FALSE,FALSE,FALSE,FALSE,FALSE,FALSE,FALSE,FALSE,FALSE,FALSE,FALSE,FALSE,SmackDown,PROBABLE,FALSE,CONFIRMED,S083;S778;S1373;S1700;S1798,,
RR2011M,alex-riley,RR2011M,34,CONFIRMED,Alex Riley,Alex Riley,0,1,TRUE,N/A,N/A,N/A,TRUE,FALSE,N/A,FALSE,N/A,"29 Years, 9 Months, 2 Days",DERIVED,1.91,107,"Washington, D.C.",PROBABLE,Heel,PROBABLE,,The Miz,,,N/A,N/A,N/A,N/A,N/A,N/A,FALSE,FALSE,28,CONFIRMED,john-cena;kofi-kingston,55:01,3301,2:50,170,CONFIRMED,,,,,,FALSE,FALSE,FALSE,FALSE,FALSE,FALSE,FALSE,FALSE,FALSE,FALSE,FALSE,FALSE,Raw,PROBABLE,FALSE,CONFIRMED,S083;S500;S505;S779;S1374;S1700;S1798,,
RR2011M,big-show,RR2011M,35,CONFIRMED,Big Show,Big Show,7,8,FALSE,2010,Eliminated (elim #22),22,FALSE,FALSE,N/A,FALSE,N/A,"38 Years, 11 Months, 22 Days",DERIVED,2.13,227,"Tampa, Florida",PROBABLE,Face,PROBABLE,,,,,N/A,N/A,N/A,N/A,N/A,N/A,FALSE,FALSE,30,CONFIRMED,ezekiel-jackson,55:34,3334,1:30,90,CONFIRMED,,2,dolph-ziggler;drew-mcintyre,2,0,FALSE,FALSE,FALSE,FALSE,FALSE,FALSE,FALSE,FALSE,FALSE,FALSE,FALSE,FALSE,SmackDown,PROBABLE,FALSE,CONFIRMED,S083;S067;S073;S040;S052;S042;S481;S489;S485;S675;S1358;S1700;S1798,,
RR2011M,ezekiel-jackson,RR2011M,36,CONFIRMED,Ezekiel Jackson,Ezekiel Jackson,0,1,TRUE,N/A,N/A,N/A,TRUE,FALSE,N/A,FALSE,N/A,"32 Years, 9 Months, 8 Days",DERIVED,1.91,127,"Harlem, New York",PROBABLE,Heel,PROBABLE,,,,The Corre,N/A,N/A,N/A,N/A,N/A,N/A,FALSE,FALSE,33,CONFIRMED,kane,62:34,3754,7:15,435,CONFIRMED,,1,big-show,1,0,FALSE,FALSE,FALSE,FALSE,FALSE,FALSE,FALSE,FALSE,FALSE,FALSE,FALSE,FALSE,SmackDown,PROBABLE,FALSE,CONFIRMED,S083;S505;S780;S1375;S1700;S1798,,
RR2011M,santino-marella,RR2011M,37,CONFIRMED,Santino Marella,Santino Marella,2,3,FALSE,2009,Eliminated (elim #15),15,FALSE,FALSE,N/A,FALSE,N/A,,UNKNOWN,1.83,106,"San Fili, Calabria, Italy",PROBABLE,Face,PROBABLE,,Tamina,Santino Marella & Vladimir Kozlov,,WWE Tag Team Championship,Tag Team,Vladimir Kozlov,1,2010-12-06,55,FALSE,FALSE,39,CONFIRMED,alberto-del-rio,69:52,4192,12:56,776,CONFIRMED,,,,,,FALSE,FALSE,TRUE,TRUE,TRUE,TRUE,FALSE,FALSE,FALSE,FALSE,FALSE,FALSE,Raw,PROBABLE,FALSE,CONFIRMED,S083;S505;S500;S750;S1432;S1700;S1798,"Eliminated by Alberto Del Rio in the match's final second -- the winning elimination, and the runner-up spot. S083 separately notes Santino spent 11:47 of his 12:56 total survival time (91.1%) outside the ring after being knocked under the bottom rope without being officially eliminated (his feet never went over the top rope to the floor), per the Rumble's standard elimination rule -- his full ring_time legitimately includes that stretch.",
RR2011M,alberto-del-rio,RR2011M,38,CONFIRMED,Alberto Del Rio,Alberto Del Rio,0,1,TRUE,N/A,N/A,N/A,TRUE,FALSE,N/A,FALSE,N/A,"33 Years, 8 Months, 5 Days",DERIVED,1.96,108,"San Luis Potosí, Mexico",PROBABLE,Heel,PROBABLE,,Ricardo Rodriguez,,,N/A,N/A,N/A,N/A,N/A,N/A,FALSE,FALSE,,N/A,,,,9:33,573,CONFIRMED,,2,randy-orton;santino-marella,2,0,FALSE,TRUE,FALSE,TRUE,TRUE,TRUE,FALSE,FALSE,FALSE,FALSE,FALSE,FALSE,SmackDown,PROBABLE,FALSE,CONFIRMED,S083;S500;S505;S781;S1376;S1700;S1798,"Entered #38 and won his first career Royal Rumble, eliminating Santino Marella in the match's final second -- see checksum in script docstring (Santino's own survival time lands his elim_ts exactly on match end).",
RR2011M,randy-orton,RR2011M,39,CONFIRMED,Randy Orton,Randy Orton,4,5,FALSE,2009,Won,N/A,FALSE,FALSE,N/A,FALSE,N/A,"30 Years, 9 Months, 29 Days",DERIVED,1.96,113,"St. Louis, Missouri",PROBABLE,Face,PROBABLE,The Viper,,,,N/A,N/A,N/A,N/A,N/A,N/A,FALSE,FALSE,38,CONFIRMED,alberto-del-rio,68:39,4119,8:19,499,CONFIRMED,,3,kofi-kingston;sheamus;wade-barrett,3,0,FALSE,FALSE,FALSE,FALSE,TRUE,TRUE,FALSE,FALSE,FALSE,FALSE,FALSE,FALSE,Raw,PROBABLE,FALSE,CONFIRMED,S083;S067;S073;S040;S052;S042;S481;S489;S485;S709;S1346;S1700;S1798,,
RR2011M,kane,RR2011M,40,CONFIRMED,Kane,Kane,14,15,FALSE,2010,Eliminated (elim #11),11,FALSE,FALSE,N/A,FALSE,N/A,"43 Years, 9 Months, 4 Days",DERIVED,2.13,147,Parts Unknown,PROBABLE,Heel,PROBABLE,,,,,N/A,N/A,N/A,N/A,N/A,N/A,FALSE,FALSE,34,CONFIRMED,rey-mysterio,63:28,3808,1:36,96,CONFIRMED,,1,ezekiel-jackson,1,0,FALSE,FALSE,FALSE,FALSE,FALSE,FALSE,FALSE,FALSE,FALSE,FALSE,FALSE,FALSE,SmackDown,PROBABLE,FALSE,CONFIRMED,S083;S068;S069;S044;S045;S479;S628;S1334;S1700;S1798,,
RR2012M,the-miz,RR2012M,1,CONFIRMED,Miz,Miz,4,5,FALSE,2010,Eliminated (elim #8),8,FALSE,FALSE,N/A,FALSE,N/A,"31 Years, 3 Months, 21 Days",DERIVED,1.88,100,"Cleveland, Ohio",PROBABLE,Heel,PROBABLE,The Miz,,,,N/A,N/A,N/A,N/A,N/A,N/A,FALSE,FALSE,24,CONFIRMED,big-show,45:38,2738,45:38,2738,CONFIRMED,,2,alex-riley;r-truth,2,0,FALSE,FALSE,FALSE,FALSE,FALSE,FALSE,FALSE,FALSE,FALSE,FALSE,FALSE,FALSE,WWE,PROBABLE,FALSE,CONFIRMED,S084;S506;S749;S1330;S1700;S1799,,
RR2012M,alex-riley,RR2012M,2,CONFIRMED,Alex Riley,Alex Riley,1,2,FALSE,2011,Eliminated (elim #28),28,FALSE,FALSE,N/A,FALSE,N/A,"30 Years, 9 Months, 1 Days",DERIVED,1.91,107,"Washington, D.C.",PROBABLE,Face,PROBABLE,,,,,N/A,N/A,N/A,N/A,N/A,N/A,FALSE,FALSE,1,CONFIRMED,the-miz,1:15,75,1:15,75,CONFIRMED,,0,,0,0,FALSE,FALSE,FALSE,FALSE,FALSE,FALSE,FALSE,FALSE,FALSE,FALSE,FALSE,FALSE,WWE,PROBABLE,FALSE,CONFIRMED,S084;S779;S1374;S1700;S1799,,
RR2012M,r-truth,RR2012M,3,CONFIRMED,R-Truth,R-Truth,4,5,FALSE,2011,Eliminated (elim #14),14,FALSE,FALSE,N/A,FALSE,N/A,"40 Years, 0 Months, 10 Days",DERIVED,1.88,100,"Charlotte, North Carolina",PROBABLE,Face,PROBABLE,,,,,N/A,N/A,N/A,N/A,N/A,N/A,FALSE,FALSE,2,CONFIRMED,the-miz,7:12,432,4:57,297,CONFIRMED,,0,,0,0,FALSE,FALSE,FALSE,FALSE,FALSE,FALSE,FALSE,FALSE,FALSE,FALSE,FALSE,FALSE,WWE,PROBABLE,FALSE,CONFIRMED,S084;S761;S1433;S1700;S1799,,
RR2012M,cody-rhodes,RR2012M,4,CONFIRMED,Cody Rhodes,Cody Rhodes,3,4,FALSE,2010,Eliminated (elim #13),13,FALSE,FALSE,N/A,FALSE,N/A,"26 Years, 6 Months, 30 Days",DERIVED,1.88,101,"Atlanta, Georgia",PROBABLE,Heel,PROBABLE,,,,,WWE Intercontinental Championship,Intercontinental,N/A,1,2011-08-12,170,FALSE,FALSE,25,CONFIRMED,big-show,45:38,2738,41:55,2515,CONFIRMED,,6,mick-foley;santino-marella;jerry-lawler;jim-duggan;the-great-khali;booker-t,4,2,FALSE,FALSE,FALSE,FALSE,FALSE,FALSE,FALSE,FALSE,FALSE,FALSE,FALSE,FALSE,WWE,PROBABLE,FALSE,CONFIRMED,S084;S506;S501;S753;S1328;S1700;S1799,,
RR2012M,justin-gabriel,RR2012M,5,CONFIRMED,Justin Gabriel,Justin Gabriel,1,2,FALSE,2011,Eliminated (elim #1),1,FALSE,FALSE,N/A,FALSE,N/A,"30 Years, 10 Months, 26 Days",DERIVED,1.85,97,"Cape Town, South Africa",PROBABLE,Face,PROBABLE,,,,,N/A,N/A,N/A,N/A,N/A,N/A,FALSE,FALSE,4,CONFIRMED,ricardo-rodriguez;mick-foley,11:25,685,6:13,373,CONFIRMED,,0,,0,0,FALSE,FALSE,FALSE,FALSE,FALSE,FALSE,FALSE,FALSE,FALSE,FALSE,FALSE,FALSE,WWE,PROBABLE,FALSE,CONFIRMED,S084;S765;S1360;S1700;S1799,,
RR2012M,primo,RR2012M,6,CONFIRMED,Primo,Primo,0,1,TRUE,N/A,N/A,N/A,TRUE,FALSE,N/A,FALSE,N/A,"29 Years, 1 Months, 8 Days",DERIVED,1.78,95,"San Juan, Puerto Rico",PROBABLE,Heel,PROBABLE,,Rosa Mendes,Primo & Epico,,WWE Tag Team Championship,Tag Team,Epico,1,2012-01-15,14,FALSE,FALSE,3,CONFIRMED,mick-foley,8:32,512,1:57,117,CONFIRMED,,0,,0,0,FALSE,FALSE,FALSE,FALSE,FALSE,FALSE,FALSE,FALSE,FALSE,FALSE,FALSE,FALSE,WWE,PROBABLE,FALSE,CONFIRMED,S084;S506;S501;S782;S1433;S1700;S1799,,
RR2012M,mick-foley,RR2012M,7,CONFIRMED,Mick Foley,Mick Foley,6,7,FALSE,2008,Eliminated (elim #19),19,FALSE,FALSE,N/A,FALSE,N/A,"46 Years, 7 Months, 22 Days",DERIVED,1.88,130,"Long Island, New York",PROBABLE,Face,PROBABLE,Mick Foley,,,,N/A,N/A,N/A,N/A,N/A,N/A,FALSE,FALSE,8,CONFIRMED,cody-rhodes,14:45,885,6:33,393,CONFIRMED,,3,justin-gabriel;primo;epico,2,1,FALSE,FALSE,FALSE,FALSE,FALSE,FALSE,FALSE,FALSE,FALSE,FALSE,FALSE,FALSE,WWE,PROBABLE,FALSE,CONFIRMED,S084;S506;S067;S073;S040;S052;S042;S481;S489;S716;S1336;S1700;S1799,,
RR2012M,ricardo-rodriguez,RR2012M,8,CONFIRMED,Ricardo Rodriguez,Ricardo Rodriguez,0,1,TRUE,N/A,N/A,N/A,TRUE,FALSE,N/A,FALSE,N/A,"25 Years, 11 Months, 12 Days",DERIVED,1.83,102,"Guadalajara, Mexico",PROBABLE,Face,PROBABLE,,Alberto Del Rio,,,N/A,N/A,N/A,N/A,N/A,N/A,FALSE,FALSE,5,CONFIRMED,santino-marella,12:51,771,2:20,140,CONFIRMED,,1,justin-gabriel,0,1,FALSE,FALSE,FALSE,FALSE,FALSE,FALSE,FALSE,FALSE,FALSE,FALSE,FALSE,FALSE,WWE,PROBABLE,FALSE,CONFIRMED,S084;S501;S506;S783;S1377;S1700;S1799,,
RR2012M,santino-marella,RR2012M,9,CONFIRMED,Santino Marella,Santino Marella,3,4,FALSE,2011,Runner-up (elim #39),39,FALSE,FALSE,N/A,FALSE,N/A,,UNKNOWN,1.83,106,"San Fili, Calabria, Italy",PROBABLE,Face,PROBABLE,,,,,N/A,N/A,N/A,N/A,N/A,N/A,FALSE,FALSE,7,CONFIRMED,cody-rhodes,14:28,868,2:31,151,CONFIRMED,,1,ricardo-rodriguez,1,0,FALSE,FALSE,FALSE,FALSE,FALSE,FALSE,FALSE,FALSE,FALSE,FALSE,FALSE,FALSE,WWE,PROBABLE,FALSE,CONFIRMED,S084;S750;S1433;S1700;S1799,,
RR2012M,epico,RR2012M,10,CONFIRMED,Epico,Epico,0,1,TRUE,N/A,N/A,N/A,TRUE,FALSE,N/A,FALSE,N/A,"29 Years, 10 Months, 5 Days",DERIVED,1.83,104,"San Juan, Puerto Rico",PROBABLE,Heel,PROBABLE,,Rosa Mendes,Primo & Epico,,WWE Tag Team Championship,Tag Team,Primo,1,2012-01-15,14,FALSE,FALSE,6,CONFIRMED,mick-foley,13:55,835,0:11,11,CONFIRMED,,0,,0,0,FALSE,FALSE,FALSE,FALSE,FALSE,FALSE,FALSE,FALSE,FALSE,FALSE,FALSE,FALSE,WWE,PROBABLE,FALSE,CONFIRMED,S084;S506;S501;S784;S1378;S1700;S1799,,
RR2012M,kofi-kingston,RR2012M,11,CONFIRMED,Kofi Kingston,Kofi Kingston,3,4,FALSE,2011,Eliminated (elim #31),31,FALSE,FALSE,N/A,FALSE,N/A,"30 Years, 5 Months, 15 Days",DERIVED,1.83,96,"Ghana, West Africa",PROBABLE,Face,PROBABLE,,,,,N/A,N/A,N/A,N/A,N/A,N/A,FALSE,FALSE,18,CONFIRMED,sheamus,33:12,1992,17:55,1075,CONFIRMED,,0,,0,0,FALSE,FALSE,FALSE,FALSE,FALSE,FALSE,FALSE,FALSE,FALSE,FALSE,FALSE,FALSE,WWE,PROBABLE,FALSE,CONFIRMED,S084;S760;S1352;S1700;S1799,,
RR2012M,jerry-lawler,RR2012M,12,CONFIRMED,Jerry Lawler,Jerry Lawler,3,4,FALSE,1997,Eliminated (elim #20),20,FALSE,FALSE,N/A,FALSE,N/A,"62 Years, 2 Months, 0 Days",DERIVED,1.83,110,"Memphis, Tennessee",PROBABLE,Face,PROBABLE,,,,,N/A,N/A,N/A,N/A,N/A,N/A,FALSE,FALSE,9,CONFIRMED,cody-rhodes,17:31,1051,0:44,44,CONFIRMED,,1,michael-cole,0,1,FALSE,FALSE,FALSE,FALSE,FALSE,FALSE,FALSE,FALSE,FALSE,FALSE,FALSE,FALSE,WWE,PROBABLE,FALSE,CONFIRMED,S084;S033;S034;S477;S027;S028;S469;S566;S1379;S1700;S1799,,
RR2012M,ezekiel-jackson,RR2012M,13,CONFIRMED,Ezekiel Jackson,Ezekiel Jackson,1,2,FALSE,2011,Eliminated (elim #33),33,FALSE,FALSE,N/A,FALSE,N/A,"33 Years, 9 Months, 7 Days",DERIVED,1.91,127,"Harlem, New York",PROBABLE,Face,PROBABLE,,,,,N/A,N/A,N/A,N/A,N/A,N/A,FALSE,FALSE,11,CONFIRMED,the-great-khali,21:54,1314,3:46,226,CONFIRMED,,0,,0,0,FALSE,FALSE,FALSE,FALSE,FALSE,FALSE,FALSE,FALSE,FALSE,FALSE,FALSE,FALSE,WWE,PROBABLE,FALSE,CONFIRMED,S084;S780;S1375;S1700;S1799,,
RR2012M,jinder-mahal,RR2012M,14,CONFIRMED,Jinder Mahal,Jinder Mahal,0,1,TRUE,N/A,N/A,N/A,TRUE,FALSE,N/A,FALSE,N/A,"25 Years, 6 Months, 10 Days",DERIVED,1.96,108,"Punjab, India",PROBABLE,Heel,PROBABLE,,,,,N/A,N/A,N/A,N/A,N/A,N/A,FALSE,FALSE,10,CONFIRMED,the-great-khali,21:40,1300,1:17,77,CONFIRMED,,0,,0,0,FALSE,FALSE,FALSE,FALSE,FALSE,FALSE,FALSE,FALSE,FALSE,FALSE,FALSE,FALSE,WWE,PROBABLE,FALSE,CONFIRMED,S084;S785;S1380;S1700;S1799,,
RR2012M,the-great-khali,RR2012M,15,CONFIRMED,The Great Khali,The Great Khali,5,6,FALSE,2011,Eliminated (elim #16),16,FALSE,FALSE,N/A,FALSE,N/A,"39 Years, 5 Months, 2 Days",DERIVED,2.15,158,"Punjab, India",PROBABLE,Face,PROBABLE,,,,,N/A,N/A,N/A,N/A,N/A,N/A,FALSE,FALSE,13,CONFIRMED,cody-rhodes;dolph-ziggler,28:55,1735,7:29,449,CONFIRMED,,2,ezekiel-jackson;jinder-mahal,2,0,FALSE,FALSE,FALSE,FALSE,FALSE,FALSE,FALSE,FALSE,FALSE,FALSE,FALSE,FALSE,WWE,PROBABLE,FALSE,CONFIRMED,S084;S748;S1320;S1700;S1799,,
RR2012M,hunico,RR2012M,16,CONFIRMED,Hunico,Hunico,0,1,TRUE,N/A,N/A,N/A,TRUE,FALSE,N/A,FALSE,N/A,"34 Years, 4 Months, 24 Days",DERIVED,1.70,90,"El Paso, Texas",PROBABLE,Heel,PROBABLE,,Camacho,,,N/A,N/A,N/A,N/A,N/A,N/A,FALSE,FALSE,16,CONFIRMED,kharma,31:52,1912,9:00,540,CONFIRMED,,0,,0,0,FALSE,FALSE,FALSE,FALSE,FALSE,FALSE,FALSE,FALSE,FALSE,FALSE,FALSE,FALSE,WWE,PROBABLE,TRUE,CONFIRMED,S084;S501;S506;S786;S1381;S1700;S1799,,
RR2012M,booker-t,RR2012M,17,CONFIRMED,Booker T,Booker T,7,8,FALSE,2011,Eliminated (elim #17),17,FALSE,FALSE,N/A,FALSE,N/A,"46 Years, 10 Months, 28 Days",DERIVED,1.91,116,"Houston, Texas",PROBABLE,Face,PROBABLE,,,,,N/A,N/A,N/A,N/A,N/A,N/A,FALSE,FALSE,14,CONFIRMED,cody-rhodes;dolph-ziggler,28:55,1735,4:40,280,CONFIRMED,,1,michael-cole,0,1,FALSE,FALSE,FALSE,FALSE,FALSE,FALSE,FALSE,FALSE,FALSE,FALSE,FALSE,FALSE,WWE,PROBABLE,FALSE,CONFIRMED,S084;S068;S069;S686;S1433;S1700;S1799,,
RR2012M,dolph-ziggler,RR2012M,18,CONFIRMED,Dolph Ziggler,Dolph Ziggler,3,4,FALSE,2011,Eliminated (elim #27),27,FALSE,FALSE,N/A,FALSE,N/A,"31 Years, 6 Months, 2 Days",DERIVED,1.83,97,"Hollywood, Florida",PROBABLE,Heel,PROBABLE,,Vickie Guerrero,Dolph Ziggler & Jack Swagger,,N/A,N/A,N/A,N/A,N/A,N/A,FALSE,FALSE,26,CONFIRMED,big-show,45:53,2753,19:45,1185,CONFIRMED,,3,kharma;the-great-khali;booker-t,1,2,FALSE,FALSE,FALSE,FALSE,FALSE,FALSE,FALSE,FALSE,FALSE,FALSE,FALSE,FALSE,WWE,PROBABLE,FALSE,CONFIRMED,S084;S506;S501;S763;S1356;S1700;S1799,,
RR2012M,jim-duggan,RR2012M,19,CONFIRMED,Jim Duggan,Jim Duggan,4,5,FALSE,2009,Eliminated (elim #16),16,FALSE,FALSE,N/A,FALSE,N/A,"58 Years, 0 Months, 15 Days",DERIVED,1.91,120,"Glens Falls, New York",PROBABLE,Face,PROBABLE,,,,,N/A,N/A,N/A,N/A,N/A,N/A,FALSE,FALSE,12,CONFIRMED,cody-rhodes,28:31,1711,0:57,57,CONFIRMED,,0,,0,0,FALSE,FALSE,FALSE,FALSE,FALSE,FALSE,FALSE,FALSE,FALSE,FALSE,FALSE,FALSE,WWE,PROBABLE,FALSE,CONFIRMED,S084;S506;S1357;S1700;S1799,Event-time billing carried forward from RR2009M for the same documented persona; PROBABLE pending a direct 2012 event source.,
RR2012M,michael-cole,RR2012M,20,CONFIRMED,Michael Cole,Michael Cole,0,1,TRUE,N/A,N/A,N/A,TRUE,FALSE,N/A,FALSE,N/A,,UNKNOWN,1.75,80,"Amenia, New York",PROBABLE,Heel,PROBABLE,,,,,N/A,N/A,N/A,N/A,N/A,N/A,FALSE,FALSE,15,CONFIRMED,booker-t;jerry-lawler,31:21,1881,1:24,84,CONFIRMED,,0,,0,0,FALSE,FALSE,FALSE,FALSE,FALSE,FALSE,FALSE,FALSE,FALSE,TRUE,FALSE,FALSE,WWE,PROBABLE,FALSE,CONFIRMED,S084;S787;S1382;S1700;S1799,,
RR2012M,kharma,RR2012M,21,CONFIRMED,Kharma,Kharma,0,1,TRUE,N/A,N/A,N/A,TRUE,FALSE,N/A,FALSE,N/A,"34 Years, 4 Months, 25 Days",DERIVED,1.80,123,"Tokyo, Japan",PROBABLE,Face,PROBABLE,,,,,N/A,N/A,N/A,N/A,N/A,N/A,FALSE,FALSE,17,CONFIRMED,dolph-ziggler,32:00,1920,1:01,61,CONFIRMED,,1,hunico,1,0,FALSE,FALSE,FALSE,FALSE,FALSE,FALSE,FALSE,FALSE,FALSE,FALSE,FALSE,FALSE,WWE,PROBABLE,FALSE,CONFIRMED,S084;S788;S1383;S1700;S1799,"The only woman in this match's field. S084 credits her with eliminating Michael Cole, Dolph Ziggler, and Hunico before being eliminated herself by Ziggler -- only the Cole elimination is corroborated with enough specificity this pass to log as a credited elimination row (shared with Booker T); the Ziggler/Hunico credits are noted here but not converted into elimination rows absent individual timing corroboration.",
RR2012M,sheamus,RR2012M,22,CONFIRMED,Sheamus,Sheamus,1,2,FALSE,2011,Eliminated (elim #32),32,FALSE,FALSE,N/A,FALSE,N/A,"34 Years, 0 Months, 1 Days",DERIVED,1.91,121,"Dublin, Ireland",PROBABLE,Face,PROBABLE,,,,,N/A,N/A,N/A,N/A,N/A,N/A,FALSE,FALSE,,N/A,,,,22:20,1340,CONFIRMED,,2,chris-jericho;kofi-kingston,2,0,FALSE,TRUE,FALSE,TRUE,TRUE,TRUE,FALSE,FALSE,FALSE,FALSE,FALSE,FALSE,WWE,PROBABLE,FALSE,CONFIRMED,S084;S776;S1371;S1700;S1799,"Entered #22 and won his first career Royal Rumble, eliminating Chris Jericho in the match's final second after the two had the ring to themselves for the final 7:38. His own entry_actual, computed purely from the buzzer/entrance-lag chain, lands exactly on the doc's own independently-stated '32m 33s' breakpoint -- a strong internal cross-check.",
RR2012M,road-dogg,RR2012M,23,CONFIRMED,Road Dogg,Road Dogg,3,4,FALSE,2000,Eliminated (elim #25),25,FALSE,FALSE,N/A,FALSE,N/A,"42 Years, 8 Months, 9 Days",DERIVED,1.85,109,"Marietta, Georgia",PROBABLE,Face,PROBABLE,Road Dogg,,,,N/A,N/A,N/A,N/A,N/A,N/A,FALSE,FALSE,19,CONFIRMED,wade-barrett,39:05,2345,4:56,296,CONFIRMED,,0,,0,0,FALSE,FALSE,FALSE,FALSE,FALSE,FALSE,FALSE,FALSE,FALSE,FALSE,FALSE,FALSE,WWE,PROBABLE,FALSE,CONFIRMED,S084;S506;S789;S1384;S1700;S1799,,
RR2012M,jey-uso,RR2012M,24,CONFIRMED,Jey Uso,Jey Uso,0,1,TRUE,N/A,N/A,N/A,TRUE,FALSE,N/A,FALSE,N/A,"26 Years, 5 Months, 7 Days",DERIVED,1.88,110,"San Francisco, California",PROBABLE,Face,PROBABLE,,,,,N/A,N/A,N/A,N/A,N/A,N/A,FALSE,FALSE,20,CONFIRMED,randy-orton,42:35,2555,7:03,423,CONFIRMED,,0,,0,0,FALSE,FALSE,FALSE,FALSE,FALSE,FALSE,FALSE,FALSE,FALSE,FALSE,FALSE,FALSE,WWE,PROBABLE,FALSE,CONFIRMED,S084;S790;S1385;S1700;S1799,,
RR2012M,jack-swagger,RR2012M,25,CONFIRMED,Jack Swagger,Jack Swagger,2,3,FALSE,2011,Eliminated (elim #25),25,FALSE,FALSE,N/A,FALSE,N/A,"29 Years, 10 Months, 5 Days",DERIVED,2.01,125,"Perry, Oklahoma",PROBABLE,Heel,PROBABLE,,Vickie Guerrero,Dolph Ziggler & Jack Swagger,,WWE United States Championship,Intercontinental/United States,N/A,1,2012-01-16,13,FALSE,FALSE,23,CONFIRMED,big-show,45:05,2705,7:59,479,CONFIRMED,,0,,0,0,FALSE,FALSE,FALSE,FALSE,FALSE,FALSE,FALSE,FALSE,FALSE,FALSE,FALSE,FALSE,WWE,PROBABLE,FALSE,CONFIRMED,S084;S506;S501;S775;S1370;S1700;S1799,,
RR2012M,wade-barrett,RR2012M,26,CONFIRMED,Wade Barrett,Wade Barrett,1,2,FALSE,2011,Eliminated (elim #37),37,FALSE,FALSE,N/A,FALSE,N/A,"31 Years, 5 Months, 19 Days",DERIVED,2.01,112,"Manchester, England",PROBABLE,Heel,PROBABLE,,,,,N/A,N/A,N/A,N/A,N/A,N/A,FALSE,FALSE,21,CONFIRMED,randy-orton,42:43,2563,3:55,235,CONFIRMED,,1,road-dogg,1,0,FALSE,FALSE,FALSE,FALSE,FALSE,FALSE,FALSE,FALSE,FALSE,FALSE,FALSE,FALSE,WWE,PROBABLE,FALSE,CONFIRMED,S084;S777;S1372;S1700;S1799,,
RR2012M,david-otunga,RR2012M,27,CONFIRMED,David Otunga,David Otunga,1,2,FALSE,2011,Eliminated (elim #19),19,FALSE,FALSE,N/A,FALSE,N/A,"31 Years, 9 Months, 22 Days",DERIVED,1.83,104,"Hollywood, California",PROBABLE,Heel,PROBABLE,,,,,N/A,N/A,N/A,N/A,N/A,N/A,FALSE,FALSE,22,CONFIRMED,chris-jericho,43:33,2613,3:16,196,CONFIRMED,,0,,0,0,FALSE,FALSE,FALSE,FALSE,FALSE,FALSE,FALSE,FALSE,FALSE,FALSE,FALSE,FALSE,WWE,PROBABLE,FALSE,CONFIRMED,S084;S770;S1364;S1700;S1799,,
RR2012M,randy-orton,RR2012M,28,CONFIRMED,Randy Orton,Randy Orton,5,6,FALSE,2011,Eliminated (elim #38),38,FALSE,FALSE,N/A,FALSE,N/A,"31 Years, 9 Months, 28 Days",DERIVED,1.96,113,"St. Louis, Missouri",PROBABLE,Face,PROBABLE,The Viper,,,,N/A,N/A,N/A,N/A,N/A,N/A,FALSE,FALSE,28,CONFIRMED,chris-jericho,47:15,2835,5:46,346,CONFIRMED,,3,jey-uso;wade-barrett;big-show,3,0,FALSE,FALSE,FALSE,FALSE,TRUE,TRUE,FALSE,FALSE,FALSE,FALSE,FALSE,FALSE,WWE,PROBABLE,FALSE,CONFIRMED,S084;S067;S073;S040;S052;S042;S481;S489;S485;S709;S1346;S1700;S1799,,
RR2012M,chris-jericho,RR2012M,29,CONFIRMED,Chris Jericho,Chris Jericho,6,7,FALSE,2010,Eliminated (elim #26),26,FALSE,FALSE,N/A,FALSE,N/A,"41 Years, 2 Months, 20 Days",DERIVED,1.83,103,"Winnipeg, Manitoba, Canada",PROBABLE,Heel,PROBABLE,,,,,N/A,N/A,N/A,N/A,N/A,N/A,FALSE,FALSE,29,CONFIRMED,sheamus,54:53,3293,11:34,694,CONFIRMED,,2,david-otunga;randy-orton,2,0,FALSE,FALSE,TRUE,TRUE,TRUE,TRUE,FALSE,FALSE,FALSE,FALSE,FALSE,FALSE,WWE,PROBABLE,FALSE,CONFIRMED,S084;S068;S069;S436;S671;S1349;S1700;S1799,"Eliminated by Sheamus in the match's final second -- the winning elimination, and the runner-up spot.",
RR2012M,big-show,RR2012M,30,CONFIRMED,Big Show,Big Show,8,9,FALSE,2011,Eliminated (elim #30),30,FALSE,FALSE,N/A,FALSE,N/A,"39 Years, 11 Months, 21 Days",DERIVED,2.13,227,"Tampa, Florida",PROBABLE,Face,PROBABLE,,,,,N/A,N/A,N/A,N/A,N/A,N/A,FALSE,FALSE,27,CONFIRMED,randy-orton,47:11,2831,1:52,112,CONFIRMED,,4,the-miz;cody-rhodes;jack-swagger;dolph-ziggler,2,2,FALSE,FALSE,FALSE,FALSE,FALSE,TRUE,FALSE,FALSE,FALSE,FALSE,FALSE,FALSE,WWE,PROBABLE,FALSE,CONFIRMED,S084;S439;S442;S067;S073;S040;S052;S042;S481;S489;S485;S675;S1358;S1700;S1799,"Credited with 3 eliminations (Jack Swagger, and the Miz/Cody Rhodes double) all occurring BEFORE his own entry_actual (46:32) -- i.e. during his ~1:47 entrance walk, interfering from ringside before formally entering the ring. See F241.",CONFIRMED
RR2010M,dolph-ziggler,RR2010M,1,CONFIRMED,Dolph Ziggler,Dolph Ziggler,1,2,FALSE,2009,Eliminated (elim #14),14,FALSE,FALSE,N/A,FALSE,N/A,"29 Years, 6 Months, 4 Days",DERIVED,1.83,97,"Hollywood, Florida",PROBABLE,Heel,PROBABLE,,,,,N/A,N/A,N/A,N/A,N/A,N/A,FALSE,FALSE,2,CONFIRMED,cm-punk,2:30,150,2:30,150,PROBABLE,,,,,,FALSE,FALSE,FALSE,FALSE,FALSE,FALSE,FALSE,FALSE,FALSE,FALSE,FALSE,FALSE,SmackDown,PROBABLE,FALSE,CONFIRMED,S085;S086;S087;S088;S089;S090;S091;S092;S763;S1356;S1700;S1797;S096,,
RR2010M,evan-bourne,RR2010M,2,CONFIRMED,Evan Bourne,Evan Bourne,0,1,TRUE,N/A,N/A,N/A,TRUE,FALSE,N/A,FALSE,N/A,"26 Years, 10 Months, 12 Days",DERIVED,1.73,75,"Clearwater, Florida",PROBABLE,Face,PROBABLE,,,,,N/A,N/A,N/A,N/A,N/A,N/A,FALSE,FALSE,1,CONFIRMED,cm-punk,2:27,147,2:27,147,PROBABLE,,,,,,FALSE,FALSE,FALSE,FALSE,FALSE,FALSE,FALSE,FALSE,FALSE,FALSE,FALSE,FALSE,Raw,PROBABLE,FALSE,CONFIRMED,S085;S086;S087;S088;S089;S090;S091;S092;S791;S1386;S1692;S1700;S1797;S096,,
RR2010M,cm-punk,RR2010M,3,CONFIRMED,CM Punk,CM Punk,3,4,FALSE,2009,Eliminated (elim #18),18,FALSE,FALSE,N/A,FALSE,N/A,"31 Years, 3 Months, 5 Days",DERIVED,1.88,99,"Chicago, Illinois",PROBABLE,Heel,PROBABLE,,Luke Gallows and Serena,,The Straight Edge Society,N/A,N/A,N/A,N/A,N/A,N/A,FALSE,FALSE,7,CONFIRMED,hunter-hearst-helmsley,12:09,729,10:04,604,PROBABLE,,5,beth-phoenix;dolph-ziggler;evan-bourne;jtg;zack-ryder,5,0,FALSE,FALSE,FALSE,FALSE,FALSE,FALSE,FALSE,FALSE,FALSE,FALSE,FALSE,FALSE,SmackDown,PROBABLE,FALSE,CONFIRMED,S085;S086;S087;S088;S089;S090;S091;S092;S499;S504;S744;S1327;S1700;S1797;S096,"Eliminated 5 wrestlers (Evan Bourne, Dolph Ziggler, JTG, Beth Phoenix, Zack Ryder) in an extended stretch near the start of the match before being eliminated himself by Triple H.",
RR2010M,jtg,RR2010M,4,CONFIRMED,JTG,JTG,1,2,FALSE,2009,Eliminated (elim #7),7,FALSE,FALSE,N/A,FALSE,N/A,"25 Years, 1 Months, 21 Days",DERIVED,1.88,105,"Brooklyn, New York",PROBABLE,Face,PROBABLE,,,,,N/A,N/A,N/A,N/A,N/A,N/A,FALSE,FALSE,3,CONFIRMED,cm-punk,4:02,242,0:25,25,PROBABLE,,,,,,FALSE,FALSE,FALSE,FALSE,FALSE,FALSE,FALSE,FALSE,FALSE,FALSE,FALSE,FALSE,SmackDown,PROBABLE,FALSE,CONFIRMED,S085;S086;S087;S088;S089;S090;S091;S092;S757;S1347;S1700;S1797;S096,,
RR2010M,the-great-khali,RR2010M,5,CONFIRMED,The Great Khali,The Great Khali,3,4,FALSE,2009,Eliminated (elim #1),1,FALSE,FALSE,N/A,FALSE,N/A,"37 Years, 5 Months, 4 Days",DERIVED,2.15,158,"Punjab, India",PROBABLE,Face,PROBABLE,,Ranjin Singh,,,N/A,N/A,N/A,N/A,N/A,N/A,FALSE,FALSE,4,CONFIRMED,beth-phoenix,7:04,424,1:39,99,PROBABLE,,,,,,FALSE,FALSE,FALSE,FALSE,FALSE,FALSE,FALSE,FALSE,FALSE,FALSE,FALSE,FALSE,SmackDown,PROBABLE,FALSE,CONFIRMED,S085;S086;S087;S088;S089;S090;S091;S092;S499;S504;S748;S1320;S1700;S1797;S096,,
RR2010M,beth-phoenix,RR2010M,6,CONFIRMED,Beth Phoenix,Beth Phoenix,0,1,TRUE,N/A,N/A,N/A,TRUE,FALSE,N/A,FALSE,N/A,"29 Years, 2 Months, 7 Days",DERIVED,1.70,68,"Buffalo, New York",PROBABLE,Heel,PROBABLE,The Glamazon,,,,N/A,N/A,N/A,N/A,N/A,N/A,FALSE,FALSE,5,CONFIRMED,cm-punk,8:07,487,1:38,98,PROBABLE,,1,the-great-khali,1,0,FALSE,FALSE,FALSE,FALSE,FALSE,FALSE,FALSE,FALSE,FALSE,FALSE,FALSE,FALSE,Raw,PROBABLE,FALSE,CONFIRMED,S085;S086;S087;S088;S089;S090;S091;S092;S504;S792;S1387;S1700;S1797;S096,"Only the second woman ever to compete in a standard 30-man Royal Rumble match, after Chyna (1999 and 2000), per WWE.com's own official recap. Eliminated The Great Khali by distracting him with a kiss before hauling him over the top rope.",
RR2010M,zack-ryder,RR2010M,7,CONFIRMED,Zack Ryder,Zack Ryder,0,1,TRUE,N/A,N/A,N/A,TRUE,FALSE,N/A,FALSE,N/A,"24 Years, 8 Months, 17 Days",DERIVED,1.88,104,"Long Island, New York",PROBABLE,Face,PROBABLE,,,,,N/A,N/A,N/A,N/A,N/A,N/A,FALSE,FALSE,6,CONFIRMED,cm-punk,8:42,522,0:32,32,PROBABLE,,,,,,FALSE,FALSE,FALSE,FALSE,FALSE,FALSE,FALSE,FALSE,FALSE,FALSE,FALSE,FALSE,ECW,PROBABLE,FALSE,CONFIRMED,S085;S086;S087;S088;S089;S090;S091;S092;S766;S1361;S1700;S1797;S096,,
RR2010M,hunter-hearst-helmsley,RR2010M,8,CONFIRMED,Triple H,Triple H,7,8,FALSE,2009,Runner-up (elim #29),29,FALSE,FALSE,N/A,FALSE,N/A,"40 Years, 6 Months, 4 Days",DERIVED,1.93,120,"Greenwich, Connecticut",PROBABLE,Face,PROBABLE,Triple H,,D-Generation X (w/ Shawn Michaels),D-Generation X,Unified WWE Tag Team Championship,Tag Team,Shawn Michaels,1,2009-12-13,49,FALSE,FALSE,17,CONFIRMED,shawn-michaels,28:13,1693,17:52,1072,PROBABLE,,3,cm-punk;drew-mcintyre;kane,2,1,FALSE,FALSE,FALSE,FALSE,FALSE,FALSE,FALSE,FALSE,FALSE,FALSE,FALSE,FALSE,Raw,PROBABLE,FALSE,CONFIRMED,S085;S086;S087;S088;S089;S090;S091;S092;S504;S499;S024;S037;S040;S049;S050;S051;S044;S045;S479;S619;S1341;S1700;S1797;S096,"Reuses this database's existing 'hunter-hearst-helmsley' wrestler_id, consistent with prior-year precedent.",
RR2010M,drew-mcintyre,RR2010M,9,CONFIRMED,Drew McIntyre,Drew McIntyre,0,1,TRUE,N/A,N/A,N/A,TRUE,FALSE,N/A,FALSE,N/A,"24 Years, 7 Months, 25 Days",DERIVED,1.96,125,"Ayr, Scotland",PROBABLE,Heel,PROBABLE,,,,,WWE Intercontinental Championship,Intercontinental,N/A,1,2009-12-13,49,FALSE,FALSE,16,CONFIRMED,hunter-hearst-helmsley;shawn-michaels,26:30,1590,14:43,883,PROBABLE,,,,,,FALSE,FALSE,FALSE,FALSE,FALSE,FALSE,FALSE,FALSE,FALSE,FALSE,FALSE,FALSE,SmackDown,PROBABLE,FALSE,CONFIRMED,S085;S086;S087;S088;S089;S090;S091;S092;S504;S499;S778;S1373;S1700;S1797;S096,,
RR2010M,ted-dibiase-jr,RR2010M,10,CONFIRMED,Ted DiBiase,Ted DiBiase,1,2,FALSE,2009,Eliminated (elim #27),27,FALSE,FALSE,N/A,FALSE,N/A,"27 Years, 2 Months, 23 Days",DERIVED,1.91,97,"Madison, Mississippi",PROBABLE,Heel,PROBABLE,,,The Legacy (w/ Cody Rhodes),The Legacy,N/A,N/A,N/A,N/A,N/A,N/A,FALSE,FALSE,14,CONFIRMED,shawn-michaels,25:32,1532,12:39,759,PROBABLE,,,,,,FALSE,FALSE,FALSE,FALSE,FALSE,FALSE,FALSE,FALSE,FALSE,FALSE,FALSE,FALSE,Raw,PROBABLE,FALSE,CONFIRMED,S085;S086;S087;S088;S089;S090;S091;S092;S504;S758;S1348;S1700;S1797;S096,"Reuses this database's existing 'ted-dibiase-jr' wrestler_id (same Legacy-stable performer as the 2009/2011 builds) -- NOT the same person as 'ted-dibiase' (Ted DiBiase Sr., the Million Dollar Man), a separate existing wrestler_id in this database. Careful disambiguation performed this pass to avoid an incorrect identity merge.",
RR2010M,johnny-nitro,RR2010M,11,CONFIRMED,John Morrison,John Morrison,4,5,FALSE,2009,Eliminated (elim #5),5,FALSE,FALSE,N/A,FALSE,N/A,"30 Years, 3 Months, 28 Days",DERIVED,1.83,98,"Los Angeles, California",PROBABLE,Face,PROBABLE,,,,,N/A,N/A,N/A,N/A,N/A,N/A,FALSE,FALSE,15,CONFIRMED,shawn-michaels,25:58,1558,11:36,696,PROBABLE,,,,,,FALSE,FALSE,FALSE,FALSE,FALSE,FALSE,FALSE,FALSE,FALSE,FALSE,FALSE,FALSE,SmackDown,PROBABLE,FALSE,CONFIRMED,S085;S086;S087;S088;S089;S090;S091;S092;S740;S1431;S1700;S1797;S096,"Reuses this database's existing 'johnny-nitro' wrestler_id -- same performer, renamed gimmick, consistent with prior-year precedent.",
RR2010M,kane,RR2010M,12,CONFIRMED,Kane,Kane,13,14,FALSE,2009,Eliminated (elim #24),24,FALSE,FALSE,N/A,FALSE,N/A,"42 Years, 9 Months, 5 Days",DERIVED,2.13,147,Parts Unknown,PROBABLE,Face,PROBABLE,,,,,N/A,N/A,N/A,N/A,N/A,N/A,FALSE,FALSE,11,CONFIRMED,hunter-hearst-helmsley,24:06,1446,8:01,481,PROBABLE,,1,matt-hardy,1,0,FALSE,FALSE,FALSE,FALSE,FALSE,FALSE,FALSE,FALSE,FALSE,FALSE,FALSE,FALSE,SmackDown,PROBABLE,FALSE,CONFIRMED,S085;S086;S087;S088;S089;S090;S091;S092;S068;S069;S044;S045;S479;S628;S1334;S1700;S1797;S096,"This database's own running count shows this is Kane's 12th career Royal Rumble appearance (11 prior, 1999-2009, before this build) -- independently matching a single external source's claim (TJR) via this database's own internal data rather than a second external source.",
RR2010M,cody-rhodes,RR2010M,13,CONFIRMED,Cody Rhodes,Cody Rhodes,2,3,FALSE,2009,Eliminated (elim #28),28,FALSE,FALSE,N/A,FALSE,N/A,"24 Years, 7 Months, 1 Days",DERIVED,1.88,101,"Atlanta, Georgia",PROBABLE,Heel,PROBABLE,,,The Legacy (w/ Ted DiBiase),The Legacy,N/A,N/A,N/A,N/A,N/A,N/A,FALSE,FALSE,13,CONFIRMED,shawn-michaels,25:27,1527,7:55,475,PROBABLE,,,,,,FALSE,FALSE,FALSE,FALSE,FALSE,FALSE,FALSE,FALSE,FALSE,FALSE,FALSE,FALSE,Raw,PROBABLE,FALSE,CONFIRMED,S085;S086;S087;S088;S089;S090;S091;S092;S504;S753;S1328;S1700;S1797;S096,,
RR2010M,mvp,RR2010M,14,CONFIRMED,MVP,MVP,2,3,FALSE,2009,Eliminated (elim #2),2,FALSE,FALSE,N/A,FALSE,N/A,"36 Years, 3 Months, 3 Days",DERIVED,1.91,117,"Miami, Florida",PROBABLE,Face,PROBABLE,,,,,N/A,N/A,N/A,N/A,N/A,N/A,FALSE,FALSE,9,CONFIRMED,mvp,22:30,1350,0:07,7,PROBABLE,,1,the-miz,1,0,TRUE,FALSE,FALSE,FALSE,FALSE,FALSE,FALSE,FALSE,FALSE,FALSE,FALSE,FALSE,SmackDown,PROBABLE,FALSE,CONFIRMED,S085;S086;S087;S088;S089;S090;S091;S092;S747;S1344;S1700;S1797;S096,"Self-eliminated (order #9) -- modeled with is_self_elimination=TRUE, same convention as Kane (1999), Drew Carey (2001), and Hornswoggle (2008).",
RR2010M,carlito,RR2010M,15,CONFIRMED,Carlito,Carlito,4,5,FALSE,2009,Eliminated (elim #3),3,FALSE,FALSE,N/A,FALSE,N/A,"30 Years, 11 Months, 10 Days",DERIVED,1.78,109,The Caribbean,PROBABLE,Heel,PROBABLE,,,,,N/A,N/A,N/A,N/A,N/A,N/A,FALSE,FALSE,12,CONFIRMED,shawn-michaels,25:15,1515,4:34,274,PROBABLE,,,,,,FALSE,FALSE,FALSE,FALSE,FALSE,FALSE,FALSE,FALSE,FALSE,FALSE,FALSE,FALSE,Raw,PROBABLE,FALSE,CONFIRMED,S085;S086;S087;S088;S089;S090;S091;S092;S733;S1335;S1700;S1797;S096,,
RR2010M,the-miz,RR2010M,16,CONFIRMED,The Miz,The Miz,3,4,FALSE,2009,Eliminated (elim #6),6,FALSE,FALSE,N/A,FALSE,N/A,"29 Years, 3 Months, 23 Days",DERIVED,1.88,100,"Cleveland, Ohio",PROBABLE,Heel,PROBABLE,,,,,WWE United States Championship,Intercontinental/United States,N/A,1,2009-10-05,118,FALSE,FALSE,8,CONFIRMED,mvp,22:30,1350,0:17,17,PROBABLE,,,,,,FALSE,FALSE,FALSE,FALSE,FALSE,FALSE,FALSE,FALSE,FALSE,FALSE,FALSE,FALSE,Raw,PROBABLE,FALSE,CONFIRMED,S085;S086;S087;S088;S089;S090;S091;S092;S504;S499;S749;S1330;S1700;S1797;S096,,
RR2010M,matt-hardy,RR2010M,17,CONFIRMED,Matt Hardy,Matt Hardy,6,7,FALSE,2007,Eliminated (elim #9),9,FALSE,FALSE,N/A,FALSE,N/A,"35 Years, 4 Months, 8 Days",DERIVED,1.88,107,"Cameron, North Carolina",PROBABLE,Face,PROBABLE,,,,,N/A,N/A,N/A,N/A,N/A,N/A,FALSE,FALSE,10,CONFIRMED,kane,24:02,1442,0:21,21,PROBABLE,,,,,,FALSE,FALSE,FALSE,FALSE,FALSE,FALSE,FALSE,FALSE,FALSE,FALSE,FALSE,FALSE,SmackDown,PROBABLE,FALSE,CONFIRMED,S085;S086;S087;S088;S089;S090;S091;S092;S067;S073;S040;S052;S042;S481;S678;S1388;S1700;S1797;S096,,
RR2010M,shawn-michaels,RR2010M,18,CONFIRMED,Shawn Michaels,Shawn Michaels,11,12,FALSE,2008,Eliminated (elim #12),12,FALSE,FALSE,N/A,FALSE,N/A,"44 Years, 6 Months, 9 Days",DERIVED,1.85,102,"San Antonio, Texas",PROBABLE,Face,PROBABLE,The Heartbreak Kid,,D-Generation X (w/ Triple H),D-Generation X,Unified WWE Tag Team Championship,Tag Team,Triple H,1,2009-12-13,49,FALSE,FALSE,27,CONFIRMED,batista,45:57,2757,20:45,1245,PROBABLE,,6,carlito;cody-rhodes;drew-mcintyre;hunter-hearst-helmsley;johnny-nitro;ted-dibiase-jr,5,1,FALSE,FALSE,FALSE,FALSE,FALSE,TRUE,FALSE,FALSE,FALSE,FALSE,FALSE,FALSE,Raw,PROBABLE,FALSE,CONFIRMED,S085;S086;S087;S088;S089;S090;S091;S092;S504;S499;S1318;S1700;S1797;S096,"Credited with 6 eliminations this match (Triple H, Ted DiBiase, John Morrison, Cody Rhodes, Carlito solo, plus the shared Drew McIntyre elimination with Triple H) -- the most of any wrestler in the match, verified directly against the sourced elimination chain. A single-source claim of 10 eliminations (TJR's recap) does not reconcile with this chain and was not used. Event-time billing carried forward from RR2008M for the same documented persona; PROBABLE pending a direct 2010 event source.",
RR2010M,john-cena,RR2010M,19,CONFIRMED,John Cena,John Cena,4,5,FALSE,2008,Won,N/A,FALSE,FALSE,N/A,FALSE,N/A,"32 Years, 9 Months, 8 Days",DERIVED,1.85,114,"West Newbury, Massachusetts",PROBABLE,Face,PROBABLE,,,,,N/A,N/A,N/A,N/A,N/A,N/A,FALSE,FALSE,29,CONFIRMED,edge,49:24,2964,22:11,1331,PROBABLE,,4,batista;kofi-kingston;shelton-benjamin;yoshi-tatsu,4,0,FALSE,FALSE,TRUE,TRUE,TRUE,TRUE,FALSE,FALSE,FALSE,FALSE,FALSE,FALSE,Raw,PROBABLE,FALSE,CONFIRMED,S085;S086;S087;S088;S089;S090;S091;S092;S068;S069;S494;S490;S702;S1342;S1700;S1797,"Runner-up, eliminated by Edge in the match's final moment (elimination_clock_time DERIVED as equal to the match's total duration, since the final two are necessarily narrowed to one at that exact instant). His own ring time is reported by only 1 source (~22:11, PROBABLE, not cross-checked) as the longest-surviving entrant of the match.",
RR2010M,shelton-benjamin,RR2010M,20,CONFIRMED,Shelton Benjamin,Shelton Benjamin,7,8,FALSE,2009,Eliminated (elim #10),10,FALSE,FALSE,N/A,FALSE,N/A,"34 Years, 6 Months, 22 Days",DERIVED,1.88,112,"Orangeburg, South Carolina",PROBABLE,Face,PROBABLE,,,,,N/A,N/A,N/A,N/A,N/A,N/A,FALSE,FALSE,18,CONFIRMED,john-cena,29:16,1756,0:49,49,PROBABLE,,,,,,FALSE,FALSE,FALSE,FALSE,FALSE,FALSE,FALSE,FALSE,FALSE,FALSE,FALSE,FALSE,ECW,PROBABLE,FALSE,CONFIRMED,S085;S086;S087;S088;S089;S090;S091;S092;S068;S069;S494;S490;S705;S1331;S1700;S1797;S096,,
RR2010M,yoshi-tatsu,RR2010M,21,CONFIRMED,Yoshi Tatsu,Yoshi Tatsu,0,1,TRUE,N/A,N/A,N/A,TRUE,FALSE,N/A,FALSE,N/A,"32 Years, 5 Months, 30 Days",DERIVED,1.85,102,"Tokyo, Japan",PROBABLE,Face,PROBABLE,,,,,N/A,N/A,N/A,N/A,N/A,N/A,FALSE,FALSE,19,CONFIRMED,john-cena,30:26,1826,0:29,29,PROBABLE,,,,,,FALSE,FALSE,FALSE,FALSE,FALSE,FALSE,FALSE,FALSE,FALSE,FALSE,FALSE,FALSE,ECW,PROBABLE,FALSE,CONFIRMED,S085;S086;S087;S088;S089;S090;S091;S092;S767;S1362;S1700;S1797;S096,,
RR2010M,big-show,RR2010M,22,CONFIRMED,Big Show,Big Show,6,7,FALSE,2009,Eliminated (elim #25),25,FALSE,FALSE,N/A,FALSE,N/A,"37 Years, 11 Months, 23 Days",DERIVED,2.13,227,"Tampa, Florida",PROBABLE,Heel,PROBABLE,,,,,N/A,N/A,N/A,N/A,N/A,N/A,FALSE,FALSE,22,CONFIRMED,r-truth,35:38,2138,4:05,245,PROBABLE,,1,chris-masters,1,0,FALSE,FALSE,FALSE,FALSE,FALSE,FALSE,FALSE,FALSE,FALSE,FALSE,FALSE,FALSE,Raw,PROBABLE,FALSE,CONFIRMED,S085;S086;S087;S088;S089;S090;S091;S092;S067;S073;S040;S052;S042;S481;S489;S485;S675;S1358;S1700;S1797;S096,,
RR2010M,mark-henry,RR2010M,23,CONFIRMED,Mark Henry,Mark Henry,5,6,FALSE,2009,Eliminated (elim #9),9,FALSE,FALSE,N/A,FALSE,N/A,"38 Years, 7 Months, 19 Days",DERIVED,1.93,163,"Silsbee, Texas",PROBABLE,Face,PROBABLE,,,,,N/A,N/A,N/A,N/A,N/A,N/A,FALSE,FALSE,21,CONFIRMED,r-truth,35:37,2137,2:25,145,PROBABLE,,,,,,FALSE,FALSE,FALSE,FALSE,FALSE,FALSE,FALSE,FALSE,FALSE,FALSE,FALSE,FALSE,Raw,PROBABLE,FALSE,CONFIRMED,S085;S086;S087;S088;S089;S090;S091;S092;S067;S073;S040;S052;S042;S481;S044;S045;S649;S1338;S1700;S1797;S096,,
RR2010M,chris-masters,RR2010M,24,CONFIRMED,Chris Masters,Chris Masters,2,3,FALSE,2007,Eliminated (elim #17),17,FALSE,FALSE,N/A,FALSE,N/A,"27 Years, 0 Months, 23 Days",DERIVED,1.93,120,"Los Angeles, California",PROBABLE,Face,PROBABLE,,,,,N/A,N/A,N/A,N/A,N/A,N/A,FALSE,FALSE,20,CONFIRMED,big-show,34:51,2091,0:30,30,PROBABLE,,,,,,FALSE,FALSE,FALSE,FALSE,FALSE,FALSE,FALSE,FALSE,FALSE,FALSE,FALSE,FALSE,SmackDown,PROBABLE,FALSE,CONFIRMED,S085;S086;S087;S088;S089;S090;S091;S092;S738;S1363;S1700;S1797;S096,,
RR2010M,r-truth,RR2010M,25,CONFIRMED,R-Truth,R-Truth,2,3,FALSE,2009,Eliminated (elim #17),17,FALSE,FALSE,N/A,FALSE,N/A,"38 Years, 0 Months, 12 Days",DERIVED,1.88,100,"Charlotte, North Carolina",PROBABLE,Face,PROBABLE,,,,,N/A,N/A,N/A,N/A,N/A,N/A,FALSE,FALSE,24,CONFIRMED,kofi-kingston,39:42,2382,4:09,249,PROBABLE,,2,big-show;mark-henry,2,0,FALSE,FALSE,FALSE,FALSE,FALSE,FALSE,FALSE,FALSE,FALSE,FALSE,FALSE,FALSE,SmackDown,PROBABLE,FALSE,CONFIRMED,S085;S086;S087;S088;S089;S090;S091;S092;S761;S1353;S1700;S1797;S096,,
RR2010M,jack-swagger,RR2010M,26,CONFIRMED,Jack Swagger,Jack Swagger,0,1,TRUE,N/A,N/A,N/A,TRUE,FALSE,N/A,FALSE,N/A,"27 Years, 10 Months, 7 Days",DERIVED,2.01,125,"Perry, Oklahoma",PROBABLE,Heel,PROBABLE,,,,,N/A,N/A,N/A,N/A,N/A,N/A,FALSE,FALSE,23,CONFIRMED,kofi-kingston,39:00,2340,2:07,127,PROBABLE,,,,,,FALSE,FALSE,FALSE,FALSE,FALSE,FALSE,FALSE,FALSE,FALSE,FALSE,FALSE,FALSE,Raw,PROBABLE,FALSE,CONFIRMED,S085;S086;S087;S088;S089;S090;S091;S092;S775;S1370;S1700;S1797;S096,,
RR2010M,kofi-kingston,RR2010M,27,CONFIRMED,Kofi Kingston,Kofi Kingston,1,2,FALSE,2009,Eliminated (elim #12),12,FALSE,FALSE,N/A,FALSE,N/A,"28 Years, 5 Months, 17 Days",DERIVED,1.83,96,"Ghana, West Africa",PROBABLE,Face,PROBABLE,,,,,N/A,N/A,N/A,N/A,N/A,N/A,FALSE,FALSE,25,CONFIRMED,john-cena,41:21,2481,2:52,172,PROBABLE,,2,jack-swagger;r-truth,2,0,FALSE,FALSE,FALSE,FALSE,FALSE,FALSE,FALSE,FALSE,FALSE,FALSE,FALSE,FALSE,Raw,PROBABLE,FALSE,CONFIRMED,S085;S086;S087;S088;S089;S090;S091;S092;S760;S1352;S1700;S1797;S096,,
RR2010M,chris-jericho,RR2010M,28,CONFIRMED,Chris Jericho,Chris Jericho,5,6,FALSE,2009,Eliminated (elim #23),23,FALSE,FALSE,N/A,FALSE,N/A,"39 Years, 2 Months, 22 Days",DERIVED,1.83,103,"Winnipeg, Manitoba, Canada",PROBABLE,Heel,PROBABLE,,,,,N/A,N/A,N/A,N/A,N/A,N/A,FALSE,FALSE,26,CONFIRMED,edge,42:21,2541,2:24,144,PROBABLE,,,,,,FALSE,FALSE,FALSE,FALSE,FALSE,FALSE,FALSE,FALSE,FALSE,FALSE,FALSE,FALSE,SmackDown,PROBABLE,FALSE,CONFIRMED,S085;S086;S087;S088;S089;S090;S091;S092;S068;S069;S436;S671;S1349;S1700;S1797;S096,,
RR2010M,edge,RR2010M,29,CONFIRMED,Edge,Edge,5,6,FALSE,2007,Eliminated (elim #28),28,FALSE,FALSE,N/A,TRUE,approximately 7 months (torn Achilles tendon),"36 Years, 3 Months, 1 Days",DERIVED,1.96,109,"Toronto, Ontario, Canada",PROBABLE,Heel,PROBABLE,,,,,N/A,N/A,N/A,N/A,N/A,N/A,FALSE,FALSE,,N/A,,,,7:19,439,CONFIRMED,,2,chris-jericho;john-cena,2,0,FALSE,TRUE,FALSE,TRUE,TRUE,TRUE,TRUE,FALSE,FALSE,FALSE,FALSE,FALSE,SmackDown,PROBABLE,FALSE,CONFIRMED,S085;S086;S087;S088;S089;S090;S091;S092;S068;S069;S436;S044;S045;S479;S656;S1389;S1700;S1725;S1727;S1797,"Entered #29 (a surprise return from a torn Achilles tendon suffered mid-2009) and won his first career Royal Rumble by eliminating John Cena. His 7:19 ring time set the record for shortest time spent in the match by a winner, a record that stood until Brock Lesnar broke it in 2022 -- confirmed by WWE.com's own official stats page plus 2 more independent sources.",
RR2010M,batista,RR2010M,30,CONFIRMED,Batista,Batista,3,4,FALSE,2008,Eliminated (elim #27),27,FALSE,FALSE,N/A,FALSE,N/A,"41 Years, 0 Months, 13 Days",DERIVED,1.98,132,"Washington, D.C.",PROBABLE,Heel,PROBABLE,,,,,N/A,N/A,N/A,N/A,N/A,N/A,FALSE,FALSE,28,CONFIRMED,john-cena,48:45,2925,5:24,324,PROBABLE,,1,shawn-michaels,1,0,FALSE,FALSE,FALSE,FALSE,TRUE,TRUE,FALSE,FALSE,FALSE,FALSE,FALSE,FALSE,SmackDown,PROBABLE,FALSE,CONFIRMED,S085;S086;S087;S088;S089;S090;S091;S092;S068;S069;S494;S706;S1323;S1700;S1797;S096,,
RR2013M,dolph-ziggler,RR2013M,1,CONFIRMED,Dolph Ziggler,Dolph Ziggler,4,5,FALSE,2012,Eliminated (elim #26),26,FALSE,FALSE,N/A,FALSE,N/A,"32 Years, 6 Months, 0 Days",DERIVED,1.83,97,"Hollywood, Florida",PROBABLE,Heel,PROBABLE,,AJ Lee and Big E Langston,,,N/A,N/A,N/A,N/A,N/A,N/A,FALSE,FALSE,27,CONFIRMED,sheamus,49:48,2988,49:48,2988,CONFIRMED,,2,chris-jericho;the-godfather,2,0,FALSE,FALSE,FALSE,FALSE,FALSE,TRUE,FALSE,FALSE,FALSE,FALSE,FALSE,FALSE,WWE,PROBABLE,FALSE,PROBABLE,S040;S101;S109;S502;S507;S763;S1356;S1700;S1800,"One of this match's two pre-bell entrants (#1 and #2, in some order) -- S101 explicitly excludes both from the entrance-lag list for this reason ('Ziggler and Jericho each had their entrances during the pre-match segment'). Which of the two drew #1 vs #2 is NOT stated by any source consulted this pass -- left UNKNOWN rather than guessed, though entry_actual is 0 either way, so elimination_clock_time is still computable. See F267. Longest survival time in the match (49:48, the match's 'Iron Man'), confirmed by 2 external sources with only 1-second scatter between them (Wikipedia/allrumblestats.com 49:47, this database's own Cageside-derived 49:48) -- externally fact-checked 2026-09-17.",
RR2013M,chris-jericho,RR2013M,2,CONFIRMED,Chris Jericho,Chris Jericho,7,8,FALSE,2012,Runner-up (elim #29),29,FALSE,FALSE,N/A,FALSE,N/A,"42 Years, 2 Months, 18 Days",DERIVED,1.83,103,"Winnipeg, Manitoba, Canada",PROBABLE,Face,PROBABLE,,,,,N/A,N/A,N/A,N/A,N/A,N/A,FALSE,FALSE,25,CONFIRMED,dolph-ziggler,47:54,2874,47:54,2874,CONFIRMED,,1,drew-mcintyre,1,0,FALSE,FALSE,FALSE,FALSE,FALSE,FALSE,FALSE,FALSE,FALSE,FALSE,FALSE,FALSE,WWE,PROBABLE,FALSE,PROBABLE,S040;S101;S109;S068;S069;S436;S671;S1349;S1700;S1800,"One of this match's two pre-bell entrants (#1 and #2, in some order) -- S101 explicitly excludes both from the entrance-lag list for this reason ('Ziggler and Jericho each had their entrances during the pre-match segment'). Which of the two drew #1 vs #2 is NOT stated by any source consulted this pass -- left UNKNOWN rather than guessed, though entry_actual is 0 either way, so elimination_clock_time is still computable. See F267.",
RR2013M,sheamus,RR2013M,11,CONFIRMED,Sheamus,Sheamus,2,3,FALSE,2012,Won,N/A,FALSE,FALSE,N/A,FALSE,N/A,"34 Years, 11 Months, 30 Days",DERIVED,1.91,121,"Dublin, Ireland",PROBABLE,Face,PROBABLE,,,,,N/A,N/A,N/A,N/A,N/A,N/A,FALSE,FALSE,28,CONFIRMED,ryback,52:30,3150,37:16,2236,CONFIRMED,,4,david-otunga;dolph-ziggler;jinder-mahal;titus-oneil,4,0,FALSE,FALSE,FALSE,FALSE,TRUE,TRUE,FALSE,FALSE,FALSE,FALSE,FALSE,FALSE,WWE,PROBABLE,FALSE,PROBABLE,S040;S101;S109;S776;S1371;S1700;S1800,"Per S103, tied with Ryback for most eliminations by a single competitor in this match (5 each) -- individual victims not named by any source consulted this pass. See F269.",
RR2013M,cody-rhodes,RR2013M,3,CONFIRMED,Cody Rhodes,Cody Rhodes,4,5,FALSE,2012,Eliminated (elim #25),25,FALSE,FALSE,N/A,FALSE,N/A,"27 Years, 6 Months, 28 Days",DERIVED,1.88,101,"Atlanta, Georgia",PROBABLE,Heel,PROBABLE,,,Team Rhodes Scholars (w/ Damien Sandow),,N/A,N/A,N/A,N/A,N/A,N/A,FALSE,FALSE,12,CONFIRMED,john-cena,29:19,1759,27:30,1650,CONFIRMED,,2,goldust;kofi-kingston,2,0,FALSE,FALSE,FALSE,FALSE,FALSE,FALSE,FALSE,FALSE,FALSE,FALSE,FALSE,FALSE,WWE,PROBABLE,FALSE,PROBABLE,S040;S101;S109;S507;S753;S1328;S1700;S1800,,
RR2013M,john-cena,RR2013M,19,CONFIRMED,John Cena,John Cena,6,7,FALSE,2011,Eliminated (elim #36),36,FALSE,FALSE,N/A,FALSE,N/A,"35 Years, 9 Months, 4 Days",DERIVED,1.85,114,"West Newbury, Massachusetts",PROBABLE,Face,PROBABLE,,,,,N/A,N/A,N/A,N/A,N/A,N/A,FALSE,FALSE,,N/A,,,,26:11,1571,CONFIRMED,,4,cesaro;cody-rhodes;heath-slater;ryback,4,0,FALSE,TRUE,FALSE,FALSE,FALSE,FALSE,FALSE,FALSE,FALSE,FALSE,FALSE,FALSE,WWE,PROBABLE,FALSE,CONFIRMED,S040;S101;S102;S103;S109;S068;S069;S494;S490;S702;S1342;S1700;S1800,"Entered #19 and won his 2nd career Royal Rumble. Directly stated as this match's winner/entry-number by 2 independent trivia sources found elsewhere in Shane's document (S102: 'entered at number 19'; S103: 'John Cena from #19 in 2013'), and independently cross-checked against this script's own buzzer-chain arithmetic, which lands his entry_actual at exactly 28:56 -- adding his own stated 26:11 survival time lands exactly on the match's 55:07 total, the signature of the winning (never-eliminated) wrestler. Three independent lines of evidence agreeing exactly.",
RR2013M,bo-dallas,RR2013M,16,CONFIRMED,Bo Dallas,Bo Dallas,0,1,TRUE,N/A,N/A,N/A,TRUE,FALSE,N/A,FALSE,N/A,"22 Years, 8 Months, 2 Days",DERIVED,1.85,111,"Brooksville, Florida",PROBABLE,Face,PROBABLE,,,,,N/A,N/A,N/A,N/A,N/A,N/A,FALSE,FALSE,21,CONFIRMED,wade-barrett,45:23,2723,21:33,1293,CONFIRMED,,1,wade-barrett,1,0,FALSE,FALSE,FALSE,FALSE,FALSE,FALSE,FALSE,FALSE,FALSE,FALSE,FALSE,FALSE,WWE,PROBABLE,FALSE,PROBABLE,S039;S040;S101;S109;S121;S128;S793;S1390;S1700;S1800,"Entry position DERIVED from an explicit S101 prose anchor naming this entrant alongside Darren Young (15th), cross-checked against this script's own buzzer-gap arithmetic (both agree exactly).",
RR2013M,kofi-kingston,RR2013M,4,CONFIRMED,Kofi Kingston,Kofi Kingston,4,5,FALSE,2012,Eliminated (elim #18),18,FALSE,FALSE,N/A,FALSE,N/A,"31 Years, 5 Months, 13 Days",DERIVED,1.83,96,"Ghana, West Africa",PROBABLE,Face,PROBABLE,,,,,N/A,N/A,N/A,N/A,N/A,N/A,FALSE,FALSE,9,CONFIRMED,cody-rhodes,24:40,1480,21:07,1267,CONFIRMED,,1,darren-young,1,0,FALSE,FALSE,FALSE,FALSE,FALSE,FALSE,FALSE,FALSE,FALSE,FALSE,FALSE,FALSE,WWE,PROBABLE,FALSE,PROBABLE,S040;S101;S109;S760;S1352;S1700;S1800,,
RR2013M,wade-barrett,RR2013M,18,CONFIRMED,Wade Barrett,Wade Barrett,2,3,FALSE,2012,Eliminated (elim #21),21,FALSE,FALSE,N/A,FALSE,N/A,"32 Years, 5 Months, 17 Days",DERIVED,2.01,112,"Manchester, England",PROBABLE,Heel,PROBABLE,,,,,WWE Intercontinental Championship,Intercontinental,N/A,2,2012-12-29,29,FALSE,FALSE,20,CONFIRMED,bo-dallas,44:31,2671,17:10,1030,CONFIRMED,,1,rey-mysterio,1,0,FALSE,FALSE,FALSE,FALSE,FALSE,FALSE,FALSE,FALSE,FALSE,FALSE,FALSE,FALSE,WWE,PROBABLE,FALSE,PROBABLE,S040;S101;S109;S507;S502;S777;S1372;S1700;S1800,,
RR2013M,damien-sandow,RR2013M,20,CONFIRMED,Damien Sandow,Damien Sandow,0,1,TRUE,N/A,N/A,N/A,TRUE,FALSE,N/A,FALSE,N/A,"30 Years, 5 Months, 24 Days",DERIVED,1.93,112,"Palo Alto, California",PROBABLE,Heel,PROBABLE,,,Team Rhodes Scholars (w/ Cody Rhodes),,N/A,N/A,N/A,N/A,N/A,N/A,FALSE,FALSE,22,CONFIRMED,ryback,46:34,2794,16:14,974,CONFIRMED,,0,,0,0,FALSE,FALSE,FALSE,FALSE,FALSE,FALSE,FALSE,FALSE,FALSE,FALSE,FALSE,FALSE,WWE,PROBABLE,FALSE,PROBABLE,S040;S101;S109;S507;S794;S1434;S1519;S1700;S1800,,
RR2013M,heath-slater,RR2013M,10,CONFIRMED,Heath Slater,Heath Slater,1,2,FALSE,2011,Eliminated (elim #23),23,FALSE,FALSE,N/A,FALSE,N/A,"29 Years, 6 Months, 12 Days",DERIVED,1.88,98,"Pineville, West Virginia",PROBABLE,Heel,PROBABLE,,,3MB,3MB,N/A,N/A,N/A,N/A,N/A,N/A,FALSE,FALSE,11,CONFIRMED,john-cena,29:14,1754,15:36,936,CONFIRMED,,0,,0,0,FALSE,FALSE,FALSE,FALSE,FALSE,FALSE,FALSE,FALSE,FALSE,FALSE,FALSE,FALSE,WWE,PROBABLE,FALSE,PROBABLE,S040;S101;S109;S507;S774;S1369;S1700;S1800,,
RR2013M,rey-mysterio,RR2013M,14,CONFIRMED,Rey Mysterio,Rey Mysterio,5,6,FALSE,2011,Eliminated (elim #35),35,FALSE,FALSE,N/A,TRUE,UNKNOWN,"38 Years, 1 Months, 16 Days",DERIVED,1.68,79,"San Diego, California",PROBABLE,Face,PROBABLE,,,,,N/A,N/A,N/A,N/A,N/A,N/A,FALSE,FALSE,13,CONFIRMED,wade-barrett,30:48,1848,10:35,635,CONFIRMED,,0,,0,0,FALSE,FALSE,FALSE,FALSE,FALSE,FALSE,FALSE,FALSE,FALSE,FALSE,FALSE,FALSE,WWE,PROBABLE,TRUE,PROBABLE,S040;S101;S109;S068;S069;S436;S695;S1434;S1700;S1711;S1800,"Entry position DERIVED from an explicit S101 prose anchor naming this entrant alongside Brodus Clay (13th), cross-checked against this script's own buzzer-gap arithmetic (both agree exactly).",
RR2013M,randy-orton,RR2013M,26,CONFIRMED,Randy Orton,Randy Orton,6,7,FALSE,2012,Eliminated (elim #28),28,FALSE,FALSE,N/A,FALSE,N/A,"32 Years, 9 Months, 26 Days",DERIVED,1.96,113,"St. Louis, Missouri",PROBABLE,Face,PROBABLE,The Viper,,,,N/A,N/A,N/A,N/A,N/A,N/A,FALSE,FALSE,26,CONFIRMED,ryback,49:23,2963,10:11,611,CONFIRMED,,1,zack-ryder,1,0,FALSE,FALSE,FALSE,FALSE,FALSE,FALSE,FALSE,FALSE,FALSE,FALSE,FALSE,FALSE,WWE,PROBABLE,FALSE,PROBABLE,S040;S101;S109;S067;S073;S052;S042;S481;S489;S485;S709;S1346;S1700;S1800,,
RR2013M,goldust,RR2013M,8,CONFIRMED,Goldust,Goldust,7,8,FALSE,2009,Eliminated (elim #8),8,FALSE,FALSE,N/A,TRUE,UNKNOWN,"43 Years, 9 Months, 16 Days",DERIVED,1.98,105,"Hollywood, California",PROBABLE,Face,PROBABLE,,,,,N/A,N/A,N/A,N/A,N/A,N/A,FALSE,FALSE,5,CONFIRMED,cody-rhodes,19:47,1187,9:14,554,CONFIRMED,,0,,0,0,FALSE,FALSE,FALSE,FALSE,FALSE,FALSE,FALSE,FALSE,FALSE,FALSE,FALSE,FALSE,WWE,PROBABLE,FALSE,PROBABLE,S040;S101;S109;S065;S066;S488;S044;S045;S634;S1434;S1700;S1711;S1800,,
RR2013M,ryback,RR2013M,30,CONFIRMED,Ryback,Ryback,0,1,TRUE,N/A,N/A,N/A,TRUE,FALSE,N/A,FALSE,N/A,"31 Years, 2 Months, 17 Days",DERIVED,1.91,132,"College Station, Texas",PROBABLE,Face,PROBABLE,,,,,N/A,N/A,N/A,N/A,N/A,N/A,FALSE,FALSE,29,CONFIRMED,john-cena,54:07,3247,8:51,531,CONFIRMED,,4,damien-sandow;randy-orton;sheamus;the-miz,4,0,FALSE,FALSE,TRUE,TRUE,TRUE,TRUE,FALSE,FALSE,FALSE,FALSE,FALSE,FALSE,WWE,PROBABLE,FALSE,PROBABLE,S040;S101;S109;S795;S1391;S1700;S1800,"Per S103, tied with Sheamus for most eliminations by a single competitor in this match (5 each) -- individual victims not named by any source consulted this pass. See F269.",
RR2013M,cesaro,RR2013M,22,CONFIRMED,Antonio Cesaro,Antonio Cesaro,0,1,TRUE,N/A,N/A,N/A,TRUE,FALSE,N/A,FALSE,N/A,"32 Years, 1 Months, 0 Days",DERIVED,1.96,105,"Lucerne, Switzerland",PROBABLE,Heel,PROBABLE,,,,,WWE United States Championship,Intercontinental/United States,N/A,1,2012-08-19,161,FALSE,FALSE,18,CONFIRMED,john-cena,41:00,2460,7:35,455,CONFIRMED,,2,daniel-bryan;the-great-khali,0,2,FALSE,FALSE,FALSE,FALSE,FALSE,FALSE,FALSE,FALSE,FALSE,FALSE,FALSE,FALSE,WWE,PROBABLE,FALSE,PROBABLE,S040;S101;S109;S507;S502;S796;S1392;S1687;S1700;S1800,Billed as 'Antonio Cesaro' at this event.,
RR2013M,titus-oneil,RR2013M,7,CONFIRMED,Titus O'Neil,Titus O'Neil,0,1,TRUE,N/A,N/A,N/A,TRUE,FALSE,N/A,FALSE,N/A,"35 Years, 8 Months, 29 Days",DERIVED,1.98,122,"Live Oak, Florida",PROBABLE,Heel,PROBABLE,,,The Prime Time Players (w/ Darren Young),,N/A,N/A,N/A,N/A,N/A,N/A,FALSE,FALSE,3,CONFIRMED,sheamus,15:55,955,7:19,439,CONFIRMED,,0,,0,0,FALSE,FALSE,FALSE,FALSE,FALSE,FALSE,FALSE,FALSE,FALSE,FALSE,FALSE,FALSE,WWE,PROBABLE,FALSE,PROBABLE,S040;S101;S109;S507;S797;S1434;S1700;S1800,,
RR2013M,daniel-bryan,RR2013M,21,CONFIRMED,Daniel Bryan,Daniel Bryan,1,2,FALSE,2011,Eliminated (elim #8),8,FALSE,FALSE,N/A,FALSE,N/A,"31 Years, 8 Months, 5 Days",DERIVED,1.78,95,"Aberdeen, Washington",PROBABLE,Face,PROBABLE,,,Team Hell No (w/ Kane),,WWE Tag Team Championship,Tag Team,Kane,1,2012-09-16,133,FALSE,FALSE,16,CONFIRMED,cesaro;kane,38:33,2313,6:41,401,CONFIRMED,,1,kane,1,0,FALSE,FALSE,FALSE,FALSE,FALSE,FALSE,FALSE,FALSE,FALSE,FALSE,FALSE,FALSE,WWE,PROBABLE,FALSE,PROBABLE,S040;S101;S109;S507;S502;S764;S1359;S1700;S1800,,
RR2013M,prince-albert,RR2013M,12,CONFIRMED,Tensai,Tensai,5,6,FALSE,2004,Eliminated (elim #13),13,FALSE,FALSE,N/A,FALSE,N/A,"40 Years, 2 Months, 13 Days",DERIVED,2.01,159,"Boston, Massachusetts",PROBABLE,Heel,PROBABLE,Tensai,,Brodus Clay & Tensai,,N/A,N/A,N/A,N/A,N/A,N/A,FALSE,FALSE,7,CONFIRMED,kofi-kingston,22:13,1333,5:27,327,CONFIRMED,,0,,0,0,FALSE,FALSE,FALSE,FALSE,FALSE,FALSE,FALSE,FALSE,FALSE,FALSE,FALSE,FALSE,WWE,PROBABLE,FALSE,PROBABLE,S024;S039;S040;S078;S101;S109;S128;S507;S067;S073;S052;S042;S481;S489;S673;S1434;S1700;S1800,,
RR2013M,the-miz,RR2013M,28,CONFIRMED,The Miz,The Miz,5,6,FALSE,2012,Eliminated (elim #24),24,FALSE,FALSE,N/A,FALSE,N/A,"32 Years, 3 Months, 19 Days",DERIVED,1.88,100,"Cleveland, Ohio",PROBABLE,Face,PROBABLE,,,,,N/A,N/A,N/A,N/A,N/A,N/A,FALSE,FALSE,24,CONFIRMED,ryback,47:11,2831,4:42,282,CONFIRMED,,0,,0,0,FALSE,FALSE,FALSE,FALSE,FALSE,FALSE,FALSE,FALSE,FALSE,FALSE,FALSE,FALSE,WWE,PROBABLE,FALSE,PROBABLE,S040;S101;S109;S749;S1330;S1700;S1800,,
RR2013M,david-otunga,RR2013M,9,CONFIRMED,David Otunga,David Otunga,2,3,FALSE,2012,Eliminated (elim #22),22,FALSE,FALSE,N/A,FALSE,N/A,"32 Years, 9 Months, 20 Days",DERIVED,1.83,104,"Hollywood, California",PROBABLE,Heel,PROBABLE,,,,,N/A,N/A,N/A,N/A,N/A,N/A,FALSE,FALSE,4,CONFIRMED,sheamus,16:15,975,4:05,245,CONFIRMED,,0,,0,0,FALSE,FALSE,FALSE,FALSE,FALSE,FALSE,FALSE,FALSE,FALSE,FALSE,FALSE,FALSE,WWE,PROBABLE,FALSE,PROBABLE,S040;S101;S109;S770;S1364;S1700;S1800,,
RR2013M,brodus-clay,RR2013M,13,CONFIRMED,Brodus Clay,Brodus Clay,0,1,TRUE,N/A,N/A,N/A,TRUE,FALSE,N/A,FALSE,N/A,"39 Years, 11 Months, 6 Days",DERIVED,2.01,170,Planet Funk,PROBABLE,Face,PROBABLE,,,Brodus Clay & Tensai,,N/A,N/A,N/A,N/A,N/A,N/A,FALSE,FALSE,6,CONFIRMED,chris-jericho;cody-rhodes;darren-young;heath-slater;sheamus,21:57,1317,3:18,198,CONFIRMED,,0,,0,0,FALSE,FALSE,FALSE,FALSE,FALSE,FALSE,FALSE,FALSE,FALSE,FALSE,FALSE,FALSE,WWE,PROBABLE,FALSE,CONFIRMED,S040;S101;S109;S481;S507;S798;S1393;S1686;S1700;S1800,"Entry position DERIVED from an explicit S101 prose anchor naming this entrant alongside Rey Mysterio (14th), cross-checked against this script's own buzzer-gap arithmetic (both agree exactly).",CONFIRMED
RR2013M,hunico,RR2013M,29,CONFIRMED,Sin Cara,Sin Cara,1,2,FALSE,2012,Eliminated (elim #16),16,FALSE,FALSE,N/A,FALSE,N/A,"35 Years, 4 Months, 22 Days",DERIVED,1.70,90,"El Paso, Texas",PROBABLE,Heel,PROBABLE,Sin Cara,,,,N/A,N/A,N/A,N/A,N/A,N/A,FALSE,FALSE,23,CONFIRMED,ryback,46:59,2819,3:05,185,CONFIRMED,,0,,0,0,FALSE,FALSE,FALSE,FALSE,FALSE,FALSE,FALSE,FALSE,FALSE,FALSE,FALSE,FALSE,WWE,PROBABLE,TRUE,PROBABLE,S024;S039;S040;S101;S109;S128;S507;S786;S1381;S1700;S1800,,
RR2013M,the-great-khali,RR2013M,23,CONFIRMED,The Great Khali,The Great Khali,6,7,FALSE,2012,Eliminated (elim #13),13,FALSE,FALSE,N/A,FALSE,N/A,"40 Years, 5 Months, 0 Days",DERIVED,2.15,158,"Punjab, India",PROBABLE,Face,PROBABLE,,Natalya and Hornswoggle,,,N/A,N/A,N/A,N/A,N/A,N/A,FALSE,FALSE,14,CONFIRMED,cesaro;kane,37:48,2268,2:42,162,CONFIRMED,,0,,0,0,FALSE,FALSE,FALSE,FALSE,FALSE,FALSE,FALSE,FALSE,FALSE,FALSE,FALSE,FALSE,WWE,PROBABLE,FALSE,PROBABLE,S040;S101;S109;S502;S507;S748;S1320;S1700;S1800,,
RR2013M,darren-young,RR2013M,15,CONFIRMED,Darren Young,Darren Young,0,1,TRUE,N/A,N/A,N/A,TRUE,FALSE,N/A,FALSE,N/A,"29 Years, 2 Months, 25 Days",DERIVED,1.85,108,"Miami, Florida",PROBABLE,Heel,PROBABLE,,,The Prime Time Players (w/ Titus O'Neil),,N/A,N/A,N/A,N/A,N/A,N/A,FALSE,FALSE,8,CONFIRMED,kofi-kingston,24:33,1473,2:41,161,CONFIRMED,,0,,0,0,FALSE,FALSE,FALSE,FALSE,FALSE,FALSE,FALSE,FALSE,FALSE,FALSE,FALSE,FALSE,WWE,PROBABLE,FALSE,PROBABLE,S040;S101;S109;S507;S799;S1394;S1689;S1700;S1800,"Entry position DERIVED from an explicit S101 prose anchor naming this entrant alongside Bo Dallas (16th), cross-checked against this script's own buzzer-gap arithmetic (both agree exactly).",
RR2013M,drew-mcintyre,RR2013M,6,CONFIRMED,Drew McIntyre,Drew McIntyre,2,3,FALSE,2011,Eliminated (elim #29),29,FALSE,FALSE,N/A,FALSE,N/A,"27 Years, 7 Months, 21 Days",DERIVED,1.96,125,"Ayr, Scotland",PROBABLE,Heel,PROBABLE,,,3MB,3MB,N/A,N/A,N/A,N/A,N/A,N/A,FALSE,FALSE,2,CONFIRMED,chris-jericho,9:26,566,2:30,150,CONFIRMED,,0,,0,0,FALSE,FALSE,FALSE,FALSE,FALSE,FALSE,FALSE,FALSE,FALSE,FALSE,FALSE,FALSE,WWE,PROBABLE,FALSE,PROBABLE,S040;S101;S109;S507;S778;S1373;S1700;S1800,,
RR2013M,zack-ryder,RR2013M,25,CONFIRMED,Zack Ryder,Zack Ryder,2,3,FALSE,2011,Eliminated (elim #2),2,FALSE,FALSE,N/A,FALSE,N/A,"27 Years, 8 Months, 13 Days",DERIVED,1.88,104,"Long Island, New York",PROBABLE,Face,PROBABLE,,,,,N/A,N/A,N/A,N/A,N/A,N/A,FALSE,FALSE,17,CONFIRMED,randy-orton,40:06,2406,2:26,146,CONFIRMED,,0,,0,0,FALSE,FALSE,FALSE,FALSE,FALSE,FALSE,FALSE,FALSE,FALSE,FALSE,FALSE,FALSE,WWE,PROBABLE,FALSE,PROBABLE,S040;S101;S109;S766;S1361;S1700;S1800,"Entry position DERIVED from an explicit S101 prose anchor naming this entrant alongside Kane (24th), cross-checked against this script's own buzzer-gap arithmetic (both agree exactly).",
RR2013M,jinder-mahal,RR2013M,27,CONFIRMED,Jinder Mahal,Jinder Mahal,1,2,FALSE,2012,Eliminated (elim #10),10,FALSE,FALSE,N/A,FALSE,N/A,"26 Years, 6 Months, 8 Days",DERIVED,1.96,108,"Punjab, India",PROBABLE,Heel,PROBABLE,,,3MB,3MB,N/A,N/A,N/A,N/A,N/A,N/A,FALSE,FALSE,19,CONFIRMED,sheamus,42:43,2563,1:58,118,CONFIRMED,,0,,0,0,FALSE,FALSE,FALSE,FALSE,FALSE,FALSE,FALSE,FALSE,FALSE,FALSE,FALSE,FALSE,WWE,PROBABLE,FALSE,PROBABLE,S040;S101;S109;S507;S785;S1380;S1700;S1800,,
RR2013M,kane,RR2013M,24,CONFIRMED,Kane,Kane,15,16,FALSE,2011,Eliminated (elim #34),34,FALSE,FALSE,N/A,FALSE,N/A,"45 Years, 9 Months, 1 Days",DERIVED,2.13,147,Parts Unknown,PROBABLE,Face,PROBABLE,,,Team Hell No (w/ Daniel Bryan),,WWE Tag Team Championship,Tag Team,Daniel Bryan,1,2012-09-16,133,FALSE,FALSE,15,CONFIRMED,daniel-bryan,37:56,2276,1:30,90,CONFIRMED,,2,daniel-bryan;the-great-khali,0,2,FALSE,FALSE,FALSE,FALSE,FALSE,FALSE,FALSE,FALSE,FALSE,FALSE,FALSE,FALSE,WWE,PROBABLE,TRUE,PROBABLE,S040;S101;S109;S507;S502;S068;S069;S044;S045;S479;S628;S1334;S1700;S1800,"Entry position DERIVED from an explicit S101 prose anchor naming this entrant alongside Zack Ryder (25th), cross-checked against this script's own buzzer-gap arithmetic (both agree exactly).",
RR2013M,santino-marella,RR2013M,5,CONFIRMED,Santino Marella,Santino Marella,4,5,FALSE,2012,Eliminated (elim #7),7,FALSE,FALSE,N/A,FALSE,N/A,,UNKNOWN,1.83,106,"San Fili, Calabria, Italy",PROBABLE,Face,PROBABLE,,,,,N/A,N/A,N/A,N/A,N/A,N/A,FALSE,FALSE,1,CONFIRMED,cody-rhodes,6:03,363,0:41,41,CONFIRMED,,0,,0,0,FALSE,FALSE,FALSE,FALSE,FALSE,FALSE,FALSE,FALSE,FALSE,FALSE,FALSE,FALSE,WWE,PROBABLE,FALSE,PROBABLE,S039;S040;S078;S101;S109;S750;S1434;S1700;S1800,,
RR2013M,the-godfather,RR2013M,17,CONFIRMED,The Godfather,The Godfather,4,5,FALSE,2002,Eliminated (elim #15),15,FALSE,FALSE,N/A,TRUE,UNKNOWN,"51 Years, 8 Months, 11 Days",DERIVED,1.98,150,"Las Vegas, Nevada",PROBABLE,Face,PROBABLE,The Godfather,,,,N/A,N/A,N/A,N/A,N/A,N/A,FALSE,FALSE,10,CONFIRMED,dolph-ziggler,26:03,1563,0:05,5,CONFIRMED,,0,,0,0,FALSE,FALSE,FALSE,FALSE,FALSE,FALSE,FALSE,FALSE,FALSE,FALSE,FALSE,FALSE,WWE,PROBABLE,FALSE,PROBABLE,S040;S101;S109;S507;S049;S050;S481;S044;S045;S479;S622;S1434;S1700;S1711;S1800,"Shortest survival time in the match (0:05), 3-source agreement (Wikipedia, allrumblestats.com, and Shane's own document) -- externally fact-checked 2026-09-17.",
RR2014M,cm-punk,RR2014M,1,CONFIRMED,CM Punk,CM Punk,5,6,FALSE,2011,Eliminated (elim #21),21,FALSE,FALSE,N/A,FALSE,N/A,"35 Years, 3 Months, 0 Days",DERIVED,1.88,99,"Chicago, Illinois",PROBABLE,Face,PROBABLE,,,,,N/A,N/A,N/A,N/A,N/A,N/A,FALSE,FALSE,27,CONFIRMED,kane,49:15,2955,49:15,2955,CONFIRMED,,3,kane;damien-sandow;rusev,2,1,FALSE,FALSE,FALSE,FALSE,FALSE,TRUE,FALSE,FALSE,FALSE,FALSE,FALSE,FALSE,WWE,PROBABLE,FALSE,CONFIRMED,S104;S105;S109;S110;S744;S1327;S1700;S1801,"Entered #1 (pre-bell). Survived 49:15, the longest of the match -- per S104, the 4th consecutive year the #1 entrant became this match's 'Iron Man' (longest survivor), and Punk's 2nd time doing so himself (also 2013's Iron Man on a note in this database's RR2013M -- see events.csv notes there for a partial parallel, though 2013's Iron Man was Ziggler at #1, not Punk). See Kane note above for his eventual elimination.",
RR2014M,seth-rollins,RR2014M,2,CONFIRMED,Seth Rollins,Seth Rollins,0,1,TRUE,N/A,N/A,N/A,TRUE,FALSE,N/A,FALSE,N/A,"27 Years, 7 Months, 29 Days",DERIVED,1.85,102,"Davenport, Iowa",PROBABLE,Heel,PROBABLE,,,The Shield,The Shield,N/A,N/A,N/A,N/A,N/A,N/A,FALSE,FALSE,25,CONFIRMED,roman-reigns,48:33,2913,48:33,2913,CONFIRMED,,5,rey-mysterio;rusev;dean-ambrose;the-great-khali;cesaro,1,4,FALSE,FALSE,FALSE,FALSE,FALSE,FALSE,FALSE,FALSE,FALSE,FALSE,FALSE,FALSE,WWE,PROBABLE,FALSE,CONFIRMED,S104;S105;S109;S110;S513;S800;S1395;S1700;S1801,,
RR2014M,damien-sandow,RR2014M,3,CONFIRMED,Damien Sandow,Damien Sandow,1,2,FALSE,2013,Eliminated (elim #22),22,FALSE,FALSE,N/A,FALSE,N/A,"31 Years, 5 Months, 23 Days",DERIVED,1.93,112,"Palo Alto, California",PROBABLE,Heel,PROBABLE,,,,,N/A,N/A,N/A,N/A,N/A,N/A,FALSE,FALSE,1,CONFIRMED,cm-punk,3:48,228,2:08,128,CONFIRMED,,0,,0,0,FALSE,FALSE,FALSE,FALSE,FALSE,FALSE,FALSE,FALSE,FALSE,FALSE,FALSE,FALSE,WWE,PROBABLE,FALSE,CONFIRMED,S104;S105;S109;S110;S794;S1435;S1519;S1700;S1801,,
RR2014M,cody-rhodes,RR2014M,4,CONFIRMED,Cody Rhodes,Cody Rhodes,5,6,FALSE,2013,Eliminated (elim #12),12,FALSE,FALSE,N/A,FALSE,N/A,"28 Years, 6 Months, 27 Days",DERIVED,1.88,101,"Atlanta, Georgia",PROBABLE,Face,PROBABLE,,,Cody Rhodes & Goldust,,N/A,N/A,N/A,N/A,N/A,N/A,FALSE,FALSE,11,CONFIRMED,goldust,24:05,1445,20:53,1253,CONFIRMED,,1,rusev,0,1,FALSE,FALSE,FALSE,FALSE,FALSE,FALSE,FALSE,FALSE,FALSE,FALSE,FALSE,FALSE,WWE,PROBABLE,FALSE,CONFIRMED,S104;S105;S109;S110;S440;S443;S445;S513;S753;S1328;S1700;S1801,,CONFIRMED
RR2014M,kane,RR2014M,5,CONFIRMED,Kane,Kane,16,17,FALSE,2013,Eliminated (elim #15),15,FALSE,FALSE,N/A,FALSE,N/A,"46 Years, 9 Months, 0 Days",DERIVED,2.13,147,Parts Unknown,PROBABLE,Heel,PROBABLE,,,,,N/A,N/A,N/A,N/A,N/A,N/A,FALSE,FALSE,2,CONFIRMED,cm-punk,5:44,344,0:56,56,CONFIRMED,,1,cm-punk,0,1,FALSE,FALSE,FALSE,FALSE,FALSE,FALSE,FALSE,FALSE,FALSE,FALSE,FALSE,FALSE,WWE,PROBABLE,TRUE,CONFIRMED,S104;S105;S109;S110;S068;S069;S044;S045;S479;S628;S1334;S1700;S1801,"Eliminated early by CM Punk (0:56 survival). Per S105, Kane later returned to ringside and is credited (PROBABLE, partial/shared credit) with contributing to CM Punk's own elimination near the match's end -- see F278. Michael Cole stated on commentary this was Kane's '15th consecutive' Rumble, but S104 notes this is incorrect: Kane fought John Cena in a singles match at the 2012 Royal Rumble event and did not compete in that year's Rumble match itself -- consistent with this database's own RR2012M build, which does not include Kane as an entrant.",
RR2014M,rusev,RR2014M,6,CONFIRMED,Alexander Rusev,Alexander Rusev,0,1,TRUE,N/A,N/A,N/A,TRUE,FALSE,N/A,FALSE,N/A,"28 Years, 1 Months, 1 Days",DERIVED,1.83,138,Bulgaria,PROBABLE,Heel,PROBABLE,Alexander Rusev,Lana,,,N/A,N/A,N/A,N/A,N/A,N/A,FALSE,FALSE,3,CONFIRMED,cm-punk;cody-rhodes;kofi-kingston;seth-rollins,13:11,791,6:43,403,CONFIRMED,,0,,0,0,FALSE,FALSE,FALSE,FALSE,FALSE,FALSE,FALSE,FALSE,FALSE,FALSE,FALSE,FALSE,WWE,PROBABLE,FALSE,CONFIRMED,S104;S105;S109;S110;S513;S508;S801;S1396;S1700;S1801,,
RR2014M,jack-swagger,RR2014M,7,CONFIRMED,Jack Swagger,Jack Swagger,3,4,FALSE,2012,Eliminated (elim #23),23,FALSE,FALSE,N/A,FALSE,N/A,"31 Years, 10 Months, 2 Days",DERIVED,2.01,125,"Perry, Oklahoma",PROBABLE,Heel,PROBABLE,,Zeb Colter,The Real Americans (w/ Antonio Cesaro),The Real Americans,N/A,N/A,N/A,N/A,N/A,N/A,FALSE,FALSE,6,CONFIRMED,diesel,20:00,1200,12:08,728,CONFIRMED,,0,,0,0,FALSE,FALSE,FALSE,FALSE,FALSE,FALSE,FALSE,FALSE,FALSE,FALSE,FALSE,FALSE,WWE,PROBABLE,FALSE,CONFIRMED,S104;S105;S109;S110;S513;S508;S775;S1370;S1700;S1801,,
RR2014M,kofi-kingston,RR2014M,8,CONFIRMED,Kofi Kingston,Kofi Kingston,5,6,FALSE,2013,Eliminated (elim #9),9,FALSE,FALSE,N/A,FALSE,N/A,"32 Years, 5 Months, 12 Days",DERIVED,1.83,96,"Ghana, West Africa",PROBABLE,Face,PROBABLE,,,,,N/A,N/A,N/A,N/A,N/A,N/A,FALSE,FALSE,7,CONFIRMED,roman-reigns,21:50,1310,12:33,753,CONFIRMED,,1,rusev,0,1,FALSE,FALSE,FALSE,FALSE,FALSE,FALSE,FALSE,FALSE,FALSE,FALSE,FALSE,FALSE,WWE,PROBABLE,FALSE,CONFIRMED,S104;S105;S109;S110;S760;S1352;S1700;S1801,,
RR2014M,jimmy-uso,RR2014M,9,CONFIRMED,Jimmy Uso,Jimmy Uso,0,1,TRUE,N/A,N/A,N/A,TRUE,FALSE,N/A,FALSE,N/A,"28 Years, 5 Months, 4 Days",DERIVED,1.91,114,"San Francisco, California",PROBABLE,Face,PROBABLE,,,The Usos (w/ Jey Uso),,N/A,N/A,N/A,N/A,N/A,N/A,FALSE,FALSE,5,CONFIRMED,dean-ambrose,18:33,1113,7:47,467,CONFIRMED,,0,,0,0,FALSE,FALSE,FALSE,FALSE,FALSE,FALSE,FALSE,FALSE,FALSE,FALSE,FALSE,FALSE,WWE,PROBABLE,FALSE,CONFIRMED,S104;S105;S109;S110;S513;S802;S1397;S1700;S1801,,
RR2014M,goldust,RR2014M,10,CONFIRMED,Goldust,Goldust,8,9,FALSE,2013,Eliminated (elim #5),5,FALSE,FALSE,N/A,FALSE,N/A,"44 Years, 9 Months, 15 Days",DERIVED,1.98,105,"Hollywood, California",PROBABLE,Face,PROBABLE,,,Cody Rhodes & Goldust,,N/A,N/A,N/A,N/A,N/A,N/A,FALSE,FALSE,12,CONFIRMED,roman-reigns,24:09,1449,11:51,711,CONFIRMED,,1,cody-rhodes,1,0,FALSE,FALSE,FALSE,FALSE,FALSE,FALSE,FALSE,FALSE,FALSE,FALSE,FALSE,FALSE,WWE,PROBABLE,FALSE,CONFIRMED,S104;S105;S109;S110;S513;S065;S066;S488;S044;S045;S634;S1435;S1700;S1801,,
RR2014M,dean-ambrose,RR2014M,11,CONFIRMED,Dean Ambrose,Dean Ambrose,0,1,TRUE,N/A,N/A,N/A,TRUE,FALSE,N/A,FALSE,N/A,"28 Years, 1 Months, 19 Days",DERIVED,1.93,105,"Cincinnati, Ohio",PROBABLE,Heel,PROBABLE,,,The Shield,The Shield,WWE United States Championship,Intercontinental/United States,N/A,1,2013-05-19,252,FALSE,FALSE,26,CONFIRMED,roman-reigns;seth-rollins;cesaro,48:34,2914,33:49,2029,CONFIRMED,,4,jimmy-uso;r-truth;the-great-khali;cesaro,2,2,FALSE,FALSE,FALSE,FALSE,FALSE,FALSE,FALSE,FALSE,FALSE,FALSE,FALSE,FALSE,WWE,PROBABLE,FALSE,CONFIRMED,S104;S105;S109;S110;S513;S508;S803;S1398;S1690;S1700;S1801,,
RR2014M,dolph-ziggler,RR2014M,12,CONFIRMED,Dolph Ziggler,Dolph Ziggler,5,6,FALSE,2013,Eliminated (elim #27),27,FALSE,FALSE,N/A,FALSE,N/A,"33 Years, 5 Months, 30 Days",DERIVED,1.83,97,"Hollywood, Florida",PROBABLE,Face,PROBABLE,,,,,N/A,N/A,N/A,N/A,N/A,N/A,FALSE,FALSE,8,CONFIRMED,roman-reigns,22:16,1336,5:58,358,CONFIRMED,,0,,0,0,FALSE,FALSE,FALSE,FALSE,FALSE,FALSE,FALSE,FALSE,FALSE,FALSE,FALSE,FALSE,WWE,PROBABLE,FALSE,CONFIRMED,S104;S105;S109;S110;S763;S1356;S1700;S1801,,
RR2014M,r-truth,RR2014M,13,CONFIRMED,R-Truth,R-Truth,5,6,FALSE,2012,Eliminated (elim #2),2,FALSE,FALSE,N/A,FALSE,N/A,"42 Years, 0 Months, 7 Days",DERIVED,1.88,100,"Charlotte, North Carolina",PROBABLE,Face,PROBABLE,,,,,N/A,N/A,N/A,N/A,N/A,N/A,FALSE,FALSE,4,CONFIRMED,dean-ambrose,18:14,1094,0:29,29,CONFIRMED,,0,,0,0,FALSE,FALSE,FALSE,FALSE,FALSE,FALSE,FALSE,FALSE,FALSE,FALSE,FALSE,FALSE,WWE,PROBABLE,FALSE,CONFIRMED,S104;S105;S109;S110;S761;S1435;S1700;S1801,,
RR2014M,diesel,RR2014M,14,CONFIRMED,Kevin Nash,Kevin Nash,3,4,FALSE,2011,Eliminated (elim #26),26,FALSE,FALSE,N/A,FALSE,N/A,"54 Years, 6 Months, 17 Days",DERIVED,2.08,149,"Detroit, Michigan",PROBABLE,Face,PROBABLE,Kevin Nash,,,,N/A,N/A,N/A,N/A,N/A,N/A,FALSE,FALSE,9,CONFIRMED,roman-reigns,22:26,1346,2:30,150,CONFIRMED,,1,jack-swagger,1,0,FALSE,FALSE,FALSE,FALSE,FALSE,FALSE,FALSE,FALSE,FALSE,FALSE,FALSE,FALSE,WWE,PROBABLE,FALSE,CONFIRMED,S104;S105;S109;S110;S513;S032;S035;S024;S029;S466;S481;S585;S1435;S1700;S1801,,
RR2014M,roman-reigns,RR2014M,15,CONFIRMED,Roman Reigns,Roman Reigns,0,1,TRUE,N/A,N/A,N/A,TRUE,FALSE,N/A,FALSE,N/A,"28 Years, 8 Months, 1 Days",DERIVED,1.91,120,"Pensacola, Florida",PROBABLE,Heel,PROBABLE,,,The Shield,The Shield,N/A,N/A,N/A,N/A,N/A,N/A,FALSE,FALSE,29,CONFIRMED,batista,55:09,3309,33:44,2024,CONFIRMED,,12,goldust;diesel;sheamus;el-torito;bradshaw;luke-harper;seth-rollins;kofi-kingston;dean-ambrose;dolph-ziggler;the-great-khali;cesaro,9,3,FALSE,FALSE,TRUE,TRUE,TRUE,TRUE,FALSE,FALSE,FALSE,FALSE,FALSE,FALSE,WWE,PROBABLE,FALSE,CONFIRMED,S104;S105;S109;S110;S513;S804;S1399;S1700;S1801,"Eliminated by Batista in the match's final second -- the winning elimination, and the runner-up spot. See wrestlers.csv notes and F277 for the broadcast-credited-12-vs-recalculated-9.5 eliminations discrepancy.",
RR2014M,the-great-khali,RR2014M,16,CONFIRMED,The Great Khali,The Great Khali,7,8,FALSE,2013,Eliminated (elim #14),14,FALSE,FALSE,N/A,FALSE,N/A,"41 Years, 4 Months, 30 Days",DERIVED,2.15,158,"Punjab, India",PROBABLE,Face,PROBABLE,,,,,N/A,N/A,N/A,N/A,N/A,N/A,FALSE,FALSE,10,CONFIRMED,roman-reigns;seth-rollins;dean-ambrose,23:42,1422,0:25,25,CONFIRMED,,0,,0,0,FALSE,FALSE,FALSE,FALSE,FALSE,FALSE,FALSE,FALSE,FALSE,FALSE,FALSE,FALSE,WWE,PROBABLE,FALSE,CONFIRMED,S104;S105;S109;S110;S748;S1320;S1700;S1801,,
RR2014M,sheamus,RR2014M,17,CONFIRMED,Sheamus,Sheamus,3,4,FALSE,2013,Eliminated (elim #28),28,FALSE,FALSE,N/A,FALSE,N/A,"35 Years, 11 Months, 29 Days",DERIVED,1.91,121,"Dublin, Ireland",PROBABLE,Face,PROBABLE,,,,,N/A,N/A,N/A,N/A,N/A,N/A,FALSE,FALSE,28,CONFIRMED,roman-reigns,52:53,3173,28:13,1693,CONFIRMED,,1,big-e,1,0,FALSE,FALSE,FALSE,FALSE,TRUE,TRUE,FALSE,FALSE,FALSE,FALSE,FALSE,FALSE,WWE,PROBABLE,FALSE,CONFIRMED,S104;S105;S109;S110;S776;S1371;S1700;S1801,,
RR2014M,the-miz,RR2014M,18,CONFIRMED,The Miz,The Miz,6,7,FALSE,2013,Eliminated (elim #24),24,FALSE,FALSE,N/A,FALSE,N/A,"33 Years, 3 Months, 18 Days",DERIVED,1.88,100,"Cleveland, Ohio",PROBABLE,Heel,PROBABLE,,,,,N/A,N/A,N/A,N/A,N/A,N/A,FALSE,FALSE,16,CONFIRMED,luke-harper,38:14,2294,12:02,722,CONFIRMED,,0,,0,0,FALSE,FALSE,FALSE,FALSE,FALSE,FALSE,FALSE,FALSE,FALSE,FALSE,FALSE,FALSE,WWE,PROBABLE,FALSE,CONFIRMED,S104;S105;S109;S110;S749;S1330;S1700;S1801,,
RR2014M,fandango,RR2014M,19,CONFIRMED,Fandango,Fandango,0,1,TRUE,N/A,N/A,N/A,TRUE,FALSE,N/A,FALSE,N/A,"30 Years, 6 Months, 4 Days",DERIVED,1.93,111,"Boston, Massachusetts",PROBABLE,Heel,PROBABLE,,,,,N/A,N/A,N/A,N/A,N/A,N/A,FALSE,FALSE,13,CONFIRMED,el-torito,30:37,1837,2:46,166,CONFIRMED,,0,,0,0,FALSE,FALSE,FALSE,FALSE,FALSE,FALSE,FALSE,FALSE,FALSE,FALSE,FALSE,FALSE,WWE,PROBABLE,FALSE,CONFIRMED,S104;S105;S109;S110;S805;S1400;S1700;S1801,,
RR2014M,el-torito,RR2014M,20,CONFIRMED,El Torito,El Torito,0,1,TRUE,N/A,N/A,N/A,TRUE,FALSE,N/A,FALSE,N/A,"31 Years, 11 Months, 7 Days",DERIVED,1.35,45,Plaza de Toros,PROBABLE,Heel,PROBABLE,,,Los Matadores,,N/A,N/A,N/A,N/A,N/A,N/A,FALSE,FALSE,14,CONFIRMED,roman-reigns,30:56,1856,1:27,87,CONFIRMED,,1,fandango,1,0,FALSE,FALSE,FALSE,FALSE,FALSE,FALSE,FALSE,FALSE,FALSE,FALSE,FALSE,FALSE,WWE,PROBABLE,TRUE,CONFIRMED,S104;S105;S109;S110;S513;S806;S1401;S1691;S1700;S1801,,
RR2014M,cesaro,RR2014M,21,CONFIRMED,Antonio Cesaro,Antonio Cesaro,1,2,FALSE,2013,Eliminated (elim #18),18,FALSE,FALSE,N/A,FALSE,N/A,"33 Years, 0 Months, 30 Days",DERIVED,1.96,105,"Lucerne, Switzerland",PROBABLE,Heel,PROBABLE,,Zeb Colter,The Real Americans (w/ Jack Swagger),The Real Americans,N/A,N/A,N/A,N/A,N/A,N/A,FALSE,FALSE,24,CONFIRMED,roman-reigns;seth-rollins;dean-ambrose,48:32,2912,16:59,1019,CONFIRMED,,1,dean-ambrose,0,1,FALSE,FALSE,FALSE,FALSE,FALSE,FALSE,FALSE,FALSE,FALSE,FALSE,FALSE,FALSE,WWE,PROBABLE,FALSE,CONFIRMED,S104;S105;S109;S110;S513;S508;S796;S1392;S1687;S1700;S1801,,
RR2014M,luke-harper,RR2014M,22,CONFIRMED,Luke Harper,Luke Harper,0,1,TRUE,N/A,N/A,N/A,TRUE,FALSE,N/A,FALSE,N/A,"34 Years, 1 Months, 10 Days",DERIVED,1.96,125,"Buffalo, New York",PROBABLE,Heel,PROBABLE,,,The Wyatt Family (w/ Erick Rowan),The Wyatt Family,N/A,N/A,N/A,N/A,N/A,N/A,FALSE,FALSE,23,CONFIRMED,roman-reigns,48:09,2889,15:04,904,CONFIRMED,,2,the-miz;jey-uso,2,0,FALSE,FALSE,FALSE,FALSE,FALSE,FALSE,FALSE,FALSE,FALSE,FALSE,FALSE,FALSE,WWE,PROBABLE,FALSE,CONFIRMED,S104;S105;S109;S110;S513;S807;S1402;S1695;S1700;S1801,,
RR2014M,jey-uso,RR2014M,23,CONFIRMED,Jey Uso,Jey Uso,1,2,FALSE,2012,Eliminated (elim #20),20,FALSE,FALSE,N/A,FALSE,N/A,"28 Years, 5 Months, 4 Days",DERIVED,1.88,110,"San Francisco, California",PROBABLE,Face,PROBABLE,,,The Usos (w/ Jimmy Uso),,N/A,N/A,N/A,N/A,N/A,N/A,FALSE,FALSE,17,CONFIRMED,luke-harper,38:52,2332,4:22,262,CONFIRMED,,0,,0,0,FALSE,FALSE,FALSE,FALSE,FALSE,FALSE,FALSE,FALSE,FALSE,FALSE,FALSE,FALSE,WWE,PROBABLE,FALSE,CONFIRMED,S104;S105;S109;S110;S513;S790;S1385;S1700;S1801,,
RR2014M,bradshaw,RR2014M,24,CONFIRMED,John Bradshaw Layfield,John Bradshaw Layfield,5,6,FALSE,2004,Eliminated (elim #1),1,FALSE,FALSE,N/A,FALSE,N/A,"47 Years, 1 Months, 28 Days",DERIVED,1.98,132,"Sweetwater, Texas",PROBABLE,Heel,PROBABLE,John Bradshaw Layfield,,,,N/A,N/A,N/A,N/A,N/A,N/A,FALSE,FALSE,15,CONFIRMED,roman-reigns,36:40,2200,0:18,18,CONFIRMED,,0,,0,0,FALSE,FALSE,FALSE,FALSE,FALSE,FALSE,FALSE,FALSE,FALSE,FALSE,FALSE,FALSE,WWE,PROBABLE,FALSE,CONFIRMED,S104;S105;S109;S110;S513;S067;S073;S040;S052;S042;S481;S024;S043;S050;S474;S645;S1403;S1700;S1801,,
RR2014M,erick-rowan,RR2014M,25,CONFIRMED,Erick Rowan,Erick Rowan,0,1,TRUE,N/A,N/A,N/A,TRUE,FALSE,N/A,FALSE,N/A,"32 Years, 1 Months, 29 Days",DERIVED,2.03,143,"Minneapolis, Minnesota",PROBABLE,Heel,PROBABLE,,,The Wyatt Family (w/ Luke Harper),The Wyatt Family,N/A,N/A,N/A,N/A,N/A,N/A,FALSE,FALSE,18,CONFIRMED,batista,42:36,2556,4:48,288,CONFIRMED,,0,,0,0,FALSE,FALSE,FALSE,FALSE,FALSE,FALSE,FALSE,FALSE,FALSE,FALSE,FALSE,FALSE,WWE,PROBABLE,FALSE,CONFIRMED,S104;S105;S109;S110;S513;S808;S1404;S1700;S1801,,
RR2014M,ryback,RR2014M,26,CONFIRMED,Ryback,Ryback,1,2,FALSE,2013,Runner-up (elim #29),29,FALSE,FALSE,N/A,FALSE,N/A,"32 Years, 2 Months, 16 Days",DERIVED,1.91,132,"College Station, Texas",PROBABLE,Heel,PROBABLE,,,RybAxel,,N/A,N/A,N/A,N/A,N/A,N/A,FALSE,FALSE,19,CONFIRMED,batista,43:05,2585,3:50,230,CONFIRMED,,0,,0,0,FALSE,FALSE,FALSE,FALSE,FALSE,FALSE,FALSE,FALSE,FALSE,FALSE,FALSE,FALSE,WWE,PROBABLE,FALSE,CONFIRMED,S104;S105;S109;S110;S513;S795;S1391;S1700;S1801,,
RR2014M,alberto-del-rio,RR2014M,27,CONFIRMED,Alberto Del Rio,Alberto Del Rio,1,2,FALSE,2011,Won,N/A,FALSE,FALSE,N/A,FALSE,N/A,"36 Years, 8 Months, 1 Days",DERIVED,1.96,108,"San Luis Potosí, Mexico",PROBABLE,Heel,PROBABLE,,,,,N/A,N/A,N/A,N/A,N/A,N/A,FALSE,FALSE,20,CONFIRMED,batista,43:35,2615,2:48,168,CONFIRMED,,0,,0,0,FALSE,FALSE,FALSE,FALSE,FALSE,FALSE,FALSE,FALSE,FALSE,FALSE,FALSE,FALSE,WWE,PROBABLE,FALSE,CONFIRMED,S104;S105;S109;S110;S781;S1376;S1700;S1801,,
RR2014M,batista,RR2014M,28,CONFIRMED,Batista,Batista,4,5,FALSE,2010,Eliminated (elim #28),28,FALSE,FALSE,N/A,FALSE,N/A,"45 Years, 0 Months, 8 Days",DERIVED,1.98,132,"Washington, D.C.",PROBABLE,Face,PROBABLE,,,,,N/A,N/A,N/A,N/A,N/A,N/A,FALSE,FALSE,,N/A,,,,12:52,772,CONFIRMED,,4,roman-reigns;erick-rowan;ryback;alberto-del-rio,4,0,FALSE,TRUE,FALSE,TRUE,TRUE,TRUE,FALSE,FALSE,FALSE,FALSE,FALSE,FALSE,WWE,PROBABLE,FALSE,CONFIRMED,S104;S105;S109;S110;S068;S069;S494;S706;S1323;S1700;S1801,"Entered #28 and won his 3rd career Royal Rumble, eliminating Roman Reigns in the match's final second. Per S104's own aside, Batista's entrance numbers across his career Royal Rumble matches have been 28, 28, 8, 30, 28 -- his 2014 draw matched his very first (2005) and 2nd (2006) draws exactly.",
RR2014M,big-e,RR2014M,29,CONFIRMED,Big E. Langston,Big E. Langston,0,1,TRUE,N/A,N/A,N/A,TRUE,FALSE,N/A,FALSE,N/A,"27 Years, 10 Months, 25 Days",DERIVED,1.80,129,"Tampa, Florida",PROBABLE,Face,PROBABLE,,,,,WWE Intercontinental Championship,Intercontinental,N/A,1,2013-11-18,69,FALSE,FALSE,21,CONFIRMED,sheamus,46:42,2802,2:42,162,CONFIRMED,,0,,0,0,FALSE,FALSE,FALSE,FALSE,FALSE,FALSE,FALSE,FALSE,FALSE,FALSE,FALSE,FALSE,WWE,PROBABLE,FALSE,CONFIRMED,S104;S105;S109;S110;S513;S508;S809;S1405;S1700;S1801,"Sheamus's only credited elimination this match, per both S104 and S105.",
RR2014M,rey-mysterio,RR2014M,30,CONFIRMED,Rey Mysterio,Rey Mysterio,6,7,FALSE,2013,Eliminated (elim #13),13,FALSE,FALSE,N/A,FALSE,N/A,"39 Years, 1 Months, 15 Days",DERIVED,1.68,79,"San Diego, California",PROBABLE,Face,PROBABLE,,,,,N/A,N/A,N/A,N/A,N/A,N/A,FALSE,FALSE,22,CONFIRMED,seth-rollins,47:33,2853,2:00,120,CONFIRMED,,0,,0,0,FALSE,FALSE,FALSE,FALSE,FALSE,FALSE,TRUE,FALSE,FALSE,FALSE,FALSE,FALSE,WWE,PROBABLE,TRUE,CONFIRMED,S078;S098;S104;S105;S109;S110;S111;S113;S068;S069;S436;S695;S1435;S1700;S1801,"S104 labels this slot 'Not Daniel Bryan' rather than naming the entrant directly -- resolved to Rey Mysterio via S104's own closing recap, which names him as one of exactly 10 wrestlers remaining once the 30th (final) entrant arrives. See F276. Independently confirmed as the 30th/final entrant (the 'Not Daniel Bryan' slot fans had expected to be a surprise Daniel Bryan entrance) by multiple post-event sources -- Fightful, WhatCulture, Sportskeeda, and a KB Wrestling Reviews retrospective all describe the crowd's severe, sustained booing, and both Daniel Bryan and Rey Mysterio have since publicly commented on the moment (Bryan: he 'felt so bad' for Mysterio; Mysterio: he came to understand the fans were booing the match's booking, not him). Daniel Bryan had already wrestled and lost to Bray Wyatt earlier on the same card, presumably why he wasn't available/planned for the Rumble itself. Externally fact-checked 2026-09-17.",
RR2015M,the-miz,RR2015M,1,CONFIRMED,The Miz,The Miz,7,8,FALSE,2014,Eliminated (elim #16),16,FALSE,FALSE,N/A,FALSE,N/A,"34 Years, 3 Months, 17 Days",DERIVED,1.88,100,"Cleveland, Ohio",PROBABLE,Heel,PROBABLE,,,The Miz & Damien Mizdow,,N/A,N/A,N/A,N/A,N/A,N/A,FALSE,FALSE,1,CONFIRMED,bubba-ray-dudley,4:01,241,4:01,241,CONFIRMED,,0,,0,0,FALSE,FALSE,FALSE,FALSE,FALSE,FALSE,FALSE,FALSE,FALSE,FALSE,FALSE,FALSE,WWE,PROBABLE,FALSE,CONFIRMED,S106;S514;S749;S1330;S1700;S1802,,
RR2015M,r-truth,RR2015M,2,CONFIRMED,R-Truth,R-Truth,6,7,FALSE,2014,Eliminated (elim #4),4,FALSE,FALSE,N/A,FALSE,N/A,"43 Years, 0 Months, 6 Days",DERIVED,1.88,100,"Charlotte, North Carolina",PROBABLE,Face,PROBABLE,,,,,N/A,N/A,N/A,N/A,N/A,N/A,FALSE,FALSE,2,CONFIRMED,bubba-ray-dudley,4:13,253,4:13,253,CONFIRMED,,0,,0,0,FALSE,FALSE,FALSE,FALSE,FALSE,FALSE,FALSE,FALSE,FALSE,FALSE,FALSE,FALSE,WWE,PROBABLE,FALSE,CONFIRMED,S106;S481;S109;S761;S1436;S1700;S1802,,CONFIRMED
RR2015M,bubba-ray-dudley,RR2015M,3,CONFIRMED,Bubba Ray Dudley,Bubba Ray Dudley,0,1,TRUE,N/A,N/A,N/A,TRUE,FALSE,N/A,TRUE,UNKNOWN,"43 Years, 6 Months, 11 Days",DERIVED,1.91,127,Dudleyville,PROBABLE,Face,PROBABLE,,,,,N/A,N/A,N/A,N/A,N/A,N/A,FALSE,FALSE,3,CONFIRMED,bray-wyatt,6:54,414,4:44,284,CONFIRMED,,1,the-miz,1,0,FALSE,FALSE,FALSE,FALSE,FALSE,FALSE,FALSE,FALSE,FALSE,FALSE,FALSE,FALSE,WWE,PROBABLE,FALSE,CONFIRMED,S106;S810;S1406;S1700;S1712;S1802,,
RR2015M,luke-harper,RR2015M,4,CONFIRMED,Luke Harper,Luke Harper,1,2,FALSE,2014,Eliminated (elim #23),23,FALSE,FALSE,N/A,FALSE,N/A,"35 Years, 1 Months, 9 Days",DERIVED,1.96,125,"Buffalo, New York",PROBABLE,Heel,PROBABLE,,,,,N/A,N/A,N/A,N/A,N/A,N/A,FALSE,FALSE,5,CONFIRMED,bray-wyatt,8:49,529,4:17,257,CONFIRMED,,0,,0,0,FALSE,FALSE,FALSE,FALSE,FALSE,FALSE,FALSE,FALSE,FALSE,FALSE,FALSE,FALSE,WWE,PROBABLE,FALSE,CONFIRMED,S106;S481;S109;S807;S1402;S1695;S1700;S1802,,CONFIRMED
RR2015M,bray-wyatt,RR2015M,5,CONFIRMED,Bray Wyatt,Bray Wyatt,1,2,FALSE,2011,Eliminated (elim #15),15,FALSE,FALSE,N/A,FALSE,N/A,"27 Years, 8 Months, 2 Days",DERIVED,1.91,129,"Brooksville, Florida",PROBABLE,Heel,PROBABLE,,,,,N/A,N/A,N/A,N/A,N/A,N/A,FALSE,FALSE,25,CONFIRMED,big-show;kane,53:15,3195,46:58,2818,CONFIRMED,,2,bubba-ray-dudley;the-boogeyman,2,0,FALSE,FALSE,FALSE,FALSE,FALSE,FALSE,FALSE,FALSE,FALSE,FALSE,FALSE,FALSE,WWE,PROBABLE,FALSE,CONFIRMED,S106;S481;S109;S811;S1407;S1700;S1802,,CONFIRMED
RR2015M,curtis-axel,RR2015M,6,CONFIRMED,Curtis Axel,Curtis Axel,0,1,TRUE,N/A,N/A,N/A,TRUE,FALSE,N/A,FALSE,N/A,"35 Years, 3 Months, 24 Days",DERIVED,1.91,103,"Minneapolis, Minnesota",PROBABLE,Heel,PROBABLE,,,,,N/A,N/A,N/A,N/A,N/A,N/A,FALSE,FALSE,4,CONFIRMED,erick-rowan,7:48,468,0:00,0,CONFIRMED,,0,,0,0,FALSE,FALSE,FALSE,FALSE,FALSE,FALSE,FALSE,FALSE,FALSE,FALSE,FALSE,FALSE,WWE,PROBABLE,FALSE,CONFLICTING,S106;S481;S109;S812;S1408;S769;S1700;S1802,"Counted as an official entrant (buzzer sounded, entry #6) but never actually entered the ring -- attacked by Erick Rowan, who substituted for him. Survival/ring_time is a defined 0:00 per S106's own explicit methodology choice; no eliminator credited (not a standard over-the-rope elimination). See F284. Modeled at the pre-existing elimination rank as a storyline removal by Erick Rowan; both consulted tables say Axel never entered and Rowan replaced him. See F522.",CONFLICTING
RR2015M,the-boogeyman,RR2015M,7,CONFIRMED,The Boogeyman,The Boogeyman,0,1,TRUE,N/A,N/A,N/A,TRUE,FALSE,N/A,TRUE,UNKNOWN,"50 Years, 6 Months, 10 Days",DERIVED,1.88,118,The Bottomless Pit,PROBABLE,Face,PROBABLE,,,,,N/A,N/A,N/A,N/A,N/A,N/A,FALSE,FALSE,6,CONFIRMED,bray-wyatt,11:04,664,0:48,48,CONFIRMED,,0,,0,0,FALSE,FALSE,FALSE,FALSE,FALSE,FALSE,FALSE,FALSE,FALSE,TRUE,FALSE,FALSE,WWE,PROBABLE,FALSE,CONFIRMED,S106;S813;S1436;S1700;S1712;S1802,,
RR2015M,hunico,RR2015M,8,CONFIRMED,Sin Cara,Sin Cara,2,3,FALSE,2013,Eliminated (elim #23),23,FALSE,FALSE,N/A,FALSE,N/A,"37 Years, 4 Months, 20 Days",DERIVED,1.70,90,"El Paso, Texas",PROBABLE,Face,PROBABLE,Sin Cara,,,,N/A,N/A,N/A,N/A,N/A,N/A,FALSE,FALSE,7,CONFIRMED,bray-wyatt,12:19,739,0:37,37,CONFIRMED,,0,,0,0,FALSE,FALSE,FALSE,FALSE,FALSE,FALSE,FALSE,FALSE,FALSE,FALSE,FALSE,FALSE,WWE,PROBABLE,TRUE,CONFIRMED,S024;S106;S109;S481;S514;S786;S1436;S1700;S1802,"Identity-merged into this database's 'hunico' wrestler_id by the 2013-2016 fact-check pass -- same performer as RR2013M's 'Sin Cara' entrant. See F272 (resolved), F297.",CONFIRMED
RR2015M,zack-ryder,RR2015M,9,CONFIRMED,Zack Ryder,Zack Ryder,3,4,FALSE,2013,Eliminated (elim #17),17,FALSE,FALSE,N/A,TRUE,approximately 2 months (injury),"29 Years, 8 Months, 11 Days",DERIVED,1.88,104,"Long Island, New York",PROBABLE,Face,PROBABLE,,,,,N/A,N/A,N/A,N/A,N/A,N/A,FALSE,FALSE,8,CONFIRMED,bray-wyatt,14:03,843,0:34,34,CONFIRMED,,0,,0,0,FALSE,FALSE,FALSE,FALSE,FALSE,FALSE,FALSE,FALSE,FALSE,FALSE,FALSE,FALSE,WWE,PROBABLE,FALSE,CONFIRMED,S106;S481;S109;S766;S1361;S1700;S1712;S1802,,CONFIRMED
RR2015M,daniel-bryan,RR2015M,10,CONFIRMED,Daniel Bryan,Daniel Bryan,2,3,FALSE,2013,Eliminated (elim #16),16,FALSE,FALSE,N/A,FALSE,N/A,"33 Years, 8 Months, 3 Days",DERIVED,1.78,95,"Aberdeen, Washington",PROBABLE,Face,PROBABLE,,,,,N/A,N/A,N/A,N/A,N/A,N/A,FALSE,FALSE,12,CONFIRMED,bray-wyatt,25:32,1532,10:11,611,CONFIRMED,,1,tyson-kidd,1,0,FALSE,FALSE,FALSE,FALSE,FALSE,FALSE,FALSE,FALSE,FALSE,FALSE,FALSE,FALSE,WWE,PROBABLE,FALSE,CONFIRMED,S106;S481;S109;S764;S1359;S1700;S1802,"Eliminated relatively early (10:11 survival, 10th-longest of the match) to an extremely negative crowd reaction -- S106 opens this year's recap around this exact moment ('an extremely negative reaction from the live crowd...once Daniel Bryan was tossed out of the ring like a mid-carder').",CONFIRMED
RR2015M,fandango,RR2015M,11,CONFIRMED,Fandango,Fandango,1,2,FALSE,2014,Eliminated (elim #13),13,FALSE,FALSE,N/A,FALSE,N/A,"31 Years, 6 Months, 3 Days",DERIVED,1.93,111,"Boston, Massachusetts",PROBABLE,Heel,PROBABLE,,,,,N/A,N/A,N/A,N/A,N/A,N/A,FALSE,FALSE,11,CONFIRMED,rusev,24:37,1477,7:36,456,CONFIRMED,,0,,0,0,FALSE,FALSE,FALSE,FALSE,FALSE,FALSE,FALSE,FALSE,FALSE,FALSE,FALSE,FALSE,WWE,PROBABLE,FALSE,CONFIRMED,S106;S805;S1400;S1700;S1802,,
RR2015M,tyson-kidd,RR2015M,12,CONFIRMED,Tyson Kidd,Tyson Kidd,1,2,FALSE,2011,Eliminated (elim #22),22,FALSE,FALSE,N/A,FALSE,N/A,"34 Years, 6 Months, 14 Days",DERIVED,1.78,93,"Calgary, Alberta, Canada",PROBABLE,Heel,PROBABLE,,Natalya,Cesaro & Tyson Kidd,,N/A,N/A,N/A,N/A,N/A,N/A,FALSE,FALSE,9,CONFIRMED,daniel-bryan,21:05,1265,2:26,146,CONFIRMED,,0,,0,0,FALSE,FALSE,FALSE,FALSE,FALSE,FALSE,FALSE,FALSE,FALSE,FALSE,FALSE,FALSE,WWE,PROBABLE,FALSE,CONFIRMED,S106;S514;S509;S773;S1368;S1700;S1802,,
RR2015M,cody-rhodes,RR2015M,13,CONFIRMED,Stardust,Stardust,6,7,FALSE,2014,Eliminated (elim #11),11,FALSE,FALSE,N/A,FALSE,N/A,"29 Years, 6 Months, 26 Days",DERIVED,1.88,101,"Atlanta, Georgia",PROBABLE,Heel,PROBABLE,Stardust,,Gold & Stardust,,N/A,N/A,N/A,N/A,N/A,N/A,FALSE,FALSE,16,CONFIRMED,roman-reigns,32:41,1961,12:25,745,CONFIRMED,,0,,0,0,FALSE,FALSE,FALSE,FALSE,FALSE,FALSE,FALSE,FALSE,FALSE,FALSE,FALSE,FALSE,WWE,PROBABLE,FALSE,CONFIRMED,S106;S514;S753;S1328;S1700;S1802,"Billed as 'Stardust' at this event -- the same performer as this database's existing 'cody-rhodes' wrestler_id, reused per this database's established precedent for in-career gimmick/ring-name changes.",
RR2015M,diamond-dallas-page,RR2015M,14,CONFIRMED,Diamond Dallas Page,Diamond Dallas Page,1,2,FALSE,2002,Eliminated (elim #13),13,FALSE,FALSE,N/A,TRUE,UNKNOWN,"58 Years, 9 Months, 20 Days",DERIVED,1.96,115,The Jersey Shore,PROBABLE,Face,PROBABLE,,,,,N/A,N/A,N/A,N/A,N/A,N/A,FALSE,FALSE,10,CONFIRMED,rusev,24:32,1472,2:28,148,CONFIRMED,,0,,0,0,FALSE,FALSE,FALSE,FALSE,FALSE,FALSE,TRUE,TRUE,FALSE,TRUE,FALSE,FALSE,WWE,PROBABLE,FALSE,CONFIRMED,S106;S040;S049;S050;S481;S688;S1410;S1700;S1712;S1802,,
RR2015M,rusev,RR2015M,15,CONFIRMED,Rusev,Rusev,1,2,FALSE,2014,Eliminated (elim #3),3,FALSE,FALSE,N/A,FALSE,N/A,"29 Years, 1 Months, 0 Days",DERIVED,1.83,138,Bulgaria,PROBABLE,Heel,PROBABLE,,Lana,,,WWE United States Championship,Intercontinental/United States,N/A,1,2014-11-03,83,FALSE,FALSE,29,CONFIRMED,roman-reigns,59:34,3574,35:18,2118,CONFIRMED,,5,adam-rose;big-e;diamond-dallas-page;fandango;kofi-kingston,4,1,FALSE,FALSE,TRUE,TRUE,FALSE,TRUE,FALSE,FALSE,FALSE,FALSE,FALSE,FALSE,WWE,PROBABLE,FALSE,CONFIRMED,S106;S509;S514;S801;S1396;S1700;S1802,"Eliminated by Roman Reigns in the match's final moments -- the winning elimination, and the runner-up spot. Per S106, Rusev rolled to the floor after a Kane chokeslam and hid outside the ring for 9:19 (about 26.4% of his total survival time) before re-entering just before his actual elimination. His elim_ts computes to 59:34, one second short of the match's own stated 59:35 total -- S106 explicitly attributes this to a 1-2 second delay between Rusev's feet hitting the floor and the bell ringing, which it counted as part of the official match time.",
RR2015M,goldust,RR2015M,16,CONFIRMED,Goldust,Goldust,9,10,FALSE,2014,Eliminated (elim #12),12,FALSE,FALSE,N/A,FALSE,N/A,"45 Years, 9 Months, 14 Days",DERIVED,1.98,105,"Hollywood, California",PROBABLE,Face,PROBABLE,,,Gold & Stardust,,N/A,N/A,N/A,N/A,N/A,N/A,FALSE,FALSE,15,CONFIRMED,roman-reigns,32:37,1957,6:21,381,CONFIRMED,,0,,0,0,FALSE,FALSE,FALSE,FALSE,FALSE,FALSE,FALSE,FALSE,FALSE,FALSE,FALSE,FALSE,WWE,PROBABLE,FALSE,CONFIRMED,S106;S481;S109;S514;S065;S066;S488;S044;S045;S634;S1436;S1700;S1802,,CONFIRMED
RR2015M,kofi-kingston,RR2015M,17,CONFIRMED,Kofi Kingston,Kofi Kingston,6,7,FALSE,2014,Eliminated (elim #7),7,FALSE,FALSE,N/A,FALSE,N/A,"33 Years, 5 Months, 11 Days",DERIVED,1.83,96,"Ghana, West Africa",PROBABLE,Face,PROBABLE,,,The New Day,The New Day,N/A,N/A,N/A,N/A,N/A,N/A,FALSE,FALSE,14,CONFIRMED,rusev,30:51,1851,2:51,171,CONFIRMED,,1,adam-rose,0,1,FALSE,FALSE,FALSE,FALSE,FALSE,FALSE,FALSE,FALSE,FALSE,FALSE,FALSE,FALSE,WWE,PROBABLE,FALSE,CONFIRMED,S106;S514;S760;S1352;S1700;S1802,,
RR2015M,adam-rose,RR2015M,18,CONFIRMED,Adam Rose,Adam Rose,0,1,TRUE,N/A,N/A,N/A,TRUE,FALSE,N/A,FALSE,N/A,"35 Years, 6 Months, 5 Days",DERIVED,1.85,100,"Musha Cay, Bahamas",PROBABLE,Heel,PROBABLE,,,,,N/A,N/A,N/A,N/A,N/A,N/A,FALSE,FALSE,13,CONFIRMED,rusev;kofi-kingston,30:31,1831,0:10,10,CONFIRMED,,0,,0,0,FALSE,FALSE,FALSE,FALSE,FALSE,FALSE,FALSE,FALSE,FALSE,FALSE,FALSE,FALSE,WWE,PROBABLE,FALSE,CONFIRMED,S106;S814;S1411;S1684;S1700;S1802,,
RR2015M,roman-reigns,RR2015M,19,CONFIRMED,Roman Reigns,Roman Reigns,1,2,FALSE,2014,Runner-up (elim #29),29,FALSE,FALSE,N/A,FALSE,N/A,"29 Years, 8 Months, 0 Days",DERIVED,1.91,120,"Pensacola, Florida",PROBABLE,Face,PROBABLE,The Big Dog,,,,N/A,N/A,N/A,N/A,N/A,N/A,FALSE,FALSE,,N/A,,,,27:30,1650,CONFIRMED,,5,big-show;cody-rhodes;kane;rusev;titus-oneil,4,1,FALSE,TRUE,FALSE,TRUE,FALSE,TRUE,FALSE,FALSE,FALSE,FALSE,FALSE,FALSE,WWE,PROBABLE,FALSE,CONFIRMED,S106;S804;S1399;S1700;S1802,"Entered #19 and won his 1st career Royal Rumble, eliminating Rusev roughly 20 seconds after Rusev re-entered the ring following an interference sequence. Per S106, Reigns was 'booed out of the building' by the live Philadelphia crowd, still smarting over Daniel Bryan's early elimination -- even a surprise late appearance and endorsement from The Rock (who also physically confronted the already-eliminated Big Show and Kane at ringside) could not turn the crowd. Not modeled as entrant/elimination rows since Rock never officially competed.",
RR2015M,big-e,RR2015M,20,CONFIRMED,Big E,Big E,1,2,FALSE,2014,Eliminated (elim #21),21,FALSE,FALSE,N/A,FALSE,N/A,"28 Years, 10 Months, 24 Days",DERIVED,1.80,129,"Tampa, Florida",PROBABLE,Face,PROBABLE,,,The New Day,The New Day,N/A,N/A,N/A,N/A,N/A,N/A,FALSE,FALSE,19,CONFIRMED,rusev,48:16,2896,14:49,889,CONFIRMED,,0,,0,0,FALSE,FALSE,FALSE,FALSE,FALSE,FALSE,FALSE,FALSE,FALSE,FALSE,FALSE,FALSE,WWE,PROBABLE,FALSE,CONFIRMED,S106;S514;S809;S1405;S1700;S1802,,
RR2015M,damien-sandow,RR2015M,21,CONFIRMED,Damien Mizdow,Damien Mizdow,2,3,FALSE,2014,Eliminated (elim #1),1,FALSE,FALSE,N/A,FALSE,N/A,"32 Years, 5 Months, 22 Days",DERIVED,1.93,112,"Palo Alto, California",PROBABLE,Heel,PROBABLE,Damien Mizdow,,The Miz & Damien Mizdow,,N/A,N/A,N/A,N/A,N/A,N/A,FALSE,FALSE,17,CONFIRMED,rusev,36:01,2161,0:18,18,CONFIRMED,,0,,0,0,FALSE,FALSE,FALSE,FALSE,FALSE,FALSE,FALSE,FALSE,FALSE,FALSE,FALSE,FALSE,WWE,PROBABLE,FALSE,CONFIRMED,S106;S481;S109;S514;S794;S1436;S1519;S1700;S1802,"Billed as 'Damien Mizdow' at this event -- the same performer as this database's existing 'damien-sandow' wrestler_id, reused per this database's established precedent.",CONFIRMED
RR2015M,jack-swagger,RR2015M,22,CONFIRMED,Jack Swagger,Jack Swagger,4,5,FALSE,2014,Eliminated (elim #6),6,FALSE,FALSE,N/A,FALSE,N/A,"32 Years, 10 Months, 1 Days",DERIVED,2.01,125,"Perry, Oklahoma",PROBABLE,Face,PROBABLE,,,,,N/A,N/A,N/A,N/A,N/A,N/A,FALSE,FALSE,21,CONFIRMED,big-show,49:40,2980,12:50,770,CONFIRMED,,0,,0,0,FALSE,FALSE,FALSE,FALSE,FALSE,FALSE,FALSE,FALSE,FALSE,FALSE,FALSE,FALSE,WWE,PROBABLE,FALSE,CONFIRMED,S106;S775;S1370;S1700;S1802,,
RR2015M,ryback,RR2015M,23,CONFIRMED,Ryback,Ryback,2,3,FALSE,2014,Eliminated (elim #19),19,FALSE,FALSE,N/A,FALSE,N/A,"33 Years, 2 Months, 15 Days",DERIVED,1.91,132,"College Station, Texas",PROBABLE,Face,PROBABLE,,,,,N/A,N/A,N/A,N/A,N/A,N/A,FALSE,FALSE,20,CONFIRMED,big-show;kane,49:32,2972,11:00,660,CONFIRMED,,0,,0,0,FALSE,FALSE,FALSE,FALSE,FALSE,FALSE,FALSE,FALSE,FALSE,FALSE,FALSE,FALSE,WWE,PROBABLE,FALSE,CONFIRMED,S106;S795;S1391;S1700;S1802,,
RR2015M,kane,RR2015M,24,CONFIRMED,Kane,Kane,17,18,FALSE,2014,Eliminated (elim #2),2,FALSE,FALSE,N/A,FALSE,N/A,"47 Years, 8 Months, 30 Days",DERIVED,2.13,147,Parts Unknown,PROBABLE,Heel,PROBABLE,,,,The Authority,N/A,N/A,N/A,N/A,N/A,N/A,FALSE,FALSE,27,CONFIRMED,roman-reigns,57:13,3433,16:55,1015,CONFIRMED,,2,dolph-ziggler;ryback,0,2,FALSE,FALSE,FALSE,FALSE,FALSE,TRUE,FALSE,FALSE,FALSE,FALSE,FALSE,FALSE,WWE,PROBABLE,TRUE,CONFIRMED,S106;S514;S068;S069;S044;S045;S479;S628;S1334;S1700;S1802,"Eliminated together by Roman Reigns in a simultaneous double-elimination (both entrants' elim_ts compute to an identical 57:13) that triggered a false match-ending bell, since Rusev was still an active competitor. The Rock physically confronted both wrestlers at ringside afterward, per S106.",
RR2015M,dean-ambrose,RR2015M,25,CONFIRMED,Dean Ambrose,Dean Ambrose,1,2,FALSE,2014,Eliminated (elim #26),26,FALSE,FALSE,N/A,FALSE,N/A,"29 Years, 1 Months, 18 Days",DERIVED,1.93,105,"Cincinnati, Ohio",PROBABLE,Face,PROBABLE,,,,,N/A,N/A,N/A,N/A,N/A,N/A,FALSE,FALSE,26,CONFIRMED,big-show;kane,55:11,3311,13:30,810,CONFIRMED,,1,titus-oneil,0,1,FALSE,FALSE,FALSE,FALSE,FALSE,FALSE,FALSE,FALSE,FALSE,FALSE,FALSE,FALSE,WWE,PROBABLE,FALSE,CONFIRMED,S106;S481;S109;S803;S1398;S1690;S1700;S1802,"Externally fact-checked 2026-09-17: Wikipedia independently agrees with this database's internal 10:40 figure, upgrading it to CONFIRMED (2-source agreement). The competing 'WWE's own 13:30 figure' cited elsewhere in Shane's document could not be independently located verbatim by any external source checked; a related but not-identical figure (13:31) appears on allrumblestats.com, whose underlying methodology could not be verified. Both remain documented as unresolved alternate figures rather than discarded -- see F309.",CONFIRMED
RR2015M,titus-oneil,RR2015M,26,CONFIRMED,Titus O'Neil,Titus O'Neil,1,2,FALSE,2013,Eliminated (elim #3),3,FALSE,FALSE,N/A,FALSE,N/A,"37 Years, 8 Months, 27 Days",DERIVED,1.98,122,"Live Oak, Florida",PROBABLE,Heel,PROBABLE,,,,,N/A,N/A,N/A,N/A,N/A,N/A,FALSE,FALSE,18,CONFIRMED,dean-ambrose;roman-reigns,43:35,2615,0:05,5,CONFIRMED,,0,,0,0,FALSE,FALSE,FALSE,FALSE,FALSE,FALSE,FALSE,FALSE,FALSE,FALSE,FALSE,FALSE,WWE,PROBABLE,FALSE,CONFIRMED,S106;S797;S1436;S1700;S1802,,
RR2015M,wade-barrett,RR2015M,27,CONFIRMED,Bad News Barrett,Bad News Barrett,3,4,FALSE,2013,Eliminated (elim #20),20,FALSE,FALSE,N/A,FALSE,N/A,"34 Years, 5 Months, 15 Days",DERIVED,2.01,112,"Manchester, England",PROBABLE,Heel,PROBABLE,Bad News Barrett,,,,WWE Intercontinental Championship,Intercontinental,N/A,5,2015-01-05,20,FALSE,FALSE,22,CONFIRMED,dolph-ziggler,51:01,3061,5:47,347,CONFIRMED,,0,,0,0,FALSE,FALSE,FALSE,FALSE,FALSE,FALSE,FALSE,FALSE,FALSE,FALSE,FALSE,FALSE,WWE,PROBABLE,FALSE,CONFIRMED,S106;S514;S509;S777;S1372;S1700;S1802,"Billed as 'Bad News Barrett' at this event -- the same performer as this database's existing 'wade-barrett' wrestler_id, reused per this database's established precedent.",
RR2015M,cesaro,RR2015M,28,CONFIRMED,Cesaro,Cesaro,2,3,FALSE,2014,Eliminated (elim #24),24,FALSE,FALSE,N/A,FALSE,N/A,"34 Years, 0 Months, 29 Days",DERIVED,1.96,105,"Lucerne, Switzerland",PROBABLE,Heel,PROBABLE,,Natalya,Cesaro & Tyson Kidd,,N/A,N/A,N/A,N/A,N/A,N/A,FALSE,FALSE,23,CONFIRMED,dolph-ziggler,52:01,3121,4:56,296,CONFIRMED,,0,,0,0,FALSE,FALSE,FALSE,FALSE,FALSE,FALSE,FALSE,FALSE,FALSE,FALSE,FALSE,FALSE,WWE,PROBABLE,FALSE,CONFIRMED,S106;S481;S109;S514;S509;S796;S1392;S1687;S1700;S1802,,CONFIRMED
RR2015M,big-show,RR2015M,29,CONFIRMED,Big Show,Big Show,9,10,FALSE,2012,Eliminated (elim #27),27,FALSE,FALSE,N/A,FALSE,N/A,"42 Years, 11 Months, 17 Days",DERIVED,2.13,227,"Tampa, Florida",PROBABLE,Heel,PROBABLE,,,,The Authority,N/A,N/A,N/A,N/A,N/A,N/A,FALSE,FALSE,28,CONFIRMED,roman-reigns,57:13,3433,8:21,501,CONFIRMED,,3,dolph-ziggler;jack-swagger;ryback,1,2,FALSE,FALSE,FALSE,FALSE,FALSE,TRUE,FALSE,FALSE,FALSE,FALSE,FALSE,FALSE,WWE,PROBABLE,FALSE,CONFIRMED,S106;S514;S067;S073;S040;S052;S042;S481;S489;S485;S675;S1358;S1700;S1802,"Eliminated together by Roman Reigns in a simultaneous double-elimination (both entrants' elim_ts compute to an identical 57:13) that triggered a false match-ending bell, since Rusev was still an active competitor. The Rock physically confronted both wrestlers at ringside afterward, per S106.",
RR2015M,dolph-ziggler,RR2015M,30,CONFIRMED,Dolph Ziggler,Dolph Ziggler,6,7,FALSE,2014,Eliminated (elim #8),8,FALSE,FALSE,N/A,FALSE,N/A,"34 Years, 5 Months, 29 Days",DERIVED,1.83,97,"Hollywood, Florida",PROBABLE,Face,PROBABLE,,,,,N/A,N/A,N/A,N/A,N/A,N/A,FALSE,FALSE,24,CONFIRMED,big-show;kane,52:52,3172,2:20,140,CONFIRMED,,1,wade-barrett,1,0,FALSE,FALSE,FALSE,FALSE,FALSE,FALSE,FALSE,FALSE,FALSE,FALSE,FALSE,FALSE,WWE,PROBABLE,FALSE,CONFIRMED,S106;S763;S1356;S1700;S1802,,
RR2016M,roman-reigns,RR2016M,1,CONFIRMED,Roman Reigns,Roman Reigns,2,3,FALSE,2015,Won,N/A,FALSE,FALSE,N/A,FALSE,N/A,"30 Years, 7 Months, 30 Days",DERIVED,1.91,120,"Pensacola, Florida",PROBABLE,Face,PROBABLE,The Big Dog,,,,WWE Championship,World,N/A,2,2015-12-14,41,FALSE,FALSE,28,CONFIRMED,hunter-hearst-helmsley,59:48,3588,59:48,3588,CONFIRMED,,5,alberto-del-rio;rusev;sheamus;the-miz;tyler-breeze,4,1,FALSE,FALSE,FALSE,FALSE,TRUE,TRUE,FALSE,FALSE,FALSE,FALSE,FALSE,FALSE,WWE,PROBABLE,FALSE,CONFIRMED,S036;S040;S107;S109;S113;S481;S515;S510;S804;S1399;S1700;S1803,"Entered #1 (pre-bell) as the reigning WWE Champion, defending the title WITHIN this Royal Rumble match itself (per S107's direct statement that the match 'featured Roman Reigns trying to overcome everybody on the roster but ultimately losing his WWE Championship to Triple H') -- only the second time in Rumble history a world title was decided by the match itself, after Ric Flair in 1992. He lost the championship as a consequence of the match's outcome (Triple H winning), not via any separate same-card title match -- see F296, correcting an earlier pass's erroneous claim that he lost the title to Sheamus earlier that night (no such match exists in the source; Sheamus's own real-world MITB cash-in loss of the title back to Reigns happened in December 2015, a different event entirely, likely the source of the original error). RAW survival time is 59:48 (used for this row's ring_time/elim_ts fields, per this database's standard convention), but S107 separately tracks an ADJUSTED figure of 29:25: Reigns was dragged outside the ring and attacked by the League of Nations starting at the 21:00 mark, was last seen on camera walking to the back at 26:48, and did not return to the ring until 51:23 -- his two active stretches (0:00-21:00 and 51:23-59:48) sum to 29:25. See F292. Externally fact-checked 2026-09-17: the 29:25 ADJUSTED figure is independently corroborated by a Cageside Seats dedicated timing-and-statistics article ('59m 48s (adjusted to 29m 25s accounting for ring absence)'), matching this database's own internal figure exactly -- strong external validation. Kofi Kingston's parallel adjusted figure (4:29) could not be independently corroborated this pass -- no external source gives a specific adjusted number for him, though the underlying absence event itself (caught on Big E's shoulders, avoiding official elimination) is independently confirmed by 2 sources (Wrestling Inc, TJR Wrestling). See F316. Tied for most eliminations in the match (5 each), 2-source agreement (Fightful's stats piece, allrumblestats.com's own Eliminations column) -- externally fact-checked 2026-09-17.",CONFIRMED
RR2016M,rusev,RR2016M,2,CONFIRMED,Rusev,Rusev,2,3,FALSE,2015,Runner-up (elim #29),29,FALSE,FALSE,N/A,FALSE,N/A,"30 Years, 0 Months, 30 Days",DERIVED,1.83,138,Bulgaria,PROBABLE,Heel,PROBABLE,,Lana,,The League of Nations,N/A,N/A,N/A,N/A,N/A,N/A,FALSE,FALSE,1,CONFIRMED,roman-reigns,1:30,90,1:30,90,CONFIRMED,,0,,0,0,FALSE,FALSE,FALSE,FALSE,FALSE,FALSE,FALSE,FALSE,FALSE,FALSE,FALSE,FALSE,WWE,PROBABLE,FALSE,CONFIRMED,S040;S107;S109;S510;S515;S801;S1396;S1700;S1803,,
RR2016M,aj-styles,RR2016M,3,CONFIRMED,AJ Styles,AJ Styles,0,1,TRUE,N/A,N/A,N/A,TRUE,TRUE,2016-01-24,FALSE,N/A,"38 Years, 7 Months, 22 Days",DERIVED,1.80,100,"Gainesville, Georgia",PROBABLE,Face,PROBABLE,,,,,N/A,N/A,N/A,N/A,N/A,N/A,FALSE,FALSE,11,CONFIRMED,kevin-owens,30:46,1846,27:49,1669,CONFIRMED,,2,curtis-axel;tyler-breeze,1,1,FALSE,FALSE,FALSE,FALSE,FALSE,FALSE,FALSE,FALSE,FALSE,FALSE,FALSE,FALSE,WWE,PROBABLE,FALSE,CONFIRMED,S040;S107;S109;S815;S1412;S1700;S1721;S1722;S1803,"Entered at #3, marking his WWE pay-per-view debut -- confirmed by multiple sources (a Wikipedia table fetch, CBS Sports headline coverage). Externally fact-checked 2026-09-17.",
RR2016M,tyler-breeze,RR2016M,4,CONFIRMED,Tyler Breeze,Tyler Breeze,0,1,TRUE,N/A,N/A,N/A,TRUE,FALSE,N/A,FALSE,N/A,"28 Years, 0 Months, 5 Days",DERIVED,1.83,93,"Daytona Beach, Florida",PROBABLE,Heel,PROBABLE,,,,,N/A,N/A,N/A,N/A,N/A,N/A,FALSE,FALSE,2,CONFIRMED,roman-reigns;aj-styles,5:13,313,0:57,57,CONFIRMED,,0,,0,0,FALSE,FALSE,FALSE,FALSE,FALSE,FALSE,FALSE,FALSE,FALSE,FALSE,FALSE,FALSE,WWE,PROBABLE,FALSE,CONFIRMED,S040;S107;S109;S816;S1413;S1700;S1803,,
RR2016M,curtis-axel,RR2016M,5,CONFIRMED,Curtis Axel,Curtis Axel,1,2,FALSE,2015,Eliminated (elim #4),4,FALSE,FALSE,N/A,FALSE,N/A,"36 Years, 3 Months, 23 Days",DERIVED,1.91,103,"Minneapolis, Minnesota",PROBABLE,Heel,PROBABLE,,,,The Social Outcasts,N/A,N/A,N/A,N/A,N/A,N/A,FALSE,FALSE,3,CONFIRMED,aj-styles,7:04,424,1:08,68,CONFIRMED,,0,,0,0,FALSE,FALSE,FALSE,FALSE,FALSE,FALSE,FALSE,FALSE,FALSE,FALSE,FALSE,FALSE,WWE,PROBABLE,FALSE,CONFIRMED,S040;S107;S109;S515;S812;S1408;S769;S1700;S1803,,
RR2016M,chris-jericho,RR2016M,6,CONFIRMED,Chris Jericho,Chris Jericho,8,9,FALSE,2013,Eliminated (elim #25),25,FALSE,FALSE,N/A,FALSE,N/A,"45 Years, 2 Months, 15 Days",DERIVED,1.83,103,"Winnipeg, Manitoba, Canada",PROBABLE,Face,PROBABLE,,,,,N/A,N/A,N/A,N/A,N/A,N/A,FALSE,FALSE,26,CONFIRMED,dean-ambrose,58:40,3520,50:47,3047,CONFIRMED,,1,kofi-kingston,1,0,FALSE,FALSE,FALSE,FALSE,FALSE,FALSE,FALSE,FALSE,FALSE,FALSE,FALSE,FALSE,WWE,PROBABLE,FALSE,CONFIRMED,S040;S107;S109;S068;S069;S436;S671;S1349;S1700;S1803,,
RR2016M,kane,RR2016M,7,CONFIRMED,Kane,Kane,18,19,FALSE,2015,Eliminated (elim #27),27,FALSE,FALSE,N/A,FALSE,N/A,"48 Years, 8 Months, 29 Days",DERIVED,2.13,147,Parts Unknown,PROBABLE,Face,PROBABLE,,,,,N/A,N/A,N/A,N/A,N/A,N/A,FALSE,FALSE,9,CONFIRMED,braun-strowman,28:19,1699,18:43,1123,CONFIRMED,,1,r-truth,1,0,FALSE,FALSE,FALSE,FALSE,FALSE,FALSE,FALSE,FALSE,FALSE,FALSE,FALSE,FALSE,WWE,PROBABLE,TRUE,CONFIRMED,S040;S107;S109;S068;S069;S044;S045;S479;S628;S1334;S1700;S1803,"Eliminated by Braun Strowman, back-to-back with the other in the same waiting period (51 seconds apart). Coincidentally, this exact Kane/Big Show pairing was ALSO eliminated together the previous year (RR2015M), that time simultaneously and by a different eliminator (Roman Reigns).",
RR2016M,goldust,RR2016M,8,CONFIRMED,Goldust,Goldust,10,11,FALSE,2015,Eliminated (elim #15),15,FALSE,FALSE,N/A,FALSE,N/A,"46 Years, 9 Months, 13 Days",DERIVED,1.98,105,"Hollywood, California",PROBABLE,Face,PROBABLE,,,,,N/A,N/A,N/A,N/A,N/A,N/A,FALSE,FALSE,4,CONFIRMED,titus-oneil,17:16,1036,5:57,357,CONFIRMED,,0,,0,0,FALSE,FALSE,FALSE,FALSE,FALSE,FALSE,FALSE,FALSE,FALSE,FALSE,FALSE,FALSE,WWE,PROBABLE,FALSE,CONFIRMED,S040;S107;S109;S065;S066;S488;S044;S045;S634;S1437;S1700;S1803,,
RR2016M,ryback,RR2016M,9,CONFIRMED,Ryback,Ryback,3,4,FALSE,2015,Eliminated (elim #20),20,FALSE,FALSE,N/A,FALSE,N/A,"34 Years, 2 Months, 14 Days",DERIVED,1.91,132,"College Station, Texas",PROBABLE,Face,PROBABLE,,,,,N/A,N/A,N/A,N/A,N/A,N/A,FALSE,FALSE,8,CONFIRMED,big-show,25:20,1520,12:20,740,CONFIRMED,,0,,0,0,FALSE,FALSE,FALSE,FALSE,FALSE,FALSE,FALSE,FALSE,FALSE,FALSE,FALSE,FALSE,WWE,PROBABLE,FALSE,CONFIRMED,S040;S107;S109;S795;S1391;S1700;S1803,,
RR2016M,kofi-kingston,RR2016M,10,CONFIRMED,Kofi Kingston,Kofi Kingston,7,8,FALSE,2015,Eliminated (elim #14),14,FALSE,FALSE,N/A,FALSE,N/A,"34 Years, 5 Months, 10 Days",DERIVED,1.83,96,"Ghana, West Africa",PROBABLE,Heel,PROBABLE,,,The New Day,The New Day,WWE Tag Team Championship,Tag Team,Big E and Xavier Woods,2,2015-08-23,154,FALSE,FALSE,6,CONFIRMED,chris-jericho,22:57,1377,8:10,490,CONFIRMED,,0,,0,0,FALSE,FALSE,FALSE,FALSE,FALSE,FALSE,FALSE,FALSE,FALSE,FALSE,TRUE,FALSE,WWE,PROBABLE,FALSE,CONFIRMED,S037;S039;S040;S107;S109;S515;S510;S760;S1352;S1700;S1803,"RAW survival time is 8:10 (used for this row's ring_time/elim_ts fields), but S107 separately tracks an ADJUSTED figure of 4:29 for an extended mid-match absence. His elimination was not shown live on camera -- S107 pins it down via a replay shown minutes later, to within an estimated 4-second margin of confidence. See F292.",
RR2016M,titus-oneil,RR2016M,11,CONFIRMED,Titus O'Neil,Titus O'Neil,2,3,FALSE,2015,Eliminated (elim #18),18,FALSE,FALSE,N/A,FALSE,N/A,"38 Years, 8 Months, 26 Days",DERIVED,1.98,122,"Live Oak, Florida",PROBABLE,Face,PROBABLE,,,,,N/A,N/A,N/A,N/A,N/A,N/A,FALSE,FALSE,7,CONFIRMED,big-show,25:14,1514,8:56,536,CONFIRMED,,1,goldust,1,0,FALSE,FALSE,FALSE,FALSE,FALSE,FALSE,FALSE,FALSE,FALSE,FALSE,FALSE,FALSE,WWE,PROBABLE,FALSE,CONFIRMED,S040;S107;S109;S797;S1437;S1700;S1803,,
RR2016M,r-truth,RR2016M,12,CONFIRMED,R-Truth,R-Truth,7,8,FALSE,2015,Eliminated (elim #2),2,FALSE,FALSE,N/A,FALSE,N/A,"44 Years, 0 Months, 5 Days",DERIVED,1.88,100,"Charlotte, North Carolina",PROBABLE,Face,PROBABLE,,,,,N/A,N/A,N/A,N/A,N/A,N/A,FALSE,FALSE,5,CONFIRMED,kane,18:55,1135,0:37,37,CONFIRMED,,0,,0,0,FALSE,FALSE,FALSE,FALSE,FALSE,FALSE,FALSE,FALSE,FALSE,FALSE,FALSE,FALSE,WWE,PROBABLE,FALSE,CONFIRMED,S040;S107;S109;S761;S1437;S1700;S1803,,
RR2016M,luke-harper,RR2016M,13,CONFIRMED,Luke Harper,Luke Harper,2,3,FALSE,2015,Eliminated (elim #5),5,FALSE,FALSE,N/A,FALSE,N/A,"36 Years, 1 Months, 8 Days",DERIVED,1.96,125,"Buffalo, New York",PROBABLE,Heel,PROBABLE,,,The Wyatt Family,The Wyatt Family,N/A,N/A,N/A,N/A,N/A,N/A,FALSE,FALSE,19,CONFIRMED,brock-lesnar,44:18,2658,23:33,1413,CONFIRMED,,3,brock-lesnar;cody-rhodes;neville,2,1,FALSE,FALSE,FALSE,FALSE,FALSE,FALSE,FALSE,FALSE,FALSE,FALSE,FALSE,FALSE,WWE,PROBABLE,FALSE,CONFIRMED,S040;S107;S109;S515;S807;S1402;S1695;S1700;S1803,Eliminated by Brock Lesnar at the 44:18 mark (exact match to this script's own computed elim_ts).,
RR2016M,cody-rhodes,RR2016M,14,CONFIRMED,Stardust,Stardust,7,8,FALSE,2015,Eliminated (elim #16),16,FALSE,FALSE,N/A,FALSE,N/A,"30 Years, 6 Months, 25 Days",DERIVED,1.88,101,"Atlanta, Georgia",PROBABLE,Heel,PROBABLE,Stardust,,,,N/A,N/A,N/A,N/A,N/A,N/A,FALSE,FALSE,14,CONFIRMED,luke-harper,36:27,2187,13:57,837,CONFIRMED,,0,,0,0,FALSE,FALSE,FALSE,FALSE,FALSE,FALSE,FALSE,FALSE,FALSE,FALSE,FALSE,FALSE,WWE,PROBABLE,FALSE,CONFIRMED,S040;S107;S109;S515;S753;S1328;S1700;S1803,"Billed as 'Stardust' at this event -- the same performer as this database's existing 'cody-rhodes' wrestler_id, reused per this database's established precedent. His exact ring-entry moment was not shown on camera (Reigns's League of Nations attack was airing at the time), but S107 estimates the uncertainty at only a couple of seconds.",
RR2016M,big-show,RR2016M,15,CONFIRMED,Big Show,Big Show,10,11,FALSE,2015,Eliminated (elim #28),28,FALSE,FALSE,N/A,FALSE,N/A,"43 Years, 11 Months, 16 Days",DERIVED,2.13,227,"Tampa, Florida",PROBABLE,Heel,PROBABLE,,,,,N/A,N/A,N/A,N/A,N/A,N/A,FALSE,FALSE,10,CONFIRMED,braun-strowman,29:10,1750,4:21,261,CONFIRMED,,2,ryback;titus-oneil,2,0,FALSE,FALSE,FALSE,FALSE,FALSE,FALSE,FALSE,FALSE,FALSE,FALSE,FALSE,FALSE,WWE,PROBABLE,FALSE,CONFIRMED,S040;S107;S109;S067;S073;S052;S042;S481;S489;S485;S675;S1358;S1700;S1803,"Eliminated by Braun Strowman, back-to-back with the other in the same waiting period (51 seconds apart). Coincidentally, this exact Kane/Big Show pairing was ALSO eliminated together the previous year (RR2015M), that time simultaneously and by a different eliminator (Roman Reigns).",
RR2016M,neville,RR2016M,16,CONFIRMED,Neville,Neville,0,1,TRUE,N/A,N/A,N/A,TRUE,FALSE,N/A,FALSE,N/A,"29 Years, 5 Months, 2 Days",DERIVED,1.73,98,"Newcastle upon Tyne, England",PROBABLE,Face,PROBABLE,,,,,N/A,N/A,N/A,N/A,N/A,N/A,FALSE,FALSE,13,CONFIRMED,luke-harper,36:16,2176,10:01,601,CONFIRMED,,0,,0,0,FALSE,FALSE,FALSE,FALSE,FALSE,FALSE,FALSE,FALSE,FALSE,FALSE,FALSE,FALSE,WWE,PROBABLE,FALSE,CONFIRMED,S040;S107;S109;S817;S1437;S1696;S1700;S1803,,
RR2016M,braun-strowman,RR2016M,17,CONFIRMED,Braun Strowman,Braun Strowman,0,1,TRUE,N/A,N/A,N/A,TRUE,FALSE,N/A,FALSE,N/A,"32 Years, 4 Months, 18 Days",DERIVED,1.98,152,"Sherills Ford, North Carolina",PROBABLE,Heel,PROBABLE,,,The Wyatt Family,The Wyatt Family,N/A,N/A,N/A,N/A,N/A,N/A,FALSE,FALSE,20,CONFIRMED,brock-lesnar,45:46,2746,17:44,1064,CONFIRMED,,4,big-show;brock-lesnar;kane;sami-zayn,3,1,FALSE,FALSE,FALSE,FALSE,FALSE,FALSE,FALSE,FALSE,FALSE,FALSE,FALSE,FALSE,WWE,PROBABLE,FALSE,CONFIRMED,S040;S107;S109;S113;S515;S818;S1414;S1700;S1803,"Tied for most eliminations in the match (5 each), 2-source agreement (Fightful's stats piece, allrumblestats.com's own Eliminations column) -- externally fact-checked 2026-09-17.",
RR2016M,kevin-owens,RR2016M,18,CONFIRMED,Kevin Owens,Kevin Owens,0,1,TRUE,N/A,N/A,N/A,TRUE,FALSE,N/A,FALSE,N/A,"31 Years, 8 Months, 17 Days",DERIVED,1.83,110,"Marieville, Quebec, Canada",PROBABLE,Heel,PROBABLE,,,,,N/A,N/A,N/A,N/A,N/A,N/A,FALSE,FALSE,12,CONFIRMED,sami-zayn,34:37,2077,4:25,265,CONFIRMED,,1,aj-styles,1,0,FALSE,FALSE,FALSE,FALSE,FALSE,FALSE,FALSE,FALSE,FALSE,FALSE,TRUE,FALSE,WWE,PROBABLE,FALSE,CONFIRMED,S040;S107;S109;S481;S819;S1415;S1700;S1803,,CONFIRMED
RR2016M,dean-ambrose,RR2016M,19,CONFIRMED,Dean Ambrose,Dean Ambrose,2,3,FALSE,2015,Eliminated (elim #26),26,FALSE,FALSE,N/A,FALSE,N/A,"30 Years, 1 Months, 17 Days",DERIVED,1.93,105,"Cincinnati, Ohio",PROBABLE,Face,PROBABLE,,,,,WWE Intercontinental Championship,Intercontinental,N/A,1,2015-12-13,42,FALSE,FALSE,29,CONFIRMED,hunter-hearst-helmsley,61:42,3702,29:35,1775,CONFIRMED,,1,chris-jericho,1,0,FALSE,FALSE,TRUE,TRUE,TRUE,TRUE,FALSE,FALSE,FALSE,FALSE,TRUE,FALSE,WWE,PROBABLE,FALSE,CONFIRMED,S040;S107;S109;S515;S510;S803;S1398;S1690;S1700;S1803,"Eliminated by Triple H in the match's final second -- the winning elimination, and the runner-up spot. Also wrestled Kevin Owens in a Last Man Standing match earlier on the same card.",
RR2016M,sami-zayn,RR2016M,20,CONFIRMED,Sami Zayn,Sami Zayn,0,1,TRUE,N/A,N/A,N/A,TRUE,FALSE,N/A,FALSE,N/A,"31 Years, 6 Months, 12 Days",DERIVED,1.85,96,"Montreal, Quebec, Canada",PROBABLE,Face,PROBABLE,,,,,N/A,N/A,N/A,N/A,N/A,N/A,FALSE,FALSE,16,CONFIRMED,braun-strowman,38:36,2316,4:32,272,CONFIRMED,,0,,0,0,FALSE,FALSE,FALSE,FALSE,FALSE,FALSE,FALSE,FALSE,FALSE,FALSE,FALSE,FALSE,WWE,PROBABLE,FALSE,CONFIRMED,S040;S107;S109;S820;S1416;S1700;S1803,,
RR2016M,erick-rowan,RR2016M,21,CONFIRMED,Erick Rowan,Erick Rowan,1,2,FALSE,2014,Eliminated (elim #18),18,FALSE,FALSE,N/A,FALSE,N/A,"34 Years, 1 Months, 27 Days",DERIVED,2.03,143,"Minneapolis, Minnesota",PROBABLE,Heel,PROBABLE,,,The Wyatt Family,The Wyatt Family,N/A,N/A,N/A,N/A,N/A,N/A,FALSE,FALSE,17,CONFIRMED,brock-lesnar,39:57,2397,4:13,253,CONFIRMED,,1,brock-lesnar,0,1,FALSE,FALSE,FALSE,FALSE,FALSE,FALSE,FALSE,FALSE,FALSE,FALSE,FALSE,FALSE,WWE,PROBABLE,FALSE,CONFIRMED,S040;S107;S109;S515;S808;S1404;S1700;S1803,,
RR2016M,mark-henry,RR2016M,22,CONFIRMED,Mark Henry,Mark Henry,7,8,FALSE,2011,Eliminated (elim #11),11,FALSE,FALSE,N/A,FALSE,N/A,"44 Years, 7 Months, 12 Days",DERIVED,1.93,163,"Silsbee, Texas",PROBABLE,Face,PROBABLE,,,,,N/A,N/A,N/A,N/A,N/A,N/A,FALSE,FALSE,15,CONFIRMED,luke-harper;erick-rowan;braun-strowman,38:00,2280,0:28,28,CONFIRMED,,0,,0,0,FALSE,FALSE,FALSE,FALSE,FALSE,FALSE,FALSE,FALSE,FALSE,FALSE,FALSE,FALSE,WWE,PROBABLE,FALSE,CONFIRMED,S040;S107;S109;S481;S067;S073;S052;S042;S044;S045;S649;S1338;S1700;S1803,,CONFIRMED
RR2016M,brock-lesnar,RR2016M,23,CONFIRMED,Brock Lesnar,Brock Lesnar,1,2,FALSE,2003,Won,N/A,FALSE,FALSE,N/A,FALSE,N/A,"38 Years, 6 Months, 12 Days",DERIVED,1.91,130,"Minneapolis, Minnesota",PROBABLE,Face,PROBABLE,,Paul Heyman,,,N/A,N/A,N/A,N/A,N/A,N/A,FALSE,FALSE,21,CONFIRMED,bray-wyatt;erick-rowan;luke-harper;braun-strowman,48:31,2911,9:12,552,CONFIRMED,,4,braun-strowman;erick-rowan;jack-swagger;luke-harper,4,0,FALSE,FALSE,FALSE,FALSE,FALSE,FALSE,FALSE,FALSE,FALSE,FALSE,FALSE,FALSE,WWE,PROBABLE,FALSE,CONFIRMED,S040;S107;S109;S510;S515;S065;S066;S707;S1417;S1700;S1803,"Eliminated in a group interference spot by 'the entire Wyatt Family' per S107, with Bray Wyatt as the only individually-confirmed, officially-active eliminator credited this pass -- see F291. Also eliminated Luke Harper earlier in the match.",
RR2016M,jack-swagger,RR2016M,24,CONFIRMED,Jack Swagger,Jack Swagger,5,6,FALSE,2015,Eliminated (elim #21),21,FALSE,FALSE,N/A,FALSE,N/A,"33 Years, 10 Months, 0 Days",DERIVED,2.01,125,"Perry, Oklahoma",PROBABLE,Face,PROBABLE,,,,,N/A,N/A,N/A,N/A,N/A,N/A,FALSE,FALSE,18,CONFIRMED,brock-lesnar,41:18,2478,0:15,15,CONFIRMED,,0,,0,0,FALSE,FALSE,FALSE,FALSE,FALSE,FALSE,FALSE,FALSE,FALSE,FALSE,FALSE,FALSE,WWE,PROBABLE,FALSE,CONFIRMED,S040;S107;S109;S775;S1370;S1700;S1803,,
RR2016M,the-miz,RR2016M,25,CONFIRMED,Miz,Miz,8,9,FALSE,2015,Eliminated (elim #1),1,FALSE,FALSE,N/A,FALSE,N/A,"35 Years, 3 Months, 16 Days",DERIVED,1.88,100,"Cleveland, Ohio",PROBABLE,Heel,PROBABLE,The Miz,,,,N/A,N/A,N/A,N/A,N/A,N/A,FALSE,FALSE,22,CONFIRMED,roman-reigns,51:26,3086,1:38,98,CONFIRMED,,0,,0,0,FALSE,FALSE,FALSE,FALSE,FALSE,FALSE,FALSE,FALSE,FALSE,FALSE,FALSE,FALSE,WWE,PROBABLE,FALSE,CONFIRMED,S040;S107;S109;S515;S749;S1330;S1700;S1803,,
RR2016M,alberto-del-rio,RR2016M,26,CONFIRMED,Alberto Del Rio,Alberto Del Rio,2,3,FALSE,2014,Eliminated (elim #20),20,FALSE,FALSE,N/A,FALSE,N/A,"38 Years, 7 Months, 30 Days",DERIVED,1.96,108,"San Luis Potosí, Mexico",PROBABLE,Heel,PROBABLE,,,,The League of Nations,WWE United States Championship,Intercontinental/United States,N/A,2,2016-01-14,10,FALSE,FALSE,23,CONFIRMED,roman-reigns,51:36,3096,6:47,407,CONFIRMED,,0,,0,0,FALSE,FALSE,FALSE,FALSE,FALSE,FALSE,FALSE,FALSE,FALSE,FALSE,TRUE,FALSE,WWE,PROBABLE,FALSE,CONFIRMED,S040;S107;S109;S510;S515;S781;S1376;S1700;S1803,,
RR2016M,bray-wyatt,RR2016M,27,CONFIRMED,Bray Wyatt,Bray Wyatt,2,3,FALSE,2015,Eliminated (elim #25),25,FALSE,FALSE,N/A,FALSE,N/A,"28 Years, 8 Months, 1 Days",DERIVED,1.91,129,"Brooksville, Florida",PROBABLE,Heel,PROBABLE,,,The Wyatt Family,The Wyatt Family,N/A,N/A,N/A,N/A,N/A,N/A,FALSE,FALSE,25,CONFIRMED,sheamus;hunter-hearst-helmsley,57:41,3461,10:44,644,CONFIRMED,,1,brock-lesnar,0,1,FALSE,FALSE,FALSE,FALSE,FALSE,FALSE,FALSE,FALSE,FALSE,FALSE,FALSE,FALSE,WWE,PROBABLE,FALSE,CONFLICTING,S040;S107;S109;S481;S515;S811;S1407;S1700;S1803,Wikipedia credits Sheamus and Triple H jointly; Pro Wrestling History credits Sheamus alone. See F523.,CONFLICTING
RR2016M,dolph-ziggler,RR2016M,28,CONFIRMED,Dolph Ziggler,Dolph Ziggler,7,8,FALSE,2015,Eliminated (elim #24),24,FALSE,FALSE,N/A,FALSE,N/A,"35 Years, 5 Months, 28 Days",DERIVED,1.83,97,"Hollywood, Florida",PROBABLE,Face,PROBABLE,,,,,N/A,N/A,N/A,N/A,N/A,N/A,FALSE,FALSE,24,CONFIRMED,hunter-hearst-helmsley,56:28,3388,7:00,420,CONFIRMED,,0,,0,0,FALSE,FALSE,FALSE,FALSE,FALSE,FALSE,FALSE,FALSE,FALSE,FALSE,FALSE,FALSE,WWE,PROBABLE,FALSE,CONFIRMED,S040;S107;S109;S763;S1356;S1700;S1803,,
RR2016M,sheamus,RR2016M,29,CONFIRMED,Sheamus,Sheamus,4,5,FALSE,2014,Eliminated (elim #28),28,FALSE,FALSE,N/A,FALSE,N/A,"37 Years, 11 Months, 27 Days",DERIVED,1.91,121,"Dublin, Ireland",PROBABLE,Heel,PROBABLE,,,,The League of Nations,N/A,N/A,N/A,N/A,N/A,N/A,FALSE,FALSE,27,CONFIRMED,roman-reigns,59:44,3584,4:18,258,CONFIRMED,,0,,0,0,FALSE,FALSE,FALSE,FALSE,FALSE,TRUE,FALSE,FALSE,FALSE,FALSE,FALSE,FALSE,WWE,PROBABLE,FALSE,CONFIRMED,S040;S107;S109;S510;S515;S776;S1371;S1700;S1803,,
RR2016M,hunter-hearst-helmsley,RR2016M,30,CONFIRMED,Triple H,Triple H,8,9,FALSE,2010,Eliminated (elim #17),17,FALSE,FALSE,N/A,FALSE,N/A,"46 Years, 5 Months, 28 Days",DERIVED,1.93,120,"Greenwich, Connecticut",PROBABLE,Heel,PROBABLE,,,,The Authority,N/A,N/A,N/A,N/A,N/A,N/A,FALSE,FALSE,,N/A,,,,7:49,469,CONFIRMED,,2,dean-ambrose;dolph-ziggler,2,0,FALSE,TRUE,FALSE,TRUE,TRUE,TRUE,FALSE,FALSE,FALSE,FALSE,FALSE,FALSE,WWE,PROBABLE,FALSE,CONFIRMED,S040;S107;S109;S024;S037;S049;S050;S051;S044;S045;S479;S619;S1341;S1700;S1803,"Entered #30 (the official final entrant) and won, eliminating Dean Ambrose in the match's final second. Per S107, despite being the LATER official entrant, Triple H physically stepped into the ring BEFORE #29 Sheamus, whose own entrance was interrupted by a Roman Reigns attack and stretched to 4:29 versus Triple H's 1:17. See F293.",
RR2017M,big-cass,RR2017M,1,CONFIRMED,Big Cass,Big Cass,0,1,TRUE,N/A,N/A,N/A,TRUE,FALSE,N/A,FALSE,N/A,"30 Years, 5 Months, 13 Days",DERIVED,2.13,125,"Queens, New York",PROBABLE,Face,PROBABLE,,,Enzo & Cass,,N/A,N/A,N/A,N/A,N/A,N/A,FALSE,FALSE,3,CONFIRMED,braun-strowman,,,9:57,597,CONFIRMED,,,,,,FALSE,FALSE,FALSE,FALSE,FALSE,FALSE,FALSE,FALSE,FALSE,FALSE,FALSE,FALSE,Raw,PROBABLE,FALSE,CONFIRMED,S140;S141;S142;S143;S516;S821;S1418;S1700;S1804,,
RR2017M,chris-jericho,RR2017M,2,CONFIRMED,Chris Jericho,Chris Jericho,9,10,FALSE,2016,Eliminated (elim #26),26,FALSE,FALSE,N/A,FALSE,N/A,"46 Years, 2 Months, 20 Days",DERIVED,1.83,103,"Winnipeg, Manitoba, Canada",PROBABLE,Heel,PROBABLE,,,,,WWE United States Championship,Intercontinental/United States,N/A,1,2017-01-09,20,FALSE,FALSE,27,CONFIRMED,roman-reigns,,,1:00:13,3613,CONFIRMED,,2,sheamus;cesaro,2,0,FALSE,FALSE,FALSE,FALSE,FALSE,TRUE,FALSE,FALSE,FALSE,FALSE,FALSE,FALSE,Raw,PROBABLE,FALSE,CONFIRMED,S140;S141;S142;S143;S516;S511;S068;S069;S436;S671;S1349;S1700;S1804,"Longest ring time of the match, over an hour (1:00:13).",
RR2017M,kalisto,RR2017M,3,CONFIRMED,Kalisto,Kalisto,0,1,TRUE,N/A,N/A,N/A,TRUE,FALSE,N/A,FALSE,N/A,"30 Years, 2 Months, 15 Days",DERIVED,1.68,77,"Pilsen, Illinois",PROBABLE,Face,PROBABLE,,,,,N/A,N/A,N/A,N/A,N/A,N/A,FALSE,FALSE,4,CONFIRMED,braun-strowman,,,8:17,497,CONFIRMED,,,,,,FALSE,FALSE,FALSE,FALSE,FALSE,FALSE,FALSE,FALSE,FALSE,FALSE,FALSE,FALSE,SmackDown,PROBABLE,TRUE,CONFIRMED,S140;S141;S142;S143;S822;S1438;S1700;S1804,,
RR2017M,mojo-rawley,RR2017M,4,CONFIRMED,Mojo Rawley,Mojo Rawley,0,1,TRUE,N/A,N/A,N/A,TRUE,FALSE,N/A,FALSE,N/A,"30 Years, 6 Months, 12 Days",DERIVED,1.93,120,"Alexandria, Virginia",PROBABLE,Face,PROBABLE,,,,,N/A,N/A,N/A,N/A,N/A,N/A,FALSE,FALSE,2,CONFIRMED,braun-strowman,,,6:16,376,CONFIRMED,,,,,,FALSE,FALSE,FALSE,FALSE,FALSE,FALSE,FALSE,FALSE,FALSE,FALSE,FALSE,FALSE,SmackDown,PROBABLE,FALSE,CONFIRMED,S140;S141;S142;S143;S823;S1420;S1700;S1804,,
RR2017M,jack-gallagher,RR2017M,5,CONFIRMED,Jack Gallagher,Jack Gallagher,0,1,TRUE,N/A,N/A,N/A,TRUE,FALSE,N/A,FALSE,N/A,"27 Years, 0 Months, 22 Days",DERIVED,1.73,76,"Manchester, England",PROBABLE,Face,PROBABLE,Gentleman Jack Gallagher,,,,N/A,N/A,N/A,N/A,N/A,N/A,FALSE,FALSE,1,CONFIRMED,mark-henry,,,3:20,200,CONFIRMED,,,,,,FALSE,FALSE,FALSE,FALSE,FALSE,FALSE,FALSE,FALSE,FALSE,FALSE,FALSE,FALSE,Raw,PROBABLE,FALSE,CONFIRMED,S140;S141;S142;S143;S516;S824;S1421;S1700;S1804,,
RR2017M,mark-henry,RR2017M,6,CONFIRMED,Mark Henry,Mark Henry,8,9,FALSE,2016,Eliminated (elim #15),15,FALSE,FALSE,N/A,FALSE,N/A,"45 Years, 7 Months, 17 Days",DERIVED,1.93,163,"Silsbee, Texas",PROBABLE,Face,PROBABLE,,,,,N/A,N/A,N/A,N/A,N/A,N/A,FALSE,FALSE,5,CONFIRMED,braun-strowman,,,3:17,197,CONFIRMED,,1,jack-gallagher,1,0,FALSE,FALSE,FALSE,FALSE,FALSE,FALSE,FALSE,FALSE,FALSE,FALSE,FALSE,FALSE,Raw,PROBABLE,FALSE,CONFIRMED,S140;S141;S142;S143;S067;S073;S040;S052;S042;S481;S044;S045;S649;S1338;S1700;S1804,,
RR2017M,braun-strowman,RR2017M,7,CONFIRMED,Braun Strowman,Braun Strowman,1,2,FALSE,2016,Eliminated (elim #20),20,FALSE,FALSE,N/A,FALSE,N/A,"33 Years, 4 Months, 23 Days",DERIVED,1.98,152,"Sherills Ford, North Carolina",PROBABLE,Heel,PROBABLE,,,,,N/A,N/A,N/A,N/A,N/A,N/A,FALSE,FALSE,9,CONFIRMED,baron-corbin,,,13:11,791,CONFIRMED,,7,big-cass;kalisto;mojo-rawley;mark-henry;big-show;tye-dillinger;james-ellsworth,7,0,FALSE,FALSE,FALSE,FALSE,FALSE,FALSE,FALSE,FALSE,FALSE,FALSE,FALSE,FALSE,Raw,PROBABLE,FALSE,CONFIRMED,S140;S141;S142;S143;S818;S1414;S1700;S1804,"Strowman's 7 eliminations were the most of the match -- a dominant showing, though not yet the all-time record (Kane's 11, RR2001, still stood at this point; Strowman broke that record the following year, at the 2018 Greatest Royal Rumble in Saudi Arabia, out of this database's scope).",
RR2017M,sami-zayn,RR2017M,8,CONFIRMED,Sami Zayn,Sami Zayn,1,2,FALSE,2016,Eliminated (elim #16),16,FALSE,FALSE,N/A,FALSE,N/A,"32 Years, 6 Months, 17 Days",DERIVED,1.85,96,"Montreal, Quebec, Canada",PROBABLE,Face,PROBABLE,,,,,N/A,N/A,N/A,N/A,N/A,N/A,FALSE,FALSE,25,CONFIRMED,the-undertaker,,,46:55,2815,CONFIRMED,,,,,,FALSE,FALSE,FALSE,FALSE,FALSE,FALSE,FALSE,FALSE,FALSE,FALSE,FALSE,FALSE,Raw,PROBABLE,FALSE,CONFIRMED,S140;S141;S142;S143;S820;S1416;S1700;S1804,"The Undertaker's 4 eliminations this match, directly setting up his 'final' match against Roman Reigns at WrestleMania 33 (general knowledge, not independently re-sourced this pass).",
RR2017M,big-show,RR2017M,9,CONFIRMED,Big Show,Big Show,11,12,FALSE,2016,Eliminated (elim #10),10,FALSE,FALSE,N/A,FALSE,N/A,"44 Years, 11 Months, 21 Days",DERIVED,2.13,227,"Tampa, Florida",PROBABLE,Face,PROBABLE,,,,,N/A,N/A,N/A,N/A,N/A,N/A,FALSE,FALSE,6,CONFIRMED,braun-strowman,,,1:42,102,CONFIRMED,,,,,,FALSE,FALSE,FALSE,FALSE,FALSE,FALSE,FALSE,FALSE,FALSE,FALSE,FALSE,FALSE,SmackDown,PROBABLE,FALSE,CONFIRMED,S140;S141;S142;S143;S067;S073;S040;S052;S042;S481;S489;S485;S675;S1358;S1700;S1804,Big Show's participation this year was double-checked and settled definitively after an initial research ambiguity -- see script docstring.,
RR2017M,tye-dillinger,RR2017M,10,CONFIRMED,Tye Dillinger,Tye Dillinger,0,1,TRUE,N/A,N/A,N/A,TRUE,FALSE,N/A,FALSE,N/A,"35 Years, 11 Months, 10 Days",DERIVED,1.91,101,"Niagara Falls, Ontario, Canada",PROBABLE,Face,PROBABLE,The Perfect 10,,,,N/A,N/A,N/A,N/A,N/A,N/A,FALSE,FALSE,8,CONFIRMED,braun-strowman,,,5:27,327,CONFIRMED,,,,,,FALSE,FALSE,FALSE,FALSE,FALSE,FALSE,TRUE,FALSE,FALSE,FALSE,FALSE,FALSE,NXT,PROBABLE,FALSE,CONFIRMED,S140;S141;S142;S143;S516;S825;S1422;S1700;S1804,,
RR2017M,james-ellsworth,RR2017M,11,CONFIRMED,James Ellsworth,James Ellsworth,0,1,TRUE,N/A,N/A,N/A,TRUE,FALSE,N/A,FALSE,N/A,"32 Years, 1 Months, 18 Days",DERIVED,1.75,80,"Baltimore, Maryland",PROBABLE,Heel,PROBABLE,,,,,N/A,N/A,N/A,N/A,N/A,N/A,FALSE,FALSE,7,CONFIRMED,braun-strowman,,,0:15,15,CONFIRMED,,,,,,FALSE,FALSE,FALSE,FALSE,FALSE,FALSE,FALSE,FALSE,FALSE,FALSE,FALSE,FALSE,SmackDown,PROBABLE,FALSE,CONFIRMED,S140;S141;S142;S143;S826;S1423;S1700;S1804,"One of the shortest Royal Rumble appearances on record, part of a comedy angle.",
RR2017M,dean-ambrose,RR2017M,12,CONFIRMED,Dean Ambrose,Dean Ambrose,3,4,FALSE,2016,Runner-up (elim #29),29,FALSE,FALSE,N/A,FALSE,N/A,"31 Years, 1 Months, 22 Days",DERIVED,1.93,105,"Cincinnati, Ohio",PROBABLE,Face,PROBABLE,,,,,WWE Intercontinental Championship,Intercontinental,N/A,2,2017-01-03,26,FALSE,FALSE,16,CONFIRMED,brock-lesnar,,,26:55,1615,CONFIRMED,,,,,,FALSE,FALSE,FALSE,FALSE,FALSE,FALSE,FALSE,FALSE,FALSE,FALSE,FALSE,FALSE,SmackDown,PROBABLE,FALSE,CONFIRMED,S140;S141;S142;S143;S516;S511;S803;S1398;S1690;S1700;S1804,,
RR2017M,baron-corbin,RR2017M,13,CONFIRMED,Baron Corbin,Baron Corbin,0,1,TRUE,N/A,N/A,N/A,TRUE,FALSE,N/A,FALSE,N/A,"32 Years, 4 Months, 16 Days",DERIVED,2.03,129,Kansas City,PROBABLE,Heel,PROBABLE,,,,,N/A,N/A,N/A,N/A,N/A,N/A,FALSE,FALSE,21,CONFIRMED,the-undertaker,,,32:39,1959,CONFIRMED,,1,braun-strowman,1,0,FALSE,FALSE,FALSE,FALSE,FALSE,FALSE,FALSE,FALSE,FALSE,FALSE,FALSE,FALSE,SmackDown,PROBABLE,FALSE,CONFIRMED,S140;S141;S142;S143;S827;S1424;S1700;S1804,,
RR2017M,kofi-kingston,RR2017M,14,CONFIRMED,Kofi Kingston,Kofi Kingston,8,9,FALSE,2016,Eliminated (elim #6),6,FALSE,FALSE,N/A,FALSE,N/A,"35 Years, 5 Months, 15 Days",DERIVED,1.83,96,"Ghana, West Africa",PROBABLE,Face,PROBABLE,,,The New Day,The New Day,N/A,N/A,N/A,N/A,N/A,N/A,FALSE,FALSE,10,CONFIRMED,cesaro;sheamus,,,16:13,973,CONFIRMED,,,,,,FALSE,FALSE,FALSE,FALSE,FALSE,FALSE,FALSE,FALSE,FALSE,FALSE,FALSE,FALSE,Raw,PROBABLE,FALSE,CONFIRMED,S140;S141;S142;S143;S516;S760;S1352;S1700;S1804,"Shared elimination credit with Sheamus -- part of an ad hoc pairing, not yet WWE's later-established 'The Bar' tag team as of this date. See F363.",
RR2017M,the-miz,RR2017M,15,CONFIRMED,The Miz,The Miz,9,10,FALSE,2016,Eliminated (elim #22),22,FALSE,FALSE,N/A,FALSE,N/A,"36 Years, 3 Months, 21 Days",DERIVED,1.88,100,"Cleveland, Ohio",PROBABLE,Heel,PROBABLE,,Maryse,,,N/A,N/A,N/A,N/A,N/A,N/A,FALSE,FALSE,24,CONFIRMED,the-undertaker,,,32:44,1964,CONFIRMED,,,,,,FALSE,FALSE,FALSE,FALSE,FALSE,FALSE,FALSE,FALSE,FALSE,FALSE,FALSE,FALSE,SmackDown,PROBABLE,FALSE,CONFIRMED,S140;S141;S142;S143;S511;S516;S749;S1330;S1700;S1804,,
RR2017M,sheamus,RR2017M,16,CONFIRMED,Sheamus,Sheamus,5,6,FALSE,2016,Eliminated (elim #27),27,FALSE,FALSE,N/A,FALSE,N/A,"39 Years, 0 Months, 1 Days",DERIVED,1.91,121,"Dublin, Ireland",PROBABLE,Face,PROBABLE,,,Cesaro & Sheamus,,WWE Raw Tag Team Championship,Tag Team,Cesaro,1,2016-12-18,42,FALSE,FALSE,14,CONFLICTING,chris-jericho,,,12:13,733,CONFIRMED,,3,kofi-kingston;big-e;xavier-woods,0,3,FALSE,FALSE,FALSE,FALSE,FALSE,FALSE,FALSE,FALSE,FALSE,FALSE,FALSE,FALSE,Raw,PROBABLE,FALSE,CONFIRMED,S140;S141;S142;S143;S516;S511;S776;S1371;S1700;S1804,Relative elimination order versus Cesaro is CONFLICTING between sources -- see F360.,
RR2017M,big-e,RR2017M,17,CONFIRMED,Big E,Big E,2,3,FALSE,2015,Eliminated (elim #19),19,FALSE,FALSE,N/A,FALSE,N/A,"30 Years, 10 Months, 28 Days",DERIVED,1.80,129,"Tampa, Florida",PROBABLE,Face,PROBABLE,,,The New Day,The New Day,N/A,N/A,N/A,N/A,N/A,N/A,FALSE,FALSE,12,CONFIRMED,cesaro;sheamus,,,9:46,586,CONFIRMED,,,,,,FALSE,FALSE,FALSE,FALSE,FALSE,FALSE,FALSE,FALSE,FALSE,FALSE,FALSE,FALSE,Raw,PROBABLE,FALSE,CONFIRMED,S140;S141;S142;S143;S516;S809;S1405;S1700;S1804,Shared elimination credit with Sheamus.,
RR2017M,rusev,RR2017M,18,CONFIRMED,Rusev,Rusev,3,4,FALSE,2016,Eliminated (elim #1),1,FALSE,FALSE,N/A,FALSE,N/A,"31 Years, 1 Months, 4 Days",DERIVED,1.83,138,Bulgaria,PROBABLE,Heel,PROBABLE,,Lana,,,N/A,N/A,N/A,N/A,N/A,N/A,FALSE,FALSE,20,CONFIRMED,goldberg,,,22:31,1351,CONFIRMED,,,,,,FALSE,FALSE,FALSE,FALSE,FALSE,FALSE,FALSE,FALSE,FALSE,FALSE,FALSE,FALSE,Raw,PROBABLE,FALSE,CONFIRMED,S140;S141;S142;S143;S511;S516;S801;S1396;S1700;S1804,,
RR2017M,cesaro,RR2017M,19,CONFIRMED,Cesaro,Cesaro,3,4,FALSE,2015,Eliminated (elim #23),23,FALSE,FALSE,N/A,FALSE,N/A,"36 Years, 1 Months, 2 Days",DERIVED,1.96,105,"Lucerne, Switzerland",PROBABLE,Face,PROBABLE,,,Cesaro & Sheamus,,WWE Raw Tag Team Championship,Tag Team,Sheamus,1,2016-12-18,42,FALSE,FALSE,13,CONFLICTING,chris-jericho,,,6:44,404,CONFIRMED,,3,kofi-kingston;big-e;xavier-woods,0,3,FALSE,FALSE,FALSE,FALSE,FALSE,FALSE,FALSE,FALSE,FALSE,FALSE,FALSE,FALSE,Raw,PROBABLE,FALSE,CONFIRMED,S140;S141;S142;S143;S516;S511;S796;S1392;S1687;S1700;S1804,Relative elimination order versus Sheamus is CONFLICTING between sources -- see F360.,
RR2017M,xavier-woods,RR2017M,20,CONFIRMED,Xavier Woods,Xavier Woods,0,1,TRUE,N/A,N/A,N/A,TRUE,FALSE,N/A,FALSE,N/A,"30 Years, 4 Months, 25 Days",DERIVED,1.80,93,"Atlanta, Georgia",PROBABLE,Face,PROBABLE,,,The New Day,The New Day,N/A,N/A,N/A,N/A,N/A,N/A,FALSE,FALSE,11,CONFIRMED,cesaro;sheamus,,,4:47,287,CONFIRMED,,,,,,FALSE,FALSE,FALSE,FALSE,FALSE,FALSE,FALSE,FALSE,FALSE,FALSE,FALSE,FALSE,Raw,PROBABLE,FALSE,CONFIRMED,S140;S141;S142;S143;S516;S828;S1425;S1700;S1804,Shared elimination credit with Sheamus.,
RR2017M,bray-wyatt,RR2017M,21,CONFIRMED,Bray Wyatt,Bray Wyatt,3,4,FALSE,2016,Eliminated (elim #25),25,FALSE,FALSE,N/A,FALSE,N/A,"29 Years, 8 Months, 6 Days",DERIVED,1.91,129,"Brooksville, Florida",PROBABLE,Heel,PROBABLE,,,The Wyatt Family,The Wyatt Family,N/A,N/A,N/A,N/A,N/A,N/A,FALSE,FALSE,28,CONFIRMED,roman-reigns,,,24:11,1451,CONFIRMED,,,,,,FALSE,FALSE,FALSE,FALSE,TRUE,TRUE,FALSE,FALSE,FALSE,FALSE,FALSE,FALSE,SmackDown,PROBABLE,FALSE,CONFIRMED,S140;S141;S142;S143;S516;S811;S1407;S1700;S1804,,
RR2017M,apollo-crews,RR2017M,22,CONFIRMED,Apollo Crews,Apollo Crews,0,1,TRUE,N/A,N/A,N/A,TRUE,FALSE,N/A,FALSE,N/A,"29 Years, 5 Months, 7 Days",DERIVED,1.85,109,"Stone Mountain, Georgia",PROBABLE,Face,PROBABLE,,,,,N/A,N/A,N/A,N/A,N/A,N/A,FALSE,FALSE,15,CONFIRMED,luke-harper,,,5:46,346,CONFIRMED,,,,,,FALSE,FALSE,FALSE,FALSE,FALSE,FALSE,FALSE,FALSE,FALSE,FALSE,FALSE,FALSE,SmackDown,PROBABLE,FALSE,CONFIRMED,S140;S141;S142;S143;S829;S1426;S1700;S1804,,
RR2017M,randy-orton,RR2017M,23,CONFIRMED,Randy Orton,Randy Orton,7,8,FALSE,2013,Eliminated (elim #26),26,FALSE,FALSE,N/A,FALSE,N/A,"36 Years, 9 Months, 28 Days",DERIVED,1.96,113,"St. Louis, Missouri",PROBABLE,Heel,PROBABLE,Apex Predator,,The Wyatt Family,The Wyatt Family,N/A,N/A,N/A,N/A,N/A,N/A,FALSE,FALSE,,N/A,,,,20:52,1252,CONFIRMED,,1,roman-reigns,1,0,FALSE,TRUE,FALSE,TRUE,TRUE,TRUE,FALSE,FALSE,FALSE,FALSE,FALSE,FALSE,SmackDown,PROBABLE,FALSE,CONFIRMED,S140;S141;S142;S143;S516;S067;S073;S040;S052;S042;S481;S489;S485;S709;S1346;S1700;S1804,"Entered #23 and won, eliminating Roman Reigns (an RKO counter to a Spear attempt) in the match's final moments. His 2nd Royal Rumble win (after 2009), making him the 7th wrestler to win the Royal Rumble more than once (after Hulk Hogan, Steve Austin, Shawn Michaels, Triple H, John Cena and Batista). Earned a world championship match at WrestleMania 33.",
RR2017M,dolph-ziggler,RR2017M,24,CONFIRMED,Dolph Ziggler,Dolph Ziggler,8,9,FALSE,2016,Eliminated (elim #24),24,FALSE,FALSE,N/A,FALSE,N/A,"36 Years, 6 Months, 2 Days",DERIVED,1.83,97,"Hollywood, Florida",PROBABLE,Heel,PROBABLE,,,,,N/A,N/A,N/A,N/A,N/A,N/A,FALSE,FALSE,17,CONFIRMED,brock-lesnar,,,4:21,261,CONFIRMED,,,,,,FALSE,FALSE,FALSE,FALSE,FALSE,FALSE,FALSE,FALSE,FALSE,FALSE,FALSE,FALSE,SmackDown,PROBABLE,FALSE,CONFIRMED,S140;S141;S142;S143;S763;S1356;S1700;S1804,,
RR2017M,luke-harper,RR2017M,25,CONFIRMED,Luke Harper,Luke Harper,3,4,FALSE,2016,Eliminated (elim #19),19,FALSE,FALSE,N/A,FALSE,N/A,"37 Years, 1 Months, 13 Days",DERIVED,1.96,125,"Buffalo, New York",PROBABLE,Heel,PROBABLE,,,The Wyatt Family,The Wyatt Family,N/A,N/A,N/A,N/A,N/A,N/A,FALSE,FALSE,22,CONFIRMED,goldberg,,,9:56,596,CONFIRMED,,1,apollo-crews,1,0,FALSE,FALSE,FALSE,FALSE,FALSE,FALSE,FALSE,FALSE,FALSE,FALSE,FALSE,FALSE,SmackDown,PROBABLE,FALSE,CONFIRMED,S140;S141;S142;S143;S516;S807;S1402;S1695;S1700;S1804,,
RR2017M,brock-lesnar,RR2017M,26,CONFIRMED,Brock Lesnar,Brock Lesnar,2,3,FALSE,2016,Eliminated (elim #21),21,FALSE,FALSE,N/A,FALSE,N/A,"39 Years, 6 Months, 17 Days",DERIVED,1.91,130,"Minneapolis, Minnesota",PROBABLE,Heel,PROBABLE,,Paul Heyman,,,N/A,N/A,N/A,N/A,N/A,N/A,FALSE,FALSE,19,CONFIRMED,goldberg,,,4:30,270,CONFIRMED,,3,dean-ambrose;dolph-ziggler;enzo-amore,3,0,FALSE,FALSE,FALSE,FALSE,FALSE,FALSE,FALSE,FALSE,FALSE,FALSE,FALSE,FALSE,Raw,PROBABLE,FALSE,CONFIRMED,S140;S141;S142;S143;S511;S516;S065;S066;S707;S1417;S1700;S1804,"Eliminated by Goldberg, previewing their rivalry that culminated in Goldberg winning the Universal Championship from Lesnar at WrestleMania 33 (general knowledge, not independently re-sourced this pass).",
RR2017M,enzo-amore,RR2017M,27,CONFIRMED,Enzo Amore,Enzo Amore,0,1,TRUE,N/A,N/A,N/A,TRUE,FALSE,N/A,FALSE,N/A,"30 Years, 1 Months, 21 Days",DERIVED,1.80,91,"Hackensack, New Jersey",PROBABLE,Face,PROBABLE,,,Enzo & Cass,,N/A,N/A,N/A,N/A,N/A,N/A,FALSE,FALSE,18,CONFIRMED,brock-lesnar,,,0:18,18,CONFIRMED,,,,,,FALSE,FALSE,FALSE,FALSE,FALSE,FALSE,FALSE,FALSE,FALSE,FALSE,FALSE,FALSE,Raw,PROBABLE,FALSE,CONFIRMED,S140;S141;S142;S143;S516;S830;S1427;S1700;S1804,,
RR2017M,goldberg,RR2017M,28,CONFIRMED,Goldberg,Goldberg,1,2,FALSE,2004,Eliminated (elim #23),23,FALSE,FALSE,N/A,FALSE,N/A,"50 Years, 1 Months, 2 Days",DERIVED,1.93,129,"Atlanta, Georgia",PROBABLE,Face,PROBABLE,,,,,N/A,N/A,N/A,N/A,N/A,N/A,FALSE,FALSE,23,CONFIRMED,the-undertaker,,,3:21,201,CONFIRMED,,3,rusev;luke-harper;brock-lesnar,3,0,FALSE,FALSE,FALSE,FALSE,FALSE,FALSE,FALSE,TRUE,FALSE,TRUE,FALSE,FALSE,Unaffiliated,PROBABLE,FALSE,CONFIRMED,S140;S141;S142;S143;S831;S1428;S1700;S1804,,
RR2017M,the-undertaker,RR2017M,29,CONFIRMED,The Undertaker,The Undertaker,10,11,FALSE,2009,Eliminated (elim #26),26,FALSE,FALSE,N/A,FALSE,N/A,"51 Years, 10 Months, 5 Days",DERIVED,2.08,140,Death Valley,PROBABLE,Face,PROBABLE,,,,,N/A,N/A,N/A,N/A,N/A,N/A,FALSE,FALSE,26,CONFIRMED,roman-reigns,,,8:46,526,CONFIRMED,,4,sami-zayn;baron-corbin;the-miz;goldberg,4,0,FALSE,FALSE,FALSE,FALSE,FALSE,FALSE,FALSE,TRUE,FALSE,FALSE,FALSE,FALSE,Unaffiliated,PROBABLE,FALSE,CONFIRMED,S140;S141;S142;S143;S065;S066;S488;S033;S034;S027;S028;S465;S469;S543;S1438;S1700;S1804,,
RR2017M,roman-reigns,RR2017M,30,CONFIRMED,Roman Reigns,Roman Reigns,3,4,FALSE,2016,Eliminated (elim #28),28,FALSE,FALSE,N/A,FALSE,N/A,"31 Years, 8 Months, 4 Days",DERIVED,1.91,120,"Pensacola, Florida",PROBABLE,Face,PROBABLE,The Big Dog,,,,N/A,N/A,N/A,N/A,N/A,N/A,FALSE,TRUE,29,CONFIRMED,randy-orton,,,5:05,305,CONFIRMED,,3,chris-jericho;bray-wyatt;the-undertaker,3,0,FALSE,FALSE,TRUE,TRUE,TRUE,TRUE,FALSE,FALSE,FALSE,FALSE,TRUE,FALSE,Raw,PROBABLE,FALSE,CONFIRMED,S140;S141;S142;S143;S804;S1399;S1700;S1804,"The winning elimination. Reigns had already lost the WWE Universal Championship to Kevin Owens in a No Disqualification match earlier the same night (with Chris Jericho suspended in a shark cage above the ring, per S141) before entering this Rumble at #30.",
RR2018M,rusev,RR2018M,1,CONFIRMED,Rusev,Rusev,4,5,FALSE,2017,Eliminated (elim #20),20,FALSE,FALSE,N/A,FALSE,N/A,"32 Years, 1 Months, 3 Days",DERIVED,1.83,138,Bulgaria,PROBABLE,Heel,PROBABLE,,,Rusev Day (w/ Aiden English),,N/A,N/A,N/A,N/A,N/A,N/A,FALSE,FALSE,12,CONFIRMED,bray-wyatt;matt-hardy,,,30:28,1828,CONFIRMED,,,,,,FALSE,FALSE,FALSE,FALSE,FALSE,FALSE,FALSE,FALSE,FALSE,FALSE,FALSE,FALSE,SmackDown,PROBABLE,FALSE,CONFIRMED,S144;S145;S146;S517;S512;S801;S1439;S1700;S1805,Shared elimination credit -- S144 and S145 agree.,
RR2018M,finn-balor,RR2018M,2,CONFIRMED,Finn Balor,Finn Balor,0,1,TRUE,N/A,N/A,N/A,TRUE,FALSE,N/A,FALSE,N/A,"36 Years, 6 Months, 3 Days",DERIVED,1.80,86,"Bray, County Wicklow, Ireland",PROBABLE,Face,PROBABLE,,,,,N/A,N/A,N/A,N/A,N/A,N/A,FALSE,FALSE,27,CONFIRMED,john-cena,,,57:38,3458,CONFIRMED,,4,baron-corbin;aiden-english;rey-mysterio;dolph-ziggler,4,0,FALSE,FALSE,FALSE,FALSE,FALSE,TRUE,FALSE,FALSE,FALSE,FALSE,FALSE,FALSE,Raw,PROBABLE,FALSE,CONFIRMED,S144;S145;S146;S832;S1440;S1700;S1805,"Longest individual survival time of the match (57:38), agreed across all sources -- the match's 'Iron Man.'",
RR2018M,rhyno,RR2018M,3,CONFIRMED,Rhyno,Rhyno,1,2,FALSE,2004,Eliminated (elim #7),7,FALSE,FALSE,N/A,FALSE,N/A,"42 Years, 3 Months, 21 Days",DERIVED,1.78,125,"Detroit, Michigan",PROBABLE,Face,PROBABLE,,,,,N/A,N/A,N/A,N/A,N/A,N/A,FALSE,FALSE,1,CONFIRMED,baron-corbin,,,2:06,126,CONFIRMED,,,,,,FALSE,FALSE,FALSE,FALSE,FALSE,FALSE,FALSE,FALSE,FALSE,FALSE,FALSE,FALSE,Raw,PROBABLE,FALSE,CONFIRMED,S144;S145;S146;S067;S073;S040;S052;S042;S481;S710;S1441;S1700;S1805,,
RR2018M,baron-corbin,RR2018M,4,CONFIRMED,Baron Corbin,Baron Corbin,1,2,FALSE,2017,Eliminated (elim #21),21,FALSE,FALSE,N/A,FALSE,N/A,"33 Years, 4 Months, 15 Days",DERIVED,2.03,129,Kansas City,PROBABLE,Heel,PROBABLE,,,,,N/A,N/A,N/A,N/A,N/A,N/A,FALSE,FALSE,2,CONFIRMED,finn-balor,,,1:06,66,CONFIRMED,,1,rhyno,1,0,FALSE,FALSE,FALSE,FALSE,FALSE,FALSE,FALSE,FALSE,FALSE,FALSE,FALSE,FALSE,SmackDown,PROBABLE,FALSE,CONFIRMED,S144;S145;S146;S827;S1442;S1700;S1805,"Cageside Seats' independent re-timing gives 1:00 versus the primary sources' 1:06 -- immaterial variance, not logged as a genuine conflict.",
RR2018M,heath-slater,RR2018M,5,CONFIRMED,Heath Slater,Heath Slater,2,3,FALSE,2013,Eliminated (elim #11),11,FALSE,FALSE,N/A,FALSE,N/A,"34 Years, 6 Months, 13 Days",DERIVED,1.88,98,"Pineville, West Virginia",PROBABLE,Face,PROBABLE,,,,,N/A,N/A,N/A,N/A,N/A,N/A,FALSE,FALSE,4,CONFIRMED,bray-wyatt,,,0:33,33,CONFIRMED,,1,sheamus,1,0,FALSE,FALSE,FALSE,FALSE,FALSE,FALSE,FALSE,FALSE,FALSE,FALSE,FALSE,FALSE,Raw,PROBABLE,FALSE,CONFIRMED,S144;S145;S146;S774;S1510;S1700;S1805,,
RR2018M,elias,RR2018M,6,CONFIRMED,Elias,Elias,0,1,TRUE,N/A,N/A,N/A,TRUE,FALSE,N/A,FALSE,N/A,"30 Years, 2 Months, 6 Days",DERIVED,1.83,98,"Pittsburgh, Pennsylvania",PROBABLE,Heel,PROBABLE,,,,,N/A,N/A,N/A,N/A,N/A,N/A,FALSE,FALSE,15,CONFIRMED,john-cena,,,26:00,1560,CONFIRMED,,,,,,FALSE,FALSE,FALSE,FALSE,FALSE,FALSE,FALSE,FALSE,FALSE,FALSE,FALSE,FALSE,Raw,PROBABLE,FALSE,CONFIRMED,S144;S145;S146;S833;S898;S1444;S1700;S1805,,
RR2018M,andrade,RR2018M,7,CONFIRMED,Andrade,Andrade,0,1,TRUE,N/A,N/A,N/A,TRUE,FALSE,N/A,FALSE,N/A,"28 Years, 2 Months, 25 Days",DERIVED,1.75,104,"Gómez Palacio, Durango, Mexico",PROBABLE,Heel,PROBABLE,"Andrade ""Cien"" Almas",Zelina Vega,,,N/A,N/A,N/A,N/A,N/A,N/A,FALSE,FALSE,18,CONFIRMED,randy-orton,,,29:24,1764,CONFIRMED,,1,kofi-kingston,1,0,FALSE,FALSE,FALSE,FALSE,FALSE,FALSE,TRUE,FALSE,FALSE,FALSE,FALSE,FALSE,NXT,PROBABLE,FALSE,CONFIRMED,S144;S145;S146;S517;S512;S834;S1445;S1700;S1805,Surprise NXT call-up.,
RR2018M,bray-wyatt,RR2018M,8,CONFIRMED,Bray Wyatt,Bray Wyatt,4,5,FALSE,2017,Eliminated (elim #28),28,FALSE,FALSE,N/A,FALSE,N/A,"30 Years, 8 Months, 5 Days",DERIVED,1.91,129,"Brooksville, Florida",PROBABLE,Heel,PROBABLE,,,,,N/A,N/A,N/A,N/A,N/A,N/A,FALSE,FALSE,14,CONFIRMED,matt-hardy,,,20:38,1238,CONFIRMED,,3,rusev;heath-slater;matt-hardy,2,1,FALSE,FALSE,FALSE,FALSE,FALSE,FALSE,FALSE,FALSE,FALSE,FALSE,FALSE,FALSE,Raw,PROBABLE,FALSE,CONFIRMED,S144;S145;S146;S811;S1446;S1700;S1805,Simultaneous/mutual elimination with Matt Hardy -- see note on Hardy's row.,
RR2018M,big-e,RR2018M,9,CONFIRMED,Big E,Big E,3,4,FALSE,2017,Eliminated (elim #12),12,FALSE,FALSE,N/A,FALSE,N/A,"31 Years, 10 Months, 27 Days",DERIVED,1.80,129,"Tampa, Florida",PROBABLE,Face,PROBABLE,,,The New Day,The New Day,N/A,N/A,N/A,N/A,N/A,N/A,FALSE,FALSE,8,CONFIRMED,jinder-mahal,,,14:14,854,CONFIRMED,,,,,,FALSE,FALSE,FALSE,FALSE,FALSE,FALSE,FALSE,FALSE,FALSE,FALSE,FALSE,FALSE,SmackDown,PROBABLE,FALSE,CONFIRMED,S144;S145;S146;S517;S809;S1447;S1700;S1805,,
RR2018M,sami-zayn,RR2018M,10,CONFIRMED,Sami Zayn,Sami Zayn,2,3,FALSE,2017,Eliminated (elim #25),25,FALSE,FALSE,N/A,FALSE,N/A,"33 Years, 6 Months, 16 Days",DERIVED,1.85,96,"Montreal, Quebec, Canada",PROBABLE,Heel,PROBABLE,,,,,N/A,N/A,N/A,N/A,N/A,N/A,FALSE,FALSE,5,CONFIRMED,shinsuke-nakamura,,,6:57,417,CONFIRMED,,,,,,FALSE,FALSE,FALSE,FALSE,FALSE,FALSE,FALSE,FALSE,FALSE,FALSE,FALSE,FALSE,SmackDown,PROBABLE,FALSE,CONFIRMED,S144;S145;S146;S820;S1448;S1700;S1805,Zayn took this slot after advertised entrant Tye Dillinger was written off via a backstage-attack angle before the match.,
RR2018M,sheamus,RR2018M,11,CONFIRMED,Sheamus,Sheamus,6,7,FALSE,2017,Eliminated (elim #14),14,FALSE,FALSE,N/A,FALSE,N/A,"40 Years, 0 Months, 0 Days",DERIVED,1.91,121,"Dublin, Ireland",PROBABLE,Heel,PROBABLE,,,The Bar,,Raw Tag Team Championship,world_tag_team,cesaro,4,2018-01-28,0,FALSE,FALSE,3,CONFIRMED,heath-slater,,,0:20,20,CONFLICTING,,,,,,FALSE,FALSE,FALSE,FALSE,FALSE,FALSE,FALSE,FALSE,FALSE,FALSE,TRUE,FALSE,Raw,PROBABLE,FALSE,CONFLICTING,S144;S145;S146;S517;S776;S1449;S1700;S1704;S1705;S1805,"CONFLICTING elimination time -- WWE.com states 0:20; Wikipedia's own footnote plus 3 independent fan-timed sources (Cageside Seats, WhatCulture, KhelNow.com) converge on roughly 2-3 seconds instead, with Heath Slater himself claiming as little as 0.8 seconds. Logged as CONFLICTING rather than silently picking one -- see F367.",
RR2018M,xavier-woods,RR2018M,12,CONFIRMED,Xavier Woods,Xavier Woods,1,2,FALSE,2017,Eliminated (elim #11),11,FALSE,FALSE,N/A,FALSE,N/A,"31 Years, 4 Months, 24 Days",DERIVED,1.80,93,"Atlanta, Georgia",PROBABLE,Face,PROBABLE,,,The New Day,The New Day,N/A,N/A,N/A,N/A,N/A,N/A,FALSE,FALSE,7,CONFIRMED,jinder-mahal,,,8:24,504,CONFIRMED,,,,,,FALSE,FALSE,FALSE,FALSE,FALSE,FALSE,FALSE,FALSE,FALSE,FALSE,FALSE,FALSE,SmackDown,PROBABLE,FALSE,CONFIRMED,S144;S145;S146;S517;S828;S1450;S1700;S1805,,
RR2018M,apollo-crews,RR2018M,13,CONFIRMED,Apollo Crews,Apollo Crews,1,2,FALSE,2017,Eliminated (elim #15),15,FALSE,FALSE,N/A,FALSE,N/A,"30 Years, 5 Months, 6 Days",DERIVED,1.85,109,"Benue State, Nigeria",PROBABLE,Face,PROBABLE,,,Titus Worldwide,Titus Worldwide,N/A,N/A,N/A,N/A,N/A,N/A,FALSE,FALSE,6,CONFIRMED,cesaro,,,5:16,316,CONFIRMED,,,,,,FALSE,FALSE,FALSE,FALSE,FALSE,FALSE,FALSE,FALSE,FALSE,FALSE,FALSE,FALSE,Raw,PROBABLE,FALSE,CONFIRMED,S144;S145;S146;S517;S829;S1451;S1700;S1805,,
RR2018M,shinsuke-nakamura,RR2018M,14,CONFIRMED,Shinsuke Nakamura,Shinsuke Nakamura,0,1,TRUE,N/A,N/A,N/A,TRUE,FALSE,N/A,FALSE,N/A,"37 Years, 11 Months, 4 Days",DERIVED,1.88,100,"Kyoto, Japan",PROBABLE,Face,PROBABLE,,,,,N/A,N/A,N/A,N/A,N/A,N/A,FALSE,FALSE,,N/A,,,,44:38,2678,CONFIRMED,,3,sami-zayn;john-cena;roman-reigns,3,0,FALSE,TRUE,FALSE,TRUE,TRUE,TRUE,FALSE,FALSE,FALSE,FALSE,FALSE,FALSE,SmackDown,PROBABLE,FALSE,CONFIRMED,S144;S145;S146;S835;S1452;S1700;S1805,"Entered #14 and won, eliminating Roman Reigns (a Kinshasa, after Reigns countered an earlier Kinshasa into a Spear attempt) in the match's final moments. Chose to challenge AJ Styles for the WWE Championship at WrestleMania 34.",
RR2018M,cesaro,RR2018M,15,CONFIRMED,Cesaro,Cesaro,4,5,FALSE,2017,Eliminated (elim #13),13,FALSE,FALSE,N/A,FALSE,N/A,"37 Years, 1 Months, 1 Days",DERIVED,1.96,105,"Lucerne, Switzerland",PROBABLE,Heel,PROBABLE,,,The Bar,,Raw Tag Team Championship,world_tag_team,sheamus,4,2018-01-28,0,FALSE,FALSE,9,CONFIRMED,seth-rollins,,,5:08,308,CONFIRMED,,1,apollo-crews,1,0,FALSE,FALSE,FALSE,FALSE,FALSE,FALSE,FALSE,FALSE,FALSE,FALSE,TRUE,FALSE,Raw,PROBABLE,FALSE,CONFIRMED,S144;S145;S146;S517;S796;S1453;S1687;S1700;S1704;S1705;S1805,"Cesaro (with Sheamus, as The Bar) had won the Raw Tag Team Championship earlier the same card, entering this Rumble as reigning tag champion.",
RR2018M,kofi-kingston,RR2018M,16,CONFIRMED,Kofi Kingston,Kofi Kingston,9,10,FALSE,2017,Eliminated (elim #10),10,FALSE,FALSE,N/A,FALSE,N/A,"36 Years, 5 Months, 14 Days",DERIVED,1.83,96,"Ghana, West Africa",PROBABLE,Face,PROBABLE,,,The New Day,The New Day,N/A,N/A,N/A,N/A,N/A,N/A,FALSE,FALSE,11,CONFIRMED,andrade,,,5:41,341,CONFIRMED,,1,jinder-mahal,1,0,FALSE,FALSE,FALSE,FALSE,FALSE,FALSE,FALSE,FALSE,FALSE,FALSE,FALSE,FALSE,SmackDown,PROBABLE,FALSE,CONFIRMED,S144;S145;S146;S517;S760;S1454;S1700;S1805,"Moments before this elimination, New Day partners Xavier Woods and Big E cushioned a Kingston near-elimination at ringside with a platter of pancakes -- the widely-replayed 'pancake save' -- buying him extra time before he was eliminated shortly after anyway.",
RR2018M,jinder-mahal,RR2018M,17,CONFIRMED,Jinder Mahal,Jinder Mahal,2,3,FALSE,2013,Eliminated (elim #19),19,FALSE,FALSE,N/A,FALSE,N/A,"31 Years, 6 Months, 9 Days",DERIVED,1.96,108,"Punjab, India",PROBABLE,Heel,PROBABLE,,,,,N/A,N/A,N/A,N/A,N/A,N/A,FALSE,FALSE,10,CONFIRMED,kofi-kingston,,,3:48,228,CONFIRMED,,2,big-e;xavier-woods,2,0,FALSE,FALSE,FALSE,FALSE,FALSE,FALSE,FALSE,FALSE,FALSE,FALSE,FALSE,FALSE,SmackDown,PROBABLE,FALSE,CONFIRMED,S144;S145;S146;S785;S1455;S1700;S1805,,
RR2018M,seth-rollins,RR2018M,18,CONFIRMED,Seth Rollins,Seth Rollins,1,2,FALSE,2014,Eliminated (elim #25),25,FALSE,FALSE,N/A,FALSE,N/A,"31 Years, 8 Months, 0 Days",DERIVED,1.85,102,"Davenport, Iowa",PROBABLE,Face,PROBABLE,,,,,N/A,N/A,N/A,N/A,N/A,N/A,FALSE,TRUE,22,CONFIRMED,roman-reigns,,,19:01,1141,CONFIRMED,,2,cesaro;the-miz,1,1,FALSE,FALSE,FALSE,FALSE,FALSE,FALSE,FALSE,FALSE,FALSE,FALSE,TRUE,FALSE,Raw,PROBABLE,FALSE,CONFIRMED,S144;S145;S146;S800;S1456;S1700;S1805,"Rollins (with Jason Jordan) lost the Raw Tag Team Championship to The Bar (Cesaro & Sheamus) earlier the same card, before entering this Rumble at #18.",
RR2018M,matt-hardy,RR2018M,19,CONFIRMED,Matt Hardy,Matt Hardy,7,8,FALSE,2010,Eliminated (elim #10),10,FALSE,FALSE,N/A,FALSE,N/A,"43 Years, 4 Months, 5 Days",DERIVED,1.88,107,"Cameron, North Carolina",PROBABLE,Face,PROBABLE,Woken Matt Hardy,,,,N/A,N/A,N/A,N/A,N/A,N/A,FALSE,FALSE,13,CONFIRMED,bray-wyatt,,,1:17,77,CONFIRMED,,2,rusev;bray-wyatt,1,1,FALSE,FALSE,FALSE,FALSE,FALSE,FALSE,FALSE,FALSE,FALSE,FALSE,FALSE,FALSE,Raw,PROBABLE,FALSE,CONFIRMED,S144;S145;S146;S517;S067;S073;S040;S052;S042;S481;S678;S1457;S1700;S1805,"S144's table carries an explicit footnote: Hardy and Wyatt eliminated each other simultaneously in the same spot -- notable in hindsight, since the two became the 'Deleters of Worlds' tag team later in 2018.",
RR2018M,john-cena,RR2018M,20,CONFIRMED,John Cena,John Cena,7,8,FALSE,2013,Won,N/A,FALSE,FALSE,N/A,FALSE,N/A,"40 Years, 9 Months, 5 Days",DERIVED,1.85,114,"West Newbury, Massachusetts",PROBABLE,Face,PROBABLE,,,,,N/A,N/A,N/A,N/A,N/A,N/A,FALSE,FALSE,28,CONFIRMED,shinsuke-nakamura,,,29:14,1754,CONFIRMED,,3,finn-balor;elias;the-hurricane,3,0,FALSE,FALSE,FALSE,FALSE,TRUE,TRUE,FALSE,FALSE,FALSE,FALSE,FALSE,FALSE,Unaffiliated,PROBABLE,FALSE,CONFIRMED,S144;S145;S146;S068;S069;S494;S490;S702;S1458;S1700;S1805,"Cena's entry was pre-announced by himself via Twitter on Jan 1, 2018, not a surprise -- framed around his pursuit of a then-record-tying 17th world title (tied with Ric Flair at 16 at the time).",
RR2018M,the-hurricane,RR2018M,21,CONFIRMED,The Hurricane,The Hurricane,4,5,FALSE,2007,Eliminated (elim #5),5,FALSE,FALSE,N/A,TRUE,UNKNOWN,"43 Years, 6 Months, 16 Days",DERIVED,1.83,98,"Raleigh, North Carolina",PROBABLE,Heel,PROBABLE,The Hurricane,,,,N/A,N/A,N/A,N/A,N/A,N/A,FALSE,FALSE,16,CONFIRMED,john-cena,,,0:45,45,CONFIRMED,,,,,,FALSE,FALSE,FALSE,FALSE,FALSE,FALSE,TRUE,TRUE,FALSE,TRUE,FALSE,FALSE,Unaffiliated,PROBABLE,TRUE,CONFIRMED,S144;S145;S146;S517;S068;S069;S494;S693;S1459;S1700;S1713;S1805,"Shane Helms, working as a WWE backstage producer at the time rather than an active wrestler, entered as a surprise.",
RR2018M,aiden-english,RR2018M,22,CONFIRMED,Aiden English,Aiden English,0,1,TRUE,N/A,N/A,N/A,TRUE,FALSE,N/A,FALSE,N/A,"30 Years, 3 Months, 21 Days",DERIVED,1.91,98,"Chicago, Illinois",PROBABLE,Heel,PROBABLE,,,Rusev Day (w/ Rusev),,N/A,N/A,N/A,N/A,N/A,N/A,FALSE,FALSE,17,CONFIRMED,finn-balor,,,2:16,136,CONFIRMED,,,,,,FALSE,FALSE,FALSE,FALSE,FALSE,FALSE,FALSE,FALSE,FALSE,FALSE,FALSE,FALSE,SmackDown,PROBABLE,FALSE,CONFIRMED,S144;S145;S146;S517;S512;S836;S1460;S1700;S1805,,
RR2018M,adam-cole,RR2018M,23,CONFIRMED,Adam Cole,Adam Cole,0,1,TRUE,N/A,N/A,N/A,TRUE,FALSE,N/A,FALSE,N/A,"28 Years, 6 Months, 23 Days",DERIVED,1.83,91,"Panama City, Florida",PROBABLE,Heel,PROBABLE,,,,The Undisputed Era,N/A,N/A,N/A,N/A,N/A,N/A,FALSE,FALSE,19,CONFIRMED,rey-mysterio,,,6:52,412,CONFIRMED,,,,,,FALSE,FALSE,FALSE,FALSE,FALSE,FALSE,TRUE,FALSE,FALSE,FALSE,FALSE,FALSE,NXT,PROBABLE,FALSE,CONFIRMED,S144;S145;S146;S517;S837;S1461;S1700;S1805,Surprise NXT call-up.,
RR2018M,randy-orton,RR2018M,24,CONFIRMED,Randy Orton,Randy Orton,8,9,FALSE,2017,Won,N/A,FALSE,FALSE,N/A,FALSE,N/A,"37 Years, 9 Months, 27 Days",DERIVED,1.96,113,"St. Louis, Missouri",PROBABLE,Face,PROBABLE,Apex Predator,,,,N/A,N/A,N/A,N/A,N/A,N/A,FALSE,FALSE,25,CONFIRMED,roman-reigns,,,13:55,835,CONFIRMED,,1,andrade,1,0,FALSE,FALSE,FALSE,FALSE,FALSE,FALSE,FALSE,FALSE,FALSE,FALSE,FALSE,FALSE,SmackDown,PROBABLE,FALSE,CONFIRMED,S144;S145;S146;S067;S073;S040;S052;S042;S481;S489;S485;S709;S1462;S1700;S1805,,
RR2018M,titus-oneil,RR2018M,25,CONFIRMED,Titus O'Neil,Titus O'Neil,3,4,FALSE,2016,Eliminated (elim #7),7,FALSE,FALSE,N/A,FALSE,N/A,"40 Years, 8 Months, 30 Days",DERIVED,1.98,122,"Live Oak, Florida",PROBABLE,Face,PROBABLE,,,Titus Worldwide,Titus Worldwide,N/A,N/A,N/A,N/A,N/A,N/A,FALSE,FALSE,20,CONFIRMED,roman-reigns,,,6:07,367,CONFIRMED,,,,,,FALSE,FALSE,FALSE,FALSE,FALSE,FALSE,FALSE,FALSE,FALSE,FALSE,FALSE,FALSE,Raw,PROBABLE,FALSE,CONFIRMED,S144;S145;S146;S517;S797;S1510;S1700;S1805,,
RR2018M,the-miz,RR2018M,26,CONFIRMED,The Miz,The Miz,10,11,FALSE,2017,Eliminated (elim #24),24,FALSE,FALSE,N/A,FALSE,N/A,"37 Years, 3 Months, 20 Days",DERIVED,1.88,100,"Cleveland, Ohio",PROBABLE,Heel,PROBABLE,,,,,WWE Intercontinental Championship,Intercontinental,N/A,8,2018-01-22,6,FALSE,FALSE,21,CONFIRMED,roman-reigns;seth-rollins,,,5:20,320,CONFIRMED,,,,,,FALSE,FALSE,FALSE,FALSE,FALSE,FALSE,FALSE,FALSE,FALSE,FALSE,FALSE,FALSE,Raw,PROBABLE,FALSE,CONFIRMED,S144;S145;S146;S512;S517;S749;S1463;S1700;S1805,Shared elimination credit -- S144 and S145 agree.,
RR2018M,rey-mysterio,RR2018M,27,CONFIRMED,Rey Mysterio,Rey Mysterio,7,8,FALSE,2014,Eliminated (elim #22),22,FALSE,FALSE,N/A,TRUE,more than 3 years away from WWE,"43 Years, 1 Months, 17 Days",DERIVED,1.68,79,"San Diego, California",PROBABLE,Face,PROBABLE,,,,,N/A,N/A,N/A,N/A,N/A,N/A,FALSE,FALSE,26,CONFIRMED,finn-balor,,,9:40,580,CONFIRMED,,1,adam-cole,1,0,FALSE,FALSE,FALSE,FALSE,FALSE,FALSE,TRUE,TRUE,FALSE,TRUE,FALSE,FALSE,Unaffiliated,PROBABLE,TRUE,CONFIRMED,S144;S145;S146;S068;S069;S436;S695;S1510;S1700;S1713;S1805,"Mysterio's return was his first WWE appearance since leaving around 2015; at the time of this show he was not under a full-time WWE contract (working AAA/Lucha Underground) -- contemporary reporting was uncertain whether this was a one-off nostalgia spot, though he signed a new full-time WWE deal later in 2018 (general knowledge, not independently re-sourced this pass; his eventual 2023 WWE Hall of Fame induction is already tracked separately in this database's wrestlers.csv).",
RR2018M,roman-reigns,RR2018M,28,CONFIRMED,Roman Reigns,Roman Reigns,4,5,FALSE,2017,Runner-up (elim #29),29,FALSE,FALSE,N/A,FALSE,N/A,"32 Years, 8 Months, 3 Days",DERIVED,1.91,120,"Pensacola, Florida",PROBABLE,Face,PROBABLE,The Big Dog,,,,N/A,N/A,N/A,N/A,N/A,N/A,FALSE,FALSE,29,CONFIRMED,shinsuke-nakamura,,,21:52,1312,CONFIRMED,,4,seth-rollins;randy-orton;titus-oneil;the-miz,3,1,FALSE,FALSE,TRUE,TRUE,TRUE,TRUE,FALSE,FALSE,FALSE,FALSE,FALSE,FALSE,Raw,PROBABLE,FALSE,CONFIRMED,S144;S145;S146;S804;S1465;S1700;S1805,"The winning elimination -- Nakamura hit a Kinshasa that Reigns countered into a Spear attempt, then delivered a second Kinshasa for the elimination.",
RR2018M,goldust,RR2018M,29,CONFIRMED,Goldust,Goldust,11,12,FALSE,2016,Eliminated (elim #4),4,FALSE,FALSE,N/A,FALSE,N/A,"48 Years, 9 Months, 17 Days",DERIVED,1.98,105,"Hollywood, California",PROBABLE,Face,PROBABLE,,,,,N/A,N/A,N/A,N/A,N/A,N/A,FALSE,FALSE,23,CONFIRMED,dolph-ziggler,,,2:43,163,CONFIRMED,,,,,,FALSE,FALSE,FALSE,FALSE,FALSE,FALSE,FALSE,FALSE,FALSE,FALSE,FALSE,FALSE,Raw,PROBABLE,FALSE,CONFIRMED,S144;S145;S146;S065;S066;S488;S044;S045;S634;S1510;S1700;S1805,,
RR2018M,dolph-ziggler,RR2018M,30,CONFIRMED,Dolph Ziggler,Dolph Ziggler,9,10,FALSE,2017,Eliminated (elim #17),17,FALSE,FALSE,N/A,FALSE,N/A,"37 Years, 6 Months, 1 Days",DERIVED,1.83,97,"Hollywood, Florida",PROBABLE,Heel,PROBABLE,,,,,N/A,N/A,N/A,N/A,N/A,N/A,FALSE,FALSE,24,CONFIRMED,finn-balor,,,2:01,121,CONFIRMED,,1,goldust,1,0,FALSE,FALSE,FALSE,FALSE,FALSE,FALSE,FALSE,FALSE,FALSE,FALSE,FALSE,FALSE,SmackDown,PROBABLE,FALSE,CONFIRMED,S144;S145;S146;S763;S1466;S1700;S1805,,
RR2018W,sasha-banks,RR2018W,1,CONFIRMED,Sasha Banks,Sasha Banks,0,1,TRUE,N/A,N/A,N/A,TRUE,FALSE,N/A,FALSE,N/A,"26 Years, 0 Months, 2 Days",DERIVED,1.65,52,"Boston, Massachusetts",CONFIRMED,Face,PROBABLE,,,,,N/A,N/A,N/A,N/A,N/A,N/A,FALSE,FALSE,27,CONFIRMED,brie-bella;nikki-bella,,,54:46,3286,CONFIRMED,,3,vickie-guerrero;bayley;trish-stratus,2,1,FALSE,FALSE,FALSE,FALSE,FALSE,TRUE,FALSE,FALSE,FALSE,FALSE,FALSE,FALSE,Raw,PROBABLE,FALSE,CONFIRMED,S144;S152;S903;S990;S1597;S1700;S1805,Shared elimination credit by the Bella Twins -- S144 and S152 agree.,
RR2018W,becky-lynch,RR2018W,2,CONFIRMED,Becky Lynch,Becky Lynch,0,1,TRUE,N/A,N/A,N/A,TRUE,FALSE,N/A,FALSE,N/A,"30 Years, 11 Months, 29 Days",DERIVED,1.68,61,"Dublin, Ireland",CONFIRMED,Face,PROBABLE,,,,,N/A,N/A,N/A,N/A,N/A,N/A,FALSE,FALSE,14,CONFIRMED,ruby-riott,,,30:54,1854,CONFIRMED,,2,lita;vickie-guerrero,1,1,FALSE,FALSE,FALSE,FALSE,FALSE,FALSE,FALSE,FALSE,FALSE,FALSE,FALSE,FALSE,SmackDown,PROBABLE,FALSE,CONFIRMED,S144;S152;S904;S991;S1598;S1700;S1805,,
RR2018W,sarah-logan,RR2018W,3,CONFIRMED,Sarah Logan,Sarah Logan,0,1,TRUE,N/A,N/A,N/A,TRUE,FALSE,N/A,FALSE,N/A,"24 Years, 4 Months, 18 Days",DERIVED,1.68,63,"Louisville, Kentucky",CONFIRMED,Heel,PROBABLE,,,The Riott Squad,The Riott Squad,N/A,N/A,N/A,N/A,N/A,N/A,FALSE,FALSE,7,CONFIRMED,molly-holly,,,16:30,990,CONFIRMED,,,,,,FALSE,FALSE,FALSE,FALSE,FALSE,FALSE,FALSE,FALSE,FALSE,FALSE,FALSE,FALSE,SmackDown,PROBABLE,FALSE,CONFIRMED,S144;S152;S517;S905;S992;S1599;S1700;S1805,,
RR2018W,mandy-rose,RR2018W,4,CONFIRMED,Mandy Rose,Mandy Rose,0,1,TRUE,N/A,N/A,N/A,TRUE,FALSE,N/A,FALSE,N/A,"27 Years, 6 Months, 10 Days",DERIVED,1.63,54,"Yorktown Heights, New York",CONFIRMED,Heel,PROBABLE,,,Absolution,Absolution,N/A,N/A,N/A,N/A,N/A,N/A,FALSE,FALSE,1,CONFIRMED,lita,,,3:52,232,CONFIRMED,,,,,,FALSE,FALSE,FALSE,FALSE,FALSE,FALSE,FALSE,FALSE,FALSE,FALSE,FALSE,FALSE,Raw,PROBABLE,FALSE,CONFIRMED,S144;S152;S517;S906;S993;S1600;S1700;S1805,,
RR2018W,lita,RR2018W,5,CONFIRMED,Lita,Lita,0,1,TRUE,N/A,N/A,N/A,TRUE,FALSE,N/A,TRUE,UNKNOWN,"42 Years, 9 Months, 14 Days",DERIVED,1.68,61,"Sanford, North Carolina",CONFIRMED,Face,PROBABLE,,,,,N/A,N/A,N/A,N/A,N/A,N/A,FALSE,FALSE,3,CONFIRMED,becky-lynch,,,5:51,351,CONFIRMED,,2,mandy-rose;tamina,2,0,FALSE,FALSE,FALSE,FALSE,FALSE,FALSE,FALSE,TRUE,FALSE,TRUE,FALSE,TRUE,Unaffiliated,PROBABLE,FALSE,CONFIRMED,S144;S152;S907;S994;S1601;S1700;S1714;S1805,,
RR2018W,kairi-sane,RR2018W,6,CONFIRMED,Kairi Sane,Kairi Sane,0,1,TRUE,N/A,N/A,N/A,TRUE,FALSE,N/A,FALSE,N/A,"29 Years, 4 Months, 5 Days",DERIVED,1.55,52,"Yamaguchi Prefecture, Japan",CONFLICTING,Face,PROBABLE,,,,,N/A,N/A,N/A,N/A,N/A,N/A,FALSE,FALSE,4,CONFIRMED,dana-brooke,,,4:49,289,CONFIRMED,,,,,,FALSE,FALSE,FALSE,FALSE,FALSE,FALSE,FALSE,FALSE,FALSE,FALSE,FALSE,FALSE,NXT,PROBABLE,FALSE,CONFIRMED,S144;S152;S908;S995;S1602;S1700;S1805,"Sane entered as a late replacement for Alicia Fox, who was pulled from the match after suffering a broken tailbone shortly before the event.",
RR2018W,tamina,RR2018W,7,CONFIRMED,Tamina,Tamina,0,1,TRUE,N/A,N/A,N/A,TRUE,FALSE,N/A,FALSE,N/A,"40 Years, 0 Months, 18 Days",DERIVED,1.75,77,The Pacific Islands,CONFIRMED,Heel,PROBABLE,,,,,N/A,N/A,N/A,N/A,N/A,N/A,FALSE,FALSE,2,CONFIRMED,lita,,,1:34,94,CONFIRMED,,,,,,FALSE,FALSE,FALSE,FALSE,FALSE,FALSE,FALSE,FALSE,FALSE,FALSE,FALSE,FALSE,SmackDown,PROBABLE,FALSE,CONFIRMED,S144;S152;S909;S996;S1603;S1700;S1805,,
RR2018W,dana-brooke,RR2018W,8,CONFIRMED,Dana Brooke,Dana Brooke,0,1,TRUE,N/A,N/A,N/A,TRUE,FALSE,N/A,FALSE,N/A,"29 Years, 1 Months, 30 Days",DERIVED,1.60,57,"Cleveland, Ohio",CONFIRMED,Face,PROBABLE,,,,,N/A,N/A,N/A,N/A,N/A,N/A,FALSE,FALSE,5,CONFIRMED,torrie-wilson,,,2:59,179,CONFIRMED,,1,kairi-sane,1,0,FALSE,FALSE,FALSE,FALSE,FALSE,FALSE,FALSE,FALSE,FALSE,FALSE,FALSE,FALSE,Raw,PROBABLE,FALSE,CONFIRMED,S144;S152;S910;S997;S1604;S1700;S1805,,
RR2018W,torrie-wilson,RR2018W,9,CONFIRMED,Torrie Wilson,Torrie Wilson,0,1,TRUE,N/A,N/A,N/A,TRUE,FALSE,N/A,TRUE,UNKNOWN,"42 Years, 6 Months, 4 Days",DERIVED,1.73,60,"Boise, Idaho",CONFLICTING,Face,PROBABLE,,,,,N/A,N/A,N/A,N/A,N/A,N/A,FALSE,FALSE,6,CONFIRMED,sonya-deville,,,3:04,184,CONFIRMED,,1,dana-brooke,1,0,FALSE,FALSE,FALSE,FALSE,FALSE,FALSE,FALSE,TRUE,FALSE,TRUE,FALSE,FALSE,Unaffiliated,PROBABLE,FALSE,CONFIRMED,S144;S152;S911;S998;S1675;S1700;S1714;S1805,,
RR2018W,sonya-deville,RR2018W,10,CONFIRMED,Sonya Deville,Sonya Deville,0,1,TRUE,N/A,N/A,N/A,TRUE,FALSE,N/A,FALSE,N/A,"24 Years, 4 Months, 4 Days",DERIVED,1.70,59,"Los Angeles, California",CONFLICTING,Heel,PROBABLE,,,Absolution,Absolution,N/A,N/A,N/A,N/A,N/A,N/A,FALSE,FALSE,8,CONFIRMED,michelle-mccool,,,6:41,401,CONFIRMED,,1,torrie-wilson,1,0,FALSE,FALSE,FALSE,FALSE,FALSE,FALSE,FALSE,FALSE,FALSE,FALSE,FALSE,FALSE,Raw,PROBABLE,FALSE,CONFIRMED,S144;S152;S517;S912;S999;S1606;S1700;S1805,,
RR2018W,liv-morgan,RR2018W,11,CONFIRMED,Liv Morgan,Liv Morgan,0,1,TRUE,N/A,N/A,N/A,TRUE,FALSE,N/A,FALSE,N/A,"23 Years, 7 Months, 20 Days",DERIVED,1.60,57,"Elmwood Park, New Jersey",CONFLICTING,Heel,PROBABLE,,,The Riott Squad,The Riott Squad,N/A,N/A,N/A,N/A,N/A,N/A,FALSE,FALSE,9,CONFIRMED,michelle-mccool,,,5:12,312,CONFIRMED,,,,,,FALSE,FALSE,FALSE,FALSE,FALSE,FALSE,FALSE,FALSE,FALSE,FALSE,FALSE,FALSE,SmackDown,PROBABLE,FALSE,CONFIRMED,S144;S152;S517;S913;S1000;S1607;S1700;S1805,,
RR2018W,molly-holly,RR2018W,12,CONFIRMED,Molly Holly,Molly Holly,0,1,TRUE,N/A,N/A,N/A,TRUE,FALSE,N/A,TRUE,UNKNOWN,"40 Years, 4 Months, 21 Days",DERIVED,1.63,64,"Forest Lake, Minnesota",CONFIRMED,Face,PROBABLE,,,,,N/A,N/A,N/A,N/A,N/A,N/A,FALSE,FALSE,10,CONFIRMED,michelle-mccool,,,4:04,244,CONFIRMED,,1,sarah-logan,1,0,FALSE,FALSE,FALSE,FALSE,FALSE,FALSE,FALSE,TRUE,FALSE,TRUE,FALSE,FALSE,Unaffiliated,PROBABLE,FALSE,CONFIRMED,S144;S152;S914;S1001;S1675;S1700;S1714;S1805,,
RR2018W,lana,RR2018W,13,CONFIRMED,Lana,Lana,0,1,TRUE,N/A,N/A,N/A,TRUE,FALSE,N/A,FALSE,N/A,"32 Years, 10 Months, 4 Days",DERIVED,1.70,52,"Moscow, Russia (as Lana)",CONFLICTING,Heel,PROBABLE,,,,,N/A,N/A,N/A,N/A,N/A,N/A,FALSE,FALSE,11,CONFIRMED,michelle-mccool,,,2:54,174,CONFIRMED,,,,,,FALSE,FALSE,FALSE,FALSE,FALSE,FALSE,FALSE,FALSE,FALSE,FALSE,FALSE,FALSE,SmackDown,PROBABLE,FALSE,CONFIRMED,S144;S152;S915;S1002;S1609;S1700;S1805,,
RR2018W,michelle-mccool,RR2018W,14,CONFIRMED,Michelle McCool,Michelle McCool,0,1,TRUE,N/A,N/A,N/A,TRUE,FALSE,N/A,TRUE,UNKNOWN,"38 Years, 0 Months, 3 Days",DERIVED,1.78,58,"Palatka, Florida",CONFIRMED,Face,PROBABLE,,,,,N/A,N/A,N/A,N/A,N/A,N/A,FALSE,FALSE,13,CONFIRMED,natalya,,,8:38,518,CONFIRMED,,5,sonya-deville;liv-morgan;molly-holly;lana;vickie-guerrero,4,1,FALSE,FALSE,FALSE,FALSE,FALSE,FALSE,FALSE,TRUE,FALSE,TRUE,FALSE,FALSE,Unaffiliated,PROBABLE,FALSE,CONFIRMED,S144;S152;S916;S1003;S1675;S1700;S1714;S1805,"McCool's 4 solo eliminations (Sonya Deville, Liv Morgan, Molly Holly, Lana) plus her shared credit in Vickie Guerrero's group elimination gave her the match's highest total credited-elimination count (5) -- see event historical_significance.",
RR2018W,ruby-riott,RR2018W,15,CONFIRMED,Ruby Riott,Ruby Riott,0,1,TRUE,N/A,N/A,N/A,TRUE,FALSE,N/A,FALSE,N/A,"27 Years, 0 Months, 19 Days",DERIVED,1.63,55,"Lafayette, Indiana",CONFIRMED,Heel,PROBABLE,,,The Riott Squad,The Riott Squad,N/A,N/A,N/A,N/A,N/A,N/A,FALSE,FALSE,17,CONFIRMED,nia-jax,,,11:32,692,CONFIRMED,,2,becky-lynch;vickie-guerrero,1,1,FALSE,FALSE,FALSE,FALSE,FALSE,FALSE,FALSE,FALSE,FALSE,FALSE,FALSE,FALSE,SmackDown,PROBABLE,FALSE,CONFIRMED,S144;S152;S517;S917;S1004;S1675;S1700;S1805,,
RR2018W,vickie-guerrero,RR2018W,16,CONFIRMED,Vickie Guerrero,Vickie Guerrero,0,1,TRUE,N/A,N/A,N/A,TRUE,FALSE,N/A,TRUE,UNKNOWN,"49 Years, 9 Months, 12 Days",DERIVED,1.63,64,"El Paso, Texas",CONFLICTING,Heel,PROBABLE,,,,,N/A,N/A,N/A,N/A,N/A,N/A,FALSE,FALSE,12,CONFIRMED,becky-lynch;michelle-mccool;ruby-riott;sasha-banks,,,0:57,57,CONFIRMED,,,,,,FALSE,FALSE,FALSE,FALSE,FALSE,FALSE,FALSE,TRUE,FALSE,TRUE,FALSE,FALSE,Unaffiliated,PROBABLE,FALSE,CONFIRMED,S144;S152;S918;S1005;S1675;S1700;S1714;S1805,"4-way group elimination, a comedic spot -- S144 and S152 agree on all 4 names.",
RR2018W,carmella,RR2018W,17,CONFIRMED,Carmella,Carmella,0,1,TRUE,N/A,N/A,N/A,TRUE,FALSE,N/A,FALSE,N/A,"30 Years, 3 Months, 5 Days",DERIVED,1.65,50,Staten Island,CONFIRMED,Heel,PROBABLE,,,,,N/A,N/A,N/A,N/A,N/A,N/A,FALSE,FALSE,21,CONFIRMED,nikki-bella,,,18:45,1125,CONFIRMED,,,,,,FALSE,FALSE,FALSE,FALSE,FALSE,FALSE,FALSE,FALSE,FALSE,FALSE,FALSE,FALSE,SmackDown,PROBABLE,FALSE,CONFIRMED,S144;S152;S919;S1006;S1612;S1700;S1805,,
RR2018W,natalya,RR2018W,18,CONFIRMED,Natalya,Natalya,0,1,TRUE,N/A,N/A,N/A,TRUE,FALSE,N/A,FALSE,N/A,"35 Years, 8 Months, 1 Days",DERIVED,1.65,61,"Calgary, Alberta, Canada",CONFIRMED,Heel,PROBABLE,,,,,N/A,N/A,N/A,N/A,N/A,N/A,FALSE,FALSE,25,CONFIRMED,trish-stratus,,,25:34,1534,CONFIRMED,,3,michelle-mccool;nia-jax;beth-phoenix,2,1,FALSE,FALSE,FALSE,FALSE,FALSE,FALSE,FALSE,FALSE,FALSE,FALSE,FALSE,FALSE,SmackDown,PROBABLE,FALSE,CONFIRMED,S144;S152;S920;S1007;S1613;S1700;S1805,,
RR2018W,kelly-kelly,RR2018W,19,CONFIRMED,Kelly Kelly,Kelly Kelly,0,1,TRUE,N/A,N/A,N/A,TRUE,FALSE,N/A,TRUE,UNKNOWN,"31 Years, 0 Months, 13 Days",DERIVED,1.65,49,"Jacksonville, Florida",CONFIRMED,Face,PROBABLE,,,,,N/A,N/A,N/A,N/A,N/A,N/A,FALSE,FALSE,16,CONFIRMED,nia-jax,,,5:02,302,CONFIRMED,,,,,,FALSE,FALSE,FALSE,FALSE,FALSE,FALSE,FALSE,TRUE,FALSE,TRUE,FALSE,FALSE,Unaffiliated,PROBABLE,FALSE,CONFIRMED,S144;S152;S921;S1008;S1675;S1700;S1714;S1805,,
RR2018W,naomi,RR2018W,20,CONFIRMED,Naomi,Naomi,0,1,TRUE,N/A,N/A,N/A,TRUE,FALSE,N/A,FALSE,N/A,"30 Years, 1 Months, 29 Days",DERIVED,1.65,57,"Orlando, Florida",CONFIRMED,Face,PROBABLE,,,,,N/A,N/A,N/A,N/A,N/A,N/A,FALSE,FALSE,18,CONFIRMED,nia-jax,,,6:49,409,CONFIRMED,,,,,,FALSE,FALSE,FALSE,FALSE,FALSE,FALSE,FALSE,FALSE,FALSE,FALSE,FALSE,FALSE,SmackDown,PROBABLE,FALSE,CONFIRMED,S144;S152;S922;S1009;S1615;S1700;S1805,,
RR2018W,jacqueline,RR2018W,21,CONFIRMED,Jacqueline,Jacqueline,0,1,TRUE,N/A,N/A,N/A,TRUE,FALSE,N/A,TRUE,UNKNOWN,"54 Years, 0 Months, 22 Days",DERIVED,1.60,54,"Dallas, Texas",CONFLICTING,Face,PROBABLE,,,,,N/A,N/A,N/A,N/A,N/A,N/A,FALSE,FALSE,15,CONFIRMED,nia-jax,,,1:52,112,CONFIRMED,,,,,,FALSE,FALSE,FALSE,FALSE,FALSE,FALSE,FALSE,TRUE,FALSE,TRUE,FALSE,TRUE,Unaffiliated,PROBABLE,FALSE,CONFIRMED,S144;S152;S923;S1010;S1675;S1700;S1714;S1805,,
RR2018W,nia-jax,RR2018W,22,CONFIRMED,Nia Jax,Nia Jax,0,1,TRUE,N/A,N/A,N/A,TRUE,FALSE,N/A,FALSE,N/A,"33 Years, 7 Months, 30 Days",DERIVED,1.83,123,"San Diego, California",CONFLICTING,Heel,PROBABLE,,,,,N/A,N/A,N/A,N/A,N/A,N/A,FALSE,FALSE,23,CONFIRMED,asuka;bayley;brie-bella;natalya;nikki-bella;trish-stratus,,,17:56,1076,CONFIRMED,,4,ruby-riott;kelly-kelly;naomi;jacqueline,4,0,FALSE,FALSE,FALSE,FALSE,FALSE,FALSE,FALSE,FALSE,FALSE,FALSE,FALSE,FALSE,Raw,PROBABLE,FALSE,CONFIRMED,S144;S152;S924;S1011;S1617;S1700;S1805,"6-way group elimination -- S144 and S152 agree on the identical set of 6 names (listed order differs slightly between the two, the underlying set does not). A literal walk-through confirms Nia Jax's own total is 4 solo eliminations (Jacqueline, Kelly Kelly, Ruby Riott, Naomi) -- she was the VICTIM of this group elimination, not a contributor to one; some secondary sources incorrectly claim she had 5 eliminations, contradicted by this table.",
RR2018W,ember-moon,RR2018W,23,CONFIRMED,Ember Moon,Ember Moon,0,1,TRUE,N/A,N/A,N/A,TRUE,FALSE,N/A,FALSE,N/A,"29 Years, 4 Months, 28 Days",DERIVED,1.60,54,"Dallas, Texas",CONFLICTING,Face,PROBABLE,,,,,N/A,N/A,N/A,N/A,N/A,N/A,FALSE,FALSE,20,CONFIRMED,asuka,,,6:14,374,CONFIRMED,,,,,,FALSE,FALSE,FALSE,FALSE,FALSE,FALSE,FALSE,FALSE,FALSE,FALSE,FALSE,FALSE,NXT,PROBABLE,FALSE,CONFIRMED,S144;S152;S925;S1012;S1618;S1700;S1805,,
RR2018W,beth-phoenix,RR2018W,24,CONFIRMED,Beth Phoenix,Beth Phoenix,1,2,FALSE,2010,Eliminated (elim #5),5,FALSE,FALSE,N/A,TRUE,UNKNOWN,"37 Years, 2 Months, 4 Days",DERIVED,1.70,68,"Buffalo, New York",CONFIRMED,Face,PROBABLE,,,,,N/A,N/A,N/A,N/A,N/A,N/A,FALSE,FALSE,19,CONFIRMED,natalya,,,2:22,142,CONFIRMED,,,,,,FALSE,FALSE,FALSE,FALSE,FALSE,FALSE,FALSE,TRUE,FALSE,TRUE,FALSE,TRUE,Unaffiliated,PROBABLE,FALSE,CONFIRMED,S144;S152;S926;S1013;S1619;S792;S1700;S1714;S1805,,
RR2018W,asuka,RR2018W,25,CONFIRMED,Asuka,Asuka,0,1,TRUE,N/A,N/A,N/A,TRUE,FALSE,N/A,FALSE,N/A,"36 Years, 4 Months, 2 Days",DERIVED,1.60,62,"Osaka, Japan",CONFIRMED,Face,PROBABLE,,,,,N/A,N/A,N/A,N/A,N/A,N/A,FALSE,FALSE,,N/A,,,,19:41,1181,CONFIRMED,,3,nia-jax;ember-moon;nikki-bella,2,1,FALSE,TRUE,FALSE,TRUE,TRUE,TRUE,FALSE,FALSE,FALSE,FALSE,FALSE,FALSE,Raw,PROBABLE,FALSE,CONFIRMED,S144;S152;S927;S1014;S1620;S1700;S1805,"Entered #25 and won, eliminating Nikki Bella for the winning elimination -- the first winner of the first-ever Women's Royal Rumble match. Her post-match celebration and WrestleMania 34 opponent announcement was interrupted by Ronda Rousey's surprise full-time WWE signing reveal, drawing contemporary criticism -- see notable_moments.",
RR2018W,mickie-james,RR2018W,26,CONFIRMED,Mickie James,Mickie James,0,1,TRUE,N/A,N/A,N/A,TRUE,FALSE,N/A,FALSE,N/A,"38 Years, 4 Months, 28 Days",DERIVED,1.63,56,"Richmond, Virginia",CONFIRMED,Face,PROBABLE,,,,,N/A,N/A,N/A,N/A,N/A,N/A,FALSE,FALSE,22,CONFIRMED,trish-stratus,,,8:24,504,CONFIRMED,,,,,,FALSE,FALSE,FALSE,FALSE,FALSE,FALSE,FALSE,FALSE,FALSE,FALSE,FALSE,FALSE,Raw,PROBABLE,FALSE,CONFIRMED,S144;S152;S928;S1015;S1621;S1700;S1805,,
RR2018W,nikki-bella,RR2018W,27,CONFIRMED,Nikki Bella,Nikki Bella,0,1,TRUE,N/A,N/A,N/A,TRUE,FALSE,N/A,TRUE,UNKNOWN,"34 Years, 2 Months, 7 Days",DERIVED,1.68,59,"San Diego, California",CONFLICTING,Face,PROBABLE,,,The Bella Twins,,N/A,N/A,N/A,N/A,N/A,N/A,FALSE,FALSE,29,CONFIRMED,asuka,,,16:30,990,CONFIRMED,,4,sasha-banks;carmella;nia-jax;brie-bella,2,2,FALSE,FALSE,TRUE,TRUE,TRUE,TRUE,FALSE,TRUE,FALSE,TRUE,FALSE,FALSE,Unaffiliated,PROBABLE,FALSE,CONFIRMED,S144;S152;S517;S929;S1016;S1622;S1700;S1714;S1805,The final elimination of the match -- Asuka's winning elimination.,
RR2018W,brie-bella,RR2018W,28,CONFIRMED,Brie Bella,Brie Bella,0,1,TRUE,N/A,N/A,N/A,TRUE,FALSE,N/A,TRUE,UNKNOWN,"34 Years, 2 Months, 7 Days",DERIVED,1.68,54,"Scottsdale, Arizona",CONFLICTING,Face,PROBABLE,,,The Bella Twins,,N/A,N/A,N/A,N/A,N/A,N/A,FALSE,FALSE,28,CONFIRMED,nikki-bella,,,11:58,718,CONFIRMED,,2,sasha-banks;nia-jax,0,2,FALSE,FALSE,FALSE,FALSE,TRUE,TRUE,FALSE,TRUE,FALSE,TRUE,FALSE,FALSE,Unaffiliated,PROBABLE,FALSE,CONFIRMED,S144;S152;S517;S930;S1017;S1623;S1700;S1714;S1805,,
RR2018W,bayley,RR2018W,29,CONFIRMED,Bayley,Bayley,0,1,TRUE,N/A,N/A,N/A,TRUE,FALSE,N/A,FALSE,N/A,"28 Years, 7 Months, 13 Days",DERIVED,1.68,54,"San Jose, California",CONFIRMED,Face,PROBABLE,,,,,N/A,N/A,N/A,N/A,N/A,N/A,FALSE,FALSE,24,CONFIRMED,sasha-banks,,,5:04,304,CONFIRMED,,1,nia-jax,0,1,FALSE,FALSE,FALSE,FALSE,FALSE,FALSE,FALSE,FALSE,FALSE,FALSE,FALSE,FALSE,Raw,PROBABLE,FALSE,CONFIRMED,S144;S152;S931;S1018;S1624;S1700;S1805,,
RR2018W,trish-stratus,RR2018W,30,CONFIRMED,Trish Stratus,Trish Stratus,0,1,TRUE,N/A,N/A,N/A,TRUE,FALSE,N/A,TRUE,UNKNOWN,"42 Years, 1 Months, 10 Days",DERIVED,1.65,57,"Toronto, Ontario, Canada",CONFIRMED,Face,PROBABLE,,,,,N/A,N/A,N/A,N/A,N/A,N/A,FALSE,FALSE,26,CONFIRMED,sasha-banks,,,5:36,336,CONFIRMED,,3,natalya;nia-jax;mickie-james,2,1,FALSE,FALSE,FALSE,FALSE,FALSE,FALSE,FALSE,TRUE,FALSE,TRUE,FALSE,TRUE,Unaffiliated,PROBABLE,FALSE,CONFIRMED,S144;S152;S932;S1019;S1625;S1700;S1714;S1805,,
RR2019M,elias,RR2019M,1,CONFIRMED,Elias,Elias,1,2,FALSE,2018,Eliminated (elim #15),15,FALSE,FALSE,N/A,FALSE,N/A,"31 Years, 2 Months, 5 Days",DERIVED,1.83,98,"Pittsburgh, Pennsylvania",PROBABLE,Face,PROBABLE,,,,,N/A,N/A,N/A,N/A,N/A,N/A,FALSE,FALSE,5,CONFIRMED,seth-rollins,,,15:07,907,CONFIRMED,,1,jeff-jarrett,1,0,FALSE,FALSE,FALSE,FALSE,FALSE,FALSE,FALSE,FALSE,FALSE,FALSE,FALSE,FALSE,Raw,PROBABLE,FALSE,CONFIRMED,S161;S162;S164;S833;S898;S1444;S1700;S1806,,
RR2019M,jeff-jarrett,RR2019M,2,CONFIRMED,Jeff Jarrett,Jeff Jarrett,3,4,FALSE,1999,Eliminated (elim #21),21,FALSE,FALSE,N/A,TRUE,UNKNOWN,"51 Years, 6 Months, 13 Days",DERIVED,1.83,104,"Nashville, Tennessee",PROBABLE,Face,PROBABLE,,,,,N/A,N/A,N/A,N/A,N/A,N/A,FALSE,FALSE,1,CONFIRMED,elias,,,1:20,80,CONFIRMED,,,,,,FALSE,FALSE,FALSE,FALSE,FALSE,FALSE,TRUE,TRUE,FALSE,TRUE,FALSE,FALSE,Unaffiliated,PROBABLE,FALSE,CONFIRMED,S161;S162;S164;S044;S045;S479;S475;S024;S029;S035;S470;S466;S481;S587;S1467;S1700;S1728;S1806,Surprise legend return -- Jarrett was not a WWE roster member at the time (NWA executive).,
RR2019M,shinsuke-nakamura,RR2019M,3,CONFIRMED,Shinsuke Nakamura,Shinsuke Nakamura,1,2,FALSE,2018,Won,N/A,FALSE,FALSE,N/A,FALSE,N/A,"38 Years, 11 Months, 3 Days",DERIVED,1.88,100,"Kyoto, Japan",PROBABLE,Heel,PROBABLE,,,,,United States Championship,Intercontinental/United States,N/A,2,2019-01-27,0,FALSE,FALSE,8,CONFIRMED,mustafa-ali,,,17:46,1066,CONFIRMED,,1,kurt-angle,1,0,FALSE,FALSE,FALSE,FALSE,FALSE,FALSE,FALSE,FALSE,FALSE,FALSE,TRUE,FALSE,SmackDown,PROBABLE,FALSE,CONFIRMED,S161;S162;S164;S523;S518;S835;S1452;S1700;S1806,"Nakamura won the United States Championship from Rusev on the Kickoff Show hours earlier, entering this Rumble as reigning champion.",
RR2019M,kurt-angle,RR2019M,4,CONFIRMED,Kurt Angle,Kurt Angle,3,4,FALSE,2005,Eliminated (elim #13),13,FALSE,FALSE,N/A,FALSE,N/A,"50 Years, 1 Months, 18 Days",DERIVED,1.83,100,"Pittsburgh, Pennsylvania",PROBABLE,Face,PROBABLE,,,,,N/A,N/A,N/A,N/A,N/A,N/A,FALSE,FALSE,2,CONFIRMED,shinsuke-nakamura,,,3:15,195,CONFIRMED,,,,,,FALSE,FALSE,FALSE,FALSE,FALSE,FALSE,FALSE,TRUE,FALSE,TRUE,FALSE,FALSE,Raw,PROBABLE,FALSE,CONFIRMED,S161;S162;S164;S068;S069;S689;S1468;S1700;S1806,"Entered as Raw General Manager/authority figure, on his farewell tour ahead of his 2019 in-ring retirement (WrestleMania 35).",
RR2019M,big-e,RR2019M,5,CONFIRMED,Big E,Big E,4,5,FALSE,2018,Eliminated (elim #8),8,FALSE,FALSE,N/A,FALSE,N/A,"32 Years, 10 Months, 26 Days",DERIVED,1.80,129,"Tampa, Florida",PROBABLE,Face,PROBABLE,,,The New Day,The New Day,N/A,N/A,N/A,N/A,N/A,N/A,FALSE,FALSE,4,CONFIRMED,samoa-joe,,,6:01,361,CONFIRMED,,,,,,FALSE,FALSE,FALSE,FALSE,FALSE,FALSE,FALSE,FALSE,FALSE,FALSE,FALSE,FALSE,SmackDown,PROBABLE,FALSE,CONFIRMED,S161;S162;S164;S523;S809;S1447;S1700;S1806,,
RR2019M,johnny-gargano,RR2019M,6,CONFIRMED,Johnny Gargano,Johnny Gargano,0,1,TRUE,N/A,N/A,N/A,TRUE,FALSE,N/A,FALSE,N/A,"31 Years, 5 Months, 13 Days",DERIVED,1.78,90,"Cleveland, Ohio",PROBABLE,Heel,PROBABLE,,,,,NXT North American Championship,NXT secondary,N/A,1,2019-01-26,1,FALSE,FALSE,9,CONFIRMED,dean-ambrose,,,13:50,830,CONFIRMED,,1,jinder-mahal,1,0,FALSE,FALSE,FALSE,FALSE,FALSE,FALSE,TRUE,FALSE,FALSE,FALSE,FALSE,FALSE,NXT,PROBABLE,FALSE,CONFIRMED,S161;S162;S164;S523;S518;S838;S1469;S1700;S1806,"Gargano entered as reigning NXT North American Champion, having won the title from Ricochet the night before at NXT TakeOver: Phoenix (Jan 26, 2019).",
RR2019M,jinder-mahal,RR2019M,7,CONFIRMED,Jinder Mahal,Jinder Mahal,3,4,FALSE,2018,Eliminated (elim #10),10,FALSE,FALSE,N/A,FALSE,N/A,"32 Years, 6 Months, 8 Days",DERIVED,1.96,108,"Punjab, India",PROBABLE,Heel,PROBABLE,,,,,N/A,N/A,N/A,N/A,N/A,N/A,FALSE,FALSE,3,CONFIRMED,johnny-gargano,,,0:29,29,CONFIRMED,,,,,,FALSE,FALSE,FALSE,FALSE,FALSE,FALSE,FALSE,FALSE,FALSE,FALSE,FALSE,FALSE,Raw,PROBABLE,FALSE,CONFIRMED,S161;S162;S164;S785;S1455;S1700;S1806,,
RR2019M,samoa-joe,RR2019M,8,CONFIRMED,Samoa Joe,Samoa Joe,0,1,TRUE,N/A,N/A,N/A,TRUE,FALSE,N/A,FALSE,N/A,"39 Years, 10 Months, 10 Days",DERIVED,1.88,128,"Orange County, California",PROBABLE,Heel,PROBABLE,,,,,N/A,N/A,N/A,N/A,N/A,N/A,FALSE,FALSE,14,CONFIRMED,mustafa-ali,,,23:43,1423,CONFIRMED,,3,big-e;curt-hawkins;no-way-jose,3,0,FALSE,FALSE,FALSE,FALSE,FALSE,FALSE,FALSE,FALSE,FALSE,FALSE,FALSE,FALSE,SmackDown,PROBABLE,FALSE,CONFIRMED,S161;S162;S164;S839;S1470;S1700;S1806,,
RR2019M,curt-hawkins,RR2019M,9,CONFIRMED,Curt Hawkins,Curt Hawkins,0,1,TRUE,N/A,N/A,N/A,TRUE,FALSE,N/A,FALSE,N/A,"33 Years, 9 Months, 7 Days",DERIVED,1.85,101,"Queens, New York",PROBABLE,Face,PROBABLE,,,,,N/A,N/A,N/A,N/A,N/A,N/A,FALSE,FALSE,7,CONFIRMED,samoa-joe,,,4:09,249,CONFIRMED,,1,titus-oneil,1,0,FALSE,FALSE,FALSE,FALSE,FALSE,FALSE,FALSE,FALSE,FALSE,FALSE,FALSE,FALSE,Raw,PROBABLE,FALSE,CONFIRMED,S161;S162;S164;S840;S1471;S1700;S1806,,
RR2019M,seth-rollins,RR2019M,10,CONFIRMED,Seth Rollins,Seth Rollins,2,3,FALSE,2018,Eliminated (elim #22),22,FALSE,FALSE,N/A,FALSE,N/A,"32 Years, 7 Months, 30 Days",DERIVED,1.85,102,"Davenport, Iowa",PROBABLE,Face,PROBABLE,,,,,N/A,N/A,N/A,N/A,N/A,N/A,FALSE,FALSE,,N/A,,,,43:00,2580,CONFIRMED,,3,elias;bobby-lashley;braun-strowman,3,0,FALSE,TRUE,FALSE,TRUE,TRUE,TRUE,FALSE,FALSE,FALSE,FALSE,FALSE,FALSE,Raw,PROBABLE,FALSE,CONFIRMED,S161;S162;S164;S800;S1456;S1700;S1806,"Entered #10 and won, eliminating Braun Strowman for the winning elimination after surviving 43:00 (the match's longest individual time). Earned a Universal Championship match against Brock Lesnar at WrestleMania 35, which he won.",
RR2019M,titus-oneil,RR2019M,11,CONFIRMED,Titus O'Neil,Titus O'Neil,4,5,FALSE,2018,Eliminated (elim #20),20,FALSE,FALSE,N/A,FALSE,N/A,"41 Years, 8 Months, 29 Days",DERIVED,1.98,122,"Live Oak, Florida",PROBABLE,Face,PROBABLE,,,Titus Worldwide (w/ Apollo Crews),Titus Worldwide,N/A,N/A,N/A,N/A,N/A,N/A,FALSE,FALSE,6,CONFIRMED,curt-hawkins,,,0:04,4,CONFIRMED,,,,,,FALSE,FALSE,FALSE,FALSE,FALSE,FALSE,FALSE,FALSE,FALSE,FALSE,FALSE,FALSE,Raw,PROBABLE,FALSE,CONFIRMED,S161;S162;S164;S523;S797;S1511;S1700;S1806,,
RR2019M,kofi-kingston,RR2019M,12,CONFIRMED,Kofi Kingston,Kofi Kingston,10,11,FALSE,2018,Eliminated (elim #11),11,FALSE,FALSE,N/A,FALSE,N/A,"37 Years, 5 Months, 13 Days",DERIVED,1.83,96,"Ghana, West Africa",PROBABLE,Face,PROBABLE,,,The New Day,The New Day,N/A,N/A,N/A,N/A,N/A,N/A,FALSE,FALSE,12,CONFIRMED,drew-mcintyre,,,8:54,534,CONFIRMED,,,,,,FALSE,FALSE,FALSE,FALSE,FALSE,FALSE,FALSE,FALSE,FALSE,FALSE,FALSE,FALSE,SmackDown,PROBABLE,FALSE,CONFIRMED,S161;S162;S164;S523;S760;S1454;S1700;S1806,,
RR2019M,mustafa-ali,RR2019M,13,CONFIRMED,Mustafa Ali,Mustafa Ali,0,1,TRUE,N/A,N/A,N/A,TRUE,FALSE,N/A,FALSE,N/A,"32 Years, 9 Months, 30 Days",DERIVED,1.78,83,"Chicago, Illinois",PROBABLE,Face,PROBABLE,,,,,N/A,N/A,N/A,N/A,N/A,N/A,FALSE,FALSE,23,CONFIRMED,nia-jax,,,30:00,1800,CONFIRMED,,2,shinsuke-nakamura;samoa-joe,2,0,FALSE,FALSE,FALSE,FALSE,FALSE,FALSE,FALSE,FALSE,FALSE,FALSE,FALSE,FALSE,SmackDown,PROBABLE,FALSE,CONFIRMED,S161;S162;S164;S841;S1472;S1700;S1806,"This spot was originally designed for a different, unnamed wrestler who declined it out of discomfort being eliminated by a woman; Ali volunteered as the replacement at Jamie Noble's request, per his own later interview -- not connected to Nia Jax's separate, legitimate injuring of R-Truth in the same match (see notable_moments).",
RR2019M,dean-ambrose,RR2019M,14,CONFIRMED,Dean Ambrose,Dean Ambrose,4,5,FALSE,2017,Eliminated (elim #16),16,FALSE,FALSE,N/A,FALSE,N/A,"33 Years, 1 Months, 20 Days",DERIVED,1.93,105,"Cincinnati, Ohio",PROBABLE,Heel,PROBABLE,,,,,N/A,N/A,N/A,N/A,N/A,N/A,FALSE,FALSE,13,CONFIRMED,aleister-black,,,12:43,763,CONFIRMED,,1,johnny-gargano,1,0,FALSE,FALSE,FALSE,FALSE,FALSE,FALSE,FALSE,FALSE,FALSE,FALSE,FALSE,FALSE,Raw,PROBABLE,FALSE,CONFIRMED,S161;S162;S164;S803;S1473;S1690;S1700;S1806,One of Ambrose's final Rumble appearances before his WWE departure later in 2019 (he left the company and resurfaced as 'Jon Moxley' elsewhere).,
RR2019M,no-way-jose,RR2019M,15,CONFIRMED,No Way Jose,No Way Jose,0,1,TRUE,N/A,N/A,N/A,TRUE,FALSE,N/A,FALSE,N/A,"30 Years, 7 Months, 28 Days",DERIVED,1.91,111,"Santo Domingo, Dominican Republic",PROBABLE,Face,PROBABLE,,,,,N/A,N/A,N/A,N/A,N/A,N/A,FALSE,FALSE,10,CONFIRMED,samoa-joe,,,0:03,3,CONFIRMED,,,,,,FALSE,FALSE,FALSE,FALSE,FALSE,FALSE,FALSE,FALSE,FALSE,FALSE,FALSE,FALSE,Raw,PROBABLE,FALSE,CONFIRMED,S161;S162;S164;S842;S897;S1511;S1700;S1806,,
RR2019M,drew-mcintyre,RR2019M,16,CONFIRMED,Drew McIntyre,Drew McIntyre,3,4,FALSE,2013,Eliminated (elim #2),2,FALSE,FALSE,N/A,FALSE,N/A,"33 Years, 7 Months, 21 Days",DERIVED,1.96,125,"Ayr, Scotland",PROBABLE,Heel,PROBABLE,,,,,N/A,N/A,N/A,N/A,N/A,N/A,FALSE,FALSE,22,CONFIRMED,dolph-ziggler;braun-strowman,,,20:05,1205,CONFIRMED,,4,kofi-kingston;xavier-woods;pete-dunne;jeff-hardy,3,1,FALSE,FALSE,FALSE,FALSE,FALSE,FALSE,FALSE,FALSE,FALSE,FALSE,FALSE,FALSE,Raw,PROBABLE,FALSE,CONFIRMED,S161;S162;S164;S778;S1475;S1700;S1806,Ziggler threw McIntyre out using Braun Strowman's back as a launching platform; both are jointly credited per S161/S163/S165/S172 -- payoff of the McIntyre/Ziggler feud that split their Raw Tag Team Championship-winning duo in Dec 2018.,
RR2019M,xavier-woods,RR2019M,17,CONFIRMED,Xavier Woods,Xavier Woods,2,3,FALSE,2018,Eliminated (elim #7),7,FALSE,FALSE,N/A,FALSE,N/A,"32 Years, 4 Months, 23 Days",DERIVED,1.80,93,"Atlanta, Georgia",PROBABLE,Face,PROBABLE,,,The New Day,The New Day,N/A,N/A,N/A,N/A,N/A,N/A,FALSE,FALSE,11,CONFIRMED,drew-mcintyre,,,0:03,3,CONFIRMED,,,,,,FALSE,FALSE,FALSE,FALSE,FALSE,FALSE,FALSE,FALSE,FALSE,FALSE,FALSE,FALSE,SmackDown,PROBABLE,FALSE,CONFIRMED,S161;S162;S164;S523;S828;S1450;S1700;S1806,,
RR2019M,pete-dunne,RR2019M,18,CONFIRMED,Pete Dunne,Pete Dunne,0,1,TRUE,N/A,N/A,N/A,TRUE,FALSE,N/A,FALSE,N/A,"25 Years, 2 Months, 18 Days",DERIVED,1.78,93,"Birmingham, England",PROBABLE,Face,PROBABLE,,,,,NXT UK Championship,NXT UK,N/A,1,2017-05-20,617,FALSE,FALSE,17,CONFIRMED,drew-mcintyre,,,11:13,673,CONFIRMED,,,,,,FALSE,FALSE,FALSE,FALSE,FALSE,FALSE,TRUE,FALSE,FALSE,FALSE,FALSE,FALSE,NXT UK,PROBABLE,FALSE,CONFIRMED,S161;S162;S164;S523;S518;S843;S1476;S1700;S1806,"Dunne entered as reigning NXT UK Champion (won May 20, 2017; held continuously through this event, would lose the title to WALTER on April 5, 2019).",
RR2019M,andrade,RR2019M,19,CONFIRMED,Andrade,Andrade,1,2,FALSE,2018,Eliminated (elim #18),18,FALSE,FALSE,N/A,FALSE,N/A,"29 Years, 2 Months, 24 Days",DERIVED,1.75,104,"Gómez Palacio, Durango, Mexico",PROBABLE,Heel,PROBABLE,,Zelina Vega,,,N/A,N/A,N/A,N/A,N/A,N/A,FALSE,FALSE,27,CONFIRMED,braun-strowman,,,26:30,1590,CONFIRMED,,1,randy-orton,1,0,FALSE,FALSE,FALSE,FALSE,FALSE,TRUE,FALSE,FALSE,FALSE,FALSE,FALSE,FALSE,SmackDown,PROBABLE,FALSE,CONFIRMED,S161;S162;S164;S518;S523;S834;S1445;S1700;S1806,"WWE officially shortened his ring name from 'Andrade ""Cien"" Almas' to simply 'Andrade' on Jan 15, 2019, less than 2 weeks before this event.",
RR2019M,apollo-crews,RR2019M,20,CONFIRMED,Apollo Crews,Apollo Crews,2,3,FALSE,2018,Eliminated (elim #6),6,FALSE,FALSE,N/A,FALSE,N/A,"31 Years, 5 Months, 5 Days",DERIVED,1.85,109,"Benue State, Nigeria",PROBABLE,Face,PROBABLE,,,Titus Worldwide (w/ Titus O'Neil),Titus Worldwide,N/A,N/A,N/A,N/A,N/A,N/A,FALSE,FALSE,15,CONFIRMED,baron-corbin,,,5:44,344,CONFIRMED,,,,,,FALSE,FALSE,FALSE,FALSE,FALSE,FALSE,FALSE,FALSE,FALSE,FALSE,FALSE,FALSE,Raw,PROBABLE,FALSE,CONFIRMED,S161;S162;S164;S523;S829;S1451;S1700;S1806,,
RR2019M,aleister-black,RR2019M,21,CONFIRMED,Aleister Black,Aleister Black,0,1,TRUE,N/A,N/A,N/A,TRUE,FALSE,N/A,FALSE,N/A,"33 Years, 8 Months, 8 Days",DERIVED,1.83,98,"""The Lodge in Amsterdam""",PROBABLE,Face,PROBABLE,,,,,N/A,N/A,N/A,N/A,N/A,N/A,FALSE,FALSE,16,CONFIRMED,baron-corbin,,,6:09,369,CONFIRMED,,1,dean-ambrose,1,0,FALSE,FALSE,FALSE,FALSE,FALSE,FALSE,FALSE,FALSE,FALSE,FALSE,FALSE,FALSE,NXT,PROBABLE,FALSE,CONFIRMED,S161;S162;S164;S844;S1511;S1700;S1806,,
RR2019M,shelton-benjamin,RR2019M,22,CONFIRMED,Shelton Benjamin,Shelton Benjamin,8,9,FALSE,2010,Eliminated (elim #18),18,FALSE,FALSE,N/A,FALSE,N/A,"43 Years, 6 Months, 18 Days",DERIVED,1.88,112,"Orangeburg, South Carolina",PROBABLE,Heel,PROBABLE,,,,,N/A,N/A,N/A,N/A,N/A,N/A,FALSE,FALSE,20,CONFIRMED,braun-strowman,,,9:19,559,CONFIRMED,,,,,,FALSE,FALSE,FALSE,FALSE,FALSE,FALSE,TRUE,TRUE,FALSE,TRUE,FALSE,FALSE,SmackDown,PROBABLE,FALSE,CONFIRMED,S161;S162;S164;S068;S069;S494;S490;S705;S1477;S1700;S1806,Surprise returning-veteran appearance.,
RR2019M,baron-corbin,RR2019M,23,CONFIRMED,Baron Corbin,Baron Corbin,2,3,FALSE,2018,Eliminated (elim #2),2,FALSE,FALSE,N/A,FALSE,N/A,"34 Years, 4 Months, 14 Days",DERIVED,2.03,129,Kansas City,PROBABLE,Heel,PROBABLE,,,,,N/A,N/A,N/A,N/A,N/A,N/A,FALSE,FALSE,19,CONFIRMED,braun-strowman,,,7:18,438,CONFIRMED,,2,apollo-crews;aleister-black,2,0,FALSE,FALSE,FALSE,FALSE,FALSE,FALSE,FALSE,FALSE,FALSE,FALSE,FALSE,FALSE,Raw,PROBABLE,FALSE,CONFIRMED,S161;S162;S164;S827;S1442;S1700;S1806,,
RR2019M,jeff-hardy,RR2019M,24,CONFIRMED,Jeff Hardy,Jeff Hardy,4,5,FALSE,2007,Eliminated (elim #8),8,FALSE,FALSE,N/A,FALSE,N/A,"41 Years, 4 Months, 27 Days",DERIVED,1.85,102,"Cameron, North Carolina",PROBABLE,Face,PROBABLE,,,,,N/A,N/A,N/A,N/A,N/A,N/A,FALSE,FALSE,21,CONFIRMED,braun-strowman;drew-mcintyre,,,7:04,424,CONFLICTING,,,,,,FALSE,FALSE,FALSE,FALSE,FALSE,FALSE,FALSE,FALSE,FALSE,FALSE,FALSE,FALSE,SmackDown,PROBABLE,FALSE,CONFLICTING,S161;S162;S164;S065;S066;S676;S1511;S1700;S1806,Shared elimination credit -- S161/S162/S165/S166 all agree both Strowman and McIntyre are credited. Hardy's own survival time is CONFLICTING between sources -- see F379.,
RR2019M,rey-mysterio,RR2019M,25,CONFIRMED,Rey Mysterio,Rey Mysterio,8,9,FALSE,2018,Eliminated (elim #26),26,FALSE,FALSE,N/A,FALSE,N/A,"44 Years, 1 Months, 16 Days",DERIVED,1.68,79,"San Diego, California",PROBABLE,Face,PROBABLE,,,,,N/A,N/A,N/A,N/A,N/A,N/A,FALSE,FALSE,25,CONFIRMED,randy-orton,,,12:30,750,CONFIRMED,,1,nia-jax,1,0,FALSE,FALSE,FALSE,FALSE,FALSE,FALSE,FALSE,FALSE,FALSE,FALSE,FALSE,FALSE,SmackDown,PROBABLE,TRUE,CONFIRMED,S161;S162;S164;S068;S069;S436;S695;S1511;S1700;S1806,"By this event Mysterio was again a full-time WWE roster member, having re-signed later in 2018 following his RR2018M surprise return.",
RR2019M,bobby-lashley,RR2019M,26,CONFIRMED,Bobby Lashley,Bobby Lashley,1,2,FALSE,2006,Eliminated (elim #6),6,FALSE,FALSE,N/A,FALSE,N/A,"42 Years, 6 Months, 11 Days",DERIVED,1.91,124,"Colorado Springs, Colorado",PROBABLE,Heel,PROBABLE,,Lio Rush,,,Intercontinental Championship,Intercontinental/United States,N/A,1,2019-01-14,13,FALSE,FALSE,18,CONFIRMED,seth-rollins,,,0:12,12,CONFIRMED,,,,,,FALSE,FALSE,FALSE,FALSE,FALSE,FALSE,FALSE,FALSE,FALSE,FALSE,FALSE,FALSE,Raw,PROBABLE,FALSE,CONFIRMED,S161;S162;S164;S518;S523;S732;S1479;S1700;S1806,"Lashley entered as reigning Intercontinental Champion, having won the title on Jan 14, 2019, 13 days before this event.",
RR2019M,braun-strowman,RR2019M,27,CONFIRMED,Braun Strowman,Braun Strowman,2,3,FALSE,2017,Eliminated (elim #9),9,FALSE,FALSE,N/A,FALSE,N/A,"35 Years, 4 Months, 21 Days",DERIVED,1.98,152,"Sherills Ford, North Carolina",PROBABLE,Face,PROBABLE,,,,,N/A,N/A,N/A,N/A,N/A,N/A,FALSE,FALSE,29,CONFIRMED,seth-rollins,,,14:36,876,CONFIRMED,,6,drew-mcintyre;andrade;shelton-benjamin;baron-corbin;jeff-hardy;dolph-ziggler,4,2,FALSE,FALSE,TRUE,TRUE,TRUE,TRUE,FALSE,FALSE,FALSE,FALSE,FALSE,FALSE,Raw,PROBABLE,FALSE,CONFIRMED,S161;S162;S164;S818;S1480;S1700;S1806,The winning elimination. Strowman's own total credited-elimination count is CONFLICTING between sources -- see F381.,
RR2019M,dolph-ziggler,RR2019M,28,CONFIRMED,Dolph Ziggler,Dolph Ziggler,10,11,FALSE,2018,Eliminated (elim #24),24,FALSE,FALSE,N/A,FALSE,N/A,"38 Years, 6 Months, 0 Days",DERIVED,1.83,97,"Hollywood, Florida",PROBABLE,Heel,PROBABLE,,,,,N/A,N/A,N/A,N/A,N/A,N/A,FALSE,FALSE,28,CONFIRMED,braun-strowman,,,11:34,694,CONFIRMED,,1,drew-mcintyre,0,1,FALSE,FALSE,FALSE,FALSE,TRUE,TRUE,FALSE,FALSE,FALSE,FALSE,FALSE,FALSE,Raw,PROBABLE,FALSE,CONFIRMED,S161;S162;S164;S763;S1466;S1700;S1806,,
RR2019M,randy-orton,RR2019M,29,CONFIRMED,Randy Orton,Randy Orton,9,10,FALSE,2018,Eliminated (elim #25),25,FALSE,FALSE,N/A,FALSE,N/A,"38 Years, 9 Months, 26 Days",DERIVED,1.96,113,"St. Louis, Missouri",PROBABLE,Heel,PROBABLE,Apex Predator,,,,N/A,N/A,N/A,N/A,N/A,N/A,FALSE,FALSE,26,CONFIRMED,andrade,,,5:55,355,CONFIRMED,,1,rey-mysterio,1,0,FALSE,FALSE,FALSE,FALSE,FALSE,FALSE,FALSE,FALSE,FALSE,FALSE,FALSE,FALSE,SmackDown,PROBABLE,FALSE,CONFIRMED,S161;S162;S164;S067;S073;S040;S052;S042;S481;S489;S485;S709;S1462;S1700;S1806,,
RR2019M,nia-jax,RR2019M,30,CONFIRMED,Nia Jax,Nia Jax,2,3,FALSE,2019,Eliminated (elim #28),28,FALSE,FALSE,N/A,FALSE,N/A,"34 Years, 7 Months, 29 Days",DERIVED,1.83,123,"San Diego, California",PROBABLE,Heel,PROBABLE,,,,,N/A,N/A,N/A,N/A,N/A,N/A,FALSE,FALSE,24,CONFIRMED,rey-mysterio,,,3:09,189,CONFIRMED,,1,mustafa-ali,1,0,FALSE,FALSE,FALSE,FALSE,FALSE,FALSE,TRUE,FALSE,FALSE,FALSE,FALSE,FALSE,Raw,PROBABLE,FALSE,CONFIRMED,S161;S162;S164;S845;S1481;S1700;S1806,"Nia Jax (a Women's-division wrestler, already in this database from RR2018W) took R-Truth's advertised #30 slot via a scripted attack that legitimately injured him; she also competed in the Women's Royal Rumble the same night -- see notable_moments and build_2019_women.py.",
RR2019W,lacey-evans,RR2019W,1,CONFIRMED,Lacey Evans,Lacey Evans,0,1,TRUE,N/A,N/A,N/A,TRUE,FALSE,N/A,FALSE,N/A,"28 Years, 10 Months, 3 Days",DERIVED,1.73,59,"Parris Island, South Carolina",CONFIRMED,Heel,PROBABLE,,,,,N/A,N/A,N/A,N/A,N/A,N/A,FALSE,FALSE,11,CONFIRMED,charlotte-flair,,,29:20,1760,CONFIRMED,,2,billie-kay;peyton-royce,2,0,FALSE,FALSE,FALSE,FALSE,FALSE,FALSE,FALSE,FALSE,FALSE,FALSE,FALSE,FALSE,Unaffiliated,PROBABLE,FALSE,CONFIRMED,S173;S174;S177;S933;S1020;S1626;S1700;S1806,,
RR2019W,natalya,RR2019W,2,CONFIRMED,Natalya,Natalya,1,2,FALSE,2018,Eliminated (elim #25),25,FALSE,FALSE,N/A,FALSE,N/A,"36 Years, 8 Months, 0 Days",DERIVED,1.65,61,"Calgary, Alberta, Canada",CONFIRMED,Face,PROBABLE,,,,,N/A,N/A,N/A,N/A,N/A,N/A,FALSE,FALSE,23,CONFIRMED,nia-jax,,,56:01,3361,CONFIRMED,,2,liv-morgan;sarah-logan,1,1,FALSE,FALSE,FALSE,FALSE,FALSE,FALSE,FALSE,FALSE,FALSE,FALSE,FALSE,FALSE,Raw,PROBABLE,FALSE,CONFIRMED,S173;S174;S177;S920;S1007;S1613;S1700;S1806,,
RR2019W,mandy-rose,RR2019W,3,CONFIRMED,Mandy Rose,Mandy Rose,1,2,FALSE,2018,Eliminated (elim #1),1,FALSE,FALSE,N/A,FALSE,N/A,"28 Years, 6 Months, 9 Days",DERIVED,1.63,54,"Yorktown Heights, New York",CONFIRMED,Heel,PROBABLE,,,Mandy Rose & Sonya Deville,,N/A,N/A,N/A,N/A,N/A,N/A,FALSE,FALSE,9,CONFIRMED,naomi,,,25:50,1550,CONFIRMED,,1,naomi,1,0,FALSE,FALSE,FALSE,FALSE,FALSE,FALSE,FALSE,FALSE,FALSE,FALSE,FALSE,FALSE,SmackDown,PROBABLE,FALSE,CONFIRMED,S173;S174;S177;S523;S906;S993;S1600;S1700;S1806,,
RR2019W,liv-morgan,RR2019W,4,CONFIRMED,Liv Morgan,Liv Morgan,1,2,FALSE,2018,Eliminated (elim #9),9,FALSE,FALSE,N/A,FALSE,N/A,"24 Years, 7 Months, 19 Days",DERIVED,1.60,57,"Elmwood Park, New Jersey",CONFLICTING,Heel,PROBABLE,,,The Riott Squad,The Riott Squad,N/A,N/A,N/A,N/A,N/A,N/A,FALSE,FALSE,1,CONFIRMED,natalya,,,0:08,8,CONFIRMED,,,,,,FALSE,FALSE,FALSE,FALSE,FALSE,FALSE,FALSE,FALSE,FALSE,FALSE,FALSE,FALSE,Raw,PROBABLE,FALSE,CONFIRMED,S173;S174;S177;S523;S913;S1000;S1607;S1700;S1806,,
RR2019W,mickie-james,RR2019W,5,CONFIRMED,Mickie James,Mickie James,1,2,FALSE,2018,Eliminated (elim #22),22,FALSE,FALSE,N/A,FALSE,N/A,"39 Years, 4 Months, 27 Days",DERIVED,1.63,56,"Richmond, Virginia",CONFIRMED,Heel,PROBABLE,,,,,N/A,N/A,N/A,N/A,N/A,N/A,FALSE,FALSE,2,CONFIRMED,tamina,,,11:38,698,CONFIRMED,,,,,,FALSE,FALSE,FALSE,FALSE,FALSE,FALSE,FALSE,FALSE,FALSE,FALSE,FALSE,FALSE,Raw,PROBABLE,FALSE,CONFIRMED,S173;S174;S177;S928;S1015;S1621;S1700;S1806,,
RR2019W,ember-moon,RR2019W,6,CONFIRMED,Ember Moon,Ember Moon,1,2,FALSE,2018,Eliminated (elim #20),20,FALSE,FALSE,N/A,FALSE,N/A,"30 Years, 4 Months, 27 Days",DERIVED,1.60,54,"Dallas, Texas",CONFLICTING,Face,PROBABLE,,,,,N/A,N/A,N/A,N/A,N/A,N/A,FALSE,FALSE,24,CONFIRMED,alexa-bliss,,,52:10,3130,CONFIRMED,,,,,,FALSE,FALSE,FALSE,FALSE,FALSE,FALSE,FALSE,FALSE,FALSE,FALSE,FALSE,FALSE,Raw,PROBABLE,FALSE,CONFIRMED,S173;S174;S177;S925;S1012;S1618;S1700;S1806,"Cageside Seats' independent re-timing gives 52:45 versus Wikipedia's 52:10 -- a 35-second variance, the largest of the match, but not treated as a genuine conflict (both cluster in the same range).",
RR2019W,billie-kay,RR2019W,7,CONFIRMED,Billie Kay,Billie Kay,0,1,TRUE,N/A,N/A,N/A,TRUE,FALSE,N/A,FALSE,N/A,"29 Years, 7 Months, 4 Days",DERIVED,1.73,60,"Sydney, Australia",CONFIRMED,Heel,PROBABLE,,,The IIconics,The IIconics,N/A,N/A,N/A,N/A,N/A,N/A,FALSE,FALSE,4,CONFIRMED,lacey-evans,,,9:25,565,CONFIRMED,,1,nikki-cross,0,1,FALSE,FALSE,FALSE,FALSE,FALSE,FALSE,FALSE,FALSE,FALSE,FALSE,FALSE,FALSE,SmackDown,PROBABLE,FALSE,CONFIRMED,S173;S174;S177;S523;S934;S1021;S1627;S1700;S1806,"CONFLICTING eliminator credit in one source (mykhel.com claims Charlotte Flair) -- the majority (Wikipedia, Fandom, TJR) agree on Lacey Evans, used here. See F388.",
RR2019W,nikki-cross,RR2019W,8,CONFIRMED,Nikki Cross,Nikki Cross,0,1,TRUE,N/A,N/A,N/A,TRUE,FALSE,N/A,FALSE,N/A,"29 Years, 9 Months, 6 Days",DERIVED,1.53,53,"Glasgow, Scotland",CONFLICTING,Heel,PROBABLE,,,,,N/A,N/A,N/A,N/A,N/A,N/A,FALSE,FALSE,3,CONFIRMED,billie-kay;peyton-royce,,,9:00,540,CONFIRMED,,,,,,FALSE,FALSE,FALSE,FALSE,FALSE,FALSE,FALSE,FALSE,FALSE,FALSE,FALSE,FALSE,Unaffiliated,PROBABLE,FALSE,CONFIRMED,S173;S174;S177;S935;S1022;S1628;S1700;S1806,Shared elimination credit -- S173/S174/S177 agree ('the IIconics').,
RR2019W,peyton-royce,RR2019W,9,CONFIRMED,Peyton Royce,Peyton Royce,0,1,TRUE,N/A,N/A,N/A,TRUE,FALSE,N/A,FALSE,N/A,"26 Years, 2 Months, 17 Days",DERIVED,1.70,60,Australia,CONFLICTING,Heel,PROBABLE,,,The IIconics,The IIconics,N/A,N/A,N/A,N/A,N/A,N/A,FALSE,FALSE,5,CONFIRMED,lacey-evans,,,8:38,518,CONFIRMED,,1,nikki-cross,0,1,FALSE,FALSE,FALSE,FALSE,FALSE,FALSE,FALSE,FALSE,FALSE,FALSE,FALSE,FALSE,SmackDown,PROBABLE,FALSE,CONFIRMED,S173;S174;S177;S523;S936;S1023;S1629;S1700;S1806,"CONFLICTING eliminator credit in one source (mykhel.com claims Charlotte Flair) -- the majority (Wikipedia, Fandom, TJR) agree on Lacey Evans, used here. See F388.",
RR2019W,tamina,RR2019W,10,CONFIRMED,Tamina,Tamina,1,2,FALSE,2018,Eliminated (elim #2),2,FALSE,FALSE,N/A,FALSE,N/A,"41 Years, 0 Months, 17 Days",DERIVED,1.75,77,The Pacific Islands,CONFIRMED,Heel,PROBABLE,,,,,N/A,N/A,N/A,N/A,N/A,N/A,FALSE,FALSE,7,CONFIRMED,charlotte-flair,,,8:22,502,CONFIRMED,,1,mickie-james,1,0,FALSE,FALSE,FALSE,FALSE,FALSE,FALSE,FALSE,FALSE,FALSE,FALSE,FALSE,FALSE,Raw,PROBABLE,FALSE,CONFIRMED,S173;S174;S177;S909;S996;S1603;S1700;S1806,,
RR2019W,xia-li,RR2019W,11,CONFIRMED,Xia Li,Xia Li,0,1,TRUE,N/A,N/A,N/A,TRUE,FALSE,N/A,FALSE,N/A,"30 Years, 5 Months, 30 Days",DERIVED,1.63,62,"Chongqing, China",CONFLICTING,Face,PROBABLE,,,,,N/A,N/A,N/A,N/A,N/A,N/A,FALSE,FALSE,6,CONFIRMED,charlotte-flair,,,4:48,288,CONFIRMED,,,,,,FALSE,FALSE,FALSE,FALSE,FALSE,FALSE,FALSE,FALSE,FALSE,FALSE,FALSE,FALSE,NXT,PROBABLE,FALSE,CONFIRMED,S173;S174;S177;S937;S1024;S1676;S1700;S1806,,
RR2019W,sarah-logan,RR2019W,12,CONFIRMED,Sarah Logan,Sarah Logan,1,2,FALSE,2018,Eliminated (elim #7),7,FALSE,FALSE,N/A,FALSE,N/A,"25 Years, 4 Months, 17 Days",DERIVED,1.68,63,"Louisville, Kentucky",CONFIRMED,Heel,PROBABLE,,,The Riott Squad,The Riott Squad,N/A,N/A,N/A,N/A,N/A,N/A,FALSE,FALSE,8,CONFIRMED,natalya;kairi-sane,,,5:38,338,CONFIRMED,,,,,,FALSE,FALSE,FALSE,FALSE,FALSE,FALSE,FALSE,FALSE,FALSE,FALSE,FALSE,FALSE,Raw,PROBABLE,FALSE,CONFIRMED,S173;S174;S177;S523;S905;S992;S1599;S1700;S1806,Shared elimination credit -- S173/S174 agree.,
RR2019W,charlotte-flair,RR2019W,13,CONFIRMED,Charlotte Flair,Charlotte Flair,0,1,TRUE,N/A,N/A,N/A,TRUE,FALSE,N/A,FALSE,N/A,"32 Years, 9 Months, 22 Days",DERIVED,1.78,65,"""The Queen City""",CONFLICTING,Heel,PROBABLE,,,,,N/A,N/A,N/A,N/A,N/A,N/A,FALSE,FALSE,29,CONFIRMED,becky-lynch,,,50:01,3001,CONFIRMED,,5,lacey-evans;tamina;xia-li;bayley;carmella,4,1,FALSE,FALSE,TRUE,TRUE,TRUE,TRUE,FALSE,FALSE,FALSE,FALSE,FALSE,FALSE,SmackDown,PROBABLE,FALSE,CONFIRMED,S173;S174;S177;S938;S1025;S1631;S1700;S1806,"The winning elimination. Charlotte Flair finished as runner-up with a match-high 5 credited eliminations (Xia Li, Tamina, Lacey Evans, Carmella, plus a shared credit on Bayley).",
RR2019W,kairi-sane,RR2019W,14,CONFIRMED,Kairi Sane,Kairi Sane,1,2,FALSE,2018,Eliminated (elim #4),4,FALSE,FALSE,N/A,FALSE,N/A,"30 Years, 4 Months, 4 Days",DERIVED,1.55,52,"Yamaguchi Prefecture, Japan",CONFLICTING,Face,PROBABLE,,,,,N/A,N/A,N/A,N/A,N/A,N/A,FALSE,FALSE,15,CONFIRMED,ruby-riott,,,17:00,1020,CONFIRMED,,1,sarah-logan,0,1,FALSE,FALSE,FALSE,FALSE,FALSE,FALSE,FALSE,FALSE,FALSE,FALSE,FALSE,FALSE,NXT,PROBABLE,FALSE,CONFIRMED,S173;S174;S177;S908;S995;S1602;S1700;S1806,,
RR2019W,maria-kanellis,RR2019W,15,CONFIRMED,Maria Kanellis,Maria Kanellis,0,1,TRUE,N/A,N/A,N/A,TRUE,FALSE,N/A,FALSE,N/A,"36 Years, 11 Months, 2 Days",DERIVED,1.70,54,"Chicago, Illinois",CONFIRMED,Heel,PROBABLE,,,,,N/A,N/A,N/A,N/A,N/A,N/A,FALSE,FALSE,12,CONFIRMED,alicia-fox,,,8:12,492,CONFIRMED,,,,,,FALSE,FALSE,FALSE,FALSE,FALSE,FALSE,TRUE,FALSE,FALSE,TRUE,FALSE,FALSE,205 Live,PROBABLE,FALSE,CONFIRMED,S173;S174;S177;S939;S1026;S1632;S1700;S1806,,
RR2019W,naomi,RR2019W,16,CONFIRMED,Naomi,Naomi,1,2,FALSE,2018,Eliminated (elim #18),18,FALSE,FALSE,N/A,FALSE,N/A,"31 Years, 1 Months, 28 Days",DERIVED,1.65,57,"Orlando, Florida",CONFIRMED,Face,PROBABLE,,,,,N/A,N/A,N/A,N/A,N/A,N/A,FALSE,FALSE,10,CONFIRMED,mandy-rose,,,1:28,88,CONFIRMED,,1,mandy-rose,1,0,FALSE,FALSE,FALSE,FALSE,FALSE,FALSE,FALSE,FALSE,FALSE,FALSE,FALSE,FALSE,SmackDown,PROBABLE,FALSE,CONFIRMED,S173;S174;S177;S922;S1009;S1615;S1700;S1806,"Blown-spot elimination, CONFIRMED via a direct Wikipedia footnote: Mandy Rose had already been eliminated moments earlier, but reached back in from the floor and pulled Naomi out anyway -- it stood as her official elimination credit.",
RR2019W,candice-lerae,RR2019W,17,CONFIRMED,Candice LeRae,Candice LeRae,0,1,TRUE,N/A,N/A,N/A,TRUE,FALSE,N/A,FALSE,N/A,"33 Years, 3 Months, 29 Days",DERIVED,1.58,50,"Anaheim, California",CONFIRMED,Face,PROBABLE,,,,,N/A,N/A,N/A,N/A,N/A,N/A,FALSE,FALSE,14,CONFIRMED,ruby-riott,,,9:35,575,CONFIRMED,,,,,,FALSE,FALSE,FALSE,FALSE,FALSE,FALSE,FALSE,FALSE,FALSE,FALSE,FALSE,FALSE,NXT,PROBABLE,FALSE,CONFIRMED,S173;S174;S177;S940;S1027;S1633;S1700;S1806,,
RR2019W,alicia-fox,RR2019W,18,CONFIRMED,Alicia Fox,Alicia Fox,0,1,TRUE,N/A,N/A,N/A,TRUE,FALSE,N/A,FALSE,N/A,"32 Years, 6 Months, 28 Days",DERIVED,1.75,54,"Ponte Vedra Beach, Florida",CONFIRMED,Heel,PROBABLE,,,,,N/A,N/A,N/A,N/A,N/A,N/A,FALSE,FALSE,13,CONFIRMED,ruby-riott,,,6:55,415,CONFIRMED,,1,maria-kanellis,1,0,FALSE,FALSE,FALSE,FALSE,FALSE,FALSE,FALSE,FALSE,FALSE,FALSE,FALSE,FALSE,Raw,PROBABLE,FALSE,CONFIRMED,S173;S174;S177;S941;S1028;S1634;S1700;S1806,,
RR2019W,kacy-catanzaro,RR2019W,19,CONFIRMED,Kacy Catanzaro,Kacy Catanzaro,0,1,TRUE,N/A,N/A,N/A,TRUE,FALSE,N/A,FALSE,N/A,"29 Years, 0 Months, 13 Days",DERIVED,1.52,43,"Belleville, New Jersey",CONFIRMED,Face,PROBABLE,,,,,N/A,N/A,N/A,N/A,N/A,N/A,FALSE,FALSE,16,CONFIRMED,rhea-ripley,,,10:45,645,CONFIRMED,,,,,,FALSE,FALSE,FALSE,FALSE,FALSE,FALSE,FALSE,FALSE,FALSE,FALSE,FALSE,FALSE,NXT,PROBABLE,FALSE,CONFIRMED,S173;S174;S177;S942;S1029;S1635;S1700;S1806,,
RR2019W,zelina-vega,RR2019W,20,CONFIRMED,Zelina Vega,Zelina Vega,0,1,TRUE,N/A,N/A,N/A,TRUE,FALSE,N/A,FALSE,N/A,"28 Years, 1 Months, 0 Days",DERIVED,1.55,48,"Queens, New York",PROBABLE,Heel,PROBABLE,,,,,N/A,N/A,N/A,N/A,N/A,N/A,FALSE,FALSE,18,CONFIRMED,rhea-ripley,,,11:42,702,CONFIRMED,,,,,,FALSE,FALSE,FALSE,FALSE,FALSE,FALSE,FALSE,FALSE,FALSE,FALSE,FALSE,FALSE,SmackDown,PROBABLE,FALSE,CONFIRMED,S173;S174;S177;S943;S1075;S1676;S1700;S1806;S1829;S1830;S1831,,
RR2019W,ruby-riott,RR2019W,21,CONFIRMED,Ruby Riott,Ruby Riott,1,2,FALSE,2018,Eliminated (elim #17),17,FALSE,FALSE,N/A,FALSE,N/A,"28 Years, 0 Months, 18 Days",DERIVED,1.63,55,"Lafayette, Indiana",CONFIRMED,Heel,PROBABLE,,,The Riott Squad,The Riott Squad,N/A,N/A,N/A,N/A,N/A,N/A,FALSE,FALSE,20,CONFIRMED,bayley,,,13:08,788,CONFIRMED,,3,kairi-sane;candice-lerae;alicia-fox,3,0,FALSE,FALSE,FALSE,FALSE,FALSE,FALSE,FALSE,FALSE,FALSE,FALSE,FALSE,FALSE,Raw,PROBABLE,FALSE,CONFIRMED,S173;S174;S177;S523;S917;S1004;S1676;S1700;S1806,,
RR2019W,dana-brooke,RR2019W,22,CONFIRMED,Dana Brooke,Dana Brooke,1,2,FALSE,2018,Eliminated (elim #5),5,FALSE,FALSE,N/A,FALSE,N/A,"30 Years, 1 Months, 29 Days",DERIVED,1.60,57,"Cleveland, Ohio",CONFIRMED,Face,PROBABLE,,,,,N/A,N/A,N/A,N/A,N/A,N/A,FALSE,FALSE,17,CONFIRMED,rhea-ripley,,,7:17,437,CONFIRMED,,,,,,FALSE,FALSE,FALSE,FALSE,FALSE,FALSE,FALSE,FALSE,FALSE,FALSE,FALSE,FALSE,Raw,PROBABLE,FALSE,CONFIRMED,S173;S174;S177;S910;S997;S1604;S1700;S1806,,
RR2019W,io-shirai,RR2019W,23,CONFIRMED,Io Shirai,Io Shirai,0,1,TRUE,N/A,N/A,N/A,TRUE,FALSE,N/A,FALSE,N/A,"28 Years, 8 Months, 19 Days",DERIVED,1.57,54,"Tokyo, Japan",CONFIRMED,Face,PROBABLE,,,,,N/A,N/A,N/A,N/A,N/A,N/A,FALSE,FALSE,22,CONFIRMED,nia-jax,,,13:21,801,CONFIRMED,,,,,,FALSE,FALSE,FALSE,FALSE,FALSE,FALSE,FALSE,FALSE,FALSE,FALSE,FALSE,FALSE,NXT,PROBABLE,FALSE,CONFIRMED,S173;S174;S177;S944;S1030;S1636;S1700;S1806,,
RR2019W,rhea-ripley,RR2019W,24,CONFIRMED,Rhea Ripley,Rhea Ripley,0,1,TRUE,N/A,N/A,N/A,TRUE,FALSE,N/A,FALSE,N/A,"22 Years, 3 Months, 16 Days",DERIVED,1.75,77,"Adelaide, South Australia",CONFIRMED,Heel,PROBABLE,,,,,N/A,N/A,N/A,N/A,N/A,N/A,FALSE,FALSE,21,CONFIRMED,bayley,,,7:55,475,CONFIRMED,,3,kacy-catanzaro;zelina-vega;dana-brooke,3,0,FALSE,FALSE,FALSE,FALSE,FALSE,FALSE,FALSE,FALSE,FALSE,FALSE,FALSE,FALSE,NXT UK,PROBABLE,FALSE,CONFIRMED,S173;S174;S177;S945;S1031;S1637;S1700;S1806,,
RR2019W,sonya-deville,RR2019W,25,CONFIRMED,Sonya Deville,Sonya Deville,1,2,FALSE,2018,Eliminated (elim #8),8,FALSE,FALSE,N/A,FALSE,N/A,"25 Years, 4 Months, 3 Days",DERIVED,1.70,59,"Los Angeles, California",CONFLICTING,Heel,PROBABLE,,,Mandy Rose & Sonya Deville,,N/A,N/A,N/A,N/A,N/A,N/A,FALSE,FALSE,19,CONFIRMED,alexa-bliss,,,4:26,266,CONFIRMED,,,,,,FALSE,FALSE,FALSE,FALSE,FALSE,FALSE,FALSE,FALSE,FALSE,FALSE,FALSE,FALSE,SmackDown,PROBABLE,FALSE,CONFIRMED,S173;S174;S177;S523;S912;S999;S1606;S1700;S1806,,
RR2019W,alexa-bliss,RR2019W,26,CONFIRMED,Alexa Bliss,Alexa Bliss,0,1,TRUE,N/A,N/A,N/A,TRUE,FALSE,N/A,FALSE,N/A,"27 Years, 5 Months, 18 Days",DERIVED,1.55,46,"Columbus, Ohio",CONFIRMED,Heel,PROBABLE,,,,,N/A,N/A,N/A,N/A,N/A,N/A,FALSE,FALSE,25,CONFIRMED,bayley;carmella,,,12:59,779,CONFIRMED,,2,ember-moon;sonya-deville,2,0,FALSE,FALSE,FALSE,FALSE,FALSE,FALSE,FALSE,FALSE,FALSE,FALSE,FALSE,FALSE,Raw,PROBABLE,FALSE,CONFIRMED,S173;S174;S177;S946;S1032;S1638;S1700;S1806,Shared elimination credit -- S173/S174 agree.,
RR2019W,bayley,RR2019W,27,CONFIRMED,Bayley,Bayley,1,2,FALSE,2018,Eliminated (elim #24),24,FALSE,FALSE,N/A,FALSE,N/A,"29 Years, 7 Months, 12 Days",DERIVED,1.68,54,"San Jose, California",CONFIRMED,Face,PROBABLE,,,,,N/A,N/A,N/A,N/A,N/A,N/A,FALSE,FALSE,27,CONFIRMED,nia-jax;charlotte-flair,,,14:27,867,CONFIRMED,,3,ruby-riott;rhea-ripley;alexa-bliss,2,1,FALSE,FALSE,FALSE,FALSE,FALSE,TRUE,FALSE,FALSE,FALSE,FALSE,FALSE,FALSE,Raw,PROBABLE,FALSE,CONFIRMED,S173;S174;S177;S931;S1018;S1624;S1700;S1806,"Shared elimination credit -- S173/S174/S177 agree. One source (mykhel.com) drops Charlotte Flair's co-credit here, listing only Nia Jax -- treated as an error in that single tier-12 source. See F388.",
RR2019W,becky-lynch,RR2019W,28,CONFIRMED,Becky Lynch,Becky Lynch,1,2,FALSE,2018,Eliminated (elim #14),14,FALSE,FALSE,N/A,FALSE,N/A,"31 Years, 11 Months, 28 Days",DERIVED,1.68,61,"Dublin, Ireland",CONFIRMED,Face,PROBABLE,,,,,N/A,N/A,N/A,N/A,N/A,N/A,FALSE,FALSE,,N/A,,,,13:20,800,CONFIRMED,,2,charlotte-flair;nia-jax,2,0,FALSE,TRUE,FALSE,TRUE,TRUE,TRUE,TRUE,FALSE,FALSE,FALSE,TRUE,FALSE,SmackDown,PROBABLE,FALSE,CONFIRMED,S173;S174;S177;S904;S991;S1598;S1700;S1806,"Entered under Lana's official #28 slot -- Lana had 'come out' as that entrant but a storyline ankle injury (suffered during Rusev's Kickoff Show title match) kept her from competing; Becky Lynch was allowed by Fit Finlay to take the vacated spot, but only after Carmella (the official #30 entrant) had already entered, with the clock already running on Lana's slot -- making her the chronologically LAST physical entrant of the match despite carrying the #28 official number. See F392. Lynch had lost her own SmackDown Women's Championship match to Asuka earlier the same card before winning this Rumble, eliminating Nia Jax and then Charlotte Flair (the winning elimination) after surviving 13:20. Earned a spot in the WrestleMania 35 winner-take-all triple threat (with Ronda Rousey and Charlotte Flair), which she won, becoming the first woman to hold both women's titles simultaneously and headlining the first-ever women's WrestleMania main event.",
RR2019W,nia-jax,RR2019W,29,CONFIRMED,Nia Jax,Nia Jax,1,2,FALSE,2018,Eliminated (elim #23),23,FALSE,FALSE,N/A,FALSE,N/A,"34 Years, 7 Months, 29 Days",DERIVED,1.83,123,"San Diego, California",CONFLICTING,Heel,PROBABLE,,,,,N/A,N/A,N/A,N/A,N/A,N/A,FALSE,FALSE,28,CONFIRMED,becky-lynch,,,11:59,719,CONFIRMED,,3,natalya;io-shirai;bayley,2,1,FALSE,FALSE,FALSE,FALSE,TRUE,TRUE,FALSE,FALSE,FALSE,FALSE,FALSE,FALSE,Raw,PROBABLE,FALSE,CONFIRMED,S173;S174;S177;S924;S1011;S1617;S1700;S1806,Nia Jax also competed in the Men's Royal Rumble the same night -- see build_2019_men.py's NM066.,
RR2019W,carmella,RR2019W,30,CONFIRMED,Carmella,Carmella,1,2,FALSE,2018,Eliminated (elim #21),21,FALSE,FALSE,N/A,FALSE,N/A,"31 Years, 3 Months, 4 Days",DERIVED,1.65,50,Staten Island,CONFIRMED,Face,PROBABLE,,,,,N/A,N/A,N/A,N/A,N/A,N/A,FALSE,FALSE,26,CONFIRMED,charlotte-flair,,,7:12,432,CONFIRMED,,1,alexa-bliss,0,1,FALSE,FALSE,FALSE,FALSE,FALSE,FALSE,FALSE,FALSE,FALSE,FALSE,FALSE,FALSE,SmackDown,PROBABLE,FALSE,CONFIRMED,S173;S174;S177;S919;S1006;S1612;S1700;S1806,,
RR2020M,brock-lesnar,RR2020M,1,CONFIRMED,Brock Lesnar,Brock Lesnar,3,4,FALSE,2017,Eliminated (elim #19),19,FALSE,FALSE,N/A,FALSE,N/A,"42 Years, 6 Months, 14 Days",DERIVED,1.91,130,"Minneapolis, Minnesota",PROBABLE,Heel,PROBABLE,,Paul Heyman,,,WWE Championship,World,N/A,5,2019-10-04,114,FALSE,FALSE,14,CONFIRMED,drew-mcintyre,,,26:24,1584,CONFIRMED,,13,elias;erick-rowan;robert-roode;john-morrison;kofi-kingston;rey-mysterio;big-e;cesaro;shelton-benjamin;shinsuke-nakamura;mvp;keith-lee;braun-strowman,13,0,FALSE,FALSE,FALSE,FALSE,FALSE,FALSE,FALSE,FALSE,FALSE,FALSE,FALSE,FALSE,Raw,PROBABLE,FALSE,CONFIRMED,S184;S185;S186;S519;S524;S065;S066;S707;S1482;S1700;S1807,"Tied the all-time single-Rumble elimination record with 13 credited eliminations (11 solo, plus Keith Lee and Braun Strowman -- see F396) before being eliminated himself. See NM078.",
RR2020M,elias,RR2020M,2,CONFIRMED,Elias,Elias,2,3,FALSE,2019,Eliminated (elim #5),5,FALSE,FALSE,N/A,FALSE,N/A,"32 Years, 2 Months, 4 Days",DERIVED,1.83,98,"Pittsburgh, Pennsylvania",PROBABLE,Face,PROBABLE,,,,,N/A,N/A,N/A,N/A,N/A,N/A,FALSE,FALSE,1,CONFIRMED,brock-lesnar,,,1:00,60,CONFIRMED,,,,,,FALSE,FALSE,FALSE,FALSE,FALSE,FALSE,FALSE,FALSE,FALSE,FALSE,FALSE,FALSE,SmackDown,PROBABLE,FALSE,CONFIRMED,S184;S185;S186;S833;S898;S1444;S1700;S1807,,
RR2020M,erick-rowan,RR2020M,3,CONFIRMED,Erick Rowan,Erick Rowan,2,3,FALSE,2016,Eliminated (elim #17),17,FALSE,FALSE,N/A,FALSE,N/A,"38 Years, 1 Months, 29 Days",DERIVED,2.03,143,"Minneapolis, Minnesota",PROBABLE,Heel,PROBABLE,,,,,N/A,N/A,N/A,N/A,N/A,N/A,FALSE,FALSE,2,CONFIRMED,brock-lesnar,,,0:08,8,CONFIRMED,,,,,,FALSE,FALSE,FALSE,FALSE,FALSE,FALSE,FALSE,FALSE,FALSE,FALSE,FALSE,FALSE,Raw,PROBABLE,FALSE,CONFIRMED,S184;S185;S186;S808;S1483;S1700;S1807,,
RR2020M,robert-roode,RR2020M,4,CONFIRMED,Robert Roode,Robert Roode,0,1,TRUE,N/A,N/A,N/A,TRUE,FALSE,N/A,FALSE,N/A,"43 Years, 8 Months, 15 Days",DERIVED,1.85,107,"Toronto, Ontario, Canada",PROBABLE,Heel,PROBABLE,,,Dolph Ziggler & Robert Roode,King Corbin's Court,N/A,N/A,N/A,N/A,N/A,N/A,FALSE,FALSE,3,CONFIRMED,brock-lesnar,,,0:41,41,CONFIRMED,,,,,,FALSE,FALSE,FALSE,FALSE,FALSE,FALSE,TRUE,FALSE,FALSE,FALSE,FALSE,FALSE,SmackDown,PROBABLE,FALSE,CONFIRMED,S184;S185;S186;S524;S846;S1484;S1700;S1807,"Marked as a surprise entrant by dropthebelt.com (single tier-12 source, not major hype).",
RR2020M,john-morrison,RR2020M,5,CONFIRMED,John Morrison,John Morrison,6,7,FALSE,2011,Eliminated (elim #10),10,FALSE,FALSE,N/A,FALSE,N/A,"40 Years, 3 Months, 23 Days",DERIVED,1.83,98,"Los Angeles, California",PROBABLE,Heel,PROBABLE,,,The Miz & John Morrison,,N/A,N/A,N/A,N/A,N/A,N/A,FALSE,FALSE,4,CONFIRMED,brock-lesnar,,,0:09,9,CONFIRMED,,,,,,FALSE,FALSE,FALSE,FALSE,FALSE,FALSE,FALSE,FALSE,FALSE,FALSE,FALSE,FALSE,SmackDown,PROBABLE,FALSE,CONFIRMED,S184;S185;S186;S524;S847;S1512;S1700;S1807,,
RR2020M,kofi-kingston,RR2020M,6,CONFIRMED,Kofi Kingston,Kofi Kingston,11,12,FALSE,2019,Eliminated (elim #12),12,FALSE,FALSE,N/A,FALSE,N/A,"38 Years, 5 Months, 12 Days",DERIVED,1.83,96,"Ghana, West Africa",PROBABLE,Face,PROBABLE,,,The New Day,The New Day,SmackDown Tag Team Championship,Tag Team,Big E,5,2019-11-08,79,FALSE,FALSE,7,CONFIRMED,brock-lesnar,,,5:06,306,CONFIRMED,,,,,,FALSE,FALSE,FALSE,FALSE,FALSE,FALSE,FALSE,FALSE,FALSE,FALSE,FALSE,FALSE,SmackDown,PROBABLE,FALSE,CONFIRMED,S184;S185;S186;S524;S519;S760;S1454;S1700;S1807,"Entered as reigning co-SmackDown Tag Team Champion alongside Big E (won Nov 8, 2019).",
RR2020M,rey-mysterio,RR2020M,7,CONFIRMED,Rey Mysterio,Rey Mysterio,9,10,FALSE,2019,Eliminated (elim #25),25,FALSE,FALSE,N/A,FALSE,N/A,"45 Years, 1 Months, 15 Days",DERIVED,1.68,79,"San Diego, California",PROBABLE,Face,PROBABLE,,,,,N/A,N/A,N/A,N/A,N/A,N/A,FALSE,FALSE,5,CONFIRMED,brock-lesnar,,,2:54,174,CONFIRMED,,,,,,FALSE,FALSE,FALSE,FALSE,FALSE,FALSE,FALSE,FALSE,FALSE,FALSE,FALSE,FALSE,Raw,PROBABLE,TRUE,CONFIRMED,S184;S185;S186;S068;S069;S436;S695;S1512;S1700;S1807,,
RR2020M,big-e,RR2020M,8,CONFIRMED,Big E,Big E,5,6,FALSE,2019,Eliminated (elim #4),4,FALSE,FALSE,N/A,FALSE,N/A,"33 Years, 10 Months, 25 Days",DERIVED,1.80,129,"Tampa, Florida",PROBABLE,Face,PROBABLE,,,The New Day,The New Day,SmackDown Tag Team Championship,Tag Team,Kofi Kingston,5,2019-11-08,79,FALSE,FALSE,6,CONFIRMED,brock-lesnar,,,0:53,53,CONFIRMED,,,,,,FALSE,FALSE,FALSE,FALSE,FALSE,FALSE,FALSE,FALSE,FALSE,FALSE,FALSE,FALSE,SmackDown,PROBABLE,FALSE,CONFIRMED,S184;S185;S186;S524;S519;S809;S1447;S1700;S1807,"Entered as reigning co-SmackDown Tag Team Champion alongside Kofi Kingston (won Nov 8, 2019).",
RR2020M,cesaro,RR2020M,9,CONFIRMED,Cesaro,Cesaro,5,6,FALSE,2018,Eliminated (elim #9),9,FALSE,FALSE,N/A,FALSE,N/A,"39 Years, 0 Months, 30 Days",DERIVED,1.96,105,"Lucerne, Switzerland",PROBABLE,Heel,PROBABLE,,,Cesaro & Shinsuke Nakamura,,N/A,N/A,N/A,N/A,N/A,N/A,FALSE,FALSE,8,CONFIRMED,brock-lesnar,,,0:18,18,CONFIRMED,,,,,,FALSE,FALSE,FALSE,FALSE,FALSE,FALSE,TRUE,FALSE,FALSE,FALSE,FALSE,FALSE,SmackDown,PROBABLE,FALSE,CONFIRMED,S184;S185;S186;S524;S796;S1453;S1687;S1700;S1807,Marked as a surprise entrant by dropthebelt.com.,
RR2020M,shelton-benjamin,RR2020M,10,CONFIRMED,Shelton Benjamin,Shelton Benjamin,9,10,FALSE,2019,Eliminated (elim #20),20,FALSE,FALSE,N/A,FALSE,N/A,"44 Years, 6 Months, 17 Days",DERIVED,1.88,112,"Orangeburg, South Carolina",PROBABLE,Heel,PROBABLE,,,,,N/A,N/A,N/A,N/A,N/A,N/A,FALSE,FALSE,9,CONFIRMED,brock-lesnar,,,0:37,37,CONFIRMED,,,,,,FALSE,FALSE,FALSE,FALSE,FALSE,FALSE,TRUE,TRUE,FALSE,TRUE,FALSE,FALSE,Raw,PROBABLE,FALSE,CONFIRMED,S184;S185;S186;S068;S069;S494;S490;S705;S1477;S1700;S1807,Marked as a surprise entrant by dropthebelt.com -- a nostalgia-adjacent veteran appearance.,
RR2020M,shinsuke-nakamura,RR2020M,11,CONFIRMED,Shinsuke Nakamura,Shinsuke Nakamura,2,3,FALSE,2019,Eliminated (elim #8),8,FALSE,FALSE,N/A,FALSE,N/A,"39 Years, 11 Months, 2 Days",DERIVED,1.88,100,"Kyoto, Japan",PROBABLE,Heel,PROBABLE,,,Cesaro & Shinsuke Nakamura,,Intercontinental Championship,Intercontinental/United States,N/A,1,2019-07-14,196,FALSE,FALSE,10,CONFIRMED,brock-lesnar,,,0:20,20,CONFIRMED,,,,,,FALSE,FALSE,FALSE,FALSE,FALSE,FALSE,FALSE,FALSE,FALSE,FALSE,FALSE,FALSE,SmackDown,PROBABLE,FALSE,CONFIRMED,S184;S185;S186;S524;S519;S835;S1452;S1700;S1807,"Entered as reigning Intercontinental Champion (won from Finn Balor at Extreme Rules, July 14, 2019).",
RR2020M,mvp,RR2020M,12,CONFIRMED,MVP,MVP,3,4,FALSE,2010,Eliminated (elim #9),9,FALSE,FALSE,N/A,TRUE,UNKNOWN,"46 Years, 2 Months, 29 Days",DERIVED,1.91,117,"Miami, Florida",PROBABLE,Heel,PROBABLE,,,,,N/A,N/A,N/A,N/A,N/A,N/A,FALSE,FALSE,11,CONFIRMED,brock-lesnar,,,0:24,24,CONFIRMED,,,,,,FALSE,FALSE,FALSE,FALSE,FALSE,FALSE,TRUE,TRUE,FALSE,TRUE,FALSE,FALSE,Unaffiliated,PROBABLE,FALSE,CONFIRMED,S184;S185;S186;S747;S1485;S1700;S1729;S1807,Surprise returning-veteran appearance -- first WWE appearance in roughly a decade following his December 2010 release.,
RR2020M,keith-lee,RR2020M,13,CONFIRMED,Keith Lee,Keith Lee,0,1,TRUE,N/A,N/A,N/A,TRUE,FALSE,N/A,FALSE,N/A,"35 Years, 2 Months, 18 Days",DERIVED,1.88,154,"Wichita Falls, Texas",PROBABLE,Face,PROBABLE,,,,,NXT North American Championship,NXT secondary,N/A,1,2020-01-22,4,FALSE,FALSE,12,CONFIRMED,brock-lesnar,,,3:32,212,CONFIRMED,,,,,,FALSE,FALSE,FALSE,FALSE,FALSE,FALSE,TRUE,FALSE,FALSE,FALSE,FALSE,FALSE,NXT,PROBABLE,FALSE,CONFLICTING,S184;S185;S186;S524;S519;S848;S900;S1486;S1700;S1807,"Surprise NXT call-up, entering as reigning NXT North American Champion (won 4 days earlier, Jan 22, 2020, from Roderick Strong). Eliminator credit is genuinely CONFLICTING across 3 sources -- WWE.com's official recap and this database's structured field credit Lesnar solely for eliminating Lee and Braun Strowman together; Wikipedia instead cross-credits Lee's own elimination jointly to Lesnar and Strowman; Cagematch gives yet a 3rd version. See F396.",
RR2020M,braun-strowman,RR2020M,14,CONFIRMED,Braun Strowman,Braun Strowman,3,4,FALSE,2019,Runner-up (elim #29),29,FALSE,FALSE,N/A,FALSE,N/A,"36 Years, 4 Months, 20 Days",DERIVED,1.98,152,"Sherills Ford, North Carolina",PROBABLE,Face,PROBABLE,,,,,N/A,N/A,N/A,N/A,N/A,N/A,FALSE,FALSE,13,CONFIRMED,brock-lesnar,,,1:50,110,CONFIRMED,,,,,,FALSE,FALSE,FALSE,FALSE,FALSE,FALSE,FALSE,FALSE,FALSE,FALSE,FALSE,FALSE,SmackDown,PROBABLE,FALSE,CONFLICTING,S184;S185;S186;S818;S1480;S1700;S1807,"Eliminator credit is genuinely CONFLICTING across 3 sources -- see F396 (same dispute as Keith Lee's entry, immediately above).",
RR2020M,ricochet,RR2020M,15,CONFIRMED,Ricochet,Ricochet,0,1,TRUE,N/A,N/A,N/A,TRUE,FALSE,N/A,FALSE,N/A,"31 Years, 3 Months, 15 Days",DERIVED,1.75,85,"Paducah, Kentucky",PROBABLE,Face,PROBABLE,,,,,N/A,N/A,N/A,N/A,N/A,N/A,FALSE,FALSE,15,CONFIRMED,drew-mcintyre,,,3:09,189,CONFIRMED,,,,,,FALSE,FALSE,FALSE,FALSE,FALSE,FALSE,FALSE,FALSE,FALSE,FALSE,FALSE,FALSE,Raw,PROBABLE,FALSE,CONFIRMED,S184;S185;S186;S849;S899;S1487;S1700;S1807,,
RR2020M,drew-mcintyre,RR2020M,16,CONFIRMED,Drew McIntyre,Drew McIntyre,4,5,FALSE,2019,Eliminated (elim #22),22,FALSE,FALSE,N/A,FALSE,N/A,"34 Years, 7 Months, 20 Days",DERIVED,1.96,125,"Ayr, Scotland",PROBABLE,Heel,PROBABLE,,,,,N/A,N/A,N/A,N/A,N/A,N/A,FALSE,FALSE,,N/A,,,,34:11,2051,CONFIRMED,,6,brock-lesnar;ricochet;the-miz;baron-corbin;roman-reigns;seth-rollins,6,0,FALSE,TRUE,FALSE,TRUE,TRUE,TRUE,FALSE,FALSE,FALSE,FALSE,FALSE,FALSE,Raw,PROBABLE,FALSE,CONFIRMED,S184;S185;S186;S778;S1475;S1700;S1807,"Entered #16 and won, eliminating Roman Reigns with a Claymore Kick after surviving 34:11 (the match's longest individual time). Earned a WWE Championship match of his choosing at WrestleMania 36, which he used to challenge and defeat Brock Lesnar.",
RR2020M,the-miz,RR2020M,17,CONFIRMED,The Miz,The Miz,11,12,FALSE,2018,Eliminated (elim #21),21,FALSE,FALSE,N/A,FALSE,N/A,"39 Years, 3 Months, 18 Days",DERIVED,1.88,100,"Cleveland, Ohio",PROBABLE,Heel,PROBABLE,,,The Miz & John Morrison,,N/A,N/A,N/A,N/A,N/A,N/A,FALSE,FALSE,16,CONFIRMED,drew-mcintyre,,,0:30,30,CONFIRMED,,,,,,FALSE,FALSE,FALSE,FALSE,FALSE,FALSE,FALSE,FALSE,FALSE,FALSE,FALSE,FALSE,SmackDown,PROBABLE,FALSE,CONFIRMED,S184;S185;S186;S524;S749;S1463;S1700;S1807,,
RR2020M,aj-styles,RR2020M,18,CONFIRMED,AJ Styles,AJ Styles,1,2,FALSE,2016,Eliminated (elim #11),11,FALSE,FALSE,N/A,FALSE,N/A,"42 Years, 7 Months, 24 Days",DERIVED,1.80,100,"Gainesville, Georgia",PROBABLE,Heel,PROBABLE,,,The O.C.,The O.C.,N/A,N/A,N/A,N/A,N/A,N/A,FALSE,FALSE,17,CONFIRMED,edge,,,7:49,469,CONFIRMED,,,,,,FALSE,FALSE,FALSE,FALSE,FALSE,FALSE,FALSE,FALSE,FALSE,FALSE,FALSE,FALSE,Raw,PROBABLE,FALSE,CONFIRMED,S184;S185;S186;S524;S815;S1488;S1700;S1807,,
RR2020M,dolph-ziggler,RR2020M,19,CONFIRMED,Dolph Ziggler,Dolph Ziggler,11,12,FALSE,2019,Eliminated (elim #28),28,FALSE,FALSE,N/A,FALSE,N/A,"39 Years, 5 Months, 30 Days",DERIVED,1.83,97,"Hollywood, Florida",PROBABLE,Heel,PROBABLE,,,Dolph Ziggler & Robert Roode,King Corbin's Court,N/A,N/A,N/A,N/A,N/A,N/A,FALSE,FALSE,22,CONFIRMED,roman-reigns,,,12:20,740,CONFIRMED,,,,,,FALSE,FALSE,FALSE,FALSE,FALSE,FALSE,FALSE,FALSE,FALSE,FALSE,FALSE,FALSE,SmackDown,PROBABLE,FALSE,CONFIRMED,S184;S185;S186;S524;S763;S1466;S1700;S1807,,
RR2020M,karl-anderson,RR2020M,20,CONFIRMED,Karl Anderson,Karl Anderson,0,1,TRUE,N/A,N/A,N/A,TRUE,FALSE,N/A,FALSE,N/A,"40 Years, 0 Months, 6 Days",DERIVED,1.85,98,"Tokyo, Japan by way of Cincinnati, Ohio",PROBABLE,Heel,PROBABLE,,,The O.C.,The O.C.,N/A,N/A,N/A,N/A,N/A,N/A,FALSE,FALSE,21,CONFIRMED,randy-orton,,,9:46,586,CONFIRMED,,,,,,FALSE,FALSE,FALSE,FALSE,FALSE,FALSE,FALSE,FALSE,FALSE,FALSE,FALSE,FALSE,Raw,PROBABLE,FALSE,CONFIRMED,S184;S185;S186;S524;S850;S1489;S1700;S1807,,
RR2020M,edge,RR2020M,21,CONFIRMED,Edge,Edge,6,7,FALSE,2010,Won,N/A,FALSE,FALSE,N/A,TRUE,nearly 9 years (retirement due to neck injury),"46 Years, 2 Months, 27 Days",DERIVED,1.96,109,"Toronto, Ontario, Canada",PROBABLE,Face,PROBABLE,,,,,N/A,N/A,N/A,N/A,N/A,N/A,FALSE,FALSE,28,CONFIRMED,roman-reigns,,,23:43,1423,CONFIRMED,,3,aj-styles;luke-gallows;randy-orton,3,0,FALSE,FALSE,FALSE,FALSE,TRUE,TRUE,TRUE,TRUE,FALSE,TRUE,FALSE,FALSE,Unaffiliated,PROBABLE,FALSE,CONFIRMED,S184;S185;S186;S068;S069;S436;S044;S045;S479;S656;S1490;S1700;S1729;S1807,Major surprise in-ring return -- Edge had been retired since 2011 due to a career-threatening neck injury. See NM080.,
RR2020M,baron-corbin,RR2020M,22,CONFIRMED,King Corbin,King Corbin,3,4,FALSE,2019,Eliminated (elim #19),19,FALSE,FALSE,N/A,FALSE,N/A,"35 Years, 4 Months, 13 Days",DERIVED,2.03,129,Kansas City,PROBABLE,Heel,PROBABLE,King Corbin,,,King Corbin's Court,N/A,N/A,N/A,N/A,N/A,N/A,FALSE,FALSE,19,CONFIRMED,drew-mcintyre,,,4:06,246,CONFIRMED,,1,matt-riddle,1,0,FALSE,FALSE,FALSE,FALSE,FALSE,FALSE,FALSE,FALSE,FALSE,FALSE,FALSE,FALSE,SmackDown,PROBABLE,FALSE,CONFIRMED,S184;S185;S186;S524;S827;S1442;S1700;S1807,Billed as 'King Corbin' following his 2019 King of the Ring coronation -- same wrestler_id as this database's existing 'Baron Corbin' entrant (RR2019M). See F400.,
RR2020M,matt-riddle,RR2020M,23,CONFIRMED,Matt Riddle,Matt Riddle,0,1,TRUE,N/A,N/A,N/A,TRUE,FALSE,N/A,FALSE,N/A,"34 Years, 0 Months, 12 Days",DERIVED,1.88,98,"Las Vegas, Nevada",PROBABLE,Face,PROBABLE,Matt Riddle,,,,N/A,N/A,N/A,N/A,N/A,N/A,FALSE,FALSE,18,CONFIRMED,baron-corbin,,,0:41,41,CONFIRMED,,,,,,FALSE,FALSE,FALSE,FALSE,FALSE,FALSE,TRUE,FALSE,FALSE,FALSE,FALSE,FALSE,NXT,PROBABLE,FALSE,CONFIRMED,S184;S185;S186;S524;S851;S1512;S1700;S1807,Surprise call-up -- his first WWE main-roster appearance and first Royal Rumble.,
RR2020M,luke-gallows,RR2020M,24,CONFIRMED,Luke Gallows,Luke Gallows,0,1,TRUE,N/A,N/A,N/A,TRUE,FALSE,N/A,FALSE,N/A,"36 Years, 1 Months, 4 Days",DERIVED,2.03,132,"Tokyo, Japan by way of Chicago, Illinois",PROBABLE,Heel,PROBABLE,,,The O.C.,The O.C.,N/A,N/A,N/A,N/A,N/A,N/A,FALSE,FALSE,20,CONFIRMED,edge,,,2:00,120,CONFIRMED,,,,,,FALSE,FALSE,FALSE,FALSE,FALSE,FALSE,TRUE,FALSE,FALSE,FALSE,FALSE,FALSE,Raw,PROBABLE,FALSE,CONFIRMED,S184;S185;S186;S524;S852;S1491;S1700;S1807,Marked as a surprise entrant by dropthebelt.com.,
RR2020M,randy-orton,RR2020M,25,CONFIRMED,Randy Orton,Randy Orton,10,11,FALSE,2019,Eliminated (elim #26),26,FALSE,FALSE,N/A,FALSE,N/A,"39 Years, 9 Months, 25 Days",DERIVED,1.96,113,"St. Louis, Missouri",PROBABLE,Face,PROBABLE,Apex Predator,,,,N/A,N/A,N/A,N/A,N/A,N/A,FALSE,FALSE,27,CONFIRMED,edge,,,14:37,877,CONFIRMED,,1,karl-anderson,1,0,FALSE,FALSE,FALSE,FALSE,FALSE,TRUE,FALSE,FALSE,FALSE,FALSE,FALSE,FALSE,Raw,PROBABLE,FALSE,CONFIRMED,S184;S185;S186;S067;S073;S040;S052;S042;S481;S489;S485;S709;S1462;S1700;S1807,,
RR2020M,roman-reigns,RR2020M,26,CONFIRMED,Roman Reigns,Roman Reigns,5,6,FALSE,2018,Runner-up (elim #29),29,FALSE,FALSE,N/A,FALSE,N/A,"34 Years, 8 Months, 1 Days",DERIVED,1.91,120,"Pensacola, Florida",PROBABLE,Face,PROBABLE,The Big Dog,,,,N/A,N/A,N/A,N/A,N/A,N/A,FALSE,FALSE,29,CONFIRMED,drew-mcintyre,,,16:01,961,CONFIRMED,,2,dolph-ziggler;edge,2,0,FALSE,FALSE,TRUE,TRUE,TRUE,TRUE,FALSE,FALSE,FALSE,FALSE,FALSE,FALSE,SmackDown,PROBABLE,FALSE,CONFIRMED,S184;S185;S186;S804;S1465;S1700;S1807,The winning elimination. Reigns finished as runner-up.,
RR2020M,kevin-owens,RR2020M,27,CONFIRMED,Kevin Owens,Kevin Owens,1,2,FALSE,2016,Eliminated (elim #12),12,FALSE,FALSE,N/A,FALSE,N/A,"35 Years, 8 Months, 19 Days",DERIVED,1.83,110,"Marieville, Quebec, Canada",PROBABLE,Face,PROBABLE,,,,,N/A,N/A,N/A,N/A,N/A,N/A,FALSE,FALSE,24,CONFIRMED,seth-rollins,,,6:59,419,CONFIRMED,,,,,,FALSE,FALSE,FALSE,FALSE,FALSE,FALSE,FALSE,FALSE,FALSE,FALSE,FALSE,FALSE,Raw,PROBABLE,FALSE,CONFLICTING,S184;S185;S186;S819;S1492;S1700;S1807,"Part of a brief in-ring alliance with Aleister Black and Samoa Joe before being picked off consecutively by Rollins's group. Wikipedia's table additionally credits outside interference from Akam and Rezar (Authors of Pain, non-entrants in this match) assisting Rollins on this elimination; not co-credited in the structured eliminator field since AOP were not competitors in this match. See F397 and NM081.",
RR2020M,aleister-black,RR2020M,28,CONFIRMED,Aleister Black,Aleister Black,1,2,FALSE,2019,Eliminated (elim #16),16,FALSE,FALSE,N/A,FALSE,N/A,"34 Years, 8 Months, 7 Days",DERIVED,1.83,98,"""The Lodge in Amsterdam""",PROBABLE,Face,PROBABLE,,,,,N/A,N/A,N/A,N/A,N/A,N/A,FALSE,FALSE,23,CONFIRMED,seth-rollins,,,5:06,306,CONFIRMED,,,,,,FALSE,FALSE,FALSE,FALSE,FALSE,FALSE,FALSE,FALSE,FALSE,FALSE,FALSE,FALSE,Raw,PROBABLE,FALSE,CONFIRMED,S184;S185;S186;S844;S1512;S1700;S1807,Part of the brief Owens/Black/Joe in-ring alliance.,
RR2020M,samoa-joe,RR2020M,29,CONFIRMED,Samoa Joe,Samoa Joe,1,2,FALSE,2019,Eliminated (elim #14),14,FALSE,FALSE,N/A,FALSE,N/A,"40 Years, 10 Months, 9 Days",DERIVED,1.88,128,"Orange County, California",PROBABLE,Face,PROBABLE,,,,,N/A,N/A,N/A,N/A,N/A,N/A,FALSE,FALSE,25,CONFIRMED,seth-rollins,,,4:25,265,CONFIRMED,,,,,,FALSE,FALSE,FALSE,FALSE,FALSE,FALSE,FALSE,FALSE,FALSE,FALSE,FALSE,FALSE,Raw,PROBABLE,FALSE,CONFIRMED,S184;S185;S186;S839;S1470;S1700;S1807,Part of the brief Owens/Black/Joe in-ring alliance.,
RR2020M,seth-rollins,RR2020M,30,CONFIRMED,Seth Rollins,Seth Rollins,3,4,FALSE,2019,Won,N/A,FALSE,FALSE,N/A,FALSE,N/A,"33 Years, 7 Months, 29 Days",DERIVED,1.85,102,"Davenport, Iowa",PROBABLE,Heel,PROBABLE,,,,,N/A,N/A,N/A,N/A,N/A,N/A,FALSE,FALSE,26,CONFIRMED,drew-mcintyre,,,4:01,241,CONFIRMED,,3,kevin-owens;aleister-black;samoa-joe,3,0,FALSE,FALSE,FALSE,FALSE,FALSE,FALSE,FALSE,FALSE,FALSE,FALSE,FALSE,FALSE,Raw,PROBABLE,FALSE,CONFIRMED,S184;S185;S186;S800;S1456;S1700;S1807,"Backed by outside interference from Akam & Rezar (Authors of Pain) throughout the match, as part of his 'Monday Night Messiah' heel-authority storyline. See NM081.",
RR2020W,alexa-bliss,RR2020W,1,CONFIRMED,Alexa Bliss,Alexa Bliss,1,2,FALSE,2019,Eliminated (elim #25),25,FALSE,FALSE,N/A,FALSE,N/A,"28 Years, 5 Months, 17 Days",DERIVED,1.55,46,"Columbus, Ohio",CONFIRMED,Face,PROBABLE,,,Alexa Bliss & Nikki Cross,,N/A,N/A,N/A,N/A,N/A,N/A,FALSE,FALSE,15,CONFIRMED,bianca-belair,,,26:34,1594,CONFIRMED,,3,kairi-sane;mia-yim;chelsea-green,3,0,FALSE,FALSE,FALSE,FALSE,FALSE,FALSE,FALSE,FALSE,FALSE,FALSE,FALSE,FALSE,SmackDown,PROBABLE,FALSE,CONFIRMED,S197;S198;S199;S524;S946;S1032;S1638;S1700;S1807,,
RR2020W,bianca-belair,RR2020W,2,CONFIRMED,Bianca Belair,Bianca Belair,0,1,TRUE,N/A,N/A,N/A,TRUE,FALSE,N/A,FALSE,N/A,"30 Years, 9 Months, 17 Days",DERIVED,1.70,70,"Knoxville, Tennessee",CONFIRMED,Heel,PROBABLE,,,,,N/A,N/A,N/A,N/A,N/A,N/A,FALSE,FALSE,16,CONFIRMED,charlotte-flair,,,33:20,2000,CONFIRMED,,8,alexa-bliss;molly-holly;nikki-cross;mandy-rose;candice-lerae;sonya-deville;dana-brooke;tamina,8,0,FALSE,FALSE,FALSE,FALSE,FALSE,FALSE,FALSE,FALSE,FALSE,FALSE,FALSE,FALSE,NXT,PROBABLE,FALSE,CONFIRMED,S197;S198;S199;S947;S1033;S1639;S1700;S1807,"Tied the then-record for most eliminations in a single Women's Royal Rumble match, with 8 (alongside Shayna Baszler) -- breaking Nia Jax's previous record of 7. See NM083.",
RR2020W,molly-holly,RR2020W,3,CONFIRMED,Molly Holly,Molly Holly,1,2,FALSE,2018,Eliminated (elim #10),10,FALSE,FALSE,N/A,TRUE,UNKNOWN,"42 Years, 4 Months, 19 Days",DERIVED,1.63,64,"Forest Lake, Minnesota",CONFIRMED,Face,PROBABLE,,,,,N/A,N/A,N/A,N/A,N/A,N/A,FALSE,FALSE,3,CONFIRMED,bianca-belair,,,10:21,621,CONFIRMED,,,,,,FALSE,FALSE,FALSE,FALSE,FALSE,FALSE,TRUE,TRUE,FALSE,TRUE,FALSE,FALSE,Unaffiliated,PROBABLE,FALSE,CONFIRMED,S197;S198;S199;S914;S1001;S1677;S1700;S1729;S1807,"Legend/nostalgia return, billed 'Molly Holly' -- already in this database from RR2018W.",
RR2020W,nikki-cross,RR2020W,4,CONFIRMED,Nikki Cross,Nikki Cross,1,2,FALSE,2019,Eliminated (elim #3),3,FALSE,FALSE,N/A,FALSE,N/A,"30 Years, 9 Months, 5 Days",DERIVED,1.53,53,"Glasgow, Scotland",CONFLICTING,Face,PROBABLE,,,Alexa Bliss & Nikki Cross,,N/A,N/A,N/A,N/A,N/A,N/A,FALSE,FALSE,5,CONFIRMED,bianca-belair,,,15:08,908,CONFIRMED,,,,,,FALSE,FALSE,FALSE,FALSE,FALSE,FALSE,FALSE,FALSE,FALSE,FALSE,FALSE,FALSE,SmackDown,PROBABLE,FALSE,CONFIRMED,S197;S198;S199;S524;S935;S1022;S1628;S1700;S1807,,
RR2020W,lana,RR2020W,5,CONFIRMED,Lana,Lana,1,2,FALSE,2018,Eliminated (elim #11),11,FALSE,FALSE,N/A,FALSE,N/A,"34 Years, 10 Months, 2 Days",DERIVED,1.70,52,"Moscow, Russia (as Lana)",CONFLICTING,Heel,PROBABLE,,,,,N/A,N/A,N/A,N/A,N/A,N/A,FALSE,FALSE,1,CONFIRMED,liv-morgan,,,2:29,149,CONFIRMED,,1,liv-morgan,1,0,FALSE,FALSE,FALSE,FALSE,FALSE,FALSE,FALSE,FALSE,FALSE,FALSE,FALSE,FALSE,Raw,PROBABLE,FALSE,CONFIRMED,S197;S198;S199;S915;S1002;S1609;S1700;S1807,,
RR2020W,mercedes-martinez,RR2020W,6,CONFIRMED,Mercedes Martinez,Mercedes Martinez,0,1,TRUE,N/A,N/A,N/A,TRUE,FALSE,N/A,FALSE,N/A,"39 Years, 2 Months, 9 Days",DERIVED,1.70,67,Brass City C.T.,CONFLICTING,Heel,PROBABLE,,,,,N/A,N/A,N/A,N/A,N/A,N/A,FALSE,FALSE,4,CONFIRMED,mandy-rose;sonya-deville,,,8:14,494,CONFIRMED,,,,,,FALSE,FALSE,FALSE,FALSE,FALSE,FALSE,FALSE,FALSE,FALSE,FALSE,FALSE,FALSE,NXT,PROBABLE,FALSE,CONFIRMED,S197;S198;S199;S948;S1034;S1640;S1700;S1807,"Shared elimination credit -- S197/S198/S199 agree. Mercedes Martinez had only just signed with WWE in January 2020, making this appearance essentially her WWE in-ring debut.",
RR2020W,liv-morgan,RR2020W,7,CONFIRMED,Liv Morgan,Liv Morgan,2,3,FALSE,2019,Eliminated (elim #1),1,FALSE,FALSE,N/A,FALSE,N/A,"25 Years, 7 Months, 18 Days",DERIVED,1.60,57,"Elmwood Park, New Jersey",CONFLICTING,Face,PROBABLE,,,,,N/A,N/A,N/A,N/A,N/A,N/A,FALSE,FALSE,2,CONFIRMED,lana,,,0:44,44,CONFIRMED,,1,lana,1,0,FALSE,FALSE,FALSE,FALSE,FALSE,FALSE,FALSE,FALSE,FALSE,FALSE,FALSE,FALSE,Raw,PROBABLE,FALSE,CONFIRMED,S197;S198;S199;S913;S1000;S1607;S1700;S1807,,
RR2020W,mandy-rose,RR2020W,8,CONFIRMED,Mandy Rose,Mandy Rose,2,3,FALSE,2019,Eliminated (elim #9),9,FALSE,FALSE,N/A,FALSE,N/A,"29 Years, 6 Months, 8 Days",DERIVED,1.63,54,"Yorktown Heights, New York",CONFIRMED,Heel,PROBABLE,,,Fire & Desire,,N/A,N/A,N/A,N/A,N/A,N/A,FALSE,FALSE,6,CONFIRMED,bianca-belair,,,8:49,529,CONFIRMED,,1,mercedes-martinez,0,1,FALSE,FALSE,FALSE,FALSE,FALSE,FALSE,FALSE,FALSE,FALSE,FALSE,FALSE,FALSE,SmackDown,PROBABLE,FALSE,CONFIRMED,S197;S198;S199;S524;S906;S993;S1600;S1700;S1807,"Earlier in the match, Mandy Rose was saved from apparent elimination by Otis in a storyline spot (the Fire & Desire/Heavy Machinery angle) -- see NM087.",
RR2020W,candice-lerae,RR2020W,9,CONFIRMED,Candice LeRae,Candice LeRae,1,2,FALSE,2019,Eliminated (elim #14),14,FALSE,FALSE,N/A,FALSE,N/A,"34 Years, 3 Months, 28 Days",DERIVED,1.58,50,"Anaheim, California",CONFIRMED,Face,PROBABLE,,,,,N/A,N/A,N/A,N/A,N/A,N/A,FALSE,FALSE,8,CONFIRMED,bianca-belair,,,9:01,541,CONFIRMED,,,,,,FALSE,FALSE,FALSE,FALSE,FALSE,FALSE,FALSE,FALSE,FALSE,FALSE,FALSE,FALSE,NXT,PROBABLE,FALSE,CONFIRMED,S197;S198;S199;S940;S1027;S1633;S1700;S1807,,
RR2020W,sonya-deville,RR2020W,10,CONFIRMED,Sonya Deville,Sonya Deville,2,3,FALSE,2019,Eliminated (elim #19),19,FALSE,FALSE,N/A,FALSE,N/A,"26 Years, 4 Months, 2 Days",DERIVED,1.70,59,"Los Angeles, California",CONFLICTING,Heel,PROBABLE,,,Fire & Desire,,N/A,N/A,N/A,N/A,N/A,N/A,FALSE,FALSE,7,CONFIRMED,bianca-belair,,,5:31,331,CONFIRMED,,1,mercedes-martinez,0,1,FALSE,FALSE,FALSE,FALSE,FALSE,FALSE,FALSE,FALSE,FALSE,FALSE,FALSE,FALSE,SmackDown,PROBABLE,FALSE,CONFIRMED,S197;S198;S199;S524;S912;S999;S1606;S1700;S1807,,
RR2020W,kairi-sane,RR2020W,11,CONFIRMED,Kairi Sane,Kairi Sane,2,3,FALSE,2019,Eliminated (elim #15),15,FALSE,FALSE,N/A,FALSE,N/A,"31 Years, 4 Months, 3 Days",DERIVED,1.55,52,"Yamaguchi Prefecture, Japan",CONFLICTING,Heel,PROBABLE,,,The Kabuki Warriors,The Kabuki Warriors,WWE Women's Tag Team Championship,Women's Tag Team,Asuka,1,2019-10-06,112,FALSE,FALSE,9,CONFIRMED,alexa-bliss,,,5:22,322,CONFIRMED,,,,,,FALSE,FALSE,FALSE,FALSE,FALSE,FALSE,FALSE,FALSE,FALSE,FALSE,FALSE,FALSE,Raw,PROBABLE,FALSE,CONFIRMED,S197;S198;S199;S524;S519;S908;S995;S1602;S1700;S1807,"Entered as reigning WWE Women's Tag Team Champion alongside Asuka (The Kabuki Warriors, won Oct 6, 2019); Asuka did not enter this match. See F404.",
RR2020W,mia-yim,RR2020W,12,CONFIRMED,Mia Yim,Mia Yim,0,1,TRUE,N/A,N/A,N/A,TRUE,FALSE,N/A,FALSE,N/A,"30 Years, 9 Months, 10 Days",DERIVED,1.70,60,"San Diego, California",CONFLICTING,Face,PROBABLE,,,,,N/A,N/A,N/A,N/A,N/A,N/A,FALSE,FALSE,11,CONFIRMED,alexa-bliss,,,6:30,390,CONFIRMED,,,,,,FALSE,FALSE,FALSE,FALSE,FALSE,FALSE,FALSE,FALSE,FALSE,FALSE,FALSE,FALSE,NXT,PROBABLE,FALSE,CONFIRMED,S197;S198;S199;S949;S1035;S1641;S1700;S1807,,
RR2020W,dana-brooke,RR2020W,13,CONFIRMED,Dana Brooke,Dana Brooke,2,3,FALSE,2019,Eliminated (elim #17),17,FALSE,FALSE,N/A,FALSE,N/A,"31 Years, 1 Months, 28 Days",DERIVED,1.60,57,"Cleveland, Ohio",CONFIRMED,Face,PROBABLE,,,,,N/A,N/A,N/A,N/A,N/A,N/A,FALSE,FALSE,14,CONFIRMED,bianca-belair,,,5:26,326,CONFIRMED,,,,,,FALSE,FALSE,FALSE,FALSE,FALSE,FALSE,FALSE,FALSE,FALSE,FALSE,FALSE,FALSE,SmackDown,PROBABLE,FALSE,CONFIRMED,S197;S198;S199;S910;S997;S1604;S1700;S1807,,
RR2020W,tamina,RR2020W,14,CONFIRMED,Tamina,Tamina,2,3,FALSE,2019,Eliminated (elim #7),7,FALSE,FALSE,N/A,FALSE,N/A,"42 Years, 0 Months, 16 Days",DERIVED,1.75,77,The Pacific Islands,CONFIRMED,Heel,PROBABLE,,,,,N/A,N/A,N/A,N/A,N/A,N/A,FALSE,FALSE,10,CONFIRMED,bianca-belair,,,0:39,39,CONFIRMED,,,,,,FALSE,FALSE,FALSE,FALSE,FALSE,FALSE,FALSE,FALSE,FALSE,FALSE,FALSE,FALSE,SmackDown,PROBABLE,FALSE,CONFIRMED,S197;S198;S199;S909;S996;S1603;S1700;S1807,,
RR2020W,dakota-kai,RR2020W,15,CONFIRMED,Dakota Kai,Dakota Kai,0,1,TRUE,N/A,N/A,N/A,TRUE,FALSE,N/A,FALSE,N/A,"31 Years, 8 Months, 20 Days",DERIVED,1.68,55,"Auckland, New Zealand",CONFLICTING,Heel,PROBABLE,,,,,N/A,N/A,N/A,N/A,N/A,N/A,FALSE,FALSE,12,CONFIRMED,chelsea-green,,,1:32,92,CONFIRMED,,,,,,FALSE,FALSE,FALSE,FALSE,FALSE,FALSE,FALSE,FALSE,FALSE,FALSE,FALSE,FALSE,NXT,PROBABLE,FALSE,CONFIRMED,S197;S198;S199;S950;S1036;S1642;S1700;S1807,,
RR2020W,chelsea-green,RR2020W,16,CONFIRMED,Chelsea Green,Chelsea Green,0,1,TRUE,N/A,N/A,N/A,TRUE,FALSE,N/A,FALSE,N/A,"28 Years, 9 Months, 22 Days",DERIVED,1.70,57,"Victoria, British Columbia, Canada",CONFLICTING,Heel,PROBABLE,,,,,N/A,N/A,N/A,N/A,N/A,N/A,FALSE,FALSE,13,CONFIRMED,alexa-bliss,,,0:12,12,CONFIRMED,,1,dakota-kai,1,0,FALSE,FALSE,FALSE,FALSE,FALSE,FALSE,FALSE,FALSE,FALSE,FALSE,FALSE,FALSE,NXT,PROBABLE,FALSE,CONFIRMED,S197;S198;S199;S951;S1037;S1643;S1700;S1807,"Survived only 0:12, one of the shortest individual times in the match -- not to be confused with a separate, later fastest-elimination association at the 2023 Royal Rumble, a different event 3 years after this one. See F411.",
RR2020W,charlotte-flair,RR2020W,17,CONFIRMED,Charlotte Flair,Charlotte Flair,1,2,FALSE,2019,Runner-up (elim #29),29,FALSE,FALSE,N/A,FALSE,N/A,"33 Years, 9 Months, 21 Days",DERIVED,1.78,65,"""The Queen City""",CONFLICTING,Face,PROBABLE,,,,,N/A,N/A,N/A,N/A,N/A,N/A,FALSE,FALSE,,N/A,,,,27:19,1639,CONFIRMED,,4,bianca-belair;kelly-kelly;sarah-logan;shayna-baszler,4,0,FALSE,TRUE,FALSE,TRUE,TRUE,TRUE,FALSE,FALSE,FALSE,FALSE,FALSE,FALSE,Raw,PROBABLE,FALSE,CONFIRMED,S197;S198;S199;S938;S1025;S1631;S1700;S1807,"Entered #17 and won, eliminating Shayna Baszler for the winning elimination after surviving 27:19 (her personal in-ring clock). Cut a post-match victory promo described by recaps as tonally ambiguous, neither clearly face nor heel.",
RR2020W,naomi,RR2020W,18,CONFIRMED,Naomi,Naomi,2,3,FALSE,2019,Eliminated (elim #10),10,FALSE,FALSE,N/A,FALSE,N/A,"32 Years, 1 Months, 27 Days",DERIVED,1.65,57,"Orlando, Florida",CONFIRMED,Face,PROBABLE,,,,,N/A,N/A,N/A,N/A,N/A,N/A,FALSE,FALSE,26,CONFIRMED,shayna-baszler,,,22:01,1321,CONFIRMED,,,,,,FALSE,FALSE,FALSE,FALSE,FALSE,FALSE,FALSE,FALSE,FALSE,FALSE,FALSE,FALSE,SmackDown,PROBABLE,FALSE,CONFIRMED,S197;S198;S199;S922;S1009;S1615;S1700;S1807,,
RR2020W,beth-phoenix,RR2020W,19,CONFIRMED,Beth Phoenix,Beth Phoenix,2,3,FALSE,2018,Eliminated (elim #19),19,FALSE,FALSE,N/A,TRUE,UNKNOWN,"39 Years, 2 Months, 2 Days",DERIVED,1.70,68,"Buffalo, New York",CONFIRMED,Face,PROBABLE,,,,,N/A,N/A,N/A,N/A,N/A,N/A,FALSE,FALSE,28,CONFIRMED,shayna-baszler,,,23:05,1385,CONFIRMED,,1,natalya,1,0,FALSE,FALSE,FALSE,FALSE,TRUE,TRUE,TRUE,TRUE,FALSE,TRUE,FALSE,FALSE,NXT,PROBABLE,FALSE,CONFIRMED,S197;S198;S199;S926;S1013;S1619;S792;S1700;S1729;S1807,"Legend/Hall-of-Fame one-off return, already in this database. Per a single, uncorroborated source (CBS Sports), Phoenix was busted open after her head struck the ring post during the match. See F410.",
RR2020W,toni-storm,RR2020W,20,CONFIRMED,Toni Storm,Toni Storm,0,1,TRUE,N/A,N/A,N/A,TRUE,FALSE,N/A,FALSE,N/A,"24 Years, 3 Months, 7 Days",DERIVED,1.68,65,"Gold Coast, Australia",CONFLICTING,Face,PROBABLE,,,,,N/A,N/A,N/A,N/A,N/A,N/A,FALSE,FALSE,25,CONFIRMED,shayna-baszler,,,18:40,1120,CONFIRMED,,,,,,FALSE,FALSE,FALSE,FALSE,FALSE,FALSE,FALSE,FALSE,FALSE,FALSE,FALSE,FALSE,NXT UK,PROBABLE,FALSE,CONFIRMED,S197;S198;S199;S952;S1038;S1644;S1700;S1807,"Entered as a FORMER (not reigning) NXT UK Women's Champion -- lost the title to Kay Lee Ray on Aug 31, 2019, roughly 5 months before this event. See F404.",
RR2020W,kelly-kelly,RR2020W,21,CONFIRMED,Kelly Kelly,Kelly Kelly,1,2,FALSE,2018,Eliminated (elim #16),16,FALSE,FALSE,N/A,TRUE,UNKNOWN,"33 Years, 0 Months, 11 Days",DERIVED,1.65,49,"Jacksonville, Florida",CONFIRMED,Face,PROBABLE,,,,,N/A,N/A,N/A,N/A,N/A,N/A,FALSE,FALSE,18,CONFIRMED,charlotte-flair,,,2:29,149,CONFIRMED,,,,,,FALSE,FALSE,FALSE,FALSE,FALSE,FALSE,TRUE,TRUE,FALSE,TRUE,FALSE,FALSE,Unaffiliated,PROBABLE,FALSE,CONFIRMED,S197;S198;S199;S921;S1008;S1677;S1700;S1729;S1807,"Legend/part-timer nostalgia return, already in this database.",
RR2020W,sarah-logan,RR2020W,22,CONFIRMED,Sarah Logan,Sarah Logan,2,3,FALSE,2019,Eliminated (elim #8),8,FALSE,FALSE,N/A,FALSE,N/A,"26 Years, 4 Months, 16 Days",DERIVED,1.68,63,"Louisville, Kentucky",CONFIRMED,Heel,PROBABLE,,,,,N/A,N/A,N/A,N/A,N/A,N/A,FALSE,FALSE,17,CONFIRMED,charlotte-flair,,,0:28,28,CONFIRMED,,,,,,FALSE,FALSE,FALSE,FALSE,FALSE,FALSE,FALSE,FALSE,FALSE,FALSE,FALSE,FALSE,Raw,PROBABLE,FALSE,CONFIRMED,S197;S198;S199;S905;S992;S1599;S1700;S1807,,
RR2020W,natalya,RR2020W,23,CONFIRMED,Natalya,Natalya,2,3,FALSE,2019,Eliminated (elim #23),23,FALSE,FALSE,N/A,FALSE,N/A,"37 Years, 7 Months, 30 Days",DERIVED,1.65,61,"Calgary, Alberta, Canada",CONFIRMED,Face,PROBABLE,,,,,N/A,N/A,N/A,N/A,N/A,N/A,FALSE,FALSE,27,CONFIRMED,beth-phoenix,,,14:43,883,CONFIRMED,,,,,,FALSE,FALSE,FALSE,FALSE,FALSE,TRUE,FALSE,FALSE,FALSE,FALSE,FALSE,FALSE,Raw,PROBABLE,FALSE,CONFIRMED,S197;S198;S199;S920;S1007;S1613;S1700;S1807,,
RR2020W,xia-li,RR2020W,24,CONFIRMED,Xia Li,Xia Li,1,2,FALSE,2019,Eliminated (elim #6),6,FALSE,FALSE,N/A,FALSE,N/A,"31 Years, 5 Months, 29 Days",DERIVED,1.63,62,"Chongqing, China",CONFLICTING,Face,PROBABLE,,,,,N/A,N/A,N/A,N/A,N/A,N/A,FALSE,FALSE,20,CONFIRMED,shayna-baszler,,,10:49,649,CONFIRMED,,,,,,FALSE,FALSE,FALSE,FALSE,FALSE,FALSE,FALSE,FALSE,FALSE,FALSE,FALSE,FALSE,NXT,PROBABLE,FALSE,CONFIRMED,S197;S198;S199;S937;S1024;S1630;S1700;S1807,,
RR2020W,zelina-vega,RR2020W,25,CONFIRMED,Zelina Vega,Zelina Vega,1,2,FALSE,2019,Eliminated (elim #18),18,FALSE,FALSE,N/A,FALSE,N/A,"29 Years, 0 Months, 30 Days",DERIVED,1.55,48,"Queens, New York",PROBABLE,Heel,PROBABLE,,,,,N/A,N/A,N/A,N/A,N/A,N/A,FALSE,FALSE,22,CONFIRMED,shayna-baszler,,,9:31,571,CONFIRMED,,,,,,FALSE,FALSE,FALSE,FALSE,FALSE,FALSE,FALSE,FALSE,FALSE,FALSE,FALSE,FALSE,Raw,PROBABLE,FALSE,CONFIRMED,S197;S198;S199;S943;S1075;S1677;S1700;S1807;S1829;S1830;S1831,,
RR2020W,shotzi-blackheart,RR2020W,26,CONFIRMED,Shotzi Blackheart,Shotzi Blackheart,0,1,TRUE,N/A,N/A,N/A,TRUE,FALSE,N/A,FALSE,N/A,"27 Years, 10 Months, 12 Days",DERIVED,1.68,57,"Oakland, California",CONFIRMED,Face,PROBABLE,,,,,N/A,N/A,N/A,N/A,N/A,N/A,FALSE,FALSE,23,CONFIRMED,shayna-baszler,,,7:57,477,CONFIRMED,,,,,,FALSE,FALSE,FALSE,FALSE,FALSE,FALSE,FALSE,FALSE,FALSE,FALSE,FALSE,FALSE,NXT,PROBABLE,FALSE,CONFIRMED,S197;S198;S199;S953;S1039;S1645;S1700;S1807,"Very recent signee -- reported to the WWE Performance Center in November 2019, just over 2 months before this event.",
RR2020W,carmella,RR2020W,27,CONFIRMED,Carmella,Carmella,2,3,FALSE,2019,Eliminated (elim #26),26,FALSE,FALSE,N/A,FALSE,N/A,"32 Years, 3 Months, 3 Days",DERIVED,1.65,50,Staten Island,CONFIRMED,Face,PROBABLE,,,,,N/A,N/A,N/A,N/A,N/A,N/A,FALSE,FALSE,24,CONFIRMED,shayna-baszler,,,6:36,396,CONFIRMED,,,,,,FALSE,FALSE,FALSE,FALSE,FALSE,FALSE,FALSE,FALSE,FALSE,FALSE,FALSE,FALSE,SmackDown,PROBABLE,FALSE,CONFIRMED,S197;S198;S199;S919;S1006;S1612;S1700;S1807,,
RR2020W,tegan-nox,RR2020W,28,CONFIRMED,Tegan Nox,Tegan Nox,0,1,TRUE,N/A,N/A,N/A,TRUE,FALSE,N/A,FALSE,N/A,"25 Years, 2 Months, 11 Days",DERIVED,1.70,64,Welsh Valleys,CONFLICTING,Face,PROBABLE,,,,,N/A,N/A,N/A,N/A,N/A,N/A,FALSE,FALSE,21,CONFIRMED,shayna-baszler,,,3:50,230,CONFIRMED,,,,,,FALSE,FALSE,FALSE,FALSE,FALSE,FALSE,FALSE,FALSE,FALSE,FALSE,FALSE,FALSE,NXT,PROBABLE,FALSE,CONFIRMED,S197;S198;S199;S954;S1040;S1646;S1700;S1807,,
RR2020W,santino-marella,RR2020W,29,CONFIRMED,Santina Marella,Santina Marella,5,6,FALSE,2013,Eliminated (elim #1),1,FALSE,FALSE,N/A,TRUE,UNKNOWN,,UNKNOWN,1.83,106,"San Fili, Calabria, Italy",CONFLICTING,Face,PROBABLE,,,,,N/A,N/A,N/A,N/A,N/A,N/A,FALSE,FALSE,19,CONFIRMED,santino-marella,,,1:01,61,CONFIRMED,,,,,,TRUE,FALSE,FALSE,FALSE,FALSE,FALSE,TRUE,TRUE,FALSE,TRUE,FALSE,FALSE,Unaffiliated,PROBABLE,FALSE,CONFIRMED,S197;S198;S199;S955;S1041;S1677;S1700;S1729;S1807,"SELF-ELIMINATION. Santino Marella returned in his comedic 'Santina' drag persona and eliminated himself using his own 'Cobra' sock-puppet finishing move. Reused wrestler_id ('santino-marella'), ring_name_at_time='Santina Marella'. See NM085.",
RR2020W,shayna-baszler,RR2020W,30,CONFIRMED,Shayna Baszler,Shayna Baszler,0,1,TRUE,N/A,N/A,N/A,TRUE,FALSE,N/A,FALSE,N/A,"39 Years, 5 Months, 18 Days",DERIVED,1.70,62,"Sioux Falls, South Dakota",CONFIRMED,Heel,PROBABLE,,,,,N/A,N/A,N/A,N/A,N/A,N/A,FALSE,FALSE,29,CONFIRMED,charlotte-flair,,,4:27,267,CONFIRMED,,8,naomi;beth-phoenix;toni-storm;xia-li;zelina-vega;shotzi-blackheart;carmella;tegan-nox,8,0,FALSE,FALSE,TRUE,TRUE,TRUE,TRUE,FALSE,FALSE,FALSE,FALSE,FALSE,FALSE,NXT,PROBABLE,FALSE,CONFIRMED,S197;S198;S199;S956;S1042;S1648;S1700;S1807,"The winning elimination. Baszler finished as runner-up, tying Bianca Belair for the match's most credited eliminations (8 apiece) -- see NM083. Entered as a FORMER, not reigning, NXT Women's Champion -- lost the title to Rhea Ripley Dec 18-19, 2019. See F404. Per Baszler's own later retrospective account (a single, uncorroborated source), she was nearly excluded from the match two days beforehand before being reinstated. See F410.",
RR2021M,edge,RR2021M,1,CONFIRMED,Edge,Edge,7,8,FALSE,2020,Eliminated (elim #28),28,FALSE,FALSE,N/A,FALSE,N/A,"47 Years, 3 Months, 1 Days",DERIVED,1.96,109,"Toronto, Ontario, Canada",PROBABLE,Face,PROBABLE,,,,,N/A,N/A,N/A,N/A,N/A,N/A,FALSE,FALSE,,N/A,,,,58:27,3507,CONFLICTING,,3,randy-orton;seth-rollins;braun-strowman,2,1,FALSE,TRUE,FALSE,TRUE,TRUE,TRUE,FALSE,FALSE,FALSE,FALSE,FALSE,TRUE,Unaffiliated,PROBABLE,FALSE,CONFLICTING,S212;S213;S214;S215;S068;S069;S436;S044;S045;S479;S656;S1490;S1700;S1808,,
RR2021M,randy-orton,RR2021M,2,CONFIRMED,Randy Orton,Randy Orton,11,12,FALSE,2020,Eliminated (elim #27),27,FALSE,FALSE,N/A,FALSE,N/A,"40 Years, 9 Months, 30 Days",DERIVED,1.96,113,"St. Louis, Missouri",PROBABLE,Heel,PROBABLE,Apex Predator,,,,N/A,N/A,N/A,N/A,N/A,N/A,FALSE,FALSE,29,CONFIRMED,edge,,,58:27,3507,CONFIRMED,,0,,0,0,FALSE,FALSE,TRUE,TRUE,TRUE,TRUE,FALSE,FALSE,FALSE,FALSE,FALSE,FALSE,Raw,PROBABLE,FALSE,CONFIRMED,S212;S213;S214;S215;S067;S073;S040;S052;S042;S481;S489;S485;S709;S1462;S1700;S1808,Final elimination; Orton had spent most of the match outside the ring after being injured in the opening angle but was never eliminated.,
RR2021M,sami-zayn,RR2021M,3,CONFIRMED,Sami Zayn,Sami Zayn,3,4,FALSE,2018,Eliminated (elim #5),5,FALSE,FALSE,N/A,FALSE,N/A,"36 Years, 6 Months, 19 Days",DERIVED,1.85,96,"Montreal, Quebec, Canada",PROBABLE,Heel,PROBABLE,,,,,N/A,N/A,N/A,N/A,N/A,N/A,FALSE,FALSE,2,CONFIRMED,big-e,,,13:04,784,CONFIRMED,,0,,0,0,FALSE,FALSE,FALSE,FALSE,FALSE,FALSE,FALSE,FALSE,FALSE,FALSE,FALSE,FALSE,SmackDown,PROBABLE,FALSE,CONFLICTING,S212;S213;S214;S215;S820;S1448;S1700;S1808,WWE and CBS credit Big E alone; Cagematch/411Mania also credit Xavier Woods. See F415.,
RR2021M,mustafa-ali,RR2021M,4,CONFIRMED,Mustafa Ali,Mustafa Ali,1,2,FALSE,2019,Eliminated (elim #23),23,FALSE,FALSE,N/A,FALSE,N/A,"34 Years, 10 Months, 3 Days",DERIVED,1.78,83,"Chicago, Illinois",PROBABLE,Heel,PROBABLE,,,,Retribution,N/A,N/A,N/A,N/A,N/A,N/A,FALSE,FALSE,4,CONFIRMED,big-e,,,13:18,798,CONFLICTING,,1,xavier-woods,1,0,FALSE,FALSE,FALSE,FALSE,FALSE,FALSE,FALSE,FALSE,FALSE,FALSE,FALSE,FALSE,Raw,PROBABLE,FALSE,CONFLICTING,S212;S213;S214;S215;S525;S841;S1472;S1700;S1808,,
RR2021M,jeff-hardy,RR2021M,5,CONFIRMED,Jeff Hardy,Jeff Hardy,5,6,FALSE,2019,Eliminated (elim #21),21,FALSE,FALSE,N/A,FALSE,N/A,"43 Years, 5 Months, 0 Days",DERIVED,1.85,102,"Cameron, North Carolina",PROBABLE,Face,PROBABLE,,,,,N/A,N/A,N/A,N/A,N/A,N/A,FALSE,FALSE,1,CONFIRMED,dolph-ziggler,,,3:25,205,CONFIRMED,,0,,0,0,FALSE,FALSE,FALSE,FALSE,FALSE,FALSE,FALSE,FALSE,FALSE,FALSE,FALSE,FALSE,Raw,PROBABLE,FALSE,CONFIRMED,S212;S213;S214;S215;S065;S066;S676;S1513;S1700;S1808,,
RR2021M,dolph-ziggler,RR2021M,6,CONFIRMED,Dolph Ziggler,Dolph Ziggler,12,13,FALSE,2020,Eliminated (elim #22),22,FALSE,FALSE,N/A,FALSE,N/A,"40 Years, 6 Months, 4 Days",DERIVED,1.83,97,"Hollywood, Florida",PROBABLE,Heel,PROBABLE,,,,,N/A,N/A,N/A,N/A,N/A,N/A,FALSE,FALSE,9,CONFIRMED,kane,,,20:30,1230,CONFIRMED,,1,jeff-hardy,1,0,FALSE,FALSE,FALSE,FALSE,FALSE,FALSE,FALSE,FALSE,FALSE,FALSE,FALSE,FALSE,SmackDown,PROBABLE,FALSE,CONFIRMED,S212;S213;S214;S215;S763;S1466;S1700;S1808,,
RR2021M,shinsuke-nakamura,RR2021M,7,CONFIRMED,Shinsuke Nakamura,Shinsuke Nakamura,3,4,FALSE,2020,Eliminated (elim #10),10,FALSE,FALSE,N/A,FALSE,N/A,"40 Years, 11 Months, 7 Days",DERIVED,1.88,100,"Kyoto, Japan",PROBABLE,Face,PROBABLE,,,,,N/A,N/A,N/A,N/A,N/A,N/A,FALSE,FALSE,12,CONFIRMED,baron-corbin,,,22:01,1321,CONFLICTING,,0,,0,0,FALSE,FALSE,FALSE,FALSE,FALSE,FALSE,FALSE,FALSE,FALSE,FALSE,FALSE,FALSE,SmackDown,PROBABLE,FALSE,CONFLICTING,S212;S213;S214;S215;S835;S1452;S1700;S1808,,
RR2021M,carlito,RR2021M,8,CONFIRMED,Carlito,Carlito,5,6,FALSE,2010,Eliminated (elim #12),12,FALSE,FALSE,N/A,TRUE,more than 10 years away from WWE competition,"41 Years, 11 Months, 10 Days",DERIVED,1.78,109,The Caribbean,PROBABLE,Face,PROBABLE,,,,,N/A,N/A,N/A,N/A,N/A,N/A,FALSE,FALSE,5,CONFIRMED,elias,,,8:26,506,CONFIRMED,,0,,0,0,FALSE,FALSE,FALSE,FALSE,FALSE,FALSE,TRUE,TRUE,FALSE,TRUE,FALSE,FALSE,Unaffiliated,PROBABLE,FALSE,CONFIRMED,S212;S213;S214;S215;S733;S1493;S1700;S1730;S1808,,
RR2021M,xavier-woods,RR2021M,9,CONFIRMED,Xavier Woods,Xavier Woods,3,4,FALSE,2019,Eliminated (elim #11),11,FALSE,FALSE,N/A,FALSE,N/A,"34 Years, 4 Months, 27 Days",DERIVED,1.80,93,"Atlanta, Georgia",PROBABLE,Face,PROBABLE,,,The New Day,The New Day,N/A,N/A,N/A,N/A,N/A,N/A,FALSE,FALSE,3,CONFIRMED,mustafa-ali,,,3:42,222,CONFLICTING,,0,,0,0,FALSE,FALSE,FALSE,FALSE,FALSE,FALSE,FALSE,FALSE,FALSE,FALSE,FALSE,FALSE,Raw,PROBABLE,FALSE,CONFLICTING,S212;S213;S214;S215;S525;S828;S1450;S1700;S1808,,
RR2021M,big-e,RR2021M,10,CONFIRMED,Big E,Big E,6,7,FALSE,2020,Eliminated (elim #6),6,FALSE,FALSE,N/A,FALSE,N/A,"34 Years, 10 Months, 30 Days",DERIVED,1.80,129,"Tampa, Florida",PROBABLE,Face,PROBABLE,,,The New Day,The New Day,Intercontinental Championship,Intercontinental/United States,N/A,2,2020-12-25,37,FALSE,FALSE,19,CONFIRMED,omos,,,29:45,1785,CONFLICTING,,4,sami-zayn;mustafa-ali;bobby-lashley;the-hurricane,2,2,FALSE,FALSE,FALSE,FALSE,FALSE,FALSE,FALSE,FALSE,FALSE,FALSE,FALSE,FALSE,SmackDown,PROBABLE,FALSE,CONFLICTING,S212;S213;S214;S215;S525;S520;S809;S1447;S1700;S1808,Omos was not an entrant; WWE officially credits him with this elimination.,
RR2021M,john-morrison,RR2021M,11,CONFIRMED,John Morrison,John Morrison,7,8,FALSE,2020,Eliminated (elim #4),4,FALSE,FALSE,N/A,FALSE,N/A,"41 Years, 3 Months, 28 Days",DERIVED,1.83,98,"Los Angeles, California",PROBABLE,Heel,PROBABLE,,,The Miz & John Morrison,,N/A,N/A,N/A,N/A,N/A,N/A,FALSE,FALSE,8,CONFIRMED,damian-priest,,,8:14,494,CONFIRMED,,0,,0,0,FALSE,FALSE,FALSE,FALSE,FALSE,FALSE,FALSE,FALSE,FALSE,FALSE,FALSE,FALSE,Raw,PROBABLE,FALSE,CONFIRMED,S212;S213;S214;S215;S525;S847;S1513;S1700;S1808,Eliminated at essentially the same moment as The Miz.,
RR2021M,ricochet,RR2021M,12,CONFIRMED,Ricochet,Ricochet,1,2,FALSE,2020,Eliminated (elim #15),15,FALSE,FALSE,N/A,FALSE,N/A,"32 Years, 3 Months, 20 Days",DERIVED,1.75,85,"Paducah, Kentucky",PROBABLE,Face,PROBABLE,,,,,N/A,N/A,N/A,N/A,N/A,N/A,FALSE,FALSE,10,CONFIRMED,kane,,,11:37,697,CONFIRMED,,0,,0,0,FALSE,FALSE,FALSE,FALSE,FALSE,FALSE,FALSE,FALSE,FALSE,FALSE,FALSE,FALSE,Raw,PROBABLE,FALSE,CONFIRMED,S212;S213;S214;S215;S849;S899;S1487;S1700;S1808,,
RR2021M,elias,RR2021M,13,CONFIRMED,Elias,Elias,3,4,FALSE,2020,Eliminated (elim #1),1,FALSE,FALSE,N/A,FALSE,N/A,"33 Years, 2 Months, 9 Days",DERIVED,1.83,98,"Pittsburgh, Pennsylvania",PROBABLE,Heel,PROBABLE,,,,,N/A,N/A,N/A,N/A,N/A,N/A,FALSE,FALSE,6,CONFIRMED,damian-priest,,,2:30,150,CONFLICTING,,1,carlito,1,0,FALSE,FALSE,FALSE,FALSE,FALSE,FALSE,FALSE,FALSE,FALSE,FALSE,FALSE,FALSE,Raw,PROBABLE,FALSE,CONFLICTING,S212;S213;S214;S215;S833;S898;S1444;S1700;S1808,,
RR2021M,damian-priest,RR2021M,14,CONFIRMED,Damian Priest,Damian Priest,0,1,TRUE,N/A,N/A,N/A,TRUE,FALSE,N/A,FALSE,N/A,"38 Years, 4 Months, 5 Days",DERIVED,1.96,113,New York City,PROBABLE,Face,PROBABLE,,,,,N/A,N/A,N/A,N/A,N/A,N/A,FALSE,FALSE,16,CONFIRMED,bobby-lashley,,,15:34,934,CONFLICTING,,4,john-morrison;elias;the-miz;kane,4,0,FALSE,FALSE,FALSE,FALSE,FALSE,FALSE,TRUE,FALSE,FALSE,FALSE,FALSE,FALSE,NXT,PROBABLE,FALSE,CONFLICTING,S212;S213;S214;S215;S853;S1494;S1700;S1808,,
RR2021M,the-miz,RR2021M,15,CONFIRMED,The Miz,The Miz,12,13,FALSE,2020,Eliminated (elim #16),16,FALSE,FALSE,N/A,FALSE,N/A,"40 Years, 3 Months, 23 Days",DERIVED,1.88,100,"Cleveland, Ohio",PROBABLE,Heel,PROBABLE,,,The Miz & John Morrison,,N/A,N/A,N/A,N/A,N/A,N/A,FALSE,FALSE,7,CONFIRMED,damian-priest,,,1:02,62,CONFIRMED,,0,,0,0,FALSE,FALSE,FALSE,FALSE,FALSE,FALSE,FALSE,FALSE,FALSE,FALSE,FALSE,FALSE,Raw,PROBABLE,FALSE,CONFIRMED,S212;S213;S214;S215;S525;S749;S1463;S1700;S1808,Eliminated at essentially the same moment as John Morrison; ordered Miz then Morrison following CBS/411Mania.,
RR2021M,matt-riddle,RR2021M,16,CONFIRMED,Riddle,Riddle,1,2,FALSE,2020,Eliminated (elim #18),18,FALSE,FALSE,N/A,FALSE,N/A,"35 Years, 0 Months, 17 Days",DERIVED,1.88,98,"Las Vegas, Nevada",PROBABLE,Face,PROBABLE,Riddle,,,,N/A,N/A,N/A,N/A,N/A,N/A,FALSE,FALSE,25,CONFIRMED,seth-rollins,,,31:17,1877,CONFIRMED,,1,bobby-lashley,0,1,FALSE,FALSE,FALSE,FALSE,FALSE,FALSE,FALSE,FALSE,FALSE,FALSE,FALSE,FALSE,Raw,PROBABLE,FALSE,CONFIRMED,S212;S213;S214;S215;S525;S851;S1513;S1700;S1808,,
RR2021M,daniel-bryan,RR2021M,17,CONFIRMED,Daniel Bryan,Daniel Bryan,3,4,FALSE,2015,Eliminated (elim #12),12,FALSE,FALSE,N/A,FALSE,N/A,"39 Years, 8 Months, 9 Days",DERIVED,1.78,95,"Aberdeen, Washington",PROBABLE,Face,PROBABLE,,,,,N/A,N/A,N/A,N/A,N/A,N/A,FALSE,FALSE,24,CONFIRMED,seth-rollins,,,28:50,1730,CONFLICTING,,1,bobby-lashley,0,1,FALSE,FALSE,FALSE,FALSE,FALSE,FALSE,FALSE,FALSE,FALSE,FALSE,FALSE,FALSE,SmackDown,PROBABLE,FALSE,CONFLICTING,S212;S213;S214;S215;S764;S1495;S1700;S1808,,
RR2021M,kane,RR2021M,18,CONFIRMED,Kane,Kane,19,20,FALSE,2016,Eliminated (elim #9),9,FALSE,FALSE,N/A,TRUE,UNKNOWN,"53 Years, 9 Months, 5 Days",DERIVED,2.13,147,Parts Unknown,PROBABLE,Face,PROBABLE,,,,,N/A,N/A,N/A,N/A,N/A,N/A,FALSE,FALSE,11,CONFIRMED,damian-priest,,,1:51,111,CONFIRMED,,2,dolph-ziggler;ricochet,2,0,FALSE,FALSE,FALSE,FALSE,FALSE,FALSE,TRUE,TRUE,FALSE,TRUE,FALSE,FALSE,Unaffiliated,PROBABLE,TRUE,CONFIRMED,S212;S213;S214;S215;S068;S069;S044;S045;S479;S628;S1513;S1700;S1730;S1808,,
RR2021M,baron-corbin,RR2021M,19,CONFIRMED,King Corbin,King Corbin,4,5,FALSE,2020,Eliminated (elim #19),19,FALSE,FALSE,N/A,FALSE,N/A,"36 Years, 4 Months, 18 Days",DERIVED,2.03,129,Kansas City,PROBABLE,Heel,PROBABLE,King Corbin,,,,N/A,N/A,N/A,N/A,N/A,N/A,FALSE,FALSE,14,CONFIRMED,dominik-mysterio,,,3:34,214,CONFLICTING,,2,shinsuke-nakamura;otis,2,0,FALSE,FALSE,FALSE,FALSE,FALSE,FALSE,FALSE,FALSE,FALSE,FALSE,FALSE,FALSE,SmackDown,PROBABLE,FALSE,CONFLICTING,S212;S213;S214;S215;S525;S827;S1442;S1700;S1808,,
RR2021M,otis,RR2021M,20,CONFIRMED,Otis,Otis,0,1,TRUE,N/A,N/A,N/A,TRUE,FALSE,N/A,FALSE,N/A,"29 Years, 1 Months, 10 Days",DERIVED,1.78,143,"Superior, Wisconsin",PROBABLE,Face,PROBABLE,,,Alpha Academy,,N/A,N/A,N/A,N/A,N/A,N/A,FALSE,FALSE,13,CONFIRMED,baron-corbin,,,0:53,53,CONFLICTING,,0,,0,0,FALSE,FALSE,FALSE,FALSE,FALSE,FALSE,FALSE,FALSE,FALSE,FALSE,FALSE,FALSE,SmackDown,PROBABLE,FALSE,CONFLICTING,S212;S213;S214;S215;S525;S854;S1497;S1700;S1808,,
RR2021M,dominik-mysterio,RR2021M,21,CONFIRMED,Dominik Mysterio,Dominik Mysterio,0,1,TRUE,N/A,N/A,N/A,TRUE,FALSE,N/A,FALSE,N/A,"23 Years, 9 Months, 26 Days",DERIVED,1.85,91,"San Diego, California, U.S.",PROBABLE,Face,PROBABLE,,,The Mysterios,,N/A,N/A,N/A,N/A,N/A,N/A,FALSE,FALSE,15,CONFIRMED,bobby-lashley,,,2:00,120,CONFLICTING,,1,baron-corbin,1,0,FALSE,FALSE,FALSE,FALSE,FALSE,FALSE,FALSE,FALSE,FALSE,FALSE,FALSE,FALSE,SmackDown,PROBABLE,FALSE,CONFLICTING,S212;S213;S214;S215;S525;S855;S1498;S1700;S1808,,
RR2021M,bobby-lashley,RR2021M,22,CONFIRMED,Bobby Lashley,Bobby Lashley,2,3,FALSE,2019,Eliminated (elim #18),18,FALSE,FALSE,N/A,FALSE,N/A,"44 Years, 6 Months, 15 Days",DERIVED,1.91,124,"Colorado Springs, Colorado",PROBABLE,Heel,PROBABLE,,,,The Hurt Business,United States Championship,Intercontinental/United States,N/A,2,2020-08-30,154,FALSE,FALSE,18,CONFIRMED,big-e;christian;daniel-bryan;matt-riddle,,,4:03,243,CONFIRMED,,3,damian-priest;dominik-mysterio;the-hurricane,2,1,FALSE,FALSE,FALSE,FALSE,FALSE,FALSE,FALSE,FALSE,FALSE,FALSE,FALSE,FALSE,Raw,PROBABLE,FALSE,CONFIRMED,S212;S213;S214;S215;S525;S520;S732;S1479;S1700;S1808,,
RR2021M,the-hurricane,RR2021M,23,CONFIRMED,The Hurricane,The Hurricane,5,6,FALSE,2018,Eliminated (elim #16),16,FALSE,FALSE,N/A,TRUE,UNKNOWN,"46 Years, 6 Months, 19 Days",DERIVED,1.83,98,"Raleigh, North Carolina",PROBABLE,Face,PROBABLE,The Hurricane,,,,N/A,N/A,N/A,N/A,N/A,N/A,FALSE,FALSE,17,CONFIRMED,big-e;bobby-lashley,,,0:30,30,CONFIRMED,,0,,0,0,FALSE,FALSE,FALSE,FALSE,FALSE,FALSE,FALSE,TRUE,FALSE,TRUE,FALSE,FALSE,Unaffiliated,PROBABLE,TRUE,CONFIRMED,S212;S213;S214;S215;S525;S068;S069;S494;S693;S1513;S1700;S1730;S1808,,
RR2021M,christian,RR2021M,24,CONFIRMED,Christian,Christian,5,6,FALSE,2005,Eliminated (elim #23),23,FALSE,FALSE,N/A,TRUE,nearly 7 years (retirement due to concussion issues),"47 Years, 2 Months, 1 Days",DERIVED,1.85,103,"Toronto, Ontario, Canada",PROBABLE,Face,PROBABLE,,,,,N/A,N/A,N/A,N/A,N/A,N/A,FALSE,FALSE,27,CONFIRMED,seth-rollins,,,18:12,1092,CONFLICTING,,2,bobby-lashley;braun-strowman,0,2,FALSE,FALSE,FALSE,FALSE,FALSE,TRUE,TRUE,TRUE,FALSE,TRUE,FALSE,FALSE,Unaffiliated,PROBABLE,FALSE,CONFLICTING,S212;S213;S214;S215;S068;S069;S490;S494;S669;S1499;S1700;S1730;S1808,,
RR2021M,aj-styles,RR2021M,25,CONFIRMED,AJ Styles,AJ Styles,2,3,FALSE,2020,Eliminated (elim #17),17,FALSE,FALSE,N/A,FALSE,N/A,"43 Years, 7 Months, 29 Days",DERIVED,1.80,100,"Gainesville, Georgia",PROBABLE,Heel,PROBABLE,,Omos,,,N/A,N/A,N/A,N/A,N/A,N/A,FALSE,FALSE,23,CONFIRMED,braun-strowman,,,10:27,627,CONFLICTING,,0,,0,0,FALSE,FALSE,FALSE,FALSE,FALSE,FALSE,FALSE,FALSE,FALSE,FALSE,FALSE,FALSE,Raw,PROBABLE,FALSE,CONFLICTING,S212;S213;S214;S215;S520;S525;S815;S1488;S1700;S1808,,
RR2021M,rey-mysterio,RR2021M,26,CONFIRMED,Rey Mysterio,Rey Mysterio,10,11,FALSE,2020,Eliminated (elim #5),5,FALSE,FALSE,N/A,FALSE,N/A,"46 Years, 1 Months, 20 Days",DERIVED,1.68,79,"San Diego, California",PROBABLE,Face,PROBABLE,,,The Mysterios,,N/A,N/A,N/A,N/A,N/A,N/A,FALSE,FALSE,20,CONFIRMED,omos,,,3:47,227,CONFIRMED,,0,,0,0,FALSE,FALSE,FALSE,FALSE,FALSE,FALSE,FALSE,FALSE,FALSE,FALSE,FALSE,FALSE,SmackDown,PROBABLE,TRUE,CONFIRMED,S212;S213;S214;S215;S525;S068;S069;S436;S695;S1513;S1700;S1808,Omos was not an entrant; WWE officially credits him with this elimination.,
RR2021M,sheamus,RR2021M,27,CONFIRMED,Sheamus,Sheamus,7,8,FALSE,2018,Eliminated (elim #3),3,FALSE,FALSE,N/A,FALSE,N/A,"43 Years, 0 Months, 3 Days",DERIVED,1.91,121,"Dublin, Ireland",PROBABLE,Face,PROBABLE,,,,,N/A,N/A,N/A,N/A,N/A,N/A,FALSE,FALSE,22,CONFIRMED,braun-strowman,,,5:56,356,CONFLICTING,,0,,0,0,FALSE,FALSE,FALSE,FALSE,FALSE,FALSE,FALSE,FALSE,FALSE,FALSE,FALSE,FALSE,Raw,PROBABLE,FALSE,CONFLICTING,S212;S213;S214;S215;S776;S1449;S1700;S1808,,
RR2021M,cesaro,RR2021M,28,CONFIRMED,Cesaro,Cesaro,6,7,FALSE,2020,Eliminated (elim #8),8,FALSE,FALSE,N/A,FALSE,N/A,"40 Years, 1 Months, 4 Days",DERIVED,1.96,105,"Lucerne, Switzerland",PROBABLE,Heel,PROBABLE,,,,,N/A,N/A,N/A,N/A,N/A,N/A,FALSE,FALSE,21,CONFIRMED,braun-strowman,,,4:10,250,CONFLICTING,,0,,0,0,FALSE,FALSE,FALSE,FALSE,FALSE,FALSE,FALSE,FALSE,FALSE,FALSE,FALSE,FALSE,SmackDown,PROBABLE,FALSE,CONFLICTING,S212;S213;S214;S215;S796;S1453;S1687;S1700;S1808,,
RR2021M,seth-rollins,RR2021M,29,CONFIRMED,Seth Rollins,Seth Rollins,4,5,FALSE,2020,Eliminated (elim #26),26,FALSE,FALSE,N/A,FALSE,N/A,"34 Years, 8 Months, 3 Days",DERIVED,1.85,102,"Davenport, Iowa",PROBABLE,Heel,PROBABLE,,,,,N/A,N/A,N/A,N/A,N/A,N/A,FALSE,FALSE,28,CONFIRMED,edge,,,8:48,528,CONFIRMED,,3,matt-riddle;daniel-bryan;christian,3,0,FALSE,FALSE,FALSE,FALSE,TRUE,TRUE,FALSE,FALSE,FALSE,FALSE,FALSE,FALSE,SmackDown,PROBABLE,FALSE,CONFIRMED,S212;S213;S214;S215;S800;S1456;S1700;S1808,,
RR2021M,braun-strowman,RR2021M,30,CONFIRMED,Braun Strowman,Braun Strowman,4,5,FALSE,2020,Eliminated (elim #13),13,FALSE,FALSE,N/A,FALSE,N/A,"37 Years, 4 Months, 25 Days",DERIVED,1.98,152,"Sherills Ford, North Carolina",PROBABLE,Face,PROBABLE,,,,,N/A,N/A,N/A,N/A,N/A,N/A,FALSE,FALSE,26,CONFIRMED,edge;christian,,,7:24,444,CONFLICTING,,3,aj-styles;sheamus;cesaro,3,0,FALSE,FALSE,FALSE,FALSE,FALSE,FALSE,FALSE,FALSE,FALSE,FALSE,FALSE,FALSE,Raw,PROBABLE,FALSE,CONFLICTING,S212;S213;S214;S215;S818;S1480;S1700;S1808,WWE official table and Cagematch credit Edge & Christian; CBS lists Edge alone and 411Mania lists Edge & Seth Rollins. See F415.,
RR2021W,bayley,RR2021W,1,CONFIRMED,Bayley,Bayley,2,3,FALSE,2019,Eliminated (elim #27),27,FALSE,FALSE,N/A,FALSE,N/A,"31 Years, 7 Months, 16 Days",DERIVED,1.68,54,"San Jose, California",CONFIRMED,Heel,PROBABLE,,,,,N/A,N/A,N/A,N/A,N/A,N/A,FALSE,FALSE,12,CONFIRMED,bianca-belair,,,29:08,1748,CONFLICTING,,2,ruby-riott;liv-morgan,1,1,FALSE,FALSE,FALSE,FALSE,FALSE,FALSE,FALSE,FALSE,FALSE,,FALSE,FALSE,SmackDown,PROBABLE,FALSE,CONFIRMED,S224;S225;S226;S227;S931;S1018;S1624;S1700;S1808,,
RR2021W,naomi,RR2021W,2,CONFIRMED,Naomi,Naomi,3,4,FALSE,2020,Eliminated (elim #26),26,FALSE,FALSE,N/A,FALSE,N/A,"33 Years, 2 Months, 1 Days",DERIVED,1.65,57,"Orlando, Florida",CONFIRMED,Face,PROBABLE,,,,,N/A,N/A,N/A,N/A,N/A,N/A,FALSE,FALSE,22,CONFIRMED,shayna-baszler;nia-jax,,,47:40,2860,CONFLICTING,,0,,0,0,FALSE,FALSE,FALSE,FALSE,FALSE,FALSE,FALSE,FALSE,FALSE,,FALSE,FALSE,Raw,PROBABLE,FALSE,CONFIRMED,S224;S225;S226;S227;S922;S1009;S1615;S1700;S1808,,
RR2021W,bianca-belair,RR2021W,3,CONFIRMED,Bianca Belair,Bianca Belair,1,2,FALSE,2020,Eliminated (elim #16),16,FALSE,FALSE,N/A,FALSE,N/A,"31 Years, 9 Months, 22 Days",DERIVED,1.70,70,"Knoxville, Tennessee",CONFIRMED,Face,PROBABLE,,,,,N/A,N/A,N/A,N/A,N/A,N/A,FALSE,FALSE,,N/A,,,,56:52,3412,CONFLICTING,,4,bayley;rhea-ripley;charlotte-flair;natalya,3,1,FALSE,TRUE,FALSE,TRUE,TRUE,TRUE,FALSE,FALSE,FALSE,,FALSE,FALSE,SmackDown,PROBABLE,FALSE,CONFIRMED,S224;S225;S226;S227;S947;S1033;S1678;S1700;S1808,,
RR2021W,billie-kay,RR2021W,4,CONFIRMED,Billie Kay,Billie Kay,1,2,FALSE,2019,Eliminated (elim #4),4,FALSE,FALSE,N/A,FALSE,N/A,"31 Years, 7 Months, 8 Days",DERIVED,1.73,60,"Sydney, Australia",CONFIRMED,Face,PROBABLE,,,,,N/A,N/A,N/A,N/A,N/A,N/A,FALSE,FALSE,3,CONFIRMED,liv-morgan;ruby-riott,,,8:11,491,CONFLICTING,,1,jillian-hall,1,0,FALSE,FALSE,FALSE,FALSE,FALSE,FALSE,FALSE,FALSE,FALSE,,FALSE,FALSE,SmackDown,PROBABLE,FALSE,CONFIRMED,S224;S225;S226;S227;S934;S1021;S1627;S1700;S1808,,
RR2021W,shotzi-blackheart,RR2021W,5,CONFIRMED,Shotzi Blackheart,Shotzi Blackheart,1,2,FALSE,2020,Eliminated (elim #23),23,FALSE,FALSE,N/A,FALSE,N/A,"28 Years, 10 Months, 17 Days",DERIVED,1.68,57,"Oakland, California",CONFIRMED,Face,PROBABLE,,,,,N/A,N/A,N/A,N/A,N/A,N/A,FALSE,FALSE,1,CONFIRMED,shayna-baszler,,,2:46,166,CONFLICTING,,0,,0,0,FALSE,FALSE,FALSE,FALSE,FALSE,FALSE,FALSE,FALSE,FALSE,,FALSE,FALSE,NXT,PROBABLE,FALSE,CONFIRMED,S224;S225;S226;S227;S953;S1039;S1645;S1700;S1808,,
RR2021W,shayna-baszler,RR2021W,6,CONFIRMED,Shayna Baszler,Shayna Baszler,1,2,FALSE,2020,Runner-up (elim #29),29,FALSE,FALSE,N/A,FALSE,N/A,"40 Years, 5 Months, 23 Days",DERIVED,1.70,62,"Sioux Falls, South Dakota",CONFIRMED,Heel,PROBABLE,,,Nia Jax & Shayna Baszler,,WWE Women’s Tag Team Championship,Tag Team,nia-jax,2,2021-01-31,0,FALSE,FALSE,24,CONFIRMED,nia-jax,,,41:46,2506,CONFLICTING,,6,naomi;shotzi-blackheart;victoria;torrie-wilson;lacey-evans;tamina,4,2,FALSE,FALSE,FALSE,FALSE,FALSE,FALSE,FALSE,FALSE,FALSE,,TRUE,FALSE,Raw,PROBABLE,FALSE,CONFIRMED,S224;S225;S226;S227;S525;S520;S956;S1042;S1648;S1700;S1808,,
RR2021W,toni-storm,RR2021W,7,CONFIRMED,Toni Storm,Toni Storm,1,2,FALSE,2020,Eliminated (elim #25),25,FALSE,FALSE,N/A,FALSE,N/A,"25 Years, 3 Months, 12 Days",DERIVED,1.68,65,"Gold Coast, Australia",CONFLICTING,Heel,PROBABLE,,,,,N/A,N/A,N/A,N/A,N/A,N/A,FALSE,FALSE,4,CONFIRMED,rhea-ripley,,,11:21,681,CONFLICTING,,0,,0,0,FALSE,FALSE,FALSE,FALSE,FALSE,FALSE,TRUE,FALSE,FALSE,,FALSE,FALSE,NXT,PROBABLE,FALSE,CONFIRMED,S224;S225;S226;S227;S952;S1038;S1644;S1700;S1808,,
RR2021W,jillian-hall,RR2021W,8,CONFIRMED,Jillian Hall,Jillian Hall,0,1,TRUE,N/A,N/A,N/A,TRUE,FALSE,N/A,TRUE,UNKNOWN,"40 Years, 4 Months, 25 Days",DERIVED,1.68,59,"Louisville, Kentucky",CONFIRMED,Heel,PROBABLE,,,,,N/A,N/A,N/A,N/A,N/A,N/A,FALSE,FALSE,2,CONFIRMED,billie-kay,,,8:03,483,CONFLICTING,,0,,0,0,FALSE,FALSE,FALSE,FALSE,FALSE,FALSE,TRUE,TRUE,FALSE,,FALSE,FALSE,Unaffiliated,PROBABLE,FALSE,CONFIRMED,S224;S225;S226;S227;S957;S1043;S1678;S1700;S1730;S1808,,
RR2021W,ruby-riott,RR2021W,9,CONFIRMED,Ruby Riott,Ruby Riott,2,3,FALSE,2019,Eliminated (elim #20),20,FALSE,FALSE,N/A,FALSE,N/A,"30 Years, 0 Months, 22 Days",DERIVED,1.63,55,"Lafayette, Indiana",CONFIRMED,Face,PROBABLE,,,The Riott Squad,,N/A,N/A,N/A,N/A,N/A,N/A,FALSE,FALSE,7,CONFIRMED,bayley,,,10:53,653,CONFLICTING,,1,billie-kay,0,1,FALSE,FALSE,FALSE,FALSE,FALSE,FALSE,FALSE,FALSE,FALSE,,FALSE,FALSE,SmackDown,PROBABLE,FALSE,CONFIRMED,S224;S225;S226;S227;S525;S917;S1004;S1678;S1700;S1808,,
RR2021W,victoria,RR2021W,10,CONFIRMED,Victoria,Victoria,0,1,TRUE,N/A,N/A,N/A,TRUE,FALSE,N/A,TRUE,UNKNOWN,"49 Years, 11 Months, 21 Days",DERIVED,1.73,62,"Los Angeles, California",CONFLICTING,Face,PROBABLE,,,,,N/A,N/A,N/A,N/A,N/A,N/A,FALSE,FALSE,5,CONFIRMED,shayna-baszler,,,7:15,435,CONFLICTING,,0,,0,0,FALSE,FALSE,FALSE,FALSE,FALSE,FALSE,TRUE,TRUE,FALSE,,FALSE,FALSE,Unaffiliated,PROBABLE,FALSE,CONFIRMED,S224;S225;S226;S227;S958;S1044;S1678;S1700;S1730;S1808,,
RR2021W,peyton-royce,RR2021W,11,CONFIRMED,Peyton Royce,Peyton Royce,1,2,FALSE,2019,Eliminated (elim #5),5,FALSE,FALSE,N/A,FALSE,N/A,"28 Years, 2 Months, 21 Days",DERIVED,1.70,60,Australia,CONFLICTING,Heel,PROBABLE,,,,,N/A,N/A,N/A,N/A,N/A,N/A,FALSE,FALSE,10,CONFIRMED,charlotte-flair,,,13:40,820,CONFLICTING,,1,liv-morgan,0,1,FALSE,FALSE,FALSE,FALSE,FALSE,FALSE,FALSE,FALSE,FALSE,,FALSE,FALSE,Raw,PROBABLE,FALSE,CONFIRMED,S224;S225;S226;S227;S936;S1023;S1629;S1700;S1808,,
RR2021W,santana-garrett,RR2021W,12,CONFIRMED,Santana Garrett,Santana Garrett,0,1,TRUE,N/A,N/A,N/A,TRUE,FALSE,N/A,FALSE,N/A,"32 Years, 8 Months, 9 Days",DERIVED,1.65,64,"Ocala, Florida",CONFLICTING,Face,PROBABLE,,,,,N/A,N/A,N/A,N/A,N/A,N/A,FALSE,FALSE,6,CONFIRMED,rhea-ripley,,,4:32,272,CONFLICTING,,0,,0,0,FALSE,FALSE,FALSE,FALSE,FALSE,FALSE,FALSE,FALSE,FALSE,,FALSE,FALSE,NXT,PROBABLE,FALSE,CONFIRMED,S224;S225;S226;S227;S959;S1045;S1678;S1700;S1808,,
RR2021W,liv-morgan,RR2021W,13,CONFIRMED,Liv Morgan,Liv Morgan,3,4,FALSE,2020,Eliminated (elim #2),2,FALSE,FALSE,N/A,FALSE,N/A,"26 Years, 7 Months, 23 Days",DERIVED,1.60,57,"Elmwood Park, New Jersey",CONFLICTING,Face,PROBABLE,,,The Riott Squad,,N/A,N/A,N/A,N/A,N/A,N/A,FALSE,FALSE,8,CONFIRMED,bayley;peyton-royce,,,6:37,397,CONFLICTING,,1,billie-kay,0,1,FALSE,FALSE,FALSE,FALSE,FALSE,FALSE,FALSE,FALSE,FALSE,,FALSE,FALSE,SmackDown,PROBABLE,FALSE,CONFLICTING,S224;S225;S226;S227;S525;S913;S1000;S1607;S1700;S1808,,
RR2021W,rhea-ripley,RR2021W,14,CONFIRMED,Rhea Ripley,Rhea Ripley,1,2,FALSE,2019,Eliminated (elim #21),21,FALSE,FALSE,N/A,FALSE,N/A,"24 Years, 3 Months, 20 Days",DERIVED,1.75,77,"Adelaide, South Australia",CONFIRMED,Face,PROBABLE,,,,,N/A,N/A,N/A,N/A,N/A,N/A,FALSE,FALSE,29,CONFIRMED,bianca-belair,,,39:06,2346,CONFLICTING,,7,toni-storm;santana-garrett;charlotte-flair;dana-brooke;mandy-rose;dakota-kai;alexa-bliss,6,1,FALSE,FALSE,TRUE,TRUE,TRUE,TRUE,FALSE,FALSE,FALSE,,FALSE,FALSE,NXT,PROBABLE,FALSE,CONFIRMED,S224;S225;S226;S227;S945;S1031;S1637;S1700;S1808,,
RR2021W,charlotte-flair,RR2021W,15,CONFIRMED,Charlotte Flair,Charlotte Flair,2,3,FALSE,2020,Won,N/A,FALSE,FALSE,N/A,FALSE,N/A,"34 Years, 9 Months, 26 Days",DERIVED,1.78,65,"""The Queen City""",CONFLICTING,Face,PROBABLE,,,,,N/A,N/A,N/A,N/A,N/A,N/A,FALSE,FALSE,28,CONFIRMED,bianca-belair;rhea-ripley,,,33:47,2027,CONFLICTING,,1,peyton-royce,1,0,FALSE,FALSE,FALSE,FALSE,TRUE,TRUE,FALSE,FALSE,FALSE,,TRUE,FALSE,Raw,PROBABLE,FALSE,CONFIRMED,S224;S225;S226;S227;S938;S1025;S1631;S1700;S1808,,
RR2021W,dana-brooke,RR2021W,16,CONFIRMED,Dana Brooke,Dana Brooke,3,4,FALSE,2020,Eliminated (elim #14),14,FALSE,FALSE,N/A,FALSE,N/A,"32 Years, 2 Months, 2 Days",DERIVED,1.60,57,"Cleveland, Ohio",CONFIRMED,Face,PROBABLE,,,Dana Brooke & Mandy Rose,,N/A,N/A,N/A,N/A,N/A,N/A,FALSE,FALSE,9,CONFIRMED,rhea-ripley,,,2:58,178,CONFLICTING,,0,,0,0,FALSE,FALSE,FALSE,FALSE,FALSE,FALSE,FALSE,FALSE,FALSE,,FALSE,FALSE,Raw,PROBABLE,FALSE,CONFIRMED,S224;S225;S226;S227;S525;S910;S997;S1604;S1700;S1808,,
RR2021W,torrie-wilson,RR2021W,17,CONFIRMED,Torrie Wilson,Torrie Wilson,1,2,FALSE,2018,Eliminated (elim #6),6,FALSE,FALSE,N/A,TRUE,UNKNOWN,"45 Years, 6 Months, 7 Days",DERIVED,1.73,60,"Boise, Idaho",CONFLICTING,Face,PROBABLE,,,,,N/A,N/A,N/A,N/A,N/A,N/A,FALSE,FALSE,11,CONFIRMED,shayna-baszler,,,3:59,239,CONFLICTING,,0,,0,0,FALSE,FALSE,FALSE,FALSE,FALSE,FALSE,TRUE,TRUE,FALSE,,FALSE,TRUE,Unaffiliated,PROBABLE,FALSE,CONFIRMED,S224;S225;S226;S227;S911;S998;S1678;S1700;S1730;S1808,,
RR2021W,lacey-evans,RR2021W,18,CONFIRMED,Lacey Evans,Lacey Evans,1,2,FALSE,2019,Eliminated (elim #11),11,FALSE,FALSE,N/A,FALSE,N/A,"30 Years, 10 Months, 7 Days",DERIVED,1.73,59,"Parris Island, South Carolina",CONFIRMED,Heel,PROBABLE,,,,,N/A,N/A,N/A,N/A,N/A,N/A,FALSE,FALSE,20,CONFIRMED,shayna-baszler,,,19:21,1161,CONFLICTING,,1,mickie-james,1,0,FALSE,FALSE,FALSE,FALSE,FALSE,FALSE,FALSE,FALSE,FALSE,,FALSE,FALSE,Raw,PROBABLE,FALSE,CONFIRMED,S224;S225;S226;S227;S933;S1020;S1626;S1700;S1808,,
RR2021W,mickie-james,RR2021W,19,CONFIRMED,Mickie James,Mickie James,2,3,FALSE,2019,Eliminated (elim #2),2,FALSE,FALSE,N/A,FALSE,N/A,"41 Years, 5 Months, 0 Days",DERIVED,1.63,56,"Richmond, Virginia",CONFIRMED,Face,PROBABLE,,,,,N/A,N/A,N/A,N/A,N/A,N/A,FALSE,FALSE,14,CONFIRMED,lacey-evans,,,7:20,440,CONFLICTING,,0,,0,0,FALSE,FALSE,FALSE,FALSE,FALSE,FALSE,FALSE,FALSE,FALSE,,FALSE,FALSE,Raw,PROBABLE,FALSE,CONFIRMED,S224;S225;S226;S227;S928;S1015;S1621;S1700;S1808,,
RR2021W,nikki-cross,RR2021W,20,CONFIRMED,Nikki Cross,Nikki Cross,2,3,FALSE,2020,Eliminated (elim #5),5,FALSE,FALSE,N/A,FALSE,N/A,"31 Years, 9 Months, 10 Days",DERIVED,1.53,53,"Glasgow, Scotland",CONFLICTING,Face,PROBABLE,,,,,N/A,N/A,N/A,N/A,N/A,N/A,FALSE,FALSE,17,CONFIRMED,carmella,,,7:37,457,CONFLICTING,,0,,0,0,FALSE,FALSE,FALSE,FALSE,FALSE,FALSE,FALSE,FALSE,FALSE,,FALSE,FALSE,Raw,PROBABLE,FALSE,CONFIRMED,S224;S225;S226;S227;S935;S1022;S1628;S1700;S1808,,
RR2021W,alicia-fox,RR2021W,21,CONFIRMED,Alicia Fox,Alicia Fox,1,2,FALSE,2019,Eliminated (elim #13),13,FALSE,FALSE,N/A,FALSE,N/A,"34 Years, 7 Months, 1 Days",DERIVED,1.75,54,"Ponte Vedra Beach, Florida",CONFIRMED,Face,PROBABLE,,,,,N/A,N/A,N/A,N/A,N/A,N/A,FALSE,FALSE,13,CONFIRMED,mandy-rose,,,1:48,108,CONFLICTING,,0,,0,0,FALSE,FALSE,FALSE,FALSE,FALSE,FALSE,FALSE,FALSE,FALSE,,FALSE,FALSE,Unaffiliated,PROBABLE,FALSE,CONFIRMED,S224;S225;S226;S227;S941;S1028;S1678;S1700;S1808,,
RR2021W,mandy-rose,RR2021W,22,CONFIRMED,Mandy Rose,Mandy Rose,3,4,FALSE,2020,Eliminated (elim #6),6,FALSE,FALSE,N/A,FALSE,N/A,"30 Years, 6 Months, 13 Days",DERIVED,1.63,54,"Yorktown Heights, New York",CONFIRMED,Face,PROBABLE,,,Dana Brooke & Mandy Rose,,N/A,N/A,N/A,N/A,N/A,N/A,FALSE,FALSE,16,CONFIRMED,rhea-ripley,,,3:49,229,CONFLICTING,,1,alicia-fox,1,0,FALSE,FALSE,FALSE,FALSE,FALSE,FALSE,FALSE,FALSE,FALSE,,FALSE,FALSE,Raw,PROBABLE,FALSE,CONFIRMED,S224;S225;S226;S227;S525;S906;S993;S1600;S1700;S1808,,
RR2021W,dakota-kai,RR2021W,23,CONFIRMED,Dakota Kai,Dakota Kai,1,2,FALSE,2020,Eliminated (elim #12),12,FALSE,FALSE,N/A,FALSE,N/A,"32 Years, 8 Months, 25 Days",DERIVED,1.68,55,"Auckland, New Zealand",CONFLICTING,Heel,PROBABLE,,,,,N/A,N/A,N/A,N/A,N/A,N/A,FALSE,FALSE,15,CONFIRMED,rhea-ripley,,,2:06,126,CONFLICTING,,0,,0,0,FALSE,FALSE,FALSE,FALSE,FALSE,FALSE,FALSE,FALSE,FALSE,,FALSE,FALSE,NXT,PROBABLE,FALSE,CONFIRMED,S224;S225;S226;S227;S950;S1036;S1642;S1700;S1808,,
RR2021W,carmella,RR2021W,24,CONFIRMED,Carmella,Carmella,3,4,FALSE,2020,Eliminated (elim #24),24,FALSE,FALSE,N/A,FALSE,N/A,"33 Years, 3 Months, 8 Days",DERIVED,1.65,50,Staten Island,CONFIRMED,Heel,PROBABLE,,,,,N/A,N/A,N/A,N/A,N/A,N/A,FALSE,FALSE,18,CONFIRMED,tamina,,,0:47,47,CONFLICTING,,1,nikki-cross,1,0,FALSE,FALSE,FALSE,FALSE,FALSE,FALSE,FALSE,FALSE,FALSE,,FALSE,FALSE,SmackDown,PROBABLE,FALSE,CONFLICTING,S224;S225;S226;S227;S919;S1006;S1612;S1700;S1808,,
RR2021W,tamina,RR2021W,25,CONFIRMED,Tamina,Tamina,3,4,FALSE,2020,Eliminated (elim #10),10,FALSE,FALSE,N/A,FALSE,N/A,"43 Years, 0 Months, 21 Days",DERIVED,1.75,77,The Pacific Islands,CONFIRMED,Heel,PROBABLE,,,,,N/A,N/A,N/A,N/A,N/A,N/A,FALSE,FALSE,23,CONFIRMED,shayna-baszler;nia-jax,,,8:31,511,CONFLICTING,,1,carmella,1,0,FALSE,FALSE,FALSE,FALSE,FALSE,FALSE,FALSE,FALSE,FALSE,,FALSE,FALSE,SmackDown,PROBABLE,FALSE,CONFIRMED,S224;S225;S226;S227;S909;S996;S1603;S1700;S1808,,
RR2021W,lana,RR2021W,26,CONFIRMED,Lana,Lana,2,3,FALSE,2020,Eliminated (elim #1),1,FALSE,FALSE,N/A,FALSE,N/A,"35 Years, 10 Months, 7 Days",DERIVED,1.70,52,"Moscow, Russia (as Lana)",CONFLICTING,Face,PROBABLE,,,,,N/A,N/A,N/A,N/A,N/A,N/A,FALSE,FALSE,26,CONFIRMED,natalya,,,9:58,598,CONFLICTING,,1,nia-jax,1,0,FALSE,FALSE,FALSE,FALSE,FALSE,FALSE,TRUE,FALSE,FALSE,,FALSE,FALSE,Raw,PROBABLE,FALSE,CONFIRMED,S224;S225;S226;S227;S915;S1002;S1609;S1700;S1808,,
RR2021W,alexa-bliss,RR2021W,27,CONFIRMED,Alexa Bliss,Alexa Bliss,2,3,FALSE,2020,Eliminated (elim #15),15,FALSE,FALSE,N/A,FALSE,N/A,"29 Years, 5 Months, 22 Days",DERIVED,1.55,46,"Columbus, Ohio",CONFIRMED,Tweener,PROBABLE,,,,,N/A,N/A,N/A,N/A,N/A,N/A,FALSE,FALSE,19,CONFIRMED,rhea-ripley,,,1:02,62,CONFLICTING,,0,,0,0,FALSE,FALSE,FALSE,FALSE,FALSE,FALSE,FALSE,FALSE,FALSE,,FALSE,FALSE,Raw,PROBABLE,FALSE,CONFIRMED,S224;S225;S226;S227;S946;S1032;S1638;S1700;S1808,,
RR2021W,ember-moon,RR2021W,28,CONFIRMED,Ember Moon,Ember Moon,2,3,FALSE,2019,Eliminated (elim #24),24,FALSE,FALSE,N/A,FALSE,N/A,"32 Years, 5 Months, 0 Days",DERIVED,1.60,54,"Dallas, Texas",CONFLICTING,Face,PROBABLE,,,,,N/A,N/A,N/A,N/A,N/A,N/A,FALSE,FALSE,21,CONFIRMED,nia-jax,,,1:51,111,CONFLICTING,,0,,0,0,FALSE,FALSE,FALSE,FALSE,FALSE,FALSE,TRUE,FALSE,FALSE,,FALSE,FALSE,NXT,PROBABLE,FALSE,CONFIRMED,S224;S225;S226;S227;S925;S1012;S1618;S1700;S1808,,
RR2021W,nia-jax,RR2021W,29,CONFIRMED,Nia Jax,Nia Jax,3,4,FALSE,2019,Eliminated (elim #24),24,FALSE,FALSE,N/A,FALSE,N/A,"36 Years, 8 Months, 2 Days",DERIVED,1.83,123,"San Diego, California",CONFLICTING,Heel,PROBABLE,,,Nia Jax & Shayna Baszler,,WWE Women’s Tag Team Championship,Tag Team,shayna-baszler,2,2021-01-31,0,FALSE,FALSE,25,CONFIRMED,lana,,,2:44,164,CONFLICTING,,4,naomi;shayna-baszler;tamina;ember-moon,2,2,FALSE,FALSE,FALSE,FALSE,FALSE,FALSE,FALSE,FALSE,FALSE,,TRUE,FALSE,Raw,PROBABLE,FALSE,CONFIRMED,S224;S225;S226;S227;S525;S520;S924;S1011;S1617;S1700;S1808,,
RR2021W,natalya,RR2021W,30,CONFIRMED,Natalya,Natalya,3,4,FALSE,2020,Eliminated (elim #27),27,FALSE,FALSE,N/A,FALSE,N/A,"38 Years, 8 Months, 4 Days",DERIVED,1.65,61,"Calgary, Alberta, Canada",CONFIRMED,Heel,PROBABLE,,,,,N/A,N/A,N/A,N/A,N/A,N/A,FALSE,FALSE,27,CONFIRMED,bianca-belair,,,2:00,120,CONFLICTING,,1,lana,1,0,FALSE,FALSE,FALSE,FALSE,FALSE,TRUE,FALSE,FALSE,FALSE,,FALSE,FALSE,SmackDown,PROBABLE,FALSE,CONFIRMED,S224;S225;S226;S227;S920;S1007;S1613;S1700;S1808,,
RR2022M,aj-styles,RR2022M,1,CONFIRMED,AJ Styles,AJ Styles,3,4,FALSE,2021,Eliminated (elim #23),23,FALSE,FALSE,N/A,FALSE,N/A,"44 Years, 7 Months, 27 Days",DERIVED,1.80,100,"Gainesville, Georgia",PROBABLE,Face,PROBABLE,,,,,N/A,N/A,N/A,N/A,N/A,N/A,N/A,N/A,14,CONFIRMED,riddick-moss,,,29:06,1746,CONFIRMED,,6,shinsuke-nakamura;austin-theory;robert-roode;ridge-holland;sami-zayn;omos,5,1,FALSE,FALSE,FALSE,FALSE,FALSE,FALSE,FALSE,FALSE,FALSE,,FALSE,,Raw,PROBABLE,FALSE,CONFIRMED,S232;S233;S815;S1488;S1700;S1809,,
RR2022M,shinsuke-nakamura,RR2022M,2,CONFIRMED,Shinsuke Nakamura,Shinsuke Nakamura,4,5,FALSE,2021,Eliminated (elim #12),12,FALSE,FALSE,N/A,FALSE,N/A,"41 Years, 11 Months, 5 Days",DERIVED,1.88,100,"Kyoto, Japan",PROBABLE,Face,PROBABLE,,,Shinsuke Nakamura & Rick Boogs,,Intercontinental Championship,Intercontinental/United States,N/A,2,2021-08-13,169,FALSE,FALSE,2,CONFIRMED,aj-styles,,,05:51,351,CONFIRMED,,0,,0,0,FALSE,FALSE,FALSE,FALSE,FALSE,FALSE,FALSE,FALSE,FALSE,,FALSE,,SmackDown,PROBABLE,FALSE,CONFIRMED,S232;S233;S526;S521;S835;S1452;S1700;S1809,,
RR2022M,austin-theory,RR2022M,3,CONFIRMED,Austin Theory,Austin Theory,0,1,TRUE,N/A,N/A,N/A,TRUE,FALSE,N/A,FALSE,N/A,"24 Years, 5 Months, 27 Days",DERIVED,1.85,100,"Atlanta, Georgia",PROBABLE,Heel,PROBABLE,,,,,N/A,N/A,N/A,N/A,N/A,N/A,N/A,N/A,11,CONFIRMED,aj-styles,,,22:06,1326,CONFIRMED,,1,omos,0,1,FALSE,FALSE,FALSE,FALSE,FALSE,FALSE,FALSE,FALSE,FALSE,,FALSE,,Raw,PROBABLE,FALSE,CONFIRMED,S232;S233;S856;S901;S1514;S1700;S1809,,
RR2022M,robert-roode,RR2022M,4,CONFIRMED,Robert Roode,Robert Roode,1,2,FALSE,2020,Eliminated (elim #3),3,FALSE,FALSE,N/A,FALSE,N/A,"45 Years, 8 Months, 18 Days",DERIVED,1.85,107,"Toronto, Ontario, Canada",PROBABLE,Heel,PROBABLE,,,The Dirty Dawgs,,N/A,N/A,N/A,N/A,N/A,N/A,N/A,N/A,1,CONFIRMED,aj-styles,,,00:54,54,CONFIRMED,,0,,0,0,FALSE,FALSE,FALSE,FALSE,FALSE,FALSE,FALSE,FALSE,FALSE,,FALSE,,Raw,PROBABLE,FALSE,CONFIRMED,S232;S233;S526;S846;S1484;S1700;S1809,,
RR2022M,ridge-holland,RR2022M,5,CONFIRMED,Ridge Holland,Ridge Holland,0,1,TRUE,N/A,N/A,N/A,TRUE,FALSE,N/A,FALSE,N/A,"33 Years, 8 Months, 0 Days",DERIVED,1.85,118,"Yorkshire, England",PROBABLE,Heel,PROBABLE,,,The Brawling Brutes,The Brawling Brutes,N/A,N/A,N/A,N/A,N/A,N/A,N/A,N/A,12,CONFIRMED,aj-styles,,,19:11,1151,CONFIRMED,,1,omos,0,1,FALSE,FALSE,FALSE,FALSE,FALSE,FALSE,FALSE,FALSE,FALSE,,FALSE,,SmackDown,PROBABLE,FALSE,CONFIRMED,S232;S233;S526;S857;S1501;S1700;S1809,,
RR2022M,montez-ford,RR2022M,6,CONFIRMED,Montez Ford,Montez Ford,0,1,TRUE,N/A,N/A,N/A,TRUE,FALSE,N/A,FALSE,N/A,"31 Years, 7 Months, 29 Days",DERIVED,1.85,105,"Chicago, Illinois",PROBABLE,Face,PROBABLE,,,The Street Profits,,N/A,N/A,N/A,N/A,N/A,N/A,N/A,N/A,6,CONFIRMED,omos,,,09:10,550,CONFIRMED,,0,,0,0,FALSE,FALSE,FALSE,FALSE,FALSE,FALSE,FALSE,FALSE,FALSE,,FALSE,,Raw,PROBABLE,FALSE,CONFIRMED,S232;S233;S526;S858;S1502;S1700;S1809,,
RR2022M,damian-priest,RR2022M,7,CONFIRMED,Damian Priest,Damian Priest,1,2,FALSE,2021,Eliminated (elim #16),16,FALSE,FALSE,N/A,FALSE,N/A,"39 Years, 4 Months, 3 Days",DERIVED,1.96,113,New York City,PROBABLE,Tweener,PROBABLE,,,,,United States Championship,Intercontinental/United States,N/A,1,2021-08-21,161,FALSE,FALSE,7,CONFIRMED,omos,,,11:04,664,CONFIRMED,,0,,0,0,FALSE,FALSE,FALSE,FALSE,FALSE,FALSE,FALSE,FALSE,FALSE,,FALSE,,Raw,PROBABLE,FALSE,CONFIRMED,S232;S233;S526;S521;S853;S1494;S1700;S1809,,
RR2022M,sami-zayn,RR2022M,8,CONFIRMED,Sami Zayn,Sami Zayn,4,5,FALSE,2021,Eliminated (elim #2),2,FALSE,FALSE,N/A,FALSE,N/A,"37 Years, 6 Months, 17 Days",DERIVED,1.85,96,"Montreal, Quebec, Canada",PROBABLE,Heel,PROBABLE,,,,,N/A,N/A,N/A,N/A,N/A,N/A,N/A,N/A,4,CONFIRMED,aj-styles,,,03:17,197,CONFIRMED,,1,johnny-knoxville,1,0,FALSE,FALSE,FALSE,FALSE,FALSE,FALSE,FALSE,FALSE,FALSE,,FALSE,,SmackDown,PROBABLE,FALSE,CONFIRMED,S232;S233;S820;S1448;S1700;S1809,,
RR2022M,johnny-knoxville,RR2022M,9,CONFIRMED,Johnny Knoxville,Johnny Knoxville,0,1,TRUE,N/A,N/A,N/A,TRUE,FALSE,N/A,FALSE,N/A,"50 Years, 10 Months, 18 Days",DERIVED,1.85,82,"Knoxville, Tennessee",PROBABLE,Face,PROBABLE,,,,,N/A,N/A,N/A,N/A,N/A,N/A,N/A,N/A,3,CONFIRMED,sami-zayn,,,01:26,86,CONFIRMED,,0,,0,0,FALSE,FALSE,FALSE,FALSE,FALSE,FALSE,FALSE,FALSE,TRUE,,FALSE,,Unaffiliated,PROBABLE,FALSE,CONFIRMED,S232;S233;S859;S1503;S1700;S1809,,
RR2022M,angelo-dawkins,RR2022M,10,CONFIRMED,Angelo Dawkins,Angelo Dawkins,0,1,TRUE,N/A,N/A,N/A,TRUE,FALSE,N/A,FALSE,N/A,"31 Years, 6 Months, 5 Days",DERIVED,1.96,118,"Cincinnati, Ohio",PROBABLE,Face,PROBABLE,,,The Street Profits,,N/A,N/A,N/A,N/A,N/A,N/A,N/A,N/A,5,CONFIRMED,omos,,,02:15,135,CONFIRMED,,0,,0,0,FALSE,FALSE,FALSE,FALSE,FALSE,FALSE,FALSE,FALSE,FALSE,,FALSE,,Raw,PROBABLE,FALSE,CONFIRMED,S232;S233;S526;S860;S1504;S1700;S1809,,
RR2022M,omos,RR2022M,11,CONFIRMED,Omos,Omos,0,1,TRUE,N/A,N/A,N/A,TRUE,FALSE,N/A,FALSE,N/A,"29 Years, 8 Months, 13 Days",DERIVED,2.21,189,"Lagos, Nigeria",PROBABLE,Heel,PROBABLE,,,,,N/A,N/A,N/A,N/A,N/A,N/A,N/A,N/A,8,CONFIRMED,aj-styles;austin-theory;chad-gable;dominik-mysterio;ricochet;ridge-holland,,,04:24,264,CONFIRMED,,3,montez-ford;damian-priest;angelo-dawkins,3,0,FALSE,FALSE,FALSE,FALSE,FALSE,FALSE,FALSE,FALSE,FALSE,,FALSE,,Raw,PROBABLE,FALSE,CONFIRMED,S232;S233;S861;S1514;S1700;S1809,,
RR2022M,ricochet,RR2022M,12,CONFIRMED,Ricochet,Ricochet,2,3,FALSE,2021,Eliminated (elim #10),10,FALSE,FALSE,N/A,FALSE,N/A,"33 Years, 3 Months, 18 Days",DERIVED,1.75,85,"Paducah, Kentucky",PROBABLE,Face,PROBABLE,,,,,N/A,N/A,N/A,N/A,N/A,N/A,N/A,N/A,9,CONFIRMED,baron-corbin,,,04:23,263,CONFIRMED,,1,omos,0,1,FALSE,FALSE,FALSE,FALSE,FALSE,FALSE,FALSE,FALSE,FALSE,,FALSE,,SmackDown,PROBABLE,FALSE,CONFIRMED,S232;S233;S849;S899;S1487;S1700;S1809,,
RR2022M,chad-gable,RR2022M,13,CONFIRMED,Chad Gable,Chad Gable,0,1,TRUE,N/A,N/A,N/A,TRUE,FALSE,N/A,FALSE,N/A,"35 Years, 10 Months, 21 Days",DERIVED,1.73,92,"Minneapolis, Minnesota",PROBABLE,Heel,PROBABLE,,,Alpha Academy,Alpha Academy,Raw Tag Team Championship,Tag Team,Otis,1,2022-01-10,19,FALSE,FALSE,13,CONFIRMED,rick-boogs,,,08:18,498,CONFIRMED,,1,omos,0,1,FALSE,FALSE,FALSE,FALSE,FALSE,FALSE,FALSE,FALSE,FALSE,,FALSE,,Raw,PROBABLE,FALSE,CONFIRMED,S232;S233;S526;S521;S862;S1505;S1700;S1809,,
RR2022M,dominik-mysterio,RR2022M,14,CONFIRMED,Dominik Mysterio,Dominik Mysterio,1,2,FALSE,2021,Eliminated (elim #15),15,FALSE,FALSE,N/A,FALSE,N/A,"24 Years, 9 Months, 24 Days",DERIVED,1.85,91,"San Diego, California, U.S.",PROBABLE,Face,PROBABLE,,,The Mysterios,,N/A,N/A,N/A,N/A,N/A,N/A,N/A,N/A,10,CONFIRMED,baron-corbin,,,03:44,224,CONFIRMED,,1,omos,0,1,FALSE,FALSE,FALSE,FALSE,FALSE,FALSE,FALSE,FALSE,FALSE,,FALSE,,Raw,PROBABLE,FALSE,CONFIRMED,S232;S233;S526;S855;S1498;S1700;S1809,,
RR2022M,baron-corbin,RR2022M,15,CONFIRMED,Happy Corbin,Happy Corbin,5,6,FALSE,2021,Eliminated (elim #14),14,FALSE,FALSE,N/A,FALSE,N/A,"37 Years, 4 Months, 16 Days",DERIVED,2.03,129,Kansas City,PROBABLE,Heel,PROBABLE,Happy Corbin,,Happy Corbin & Madcap Moss,,N/A,N/A,N/A,N/A,N/A,N/A,N/A,N/A,17,CONFIRMED,drew-mcintyre,,,10:47,647,CONFIRMED,,3,ricochet;dominik-mysterio;rick-boogs,3,0,FALSE,FALSE,FALSE,FALSE,FALSE,FALSE,FALSE,FALSE,FALSE,,FALSE,,SmackDown,PROBABLE,FALSE,CONFIRMED,S232;S233;S526;S827;S1442;S1700;S1809,,
RR2022M,dolph-ziggler,RR2022M,16,CONFIRMED,Dolph Ziggler,Dolph Ziggler,13,14,FALSE,2021,Eliminated (elim #9),9,FALSE,FALSE,N/A,FALSE,N/A,"41 Years, 6 Months, 2 Days",DERIVED,1.83,97,"Hollywood, Florida",PROBABLE,Heel,PROBABLE,,,The Dirty Dawgs,,N/A,N/A,N/A,N/A,N/A,N/A,N/A,N/A,20,CONFIRMED,bad-bunny,,,20:46,1246,CONFIRMED,,0,,0,0,FALSE,FALSE,FALSE,FALSE,FALSE,FALSE,FALSE,FALSE,FALSE,,FALSE,,Raw,PROBABLE,FALSE,CONFIRMED,S232;S233;S526;S763;S1466;S1700;S1809,,
RR2022M,sheamus,RR2022M,17,CONFIRMED,Sheamus,Sheamus,8,9,FALSE,2021,Eliminated (elim #22),22,FALSE,FALSE,N/A,FALSE,N/A,"44 Years, 0 Months, 1 Days",DERIVED,1.91,121,"Dublin, Ireland",PROBABLE,Heel,PROBABLE,,,The Brawling Brutes,The Brawling Brutes,N/A,N/A,N/A,N/A,N/A,N/A,N/A,N/A,19,CONFIRMED,bad-bunny,,,17:55,1075,CONFIRMED,,0,,0,0,FALSE,FALSE,FALSE,FALSE,FALSE,FALSE,FALSE,FALSE,FALSE,,FALSE,,SmackDown,PROBABLE,FALSE,CONFIRMED,S232;S233;S526;S776;S1449;S1700;S1809,,
RR2022M,rick-boogs,RR2022M,18,CONFIRMED,Rick Boogs,Rick Boogs,0,1,TRUE,N/A,N/A,N/A,TRUE,FALSE,N/A,FALSE,N/A,"34 Years, 1 Months, 28 Days",DERIVED,1.85,106,"Madison, Wisconsin",PROBABLE,Face,PROBABLE,,,Shinsuke Nakamura & Rick Boogs,,N/A,N/A,N/A,N/A,N/A,N/A,N/A,N/A,15,CONFIRMED,baron-corbin,,,04:33,273,CONFIRMED,,1,chad-gable,1,0,FALSE,FALSE,FALSE,FALSE,FALSE,FALSE,FALSE,FALSE,FALSE,,FALSE,,SmackDown,PROBABLE,FALSE,CONFIRMED,S232;S233;S526;S863;S1506;S1700;S1809,,
RR2022M,riddick-moss,RR2022M,19,CONFIRMED,Madcap Moss,Madcap Moss,0,1,TRUE,N/A,N/A,N/A,TRUE,FALSE,N/A,FALSE,N/A,"32 Years, 3 Months, 19 Days",DERIVED,1.91,111,"Minneapolis, Minnesota",PROBABLE,Heel,PROBABLE,Madcap Moss,,Happy Corbin & Madcap Moss,,N/A,N/A,N/A,N/A,N/A,N/A,N/A,N/A,16,CONFIRMED,drew-mcintyre,,,04:24,264,CONFIRMED,,1,aj-styles,1,0,FALSE,FALSE,FALSE,FALSE,FALSE,FALSE,FALSE,FALSE,FALSE,,FALSE,,SmackDown,PROBABLE,FALSE,CONFIRMED,S232;S233;S526;S864;S1507;S1700;S1809,,
RR2022M,matt-riddle,RR2022M,20,CONFIRMED,Riddle,Riddle,2,3,FALSE,2021,Eliminated (elim #25),25,FALSE,FALSE,N/A,FALSE,N/A,"36 Years, 0 Months, 15 Days",DERIVED,1.88,98,"Las Vegas, Nevada",PROBABLE,Face,PROBABLE,Riddle,,RK-Bro,,N/A,N/A,N/A,N/A,N/A,N/A,N/A,N/A,27,CONFIRMED,brock-lesnar,,,19:46,1186,CONFIRMED,,2,otis;big-e,0,2,FALSE,FALSE,FALSE,FALSE,FALSE,TRUE,FALSE,FALSE,FALSE,,FALSE,,Raw,PROBABLE,FALSE,CONFIRMED,S232;S233;S526;S851;S1514;S1700;S1809,,
RR2022M,drew-mcintyre,RR2022M,21,CONFIRMED,Drew McIntyre,Drew McIntyre,5,6,FALSE,2020,Won,N/A,FALSE,FALSE,N/A,FALSE,N/A,"36 Years, 7 Months, 23 Days",DERIVED,1.96,125,"Ayr, Scotland",PROBABLE,Face,PROBABLE,,,,,N/A,N/A,N/A,N/A,N/A,N/A,N/A,N/A,29,CONFIRMED,brock-lesnar,,,19:18,1158,CONFIRMED,,2,baron-corbin;riddick-moss,2,0,FALSE,FALSE,TRUE,TRUE,TRUE,TRUE,FALSE,FALSE,FALSE,,FALSE,,SmackDown,PROBABLE,FALSE,CONFIRMED,S232;S233;S778;S1475;S1700;S1809,,
RR2022M,kevin-owens,RR2022M,22,CONFIRMED,Kevin Owens,Kevin Owens,2,3,FALSE,2020,Eliminated (elim #24),24,FALSE,FALSE,N/A,FALSE,N/A,"37 Years, 8 Months, 22 Days",DERIVED,1.83,110,"Marieville, Quebec, Canada",PROBABLE,Heel,PROBABLE,,,,,N/A,N/A,N/A,N/A,N/A,N/A,N/A,N/A,22,CONFIRMED,shane-mcmahon,,,11:13,673,CONFIRMED,,1,kofi-kingston,1,0,FALSE,FALSE,FALSE,FALSE,FALSE,FALSE,FALSE,FALSE,FALSE,,FALSE,,Raw,PROBABLE,FALSE,CONFIRMED,S232;S233;S819;S1492;S1700;S1809,,
RR2022M,rey-mysterio,RR2022M,23,CONFIRMED,Rey Mysterio,Rey Mysterio,11,12,FALSE,2021,Eliminated (elim #20),20,FALSE,FALSE,N/A,FALSE,N/A,"47 Years, 1 Months, 18 Days",DERIVED,1.68,79,"San Diego, California",PROBABLE,Face,PROBABLE,,,The Mysterios,,N/A,N/A,N/A,N/A,N/A,N/A,N/A,N/A,21,CONFIRMED,otis,,,09:05,545,CONFIRMED,,0,,0,0,FALSE,FALSE,FALSE,FALSE,FALSE,FALSE,FALSE,FALSE,FALSE,,FALSE,,Raw,PROBABLE,TRUE,CONFIRMED,S232;S233;S526;S068;S069;S436;S695;S1514;S1700;S1809,,
RR2022M,kofi-kingston,RR2022M,24,CONFIRMED,Kofi Kingston,Kofi Kingston,12,13,FALSE,2020,Eliminated (elim #7),7,FALSE,FALSE,N/A,FALSE,N/A,"40 Years, 5 Months, 15 Days",DERIVED,1.83,96,"Ghana, West Africa",PROBABLE,Face,PROBABLE,,,The New Day,The New Day,N/A,N/A,N/A,N/A,N/A,N/A,N/A,N/A,18,CONFIRMED,kevin-owens,,,00:21,21,CONFIRMED,,0,,0,0,FALSE,FALSE,FALSE,FALSE,FALSE,FALSE,FALSE,FALSE,FALSE,,FALSE,,SmackDown,PROBABLE,FALSE,CONFIRMED,S232;S233;S526;S760;S1454;S1700;S1809,,
RR2022M,otis,RR2022M,25,CONFIRMED,Otis,Otis,1,2,FALSE,2021,Eliminated (elim #13),13,FALSE,FALSE,N/A,FALSE,N/A,"30 Years, 1 Months, 8 Days",DERIVED,1.78,143,"Superior, Wisconsin",PROBABLE,Heel,PROBABLE,,,Alpha Academy,Alpha Academy,Raw Tag Team Championship,Tag Team,Chad Gable,1,2022-01-10,19,FALSE,FALSE,24,CONFIRMED,randy-orton;matt-riddle,,,08:52,532,CONFIRMED,,1,rey-mysterio,1,0,FALSE,FALSE,FALSE,FALSE,FALSE,FALSE,FALSE,FALSE,FALSE,,FALSE,,Raw,PROBABLE,FALSE,CONFIRMED,S232;S233;S526;S521;S854;S1497;S1700;S1809,,
RR2022M,big-e,RR2022M,26,CONFIRMED,Big E,Big E,7,8,FALSE,2021,Eliminated (elim #19),19,FALSE,FALSE,N/A,FALSE,N/A,"35 Years, 10 Months, 28 Days",DERIVED,1.80,129,"Tampa, Florida",PROBABLE,Face,PROBABLE,,,The New Day,The New Day,N/A,N/A,N/A,N/A,N/A,N/A,N/A,N/A,23,CONFIRMED,randy-orton;matt-riddle,,,06:37,397,CONFIRMED,,0,,0,0,FALSE,FALSE,FALSE,FALSE,FALSE,FALSE,FALSE,FALSE,FALSE,,FALSE,,SmackDown,PROBABLE,FALSE,CONFIRMED,S232;S233;S526;S809;S1447;S1700;S1809,,
RR2022M,bad-bunny,RR2022M,27,CONFIRMED,Bad Bunny,Bad Bunny,0,1,TRUE,N/A,N/A,N/A,TRUE,FALSE,N/A,FALSE,N/A,"27 Years, 10 Months, 19 Days",DERIVED,1.80,75,"Vega Baja, Puerto Rico",PROBABLE,Face,PROBABLE,,,,,N/A,N/A,N/A,N/A,N/A,N/A,N/A,N/A,26,CONFIRMED,brock-lesnar,,,07:41,461,CONFIRMED,,2,dolph-ziggler;sheamus,2,0,FALSE,FALSE,FALSE,FALSE,FALSE,FALSE,TRUE,FALSE,TRUE,,FALSE,,Unaffiliated,PROBABLE,FALSE,CONFIRMED,S232;S233;S865;S1514;S1508;S1700;S1809,,
RR2022M,shane-mcmahon,RR2022M,28,CONFIRMED,Shane McMahon,Shane McMahon,0,1,TRUE,N/A,N/A,N/A,TRUE,FALSE,N/A,FALSE,N/A,"52 Years, 0 Months, 14 Days",DERIVED,1.88,104,"Greenwich, Connecticut",PROBABLE,Face,PROBABLE,,,,,N/A,N/A,N/A,N/A,N/A,N/A,N/A,N/A,28,CONFIRMED,brock-lesnar,,,05:38,338,CONFIRMED,,1,kevin-owens,1,0,FALSE,FALSE,FALSE,FALSE,TRUE,TRUE,TRUE,FALSE,FALSE,,FALSE,,Unaffiliated,PROBABLE,FALSE,CONFIRMED,S232;S233;S866;S1509;S1700;S1809,,
RR2022M,randy-orton,RR2022M,29,CONFIRMED,Randy Orton,Randy Orton,12,13,FALSE,2021,Runner-up (elim #29),29,FALSE,FALSE,N/A,FALSE,N/A,"41 Years, 9 Months, 28 Days",DERIVED,1.96,113,"St. Louis, Missouri",PROBABLE,Face,PROBABLE,Apex Predator,,RK-Bro,,N/A,N/A,N/A,N/A,N/A,N/A,N/A,N/A,25,CONFIRMED,brock-lesnar,,,02:21,141,CONFIRMED,,2,otis;big-e,0,2,FALSE,FALSE,FALSE,FALSE,FALSE,FALSE,FALSE,FALSE,FALSE,,FALSE,,Raw,PROBABLE,FALSE,CONFIRMED,S232;S233;S526;S067;S073;S040;S052;S042;S481;S489;S485;S709;S1462;S1700;S1809,,
RR2022M,brock-lesnar,RR2022M,30,CONFIRMED,Brock Lesnar,Brock Lesnar,4,5,FALSE,2020,Eliminated (elim #14),14,FALSE,FALSE,N/A,FALSE,N/A,"44 Years, 6 Months, 17 Days",DERIVED,1.91,130,"Minneapolis, Minnesota",PROBABLE,Face,PROBABLE,,,,,N/A,N/A,N/A,N/A,N/A,N/A,N/A,N/A,,,,,,02:32,152,CONFIRMED,,5,matt-riddle;drew-mcintyre;bad-bunny;shane-mcmahon;randy-orton,5,0,FALSE,TRUE,FALSE,TRUE,TRUE,TRUE,TRUE,FALSE,FALSE,,TRUE,,Unaffiliated,PROBABLE,FALSE,CONFIRMED,S232;S233;S065;S066;S707;S1482;S1700;S1809,,
RR2022W,sasha-banks,RR2022W,1,CONFIRMED,Sasha Banks,Sasha Banks,1,2,FALSE,2018,Eliminated (elim #27),27,FALSE,FALSE,N/A,FALSE,N/A,"30 Years, 0 Months, 3 Days",DERIVED,1.65,52,"Boston, Massachusetts",CONFIRMED,Face,PROBABLE,,,,,N/A,N/A,N/A,N/A,N/A,N/A,N/A,N/A,3,CONFIRMED,zelina-vega,,,09:44,584,CONFIRMED,,2,melina;kelly-kelly,2,0,FALSE,FALSE,FALSE,FALSE,FALSE,FALSE,FALSE,FALSE,FALSE,,,,SmackDown,PROBABLE,FALSE,CONFIRMED,S243;S244;S903;S990;S1597;S1700;S1809,,
RR2022W,melina,RR2022W,2,CONFIRMED,Melina,Melina,0,1,TRUE,N/A,N/A,N/A,TRUE,FALSE,N/A,TRUE,UNKNOWN,"42 Years, 10 Months, 20 Days",DERIVED,1.63,56,"Los Angeles, California",CONFIRMED,Face,PROBABLE,,,,,N/A,N/A,N/A,N/A,N/A,N/A,N/A,N/A,1,CONFIRMED,sasha-banks,,,00:53,53,CONFIRMED,,0,,0,0,FALSE,FALSE,FALSE,FALSE,FALSE,FALSE,TRUE,TRUE,FALSE,,,,Unaffiliated,PROBABLE,FALSE,CONFIRMED,S243;S244;S960;S1046;S1652;S1700;S1715;S1809,,
RR2022W,tamina,RR2022W,3,CONFIRMED,Tamina,Tamina,4,5,FALSE,2021,Eliminated (elim #23),23,FALSE,FALSE,N/A,FALSE,N/A,"44 Years, 0 Months, 19 Days",DERIVED,1.75,77,The Pacific Islands,CONFIRMED,Heel,PROBABLE,,,,,N/A,N/A,N/A,N/A,N/A,N/A,N/A,N/A,5,CONFIRMED,natalya,,,16:41,1001,CONFIRMED,,0,,0,0,FALSE,FALSE,FALSE,FALSE,FALSE,FALSE,FALSE,FALSE,FALSE,,,,Raw,PROBABLE,FALSE,CONFIRMED,S243;S244;S909;S996;S1603;S1700;S1809,,
RR2022W,kelly-kelly,RR2022W,4,CONFIRMED,Kelly Kelly,Kelly Kelly,2,3,FALSE,2020,Eliminated (elim #18),18,FALSE,FALSE,N/A,FALSE,N/A,"35 Years, 0 Months, 14 Days",DERIVED,1.65,49,"Jacksonville, Florida",CONFIRMED,Face,PROBABLE,,,,,N/A,N/A,N/A,N/A,N/A,N/A,N/A,N/A,2,CONFIRMED,sasha-banks,,,01:05,65,CONFIRMED,,0,,0,0,FALSE,FALSE,FALSE,FALSE,FALSE,FALSE,FALSE,FALSE,FALSE,,,,Unaffiliated,PROBABLE,FALSE,CONFIRMED,S243;S244;S921;S1008;S1679;S1700;S1809,,
RR2022W,aliyah,RR2022W,5,CONFIRMED,Aliyah,Aliyah,0,1,TRUE,N/A,N/A,N/A,TRUE,FALSE,N/A,FALSE,N/A,"27 Years, 2 Months, 6 Days",DERIVED,1.60,51,"Toronto, Ontario, Canada",CONFIRMED,Face,PROBABLE,,,,,N/A,N/A,N/A,N/A,N/A,N/A,N/A,N/A,10,CONFIRMED,charlotte-flair,,,22:50,1370,CONFIRMED,,0,,0,0,FALSE,FALSE,FALSE,FALSE,FALSE,FALSE,FALSE,FALSE,FALSE,,,,SmackDown,PROBABLE,FALSE,CONFIRMED,S243;S244;S961;S1047;S1679;S1700;S1809,,
RR2022W,liv-morgan,RR2022W,6,CONFIRMED,Liv Morgan,Liv Morgan,4,5,FALSE,2021,Eliminated (elim #8),8,FALSE,FALSE,N/A,FALSE,N/A,"27 Years, 7 Months, 21 Days",DERIVED,1.60,57,"Elmwood Park, New Jersey",CONFLICTING,Face,PROBABLE,,,,,N/A,N/A,N/A,N/A,N/A,N/A,N/A,N/A,17,CONFIRMED,brie-bella,,,37:20,2240,CONFIRMED,,0,,0,0,FALSE,FALSE,FALSE,FALSE,FALSE,FALSE,FALSE,FALSE,FALSE,,,,Raw,PROBABLE,FALSE,CONFIRMED,S243;S244;S913;S1000;S1607;S1700;S1809,,
RR2022W,zelina-vega,RR2022W,7,CONFIRMED,Queen Zelina,Queen Zelina,2,3,FALSE,2020,Eliminated (elim #22),22,FALSE,FALSE,N/A,FALSE,N/A,"31 Years, 1 Months, 2 Days",DERIVED,1.55,48,"Queens, New York",PROBABLE,Heel,PROBABLE,Queen Zelina,,Carmella & Queen Zelina,,WWE Women's Tag Team Championship,Tag Team,Carmella,1,2021-11-22,68,FALSE,FALSE,9,CONFIRMED,rhea-ripley,,,17:25,1045,CONFIRMED,,1,sasha-banks,1,0,FALSE,FALSE,FALSE,FALSE,FALSE,FALSE,FALSE,FALSE,FALSE,,,,Raw,PROBABLE,FALSE,CONFIRMED,S243;S244;S526;S521;S943;S1075;S1679;S1700;S1809;S1829;S1830;S1831,,
RR2022W,bianca-belair,RR2022W,8,CONFIRMED,Bianca Belair,Bianca Belair,2,3,FALSE,2021,Won,N/A,FALSE,FALSE,N/A,FALSE,N/A,"32 Years, 9 Months, 20 Days",DERIVED,1.70,70,"Knoxville, Tennessee",CONFIRMED,Face,PROBABLE,,,,,N/A,N/A,N/A,N/A,N/A,N/A,N/A,N/A,28,CONFIRMED,charlotte-flair,,,47:30,2850,CONFIRMED,,1,natalya,1,0,FALSE,FALSE,FALSE,FALSE,TRUE,TRUE,FALSE,FALSE,FALSE,,,,Raw,PROBABLE,FALSE,CONFIRMED,S243;S244;S947;S1033;S1679;S1700;S1809,,
RR2022W,dana-brooke,RR2022W,9,CONFIRMED,Dana Brooke,Dana Brooke,4,5,FALSE,2021,Eliminated (elim #9),9,FALSE,FALSE,N/A,FALSE,N/A,"33 Years, 2 Months, 0 Days",DERIVED,1.60,57,"Cleveland, Ohio",CONFIRMED,Face,PROBABLE,,,,,N/A,N/A,N/A,N/A,N/A,N/A,N/A,N/A,4,CONFIRMED,michelle-mccool,,,02:12,132,CONFIRMED,,0,,0,0,FALSE,FALSE,FALSE,FALSE,FALSE,FALSE,FALSE,FALSE,FALSE,,,,Raw,PROBABLE,FALSE,CONFIRMED,S243;S244;S910;S997;S1604;S1700;S1809,,
RR2022W,michelle-mccool,RR2022W,10,CONFIRMED,Michelle McCool,Michelle McCool,1,2,FALSE,2018,Eliminated (elim #13),13,FALSE,FALSE,N/A,FALSE,N/A,"42 Years, 0 Months, 4 Days",DERIVED,1.78,58,"Palatka, Florida",CONFIRMED,Face,PROBABLE,,,,,N/A,N/A,N/A,N/A,N/A,N/A,N/A,N/A,13,CONFIRMED,mickie-james,,,20:50,1250,CONFIRMED,,1,dana-brooke,1,0,FALSE,FALSE,FALSE,FALSE,FALSE,FALSE,FALSE,FALSE,FALSE,,,,Unaffiliated,PROBABLE,FALSE,CONFIRMED,S243;S244;S916;S1003;S1679;S1700;S1809,,
RR2022W,sonya-deville,RR2022W,11,CONFIRMED,Sonya Deville,Sonya Deville,3,4,FALSE,2020,Eliminated (elim #7),7,FALSE,FALSE,N/A,FALSE,N/A,"28 Years, 4 Months, 5 Days",DERIVED,1.70,59,"Los Angeles, California",CONFLICTING,Heel,PROBABLE,,,,,N/A,N/A,N/A,N/A,N/A,N/A,N/A,N/A,7,CONFIRMED,naomi,,,02:00,120,CONFIRMED,,2,cameron;naomi,2,0,FALSE,FALSE,FALSE,FALSE,FALSE,FALSE,FALSE,FALSE,FALSE,,,,Unaffiliated,PROBABLE,FALSE,CONFIRMED,S243;S244;S912;S999;S1606;S1700;S1809,,
RR2022W,natalya,RR2022W,12,CONFIRMED,Natalya,Natalya,4,5,FALSE,2021,Eliminated (elim #27),27,FALSE,FALSE,N/A,FALSE,N/A,"39 Years, 8 Months, 2 Days",DERIVED,1.65,61,"Calgary, Alberta, Canada",CONFIRMED,Heel,PROBABLE,,,,,N/A,N/A,N/A,N/A,N/A,N/A,N/A,N/A,24,CONFIRMED,bianca-belair,,,36:17,2177,CONFIRMED,,2,tamina;summer-rae,2,0,FALSE,FALSE,FALSE,FALSE,FALSE,FALSE,FALSE,FALSE,FALSE,,,,SmackDown,PROBABLE,FALSE,CONFIRMED,S243;S244;S920;S1007;S1613;S1700;S1809,,
RR2022W,cameron,RR2022W,13,CONFIRMED,Cameron,Cameron,0,1,TRUE,N/A,N/A,N/A,TRUE,FALSE,N/A,TRUE,UNKNOWN,"34 Years, 2 Months, 26 Days",DERIVED,1.68,54,"Northridge, California",CONFIRMED,Face,PROBABLE,,,,,N/A,N/A,N/A,N/A,N/A,N/A,N/A,N/A,6,CONFIRMED,sonya-deville,,,00:51,51,CONFIRMED,,0,,0,0,FALSE,FALSE,FALSE,FALSE,FALSE,FALSE,TRUE,FALSE,FALSE,,,,Unaffiliated,PROBABLE,FALSE,CONFIRMED,S243;S244;S962;S1048;S1679;S1700;S1715;S1809,,
RR2022W,naomi,RR2022W,14,CONFIRMED,Naomi,Naomi,4,5,FALSE,2021,Eliminated (elim #22),22,FALSE,FALSE,N/A,FALSE,N/A,"34 Years, 1 Months, 30 Days",DERIVED,1.65,57,"Orlando, Florida",CONFIRMED,Face,PROBABLE,,,,,N/A,N/A,N/A,N/A,N/A,N/A,N/A,N/A,11,CONFIRMED,sonya-deville,,,07:18,438,CONFIRMED,,1,sonya-deville,1,0,FALSE,FALSE,FALSE,FALSE,FALSE,FALSE,FALSE,FALSE,FALSE,,,,SmackDown,PROBABLE,FALSE,CONFIRMED,S243;S244;S922;S1009;S1615;S1700;S1809,,
RR2022W,carmella,RR2022W,15,CONFIRMED,Carmella,Carmella,4,5,FALSE,2021,Eliminated (elim #18),18,FALSE,FALSE,N/A,FALSE,N/A,"34 Years, 3 Months, 6 Days",DERIVED,1.65,50,Staten Island,CONFIRMED,Heel,PROBABLE,,,Carmella & Queen Zelina,,WWE Women's Tag Team Championship,Tag Team,Queen Zelina,1,2021-11-22,68,FALSE,FALSE,8,CONFIRMED,rhea-ripley,,,00:50,50,CONFIRMED,,0,,0,0,FALSE,FALSE,FALSE,FALSE,FALSE,FALSE,FALSE,FALSE,FALSE,,,,Raw,PROBABLE,FALSE,CONFIRMED,S243;S244;S526;S521;S919;S1006;S1612;S1700;S1809,,
RR2022W,rhea-ripley,RR2022W,16,CONFIRMED,Rhea Ripley,Rhea Ripley,2,3,FALSE,2021,Runner-up (elim #29),29,FALSE,FALSE,N/A,FALSE,N/A,"25 Years, 3 Months, 18 Days",DERIVED,1.75,77,"Adelaide, South Australia",CONFIRMED,Face,PROBABLE,,,,,N/A,N/A,N/A,N/A,N/A,N/A,N/A,N/A,26,CONFIRMED,charlotte-flair,,,30:59,1859,CONFIRMED,,3,zelina-vega;carmella;ivory,3,0,FALSE,FALSE,FALSE,FALSE,FALSE,FALSE,FALSE,FALSE,FALSE,,,,Raw,PROBABLE,FALSE,CONFIRMED,S243;S244;S945;S1031;S1637;S1700;S1809,,
RR2022W,charlotte-flair,RR2022W,17,CONFIRMED,Charlotte Flair,Charlotte Flair,3,4,FALSE,2021,Eliminated (elim #28),28,FALSE,FALSE,N/A,FALSE,N/A,"35 Years, 9 Months, 24 Days",DERIVED,1.78,65,"""The Queen City""",CONFLICTING,Heel,PROBABLE,,,,,SmackDown Women's Championship,World,N/A,6,2021-10-22,99,FALSE,FALSE,29,CONFIRMED,ronda-rousey,,,31:23,1883,CONFIRMED,,5,aliyah;bianca-belair;rhea-ripley;lita;shayna-baszler,5,0,FALSE,FALSE,TRUE,TRUE,TRUE,TRUE,FALSE,FALSE,FALSE,,,,SmackDown,PROBABLE,FALSE,CONFIRMED,S243;S244;S521;S526;S938;S1025;S1631;S1700;S1809,,
RR2022W,ivory,RR2022W,18,CONFIRMED,Ivory,Ivory,0,1,TRUE,N/A,N/A,N/A,TRUE,FALSE,N/A,TRUE,UNKNOWN,"60 Years, 2 Months, 3 Days",DERIVED,1.65,61,"Seattle, Washington",CONFIRMED,Face,PROBABLE,Right to Censor Ivory,,,,N/A,N/A,N/A,N/A,N/A,N/A,N/A,N/A,12,CONFIRMED,rhea-ripley,,,00:25,25,CONFIRMED,,0,,0,0,FALSE,FALSE,FALSE,FALSE,FALSE,FALSE,TRUE,TRUE,FALSE,,,,Unaffiliated,PROBABLE,FALSE,CONFIRMED,S243;S244;S526;S963;S1049;S1679;S1700;S1715;S1809,,
RR2022W,brie-bella,RR2022W,19,CONFIRMED,Brie Bella,Brie Bella,1,2,FALSE,2018,Eliminated (elim #28),28,FALSE,FALSE,N/A,FALSE,N/A,"38 Years, 2 Months, 8 Days",DERIVED,1.68,54,"Scottsdale, Arizona",CONFLICTING,Face,PROBABLE,,,The Bella Twins,,N/A,N/A,N/A,N/A,N/A,N/A,N/A,N/A,22,CONFIRMED,ronda-rousey,,,19:21,1161,CONFIRMED,,3,liv-morgan;nikki-bella;sarah-logan,2,1,FALSE,FALSE,FALSE,FALSE,FALSE,FALSE,FALSE,FALSE,FALSE,,,,Unaffiliated,PROBABLE,FALSE,CONFIRMED,S243;S244;S526;S930;S1017;S1679;S1700;S1809,,
RR2022W,mickie-james,RR2022W,20,CONFIRMED,Mickie James,Mickie James,3,4,FALSE,2021,Eliminated (elim #14),14,FALSE,FALSE,N/A,FALSE,N/A,"42 Years, 4 Months, 29 Days",DERIVED,1.63,56,"Richmond, Virginia",CONFIRMED,Face,PROBABLE,,,,,Impact Knockouts World Championship,Other promotion world,N/A,4,2022-01-08,21,FALSE,FALSE,18,CONFIRMED,lita,,,11:40,700,CONFIRMED,,1,michelle-mccool,1,0,FALSE,FALSE,FALSE,FALSE,FALSE,FALSE,FALSE,FALSE,FALSE,,,,TNA,PROBABLE,FALSE,CONFIRMED,S243;S244;S521;S526;S928;S1015;S1621;S1700;S1809,,
RR2022W,alicia-fox,RR2022W,21,CONFIRMED,Alicia Fox,Alicia Fox,2,3,FALSE,2021,Eliminated (elim #13),13,FALSE,FALSE,N/A,FALSE,N/A,"35 Years, 6 Months, 30 Days",DERIVED,1.75,54,"Ponte Vedra Beach, Florida",CONFIRMED,Face,PROBABLE,,,,,N/A,N/A,N/A,N/A,N/A,N/A,N/A,N/A,15,CONFIRMED,nikki-bella,,,06:30,390,CONFIRMED,,0,,0,0,FALSE,FALSE,FALSE,FALSE,FALSE,FALSE,FALSE,FALSE,FALSE,,,,Unaffiliated,PROBABLE,FALSE,CONFIRMED,S243;S244;S941;S1028;S1679;S1700;S1809,,
RR2022W,nikki-cross,RR2022W,22,CONFIRMED,Nikki A.S.H.,Nikki A.S.H.,3,4,FALSE,2021,Eliminated (elim #17),17,FALSE,FALSE,N/A,FALSE,N/A,"32 Years, 9 Months, 8 Days",DERIVED,1.53,53,"Glasgow, Scotland",CONFLICTING,Heel,PROBABLE,Nikki A.S.H.,,,,N/A,N/A,N/A,N/A,N/A,N/A,N/A,N/A,20,CONFIRMED,ronda-rousey,,,12:13,733,CONFIRMED,,1,molly-holly,1,0,FALSE,FALSE,FALSE,FALSE,FALSE,FALSE,FALSE,FALSE,FALSE,,,,Raw,PROBABLE,FALSE,CONFIRMED,S243;S244;S526;S935;S1022;S1628;S1700;S1809,,
RR2022W,summer-rae,RR2022W,23,CONFIRMED,Summer Rae,Summer Rae,0,1,TRUE,N/A,N/A,N/A,TRUE,FALSE,N/A,TRUE,UNKNOWN,"38 Years, 2 Months, 1 Days",DERIVED,1.78,57,"Raleigh, North Carolina",CONFIRMED,Face,PROBABLE,,,,,N/A,N/A,N/A,N/A,N/A,N/A,N/A,N/A,14,CONFIRMED,natalya,,,00:52,52,CONFIRMED,,0,,0,0,FALSE,FALSE,FALSE,FALSE,FALSE,FALSE,TRUE,FALSE,FALSE,,,,Unaffiliated,PROBABLE,FALSE,CONFIRMED,S243;S244;S964;S1050;S1679;S1700;S1715;S1809,,
RR2022W,nikki-bella,RR2022W,24,CONFIRMED,Nikki Bella,Nikki Bella,1,2,FALSE,2018,Runner-up (elim #29),29,FALSE,FALSE,N/A,FALSE,N/A,"38 Years, 2 Months, 8 Days",DERIVED,1.68,59,"San Diego, California",CONFLICTING,Face,PROBABLE,,,The Bella Twins,,N/A,N/A,N/A,N/A,N/A,N/A,N/A,N/A,21,CONFIRMED,brie-bella,,,08:40,520,CONFIRMED,,2,alicia-fox;sarah-logan,1,1,FALSE,FALSE,FALSE,FALSE,FALSE,FALSE,FALSE,FALSE,FALSE,,,,Unaffiliated,PROBABLE,FALSE,CONFIRMED,S243;S244;S526;S929;S1016;S1679;S1700;S1809,,
RR2022W,sarah-logan,RR2022W,25,CONFIRMED,Sarah Logan,Sarah Logan,3,4,FALSE,2020,Eliminated (elim #17),17,FALSE,FALSE,N/A,TRUE,UNKNOWN,"28 Years, 4 Months, 19 Days",DERIVED,1.68,63,"Louisville, Kentucky",CONFIRMED,Heel,PROBABLE,,,,,N/A,N/A,N/A,N/A,N/A,N/A,N/A,N/A,16,CONFIRMED,brie-bella;nikki-bella,,,00:43,43,CONFIRMED,,0,,0,0,FALSE,FALSE,FALSE,FALSE,FALSE,FALSE,TRUE,FALSE,FALSE,,,,Unaffiliated,PROBABLE,FALSE,CONFIRMED,S243;S244;S905;S992;S1599;S1700;S1715;S1809,,
RR2022W,lita,RR2022W,26,CONFIRMED,Lita,Lita,1,2,FALSE,2018,Eliminated (elim #3),3,FALSE,FALSE,N/A,FALSE,N/A,"46 Years, 9 Months, 15 Days",DERIVED,1.68,61,"Sanford, North Carolina",CONFIRMED,Face,PROBABLE,,,,,N/A,N/A,N/A,N/A,N/A,N/A,N/A,N/A,25,CONFIRMED,charlotte-flair,,,10:21,621,CONFIRMED,,1,mickie-james,1,0,FALSE,FALSE,FALSE,FALSE,FALSE,FALSE,FALSE,FALSE,FALSE,,,,Unaffiliated,PROBABLE,FALSE,CONFIRMED,S243;S244;S907;S994;S1601;S1700;S1809,,
RR2022W,molly-holly,RR2022W,27,CONFIRMED,Mighty Molly,Mighty Molly,2,3,FALSE,2020,Eliminated (elim #3),3,FALSE,FALSE,N/A,TRUE,UNKNOWN,"44 Years, 4 Months, 22 Days",DERIVED,1.63,64,"Forest Lake, Minnesota",CONFIRMED,Face,PROBABLE,Mighty Molly,,,,N/A,N/A,N/A,N/A,N/A,N/A,N/A,N/A,19,CONFIRMED,nikki-cross,,,00:20,20,CONFIRMED,,0,,0,0,FALSE,FALSE,FALSE,FALSE,FALSE,FALSE,TRUE,TRUE,FALSE,,,,Unaffiliated,PROBABLE,TRUE,CONFIRMED,S243;S244;S526;S914;S1001;S1679;S1700;S1715;S1809,,
RR2022W,ronda-rousey,RR2022W,28,CONFIRMED,Ronda Rousey,Ronda Rousey,0,1,TRUE,N/A,N/A,N/A,TRUE,FALSE,N/A,TRUE,nearly 3 years away from WWE competition,"34 Years, 11 Months, 28 Days",DERIVED,1.68,64,"Venice, California, U.S.",CONFLICTING,Face,PROBABLE,,,,,N/A,N/A,N/A,N/A,N/A,N/A,N/A,N/A,,,,,,10:16,616,CONFIRMED,,4,charlotte-flair;brie-bella;nikki-cross;shotzi-blackheart,4,0,FALSE,TRUE,FALSE,TRUE,TRUE,TRUE,TRUE,FALSE,FALSE,,,,Unaffiliated,PROBABLE,FALSE,CONFIRMED,S243;S244;S965;S1051;S1657;S1700;S1715;S1809,,
RR2022W,shotzi-blackheart,RR2022W,29,CONFIRMED,Shotzi,Shotzi,2,3,FALSE,2021,Eliminated (elim #1),1,FALSE,FALSE,N/A,FALSE,N/A,"29 Years, 10 Months, 15 Days",DERIVED,1.68,57,"Oakland, California",CONFIRMED,Heel,PROBABLE,,,,,N/A,N/A,N/A,N/A,N/A,N/A,N/A,N/A,23,CONFIRMED,ronda-rousey,,,02:56,176,CONFIRMED,,0,,0,0,FALSE,FALSE,FALSE,FALSE,FALSE,FALSE,FALSE,FALSE,FALSE,,,,SmackDown,PROBABLE,FALSE,CONFIRMED,S243;S244;S953;S1039;S1645;S1700;S1809,,
RR2022W,shayna-baszler,RR2022W,30,CONFIRMED,Shayna Baszler,Shayna Baszler,2,3,FALSE,2021,Eliminated (elim #24),24,FALSE,FALSE,N/A,FALSE,N/A,"41 Years, 5 Months, 21 Days",DERIVED,1.70,62,"Sioux Falls, South Dakota",CONFIRMED,Heel,PROBABLE,,,,,N/A,N/A,N/A,N/A,N/A,N/A,N/A,N/A,27,CONFIRMED,charlotte-flair,,,05:31,331,CONFIRMED,,0,,0,0,FALSE,FALSE,FALSE,FALSE,FALSE,TRUE,FALSE,FALSE,FALSE,,,,SmackDown,PROBABLE,FALSE,CONFIRMED,S243;S244;S956;S1042;S1648;S1700;S1809,,
RR2023M,gunther,RR2023M,1,CONFIRMED,Gunther,Gunther,0,1,TRUE,N/A,N/A,N/A,TRUE,FALSE,N/A,FALSE,N/A,"35 Years, 5 Months, 8 Days",DERIVED,1.93,113,"Vienna, Austria",PROBABLE,Heel,PROBABLE,,,,,Intercontinental Championship,Intercontinental/United States,N/A,1,2022-06-10,232,FALSE,FALSE,28,CONFIRMED,cody-rhodes,,,1:11:40,4300,CONFIRMED,,5,sheamus;kofi-kingston;xavier-woods;drew-mcintyre;booker-t,5,0,FALSE,FALSE,TRUE,TRUE,TRUE,TRUE,FALSE,FALSE,FALSE,,,,SmackDown,PROBABLE,FALSE,CONFIRMED,S251;S252;S527;S522;S867;S1593;S1700;S1810,,
RR2023M,sheamus,RR2023M,2,CONFIRMED,Sheamus,Sheamus,9,10,FALSE,2022,Eliminated (elim #19),19,FALSE,FALSE,N/A,FALSE,N/A,"45 Years, 0 Months, 0 Days",DERIVED,1.91,121,"Dublin, Ireland",PROBABLE,Face,PROBABLE,,,,,N/A,N/A,N/A,N/A,N/A,N/A,N/A,N/A,20,CONFIRMED,gunther,,,52:33,3153,CONFIRMED,,3,the-miz;otis;elias,1,2,FALSE,FALSE,FALSE,FALSE,FALSE,FALSE,FALSE,FALSE,FALSE,,,,SmackDown,PROBABLE,FALSE,CONFIRMED,S251;S252;S776;S1593;S1700;S1810,,
RR2023M,the-miz,RR2023M,3,CONFIRMED,The Miz,The Miz,13,14,FALSE,2021,Eliminated (elim #7),7,FALSE,FALSE,N/A,FALSE,N/A,"42 Years, 3 Months, 20 Days",DERIVED,1.88,100,"Cleveland, Ohio",PROBABLE,Heel,PROBABLE,,,,,N/A,N/A,N/A,N/A,N/A,N/A,N/A,N/A,1,CONFIRMED,sheamus,,,04:23,263,CONFIRMED,,0,,0,0,FALSE,FALSE,FALSE,FALSE,FALSE,FALSE,FALSE,FALSE,FALSE,,,,Raw,PROBABLE,FALSE,CONFIRMED,S251;S252;S749;S1535;S1700;S1810,,
RR2023M,kofi-kingston,RR2023M,4,CONFIRMED,Kofi Kingston,Kofi Kingston,13,14,FALSE,2022,Eliminated (elim #18),18,FALSE,FALSE,N/A,FALSE,N/A,"41 Years, 5 Months, 14 Days",DERIVED,1.83,96,"Ghana, West Africa",PROBABLE,Face,PROBABLE,,,The New Day,The New Day,N/A,N/A,N/A,N/A,N/A,N/A,N/A,N/A,4,CONFIRMED,gunther,,,14:51,891,CONFIRMED,,0,,0,0,FALSE,FALSE,FALSE,FALSE,FALSE,FALSE,FALSE,FALSE,FALSE,,,,SmackDown,PROBABLE,FALSE,CONFIRMED,S251;S252;S527;S760;S1536;S1700;S1810,,
RR2023M,johnny-gargano,RR2023M,5,CONFIRMED,Johnny Gargano,Johnny Gargano,1,2,FALSE,2019,Eliminated (elim #9),9,FALSE,FALSE,N/A,FALSE,N/A,"35 Years, 5 Months, 14 Days",DERIVED,1.78,90,"Cleveland, Ohio",PROBABLE,Face,PROBABLE,,,,,N/A,N/A,N/A,N/A,N/A,N/A,N/A,N/A,13,CONFIRMED,dominik-mysterio;finn-balor,,,29:57,1797,CONFIRMED,,0,,0,0,FALSE,FALSE,FALSE,FALSE,FALSE,FALSE,FALSE,FALSE,FALSE,,,,Raw,PROBABLE,FALSE,CONFIRMED,S251;S252;S838;S1537;S1700;S1810,,
RR2023M,xavier-woods,RR2023M,6,CONFIRMED,Xavier Woods,Xavier Woods,4,5,FALSE,2021,Eliminated (elim #3),3,FALSE,FALSE,N/A,FALSE,N/A,"36 Years, 4 Months, 24 Days",DERIVED,1.80,93,"Atlanta, Georgia",PROBABLE,Face,PROBABLE,,,The New Day,The New Day,N/A,N/A,N/A,N/A,N/A,N/A,N/A,N/A,3,CONFIRMED,gunther,,,10:29,629,CONFIRMED,,0,,0,0,FALSE,FALSE,FALSE,FALSE,FALSE,FALSE,FALSE,FALSE,FALSE,,,,SmackDown,PROBABLE,FALSE,CONFIRMED,S251;S252;S527;S828;S1538;S1700;S1810,,
RR2023M,karrion-kross,RR2023M,7,CONFIRMED,Karrion Kross,Karrion Kross,0,1,TRUE,N/A,N/A,N/A,TRUE,FALSE,N/A,FALSE,N/A,"37 Years, 6 Months, 9 Days",DERIVED,1.93,120,"Las Vegas, Nevada",PROBABLE,Heel,PROBABLE,,Scarlett,,,N/A,N/A,N/A,N/A,N/A,N/A,N/A,N/A,2,CONFIRMED,drew-mcintyre,,,04:11,251,CONFIRMED,,0,,0,0,FALSE,FALSE,FALSE,FALSE,FALSE,FALSE,FALSE,FALSE,FALSE,,,,SmackDown,PROBABLE,FALSE,CONFIRMED,S251;S252;S522;S527;S868;S1593;S1700;S1810,,
RR2023M,chad-gable,RR2023M,8,CONFIRMED,Chad Gable,Chad Gable,1,2,FALSE,2022,Eliminated (elim #13),13,FALSE,FALSE,N/A,FALSE,N/A,"36 Years, 10 Months, 20 Days",DERIVED,1.73,92,"Minneapolis, Minnesota",PROBABLE,Heel,PROBABLE,,,Alpha Academy,Alpha Academy,N/A,N/A,N/A,N/A,N/A,N/A,N/A,N/A,7,CONFIRMED,brock-lesnar,,,08:42,522,CONFIRMED,,0,,0,0,FALSE,FALSE,FALSE,FALSE,FALSE,FALSE,FALSE,FALSE,FALSE,,,,Raw,PROBABLE,FALSE,CONFIRMED,S251;S252;S527;S862;S1539;S1700;S1810,,
RR2023M,drew-mcintyre,RR2023M,9,CONFIRMED,Drew McIntyre,Drew McIntyre,6,7,FALSE,2022,Runner-up (elim #29),29,FALSE,FALSE,N/A,FALSE,N/A,"37 Years, 7 Months, 22 Days",DERIVED,1.96,125,"Ayr, Scotland",PROBABLE,Face,PROBABLE,,,,,N/A,N/A,N/A,N/A,N/A,N/A,N/A,N/A,21,CONFIRMED,gunther,,,39:10,2350,CONFIRMED,,3,karrion-kross;otis;elias,1,2,FALSE,FALSE,FALSE,FALSE,FALSE,FALSE,FALSE,FALSE,FALSE,,,,SmackDown,PROBABLE,FALSE,CONFIRMED,S251;S252;S778;S1540;S1700;S1810,,
RR2023M,santos-escobar,RR2023M,10,CONFIRMED,Santos Escobar,Santos Escobar,0,1,TRUE,N/A,N/A,N/A,TRUE,FALSE,N/A,FALSE,N/A,"38 Years, 8 Months, 29 Days",DERIVED,1.85,93,"""The Highlands of Guerrero"", Mexico",PROBABLE,Heel,PROBABLE,,,,Legado del Fantasma,N/A,N/A,N/A,N/A,N/A,N/A,N/A,N/A,5,CONFIRMED,brock-lesnar,,,04:56,296,CONFIRMED,,0,,0,0,FALSE,FALSE,FALSE,FALSE,FALSE,FALSE,FALSE,FALSE,FALSE,,,,SmackDown,PROBABLE,FALSE,CONFIRMED,S251;S252;S527;S869;S1541;S1700;S1810,,
RR2023M,angelo-dawkins,RR2023M,11,CONFIRMED,Angelo Dawkins,Angelo Dawkins,1,2,FALSE,2022,Eliminated (elim #5),5,FALSE,FALSE,N/A,FALSE,N/A,"32 Years, 6 Months, 4 Days",DERIVED,1.96,118,"Cincinnati, Ohio",PROBABLE,Face,PROBABLE,,,The Street Profits,,N/A,N/A,N/A,N/A,N/A,N/A,N/A,N/A,6,CONFIRMED,brock-lesnar,,,02:28,148,CONFIRMED,,0,,0,0,FALSE,FALSE,FALSE,FALSE,FALSE,FALSE,FALSE,FALSE,FALSE,,,,Raw,PROBABLE,FALSE,CONFIRMED,S251;S252;S527;S860;S1542;S1700;S1810,,
RR2023M,brock-lesnar,RR2023M,12,CONFIRMED,Brock Lesnar,Brock Lesnar,5,6,FALSE,2022,Won,N/A,FALSE,FALSE,N/A,FALSE,N/A,"45 Years, 6 Months, 16 Days",DERIVED,1.91,130,"Minneapolis, Minnesota",PROBABLE,Heel,PROBABLE,,,,,N/A,N/A,N/A,N/A,N/A,N/A,N/A,N/A,8,CONFIRMED,bobby-lashley,,,02:28,148,CONFIRMED,,3,chad-gable;santos-escobar;angelo-dawkins,3,0,FALSE,FALSE,FALSE,FALSE,FALSE,FALSE,FALSE,FALSE,FALSE,,,,Unaffiliated,PROBABLE,FALSE,CONFIRMED,S251;S252;S065;S066;S707;S1543;S1700;S1810,,
RR2023M,bobby-lashley,RR2023M,13,CONFIRMED,Bobby Lashley,Bobby Lashley,3,4,FALSE,2021,Eliminated (elim #18),18,FALSE,FALSE,N/A,FALSE,N/A,"46 Years, 6 Months, 12 Days",DERIVED,1.91,124,"Colorado Springs, Colorado",PROBABLE,Face,PROBABLE,,,,,N/A,N/A,N/A,N/A,N/A,N/A,N/A,N/A,10,CONFIRMED,seth-rollins,,,07:14,434,CONFIRMED,,1,brock-lesnar,1,0,FALSE,FALSE,FALSE,FALSE,FALSE,FALSE,FALSE,FALSE,FALSE,,,,Raw,PROBABLE,FALSE,CONFIRMED,S251;S252;S732;S1544;S1700;S1810,,
RR2023M,baron-corbin,RR2023M,14,CONFIRMED,Baron Corbin,Baron Corbin,6,7,FALSE,2022,Eliminated (elim #17),17,FALSE,FALSE,N/A,FALSE,N/A,"38 Years, 4 Months, 15 Days",DERIVED,2.03,129,Kansas City,PROBABLE,Heel,PROBABLE,,,,,N/A,N/A,N/A,N/A,N/A,N/A,N/A,N/A,9,CONFIRMED,seth-rollins,,,00:07,7,CONFIRMED,,0,,0,0,FALSE,FALSE,FALSE,FALSE,FALSE,FALSE,FALSE,FALSE,FALSE,,,,Raw,PROBABLE,FALSE,CONFIRMED,S251;S252;S827;S1545;S1700;S1810,,
RR2023M,seth-rollins,RR2023M,15,CONFIRMED,Seth Rollins,Seth Rollins,5,6,FALSE,2021,Eliminated (elim #28),28,FALSE,FALSE,N/A,FALSE,N/A,"36 Years, 8 Months, 0 Days",DERIVED,1.85,102,"Davenport, Iowa",PROBABLE,Face,PROBABLE,,,,,N/A,N/A,N/A,N/A,N/A,N/A,N/A,N/A,26,CONFIRMED,logan-paul,,,37:18,2238,CONFIRMED,,2,bobby-lashley;baron-corbin,2,0,FALSE,FALSE,FALSE,FALSE,FALSE,TRUE,FALSE,FALSE,FALSE,,,,Raw,PROBABLE,FALSE,CONFIRMED,S251;S252;S800;S1546;S1700;S1810,,
RR2023M,otis,RR2023M,16,CONFIRMED,Otis,Otis,2,3,FALSE,2022,Eliminated (elim #24),24,FALSE,FALSE,N/A,FALSE,N/A,"31 Years, 1 Months, 7 Days",DERIVED,1.78,143,"Superior, Wisconsin",PROBABLE,Heel,PROBABLE,,,Alpha Academy,Alpha Academy,N/A,N/A,N/A,N/A,N/A,N/A,N/A,N/A,11,CONFIRMED,drew-mcintyre;sheamus,,,03:08,188,CONFIRMED,,0,,0,0,FALSE,FALSE,FALSE,FALSE,FALSE,FALSE,FALSE,FALSE,FALSE,,,,Raw,PROBABLE,FALSE,CONFIRMED,S251;S252;S527;S854;S1547;S1700;S1810,,
RR2023M,rey-mysterio,RR2023M,17,CONFIRMED,Rey Mysterio,Rey Mysterio,12,13,FALSE,2022,Eliminated (elim #21),21,FALSE,FALSE,N/A,FALSE,N/A,"48 Years, 1 Months, 17 Days",DERIVED,1.68,79,"San Diego, California",PROBABLE,Face,PROBABLE,,,,,N/A,N/A,N/A,N/A,N/A,N/A,N/A,N/A,,N/A,,,,,,,,0,,0,0,FALSE,FALSE,FALSE,FALSE,FALSE,FALSE,FALSE,FALSE,FALSE,,,,SmackDown,PROBABLE,TRUE,CONFIRMED,S251;S252;S068;S069;S436;S695;S1593;S1700;S1810,Assigned entry #17 but did not appear or enter the ring; actual ring-time/elimination fields intentionally blank.,
RR2023M,dominik-mysterio,RR2023M,18,CONFIRMED,Dominik Mysterio,Dominik Mysterio,2,3,FALSE,2022,Eliminated (elim #10),10,FALSE,FALSE,N/A,FALSE,N/A,"25 Years, 9 Months, 23 Days",DERIVED,1.85,91,"San Diego, California, U.S.",PROBABLE,Heel,PROBABLE,,,The Judgment Day,The Judgment Day,N/A,N/A,N/A,N/A,N/A,N/A,N/A,N/A,22,CONFIRMED,cody-rhodes,,,25:44,1544,CONFIRMED,,1,johnny-gargano,0,1,FALSE,FALSE,FALSE,FALSE,FALSE,FALSE,FALSE,FALSE,FALSE,,,,Raw,PROBABLE,FALSE,CONFIRMED,S251;S252;S527;S855;S1549;S1700;S1810,,
RR2023M,elias,RR2023M,19,CONFIRMED,Elias,Elias,4,5,FALSE,2021,Eliminated (elim #6),6,FALSE,FALSE,N/A,FALSE,N/A,"35 Years, 2 Months, 6 Days",DERIVED,1.83,98,"Pittsburgh, Pennsylvania",PROBABLE,Face,PROBABLE,,,,,N/A,N/A,N/A,N/A,N/A,N/A,N/A,N/A,12,CONFIRMED,drew-mcintyre;sheamus,,,00:39,39,CONFIRMED,,0,,0,0,FALSE,FALSE,FALSE,FALSE,FALSE,FALSE,FALSE,FALSE,FALSE,,,,Raw,PROBABLE,FALSE,CONFIRMED,S251;S252;S833;S898;S1550;S1700;S1810,,
RR2023M,finn-balor,RR2023M,20,CONFIRMED,Finn Balor,Finn Balor,1,2,FALSE,2018,Eliminated (elim #27),27,FALSE,FALSE,N/A,FALSE,N/A,"41 Years, 6 Months, 3 Days",DERIVED,1.80,86,"Bray, County Wicklow, Ireland",PROBABLE,Heel,PROBABLE,,,The Judgment Day,The Judgment Day,N/A,N/A,N/A,N/A,N/A,N/A,N/A,N/A,17,CONFIRMED,edge,,,07:45,465,CONFIRMED,,2,johnny-gargano;edge,1,1,FALSE,FALSE,FALSE,FALSE,FALSE,FALSE,FALSE,FALSE,FALSE,,,,Raw,PROBABLE,FALSE,CONFIRMED,S251;S252;S527;S832;S1551;S1700;S1810,,
RR2023M,booker-t,RR2023M,21,CONFIRMED,Booker T,Booker T,8,9,FALSE,2012,Eliminated (elim #14),14,FALSE,FALSE,N/A,TRUE,UNKNOWN,"57 Years, 10 Months, 27 Days",DERIVED,1.91,116,"Houston, Texas",PROBABLE,Face,PROBABLE,,,,,N/A,N/A,N/A,N/A,N/A,N/A,N/A,N/A,14,CONFIRMED,gunther,,,00:42,42,CONFIRMED,,0,,0,0,FALSE,FALSE,FALSE,FALSE,FALSE,FALSE,TRUE,TRUE,FALSE,,,,NXT,PROBABLE,FALSE,CONFIRMED,S251;S252;S068;S069;S686;S1593;S1700;S1731;S1810,,
RR2023M,damian-priest,RR2023M,22,CONFIRMED,Damian Priest,Damian Priest,2,3,FALSE,2022,Eliminated (elim #7),7,FALSE,FALSE,N/A,FALSE,N/A,"40 Years, 4 Months, 2 Days",DERIVED,1.96,113,New York City,PROBABLE,Heel,PROBABLE,,,The Judgment Day,The Judgment Day,N/A,N/A,N/A,N/A,N/A,N/A,N/A,N/A,15,CONFIRMED,edge,,,04:03,243,CONFIRMED,,1,montez-ford,1,0,FALSE,FALSE,FALSE,FALSE,FALSE,FALSE,FALSE,FALSE,FALSE,,,,Raw,PROBABLE,FALSE,CONFIRMED,S251;S252;S527;S853;S1553;S1700;S1810,,
RR2023M,montez-ford,RR2023M,23,CONFIRMED,Montez Ford,Montez Ford,1,2,FALSE,2022,Eliminated (elim #6),6,FALSE,FALSE,N/A,FALSE,N/A,"32 Years, 7 Months, 28 Days",DERIVED,1.85,105,"Chicago, Illinois",PROBABLE,Face,PROBABLE,,,The Street Profits,,N/A,N/A,N/A,N/A,N/A,N/A,N/A,N/A,16,CONFIRMED,damian-priest,,,00:44,44,CONFIRMED,,0,,0,0,FALSE,FALSE,FALSE,FALSE,FALSE,FALSE,FALSE,FALSE,FALSE,,,,Raw,PROBABLE,FALSE,CONFIRMED,S251;S252;S527;S858;S1593;S1700;S1810,,
RR2023M,edge,RR2023M,24,CONFIRMED,Edge,Edge,8,9,FALSE,2021,Won,N/A,FALSE,FALSE,N/A,FALSE,N/A,"49 Years, 2 Months, 29 Days",DERIVED,1.96,109,"Toronto, Ontario, Canada",PROBABLE,Face,PROBABLE,,,,,N/A,N/A,N/A,N/A,N/A,N/A,N/A,N/A,18,CONFIRMED,finn-balor,,,01:04,64,CONFIRMED,,2,finn-balor;damian-priest,2,0,FALSE,FALSE,FALSE,FALSE,FALSE,FALSE,TRUE,TRUE,FALSE,,,,Raw,PROBABLE,FALSE,CONFIRMED,S251;S252;S068;S069;S436;S044;S045;S479;S656;S1593;S1700;S1810,,
RR2023M,austin-theory,RR2023M,25,CONFIRMED,Austin Theory,Austin Theory,1,2,FALSE,2022,Eliminated (elim #11),11,FALSE,FALSE,N/A,FALSE,N/A,"25 Years, 5 Months, 26 Days",DERIVED,1.85,100,"Atlanta, Georgia",PROBABLE,Heel,PROBABLE,,,,,United States Championship,Intercontinental/United States,N/A,2,2022-11-26,63,FALSE,FALSE,24,CONFIRMED,cody-rhodes,,,15:39,939,CONFIRMED,,1,ricochet,1,0,FALSE,FALSE,FALSE,FALSE,FALSE,FALSE,FALSE,FALSE,FALSE,,,,Raw,PROBABLE,FALSE,CONFIRMED,S251;S252;S527;S522;S856;S901;S1593;S1700;S1810,,
RR2023M,omos,RR2023M,26,CONFIRMED,Omos,Omos,1,2,FALSE,2022,Eliminated (elim #8),8,FALSE,FALSE,N/A,FALSE,N/A,"30 Years, 8 Months, 12 Days",DERIVED,2.21,189,"Lagos, Nigeria",PROBABLE,Heel,PROBABLE,,MVP,,,N/A,N/A,N/A,N/A,N/A,N/A,N/A,N/A,19,CONFIRMED,braun-strowman,,,02:26,146,CONFIRMED,,0,,0,0,FALSE,FALSE,FALSE,FALSE,FALSE,FALSE,FALSE,FALSE,FALSE,,,,Raw,PROBABLE,FALSE,CONFIRMED,S251;S252;S522;S527;S861;S1593;S1700;S1810,,
RR2023M,braun-strowman,RR2023M,27,CONFIRMED,Braun Strowman,Braun Strowman,5,6,FALSE,2021,Eliminated (elim #26),26,FALSE,FALSE,N/A,FALSE,N/A,"39 Years, 4 Months, 22 Days",DERIVED,1.98,152,"Sherills Ford, North Carolina",PROBABLE,Face,PROBABLE,,,Braun Strowman & Ricochet,,N/A,N/A,N/A,N/A,N/A,N/A,N/A,N/A,23,CONFIRMED,cody-rhodes,,,11:12,672,CONFIRMED,,1,omos,1,0,FALSE,FALSE,FALSE,FALSE,FALSE,FALSE,FALSE,FALSE,FALSE,,,,SmackDown,PROBABLE,FALSE,CONFIRMED,S251;S252;S527;S818;S1557;S1700;S1810,,
RR2023M,ricochet,RR2023M,28,CONFIRMED,Ricochet,Ricochet,3,4,FALSE,2022,Eliminated (elim #9),9,FALSE,FALSE,N/A,FALSE,N/A,"34 Years, 3 Months, 17 Days",DERIVED,1.75,85,"Paducah, Kentucky",PROBABLE,Face,PROBABLE,,,Braun Strowman & Ricochet,,N/A,N/A,N/A,N/A,N/A,N/A,N/A,N/A,25,CONFIRMED,austin-theory,,,09:14,554,CONFIRMED,,0,,0,0,FALSE,FALSE,FALSE,FALSE,FALSE,FALSE,FALSE,FALSE,FALSE,,,,SmackDown,PROBABLE,FALSE,CONFIRMED,S251;S252;S527;S849;S899;S1558;S1700;S1810,,
RR2023M,logan-paul,RR2023M,29,CONFIRMED,Logan Paul,Logan Paul,0,1,TRUE,N/A,N/A,N/A,TRUE,FALSE,N/A,FALSE,N/A,"27 Years, 9 Months, 27 Days",DERIVED,1.88,100,"Dorado Beach, Puerto Rico, by way of Cleveland, Ohio",PROBABLE,Heel,PROBABLE,,,,,N/A,N/A,N/A,N/A,N/A,N/A,N/A,N/A,27,CONFIRMED,cody-rhodes,,,10:57,657,CONFIRMED,,1,seth-rollins,1,0,FALSE,FALSE,FALSE,FALSE,TRUE,TRUE,FALSE,FALSE,TRUE,,,,Unaffiliated,PROBABLE,FALSE,CONFIRMED,S251;S252;S870;S1559;S1700;S1810,,
RR2023M,cody-rhodes,RR2023M,30,CONFIRMED,Cody Rhodes,Cody Rhodes,8,9,FALSE,2016,Eliminated (elim #14),14,FALSE,FALSE,N/A,FALSE,N/A,"37 Years, 6 Months, 29 Days",DERIVED,1.88,101,"Atlanta, Georgia",PROBABLE,Face,PROBABLE,The American Nightmare,,,,N/A,N/A,N/A,N/A,N/A,N/A,N/A,N/A,,,,,,15:08,908,CONFIRMED,,5,gunther;dominik-mysterio;austin-theory;braun-strowman;logan-paul,5,0,FALSE,TRUE,FALSE,TRUE,TRUE,TRUE,FALSE,FALSE,FALSE,,,,Raw,PROBABLE,FALSE,CONFIRMED,S251;S252;S753;S1560;S1593;S1700;S1810,,
RR2023W,rhea-ripley,RR2023W,1,CONFIRMED,Rhea Ripley,Rhea Ripley,3,4,FALSE,2022,Eliminated (elim #26),26,FALSE,FALSE,N/A,FALSE,N/A,"26 Years, 3 Months, 17 Days",DERIVED,1.75,77,"Adelaide, South Australia",CONFIRMED,Heel,PROBABLE,,,,The Judgment Day,N/A,N/A,N/A,N/A,N/A,N/A,N/A,N/A,,,,,,1:01:08,3668,CONFIRMED,,7,liv-morgan;b-fab;asuka;chelsea-green;raquel-rodriguez;michelle-mccool;nia-jax,6,1,FALSE,TRUE,FALSE,TRUE,TRUE,TRUE,FALSE,FALSE,FALSE,,,,Raw,PROBABLE,FALSE,CONFIRMED,S260;S261;S527;S945;S1031;S1637;S1700;S1810,,
RR2023W,liv-morgan,RR2023W,2,CONFIRMED,Liv Morgan,Liv Morgan,5,6,FALSE,2022,Eliminated (elim #17),17,FALSE,FALSE,N/A,FALSE,N/A,"28 Years, 7 Months, 20 Days",DERIVED,1.60,57,"Elmwood Park, New Jersey",CONFLICTING,Face,PROBABLE,,,,,N/A,N/A,N/A,N/A,N/A,N/A,N/A,N/A,29,CONFIRMED,rhea-ripley,,,1:01:07,3667,CONFIRMED,,3,bayley;nikki-cross;nia-jax,2,1,FALSE,FALSE,TRUE,TRUE,TRUE,TRUE,FALSE,FALSE,FALSE,,,,SmackDown,PROBABLE,FALSE,CONFIRMED,S260;S261;S913;S1000;S1607;S1700;S1810,,
RR2023W,dana-brooke,RR2023W,3,CONFIRMED,Dana Brooke,Dana Brooke,5,6,FALSE,2022,Eliminated (elim #4),4,FALSE,FALSE,N/A,FALSE,N/A,"34 Years, 1 Months, 30 Days",DERIVED,1.60,57,"Cleveland, Ohio",CONFIRMED,Face,PROBABLE,,,,,N/A,N/A,N/A,N/A,N/A,N/A,N/A,N/A,2,CONFIRMED,bayley;dakota-kai;io-shirai,,,11:43,703,CONFIRMED,,0,,0,0,FALSE,FALSE,FALSE,FALSE,FALSE,FALSE,FALSE,FALSE,FALSE,,,,Raw,PROBABLE,FALSE,CONFIRMED,S260;S261;S910;S997;S1604;S1700;S1810,,
RR2023W,emma,RR2023W,4,CONFIRMED,Emma,Emma,0,1,TRUE,N/A,N/A,N/A,TRUE,FALSE,N/A,FALSE,N/A,"33 Years, 10 Months, 27 Days",DERIVED,1.65,60,"Melbourne, Australia",CONFIRMED,Face,PROBABLE,,,,,N/A,N/A,N/A,N/A,N/A,N/A,N/A,N/A,3,CONFIRMED,dakota-kai,,,10:12,612,CONFIRMED,,0,,0,0,FALSE,FALSE,FALSE,FALSE,FALSE,FALSE,FALSE,FALSE,FALSE,,,,SmackDown,PROBABLE,FALSE,CONFIRMED,S260;S261;S966;S1052;S1680;S1700;S1810,WWE page displays a stray minus sign before 0:10:12; independent event table and narrative support 10:12. See F430.,
RR2023W,shayna-baszler,RR2023W,5,CONFIRMED,Shayna Baszler,Shayna Baszler,3,4,FALSE,2022,Eliminated (elim #27),27,FALSE,FALSE,N/A,FALSE,N/A,"42 Years, 5 Months, 20 Days",DERIVED,1.70,62,"Sioux Falls, South Dakota",CONFIRMED,Heel,PROBABLE,,,,,N/A,N/A,N/A,N/A,N/A,N/A,N/A,N/A,6,CONFIRMED,bayley;dakota-kai;io-shirai,,,13:28,808,CONFIRMED,,0,,0,0,FALSE,FALSE,FALSE,FALSE,FALSE,FALSE,FALSE,FALSE,FALSE,,,,SmackDown,PROBABLE,FALSE,CONFIRMED,S260;S261;S956;S1042;S1648;S1700;S1810,,
RR2023W,bayley,RR2023W,6,CONFIRMED,Bayley,Bayley,3,4,FALSE,2021,Eliminated (elim #12),12,FALSE,FALSE,N/A,FALSE,N/A,"33 Years, 7 Months, 13 Days",DERIVED,1.68,54,"San Jose, California",CONFIRMED,Heel,PROBABLE,,,Damage CTRL,Damage CTRL,N/A,N/A,N/A,N/A,N/A,N/A,N/A,N/A,13,CONFIRMED,liv-morgan,,,27:09,1629,CONFIRMED,,5,dana-brooke;shayna-baszler;roxanne-perez;natalya;becky-lynch,1,4,FALSE,FALSE,FALSE,FALSE,FALSE,FALSE,FALSE,FALSE,FALSE,,,,Raw,PROBABLE,FALSE,CONFIRMED,S260;S261;S527;S931;S1018;S1624;S1700;S1810,,
RR2023W,b-fab,RR2023W,7,CONFIRMED,B-Fab,B-Fab,0,1,TRUE,N/A,N/A,N/A,TRUE,FALSE,N/A,FALSE,N/A,"32 Years, 2 Months, 6 Days",DERIVED,1.75,62,"Canton, Ohio",CONFIRMED,Face,PROBABLE,,,,Hit Row,N/A,N/A,N/A,N/A,N/A,N/A,N/A,N/A,1,CONFIRMED,rhea-ripley,,,00:36,36,CONFIRMED,,0,,0,0,FALSE,FALSE,FALSE,FALSE,FALSE,FALSE,FALSE,FALSE,FALSE,,,,SmackDown,PROBABLE,FALSE,CONFIRMED,S260;S261;S527;S967;S1053;S1680;S1700;S1810,,
RR2023W,roxanne-perez,RR2023W,8,CONFIRMED,Roxanne Perez,Roxanne Perez,0,1,TRUE,N/A,N/A,N/A,TRUE,FALSE,N/A,FALSE,N/A,"21 Years, 2 Months, 23 Days",DERIVED,1.55,52,"Laredo, Texas",CONFIRMED,Face,PROBABLE,,,,,NXT Women's Championship,NXT World,N/A,1,2022-12-13,46,FALSE,FALSE,4,CONFIRMED,bayley;dakota-kai;io-shirai,,,04:34,274,CONFIRMED,,0,,0,0,FALSE,FALSE,FALSE,FALSE,FALSE,FALSE,TRUE,FALSE,FALSE,,,,NXT,PROBABLE,FALSE,CONFIRMED,S260;S261;S522;S527;S968;S1054;S1680;S1700;S1810;S1827;S1828,,
RR2023W,dakota-kai,RR2023W,9,CONFIRMED,Dakota Kai,Dakota Kai,2,3,FALSE,2021,Eliminated (elim #15),15,FALSE,FALSE,N/A,FALSE,N/A,"34 Years, 8 Months, 22 Days",DERIVED,1.68,55,"Auckland, New Zealand",CONFLICTING,Heel,PROBABLE,,,Damage CTRL,Damage CTRL,N/A,N/A,N/A,N/A,N/A,N/A,N/A,N/A,10,CONFIRMED,becky-lynch,,,22:20,1340,CONFIRMED,,5,dana-brooke;emma;shayna-baszler;roxanne-perez;natalya,1,4,FALSE,FALSE,FALSE,FALSE,FALSE,FALSE,FALSE,FALSE,FALSE,,,,Raw,PROBABLE,FALSE,CONFIRMED,S260;S261;S527;S950;S1036;S1642;S1700;S1810,,
RR2023W,io-shirai,RR2023W,10,CONFIRMED,IYO SKY,IYO SKY,1,2,FALSE,2019,Eliminated (elim #22),22,FALSE,FALSE,N/A,FALSE,N/A,"32 Years, 8 Months, 20 Days",DERIVED,1.57,54,"Tokyo, Japan",CONFIRMED,Heel,PROBABLE,,,Damage CTRL,Damage CTRL,N/A,N/A,N/A,N/A,N/A,N/A,N/A,N/A,11,CONFIRMED,becky-lynch,,,20:49,1249,CONFIRMED,,5,dana-brooke;shayna-baszler;roxanne-perez;natalya;candice-lerae,1,4,FALSE,FALSE,FALSE,FALSE,FALSE,FALSE,FALSE,FALSE,FALSE,,,,Raw,PROBABLE,FALSE,CONFIRMED,S260;S261;S527;S944;S1030;S1636;S1700;S1810,,
RR2023W,natalya,RR2023W,11,CONFIRMED,Natalya,Natalya,5,6,FALSE,2022,Eliminated (elim #24),24,FALSE,FALSE,N/A,FALSE,N/A,"40 Years, 8 Months, 1 Days",DERIVED,1.65,61,"Calgary, Alberta, Canada",CONFIRMED,Face,PROBABLE,,,,,N/A,N/A,N/A,N/A,N/A,N/A,N/A,N/A,5,CONFIRMED,bayley;dakota-kai;io-shirai,,,03:08,188,CONFIRMED,,0,,0,0,FALSE,FALSE,FALSE,FALSE,FALSE,FALSE,FALSE,FALSE,FALSE,,,,SmackDown,PROBABLE,FALSE,CONFIRMED,S260;S261;S920;S1007;S1613;S1700;S1810,,
RR2023W,candice-lerae,RR2023W,12,CONFIRMED,Candice LeRae,Candice LeRae,2,3,FALSE,2020,Eliminated (elim #8),8,FALSE,FALSE,N/A,FALSE,N/A,"37 Years, 3 Months, 30 Days",DERIVED,1.58,50,"Anaheim, California",CONFIRMED,Face,PROBABLE,,,,,N/A,N/A,N/A,N/A,N/A,N/A,N/A,N/A,7,CONFIRMED,io-shirai,,,05:11,311,CONFIRMED,,0,,0,0,FALSE,FALSE,FALSE,FALSE,FALSE,FALSE,FALSE,FALSE,FALSE,,,,Raw,PROBABLE,FALSE,CONFIRMED,S260;S261;S940;S1027;S1633;S1700;S1810,,
RR2023W,zoey-stark,RR2023W,13,CONFIRMED,Zoey Stark,Zoey Stark,0,1,TRUE,N/A,N/A,N/A,TRUE,FALSE,N/A,FALSE,N/A,"29 Years, 0 Months, 3 Days",DERIVED,1.70,64,"Las Vegas, Nevada",PROBABLE,Face,PROBABLE,,,,,N/A,N/A,N/A,N/A,N/A,N/A,N/A,N/A,16,CONFIRMED,sonya-deville,,,26:34,1594,CONFIRMED,,0,,0,0,FALSE,FALSE,FALSE,FALSE,FALSE,FALSE,FALSE,FALSE,FALSE,,,,NXT,PROBABLE,FALSE,CONFIRMED,S260;S261;S969;S1055;S1680;S1700;S1810,,
RR2023W,xia-li,RR2023W,14,CONFIRMED,Xia Li,Xia Li,2,3,FALSE,2020,Eliminated (elim #20),20,FALSE,FALSE,N/A,FALSE,N/A,"34 Years, 6 Months, 0 Days",DERIVED,1.63,62,"Chongqing, China",CONFLICTING,Heel,PROBABLE,,,,,N/A,N/A,N/A,N/A,N/A,N/A,N/A,N/A,14,CONFIRMED,zelina-vega,,,15:30,930,CONFIRMED,,0,,0,0,FALSE,FALSE,FALSE,FALSE,FALSE,FALSE,FALSE,FALSE,FALSE,,,,SmackDown,PROBABLE,FALSE,CONFIRMED,S260;S261;S937;S1024;S1630;S1700;S1810,,
RR2023W,becky-lynch,RR2023W,15,CONFIRMED,Becky Lynch,Becky Lynch,2,3,FALSE,2019,Won,N/A,FALSE,FALSE,N/A,FALSE,N/A,"35 Years, 11 Months, 29 Days",DERIVED,1.68,61,"Dublin, Ireland",CONFIRMED,Face,PROBABLE,,,,,N/A,N/A,N/A,N/A,N/A,N/A,N/A,N/A,12,CONFIRMED,bayley,,,10:45,645,CONFIRMED,,2,dakota-kai;io-shirai,2,0,FALSE,FALSE,FALSE,FALSE,FALSE,FALSE,FALSE,FALSE,FALSE,,,,Raw,PROBABLE,FALSE,CONFIRMED,S260;S261;S904;S991;S1598;S1700;S1810,,
RR2023W,tegan-nox,RR2023W,16,CONFIRMED,Tegan Nox,Tegan Nox,1,2,FALSE,2020,Eliminated (elim #21),21,FALSE,FALSE,N/A,FALSE,N/A,"28 Years, 2 Months, 13 Days",DERIVED,1.70,64,Welsh Valleys,CONFLICTING,Face,PROBABLE,,,,,N/A,N/A,N/A,N/A,N/A,N/A,N/A,N/A,8,CONFIRMED,asuka,,,03:41,221,CONFIRMED,,0,,0,0,FALSE,FALSE,FALSE,FALSE,FALSE,FALSE,FALSE,FALSE,FALSE,,,,SmackDown,PROBABLE,FALSE,CONFIRMED,S260;S261;S954;S1040;S1646;S1700;S1810,,
RR2023W,asuka,RR2023W,17,CONFIRMED,Asuka,Asuka,1,2,FALSE,2018,Won,N/A,FALSE,FALSE,N/A,FALSE,N/A,"41 Years, 4 Months, 2 Days",DERIVED,1.60,62,"Osaka, Japan",CONFIRMED,Face,PROBABLE,,,,,N/A,N/A,N/A,N/A,N/A,N/A,N/A,N/A,28,CONFIRMED,rhea-ripley,,,33:15,1995,CONFIRMED,,3,tegan-nox;sonya-deville;nia-jax,2,1,FALSE,FALSE,FALSE,FALSE,TRUE,TRUE,FALSE,FALSE,FALSE,,,,Raw,PROBABLE,FALSE,CONFIRMED,S260;S261;S927;S1014;S1620;S1700;S1810,,
RR2023W,piper-niven,RR2023W,18,CONFIRMED,Piper Niven,Piper Niven,0,1,TRUE,N/A,N/A,N/A,TRUE,FALSE,N/A,FALSE,N/A,"31 Years, 8 Months, 22 Days",DERIVED,1.73,94,"Ayrshire, Scotland",CONFIRMED,Heel,PROBABLE,,,,,N/A,N/A,N/A,N/A,N/A,N/A,N/A,N/A,25,CONFIRMED,raquel-rodriguez,,,28:05,1685,CONFIRMED,,2,mia-yim;nia-jax,1,1,FALSE,FALSE,FALSE,FALSE,FALSE,FALSE,FALSE,FALSE,FALSE,,,,Raw,PROBABLE,FALSE,CONFIRMED,S260;S261;S970;S1056;S1680;S1700;S1810,,
RR2023W,tamina,RR2023W,19,CONFIRMED,Tamina,Tamina,5,6,FALSE,2022,Eliminated (elim #5),5,FALSE,FALSE,N/A,FALSE,N/A,"45 Years, 0 Months, 18 Days",DERIVED,1.75,77,The Pacific Islands,CONFIRMED,Face,PROBABLE,,,,,N/A,N/A,N/A,N/A,N/A,N/A,N/A,N/A,15,CONFIRMED,michelle-mccool,,,11:58,718,CONFIRMED,,0,,0,0,FALSE,FALSE,FALSE,FALSE,FALSE,FALSE,FALSE,FALSE,FALSE,,,,Raw,PROBABLE,FALSE,CONFIRMED,S260;S261;S909;S996;S1603;S1700;S1810,,
RR2023W,chelsea-green,RR2023W,20,CONFIRMED,Chelsea Green,Chelsea Green,1,2,FALSE,2020,Eliminated (elim #13),13,FALSE,FALSE,N/A,FALSE,N/A,"31 Years, 9 Months, 24 Days",DERIVED,1.70,57,"Victoria, British Columbia, Canada",CONFLICTING,Heel,PROBABLE,,,,,N/A,N/A,N/A,N/A,N/A,N/A,N/A,N/A,9,CONFIRMED,rhea-ripley,,,00:05,5,CONFIRMED,,0,,0,0,FALSE,FALSE,FALSE,FALSE,FALSE,FALSE,FALSE,FALSE,FALSE,,,,Unaffiliated,PROBABLE,FALSE,CONFIRMED,S260;S261;S951;S1037;S1643;S1700;S1810,,
RR2023W,zelina-vega,RR2023W,21,CONFIRMED,Zelina Vega,Zelina Vega,3,4,FALSE,2022,Eliminated (elim #9),9,FALSE,FALSE,N/A,FALSE,N/A,"32 Years, 1 Months, 1 Days",DERIVED,1.55,48,"Queens, New York",PROBABLE,Face,PROBABLE,,,,,N/A,N/A,N/A,N/A,N/A,N/A,N/A,N/A,17,CONFIRMED,lacey-evans,,,11:30,690,CONFIRMED,,1,xia-li,1,0,FALSE,FALSE,FALSE,FALSE,FALSE,FALSE,FALSE,FALSE,FALSE,,,,SmackDown,PROBABLE,FALSE,CONFIRMED,S260;S261;S943;S1075;S1680;S1700;S1810;S1829;S1830;S1831,,
RR2023W,raquel-rodriguez,RR2023W,22,CONFIRMED,Raquel Rodriguez,Raquel Rodriguez,0,1,TRUE,N/A,N/A,N/A,TRUE,FALSE,N/A,FALSE,N/A,"32 Years, 0 Months, 16 Days",DERIVED,1.83,80,"Rio Grande Valley, Texas",CONFIRMED,Face,PROBABLE,,,,,N/A,N/A,N/A,N/A,N/A,N/A,N/A,N/A,26,CONFIRMED,rhea-ripley,,,20:40,1240,CONFIRMED,,3,piper-niven;lacey-evans;nia-jax,2,1,FALSE,FALSE,FALSE,FALSE,FALSE,FALSE,FALSE,FALSE,FALSE,,,,SmackDown,PROBABLE,FALSE,CONFIRMED,S260;S261;S1057;S971;S1680;S1700;S1810,,
RR2023W,mia-yim,RR2023W,23,CONFIRMED,Michin,Michin,1,2,FALSE,2020,Eliminated (elim #11),11,FALSE,FALSE,N/A,FALSE,N/A,"33 Years, 9 Months, 12 Days",DERIVED,1.70,60,"San Diego, California",CONFLICTING,Face,PROBABLE,Michin,,,The O.C.,N/A,N/A,N/A,N/A,N/A,N/A,N/A,N/A,24,CONFIRMED,piper-niven,,,17:44,1064,CONFIRMED,,2,shotzi-blackheart;nia-jax,1,1,FALSE,FALSE,FALSE,FALSE,FALSE,FALSE,FALSE,FALSE,FALSE,,,,Raw,PROBABLE,FALSE,CONFIRMED,S260;S261;S527;S949;S1035;S1641;S1700;S1810,,
RR2023W,lacey-evans,RR2023W,24,CONFIRMED,Lacey Evans,Lacey Evans,2,3,FALSE,2021,Eliminated (elim #20),20,FALSE,FALSE,N/A,FALSE,N/A,"32 Years, 10 Months, 4 Days",DERIVED,1.73,59,"Parris Island, South Carolina",CONFIRMED,Heel,PROBABLE,,,,,N/A,N/A,N/A,N/A,N/A,N/A,N/A,N/A,20,CONFIRMED,raquel-rodriguez,,,14:05,845,CONFIRMED,,2,zelina-vega;nia-jax,1,1,FALSE,FALSE,FALSE,FALSE,FALSE,FALSE,FALSE,FALSE,FALSE,,,,SmackDown,PROBABLE,FALSE,CONFIRMED,S260;S261;S933;S1020;S1626;S1700;S1810,,
RR2023W,michelle-mccool,RR2023W,25,CONFIRMED,Michelle McCool,Michelle McCool,2,3,FALSE,2022,Eliminated (elim #13),13,FALSE,FALSE,N/A,TRUE,UNKNOWN,"43 Years, 0 Months, 3 Days",DERIVED,1.78,58,"Palatka, Florida",CONFIRMED,Face,PROBABLE,,,,,N/A,N/A,N/A,N/A,N/A,N/A,N/A,N/A,22,CONFIRMED,rhea-ripley,,,13:53,833,CONFIRMED,,2,tamina;nia-jax,1,1,FALSE,FALSE,FALSE,FALSE,FALSE,FALSE,TRUE,TRUE,FALSE,,,,Unaffiliated,PROBABLE,FALSE,CONFIRMED,S260;S261;S916;S1003;S1680;S1700;S1731;S1810,,
RR2023W,indi-hartwell,RR2023W,26,CONFIRMED,Indi Hartwell,Indi Hartwell,0,1,TRUE,N/A,N/A,N/A,TRUE,FALSE,N/A,FALSE,N/A,"26 Years, 5 Months, 11 Days",DERIVED,1.75,63,"Melbourne, Australia",CONFIRMED,Face,PROBABLE,,,,,N/A,N/A,N/A,N/A,N/A,N/A,N/A,N/A,18,CONFIRMED,sonya-deville,,,04:51,291,CONFIRMED,,0,,0,0,FALSE,FALSE,FALSE,FALSE,FALSE,FALSE,TRUE,FALSE,FALSE,,,,NXT,PROBABLE,FALSE,CONFIRMED,S260;S261;S972;S1058;S1659;S1700;S1810,,
RR2023W,sonya-deville,RR2023W,27,CONFIRMED,Sonya Deville,Sonya Deville,4,5,FALSE,2022,Eliminated (elim #7),7,FALSE,FALSE,N/A,FALSE,N/A,"29 Years, 4 Months, 4 Days",DERIVED,1.70,59,"Los Angeles, California",CONFLICTING,Heel,PROBABLE,,,,,N/A,N/A,N/A,N/A,N/A,N/A,N/A,N/A,21,CONFIRMED,asuka,,,10:17,617,CONFIRMED,,3,zoey-stark;indi-hartwell;nia-jax,2,1,FALSE,FALSE,FALSE,FALSE,FALSE,FALSE,FALSE,FALSE,FALSE,,,,SmackDown,PROBABLE,FALSE,CONFIRMED,S260;S261;S912;S999;S1606;S1700;S1810,,
RR2023W,shotzi-blackheart,RR2023W,28,CONFIRMED,Shotzi,Shotzi,3,4,FALSE,2022,Eliminated (elim #23),23,FALSE,FALSE,N/A,FALSE,N/A,"30 Years, 10 Months, 14 Days",DERIVED,1.68,57,"Oakland, California",CONFIRMED,Face,PROBABLE,,,,,N/A,N/A,N/A,N/A,N/A,N/A,N/A,N/A,23,CONFIRMED,mia-yim,,,08:39,519,CONFIRMED,,1,nia-jax,0,1,FALSE,FALSE,FALSE,FALSE,FALSE,FALSE,FALSE,FALSE,FALSE,,,,SmackDown,PROBABLE,FALSE,CONFIRMED,S260;S261;S953;S1039;S1680;S1700;S1810,,
RR2023W,nikki-cross,RR2023W,29,CONFIRMED,Nikki Cross,Nikki Cross,4,5,FALSE,2022,Eliminated (elim #20),20,FALSE,FALSE,N/A,FALSE,N/A,"33 Years, 9 Months, 7 Days",DERIVED,1.53,53,"Glasgow, Scotland",CONFLICTING,Heel,PROBABLE,,,,,N/A,N/A,N/A,N/A,N/A,N/A,N/A,N/A,27,CONFIRMED,liv-morgan,,,09:16,556,CONFIRMED,,1,nia-jax,0,1,FALSE,FALSE,FALSE,FALSE,FALSE,TRUE,FALSE,FALSE,FALSE,,,,Raw,PROBABLE,FALSE,CONFIRMED,S260;S261;S935;S1022;S1628;S1700;S1810,,
RR2023W,nia-jax,RR2023W,30,CONFIRMED,Nia Jax,Nia Jax,4,5,FALSE,2021,Eliminated (elim #25),25,FALSE,FALSE,N/A,TRUE,more than 1 year away from WWE,"38 Years, 7 Months, 30 Days",DERIVED,1.83,123,"San Diego, California",CONFLICTING,Heel,PROBABLE,,,,,N/A,N/A,N/A,N/A,N/A,N/A,N/A,N/A,19,CONFIRMED,asuka;lacey-evans;liv-morgan;michelle-mccool;mia-yim;nikki-cross;piper-niven;raquel-rodriguez;rhea-ripley;sonya-deville;shotzi-blackheart,,,01:57,117,CONFIRMED,,0,,0,0,FALSE,FALSE,FALSE,FALSE,FALSE,FALSE,TRUE,TRUE,FALSE,,,,Unaffiliated,PROBABLE,FALSE,CONFIRMED,S260;S261;S924;S1011;S1680;S1700;S1731;S1810,,
RR2024M,jey-uso,RR2024M,1,CONFIRMED,Jey Uso,Jey Uso,2,3,FALSE,2014,Eliminated (elim #17),17,FALSE,FALSE,N/A,FALSE,N/A,"38 Years, 5 Months, 5 Days",DERIVED,1.88,110,"San Francisco, California",PROBABLE,Face,PROBABLE,,,,,N/A,N/A,N/A,N/A,N/A,N/A,N/A,N/A,23,PROBABLE,gunther,,,50:55,3055,CONFIRMED,,1,jd-mcdonagh,1,0,FALSE,FALSE,FALSE,FALSE,FALSE,FALSE,FALSE,,,,,,Raw,PROBABLE,FALSE,CONFIRMED,S270;S271;S272;S790;S1561;S1700;S1811,,
RR2024M,jimmy-uso,RR2024M,2,CONFIRMED,Jimmy Uso,Jimmy Uso,1,2,FALSE,2014,Eliminated (elim #5),5,FALSE,FALSE,N/A,FALSE,N/A,"38 Years, 5 Months, 5 Days",DERIVED,1.91,114,"San Francisco, California",PROBABLE,Heel,PROBABLE,,,,,N/A,N/A,N/A,N/A,N/A,N/A,N/A,N/A,12,PROBABLE,bron-breakker,,,34:09,2049,CONFLICTING,,0,,0,0,FALSE,FALSE,FALSE,FALSE,FALSE,FALSE,FALSE,,,,,,SmackDown,PROBABLE,FALSE,CONFIRMED,S270;S271;S272;S802;S1562;S1700;S1811,,
RR2024M,grayson-waller,RR2024M,3,CONFIRMED,Grayson Waller,Grayson Waller,0,1,TRUE,N/A,N/A,N/A,TRUE,FALSE,N/A,FALSE,N/A,"33 Years, 10 Months, 6 Days",DERIVED,1.91,92,"Sydney, Australia",PROBABLE,Heel,PROBABLE,,,A-Town Down Under,A-Town Down Under,N/A,N/A,N/A,N/A,N/A,N/A,N/A,N/A,1,PROBABLE,carmelo-hayes,,,04:05,245,CONFLICTING,,0,,0,0,FALSE,FALSE,FALSE,FALSE,FALSE,FALSE,FALSE,,,,,,SmackDown,PROBABLE,FALSE,CONFIRMED,S270;S271;S272;S531;S871;S1594;S1700;S1811,,
RR2024M,andrade,RR2024M,4,CONFIRMED,Andrade,Andrade,2,3,FALSE,2019,Eliminated (elim #27),27,FALSE,FALSE,N/A,TRUE,more than 2 years away from WWE,"34 Years, 2 Months, 24 Days",DERIVED,1.75,104,"Gómez Palacio, Durango, Mexico",PROBABLE,Tweener,PROBABLE,,,,,N/A,N/A,N/A,N/A,N/A,N/A,N/A,N/A,8,PROBABLE,bronson-reed,,,22:59,1379,CONFLICTING,,0,,0,0,FALSE,FALSE,FALSE,FALSE,FALSE,FALSE,TRUE,,,,,,Unaffiliated,PROBABLE,FALSE,CONFIRMED,S270;S271;S272;S834;S1564;S1700;S1716;S1811,,
RR2024M,carmelo-hayes,RR2024M,5,CONFIRMED,Carmelo Hayes,Carmelo Hayes,0,1,TRUE,N/A,N/A,N/A,TRUE,FALSE,N/A,FALSE,N/A,"29 Years, 5 Months, 26 Days",DERIVED,1.78,95,"Worcester, Massachusetts",PROBABLE,Face,PROBABLE,,,,,N/A,N/A,N/A,N/A,N/A,N/A,N/A,N/A,6,PROBABLE,finn-balor,,,17:06,1026,CONFIRMED,,1,grayson-waller,1,0,FALSE,FALSE,FALSE,FALSE,FALSE,FALSE,TRUE,,,,,,NXT,PROBABLE,FALSE,CONFIRMED,S270;S271;S272;S872;S1565;S1700;S1811,,
RR2024M,shinsuke-nakamura,RR2024M,6,CONFIRMED,Shinsuke Nakamura,Shinsuke Nakamura,5,6,FALSE,2022,Eliminated (elim #2),2,FALSE,FALSE,N/A,FALSE,N/A,"43 Years, 11 Months, 3 Days",DERIVED,1.88,100,"Kyoto, Japan",PROBABLE,Heel,PROBABLE,,,,,N/A,N/A,N/A,N/A,N/A,N/A,N/A,N/A,9,PROBABLE,cody-rhodes,,,20:51,1251,CONFLICTING,,0,,0,0,FALSE,FALSE,FALSE,FALSE,FALSE,FALSE,FALSE,,,,,,Raw,PROBABLE,FALSE,CONFIRMED,S270;S271;S272;S835;S1566;S1700;S1811,,
RR2024M,santos-escobar,RR2024M,7,CONFIRMED,Santos Escobar,Santos Escobar,1,2,FALSE,2023,Eliminated (elim #5),5,FALSE,FALSE,N/A,FALSE,N/A,"39 Years, 8 Months, 28 Days",DERIVED,1.85,93,"""The Highlands of Guerrero"", Mexico",PROBABLE,Heel,PROBABLE,,,,Legado del Fantasma,N/A,N/A,N/A,N/A,N/A,N/A,N/A,N/A,2,PROBABLE,carlito,,,06:37,397,CONFIRMED,,0,,0,0,FALSE,FALSE,FALSE,FALSE,FALSE,FALSE,FALSE,,,,,,SmackDown,PROBABLE,FALSE,CONFIRMED,S270;S271;S272;S531;S869;S1594;S1700;S1811,,
RR2024M,karrion-kross,RR2024M,8,CONFIRMED,Karrion Kross,Karrion Kross,1,2,FALSE,2023,Eliminated (elim #2),2,FALSE,FALSE,N/A,FALSE,N/A,"38 Years, 6 Months, 8 Days",DERIVED,1.93,120,"Las Vegas, Nevada",PROBABLE,Heel,PROBABLE,,Scarlett,,The Final Testament,N/A,N/A,N/A,N/A,N/A,N/A,N/A,N/A,4,PROBABLE,bobby-lashley,,,06:20,380,CONFLICTING,,1,bobby-lashley,1,0,FALSE,FALSE,FALSE,FALSE,FALSE,FALSE,FALSE,,,,,,SmackDown,PROBABLE,FALSE,CONFIRMED,S270;S271;S272;S531;S528;S868;S1594;S1700;S1811,,
RR2024M,dominik-mysterio,RR2024M,9,CONFIRMED,Dominik Mysterio,Dominik Mysterio,3,4,FALSE,2023,Eliminated (elim #22),22,FALSE,FALSE,N/A,FALSE,N/A,"26 Years, 9 Months, 22 Days",DERIVED,1.85,91,"San Diego, California, U.S.",PROBABLE,Heel,PROBABLE,,,The Judgment Day,The Judgment Day,N/A,N/A,N/A,N/A,N/A,N/A,N/A,N/A,21,PROBABLE,cm-punk,,,33:19,1999,CONFLICTING,,1,bron-breakker,1,0,FALSE,FALSE,FALSE,FALSE,FALSE,FALSE,FALSE,,,,,,Raw,PROBABLE,FALSE,CONFIRMED,S270;S271;S272;S531;S855;S1549;S1700;S1811,,
RR2024M,carlito,RR2024M,10,CONFIRMED,Carlito,Carlito,6,7,FALSE,2021,Eliminated (elim #5),5,FALSE,FALSE,N/A,FALSE,N/A,"44 Years, 11 Months, 6 Days",DERIVED,1.78,109,The Caribbean,PROBABLE,Face,PROBABLE,,,,Latino World Order,N/A,N/A,N/A,N/A,N/A,N/A,N/A,N/A,3,PROBABLE,bobby-lashley,,,02:23,143,CONFIRMED,,1,santos-escobar,1,0,FALSE,FALSE,FALSE,FALSE,FALSE,FALSE,FALSE,,,,,,SmackDown,PROBABLE,FALSE,CONFIRMED,S270;S271;S272;S531;S733;S1567;S1700;S1811,,
RR2024M,bobby-lashley,RR2024M,11,CONFIRMED,Bobby Lashley,Bobby Lashley,4,5,FALSE,2023,Eliminated (elim #10),10,FALSE,FALSE,N/A,FALSE,N/A,"47 Years, 6 Months, 11 Days",DERIVED,1.91,124,"Colorado Springs, Colorado",PROBABLE,Face,PROBABLE,,,,The Pride,N/A,N/A,N/A,N/A,N/A,N/A,N/A,N/A,5,PROBABLE,karrion-kross,,,01:34,94,CONFIRMED,,2,karrion-kross;carlito,2,0,FALSE,FALSE,FALSE,FALSE,FALSE,FALSE,FALSE,,,,,,SmackDown,PROBABLE,FALSE,CONFIRMED,S270;S271;S272;S531;S732;S1544;S1700;S1811,,
RR2024M,ludwig-kaiser,RR2024M,12,CONFIRMED,Ludwig Kaiser,Ludwig Kaiser,0,1,TRUE,N/A,N/A,N/A,TRUE,FALSE,N/A,FALSE,N/A,"33 Years, 6 Months, 19 Days",DERIVED,1.91,100,"Hamburg, Germany",PROBABLE,Heel,PROBABLE,,,Imperium,Imperium,N/A,N/A,N/A,N/A,N/A,N/A,N/A,N/A,10,PROBABLE,kofi-kingston,,,09:29,569,CONFIRMED,,0,,0,0,FALSE,FALSE,FALSE,FALSE,FALSE,FALSE,FALSE,,,,,,Raw,PROBABLE,FALSE,CONFIRMED,S270;S271;S272;S531;S873;S1594;S1700;S1811,,
RR2024M,austin-theory,RR2024M,13,CONFIRMED,Austin Theory,Austin Theory,2,3,FALSE,2023,Eliminated (elim #24),24,FALSE,FALSE,N/A,FALSE,N/A,"26 Years, 5 Months, 25 Days",DERIVED,1.85,100,"Atlanta, Georgia",PROBABLE,Heel,PROBABLE,,,A-Town Down Under,A-Town Down Under,N/A,N/A,N/A,N/A,N/A,N/A,N/A,N/A,7,PROBABLE,cody-rhodes,,,03:58,238,CONFLICTING,,0,,0,0,FALSE,FALSE,FALSE,FALSE,FALSE,FALSE,FALSE,,,,,,SmackDown,PROBABLE,FALSE,CONFIRMED,S270;S271;S272;S531;S856;S901;S1594;S1700;S1811,,
RR2024M,finn-balor,RR2024M,14,CONFIRMED,Finn Balor,Finn Balor,2,3,FALSE,2023,Eliminated (elim #17),17,FALSE,FALSE,N/A,FALSE,N/A,"42 Years, 6 Months, 2 Days",DERIVED,1.80,86,"Bray, County Wicklow, Ireland",PROBABLE,Heel,PROBABLE,,,The Judgment Day,The Judgment Day,Undisputed WWE Tag Team Championship,Tag Team,damian-priest,2,2023-10-16,103,FALSE,FALSE,13,PROBABLE,bron-breakker,,,11:21,681,CONFIRMED,,1,carmelo-hayes,1,0,FALSE,FALSE,FALSE,FALSE,FALSE,FALSE,FALSE,,,,,,Raw,PROBABLE,FALSE,CONFIRMED,S270;S271;S272;S274;S275;S531;S832;S1551;S1700;S1704;S1811,,
RR2024M,cody-rhodes,RR2024M,15,CONFIRMED,Cody Rhodes,Cody Rhodes,9,10,FALSE,2023,Won,N/A,FALSE,FALSE,N/A,FALSE,N/A,"38 Years, 6 Months, 28 Days",DERIVED,1.88,101,"Atlanta, Georgia",PROBABLE,Face,PROBABLE,The American Nightmare,,,,N/A,N/A,N/A,N/A,N/A,N/A,N/A,N/A,,,,,,43:21,2601,CONFLICTING,,4,shinsuke-nakamura;austin-theory;gunther;cm-punk,4,0,FALSE,TRUE,FALSE,TRUE,TRUE,TRUE,FALSE,,,,,,Raw,PROBABLE,FALSE,CONFIRMED,S270;S271;S272;S753;S1560;S1594;S1700;S1811,,
RR2024M,bronson-reed,RR2024M,16,CONFIRMED,Bronson Reed,Bronson Reed,0,1,TRUE,N/A,N/A,N/A,TRUE,FALSE,N/A,FALSE,N/A,"35 Years, 5 Months, 2 Days",DERIVED,1.83,150,"Black Forest, South Australia",PROBABLE,Heel,PROBABLE,,,,,N/A,N/A,N/A,N/A,N/A,N/A,N/A,N/A,14,PROBABLE,omos,,,10:39,639,CONFIRMED,,1,andrade,1,0,FALSE,FALSE,FALSE,FALSE,FALSE,FALSE,FALSE,,,,,,Raw,PROBABLE,FALSE,CONFIRMED,S270;S271;S272;S874;S1594;S1700;S1811,,
RR2024M,kofi-kingston,RR2024M,17,CONFIRMED,Kofi Kingston,Kofi Kingston,14,15,FALSE,2023,Eliminated (elim #4),4,FALSE,FALSE,N/A,FALSE,N/A,"42 Years, 5 Months, 13 Days",DERIVED,1.83,96,"Ghana, West Africa",PROBABLE,Face,PROBABLE,,,The New Day,The New Day,N/A,N/A,N/A,N/A,N/A,N/A,N/A,N/A,11,PROBABLE,gunther,,,03:34,214,CONFIRMED,,1,ludwig-kaiser,1,0,FALSE,FALSE,FALSE,FALSE,FALSE,FALSE,FALSE,,,,,,Raw,PROBABLE,FALSE,CONFIRMED,S270;S271;S272;S531;S760;S1536;S1700;S1811,,
RR2024M,gunther,RR2024M,18,CONFIRMED,Gunther,Gunther,1,2,FALSE,2023,Runner-up (elim #28),28,FALSE,FALSE,N/A,FALSE,N/A,"36 Years, 5 Months, 7 Days",DERIVED,1.93,113,"Vienna, Austria",PROBABLE,Heel,PROBABLE,,,Imperium,Imperium,Intercontinental Championship,Intercontinental/United States,N/A,1,2022-06-10,596,FALSE,FALSE,28,PROBABLE,cody-rhodes,,,30:10,1810,CONFLICTING,,3,jey-uso;kofi-kingston;the-miz,3,0,FALSE,FALSE,FALSE,FALSE,TRUE,TRUE,FALSE,,,,,,Raw,PROBABLE,FALSE,CONFIRMED,S270;S271;S272;S274;S275;S531;S867;S1594;S1700;S1811,,
RR2024M,ivar,RR2024M,19,CONFIRMED,Ivar,Ivar,0,1,TRUE,N/A,N/A,N/A,TRUE,FALSE,N/A,FALSE,N/A,"39 Years, 10 Months, 24 Days",DERIVED,1.88,159,"""Overseas""",PROBABLE,Heel,PROBABLE,,,,,N/A,N/A,N/A,N/A,N/A,N/A,N/A,N/A,15,PROBABLE,bron-breakker,,,04:57,297,CONFLICTING,,0,,0,0,FALSE,FALSE,FALSE,FALSE,FALSE,FALSE,FALSE,,,,,,Raw,PROBABLE,FALSE,CONFIRMED,S270;S271;S272;S875;S1594;S1700;S1811,,
RR2024M,bron-breakker,RR2024M,20,CONFIRMED,Bron Breakker,Bron Breakker,0,1,TRUE,N/A,N/A,N/A,TRUE,FALSE,N/A,FALSE,N/A,"26 Years, 3 Months, 3 Days",DERIVED,1.83,113,"Atlanta, Georgia",PROBABLE,Tweener,PROBABLE,,,,,N/A,N/A,N/A,N/A,N/A,N/A,N/A,N/A,18,PROBABLE,dominik-mysterio,,,05:19,319,CONFIRMED,,4,jimmy-uso;finn-balor;ivar;omos,4,0,FALSE,FALSE,FALSE,FALSE,FALSE,FALSE,TRUE,,,,,,NXT,PROBABLE,FALSE,CONFIRMED,S270;S271;S272;S876;S1569;S1700;S1811,,
RR2024M,omos,RR2024M,21,CONFIRMED,Omos,Omos,2,3,FALSE,2023,Eliminated (elim #19),19,FALSE,FALSE,N/A,FALSE,N/A,"31 Years, 8 Months, 11 Days",DERIVED,2.21,189,"Lagos, Nigeria",PROBABLE,Heel,PROBABLE,,MVP,,,N/A,N/A,N/A,N/A,N/A,N/A,N/A,N/A,17,PROBABLE,bron-breakker,,,02:43,163,CONFLICTING,,1,bronson-reed,1,0,FALSE,FALSE,FALSE,FALSE,FALSE,FALSE,TRUE,,,,,,Unaffiliated,PROBABLE,FALSE,CONFIRMED,S270;S271;S272;S528;S531;S861;S1594;S1700;S1811,,
RR2024M,pat-mcafee,RR2024M,22,CONFIRMED,Pat McAfee,Pat McAfee,0,1,TRUE,N/A,N/A,N/A,TRUE,FALSE,N/A,FALSE,N/A,"36 Years, 8 Months, 25 Days",DERIVED,1.85,106,"Pittsburgh, Pennsylvania by way of Indianapolis, Indiana",PROBABLE,Face,PROBABLE,,,,,N/A,N/A,N/A,N/A,N/A,N/A,N/A,N/A,16,PROBABLE,pat-mcafee,,,00:38,38,CONFIRMED,,0,,0,0,TRUE,FALSE,FALSE,FALSE,FALSE,FALSE,TRUE,,TRUE,TRUE,,,Unaffiliated,PROBABLE,FALSE,CONFIRMED,S270;S271;S272;S877;S1570;S1700;S1811,,
RR2024M,jd-mcdonagh,RR2024M,23,CONFIRMED,JD McDonagh,JD McDonagh,0,1,TRUE,N/A,N/A,N/A,TRUE,FALSE,N/A,FALSE,N/A,"33 Years, 10 Months, 12 Days",DERIVED,1.78,88,"Bray, County Wicklow, Ireland",PROBABLE,Heel,PROBABLE,,,The Judgment Day,The Judgment Day,N/A,N/A,N/A,N/A,N/A,N/A,N/A,N/A,19,PROBABLE,jey-uso,,,00:03,3,CONFIRMED,,0,,0,0,FALSE,FALSE,FALSE,FALSE,FALSE,FALSE,FALSE,,,,,,Raw,PROBABLE,FALSE,CONFIRMED,S270;S271;S272;S531;S878;S1594;S1700;S1811,,
RR2024M,r-truth,RR2024M,24,CONFIRMED,R-Truth,R-Truth,8,9,FALSE,2016,Eliminated (elim #5),5,FALSE,FALSE,N/A,FALSE,N/A,"52 Years, 0 Months, 8 Days",DERIVED,1.88,100,"Charlotte, North Carolina",PROBABLE,Face,PROBABLE,,,,,N/A,N/A,N/A,N/A,N/A,N/A,N/A,N/A,20,PROBABLE,damian-priest,,,02:56,176,CONFLICTING,,0,,0,0,FALSE,FALSE,FALSE,FALSE,FALSE,FALSE,FALSE,,,,,,Raw,PROBABLE,FALSE,CONFIRMED,S270;S271;S272;S761;S1594;S1700;S1811,,
RR2024M,the-miz,RR2024M,25,CONFIRMED,The Miz,The Miz,14,15,FALSE,2023,Eliminated (elim #1),1,FALSE,FALSE,N/A,FALSE,N/A,"43 Years, 3 Months, 19 Days",DERIVED,1.88,100,"Cleveland, Ohio",PROBABLE,Face,PROBABLE,,,,,N/A,N/A,N/A,N/A,N/A,N/A,N/A,N/A,22,PROBABLE,gunther,,,06:06,366,CONFLICTING,,0,,0,0,FALSE,FALSE,FALSE,FALSE,FALSE,FALSE,FALSE,,,,,,Raw,PROBABLE,FALSE,CONFIRMED,S270;S271;S272;S749;S1535;S1700;S1811,,
RR2024M,damian-priest,RR2024M,26,CONFIRMED,Damian Priest,Damian Priest,3,4,FALSE,2023,Eliminated (elim #15),15,FALSE,FALSE,N/A,FALSE,N/A,"41 Years, 4 Months, 1 Days",DERIVED,1.96,113,New York City,PROBABLE,Heel,PROBABLE,,,The Judgment Day,The Judgment Day,Undisputed WWE Tag Team Championship,Tag Team,finn-balor,2,2023-10-16,103,FALSE,FALSE,25,PROBABLE,sami-zayn,,,10:24,624,CONFIRMED,,1,r-truth,1,0,FALSE,FALSE,FALSE,FALSE,FALSE,FALSE,FALSE,,,,,,Raw,PROBABLE,FALSE,CONFIRMED,S270;S271;S272;S274;S275;S531;S853;S1553;S1700;S1704;S1811,,
RR2024M,cm-punk,RR2024M,27,CONFIRMED,CM Punk,CM Punk,6,7,FALSE,2014,Eliminated (elim #27),27,FALSE,FALSE,N/A,FALSE,N/A,"45 Years, 3 Months, 1 Days",DERIVED,1.88,99,"Chicago, Illinois",PROBABLE,Face,PROBABLE,,,,,N/A,N/A,N/A,N/A,N/A,N/A,N/A,N/A,29,PROBABLE,cody-rhodes,,,21:45,1305,CONFIRMED,,2,dominik-mysterio;drew-mcintyre,2,0,FALSE,FALSE,TRUE,TRUE,TRUE,TRUE,FALSE,,,,,,Raw,PROBABLE,FALSE,CONFIRMED,S270;S271;S272;S744;S1594;S1700;S1811,,
RR2024M,ricochet,RR2024M,28,CONFIRMED,Ricochet,Ricochet,4,5,FALSE,2023,Eliminated (elim #25),25,FALSE,FALSE,N/A,FALSE,N/A,"35 Years, 3 Months, 16 Days",DERIVED,1.75,85,"Paducah, Kentucky",PROBABLE,Face,PROBABLE,,,,,N/A,N/A,N/A,N/A,N/A,N/A,N/A,N/A,24,PROBABLE,drew-mcintyre,,,05:10,310,CONFLICTING,,0,,0,0,FALSE,FALSE,FALSE,FALSE,FALSE,FALSE,FALSE,,,,,,Raw,PROBABLE,FALSE,CONFIRMED,S270;S271;S272;S849;S899;S1558;S1700;S1811,,
RR2024M,drew-mcintyre,RR2024M,29,CONFIRMED,Drew McIntyre,Drew McIntyre,7,8,FALSE,2023,Eliminated (elim #21),21,FALSE,FALSE,N/A,FALSE,N/A,"38 Years, 7 Months, 21 Days",DERIVED,1.96,125,"Ayr, Scotland",PROBABLE,Face,PROBABLE,,,,,N/A,N/A,N/A,N/A,N/A,N/A,N/A,N/A,27,PROBABLE,cm-punk,,,09:52,592,CONFLICTING,,2,ricochet;sami-zayn,2,0,FALSE,FALSE,FALSE,FALSE,FALSE,TRUE,FALSE,,,,,,Raw,PROBABLE,FALSE,CONFIRMED,S270;S271;S272;S778;S1594;S1700;S1811,,
RR2024M,sami-zayn,RR2024M,30,CONFIRMED,Sami Zayn,Sami Zayn,5,6,FALSE,2022,Eliminated (elim #4),4,FALSE,FALSE,N/A,FALSE,N/A,"39 Years, 6 Months, 15 Days",DERIVED,1.85,96,"Montreal, Quebec, Canada",PROBABLE,Face,PROBABLE,,,,,N/A,N/A,N/A,N/A,N/A,N/A,N/A,N/A,26,PROBABLE,drew-mcintyre,,,03:19,199,CONFIRMED,,1,damian-priest,1,0,FALSE,FALSE,FALSE,FALSE,FALSE,FALSE,TRUE,,,,,,Raw,PROBABLE,FALSE,CONFIRMED,S270;S271;S272;S820;S1573;S1700;S1811,,
RR2024W,natalya,RR2024W,1,CONFIRMED,Natalya,Natalya,6,7,FALSE,2023,Eliminated (elim #5),5,FALSE,FALSE,N/A,FALSE,N/A,"41 Years, 8 Months, 0 Days",DERIVED,1.65,61,"Calgary, Alberta, Canada",CONFIRMED,Face,PROBABLE,,,,,N/A,N/A,N/A,N/A,N/A,N/A,N/A,N/A,3,PROBABLE,tegan-nox,,,20:57,1257,CONFIRMED,,0,,0,0,FALSE,FALSE,FALSE,FALSE,FALSE,FALSE,FALSE,,,,,,Raw,PROBABLE,FALSE,CONFIRMED,S292;S293;S294;S920;S1007;S1613;S1700;S1811,,
RR2024W,naomi,RR2024W,2,CONFIRMED,Naomi,Naomi,5,6,FALSE,2022,Eliminated (elim #11),11,FALSE,FALSE,N/A,TRUE,more than 1 year away from WWE,"36 Years, 1 Months, 28 Days",DERIVED,1.65,57,"Orlando, Florida",CONFIRMED,Face,PROBABLE,,,,,N/A,N/A,N/A,N/A,N/A,N/A,N/A,N/A,25,PROBABLE,jade-cargill,,,1:02:18,3738,CONFIRMED,,2,becky-lynch;alba-fyre,1,1,FALSE,FALSE,FALSE,FALSE,FALSE,FALSE,TRUE,,,,,,Unaffiliated,PROBABLE,FALSE,CONFIRMED,S292;S293;S294;S922;S1009;S1615;S1700;S1716;S1811,,
RR2024W,bayley,RR2024W,3,CONFIRMED,Bayley,Bayley,4,5,FALSE,2023,Eliminated (elim #13),13,FALSE,FALSE,N/A,FALSE,N/A,"34 Years, 7 Months, 12 Days",DERIVED,1.68,54,"San Jose, California",CONFIRMED,Heel,PROBABLE,,,Damage CTRL,Damage CTRL,N/A,N/A,N/A,N/A,N/A,N/A,N/A,N/A,,,,,,1:03:03,3783,CONFLICTING,,7,candice-lerae;indi-hartwell;bianca-belair;tegan-nox;maxxine-dupri;tiffany-stratton;liv-morgan,6,1,FALSE,TRUE,FALSE,TRUE,TRUE,TRUE,FALSE,,,,,,SmackDown,PROBABLE,FALSE,CONFIRMED,S292;S293;S294;S531;S931;S1018;S1624;S1700;S1811,,
RR2024W,candice-lerae,RR2024W,4,CONFIRMED,Candice LeRae,Candice LeRae,3,4,FALSE,2023,Eliminated (elim #7),7,FALSE,FALSE,N/A,FALSE,N/A,"38 Years, 3 Months, 29 Days",DERIVED,1.58,50,"Anaheim, California",CONFIRMED,Face,PROBABLE,,,The Way (w/ Indi Hartwell),,N/A,N/A,N/A,N/A,N/A,N/A,N/A,N/A,2,PROBABLE,asuka;bayley;kairi-sane,,,15:23,923,CONFLICTING,,0,,0,0,FALSE,FALSE,FALSE,FALSE,FALSE,FALSE,FALSE,,,,,,Raw,PROBABLE,FALSE,CONFIRMED,S292;S293;S294;S531;S940;S1027;S1633;S1700;S1811,,
RR2024W,jordynne-grace,RR2024W,5,CONFIRMED,Jordynne Grace,Jordynne Grace,0,1,TRUE,N/A,N/A,N/A,TRUE,FALSE,N/A,FALSE,N/A,"27 Years, 10 Months, 22 Days",DERIVED,1.60,68,"Austin, Texas",CONFIRMED,Face,PROBABLE,,,,,TNA Knockouts World Championship,World,N/A,3,2024-01-13,14,FALSE,FALSE,7,PROBABLE,bianca-belair,,,19:10,1150,CONFIRMED,,0,,0,0,FALSE,FALSE,FALSE,FALSE,FALSE,FALSE,TRUE,,,,,,TNA,PROBABLE,FALSE,CONFIRMED,S292;S293;S294;S296;S297;S973;S1059;S1681;S1700;S1811,,
RR2024W,indi-hartwell,RR2024W,6,CONFIRMED,Indi Hartwell,Indi Hartwell,1,2,FALSE,2023,Eliminated (elim #18),18,FALSE,FALSE,N/A,FALSE,N/A,"27 Years, 5 Months, 10 Days",DERIVED,1.75,63,"Melbourne, Australia",CONFIRMED,Face,PROBABLE,,,The Way (w/ Candice LeRae),,N/A,N/A,N/A,N/A,N/A,N/A,N/A,N/A,1,PROBABLE,bayley,,,03:23,203,CONFIRMED,,0,,0,0,FALSE,FALSE,FALSE,FALSE,FALSE,FALSE,FALSE,,,,,,Raw,PROBABLE,FALSE,CONFIRMED,S292;S293;S294;S531;S972;S1058;S1659;S1700;S1811,,
RR2024W,asuka,RR2024W,7,CONFIRMED,Asuka,Asuka,2,3,FALSE,2023,Eliminated (elim #28),28,FALSE,FALSE,N/A,FALSE,N/A,"42 Years, 4 Months, 1 Days",DERIVED,1.60,62,"Osaka, Japan",CONFIRMED,Heel,PROBABLE,,,The Kabuki Warriors,Damage CTRL,WWE Women's Tag Team Championship,Tag Team,kairi-sane,4,2024-01-26,1,FALSE,FALSE,6,PROBABLE,kacy-catanzaro;kayden-carter,,,12:59,779,CONFLICTING,,1,candice-lerae,0,1,FALSE,FALSE,FALSE,FALSE,FALSE,FALSE,FALSE,,,,,,SmackDown,PROBABLE,FALSE,CONFIRMED,S292;S293;S294;S296;S297;S531;S927;S1014;S1620;S1700;S1811,,
RR2024W,ivy-nile,RR2024W,8,CONFIRMED,Ivy Nile,Ivy Nile,0,1,TRUE,N/A,N/A,N/A,TRUE,FALSE,N/A,FALSE,N/A,"31 Years, 11 Months, 1 Days",DERIVED,1.60,57,"Knoxville, Tennessee",CONFLICTING,Face,PROBABLE,,,,Diamond Mine,N/A,N/A,N/A,N/A,N/A,N/A,N/A,N/A,10,PROBABLE,nia-jax,,,23:27,1407,CONFLICTING,,0,,0,0,FALSE,FALSE,FALSE,FALSE,FALSE,FALSE,FALSE,,,,,,Raw,PROBABLE,FALSE,CONFIRMED,S292;S293;S294;S531;S974;S1060;S1661;S1700;S1811,,
RR2024W,kacy-catanzaro,RR2024W,9,CONFIRMED,Katana Chance,Katana Chance,1,2,FALSE,2019,Eliminated (elim #16),16,FALSE,FALSE,N/A,FALSE,N/A,"34 Years, 0 Months, 13 Days",DERIVED,1.52,43,"Belleville, New Jersey",CONFIRMED,Face,PROBABLE,Katana Chance,,Katana Chance & Kayden Carter,,N/A,N/A,N/A,N/A,N/A,N/A,N/A,N/A,13,PROBABLE,nia-jax,,,25:48,1548,CONFIRMED,,1,asuka,0,1,FALSE,FALSE,FALSE,FALSE,FALSE,FALSE,FALSE,,,,,,Raw,PROBABLE,FALSE,CONFIRMED,S292;S293;S294;S531;S942;S1029;S1681;S1700;S1811,,
RR2024W,bianca-belair,RR2024W,10,CONFIRMED,Bianca Belair,Bianca Belair,3,4,FALSE,2022,Eliminated (elim #28),28,FALSE,FALSE,N/A,FALSE,N/A,"34 Years, 9 Months, 18 Days",DERIVED,1.70,70,"Knoxville, Tennessee",CONFIRMED,Face,PROBABLE,,,,,N/A,N/A,N/A,N/A,N/A,N/A,N/A,N/A,26,PROBABLE,bayley,,,47:46,2866,CONFIRMED,,1,jordynne-grace,1,0,FALSE,FALSE,FALSE,FALSE,FALSE,FALSE,FALSE,,,,,,SmackDown,PROBABLE,FALSE,CONFIRMED,S292;S293;S294;S947;S1033;S1681;S1700;S1811,,
RR2024W,kairi-sane,RR2024W,11,CONFIRMED,Kairi Sane,Kairi Sane,3,4,FALSE,2020,Eliminated (elim #9),9,FALSE,FALSE,N/A,FALSE,N/A,"35 Years, 4 Months, 4 Days",DERIVED,1.55,52,"Yamaguchi Prefecture, Japan",CONFLICTING,Heel,PROBABLE,,,The Kabuki Warriors,Damage CTRL,WWE Women's Tag Team Championship,Tag Team,asuka,2,2024-01-26,1,FALSE,FALSE,5,PROBABLE,kayden-carter,,,05:00,300,CONFIRMED,,1,candice-lerae,0,1,FALSE,FALSE,FALSE,FALSE,FALSE,FALSE,FALSE,,,,,,SmackDown,PROBABLE,FALSE,CONFIRMED,S292;S293;S294;S296;S297;S531;S908;S995;S1602;S1700;S1811,,
RR2024W,tegan-nox,RR2024W,12,CONFIRMED,Tegan Nox,Tegan Nox,2,3,FALSE,2023,Eliminated (elim #8),8,FALSE,FALSE,N/A,FALSE,N/A,"29 Years, 2 Months, 12 Days",DERIVED,1.70,64,Welsh Valleys,CONFLICTING,Face,PROBABLE,,,,,N/A,N/A,N/A,N/A,N/A,N/A,N/A,N/A,4,PROBABLE,bayley,,,01:22,82,CONFIRMED,,1,natalya,1,0,FALSE,FALSE,FALSE,FALSE,FALSE,FALSE,FALSE,,,,,,Raw,PROBABLE,FALSE,CONFIRMED,S292;S293;S294;S954;S1040;S1681;S1700;S1811,,
RR2024W,kayden-carter,RR2024W,13,CONFIRMED,Kayden Carter,Kayden Carter,0,1,TRUE,N/A,N/A,N/A,TRUE,FALSE,N/A,FALSE,N/A,"35 Years, 8 Months, 7 Days",DERIVED,1.57,54,The Philippine Islands,CONFLICTING,Face,PROBABLE,,,Katana Chance & Kayden Carter,,N/A,N/A,N/A,N/A,N/A,N/A,N/A,N/A,8,PROBABLE,piper-niven,,,11:48,708,CONFIRMED,,2,asuka;kairi-sane,1,1,FALSE,FALSE,FALSE,FALSE,FALSE,FALSE,FALSE,,,,,,Raw,PROBABLE,FALSE,CONFIRMED,S292;S293;S294;S531;S975;S1061;S1681;S1700;S1811,,
RR2024W,chelsea-green,RR2024W,14,CONFIRMED,Chelsea Green,Chelsea Green,2,3,FALSE,2023,Eliminated (elim #9),9,FALSE,FALSE,N/A,FALSE,N/A,"32 Years, 9 Months, 23 Days",DERIVED,1.70,57,"Victoria, British Columbia, Canada",CONFLICTING,Heel,PROBABLE,,,Chelsea Green & Piper Niven,,N/A,N/A,N/A,N/A,N/A,N/A,N/A,N/A,14,PROBABLE,becky-lynch,,,17:32,1052,CONFLICTING,,0,,0,0,FALSE,FALSE,FALSE,FALSE,FALSE,FALSE,FALSE,,,,,,Raw,PROBABLE,FALSE,CONFIRMED,S292;S293;S294;S531;S951;S1037;S1643;S1700;S1811,,
RR2024W,piper-niven,RR2024W,15,CONFIRMED,Piper Niven,Piper Niven,1,2,FALSE,2023,Eliminated (elim #25),25,FALSE,FALSE,N/A,FALSE,N/A,"32 Years, 8 Months, 21 Days",DERIVED,1.73,94,"Ayrshire, Scotland",CONFIRMED,Heel,PROBABLE,,,Chelsea Green & Piper Niven,,N/A,N/A,N/A,N/A,N/A,N/A,N/A,N/A,12,PROBABLE,nia-jax,,,12:39,759,CONFIRMED,,1,kayden-carter,1,0,FALSE,FALSE,FALSE,FALSE,FALSE,FALSE,FALSE,,,,,,Raw,PROBABLE,FALSE,CONFIRMED,S292;S293;S294;S531;S970;S1056;S1681;S1700;S1811,,
RR2024W,xia-li,RR2024W,16,CONFIRMED,Xia Li,Xia Li,3,4,FALSE,2023,Eliminated (elim #14),14,FALSE,FALSE,N/A,FALSE,N/A,"35 Years, 5 Months, 30 Days",DERIVED,1.63,62,"Chongqing, China",CONFLICTING,Heel,PROBABLE,,,,,N/A,N/A,N/A,N/A,N/A,N/A,N/A,N/A,9,PROBABLE,nia-jax,,,06:46,406,CONFLICTING,,0,,0,0,FALSE,FALSE,FALSE,FALSE,FALSE,FALSE,FALSE,,,,,,Raw,PROBABLE,FALSE,CONFIRMED,S292;S293;S294;S937;S1024;S1630;S1700;S1811,,
RR2024W,zelina-vega,RR2024W,17,CONFIRMED,Zelina Vega,Zelina Vega,4,5,FALSE,2023,Eliminated (elim #17),17,FALSE,FALSE,N/A,FALSE,N/A,"33 Years, 1 Months, 0 Days",DERIVED,1.55,48,"Queens, New York",PROBABLE,Face,PROBABLE,,,,Latino World Order,N/A,N/A,N/A,N/A,N/A,N/A,N/A,N/A,17,PROBABLE,zoey-stark;shayna-baszler,,,20:00,1200,CONFLICTING,,0,,0,0,FALSE,FALSE,FALSE,FALSE,FALSE,FALSE,FALSE,,,,,,SmackDown,PROBABLE,FALSE,CONFIRMED,S292;S293;S294;S531;S943;S1075;S1681;S1700;S1811;S1829;S1830;S1831,,
RR2024W,maxxine-dupri,RR2024W,18,CONFIRMED,Maxxine Dupri,Maxxine Dupri,0,1,TRUE,N/A,N/A,N/A,TRUE,FALSE,N/A,FALSE,N/A,"26 Years, 8 Months, 8 Days",DERIVED,1.73,61,"Sacramento, California",CONFIRMED,Face,PROBABLE,,,,Alpha Academy,N/A,N/A,N/A,N/A,N/A,N/A,N/A,N/A,11,PROBABLE,bayley,,,06:39,399,CONFIRMED,,0,,0,0,FALSE,FALSE,FALSE,FALSE,FALSE,FALSE,FALSE,,,,,,Raw,PROBABLE,FALSE,CONFIRMED,S292;S293;S294;S531;S976;S1062;S1663;S1700;S1811,,
RR2024W,nia-jax,RR2024W,19,CONFIRMED,Nia Jax,Nia Jax,5,6,FALSE,2023,Eliminated (elim #19),19,FALSE,FALSE,N/A,FALSE,N/A,"39 Years, 7 Months, 29 Days",DERIVED,1.83,123,"San Diego, California",CONFLICTING,Heel,PROBABLE,,,,,N/A,N/A,N/A,N/A,N/A,N/A,N/A,N/A,21,PROBABLE,jade-cargill,,,20:15,1215,CONFLICTING,,8,ivy-nile;kacy-catanzaro;piper-niven;xia-li;shotzi-blackheart;shayna-baszler;sarah-logan;mia-yim,8,0,FALSE,FALSE,FALSE,FALSE,FALSE,FALSE,FALSE,,,,,,Raw,PROBABLE,FALSE,CONFIRMED,S292;S293;S294;S924;S1011;S1681;S1700;S1811,,
RR2024W,shotzi-blackheart,RR2024W,20,CONFIRMED,Shotzi,Shotzi,4,5,FALSE,2023,Eliminated (elim #23),23,FALSE,FALSE,N/A,FALSE,N/A,"31 Years, 10 Months, 13 Days",DERIVED,1.68,57,"Oakland, California",CONFIRMED,Face,PROBABLE,,,,,N/A,N/A,N/A,N/A,N/A,N/A,N/A,N/A,20,PROBABLE,nia-jax,,,15:14,914,CONFLICTING,,0,,0,0,FALSE,FALSE,FALSE,FALSE,FALSE,FALSE,FALSE,,,,,,SmackDown,PROBABLE,FALSE,CONFIRMED,S292;S293;S294;S953;S1039;S1681;S1700;S1811,,
RR2024W,becky-lynch,RR2024W,21,CONFIRMED,Becky Lynch,Becky Lynch,3,4,FALSE,2023,Eliminated (elim #12),12,FALSE,FALSE,N/A,FALSE,N/A,"36 Years, 11 Months, 28 Days",DERIVED,1.68,61,"Dublin, Ireland",CONFIRMED,Face,PROBABLE,,,,,N/A,N/A,N/A,N/A,N/A,N/A,N/A,N/A,24,PROBABLE,naomi;jade-cargill,,,22:29,1349,CONFIRMED,,1,chelsea-green,1,0,FALSE,FALSE,FALSE,FALSE,FALSE,FALSE,FALSE,,,,,,Raw,PROBABLE,FALSE,CONFIRMED,S292;S293;S294;S904;S991;S1598;S1700;S1811,,
RR2024W,alba-fyre,RR2024W,22,CONFIRMED,Alba Fyre,Alba Fyre,0,1,TRUE,N/A,N/A,N/A,TRUE,FALSE,N/A,FALSE,N/A,"31 Years, 5 Months, 16 Days",DERIVED,1.73,51,"Johnstone, Scotland",PROBABLE,Heel,PROBABLE,,,,,N/A,N/A,N/A,N/A,N/A,N/A,N/A,N/A,16,PROBABLE,naomi,,,06:21,381,CONFIRMED,,0,,0,0,FALSE,FALSE,FALSE,FALSE,FALSE,FALSE,FALSE,,,,,,SmackDown,PROBABLE,FALSE,CONFIRMED,S292;S293;S294;S977;S1681;S1700;S1811,,
RR2024W,shayna-baszler,RR2024W,23,CONFIRMED,Shayna Baszler,Shayna Baszler,4,5,FALSE,2023,Eliminated (elim #6),6,FALSE,FALSE,N/A,FALSE,N/A,"43 Years, 5 Months, 19 Days",DERIVED,1.70,62,"Sioux Falls, South Dakota",CONFIRMED,Face,PROBABLE,,,,,N/A,N/A,N/A,N/A,N/A,N/A,N/A,N/A,18,PROBABLE,nia-jax,,,08:27,507,CONFIRMED,,1,zelina-vega,0,1,FALSE,FALSE,FALSE,FALSE,FALSE,FALSE,FALSE,,,,,,Raw,PROBABLE,FALSE,CONFIRMED,S292;S293;S294;S956;S1042;S1648;S1700;S1811,,
RR2024W,sarah-logan,RR2024W,24,CONFIRMED,Valhalla,Valhalla,4,5,FALSE,2022,Eliminated (elim #16),16,FALSE,FALSE,N/A,FALSE,N/A,"30 Years, 4 Months, 17 Days",DERIVED,1.68,63,"Louisville, Kentucky",CONFIRMED,Heel,PROBABLE,Valhalla,,,The Viking Raiders,N/A,N/A,N/A,N/A,N/A,N/A,N/A,N/A,15,PROBABLE,nia-jax,,,00:05,5,CONFIRMED,,0,,0,0,FALSE,FALSE,FALSE,FALSE,FALSE,FALSE,FALSE,,,,,,Raw,PROBABLE,FALSE,CONFIRMED,S292;S293;S294;S531;S905;S992;S1074;S1599;S1700;S1811,,
RR2024W,mia-yim,RR2024W,25,CONFIRMED,Michin,Michin,2,3,FALSE,2023,Eliminated (elim #24),24,FALSE,FALSE,N/A,FALSE,N/A,"34 Years, 9 Months, 11 Days",DERIVED,1.70,60,"San Diego, California",CONFLICTING,Face,PROBABLE,Michin,,,The O.C.,N/A,N/A,N/A,N/A,N/A,N/A,N/A,N/A,19,PROBABLE,nia-jax,,,05:02,302,CONFLICTING,,0,,0,0,FALSE,FALSE,FALSE,FALSE,FALSE,FALSE,FALSE,,,,,,SmackDown,PROBABLE,FALSE,CONFIRMED,S292;S293;S294;S531;S949;S1035;S1641;S1700;S1811,,
RR2024W,zoey-stark,RR2024W,26,CONFIRMED,Zoey Stark,Zoey Stark,1,2,FALSE,2023,Eliminated (elim #16),16,FALSE,FALSE,N/A,FALSE,N/A,"30 Years, 0 Months, 2 Days",DERIVED,1.70,64,"Las Vegas, Nevada",PROBABLE,Heel,PROBABLE,,,,,N/A,N/A,N/A,N/A,N/A,N/A,N/A,N/A,22,PROBABLE,liv-morgan,,,09:58,598,CONFLICTING,,1,zelina-vega,0,1,FALSE,FALSE,FALSE,FALSE,FALSE,FALSE,FALSE,,,,,,Raw,PROBABLE,FALSE,CONFIRMED,S292;S293;S294;S969;S1055;S1681;S1700;S1811,,
RR2024W,roxanne-perez,RR2024W,27,CONFIRMED,Roxanne Perez,Roxanne Perez,1,2,FALSE,2023,Eliminated (elim #4),4,FALSE,FALSE,N/A,FALSE,N/A,"22 Years, 2 Months, 22 Days",DERIVED,1.55,52,"Laredo, Texas",CONFIRMED,Face,PROBABLE,,,,,N/A,N/A,N/A,N/A,N/A,N/A,N/A,N/A,23,PROBABLE,tiffany-stratton,,,08:29,509,CONFLICTING,,0,,0,0,FALSE,FALSE,FALSE,FALSE,FALSE,FALSE,TRUE,,,,,,NXT,PROBABLE,FALSE,CONFIRMED,S292;S293;S294;S968;S1054;S1681;S1700;S1811;S1827;S1828,,
RR2024W,jade-cargill,RR2024W,28,CONFIRMED,Jade Cargill,Jade Cargill,0,1,TRUE,N/A,N/A,N/A,TRUE,FALSE,N/A,FALSE,N/A,"31 Years, 7 Months, 24 Days",DERIVED,1.78,73,"Vero Beach, Florida",CONFIRMED,Face,PROBABLE,,,,,N/A,N/A,N/A,N/A,N/A,N/A,N/A,N/A,28,PROBABLE,liv-morgan,,,11:03,663,CONFIRMED,,3,naomi;nia-jax;becky-lynch,2,1,FALSE,FALSE,FALSE,FALSE,TRUE,TRUE,TRUE,,,,,,Unaffiliated,PROBABLE,FALSE,CONFIRMED,S292;S293;S294;S978;S1063;S1664;S1700;S1811,,
RR2024W,tiffany-stratton,RR2024W,29,CONFIRMED,Tiffany Stratton,Tiffany Stratton,0,1,TRUE,N/A,N/A,N/A,TRUE,FALSE,N/A,FALSE,N/A,"24 Years, 8 Months, 26 Days",DERIVED,1.70,65,"Minneapolis, Minnesota",CONFLICTING,Heel,PROBABLE,,,,,N/A,N/A,N/A,N/A,N/A,N/A,N/A,N/A,27,PROBABLE,bayley,,,06:52,412,CONFLICTING,,1,roxanne-perez,1,0,FALSE,FALSE,FALSE,FALSE,FALSE,TRUE,TRUE,,,,,,NXT,PROBABLE,FALSE,CONFIRMED,S292;S293;S294;S979;S1064;S1665;S1700;S1811,,
RR2024W,liv-morgan,RR2024W,30,CONFIRMED,Liv Morgan,Liv Morgan,6,7,FALSE,2023,Runner-up (elim #29),29,FALSE,FALSE,N/A,TRUE,more than 6 months (shoulder injury),"29 Years, 7 Months, 19 Days",DERIVED,1.60,57,"Elmwood Park, New Jersey",CONFLICTING,Face,PROBABLE,,,,,N/A,N/A,N/A,N/A,N/A,N/A,N/A,N/A,29,PROBABLE,bayley,,,06:26,386,CONFIRMED,,2,zoey-stark;jade-cargill,2,0,FALSE,FALSE,TRUE,TRUE,TRUE,TRUE,TRUE,,,,,,Raw,PROBABLE,FALSE,CONFIRMED,S292;S293;S294;S913;S1000;S1607;S1700;S1716;S1811,,
RR2025M,rey-mysterio,RR2025M,1,CONFIRMED,Rey Mysterio,Rey Mysterio,13,14,FALSE,2023,Did not enter,N/A,FALSE,FALSE,N/A,FALSE,N/A,"50 Years, 1 Months, 21 Days",DERIVED,1.68,79,"San Diego, California",PROBABLE,Face,PROBABLE,,,,,N/A,N/A,N/A,N/A,N/A,N/A,N/A,N/A,6,CONFIRMED,jacob-fatu,,,24:41,1481,CONFLICTING,,0,,0,0,FALSE,FALSE,FALSE,FALSE,FALSE,FALSE,FALSE,,,,,,Raw,PROBABLE,TRUE,CONFIRMED,S314;S317;S316;S068;S069;S436;S695;S1595;S1700;S1812,,
RR2025M,penta,RR2025M,2,CONFIRMED,Penta,Penta,0,1,TRUE,N/A,N/A,N/A,TRUE,FALSE,N/A,FALSE,N/A,"39 Years, 11 Months, 27 Days",DERIVED,1.80,87,"Mexico City, Mexico",PROBABLE,Face,PROBABLE,,,,,N/A,N/A,N/A,N/A,N/A,N/A,N/A,N/A,14,CONFIRMED,finn-balor,,,42:05,2525,CONFLICTING,,1,ludwig-kaiser,1,0,FALSE,FALSE,FALSE,FALSE,FALSE,FALSE,FALSE,,,,,,Raw,PROBABLE,TRUE,CONFIRMED,S314;S317;S316;S879;S1595;S1700;S1812,,
RR2025M,chad-gable,RR2025M,3,CONFIRMED,Chad Gable,Chad Gable,2,3,FALSE,2023,Eliminated (elim #7),7,FALSE,FALSE,N/A,FALSE,N/A,"38 Years, 10 Months, 24 Days",DERIVED,1.73,92,"Minneapolis, Minnesota",PROBABLE,Heel,PROBABLE,,Ivy Nile,,American Made,N/A,N/A,N/A,N/A,N/A,N/A,N/A,N/A,5,CONFIRMED,jacob-fatu,,,21:38,1298,CONFIRMED,,0,,0,0,FALSE,FALSE,FALSE,FALSE,FALSE,FALSE,FALSE,,,,,,Raw,PROBABLE,FALSE,CONFIRMED,S314;S317;S316;S532;S529;S862;S1539;S1700;S1812,,
RR2025M,carmelo-hayes,RR2025M,4,CONFIRMED,Carmelo Hayes,Carmelo Hayes,1,2,FALSE,2024,Eliminated (elim #6),6,FALSE,FALSE,N/A,FALSE,N/A,"30 Years, 6 Months, 0 Days",DERIVED,1.78,95,"Worcester, Massachusetts",PROBABLE,Heel,PROBABLE,,,,,N/A,N/A,N/A,N/A,N/A,N/A,N/A,N/A,1,CONFIRMED,bron-breakker,,,06:59,419,CONFLICTING,,0,,0,0,FALSE,FALSE,FALSE,FALSE,FALSE,FALSE,FALSE,,,,,,SmackDown,PROBABLE,FALSE,CONFIRMED,S314;S317;S316;S872;S1565;S1700;S1812,,
RR2025M,santos-escobar,RR2025M,5,CONFIRMED,Santos Escobar,Santos Escobar,2,3,FALSE,2024,Eliminated (elim #2),2,FALSE,FALSE,N/A,FALSE,N/A,"40 Years, 9 Months, 2 Days",DERIVED,1.85,93,"""The Highlands of Guerrero"", Mexico",PROBABLE,Heel,PROBABLE,,,,Legado del Fantasma,N/A,N/A,N/A,N/A,N/A,N/A,N/A,N/A,2,CONFIRMED,bron-breakker,,,05:42,342,CONFLICTING,,0,,0,0,FALSE,FALSE,FALSE,FALSE,FALSE,FALSE,FALSE,,,,,,SmackDown,PROBABLE,FALSE,CONFIRMED,S314;S317;S316;S532;S869;S1595;S1700;S1812,,
RR2025M,otis,RR2025M,6,CONFIRMED,Otis,Otis,3,4,FALSE,2023,Eliminated (elim #11),11,FALSE,FALSE,N/A,FALSE,N/A,"33 Years, 1 Months, 11 Days",DERIVED,1.78,143,"Superior, Wisconsin",PROBABLE,Face,PROBABLE,,,Alpha Academy,,N/A,N/A,N/A,N/A,N/A,N/A,N/A,N/A,3,CONFIRMED,bron-breakker;ishowspeed,,,09:43,583,CONFLICTING,,1,ishowspeed,1,0,FALSE,FALSE,FALSE,FALSE,FALSE,FALSE,FALSE,,,,,,Raw,PROBABLE,FALSE,CONFIRMED,S314;S317;S316;S532;S854;S1595;S1700;S1812,,
RR2025M,bron-breakker,RR2025M,7,CONFIRMED,Bron Breakker,Bron Breakker,1,2,FALSE,2024,Eliminated (elim #18),18,FALSE,FALSE,N/A,FALSE,N/A,"27 Years, 3 Months, 8 Days",DERIVED,1.83,113,"Atlanta, Georgia",PROBABLE,Heel,PROBABLE,,,,,Intercontinental Championship,Intercontinental/United States,N/A,2,2024-10-21,103,FALSE,FALSE,12,CONFIRMED,roman-reigns,,,22:26,1346,CONFLICTING,,3,carmelo-hayes;santos-escobar;otis,2,1,FALSE,FALSE,FALSE,FALSE,FALSE,FALSE,FALSE,,,,,,Raw,PROBABLE,FALSE,CONFIRMED,S314;S317;S316;S320;S321;S322;S876;S1569;S1700;S1812,,
RR2025M,ishowspeed,RR2025M,8,CONFIRMED,IShowSpeed,IShowSpeed,0,1,TRUE,N/A,N/A,N/A,TRUE,FALSE,N/A,FALSE,N/A,"20 Years, 0 Months, 11 Days",DERIVED,1.73,66,"Cincinnati, Ohio, U.S.",PROBABLE,Face,PROBABLE,,,,,N/A,N/A,N/A,N/A,N/A,N/A,N/A,N/A,4,CONFIRMED,otis,,,00:56,56,CONFLICTING,,1,otis,0,1,FALSE,FALSE,FALSE,FALSE,FALSE,FALSE,TRUE,,TRUE,TRUE,,,Unaffiliated,PROBABLE,FALSE,CONFLICTING,S314;S317;S316;S880;S1595;S1574;S1700;S1812,Replaced Akira Tozawa at No.8.,
RR2025M,sheamus,RR2025M,9,CONFIRMED,Sheamus,Sheamus,10,11,FALSE,2023,Eliminated (elim #20),20,FALSE,FALSE,N/A,FALSE,N/A,"47 Years, 0 Months, 4 Days",DERIVED,1.91,121,"Dublin, Ireland",PROBABLE,Face,PROBABLE,,,,,N/A,N/A,N/A,N/A,N/A,N/A,N/A,N/A,10,CONFIRMED,roman-reigns,,,15:38,938,CONFLICTING,,0,,0,0,FALSE,FALSE,FALSE,FALSE,FALSE,FALSE,FALSE,,,,,,Raw,PROBABLE,FALSE,CONFIRMED,S314;S317;S316;S776;S1595;S1700;S1812,,
RR2025M,jimmy-uso,RR2025M,10,CONFIRMED,Jimmy Uso,Jimmy Uso,2,3,FALSE,2024,Eliminated (elim #12),12,FALSE,FALSE,N/A,FALSE,N/A,"39 Years, 5 Months, 10 Days",DERIVED,1.91,114,"San Francisco, California",PROBABLE,Face,PROBABLE,,,,,N/A,N/A,N/A,N/A,N/A,N/A,N/A,N/A,13,CONFIRMED,jacob-fatu,,,15:34,934,CONFIRMED,,0,,0,0,FALSE,FALSE,FALSE,FALSE,FALSE,FALSE,FALSE,,,,,,SmackDown,PROBABLE,FALSE,CONFIRMED,S314;S317;S316;S802;S1562;S1700;S1812,,
RR2025M,andrade,RR2025M,11,CONFIRMED,Andrade,Andrade,3,4,FALSE,2024,Eliminated (elim #8),8,FALSE,FALSE,N/A,FALSE,N/A,"35 Years, 2 Months, 29 Days",DERIVED,1.75,104,"Gómez Palacio, Durango, Mexico",PROBABLE,Face,PROBABLE,,,,,N/A,N/A,N/A,N/A,N/A,N/A,N/A,N/A,7,CONFIRMED,jacob-fatu,,,03:17,197,CONFLICTING,,0,,0,0,FALSE,FALSE,FALSE,FALSE,FALSE,FALSE,FALSE,,,,,,SmackDown,PROBABLE,FALSE,CONFIRMED,S314;S317;S316;S834;S1564;S1700;S1812,,
RR2025M,jacob-fatu,RR2025M,12,CONFIRMED,Jacob Fatu,Jacob Fatu,0,1,TRUE,N/A,N/A,N/A,TRUE,FALSE,N/A,FALSE,N/A,"32 Years, 9 Months, 14 Days",DERIVED,1.88,129,Samoa,PROBABLE,Tweener,PROBABLE,,Solo Sikoa,,The Bloodline,N/A,N/A,N/A,N/A,N/A,N/A,N/A,N/A,16,CONFIRMED,braun-strowman,,,24:16,1456,CONFIRMED,,4,rey-mysterio;chad-gable;jimmy-uso;andrade,4,0,FALSE,FALSE,FALSE,FALSE,FALSE,FALSE,FALSE,,,,,,SmackDown,PROBABLE,FALSE,CONFIRMED,S314;S317;S316;S532;S529;S881;S1575;S1700;S1812,,
RR2025M,ludwig-kaiser,RR2025M,13,CONFIRMED,Ludwig Kaiser,Ludwig Kaiser,1,2,FALSE,2024,Eliminated (elim #10),10,FALSE,FALSE,N/A,FALSE,N/A,"34 Years, 6 Months, 24 Days",DERIVED,1.91,100,"Hamburg, Germany",PROBABLE,Heel,PROBABLE,,,,,N/A,N/A,N/A,N/A,N/A,N/A,N/A,N/A,8,CONFIRMED,penta,,,00:06,6,CONFLICTING,,0,,0,0,FALSE,FALSE,FALSE,FALSE,FALSE,FALSE,FALSE,,,,,,Raw,PROBABLE,FALSE,CONFIRMED,S314;S317;S316;S873;S1595;S1700;S1812,,
RR2025M,the-miz,RR2025M,14,CONFIRMED,The Miz,The Miz,15,16,FALSE,2024,Eliminated (elim #22),22,FALSE,FALSE,N/A,FALSE,N/A,"44 Years, 3 Months, 24 Days",DERIVED,1.88,100,"Cleveland, Ohio",PROBABLE,Heel,PROBABLE,,,,,N/A,N/A,N/A,N/A,N/A,N/A,N/A,N/A,9,CONFIRMED,roman-reigns,,,05:25,325,CONFLICTING,,0,,0,0,FALSE,FALSE,FALSE,FALSE,FALSE,FALSE,FALSE,,,,,,SmackDown,PROBABLE,FALSE,CONFIRMED,S314;S317;S316;S749;S1595;S1700;S1812,,
RR2025M,joe-hendry,RR2025M,15,CONFIRMED,Joe Hendry,Joe Hendry,0,1,TRUE,N/A,N/A,N/A,TRUE,FALSE,N/A,FALSE,N/A,"36 Years, 9 Months, 0 Days",DERIVED,1.88,104,"Edinburgh, Scotland",PROBABLE,Face,PROBABLE,,,,,TNA World Championship,World,N/A,1,2025-01-19,13,FALSE,FALSE,11,CONFIRMED,roman-reigns,,,03:35,215,CONFIRMED,,0,,0,0,FALSE,FALSE,FALSE,FALSE,FALSE,FALSE,TRUE,,,,,,TNA,PROBABLE,FALSE,CONFIRMED,S314;S317;S316;S320;S321;S322;S882;S1595;S1700;S1812,,
RR2025M,roman-reigns,RR2025M,16,CONFIRMED,Roman Reigns,Roman Reigns,6,7,FALSE,2020,Runner-up (elim #29),29,FALSE,FALSE,N/A,FALSE,N/A,"39 Years, 8 Months, 7 Days",DERIVED,1.91,120,"Pensacola, Florida",PROBABLE,Face,PROBABLE,The OTC,,,,N/A,N/A,N/A,N/A,N/A,N/A,N/A,N/A,26,CONFIRMED,cm-punk,,,37:15,2235,CONFLICTING,,4,bron-breakker;sheamus;the-miz;joe-hendry,4,0,FALSE,FALSE,FALSE,FALSE,FALSE,FALSE,FALSE,,,TRUE,,,SmackDown,PROBABLE,FALSE,CONFIRMED,S314;S317;S316;S804;S1577;S1700;S1812,,
RR2025M,drew-mcintyre,RR2025M,17,CONFIRMED,Drew McIntyre,Drew McIntyre,8,9,FALSE,2024,Eliminated (elim #27),27,FALSE,FALSE,N/A,FALSE,N/A,"39 Years, 7 Months, 26 Days",DERIVED,1.96,125,"Ayr, Scotland",PROBABLE,Heel,PROBABLE,,,,,N/A,N/A,N/A,N/A,N/A,N/A,N/A,N/A,21,CONFIRMED,damian-priest,,,26:55,1615,CONFIRMED,,0,,0,0,FALSE,FALSE,FALSE,FALSE,FALSE,FALSE,FALSE,,,,,,Raw,PROBABLE,FALSE,CONFIRMED,S314;S317;S316;S778;S1595;S1700;S1812,,
RR2025M,finn-balor,RR2025M,18,CONFIRMED,Finn Balor,Finn Balor,3,4,FALSE,2024,Eliminated (elim #13),13,FALSE,FALSE,N/A,FALSE,N/A,"43 Years, 6 Months, 7 Days",DERIVED,1.80,86,"Bray, County Wicklow, Ireland",PROBABLE,Heel,PROBABLE,,,The Judgment Day,The Judgment Day,N/A,N/A,N/A,N/A,N/A,N/A,N/A,N/A,18,CONFIRMED,john-cena,,,11:10,670,CONFIRMED,,1,penta,1,0,FALSE,FALSE,FALSE,FALSE,FALSE,FALSE,FALSE,,,,,,Raw,PROBABLE,FALSE,CONFIRMED,S314;S317;S316;S532;S832;S1551;S1700;S1812,,
RR2025M,shinsuke-nakamura,RR2025M,19,CONFIRMED,Shinsuke Nakamura,Shinsuke Nakamura,6,7,FALSE,2024,Eliminated (elim #9),9,FALSE,FALSE,N/A,FALSE,N/A,"44 Years, 11 Months, 8 Days",DERIVED,1.88,100,"Kyoto, Japan",PROBABLE,Heel,PROBABLE,,,,,United States Championship,Intercontinental/United States,N/A,3,2024-11-30,63,FALSE,FALSE,15,CONFIRMED,jey-uso,,,03:17,197,CONFLICTING,,0,,0,0,FALSE,FALSE,FALSE,FALSE,FALSE,FALSE,FALSE,,,,,,SmackDown,PROBABLE,FALSE,CONFIRMED,S314;S317;S316;S320;S321;S322;S835;S1566;S1700;S1812,,
RR2025M,jey-uso,RR2025M,20,CONFIRMED,Jey Uso,Jey Uso,3,4,FALSE,2024,Eliminated (elim #23),23,FALSE,FALSE,N/A,FALSE,N/A,"39 Years, 5 Months, 10 Days",DERIVED,1.88,110,"San Francisco, California",PROBABLE,Face,PROBABLE,,,,,N/A,N/A,N/A,N/A,N/A,N/A,N/A,N/A,,,,,,36:59,2219,CONFLICTING,,3,shinsuke-nakamura;john-cena;sami-zayn,3,0,FALSE,TRUE,FALSE,TRUE,TRUE,TRUE,FALSE,,,,,,Raw,PROBABLE,FALSE,CONFIRMED,S314;S317;S316;S790;S1561;S1700;S1812,,
RR2025M,aj-styles,RR2025M,21,CONFIRMED,AJ Styles,AJ Styles,4,5,FALSE,2022,Eliminated (elim #14),14,FALSE,FALSE,N/A,TRUE,approximately 4 months (foot injury),"47 Years, 7 Months, 30 Days",DERIVED,1.80,100,"Gainesville, Georgia",PROBABLE,Face,PROBABLE,,,,,N/A,N/A,N/A,N/A,N/A,N/A,N/A,N/A,24,CONFIRMED,logan-paul,,,21:02,1262,CONFIRMED,,1,la-knight,1,0,FALSE,FALSE,FALSE,FALSE,FALSE,FALSE,TRUE,,,,,,SmackDown,PROBABLE,FALSE,CONFIRMED,S314;S317;S316;S815;S1578;S1700;S1717;S1812,,
RR2025M,braun-strowman,RR2025M,22,CONFIRMED,Braun Strowman,Braun Strowman,6,7,FALSE,2023,Eliminated (elim #23),23,FALSE,FALSE,N/A,FALSE,N/A,"41 Years, 4 Months, 26 Days",DERIVED,1.98,152,"Sherills Ford, North Carolina",PROBABLE,Face,PROBABLE,,,,,N/A,N/A,N/A,N/A,N/A,N/A,N/A,N/A,17,CONFIRMED,john-cena,,,02:12,132,CONFLICTING,,1,jacob-fatu,1,0,FALSE,FALSE,FALSE,FALSE,FALSE,FALSE,FALSE,,,,,,SmackDown,PROBABLE,FALSE,CONFIRMED,S314;S317;S316;S818;S1557;S1700;S1812,,
RR2025M,john-cena,RR2025M,23,CONFIRMED,John Cena,John Cena,8,9,FALSE,2018,Eliminated (elim #28),28,FALSE,FALSE,N/A,FALSE,N/A,"47 Years, 9 Months, 9 Days",DERIVED,1.85,114,"West Newbury, Massachusetts",PROBABLE,Face,PROBABLE,,,,,N/A,N/A,N/A,N/A,N/A,N/A,N/A,N/A,29,CONFIRMED,jey-uso,,,30:31,1831,CONFIRMED,,3,finn-balor;braun-strowman;logan-paul,3,0,FALSE,FALSE,TRUE,TRUE,TRUE,TRUE,FALSE,,,TRUE,,,Unaffiliated,PROBABLE,FALSE,CONFIRMED,S314;S317;S316;S068;S069;S494;S490;S702;S1579;S1700;S1812,,
RR2025M,cm-punk,RR2025M,24,CONFIRMED,CM Punk,CM Punk,7,8,FALSE,2024,Runner-up (elim #29),29,FALSE,FALSE,N/A,FALSE,N/A,"46 Years, 3 Months, 6 Days",DERIVED,1.88,99,"Chicago, Illinois",PROBABLE,Face,PROBABLE,,,,,N/A,N/A,N/A,N/A,N/A,N/A,N/A,N/A,27,CONFIRMED,logan-paul,,,18:46,1126,CONFLICTING,,2,roman-reigns;seth-rollins,2,0,FALSE,FALSE,FALSE,FALSE,FALSE,TRUE,FALSE,,,,,,Raw,PROBABLE,FALSE,CONFIRMED,S314;S317;S316;S744;S1595;S1700;S1812,,
RR2025M,seth-rollins,RR2025M,25,CONFIRMED,Seth Rollins,Seth Rollins,6,7,FALSE,2023,Eliminated (elim #26),26,FALSE,FALSE,N/A,FALSE,N/A,"38 Years, 8 Months, 4 Days",DERIVED,1.85,102,"Davenport, Iowa",PROBABLE,Face,PROBABLE,,,,,N/A,N/A,N/A,N/A,N/A,N/A,N/A,N/A,25,CONFIRMED,cm-punk,,,17:14,1034,CONFIRMED,,0,,0,0,FALSE,FALSE,FALSE,FALSE,FALSE,FALSE,FALSE,,,,,,Raw,PROBABLE,FALSE,CONFIRMED,S314;S317;S316;S800;S1546;S1700;S1812,,
RR2025M,dominik-mysterio,RR2025M,26,CONFIRMED,Dominik Mysterio,Dominik Mysterio,4,5,FALSE,2024,Eliminated (elim #21),21,FALSE,FALSE,N/A,FALSE,N/A,"27 Years, 9 Months, 27 Days",DERIVED,1.85,91,"San Diego, California, U.S.",PROBABLE,Heel,PROBABLE,,,The Judgment Day,The Judgment Day,N/A,N/A,N/A,N/A,N/A,N/A,N/A,N/A,19,CONFIRMED,damian-priest,,,04:09,249,CONFLICTING,,0,,0,0,FALSE,FALSE,FALSE,FALSE,FALSE,FALSE,FALSE,,,,,,Raw,PROBABLE,FALSE,CONFIRMED,S314;S317;S316;S532;S855;S1549;S1700;S1812,,
RR2025M,sami-zayn,RR2025M,27,CONFIRMED,Sami Zayn,Sami Zayn,6,7,FALSE,2024,Eliminated (elim #26),26,FALSE,FALSE,N/A,FALSE,N/A,"40 Years, 6 Months, 20 Days",DERIVED,1.85,96,"Montreal, Quebec, Canada",PROBABLE,Face,PROBABLE,,,,,N/A,N/A,N/A,N/A,N/A,N/A,N/A,N/A,20,CONFIRMED,jey-uso,,,05:22,322,CONFIRMED,,0,,0,0,FALSE,FALSE,FALSE,FALSE,FALSE,FALSE,FALSE,,,,,,Raw,PROBABLE,FALSE,CONFLICTING,S314;S317;S316;S820;S1573;S1700;S1812,,
RR2025M,damian-priest,RR2025M,28,CONFIRMED,Damian Priest,Damian Priest,4,5,FALSE,2024,Eliminated (elim #25),25,FALSE,FALSE,N/A,FALSE,N/A,"42 Years, 4 Months, 6 Days",DERIVED,1.96,113,New York City,PROBABLE,Face,PROBABLE,,,,,N/A,N/A,N/A,N/A,N/A,N/A,N/A,N/A,22,CONFIRMED,la-knight,,,06:14,374,CONFLICTING,,2,drew-mcintyre;dominik-mysterio,2,0,FALSE,FALSE,FALSE,FALSE,FALSE,FALSE,FALSE,,,,,,SmackDown,PROBABLE,FALSE,CONFIRMED,S314;S317;S316;S853;S1553;S1700;S1812,,
RR2025M,la-knight,RR2025M,29,CONFIRMED,LA Knight,LA Knight,0,1,TRUE,N/A,N/A,N/A,TRUE,FALSE,N/A,FALSE,N/A,"42 Years, 3 Months, 0 Days",DERIVED,1.85,109,"Baltimore, Maryland",PROBABLE,Face,PROBABLE,,,,,N/A,N/A,N/A,N/A,N/A,N/A,N/A,N/A,23,CONFIRMED,aj-styles,,,05:06,306,CONFIRMED,,1,damian-priest,1,0,FALSE,FALSE,FALSE,FALSE,FALSE,FALSE,FALSE,,,,,,SmackDown,PROBABLE,FALSE,CONFIRMED,S314;S317;S316;S883;S1595;S1700;S1812,,
RR2025M,logan-paul,RR2025M,30,CONFIRMED,Logan Paul,Logan Paul,1,2,FALSE,2023,Eliminated (elim #27),27,FALSE,FALSE,N/A,FALSE,N/A,"29 Years, 10 Months, 0 Days",DERIVED,1.88,100,"Dorado Beach, Puerto Rico, by way of Cleveland, Ohio",PROBABLE,Heel,PROBABLE,,,,,N/A,N/A,N/A,N/A,N/A,N/A,N/A,N/A,28,CONFIRMED,john-cena,,,11:19,679,CONFLICTING,,2,aj-styles;cm-punk,2,0,FALSE,FALSE,FALSE,FALSE,TRUE,TRUE,FALSE,,,TRUE,,,Raw,PROBABLE,FALSE,CONFIRMED,S314;S317;S316;S870;S1559;S1700;S1812,,
RR2025M,akira-tozawa,RR2025M,8,CONFIRMED,Akira Tozawa,Akira Tozawa,0,1,TRUE,N/A,N/A,N/A,TRUE,FALSE,N/A,FALSE,N/A,"39 Years, 6 Months, 10 Days",DERIVED,1.70,71,"Kobe, Japan",PROBABLE,Face,PROBABLE,,,Alpha Academy,,N/A,N/A,N/A,N/A,N/A,N/A,N/A,N/A,,N/A,,,,,,,,0,,0,0,FALSE,FALSE,FALSE,FALSE,FALSE,FALSE,FALSE,,,,,,Raw,PROBABLE,FALSE,CONFIRMED,S314;S317;S316;S532;S884;S1595;S1700;S1812,"[substituted_by=ishowspeed] Assigned No.8; attacked before entry, replaced; no ring time or elimination.",
RR2025W,io-shirai,RR2025W,1,CONFIRMED,IYO SKY,IYO SKY,2,3,FALSE,2023,Eliminated (elim #11),11,FALSE,FALSE,N/A,FALSE,N/A,"34 Years, 8 Months, 24 Days",DERIVED,1.57,54,"Tokyo, Japan",CONFIRMED,Face,PROBABLE,,,,,N/A,N/A,N/A,N/A,N/A,N/A,N/A,N/A,21,CONFLICTING,nia-jax,,,1:06:45,4005,CONFLICTING,,1,sonya-deville,1,0,FALSE,FALSE,FALSE,FALSE,FALSE,FALSE,FALSE,,,,,,Raw,PROBABLE,FALSE,CONFIRMED,S337;S340;S339;S944;S1030;S1682;S1700;S1812,,
RR2025W,liv-morgan,RR2025W,2,CONFIRMED,Liv Morgan,Liv Morgan,7,8,FALSE,2024,Runner-up (elim #29),29,FALSE,FALSE,N/A,FALSE,N/A,"30 Years, 7 Months, 24 Days",DERIVED,1.60,57,"Elmwood Park, New Jersey",CONFLICTING,Heel,PROBABLE,,,The Judgment Day,The Judgment Day,N/A,N/A,N/A,N/A,N/A,N/A,N/A,N/A,24,CONFLICTING,nia-jax,,,1:07:00,4020,CONFLICTING,,2,natalya;alexa-bliss,2,0,FALSE,FALSE,FALSE,FALSE,FALSE,FALSE,FALSE,,,,,,Raw,PROBABLE,FALSE,CONFIRMED,S337;S340;S339;S532;S913;S1000;S1682;S1700;S1812,,
RR2025W,roxanne-perez,RR2025W,3,CONFIRMED,Roxanne Perez,Roxanne Perez,2,3,FALSE,2024,Eliminated (elim #23),23,FALSE,FALSE,N/A,FALSE,N/A,"23 Years, 2 Months, 27 Days",DERIVED,1.55,52,"Laredo, Texas",CONFIRMED,Heel,PROBABLE,,,,,N/A,N/A,N/A,N/A,N/A,N/A,N/A,N/A,29,CONFLICTING,charlotte-flair,,,1:07:47,4067,CONFIRMED,,1,giulia,1,0,FALSE,FALSE,TRUE,TRUE,TRUE,TRUE,TRUE,,,,,,NXT,PROBABLE,FALSE,CONFIRMED,S337;S340;S339;S968;S1054;S1682;S1700;S1812;S1827;S1828,,
RR2025W,lyra-valkyria,RR2025W,4,CONFIRMED,Lyra Valkyria,Lyra Valkyria,0,1,TRUE,N/A,N/A,N/A,TRUE,FALSE,N/A,FALSE,N/A,"28 Years, 3 Months, 9 Days",DERIVED,1.60,59,"Dublin, Ireland",PROBABLE,Face,PROBABLE,,,,,Women's Intercontinental Championship,Intercontinental/United States,N/A,1,2025-01-13,19,FALSE,FALSE,2,CONFLICTING,ivy-nile,,,16:13,973,CONFLICTING,,0,,0,0,FALSE,FALSE,FALSE,FALSE,FALSE,FALSE,FALSE,,,,,,Raw,PROBABLE,FALSE,CONFIRMED,S337;S340;S339;S356;S357;S358;S359;S360;S361;S362;S980;S1682;S1700;S1812,,
RR2025W,chelsea-green,RR2025W,5,CONFIRMED,Chelsea Green,Chelsea Green,3,4,FALSE,2024,Eliminated (elim #14),14,FALSE,FALSE,N/A,FALSE,N/A,"33 Years, 9 Months, 28 Days",DERIVED,1.70,57,"Victoria, British Columbia, Canada",CONFLICTING,Heel,PROBABLE,,,The Secret Hervice,,Women's United States Championship,Intercontinental/United States,N/A,1,2024-12-14,49,FALSE,FALSE,9,CONFLICTING,piper-niven,,,26:52,1612,CONFLICTING,,2,b-fab;lash-legend,2,0,FALSE,FALSE,FALSE,FALSE,FALSE,FALSE,FALSE,,,,,,SmackDown,PROBABLE,FALSE,CONFIRMED,S337;S340;S339;S356;S357;S358;S359;S360;S361;S362;S532;S951;S1037;S1643;S1700;S1812,,
RR2025W,b-fab,RR2025W,6,CONFIRMED,B-Fab,B-Fab,1,2,FALSE,2023,Eliminated (elim #1),1,FALSE,FALSE,N/A,FALSE,N/A,"34 Years, 2 Months, 10 Days",DERIVED,1.75,62,"Canton, Ohio",CONFIRMED,Face,PROBABLE,,,,The Pride,N/A,N/A,N/A,N/A,N/A,N/A,N/A,N/A,1,CONFLICTING,chelsea-green,,,07:20,440,CONFLICTING,,0,,0,0,FALSE,FALSE,FALSE,FALSE,FALSE,FALSE,FALSE,,,,,,SmackDown,PROBABLE,FALSE,CONFIRMED,S337;S340;S339;S532;S967;S1053;S1682;S1700;S1812,,
RR2025W,ivy-nile,RR2025W,7,CONFIRMED,Ivy Nile,Ivy Nile,1,2,FALSE,2024,Eliminated (elim #10),10,FALSE,FALSE,N/A,FALSE,N/A,"32 Years, 11 Months, 6 Days",DERIVED,1.60,57,"Knoxville, Tennessee",CONFLICTING,Heel,PROBABLE,,,,,N/A,N/A,N/A,N/A,N/A,N/A,N/A,N/A,3,CONFLICTING,maxxine-dupri,,,16:29,989,CONFLICTING,,1,lyra-valkyria,1,0,FALSE,FALSE,FALSE,FALSE,FALSE,FALSE,FALSE,,,,,,Raw,PROBABLE,FALSE,CONFIRMED,S337;S340;S339;S974;S1060;S1682;S1700;S1812,,
RR2025W,zoey-stark,RR2025W,8,CONFIRMED,Zoey Stark,Zoey Stark,2,3,FALSE,2024,Eliminated (elim #22),22,FALSE,FALSE,N/A,FALSE,N/A,"31 Years, 0 Months, 7 Days",DERIVED,1.70,64,"Las Vegas, Nevada",PROBABLE,Heel,PROBABLE,,,Pure Fusion Collective,Pure Fusion Collective,N/A,N/A,N/A,N/A,N/A,N/A,N/A,N/A,5,CONFLICTING,bianca-belair;naomi,,,16:58,1018,CONFLICTING,,1,maxxine-dupri,0,1,FALSE,FALSE,FALSE,FALSE,FALSE,FALSE,FALSE,,,,,,Raw,PROBABLE,FALSE,CONFIRMED,S337;S340;S339;S532;S969;S1055;S1682;S1700;S1812,,
RR2025W,lash-legend,RR2025W,9,CONFIRMED,Lash Legend,Lash Legend,0,1,TRUE,N/A,N/A,N/A,TRUE,FALSE,N/A,FALSE,N/A,"27 Years, 8 Months, 26 Days",DERIVED,1.83,79,"Atlanta, Georgia",CONFIRMED,Face,PROBABLE,,,,Meta-Four,N/A,N/A,N/A,N/A,N/A,N/A,N/A,N/A,8,CONFLICTING,chelsea-green,,,17:22,1042,CONFLICTING,,0,,0,0,FALSE,FALSE,FALSE,FALSE,FALSE,FALSE,TRUE,,,,,,NXT,PROBABLE,FALSE,CONFIRMED,S337;S340;S339;S532;S981;S1065;S1666;S1700;S1812,,
RR2025W,bianca-belair,RR2025W,10,CONFIRMED,Bianca Belair,Bianca Belair,4,5,FALSE,2024,Eliminated (elim #26),26,FALSE,FALSE,N/A,FALSE,N/A,"35 Years, 9 Months, 23 Days",DERIVED,1.70,70,"Knoxville, Tennessee",CONFIRMED,Face,PROBABLE,,,Bianca Belair & Naomi,,WWE Women's Tag Team Championship,Tag Team,naomi,2,2024-08-31,154,FALSE,FALSE,23,CONFLICTING,nia-jax,,,49:17,2957,CONFIRMED,,1,zoey-stark,0,1,FALSE,FALSE,FALSE,FALSE,FALSE,FALSE,FALSE,,,,,,SmackDown,PROBABLE,FALSE,CONFIRMED,S337;S340;S339;S356;S357;S358;S359;S360;S361;S362;S532;S947;S1033;S1682;S1700;S1812,,
RR2025W,shayna-baszler,RR2025W,11,CONFIRMED,Shayna Baszler,Shayna Baszler,5,6,FALSE,2024,Eliminated (elim #18),18,FALSE,FALSE,N/A,FALSE,N/A,"44 Years, 5 Months, 24 Days",DERIVED,1.70,62,"Sioux Falls, South Dakota",CONFIRMED,Heel,PROBABLE,,,Pure Fusion Collective,Pure Fusion Collective,N/A,N/A,N/A,N/A,N/A,N/A,N/A,N/A,6,CONFLICTING,bayley,,,10:12,612,CONFLICTING,,1,maxxine-dupri,0,1,FALSE,FALSE,FALSE,FALSE,FALSE,FALSE,FALSE,,,,,,Raw,PROBABLE,FALSE,CONFIRMED,S337;S340;S339;S532;S956;S1042;S1682;S1700;S1812,,
RR2025W,bayley,RR2025W,12,CONFIRMED,Bayley,Bayley,5,6,FALSE,2024,Won,N/A,FALSE,FALSE,N/A,FALSE,N/A,"35 Years, 7 Months, 17 Days",DERIVED,1.68,54,"San Jose, California",CONFIRMED,Face,PROBABLE,,,,,N/A,N/A,N/A,N/A,N/A,N/A,N/A,N/A,26,CONFLICTING,nikki-bella,,,46:59,2819,CONFLICTING,,1,shayna-baszler,1,0,FALSE,FALSE,FALSE,FALSE,FALSE,FALSE,FALSE,,,,,,Raw,PROBABLE,FALSE,CONFIRMED,S337;S340;S339;S931;S1018;S1624;S1700;S1812,,
RR2025W,sonya-deville,RR2025W,13,CONFIRMED,Sonya Deville,Sonya Deville,5,6,FALSE,2023,Eliminated (elim #21),21,FALSE,FALSE,N/A,FALSE,N/A,"31 Years, 4 Months, 8 Days",DERIVED,1.70,59,"Los Angeles, California",CONFLICTING,Heel,PROBABLE,,,Pure Fusion Collective,Pure Fusion Collective,N/A,N/A,N/A,N/A,N/A,N/A,N/A,N/A,7,CONFLICTING,io-shirai,,,06:04,364,CONFIRMED,,1,maxxine-dupri,0,1,FALSE,FALSE,FALSE,FALSE,FALSE,FALSE,FALSE,,,,,,Raw,PROBABLE,FALSE,CONFIRMED,S337;S340;S339;S532;S912;S999;S1606;S1700;S1812,,
RR2025W,maxxine-dupri,RR2025W,14,CONFIRMED,Maxxine Dupri,Maxxine Dupri,1,2,FALSE,2024,Eliminated (elim #11),11,FALSE,FALSE,N/A,FALSE,N/A,"27 Years, 8 Months, 13 Days",DERIVED,1.73,61,"Sacramento, California",CONFIRMED,Face,PROBABLE,,,,,N/A,N/A,N/A,N/A,N/A,N/A,N/A,N/A,4,CONFLICTING,zoey-stark;shayna-baszler;sonya-deville,,,01:20,80,CONFLICTING,,1,ivy-nile,1,0,FALSE,FALSE,FALSE,FALSE,FALSE,FALSE,FALSE,,,,,,Raw,PROBABLE,FALSE,CONFLICTING,S337;S340;S339;S976;S1062;S1663;S1700;S1812,,
RR2025W,naomi,RR2025W,15,CONFIRMED,Naomi,Naomi,6,7,FALSE,2024,Eliminated (elim #25),25,FALSE,FALSE,N/A,FALSE,N/A,"37 Years, 2 Months, 2 Days",DERIVED,1.65,57,"Orlando, Florida",CONFIRMED,Face,PROBABLE,,,Bianca Belair & Naomi,,WWE Women's Tag Team Championship,Tag Team,bianca-belair,2,2024-12-20,43,FALSE,FALSE,22,CONFLICTING,nia-jax,,,38:04,2284,CONFIRMED,,1,zoey-stark,0,1,FALSE,FALSE,FALSE,FALSE,FALSE,FALSE,FALSE,,,,,,SmackDown,PROBABLE,FALSE,CONFIRMED,S337;S340;S339;S356;S357;S358;S359;S360;S361;S362;S532;S922;S1009;S1615;S1700;S1812,,
RR2025W,jaida-parker,RR2025W,16,CONFIRMED,Jaida Parker,Jaida Parker,0,1,TRUE,N/A,N/A,N/A,TRUE,FALSE,N/A,FALSE,N/A,"25 Years, 11 Months, 20 Days",DERIVED,1.70,69,"Port St. Lucie, Florida",CONFIRMED,Heel,PROBABLE,,,,,N/A,N/A,N/A,N/A,N/A,N/A,N/A,N/A,10,CONFLICTING,jordynne-grace,,,06:54,414,CONFIRMED,,0,,0,0,FALSE,FALSE,FALSE,FALSE,FALSE,FALSE,TRUE,,,,,,NXT,PROBABLE,FALSE,CONFIRMED,S337;S340;S339;S982;S1066;S1667;S1700;S1812,,
RR2025W,piper-niven,RR2025W,17,CONFIRMED,Piper Niven,Piper Niven,2,3,FALSE,2024,Eliminated (elim #12),12,FALSE,FALSE,N/A,FALSE,N/A,"33 Years, 8 Months, 26 Days",DERIVED,1.73,94,"Ayrshire, Scotland",CONFIRMED,Heel,PROBABLE,,,The Secret Hervice,,N/A,N/A,N/A,N/A,N/A,N/A,N/A,N/A,14,CONFLICTING,charlotte-flair,,,24:10,1450,CONFIRMED,,1,chelsea-green,1,0,FALSE,FALSE,FALSE,FALSE,FALSE,FALSE,FALSE,,,,,,SmackDown,PROBABLE,FALSE,CONFIRMED,S337;S340;S339;S532;S970;S1056;S1682;S1700;S1812,,
RR2025W,natalya,RR2025W,18,CONFIRMED,Natalya,Natalya,7,8,FALSE,2024,Eliminated (elim #3),3,FALSE,FALSE,N/A,FALSE,N/A,"42 Years, 8 Months, 5 Days",DERIVED,1.65,61,"Calgary, Alberta, Canada",CONFIRMED,Face,PROBABLE,,,,,N/A,N/A,N/A,N/A,N/A,N/A,N/A,N/A,11,CONFLICTING,liv-morgan,,,17:14,1034,CONFIRMED,,0,,0,0,FALSE,FALSE,FALSE,FALSE,FALSE,FALSE,FALSE,,,,,,Raw,PROBABLE,FALSE,CONFIRMED,S337;S340;S339;S920;S1007;S1613;S1700;S1812,,
RR2025W,jordynne-grace,RR2025W,19,CONFIRMED,Jordynne Grace,Jordynne Grace,1,2,FALSE,2024,Eliminated (elim #7),7,FALSE,FALSE,N/A,FALSE,N/A,"28 Years, 10 Months, 27 Days",DERIVED,1.60,68,"Austin, Texas",CONFIRMED,Face,PROBABLE,,,,,N/A,N/A,N/A,N/A,N/A,N/A,N/A,N/A,15,CONFLICTING,giulia,,,22:41,1361,CONFLICTING,,1,jaida-parker,1,0,FALSE,FALSE,FALSE,FALSE,FALSE,FALSE,TRUE,,,,,,Unaffiliated,PROBABLE,FALSE,CONFIRMED,S337;S340;S339;S973;S1059;S1682;S1700;S1812,,
RR2025W,mia-yim,RR2025W,20,CONFIRMED,Michin,Michin,3,4,FALSE,2024,Eliminated (elim #19),19,FALSE,FALSE,N/A,FALSE,N/A,"35 Years, 9 Months, 16 Days",DERIVED,1.70,60,"San Diego, California",CONFLICTING,Face,PROBABLE,Michin,,,,N/A,N/A,N/A,N/A,N/A,N/A,N/A,N/A,13,CONFLICTING,charlotte-flair,,,16:59,1019,CONFLICTING,,0,,0,0,FALSE,FALSE,FALSE,FALSE,FALSE,FALSE,FALSE,,,,,,SmackDown,PROBABLE,FALSE,CONFIRMED,S337;S340;S339;S532;S949;S1035;S1641;S1700;S1812,,
RR2025W,alexa-bliss,RR2025W,21,CONFIRMED,Alexa Bliss,Alexa Bliss,3,4,FALSE,2021,Eliminated (elim #19),19,FALSE,FALSE,N/A,TRUE,approximately 2 years away from WWE competition,"33 Years, 5 Months, 23 Days",DERIVED,1.55,46,"Columbus, Ohio",CONFIRMED,Face,PROBABLE,,,,,N/A,N/A,N/A,N/A,N/A,N/A,N/A,N/A,12,CONFLICTING,liv-morgan,,,11:01,661,CONFIRMED,,0,,0,0,FALSE,FALSE,FALSE,FALSE,FALSE,FALSE,TRUE,,,,,,SmackDown,PROBABLE,FALSE,CONFIRMED,S337;S340;S339;S946;S1032;S1682;S1700;S1717;S1812,,
RR2025W,zelina-vega,RR2025W,22,CONFIRMED,Zelina Vega,Zelina Vega,5,6,FALSE,2024,Eliminated (elim #17),17,FALSE,FALSE,N/A,FALSE,N/A,"34 Years, 1 Months, 5 Days",DERIVED,1.55,48,"Queens, New York",PROBABLE,Face,PROBABLE,,,,,N/A,N/A,N/A,N/A,N/A,N/A,N/A,N/A,16,CONFLICTING,nia-jax,,,18:04,1084,CONFIRMED,,0,,0,0,FALSE,FALSE,FALSE,FALSE,FALSE,FALSE,FALSE,,,,,,SmackDown,PROBABLE,FALSE,CONFIRMED,S337;S340;S339;S943;S1075;S1682;S1700;S1812;S1829;S1830;S1831,,
RR2025W,candice-lerae,RR2025W,23,CONFIRMED,Candice LeRae,Candice LeRae,4,5,FALSE,2024,Eliminated (elim #2),2,FALSE,FALSE,N/A,FALSE,N/A,"39 Years, 4 Months, 3 Days",DERIVED,1.58,50,"Anaheim, California",CONFIRMED,Heel,PROBABLE,,,,,WWE Women's Speed Championship,Other,N/A,1,2024-10-04,120,FALSE,FALSE,17,CONFLICTING,trish-stratus,,,16:32,992,CONFLICTING,,0,,0,0,FALSE,FALSE,FALSE,FALSE,FALSE,FALSE,FALSE,,,,,,SmackDown,PROBABLE,FALSE,CONFIRMED,S337;S340;S339;S356;S357;S358;S359;S360;S361;S362;S940;S1027;S1633;S1700;S1812,,
RR2025W,stephanie-vaquer,RR2025W,24,CONFIRMED,Stephanie Vaquer,Stephanie Vaquer,0,1,TRUE,N/A,N/A,N/A,TRUE,FALSE,N/A,FALSE,N/A,"31 Years, 10 Months, 3 Days",DERIVED,1.63,50,"San Fernando, Chile",CONFLICTING,Face,PROBABLE,,,,,N/A,N/A,N/A,N/A,N/A,N/A,N/A,N/A,20,CONFLICTING,nia-jax,,,19:02,1142,CONFLICTING,,0,,0,0,FALSE,FALSE,FALSE,FALSE,FALSE,FALSE,TRUE,,,,,,NXT,PROBABLE,FALSE,CONFIRMED,S337;S340;S339;S983;S1067;S1682;S1700;S1812,,
RR2025W,trish-stratus,RR2025W,25,CONFIRMED,Trish Stratus,Trish Stratus,1,2,FALSE,2018,Eliminated (elim #26),26,FALSE,FALSE,N/A,TRUE,UNKNOWN,"49 Years, 1 Months, 14 Days",DERIVED,1.65,57,"Toronto, Ontario, Canada",CONFIRMED,Face,PROBABLE,,,,,N/A,N/A,N/A,N/A,N/A,N/A,N/A,N/A,18,CONFLICTING,nia-jax,,,13:13,793,CONFIRMED,,1,candice-lerae,1,0,FALSE,FALSE,FALSE,FALSE,FALSE,FALSE,TRUE,TRUE,,TRUE,,,Unaffiliated,PROBABLE,FALSE,CONFIRMED,S337;S340;S339;S932;S1019;S1625;S1700;S1717;S1812,,
RR2025W,raquel-rodriguez,RR2025W,26,CONFIRMED,Raquel Rodriguez,Raquel Rodriguez,1,2,FALSE,2023,Eliminated (elim #26),26,FALSE,FALSE,N/A,FALSE,N/A,"34 Years, 0 Months, 20 Days",DERIVED,1.83,80,"Rio Grande Valley, Texas",CONFIRMED,Heel,PROBABLE,,,The Judgment Day,The Judgment Day,N/A,N/A,N/A,N/A,N/A,N/A,N/A,N/A,19,CONFLICTING,nia-jax,,,15:02,902,CONFLICTING,,0,,0,0,FALSE,FALSE,FALSE,FALSE,FALSE,FALSE,FALSE,,,,,,Raw,PROBABLE,FALSE,CONFIRMED,S337;S340;S339;S532;S1057;S971;S1682;S1700;S1812,,
RR2025W,charlotte-flair,RR2025W,27,CONFIRMED,Charlotte Flair,Charlotte Flair,4,5,FALSE,2022,Runner-up (elim #29),29,FALSE,FALSE,N/A,TRUE,more than 1 year (knee injury),"38 Years, 9 Months, 27 Days",DERIVED,1.78,65,"""The Queen City""",CONFLICTING,Face,PROBABLE,,,,,N/A,N/A,N/A,N/A,N/A,N/A,N/A,N/A,,,,,,15:04,904,CONFLICTING,,4,roxanne-perez;piper-niven;mia-yim;nia-jax,4,0,FALSE,TRUE,FALSE,TRUE,TRUE,TRUE,FALSE,,,,,,SmackDown,PROBABLE,FALSE,CONFIRMED,S337;S340;S339;S938;S1025;S1631;S1700;S1717;S1812,,
RR2025W,giulia,RR2025W,28,CONFIRMED,Giulia,Giulia,0,1,TRUE,N/A,N/A,N/A,TRUE,FALSE,N/A,FALSE,N/A,"30 Years, 11 Months, 11 Days",DERIVED,1.62,55,Present,PROBABLE,Face,PROBABLE,,,,,NXT Women's Championship,NXT,N/A,1,2025-01-07,25,FALSE,FALSE,25,CONFLICTING,roxanne-perez,,,10:08,608,CONFLICTING,,1,jordynne-grace,1,0,FALSE,FALSE,FALSE,FALSE,FALSE,FALSE,TRUE,,,,,,NXT,PROBABLE,FALSE,CONFIRMED,S337;S340;S339;S356;S357;S358;S359;S360;S361;S362;S984;S1068;S1669;S1700;S1812,,
RR2025W,nia-jax,RR2025W,29,CONFIRMED,Nia Jax,Nia Jax,6,7,FALSE,2024,Eliminated (elim #21),21,FALSE,FALSE,N/A,FALSE,N/A,"40 Years, 8 Months, 3 Days",DERIVED,1.83,123,"San Diego, California",CONFLICTING,Heel,PROBABLE,,,,,N/A,N/A,N/A,N/A,N/A,N/A,N/A,N/A,28,CONFLICTING,charlotte-flair,,,08:13,493,CONFIRMED,,9,io-shirai;liv-morgan;bianca-belair;naomi;zelina-vega;stephanie-vaquer;trish-stratus;raquel-rodriguez;nikki-bella,9,0,FALSE,FALSE,FALSE,FALSE,TRUE,TRUE,FALSE,,,,,,SmackDown,PROBABLE,FALSE,CONFIRMED,S337;S340;S339;S924;S1011;S1682;S1700;S1812,,
RR2025W,nikki-bella,RR2025W,30,CONFIRMED,Nikki Bella,Nikki Bella,2,3,FALSE,2022,Eliminated (elim #21),21,FALSE,FALSE,N/A,TRUE,UNKNOWN,"41 Years, 2 Months, 11 Days",DERIVED,1.68,59,"San Diego, California",CONFLICTING,Face,PROBABLE,,,,,N/A,N/A,N/A,N/A,N/A,N/A,N/A,N/A,27,CONFLICTING,nia-jax,,,03:04,184,CONFLICTING,,1,bayley,1,0,FALSE,FALSE,FALSE,FALSE,FALSE,TRUE,TRUE,TRUE,,TRUE,,,Unaffiliated,PROBABLE,FALSE,CONFIRMED,S337;S340;S339;S929;S1016;S1622;S1700;S1717;S1812,,
RR2026M,oba-femi,RR2026M,1,CONFIRMED,Oba Femi,Oba Femi,0,1,TRUE,N/A,N/A,N/A,TRUE,FALSE,N/A,FALSE,N/A,"24 Years, 8 Months, 10 Days",DERIVED,1.98,137,"Lagos, Nigeria",PROBABLE,Face,PROBABLE,,,,,N/A,N/A,N/A,N/A,N/A,N/A,N/A,N/A,18,CONFIRMED,brock-lesnar,,,39:04,2344,CONFLICTING,,5,bron-breakker;solo-sikoa;rey-mysterio;rusev;zack-ryder,5,0,FALSE,FALSE,FALSE,FALSE,FALSE,FALSE,FALSE,,,,,,Unaffiliated,PROBABLE,FALSE,CONFIRMED,S363;S364;S365;S366;S885;S1596;S1700;S1813,,
RR2026M,bron-breakker,RR2026M,2,CONFIRMED,Bron Breakker,Bron Breakker,2,3,FALSE,2025,Eliminated (elim #12),12,FALSE,FALSE,N/A,FALSE,N/A,"28 Years, 3 Months, 7 Days",DERIVED,1.83,113,"Atlanta, Georgia",PROBABLE,Heel,PROBABLE,,,The Vision,The Vision,N/A,N/A,N/A,N/A,N/A,N/A,N/A,N/A,1,CONFIRMED,oba-femi,,,00:10,10,CONFLICTING,,0,,0,0,FALSE,FALSE,FALSE,FALSE,FALSE,FALSE,FALSE,,,,,,Raw,PROBABLE,FALSE,CONFIRMED,S363;S364;S365;S366;S533;S876;S1596;S1700;S1813,"Attacked before entry, then entered and was eliminated; not a no-show.",
RR2026M,solo-sikoa,RR2026M,3,CONFIRMED,Solo Sikoa,Solo Sikoa,0,1,TRUE,N/A,N/A,N/A,TRUE,FALSE,N/A,FALSE,N/A,"32 Years, 10 Months, 14 Days",DERIVED,1.88,113,"Las Vegas, Nevada",PROBABLE,Heel,PROBABLE,,,,The MFTs,N/A,N/A,N/A,N/A,N/A,N/A,N/A,N/A,3,CONFIRMED,oba-femi,,,03:51,231,CONFLICTING,,0,,0,0,FALSE,FALSE,FALSE,FALSE,FALSE,FALSE,FALSE,,,,,,SmackDown,PROBABLE,FALSE,CONFIRMED,S363;S364;S365;S366;S533;S886;S1583;S1700;S1813,Champion status disputed following Jan30 belt handover; see event flag.,
RR2026M,rey-mysterio,RR2026M,4,CONFIRMED,Rey Mysterio,Rey Mysterio,14,15,FALSE,2025,Eliminated (elim #6),6,FALSE,FALSE,N/A,FALSE,N/A,"51 Years, 1 Months, 20 Days",DERIVED,1.68,79,"San Diego, California",PROBABLE,Face,PROBABLE,,,,,N/A,N/A,N/A,N/A,N/A,N/A,N/A,N/A,4,CONFIRMED,oba-femi,,,02:43,163,CONFLICTING,,0,,0,0,FALSE,FALSE,FALSE,FALSE,FALSE,FALSE,FALSE,TRUE,,,,,Raw,PROBABLE,TRUE,CONFIRMED,S363;S364;S365;S366;S068;S069;S436;S695;S1596;S1700;S1813,,
RR2026M,rusev,RR2026M,5,CONFIRMED,Rusev,Rusev,5,6,FALSE,2018,Eliminated (elim #12),12,FALSE,FALSE,N/A,FALSE,N/A,"40 Years, 1 Months, 6 Days",DERIVED,1.83,138,Bulgaria,PROBABLE,Heel,PROBABLE,,,,,N/A,N/A,N/A,N/A,N/A,N/A,N/A,N/A,2,CONFIRMED,oba-femi,,,00:32,32,CONFLICTING,,0,,0,0,FALSE,FALSE,FALSE,FALSE,FALSE,FALSE,FALSE,,,,,,Raw,PROBABLE,FALSE,CONFIRMED,S363;S364;S365;S366;S801;S1596;S1700;S1813,,
RR2026M,zack-ryder,RR2026M,6,CONFIRMED,Matt Cardona,Matt Cardona,4,5,FALSE,2015,Eliminated (elim #8),8,FALSE,FALSE,N/A,FALSE,N/A,"40 Years, 8 Months, 17 Days",DERIVED,1.88,104,"Long Island, New York",PROBABLE,Face,PROBABLE,Matt Cardona,,,,N/A,N/A,N/A,N/A,N/A,N/A,N/A,N/A,5,CONFIRMED,oba-femi,,,00:55,55,CONFIRMED,,0,,0,0,FALSE,FALSE,FALSE,FALSE,FALSE,FALSE,FALSE,,,,,,SmackDown,PROBABLE,FALSE,CONFIRMED,S363;S364;S365;S366;S533;S766;S1596;S1700;S1813,,
RR2026M,damian-priest,RR2026M,7,CONFIRMED,Damian Priest,Damian Priest,5,6,FALSE,2025,Eliminated (elim #22),22,FALSE,FALSE,N/A,FALSE,N/A,"43 Years, 4 Months, 5 Days",DERIVED,1.96,113,New York City,PROBABLE,Face,PROBABLE,,,,,N/A,N/A,N/A,N/A,N/A,N/A,N/A,N/A,10,CONFIRMED,powerhouse-hobbs,,,11:06,666,CONFLICTING,,0,,0,0,FALSE,FALSE,FALSE,FALSE,FALSE,FALSE,FALSE,,,,,,SmackDown,PROBABLE,FALSE,CONFIRMED,S363;S364;S365;S366;S853;S1553;S1700;S1813,,
RR2026M,jevon-evans,RR2026M,8,CONFIRMED,Je'Von Evans,Je'Von Evans,0,1,TRUE,N/A,N/A,N/A,TRUE,FALSE,N/A,FALSE,N/A,"21 Years, 9 Months, 2 Days",DERIVED,1.96,82,"Greensboro, North Carolina",PROBABLE,Face,PROBABLE,,,,,N/A,N/A,N/A,N/A,N/A,N/A,N/A,N/A,22,CONFIRMED,randy-orton,,,40:58,2458,CONFLICTING,,0,,0,0,FALSE,FALSE,FALSE,FALSE,FALSE,FALSE,FALSE,,,,,,Raw,PROBABLE,FALSE,CONFLICTING,S363;S364;S365;S366;S887;S1596;S1700;S1813,,
RR2026M,mr-iguana,RR2026M,9,CONFIRMED,Mr. Iguana,Mr. Iguana,0,1,TRUE,N/A,N/A,N/A,TRUE,FALSE,N/A,FALSE,N/A,"37 Years, 6 Months, 11 Days",DERIVED,1.73,74,"Culiacán, Sinaloa, México",PROBABLE,Face,PROBABLE,,,,,N/A,N/A,N/A,N/A,N/A,N/A,N/A,N/A,6,CONFIRMED,trick-williams,,,02:05,125,CONFLICTING,,0,,0,0,FALSE,FALSE,FALSE,FALSE,FALSE,FALSE,TRUE,,,,,,AAA,PROBABLE,FALSE,CONFIRMED,S363;S364;S365;S366;S888;S1596;S1700;S1813,,
RR2026M,trick-williams,RR2026M,10,CONFIRMED,Trick Williams,Trick Williams,0,1,TRUE,N/A,N/A,N/A,TRUE,FALSE,N/A,FALSE,N/A,"31 Years, 8 Months, 5 Days",DERIVED,1.96,113,"Columbia, South Carolina",PROBABLE,Heel,PROBABLE,,,,,N/A,N/A,N/A,N/A,N/A,N/A,N/A,N/A,9,CONFIRMED,cody-rhodes,,,06:19,379,CONFIRMED,,2,mr-iguana;el-grande-americano-i,2,0,FALSE,FALSE,FALSE,FALSE,FALSE,FALSE,FALSE,,,,,,SmackDown,PROBABLE,FALSE,CONFIRMED,S363;S364;S365;S366;S889;S902;S1587;S1700;S1813,,
RR2026M,cody-rhodes,RR2026M,11,CONFIRMED,Cody Rhodes,Cody Rhodes,10,11,FALSE,2024,Won,N/A,FALSE,FALSE,N/A,FALSE,N/A,"40 Years, 7 Months, 1 Days",DERIVED,1.88,101,"Atlanta, Georgia",PROBABLE,Face,PROBABLE,The American Nightmare,,,,N/A,N/A,N/A,N/A,N/A,N/A,N/A,N/A,24,CONFIRMED,drew-mcintyre,,,36:50,2210,CONFLICTING,,3,trick-williams;la-knight;brock-lesnar,2,1,FALSE,FALSE,FALSE,FALSE,FALSE,FALSE,FALSE,,,,,,SmackDown,PROBABLE,FALSE,CONFLICTING,S363;S364;S365;S366;S753;S1560;S1596;S1700;S1813,Eliminated by nonentrant Drew McIntyre; no entry number for external eliminator.,
RR2026M,el-grande-americano-ii,RR2026M,12,CONFIRMED,El Grande Americano,El Grande Americano,2,3,FALSE,2025,Eliminated (elim #8),8,FALSE,FALSE,N/A,FALSE,N/A,"35 Years, 6 Months, 23 Days",DERIVED,1.91,100,Gulf of America,PROBABLE,Heel,PROBABLE,El Grande Americano,,,,N/A,N/A,N/A,N/A,N/A,N/A,N/A,N/A,7,CONFIRMED,el-grande-americano-i,,,02:45,165,CONFIRMED,,0,,0,0,FALSE,FALSE,FALSE,FALSE,FALSE,FALSE,FALSE,,,,,,Raw,PROBABLE,TRUE,CONFIRMED,S363;S364;S365;S366;S533;S890;S1596;S1700;S1813,"Marcel Barthel masked incarnation, distinct from Original El Grande Americano (Charles Betts).",
RR2026M,el-grande-americano-i,RR2026M,13,CONFIRMED,Original El Grande Americano,Original El Grande Americano,3,4,FALSE,2025,Eliminated (elim #5),5,FALSE,FALSE,N/A,FALSE,N/A,"39 Years, 10 Months, 23 Days",DERIVED,1.73,92,Gulf of Mexico,PROBABLE,Heel,PROBABLE,Original El Grande Americano,,,,N/A,N/A,N/A,N/A,N/A,N/A,N/A,N/A,8,CONFIRMED,trick-williams,,,01:21,81,CONFLICTING,,1,el-grande-americano-ii,1,0,FALSE,FALSE,FALSE,FALSE,FALSE,FALSE,TRUE,,,,,,Raw,PROBABLE,TRUE,CONFIRMED,S363;S364;S365;S366;S533;S891;S1596;S1700;S1813,Charles Betts masked incarnation.,
RR2026M,powerhouse-hobbs,RR2026M,14,CONFIRMED,Royce Keys,Royce Keys,0,1,TRUE,N/A,N/A,N/A,TRUE,TRUE,2026-01-31,FALSE,N/A,"35 Years, 0 Months, 8 Days",DERIVED,1.91,122,"East Palo Alto, California, U.S.",PROBABLE,Face,PROBABLE,Royce Keys,,,,N/A,N/A,N/A,N/A,N/A,N/A,N/A,N/A,11,CONFIRMED,bronson-reed,,,09:55,595,CONFLICTING,,1,damian-priest,1,0,FALSE,FALSE,FALSE,FALSE,FALSE,FALSE,TRUE,,,,,,Unaffiliated,PROBABLE,FALSE,CONFLICTING,S363;S364;S365;S366;S533;S892;S1588;S1700;S1723;S1724;S1813,,
RR2026M,austin-theory,RR2026M,15,CONFIRMED,Austin Theory,Austin Theory,3,4,FALSE,2024,Eliminated (elim #7),7,FALSE,FALSE,N/A,FALSE,N/A,"28 Years, 5 Months, 29 Days",DERIVED,1.85,100,"Atlanta, Georgia",PROBABLE,Heel,PROBABLE,,,The Vision,The Vision,N/A,N/A,N/A,N/A,N/A,N/A,N/A,N/A,14,CONFIRMED,la-knight,,,10:08,608,CONFLICTING,,1,la-parka-iii,1,0,FALSE,FALSE,FALSE,FALSE,FALSE,FALSE,FALSE,,,,,,Raw,PROBABLE,FALSE,CONFIRMED,S363;S364;S365;S366;S533;S856;S901;S1596;S1700;S1813,,
RR2026M,bronson-reed,RR2026M,16,CONFIRMED,Bronson Reed,Bronson Reed,1,2,FALSE,2024,Eliminated (elim #14),14,FALSE,FALSE,N/A,FALSE,N/A,"37 Years, 5 Months, 6 Days",DERIVED,1.83,150,"Black Forest, South Australia",PROBABLE,Heel,PROBABLE,,,The Vision,The Vision,N/A,N/A,N/A,N/A,N/A,N/A,N/A,N/A,15,CONFIRMED,la-knight,,,09:02,542,CONFLICTING,,2,powerhouse-hobbs;dragon-lee,2,0,FALSE,FALSE,FALSE,FALSE,FALSE,FALSE,FALSE,,,,,,Raw,PROBABLE,FALSE,CONFIRMED,S363;S364;S365;S366;S533;S874;S1596;S1700;S1813,,
RR2026M,ilja-dragunov,RR2026M,17,CONFIRMED,Ilja Dragunov,Ilja Dragunov,0,1,TRUE,N/A,N/A,N/A,TRUE,FALSE,N/A,FALSE,N/A,"32 Years, 3 Months, 21 Days",DERIVED,1.78,95,The Soviet Union,PROBABLE,Face,PROBABLE,,,,,N/A,N/A,N/A,N/A,N/A,N/A,N/A,N/A,16,CONFIRMED,brock-lesnar,,,11:00,660,CONFLICTING,,0,,0,0,FALSE,FALSE,FALSE,FALSE,FALSE,FALSE,FALSE,,,,,,SmackDown,PROBABLE,FALSE,CONFIRMED,S363;S364;S365;S366;S893;S1596;S1700;S1813,,
RR2026M,la-parka-iii,RR2026M,18,CONFIRMED,La Parka,La Parka,0,1,TRUE,N/A,N/A,N/A,TRUE,FALSE,N/A,FALSE,N/A,"26 Years, 7 Months, 17 Days",DERIVED,1.91,90,"Mexico City, Mexico",PROBABLE,Face,PROBABLE,La Parka,,,,N/A,N/A,N/A,N/A,N/A,N/A,N/A,N/A,12,CONFIRMED,austin-theory,,,04:26,266,CONFLICTING,,0,,0,0,FALSE,FALSE,FALSE,FALSE,FALSE,FALSE,TRUE,,,,,,AAA,PROBABLE,TRUE,CONFLICTING,S363;S364;S365;S366;S533;S1596;S1698;S1700;S1813,,
RR2026M,dragon-lee,RR2026M,19,CONFIRMED,Dragon Lee,Dragon Lee,0,1,TRUE,N/A,N/A,N/A,TRUE,FALSE,N/A,FALSE,N/A,"30 Years, 8 Months, 16 Days",DERIVED,1.70,75,"Tala, Jalisco, Mexico",PROBABLE,Face,PROBABLE,,,,,N/A,N/A,N/A,N/A,N/A,N/A,N/A,N/A,13,CONFIRMED,bronson-reed,,,03:01,181,CONFLICTING,,0,,0,0,FALSE,FALSE,FALSE,FALSE,FALSE,FALSE,FALSE,,,,,,Raw,PROBABLE,TRUE,CONFLICTING,S363;S364;S365;S366;S895;S1596;S1700;S1813,,
RR2026M,logan-paul,RR2026M,20,CONFIRMED,Logan Paul,Logan Paul,2,3,FALSE,2025,Eliminated (elim #28),28,FALSE,FALSE,N/A,FALSE,N/A,"30 Years, 9 Months, 30 Days",DERIVED,1.88,100,"Dorado Beach, Puerto Rico, by way of Cleveland, Ohio",PROBABLE,Heel,PROBABLE,,,The Vision,The Vision,N/A,N/A,N/A,N/A,N/A,N/A,N/A,N/A,27,CONFIRMED,roman-reigns,,,25:07,1507,CONFLICTING,,0,,0,0,FALSE,FALSE,FALSE,FALSE,FALSE,TRUE,FALSE,,,,,,Raw,PROBABLE,FALSE,CONFIRMED,S363;S364;S365;S366;S533;S870;S1596;S1700;S1813,,
RR2026M,la-knight,RR2026M,21,CONFIRMED,LA Knight,LA Knight,1,2,FALSE,2025,Eliminated (elim #23),23,FALSE,FALSE,N/A,TRUE,approximately 2 months (storyline injury),"43 Years, 2 Months, 30 Days",DERIVED,1.85,109,"Baltimore, Maryland",PROBABLE,Face,PROBABLE,,,,,N/A,N/A,N/A,N/A,N/A,N/A,N/A,N/A,21,CONFIRMED,cody-rhodes,,,14:25,865,CONFLICTING,,3,austin-theory;bronson-reed;brock-lesnar,2,1,FALSE,FALSE,FALSE,FALSE,FALSE,FALSE,TRUE,,,,,,Raw,PROBABLE,FALSE,CONFIRMED,S363;S364;S365;S366;S883;S1596;S1700;S1718;S1813,,
RR2026M,brock-lesnar,RR2026M,22,CONFIRMED,Brock Lesnar,Brock Lesnar,6,7,FALSE,2023,Eliminated (elim #8),8,FALSE,FALSE,N/A,FALSE,N/A,"48 Years, 6 Months, 19 Days",DERIVED,1.91,130,"Minneapolis, Minnesota",PROBABLE,Heel,PROBABLE,,,,,N/A,N/A,N/A,N/A,N/A,N/A,N/A,N/A,19,CONFIRMED,cody-rhodes;la-knight,,,05:32,332,CONFLICTING,,3,oba-femi;ilja-dragunov;rey-fenix,3,0,FALSE,FALSE,FALSE,FALSE,FALSE,FALSE,FALSE,,,TRUE,,,Unaffiliated,PROBABLE,FALSE,CONFIRMED,S363;S364;S365;S366;S065;S066;S707;S1543;S1700;S1813,,
RR2026M,the-miz,RR2026M,23,CONFIRMED,The Miz,The Miz,16,17,FALSE,2025,Eliminated (elim #9),9,FALSE,FALSE,N/A,FALSE,N/A,"45 Years, 3 Months, 23 Days",DERIVED,1.88,100,"Cleveland, Ohio",PROBABLE,Heel,PROBABLE,,,,,N/A,N/A,N/A,N/A,N/A,N/A,N/A,N/A,20,CONFIRMED,roman-reigns,,,07:05,425,CONFIRMED,,0,,0,0,FALSE,FALSE,FALSE,FALSE,FALSE,FALSE,FALSE,,,,,,SmackDown,PROBABLE,FALSE,CONFIRMED,S363;S364;S365;S366;S749;S1596;S1700;S1813,,
RR2026M,rey-fenix,RR2026M,24,CONFIRMED,Rey Fenix,Rey Fenix,0,1,TRUE,N/A,N/A,N/A,TRUE,FALSE,N/A,FALSE,N/A,"35 Years, 1 Months, 1 Days",DERIVED,1.78,83,"Ecatepec de Morelos, Mexico",PROBABLE,Face,PROBABLE,,,,,N/A,N/A,N/A,N/A,N/A,N/A,N/A,N/A,17,CONFIRMED,brock-lesnar,,,00:28,28,CONFLICTING,,0,,0,0,FALSE,FALSE,FALSE,FALSE,FALSE,FALSE,FALSE,,,,,,SmackDown,PROBABLE,TRUE,CONFIRMED,S363;S364;S365;S366;S896;S1596;S1700;S1813,,
RR2026M,jey-uso,RR2026M,25,CONFIRMED,Jey Uso,Jey Uso,4,5,FALSE,2025,Won,N/A,FALSE,FALSE,N/A,FALSE,N/A,"40 Years, 5 Months, 9 Days",DERIVED,1.88,110,"San Francisco, California",PROBABLE,Face,PROBABLE,,,,,World Tag Team Championship,Tag Team,jimmy-uso,3,2025-12-29,33,FALSE,FALSE,26,CONFIRMED,roman-reigns,,,13:08,788,CONFLICTING,,0,,0,0,FALSE,FALSE,FALSE,FALSE,FALSE,FALSE,FALSE,,,,,,Raw,PROBABLE,FALSE,CONFIRMED,S363;S364;S365;S366;S396;S397;S398;S399;S401;S790;S1561;S1700;S1704;S1709;S1813,,
RR2026M,roman-reigns,RR2026M,26,CONFIRMED,Roman Reigns,Roman Reigns,7,8,FALSE,2025,Eliminated (elim #26),26,FALSE,FALSE,N/A,FALSE,N/A,"40 Years, 8 Months, 6 Days",DERIVED,1.91,120,"Pensacola, Florida",PROBABLE,Face,PROBABLE,The OTC,,,,N/A,N/A,N/A,N/A,N/A,N/A,N/A,N/A,,,,,,15:48,948,CONFLICTING,,5,logan-paul;the-miz;jey-uso;jacob-fatu;gunther,5,0,FALSE,TRUE,FALSE,TRUE,TRUE,TRUE,FALSE,,,TRUE,,,Raw,PROBABLE,FALSE,CONFIRMED,S363;S364;S365;S366;S804;S1577;S1700;S1813,,
RR2026M,jacob-fatu,RR2026M,27,CONFIRMED,Jacob Fatu,Jacob Fatu,1,2,FALSE,2025,Eliminated (elim #16),16,FALSE,FALSE,N/A,FALSE,N/A,"33 Years, 9 Months, 13 Days",DERIVED,1.88,129,Samoa,PROBABLE,Face,PROBABLE,,,,,N/A,N/A,N/A,N/A,N/A,N/A,N/A,N/A,25,CONFIRMED,roman-reigns,,,09:01,541,CONFLICTING,,0,,0,0,FALSE,FALSE,FALSE,FALSE,FALSE,FALSE,FALSE,,,,,,SmackDown,PROBABLE,FALSE,CONFIRMED,S363;S364;S365;S366;S881;S1575;S1700;S1813,,
RR2026M,penta,RR2026M,28,CONFIRMED,Penta,Penta,1,2,FALSE,2025,Eliminated (elim #14),14,FALSE,FALSE,N/A,FALSE,N/A,"40 Years, 11 Months, 26 Days",DERIVED,1.80,87,"Mexico City, Mexico",PROBABLE,Face,PROBABLE,,,,,N/A,N/A,N/A,N/A,N/A,N/A,N/A,N/A,23,CONFIRMED,gunther,,,06:01,361,CONFIRMED,,0,,0,0,FALSE,FALSE,FALSE,FALSE,FALSE,FALSE,FALSE,,,,,,Raw,PROBABLE,TRUE,CONFIRMED,S363;S364;S365;S366;S879;S1596;S1700;S1813,,
RR2026M,randy-orton,RR2026M,29,CONFIRMED,Randy Orton,Randy Orton,13,14,FALSE,2022,Eliminated (elim #25),25,FALSE,FALSE,N/A,FALSE,N/A,"45 Years, 9 Months, 30 Days",DERIVED,1.96,113,"St. Louis, Missouri",PROBABLE,Face,PROBABLE,Apex Predator,,,,N/A,N/A,N/A,N/A,N/A,N/A,N/A,N/A,28,CONFIRMED,gunther,,,07:40,460,CONFLICTING,,1,jevon-evans,1,0,FALSE,FALSE,FALSE,FALSE,TRUE,TRUE,FALSE,,,,,,SmackDown,PROBABLE,FALSE,CONFIRMED,S363;S364;S365;S366;S067;S073;S040;S052;S042;S481;S489;S485;S709;S1592;S1700;S1813,,
RR2026M,gunther,RR2026M,30,CONFIRMED,Gunther,Gunther,2,3,FALSE,2024,Eliminated (elim #28),28,FALSE,FALSE,N/A,FALSE,N/A,"38 Years, 5 Months, 11 Days",DERIVED,1.93,113,"Vienna, Austria",PROBABLE,Heel,PROBABLE,,,,,N/A,N/A,N/A,N/A,N/A,N/A,N/A,N/A,29,CONFIRMED,roman-reigns,,,07:51,471,CONFLICTING,,2,penta;randy-orton,2,0,FALSE,FALSE,TRUE,TRUE,TRUE,TRUE,FALSE,,,,,,Raw,PROBABLE,FALSE,CONFIRMED,S363;S364;S365;S366;S867;S1596;S1700;S1813,,
RR2026W,charlotte-flair,RR2026W,1,CONFIRMED,Charlotte Flair,Charlotte Flair,5,6,FALSE,2025,Won,N/A,FALSE,FALSE,N/A,FALSE,N/A,"39 Years, 9 Months, 26 Days",DERIVED,1.78,65,"""The Queen City""",CONFLICTING,Face,PROBABLE,,,Charlotte Flair & Alexa Bliss,,N/A,N/A,N/A,N/A,N/A,N/A,N/A,N/A,23,CONFIRMED,lash-legend,,,59:49,3589,CONFLICTING,,2,alexa-bliss;nia-jax,2,0,FALSE,FALSE,FALSE,FALSE,FALSE,FALSE,FALSE,,,,,,SmackDown,PROBABLE,FALSE,CONFIRMED,S403;S404;S405;S406;S533;S938;S1025;S1683;S1700;S1813,,
RR2026W,alexa-bliss,RR2026W,2,CONFIRMED,Alexa Bliss,Alexa Bliss,4,5,FALSE,2025,Eliminated (elim #12),12,FALSE,FALSE,N/A,FALSE,N/A,"34 Years, 5 Months, 22 Days",DERIVED,1.55,46,"Columbus, Ohio",CONFIRMED,Face,PROBABLE,,,Charlotte Flair & Alexa Bliss,,N/A,N/A,N/A,N/A,N/A,N/A,N/A,N/A,5,CONFIRMED,charlotte-flair,,,13:29,809,CONFIRMED,,0,,0,0,FALSE,FALSE,FALSE,FALSE,FALSE,FALSE,FALSE,,,,,,SmackDown,PROBABLE,FALSE,CONFIRMED,S403;S404;S405;S406;S533;S946;S1032;S1683;S1700;S1813,,
RR2026W,kiana-james,RR2026W,3,CONFIRMED,Kiana James,Kiana James,0,1,TRUE,N/A,N/A,N/A,TRUE,FALSE,N/A,FALSE,N/A,"28 Years, 8 Months, 8 Days",DERIVED,1.78,70,"Sioux City, Iowa",CONFIRMED,Heel,PROBABLE,,,,,N/A,N/A,N/A,N/A,N/A,N/A,N/A,N/A,9,CONFIRMED,raquel-rodriguez,,,27:30,1650,CONFLICTING,,0,,0,0,FALSE,FALSE,FALSE,FALSE,FALSE,FALSE,FALSE,,,,,,SmackDown,PROBABLE,FALSE,CONFLICTING,S403;S404;S405;S406;S985;S1069;S1683;S1700;S1813,,
RR2026W,nia-jax,RR2026W,4,CONFIRMED,Nia Jax,Nia Jax,7,8,FALSE,2025,Eliminated (elim #28),28,FALSE,FALSE,N/A,FALSE,N/A,"41 Years, 8 Months, 2 Days",DERIVED,1.83,123,"San Diego, California",CONFLICTING,Heel,PROBABLE,,,,,N/A,N/A,N/A,N/A,N/A,N/A,N/A,N/A,4,CONFIRMED,charlotte-flair,,,09:29,569,CONFLICTING,,0,,0,0,FALSE,FALSE,FALSE,FALSE,FALSE,FALSE,FALSE,,,,,,SmackDown,PROBABLE,FALSE,CONFIRMED,S403;S404;S405;S406;S924;S1011;S1683;S1700;S1813,,
RR2026W,ivy-nile,RR2026W,5,CONFIRMED,Ivy Nile,Ivy Nile,2,3,FALSE,2025,Eliminated (elim #3),3,FALSE,FALSE,N/A,FALSE,N/A,"33 Years, 11 Months, 5 Days",DERIVED,1.60,57,"Knoxville, Tennessee",CONFLICTING,Heel,PROBABLE,,,,,N/A,N/A,N/A,N/A,N/A,N/A,N/A,N/A,3,CONFIRMED,jordynne-grace,,,06:24,384,CONFLICTING,,0,,0,0,FALSE,FALSE,FALSE,FALSE,FALSE,FALSE,FALSE,,,,,,Raw,PROBABLE,FALSE,CONFIRMED,S403;S404;S405;S406;S974;S1060;S1683;S1700;S1813,,
RR2026W,lola-vice,RR2026W,6,CONFIRMED,Lola Vice,Lola Vice,0,1,TRUE,N/A,N/A,N/A,TRUE,FALSE,N/A,FALSE,N/A,"27 Years, 6 Months, 12 Days",DERIVED,1.63,58,"Miami, Florida",CONFIRMED,Face,PROBABLE,,,,,N/A,N/A,N/A,N/A,N/A,N/A,N/A,N/A,1,CONFIRMED,jordynne-grace,,,04:32,272,CONFLICTING,,0,,0,0,FALSE,FALSE,FALSE,FALSE,FALSE,FALSE,TRUE,,,,,,NXT,PROBABLE,FALSE,CONFIRMED,S403;S404;S405;S406;S986;S1070;S1683;S1700;S1813,,
RR2026W,candice-lerae,RR2026W,7,CONFIRMED,Candice LeRae,Candice LeRae,5,6,FALSE,2025,Eliminated (elim #17),17,FALSE,FALSE,N/A,FALSE,N/A,"40 Years, 4 Months, 2 Days",DERIVED,1.58,50,"Anaheim, California",CONFIRMED,Heel,PROBABLE,,,,,N/A,N/A,N/A,N/A,N/A,N/A,N/A,N/A,2,CONFIRMED,jordynne-grace,,,02:13,133,CONFIRMED,,0,,0,0,FALSE,FALSE,FALSE,FALSE,FALSE,FALSE,FALSE,,,,,,SmackDown,PROBABLE,FALSE,CONFIRMED,S403;S404;S405;S406;S940;S1027;S1633;S1700;S1813,,
RR2026W,jordynne-grace,RR2026W,8,CONFIRMED,Jordynne Grace,Jordynne Grace,2,3,FALSE,2025,Eliminated (elim #15),15,FALSE,FALSE,N/A,FALSE,N/A,"29 Years, 10 Months, 26 Days",DERIVED,1.60,68,"Austin, Texas",CONFIRMED,Face,PROBABLE,,,,,N/A,N/A,N/A,N/A,N/A,N/A,N/A,N/A,8,CONFIRMED,lash-legend,,,14:47,887,CONFIRMED,,3,ivy-nile;lola-vice;candice-lerae,3,0,FALSE,FALSE,FALSE,FALSE,FALSE,FALSE,FALSE,,,,,,SmackDown,PROBABLE,FALSE,CONFIRMED,S403;S404;S405;S406;S973;S1059;S1683;S1700;S1813,,
RR2026W,becky-lynch,RR2026W,9,CONFIRMED,Becky Lynch,Becky Lynch,4,5,FALSE,2024,Eliminated (elim #24),24,FALSE,FALSE,N/A,FALSE,N/A,"39 Years, 0 Months, 1 Days",DERIVED,1.68,61,"Dublin, Ireland",CONFIRMED,Heel,PROBABLE,,,,,Women's Intercontinental Championship,Intercontinental/United States,N/A,2,2026-01-05,26,FALSE,FALSE,7,CONFIRMED,natalya,,,07:35,455,CONFLICTING,,1,maxxine-dupri,1,0,FALSE,FALSE,FALSE,FALSE,FALSE,FALSE,FALSE,,,,,,Raw,PROBABLE,FALSE,CONFIRMED,S403;S404;S405;S406;S425;S426;S427;S429;S430;S904;S991;S1598;S1700;S1706;S1707;S1813,,
RR2026W,sol-ruca,RR2026W,10,CONFIRMED,Sol Ruca,Sol Ruca,0,1,TRUE,N/A,N/A,N/A,TRUE,FALSE,N/A,FALSE,N/A,"26 Years, 5 Months, 5 Days",DERIVED,1.75,63,"Honolulu, Hawaii",CONFLICTING,Face,PROBABLE,,,,,N/A,N/A,N/A,N/A,N/A,N/A,N/A,N/A,28,CONFIRMED,tiffany-stratton,,,50:47,3047,CONFLICTING,,1,jacy-jayne,1,0,FALSE,FALSE,FALSE,FALSE,TRUE,TRUE,TRUE,,,,,,NXT,PROBABLE,FALSE,CONFLICTING,S403;S404;S405;S406;S987;S1071;S1683;S1700;S1813,,
RR2026W,roxanne-perez,RR2026W,11,CONFIRMED,Roxanne Perez,Roxanne Perez,3,4,FALSE,2025,Runner-up (elim #29),29,FALSE,FALSE,N/A,FALSE,N/A,"24 Years, 2 Months, 26 Days",DERIVED,1.55,52,"Laredo, Texas",CONFIRMED,Heel,PROBABLE,,,The Judgment Day,The Judgment Day,N/A,N/A,N/A,N/A,N/A,N/A,N/A,N/A,12,CONFIRMED,rhea-ripley,,,22:12,1332,CONFLICTING,,0,,0,0,FALSE,FALSE,FALSE,FALSE,FALSE,FALSE,FALSE,,,,,,Raw,PROBABLE,FALSE,CONFIRMED,S403;S404;S405;S406;S533;S968;S1054;S1683;S1700;S1813;S1827;S1828,,
RR2026W,maxxine-dupri,RR2026W,12,CONFIRMED,Maxxine Dupri,Maxxine Dupri,2,3,FALSE,2025,Eliminated (elim #4),4,FALSE,FALSE,N/A,FALSE,N/A,"28 Years, 8 Months, 12 Days",DERIVED,1.73,61,"Sacramento, California",CONFIRMED,Face,PROBABLE,,,,,N/A,N/A,N/A,N/A,N/A,N/A,N/A,N/A,6,CONFIRMED,becky-lynch,,,02:47,167,CONFLICTING,,0,,0,0,FALSE,FALSE,FALSE,FALSE,FALSE,FALSE,FALSE,,,,,,Raw,PROBABLE,FALSE,CONFIRMED,S403;S404;S405;S406;S976;S1062;S1663;S1700;S1813,,
RR2026W,natalya,RR2026W,13,CONFIRMED,Nattie,Nattie,8,9,FALSE,2025,Eliminated (elim #11),11,FALSE,FALSE,N/A,FALSE,N/A,"43 Years, 8 Months, 4 Days",DERIVED,1.65,61,"Calgary, Alberta, Canada",CONFIRMED,Heel,PROBABLE,Nattie,,,,N/A,N/A,N/A,N/A,N/A,N/A,N/A,N/A,13,CONFIRMED,liv-morgan,,,23:01,1381,CONFLICTING,,1,becky-lynch,1,0,FALSE,FALSE,FALSE,FALSE,FALSE,FALSE,FALSE,,,,,,Raw,PROBABLE,FALSE,CONFIRMED,S403;S404;S405;S406;S533;S920;S1007;S1683;S1700;S1813,,
RR2026W,liv-morgan,RR2026W,14,CONFIRMED,Liv Morgan,Liv Morgan,8,9,FALSE,2025,Eliminated (elim #24),24,FALSE,FALSE,N/A,FALSE,N/A,"31 Years, 7 Months, 23 Days",DERIVED,1.60,57,"Elmwood Park, New Jersey",CONFLICTING,Heel,PROBABLE,,,The Judgment Day,The Judgment Day,N/A,N/A,N/A,N/A,N/A,N/A,N/A,N/A,,,,,,43:50,2630,CONFLICTING,,3,natalya;raquel-rodriguez;tiffany-stratton,3,0,FALSE,TRUE,FALSE,TRUE,TRUE,TRUE,FALSE,,,,,,Raw,PROBABLE,FALSE,CONFIRMED,S403;S404;S405;S406;S533;S913;S1000;S1683;S1700;S1813,,
RR2026W,lash-legend,RR2026W,15,CONFIRMED,Lash Legend,Lash Legend,1,2,FALSE,2025,Eliminated (elim #8),8,FALSE,FALSE,N/A,FALSE,N/A,"28 Years, 8 Months, 25 Days",DERIVED,1.83,79,"Atlanta, Georgia",CONFIRMED,Heel,PROBABLE,,,,,N/A,N/A,N/A,N/A,N/A,N/A,N/A,N/A,25,CONFIRMED,rhea-ripley,,,38:46,2326,CONFLICTING,,5,charlotte-flair;jordynne-grace;io-shirai;nikki-bella;brie-bella,5,0,FALSE,FALSE,FALSE,FALSE,FALSE,FALSE,FALSE,,,,,,SmackDown,PROBABLE,FALSE,CONFIRMED,S403;S404;S405;S406;S981;S1065;S1683;S1700;S1813,,
RR2026W,zelina-vega,RR2026W,16,CONFIRMED,Zelina,Zelina,6,7,FALSE,2025,Eliminated (elim #16),16,FALSE,FALSE,N/A,FALSE,N/A,"35 Years, 1 Months, 4 Days",DERIVED,1.55,48,"Queens, New York",PROBABLE,Face,PROBABLE,Zelina,,,,N/A,N/A,N/A,N/A,N/A,N/A,N/A,N/A,10,CONFIRMED,giulia,,,10:54,654,CONFLICTING,,0,,0,0,FALSE,FALSE,FALSE,FALSE,FALSE,FALSE,FALSE,,,,,,SmackDown,PROBABLE,FALSE,CONFIRMED,S403;S404;S405;S406;S533;S943;S1075;S1683;S1700;S1813;S1829;S1830;S1831,,
RR2026W,raquel-rodriguez,RR2026W,17,CONFIRMED,Raquel Rodriguez,Raquel Rodriguez,2,3,FALSE,2025,Eliminated (elim #19),19,FALSE,FALSE,N/A,FALSE,N/A,"35 Years, 0 Months, 19 Days",DERIVED,1.83,80,"Rio Grande Valley, Texas",CONFIRMED,Heel,PROBABLE,,,The Judgment Day,The Judgment Day,N/A,N/A,N/A,N/A,N/A,N/A,N/A,N/A,27,CONFIRMED,liv-morgan,,,35:29,2129,CONFIRMED,,2,kiana-james;rhea-ripley,2,0,FALSE,FALSE,FALSE,FALSE,FALSE,TRUE,FALSE,,,,,,Raw,PROBABLE,FALSE,CONFIRMED,S403;S404;S405;S406;S533;S1057;S971;S1683;S1700;S1813,,
RR2026W,chelsea-green,RR2026W,18,CONFIRMED,Chelsea Green,Chelsea Green,4,5,FALSE,2025,Eliminated (elim #9),9,FALSE,FALSE,N/A,FALSE,N/A,"34 Years, 9 Months, 27 Days",DERIVED,1.70,57,"Victoria, British Columbia, Canada",CONFLICTING,Heel,PROBABLE,,,,,AAA World Mixed Tag Team Championship,Other,Ethan Page,1,2025-11-02,90,FALSE,FALSE,11,CONFIRMED,rhea-ripley,,,08:35,515,CONFLICTING,,0,,0,0,FALSE,FALSE,FALSE,FALSE,FALSE,FALSE,FALSE,,,,,,SmackDown,PROBABLE,FALSE,CONFIRMED,S403;S404;S405;S406;S425;S426;S427;S429;S430;S951;S1037;S1643;S1700;S1710;S1813,,
RR2026W,giulia,RR2026W,19,CONFIRMED,Giulia,Giulia,1,2,FALSE,2025,Eliminated (elim #25),25,FALSE,FALSE,N/A,FALSE,N/A,"31 Years, 11 Months, 10 Days",DERIVED,1.62,55,Present,PROBABLE,Heel,PROBABLE,,,,,Women's United States Championship,Intercontinental/United States,N/A,2,2026-01-02,29,FALSE,FALSE,14,CONFIRMED,lyra-valkyria,,,15:15,915,CONFLICTING,,1,zelina-vega,1,0,FALSE,FALSE,FALSE,FALSE,FALSE,FALSE,FALSE,,,,,,SmackDown,PROBABLE,FALSE,CONFIRMED,S403;S404;S405;S406;S425;S426;S427;S429;S430;S984;S1068;S1669;S1700;S1813,,
RR2026W,io-shirai,RR2026W,20,CONFIRMED,IYO SKY,IYO SKY,3,4,FALSE,2025,Eliminated (elim #21),21,FALSE,FALSE,N/A,FALSE,N/A,"35 Years, 8 Months, 23 Days",DERIVED,1.57,54,"Tokyo, Japan",CONFIRMED,Face,PROBABLE,,,IYO SKY & Rhea Ripley,,WWE Women's Tag Team Championship,Tag Team,rhea-ripley,3,2026-01-05,26,FALSE,FALSE,24,CONFIRMED,lash-legend,,,27:31,1651,CONFIRMED,,1,kairi-sane,1,0,FALSE,FALSE,FALSE,FALSE,FALSE,FALSE,FALSE,,,,,,Raw,PROBABLE,FALSE,CONFIRMED,S403;S404;S405;S406;S425;S426;S427;S429;S430;S533;S944;S1030;S1683;S1700;S1706;S1813,,
RR2026W,asuka,RR2026W,21,CONFIRMED,Asuka,Asuka,3,4,FALSE,2024,Eliminated (elim #6),6,FALSE,FALSE,N/A,FALSE,N/A,"44 Years, 4 Months, 5 Days",DERIVED,1.60,62,"Osaka, Japan",CONFIRMED,Heel,PROBABLE,,,,,N/A,N/A,N/A,N/A,N/A,N/A,N/A,N/A,15,CONFIRMED,kairi-sane,,,14:36,876,CONFLICTING,,0,,0,0,FALSE,FALSE,FALSE,FALSE,FALSE,FALSE,FALSE,,,,,,Raw,PROBABLE,FALSE,CONFIRMED,S403;S404;S405;S406;S927;S1014;S1620;S1700;S1813,,
RR2026W,rhea-ripley,RR2026W,22,CONFIRMED,Rhea Ripley,Rhea Ripley,4,5,FALSE,2023,Won,N/A,FALSE,FALSE,N/A,FALSE,N/A,"29 Years, 3 Months, 20 Days",DERIVED,1.75,77,"Adelaide, South Australia",CONFIRMED,Face,PROBABLE,,,IYO SKY & Rhea Ripley,,WWE Women's Tag Team Championship,Tag Team,io-shirai,1,2026-01-05,26,FALSE,FALSE,26,CONFIRMED,raquel-rodriguez,,,25:40,1540,CONFIRMED,,3,roxanne-perez;lash-legend;chelsea-green,3,0,FALSE,FALSE,FALSE,FALSE,FALSE,FALSE,FALSE,,,,,,Raw,PROBABLE,FALSE,CONFIRMED,S403;S404;S405;S406;S425;S426;S427;S429;S430;S533;S945;S1031;S1683;S1700;S1706;S1813,,
RR2026W,bayley,RR2026W,23,CONFIRMED,Bayley,Bayley,6,7,FALSE,2025,Eliminated (elim #26),26,FALSE,FALSE,N/A,FALSE,N/A,"36 Years, 7 Months, 16 Days",DERIVED,1.68,54,"San Jose, California",CONFIRMED,Face,PROBABLE,,,,,N/A,N/A,N/A,N/A,N/A,N/A,N/A,N/A,18,CONFIRMED,nikki-bella,,,16:22,982,CONFLICTING,,0,,0,0,FALSE,FALSE,FALSE,FALSE,FALSE,FALSE,FALSE,,,,,,Raw,PROBABLE,FALSE,CONFLICTING,S403;S404;S405;S406;S931;S1018;S1683;S1700;S1813,,
RR2026W,jacy-jayne,RR2026W,24,CONFIRMED,Jacy Jayne,Jacy Jayne,0,1,TRUE,N/A,N/A,N/A,TRUE,FALSE,N/A,FALSE,N/A,"29 Years, 7 Months, 29 Days",DERIVED,1.68,52,"Jersey City, New Jersey",CONFLICTING,Heel,PROBABLE,,,,,NXT Women's Championship,NXT,N/A,2,2025-11-18,74,FALSE,FALSE,20,CONFIRMED,sol-ruca,,,16:11,971,CONFIRMED,,1,kelani-jordan,1,0,FALSE,FALSE,FALSE,FALSE,FALSE,FALSE,TRUE,,,,,,NXT,PROBABLE,FALSE,CONFIRMED,S403;S404;S405;S406;S425;S426;S427;S429;S430;S988;S1072;S1683;S1700;S1708;S1710;S1813,,
RR2026W,nikki-bella,RR2026W,25,CONFIRMED,Nikki Bella,Nikki Bella,3,4,FALSE,2025,Eliminated (elim #27),27,FALSE,FALSE,N/A,FALSE,N/A,"42 Years, 2 Months, 10 Days",DERIVED,1.68,59,"San Diego, California",CONFLICTING,Face,PROBABLE,,,,,N/A,N/A,N/A,N/A,N/A,N/A,N/A,N/A,21,CONFIRMED,lash-legend,,,14:02,842,CONFIRMED,,1,bayley,1,0,FALSE,FALSE,FALSE,FALSE,FALSE,FALSE,FALSE,TRUE,,TRUE,,,Raw,PROBABLE,FALSE,CONFIRMED,S403;S404;S405;S406;S929;S1016;S1622;S1700;S1813,,
RR2026W,lyra-valkyria,RR2026W,26,CONFIRMED,Lyra Valkyria,Lyra Valkyria,1,2,FALSE,2025,Eliminated (elim #2),2,FALSE,FALSE,N/A,FALSE,N/A,"29 Years, 3 Months, 8 Days",DERIVED,1.60,59,"Dublin, Ireland",PROBABLE,Face,PROBABLE,,,,,N/A,N/A,N/A,N/A,N/A,N/A,N/A,N/A,17,CONFIRMED,brie-bella,,,10:44,644,CONFIRMED,,1,giulia,1,0,FALSE,FALSE,FALSE,FALSE,FALSE,FALSE,FALSE,,,,,,Raw,PROBABLE,FALSE,CONFLICTING,S403;S404;S405;S406;S980;S1683;S1700;S1813,,
RR2026W,kelani-jordan,RR2026W,27,CONFIRMED,Kelani Jordan,Kelani Jordan,0,1,TRUE,N/A,N/A,N/A,TRUE,FALSE,N/A,FALSE,N/A,"27 Years, 3 Months, 9 Days",DERIVED,1.65,,"Boynton Beach, Florida",PROBABLE,Face,PROBABLE,,,,,N/A,N/A,N/A,N/A,N/A,N/A,N/A,N/A,19,CONFIRMED,jacy-jayne,,,09:22,562,CONFLICTING,,0,,0,0,FALSE,FALSE,FALSE,FALSE,FALSE,FALSE,TRUE,,,,,,NXT,PROBABLE,FALSE,CONFIRMED,S403;S404;S405;S406;S989;S1073;S1683;S1700;S1813,,
RR2026W,kairi-sane,RR2026W,28,CONFIRMED,Kairi Sane,Kairi Sane,4,5,FALSE,2024,Eliminated (elim #5),5,FALSE,FALSE,N/A,FALSE,N/A,"37 Years, 4 Months, 8 Days",DERIVED,1.55,52,"Yamaguchi Prefecture, Japan",CONFLICTING,Heel,PROBABLE,,,,,N/A,N/A,N/A,N/A,N/A,N/A,N/A,N/A,16,CONFIRMED,io-shirai,,,01:36,96,CONFLICTING,,1,asuka,1,0,FALSE,FALSE,FALSE,FALSE,FALSE,FALSE,FALSE,,,,,,Raw,PROBABLE,FALSE,CONFIRMED,S403;S404;S405;S406;S908;S995;S1683;S1700;S1813,,
RR2026W,brie-bella,RR2026W,29,CONFIRMED,Brie Bella,Brie Bella,2,3,FALSE,2022,Eliminated (elim #22),22,FALSE,FALSE,N/A,TRUE,approximately 4 years away from WWE competition,"42 Years, 2 Months, 10 Days",DERIVED,1.68,54,"Scottsdale, Arizona",CONFLICTING,Face,PROBABLE,,,,,N/A,N/A,N/A,N/A,N/A,N/A,N/A,N/A,22,CONFIRMED,lash-legend,,,06:50,410,CONFLICTING,,1,lyra-valkyria,1,0,FALSE,FALSE,FALSE,FALSE,FALSE,FALSE,TRUE,TRUE,,TRUE,,,Unaffiliated,PROBABLE,FALSE,CONFIRMED,S403;S404;S405;S406;S930;S1017;S1623;S1700;S1718;S1813,,
RR2026W,tiffany-stratton,RR2026W,30,CONFIRMED,Tiffany Stratton,Tiffany Stratton,1,2,FALSE,2024,Eliminated (elim #27),27,FALSE,FALSE,N/A,TRUE,approximately 7 months (injury),"26 Years, 8 Months, 30 Days",DERIVED,1.70,65,"Minneapolis, Minnesota",CONFLICTING,Face,PROBABLE,,,,,N/A,N/A,N/A,N/A,N/A,N/A,N/A,N/A,29,CONFIRMED,liv-morgan,,,12:48,768,CONFLICTING,,1,sol-ruca,1,0,FALSE,FALSE,TRUE,TRUE,TRUE,TRUE,TRUE,,,,,,SmackDown,PROBABLE,FALSE,CONFIRMED,S403;S404;S405;S406;S979;S1064;S1683;S1700;S1718;S1813,,
