event_id,event_name,match_name,match_type,event_date,venue,city_region,country,attendance_official,attendance_reported,entry_interval_seconds,entrant_count,duration_total,duration_status,finish_type,winner_id,runner_up_id,final_two_ids,final_three_ids,final_four_ids,first_entrant_id,second_entrant_id,final_entrant_id,first_elimination_id,last_elimination_before_winner_id,eliminations_count,eliminators_count,surprise_entrants_count,champions_in_field_count,hall_of_famers_in_field_count,tag_teams_count,factions_count,commentary_team,ring_announcer,referees,special_rules,title_on_the_line,championship_implications,winners_reward,historical_significance,notes,data_quality_status,source_ids,final_entrant_id_status,final_four_ids_status,final_three_ids_status,first_elimination_id_status,first_entrant_id_status,last_elimination_before_winner_id_status,runner_up_id_status,second_entrant_id_status
RR1988M,Royal Rumble 1988,20-Man Royal Rumble Match,Men's,1988-01-24,Copps Coliseum,"Hamilton, Ontario",Canada,16200,18000,120,20,33:24,CONFIRMED,,jim-duggan,one-man-gang,jim-duggan;one-man-gang,jim-duggan;one-man-gang;dino-bravo,jim-duggan;one-man-gang;dino-bravo;don-muraco,bret-hart,tito-santana,junkyard-dog,butch-reed,one-man-gang,19,11,UNKNOWN,1,0,2,N/A,"Vince McMahon, Jesse Ventura",Howard Finkel,"Dave Hebner, Earl Hebner, Jim Korderas, Joey Marella worked the card per S026 (Wikipedia) -- confirms S010's ambiguous 'Hebner' credit for the Steamboat-Rude opener was one of these two; which specific referee(s) worked the Rumble match itself specifically is still not identified in any source consulted yet","20-man format (pre-dates the 30-man standard adopted for 1993 onward); Howard Finkel announced a 2-minute entry interval, but S008's timing analysis found actual buzzer-to-buzzer intervals averaged closer to 90 seconds (11 of 18 intervals fell within 5s of 90s vs. only 3 of 18 within 5s of 120s) -- entry_interval_seconds (120) reflects the ANNOUNCED interval, not the actual one; this is 1988 only, still traditional-alignment rules (faces vs. heels), predating 1989's PPV debut and its more explicit 'every man for himself' framing per S010",FALSE,None -- no title was contested in the Rumble match itself,None identified -- no guaranteed title shot was attached to winning the Rumble in 1988; S010 explicitly frames the show as more of a trivia-question gimmick than a serious title angle,"First-ever televised Royal Rumble match; only Rumble held as a free TV special rather than PPV; only Rumble held outside the U.S. until 2026. S009 notes an earlier, non-televised 'Royal Rumble' had taken place a few years prior at a house show in St. Louis -- this event is the first TELEVISED one, not necessarily the literal first use of the name/concept.","20 confirmed entrants, all identified. See flags.csv for bio verification status and F006/F007 for two disputed eliminations and an attendance discrepancy. Fact-check pass: Wikipedia (S026) independently confirms date, venue, 18,000 reported attendance, winner/runner-up, and commentary team; gives duration as 33:00 vs this database's 33:24 -- a 24-second variance treated as rounding, not a real conflict.",CONFIRMED,S001;S002;S004;S008;S009;S010;S011;S026,,,,,,,,
RR1989M,Royal Rumble 1989,30-Man Royal Rumble Match,Men's,1989-01-15,The Summit,"Houston, Texas",United States,,19000,120,30,64:53,CONFIRMED,,big-john-studd,ted-dibiase,big-john-studd;ted-dibiase,big-john-studd;ted-dibiase;one-man-gang,big-john-studd;ted-dibiase;one-man-gang;rick-martel,ax,smash,ted-dibiase,smash,ted-dibiase,29,15,0,3,0,9,N/A,"Gorilla Monsoon, Jesse Ventura",Howard Finkel,"Earl Hebner, Joey Marella, Chief Jay Strongbow (official) per S026 (Wikipedia)","First Royal Rumble held as a pay-per-view (previous 1988 event was free TV). First 30-man Rumble (1988 was 20-man); this is the format that became the standard going forward. Howard Finkel announced a 2-minute entry interval and, unlike 1988's ~90s actual average, WWF stuck to it closely this time -- 27 of 28 buzzer intervals fell within 3 seconds of 2:00 per S012, median exactly 2:00. Ted DiBiase bought his way into the #30 (final) slot from Slick per S014's recap. 3 documented simultaneous eliminations (Brain Busters by Hogan; Bad News Brown & Randy Savage by Hogan; Hercules & Brutus Beefcake by DiBiase/Barbarian) -- see eliminations.csv simultaneous_group_id. 1 illegal elimination (Hogan eliminated Big Bossman after Hogan himself had already been eliminated). 1 illegally-assisted elimination (Jake Roberts used Damien the snake to scare Andre the Giant into a self-elimination).",FALSE,"None -- no title was contested in the Rumble match itself, though 3 reigning champions (Randy Savage/WWF Champion, Ax & Smash/WWF Tag Champions) were in the field",None identified this pass -- no guaranteed title shot is mentioned in any source consulted; S013 notes a planned Studd/Andre the Giant program afterward that never materialized due to both men's declining health,"First Royal Rumble as a PPV. First 30-man-format Rumble. Ax and Smash of Demolition drew #1 and #2 despite being a team. Randy Savage and Hulk Hogan (Mega Powers) worked together for most of the match before Hogan turned on him, foreshadowing their real-life breakup and WrestleMania V program. Harley Race's final WWF match.","30 confirmed entrants, all identified. See flags.csv F008-F014 for the ring-time discrepancies and the Red Rooster real-name/birthplace conflict. Fact-check pass (S026, Wikipedia) independently confirmed date, venue, attendance (F010, resolved), duration (F012, corrected 65:06->64:53 and resolved), and filled in the referee crew; the entry-order/elimination table itself remains cross-checked only within Shane's own document, not against Wikipedia's table (F011, partially resolved -- see F034).",CONFIRMED,S012;S013;S014;S015;S026,,,,,,,,
RR1990M,Royal Rumble 1990,30-Man Royal Rumble Match,Men's,1990-01-21,Orlando Arena,"Orlando, Florida",United States,,16000,120,30,58:46,CONFIRMED,,hulk-hogan,mr-perfect,hulk-hogan;mr-perfect,hulk-hogan;mr-perfect;rick-rude,hulk-hogan;mr-perfect;rick-rude;hercules,ted-dibiase,koko-b-ware,mr-perfect,koko-b-ware,mr-perfect,29,16,0,0,0,1,N/A,"Tony Schiavone, Jesse Ventura",Howard Finkel,"Tony Garea, Pat Patterson, Danny Davis, Earl Hebner, Joey Marella, Shane Stevens per S026 (Wikipedia)","First of two consecutive Hogan Royal Rumble wins (1990-1991). No reigning champion in the field this year (unlike 1989's Savage/Demolition) -- Ultimate Warrior was WWF Champion at the time but did not compete in the Rumble match itself. Ted DiBiase drew #1 and lasted ~45 minutes before being eliminated by Ultimate Warrior. Earthquake's elimination is credited to SIX eliminators jointly (Ted DiBiase, Smash, Haku, Jimmy Snuka, Jim Neidhart, Dino Bravo -- the 6th, Dino Bravo, was added during the fact-check pass per 2 independent external sources, see F018) and Ultimate Warrior's final elimination to three (Hogan, Rick Rude, The Barbarian) -- the largest joint-credit groups seen in the database so far.",FALSE,None -- no title was contested in the Rumble match itself,None identified this pass -- S016 doesn't mention a guaranteed title-shot stipulation for this year's winner,"Widely regarded (per S016's own framing) as one of the most star-studded Royal Rumble fields ever assembled -- Andre the Giant, Bret Hart, Ted DiBiase, Mr. Perfect, Roddy Piper, Dusty Rhodes, Randy Savage, and Ultimate Warrior all in the same 30-man field. Hulk Hogan's first Royal Rumble MATCH appearance and win (he had been WWF Champion during 1988/1989 without competing in either Rumble). S016 notes a backstage detail: Mr. Perfect was reportedly scripted to win, but Hogan (also the reigning champion) overruled it.","30 confirmed entrants, all identified. See flags.csv F015-F020 for the misfiled-1991-content issue, the blank bio columns, the new-wrestler bio gaps, and the Akeem/Earthquake ring-time coincidence (F018, resolved via S026/Wikipedia independently confirming the 02:31 figure for both and revealing the missing Dino Bravo eliminator credit). Fact-check pass (S026, Wikipedia) independently confirmed date, venue, attendance, duration (58:46 matches exactly, upgraded to CONFIRMED), and filled in the referee crew.",CONFIRMED,S016;S017;S026,,,,,,,,
RR1991M,Royal Rumble 1991,30-Man Royal Rumble Match,Men's,1991-01-19,Miami Arena,"Miami, Florida",United States,,16122,120,30,65:17,CONFIRMED,,hulk-hogan,earthquake,hulk-hogan;earthquake,hulk-hogan;earthquake;brian-knobbs,,bret-hart,dino-bravo,tugboat,dino-bravo,earthquake,28,UNKNOWN,0,0,0,2,N/A,"Gorilla Monsoon, Roddy Piper",Howard Finkel,"Shane Stevens, Fred Sparta, Mike Chioda, Earl Hebner, Joey Marella per S026 (Wikipedia)","Randy Savage was drawn for entry #18 but never actually entered the match -- see flags.csv F023, this is a unique case in the database so far. Hogan's second consecutive Royal Rumble win (1990-1991). Sgt. Slaughter's Gulf War-era 'Iraqi sympathizer' storyline (with an unnamed manager styled as a Saddam Hussein look-alike per S019) generated the win over Ultimate Warrior earlier on the card -- the first time the WWF Title was defended at a Royal Rumble event. This was originally intended to build to a 100,000-fan WrestleMania VII at the LA Coliseum, but poor advance ticket sales forced a move to the much smaller LA Sports Arena, which the promotion publicly attributed to security concerns instead per S019.",FALSE,"None in the Rumble match itself, though the WWF Title changed hands on the same card (Slaughter over Warrior)",None identified this pass in either source,The Undertaker's first-ever Royal Rumble appearance. Rick Martel's 52:30 survival time set a new Royal Rumble record (surpassing Bret Hart's 25:42 from 1988 and Mr. Perfect's 27:58 from 1989) -- broken the following year per S018's own framing ('a record that would last only until the next year').,"30 confirmed entrants (including Randy Savage's unique no-show case), all identified. Eliminator credit is known for only 6 of 28 eliminations -- see flags.csv F021-F026 for the full list of what's derived vs. directly stated vs. unknown in this event. Fact-check pass (S026, Wikipedia) independently confirmed date, venue, and duration (65:17 matches exactly); filled in the referee crew; found a genuine new attendance conflict (16,000 vs 16,122 -- see F035, open).",CONFIRMED,S018;S019;S026,,,,,,,,
RR1992M,Royal Rumble 1992,30-Man Royal Rumble Match,Men's,1992-01-19,Knickerbocker Arena,"Albany, New York",United States,,17014,120,30,62:02,CONFIRMED,,ric-flair,sid-justice,ric-flair;sid-justice,ric-flair;sid-justice;hulk-hogan,ric-flair;sid-justice;hulk-hogan;randy-savage,british-bulldog,ted-dibiase,the-warlord,ted-dibiase,sid-justice,29,UNKNOWN,0,0,0,0,N/A,"Gorilla Monsoon, Bobby Heenan",Howard Finkel,"John Bonello, Danny Davis, Earl Hebner, Joey Marella per S026 (Wikipedia)","The WWF Championship was vacant and on the line in the Rumble match itself -- the only Royal Rumble before or since where the winner became champion that same night. Hulk Hogan had been stripped of the title a week earlier by President Jack Tunney after cheating to regain it from The Undertaker at 'Tuesday Night in Texas', per S021's narrative.",TRUE,"WWF Championship, vacant, won by Ric Flair","The vacant WWF Championship itself, not a title shot -- unique among the events in this database so far","Widely regarded (per S021's own framing) as one of the greatest single-performer Royal Rumble showings ever -- Ric Flair lasted 59:31 of the 62:02 match, an iron-man performance topping Rick Martel's 52:30 record from the prior year. Roddy Piper won the only title of his WWF career (Intercontinental) earlier on the same card. Sid Justice eliminated four wrestlers (Savage, Hogan, Martel, Piper) before being eliminated by Flair for the win.","30 confirmed entrants, all identified. Eliminator credit is known for 11 of 29 eliminations plus one confirmed self-elimination (Big Boss Man) -- see flags.csv F027-F034 for the full list of what's derived vs. directly stated vs. unknown in this event, including a genuinely interesting +7:40 clock-offset discovery (F029) in the source's own 'Miscellaneous Notes' subsection. Fact-check pass (S026, Wikipedia): confirmed venue and winner; independently confirms the event date as 1992-01-19, resolving an apparent typo in S021 (Dan Wahlers), whose own narrative text says 'January 18' -- the database's date field was already correct, but this explains the discrepancy rather than leaving it silently unaddressed; attendance is reported by Wikipedia as a rounded 17,000 against this database's more precise 17,014 (S020/S021) -- treated as consistent, not conflicting, unlike 1991's genuine attendance conflict (see F035 in 1991's flags); filled in the referee crew.",CONFIRMED,S020;S021;S026,,,,,,,,
RR1993M,Royal Rumble 1993,30-Man Royal Rumble Match,Men's,1993-01-24,Arco Arena,"Sacramento, California",United States,,16000,120,30,66:40,CONFIRMED,,yokozuna,randy-savage,yokozuna;randy-savage,yokozuna;randy-savage;bob-backlund,yokozuna;randy-savage;bob-backlund;rick-martel,ric-flair,bob-backlund,randy-savage,papa-shango,randy-savage,29,UNKNOWN,0,0,0,0,N/A,"Gorilla Monsoon, Bobby Heenan",Howard Finkel,Not identified in either source consulted this pass,"This was the first Royal Rumble with the stipulation that the winner earns an automatic WWF Championship match at WrestleMania (per S028). Giant Gonzalez, NOT an official entrant, ran in partway through the match to attack The Undertaker, interrupting the match for about 4m 17s -- see F053. Bob Backlund was dragged outside the ring and assaulted by Berzerker (at Gonzalez's behest) during that stretch but was not eliminated; his listed survival time (61:16) spans this period -- see F055.",FALSE,"None in the Rumble match itself, though the winner (Yokozuna) earned a title match at WrestleMania IX per the new stipulation",An automatic WWF Championship match at WrestleMania IX -- the first year this stipulation existed,"First Royal Rumble where the winner was guaranteed a WWF Championship match at that year's WrestleMania -- the format that has continued ever since (per S035). Bob Backlund's elimination at roughly the 61-minute mark set a new Rumble longevity record at the time, standing for 11 years until broken by Chris Benoit in 2004 (per S035; S036 gives a slightly different 61:16 for the same figure, ~6 seconds off, plausibly due to how the Giant Gonzalez interloper angle was clocked -- see F090). Lex Luger's WWF debut, after departing the World Bodybuilding Federation (per S035).","30 confirmed entrants, all identified. Eliminator credit is known for only 4 of 29 eliminations -- see flags.csv F051-F058 for the full list of what's derived vs. directly stated vs. unknown in this event, including the unusual Giant Gonzalez interloper-elimination case (F053) and the Randy Savage self-elimination-adjacent controversy (F054). Externally fact-checked 2026-09-15: date/venue/attendance(16,000)/duration(66:40)/commentary/winner all confirmed by 2+ independent sources (Wikipedia event article + thesmackdownhotel.com/PWDB); full 30-entrant order independently confirmed exactly matching the DB's internal order; the Giant Gonzalez interloper detail independently confirmed. See F086-F090.",CONFIRMED,S024;S027;S028;S035;S036,,,,,,,,
RR1994M,Royal Rumble 1994,Royal Rumble Match,Men's,1994-01-22,Providence Civic Center,"Providence, Rhode Island",United States,,14500,UNKNOWN,30,55:04,PROBABLE,co_winners,,,bret-hart;lex-luger,,,,,,,,UNKNOWN,UNKNOWN,UNKNOWN,UNKNOWN,UNKNOWN,UNKNOWN,N/A,"Vince McMahon, Ted DiBiase",Howard Finkel,"Earl Hebner, Danny Davis, Joey Marella, Tim White (per S035, single-sourced)","THE ONLY ROYAL RUMBLE IN HISTORY WITH A CO-WINNER CALL. Bret Hart and Lex Luger went over the top rope at essentially the same instant; WWF announced BOTH as the winner live. S029's own text states that replay showed Luger's feet hit the floor first, which would make Bret Hart the sole legitimate winner under the match's own rules -- but this was never corrected on-air or in the official record. See F060 for the full writeup and how this is modeled in the data (both men have is_winner=TRUE; no eliminations.csv row exists for either, since crediting one as eliminating the other would mean silently resolving a dispute the source itself leaves open). Scott Steiner and Samu were the first two entrants (exact order not specified). This is the leanest build in the database so far -- no Cageside-style timing analysis exists for 1994, so entry order, ring times, and elimination order are UNKNOWN for every other participant -- see F059.",FALSE,"None in the Rumble match itself, though the WWF Championship (Yokozuna def. Undertaker, Casket Match) and World Tag Team Championship (The Quebecers def. Bret & Owen Hart) both changed hands or were defended earlier on the same card","UNKNOWN -- neither source states a guaranteed title-shot stipulation explicitly for this specific year, though the WrestleMania-title-shot convention (established 1993) is generally assumed to have continued; not directly confirmed this pass","The only Royal Rumble in history with two simultaneous co-winners (per S035). Diesel's 7 eliminations tied the then-single-match record. Entry interval was shortened from the usual 2:00 to 90 seconds for broadcast-time reasons (kayfabe: on 'Jack Tunney's orders'). Three late roster swaps happened before the show: Kwang (Savio Vega's masked debut) replaced an injured Ludvig Borga, Virgil replaced Kamala, and Sparky Plugg (Bob Holly's WWF TV debut) replaced an injured 1-2-3 Kid. The unresolved dual-win forced a coin toss on the following Raw to set WrestleMania X title-match order -- Luger won the toss.","Only 29 of a presumed 30-man field are named in S029 -- see F061. Entry order, ring times, and elimination order/credits are UNKNOWN for every participant this year (no Cageside-style timing analysis exists for 1994, unlike 1988-1993) -- see F059. This is the leanest build in the database so far, a genuine gap in the source material rather than a processing shortfall. Externally fact-checked 2026-09-15: date/venue/attendance(14,500) confirmed by 3 sources; the missing 30th entrant (Bastion Booger, advertised #25, withdrew due to illness before the match) was found and added, resolving F061; the full 30-slot entry order and eliminator credits were recovered from Wikipedia/PWDB (2-source agreement) and added to entrants.csv/eliminations.csv, upgrading this event well beyond its original 'sparsest year' status -- ring times and exact elimination order/timestamps remain UNKNOWN (no source gives them). See F091-F097.",PROBABLE,S024;S029;S035;S036;S042,UNKNOWN,UNKNOWN,UNKNOWN,UNKNOWN,UNKNOWN,UNKNOWN,UNKNOWN,UNKNOWN
RR1995M,Royal Rumble 1995,30-Man Royal Rumble Match,Men's,1995-01-22,The Sun Dome,"Tampa, Florida",United States,,10569,60,30,38:45,CONFIRMED,,shawn-michaels,british-bulldog,shawn-michaels;british-bulldog,shawn-michaels;british-bulldog;demolition-crush,shawn-michaels;british-bulldog;demolition-crush;lex-luger,shawn-michaels,british-bulldog,demolition-crush,jimmy-del-ray,british-bulldog,29,UNKNOWN,0,0,0,0,N/A,"Vince McMahon, Jerry Lawler",Howard Finkel,"Danny Davis, Jack Doan, Earl Hebner, Tim White (per S035, single-sourced)","Entry interval was 60 seconds this year, not the usual 90/120 -- the shortest 30-man Rumble in history as a direct result (38:45 total). Shawn Michaels and British Bulldog started the match AND finished it as the final two, both surviving the entire match length. Bret Hart attacked Owen Hart and Bob Backlund during their entrances, well before either reached the ring -- see F068.",FALSE,"None in the Rumble match itself, though the WWF Championship (Diesel vs. Bret Hart, ended in a no-contest/draw) was defended earlier on the same card","A WWF Championship match against Diesel at WrestleMania XI, per S031","Shawn Michaels became the first wrestler to enter at #1 and win the Rumble -- this didn't happen again until Chris Benoit in 2004 (per S035/S041). Michaels and British Bulldog both entering AND finishing the match together is independently confirmed as a first (per S035/S041). Michaels eliminated a record 8 wrestlers. Baywatch star Pamela Anderson was ringside under a storyline stipulation to accompany the Rumble winner to WrestleMania XI -- but the storyline instead had her accompany Diesel, despite Michaels winning (per S035/S042). NFL Hall of Famer Lawrence Taylor attended and confronted Bam Bam Bigelow post-match, foreshadowing their WrestleMania XI match (per S042).","30 confirmed entrants, all identified. Eliminator credit is known for only 1 of 29 eliminations (Bulldog, by Michaels) -- see flags.csv F065-F071 for the full list of what's derived vs. directly stated vs. unknown in this event, including a minor 1-second buzzer-checksum rounding note (F067) and the 'Doink' identity-merge caution (F071). Externally fact-checked 2026-09-15: date/venue/attendance/duration(38:45, independently matched exactly by S036)/commentary/winner/the '60-second interval, shortest 30-man Rumble ever' claim all confirmed by 2+ sources. Entry order confirmed by 3 independent sources for 28 of 30 slots; a genuine 2-source-vs-1-source conflict was found and corrected at #25/#26 (see F098). See F098-F101.",CONFIRMED,S024;S030;S031;S035;S036;S040;S041;S042,,,,,,,,
RR1996M,Royal Rumble 1996,Royal Rumble Match,Men's,1996-01-21,Selland Arena,"Fresno, California",United States,,9600,UNKNOWN,30,58:49,CONFIRMED,,shawn-michaels,diesel,shawn-michaels;diesel,,,hunter-hearst-helmsley,henry-godwinn,,,diesel,UNKNOWN,UNKNOWN,UNKNOWN,0,UNKNOWN,UNKNOWN,N/A,"Vince McMahon, Mr. Perfect",Howard Finkel,"Earl Hebner, Jim Korderas, Jack Doan, Tim White (per S035; Korderas/White/Hebner independently corroborated by S037)","The WWF Championship match (Bret Hart vs. Undertaker) went on LAST this year instead of the Royal Rumble match itself -- the start of a trend that continued for several years per S032. Diesel interfered in that title match, pulling the referee during a count and costing Undertaker the win (Bret retained via DQ). Steve Austin made his Royal Rumble debut wrestling as 'The Ringmaster' -- see F077. This is the leanest build in the database aside from 1994 -- no Cageside-style timing analysis exists for 1996, so entry order and ring times are UNKNOWN for all but a handful of participants -- see F072.",FALSE,"None in the Rumble match itself, though the WWF Championship (Undertaker def. Bret Hart by pinfall/submission-equivalent, but Bret retained via DQ due to Diesel's interference) was contested LAST on the same card, after the Rumble match","A WWF Championship match against Bret Hart at WrestleMania XII (an Iron Man Match), per S032","First Rumble where wrestlers had individual entrance music (per S037). Entry intervals reverted to the standard 2:00 after 1995's unusually short 1-minute gaps (per S037). Debuted WWF's first-ever televised pre-show match ('Free for All'): Duke Droese defeated Hunter Hearst Helmsley, with the stakes being winner-gets-#30 / loser-gets-#1 -- Triple H, despite the 'loss,' went on to be the match's longest survivor (48+ min) without eliminating anyone (per S037). Steve Austin's Royal Rumble debut, wrestling as 'The Ringmaster' -- reportedly booked to go deep into the match, but the ring ropes had become slick with baby oil from other performers, and he slipped over the top when clotheslined by Fatu, eliminating him far earlier than planned (per S039, Austin's own account). Shawn Michaels became the second man ever (after Hulk Hogan) to win the Rumble in consecutive years, racking up 8 eliminations -- independently reproduced by counting the recovered elimination table this pass. Jake Roberts' surprise return to the WWF, his first appearance since WrestleMania VIII in 1992 (per S035).","Only 2 of 30 entrants (Triple H #1, Henry Godwinn #2) have a confirmed entry number, and only Triple H has any stated ring time -- see F072/F073. This is the leanest build in the database aside from 1994, a genuine gap in the source material for this specific year rather than a processing shortfall. Externally fact-checked 2026-09-15: date/venue/attendance/commentary/winner confirmed by 2+ sources; duration upgraded from PROBABLE to CONFIRMED (58:49, matched exactly by S035 and S037). The full 30-slot entry order, eliminator credits, ring times, AND elimination order were all recovered from Wikipedia's structured table (corroborated piecemeal by individual wrestler bio pages and S040), transforming this event from the DB's sparsest build (2 of 30 entry numbers known) to a fully-populated one -- though still single-primary-sourced (Wikipedia) for the bulk of the granular per-wrestler figures, so entrants carry PROBABLE rather than CONFIRMED data_quality_status except where independently corroborated. Duke Droese's previously-unknown #30 slot (and the pre-show match that earned it) was also filled in. See F102-F107.",PROBABLE,S024;S032;S035;S037;S039;S040,UNKNOWN,UNKNOWN,UNKNOWN,UNKNOWN,,,,
RR1997M,Royal Rumble 1997,30-Man Royal Rumble Match,Men's,1997-01-19,Alamodome,"San Antonio, Texas",United States,48017,60525,90,30,50:30,CONFIRMED,,steve-austin,bret-hart,steve-austin;bret-hart,steve-austin;bret-hart;fake-diesel,steve-austin;bret-hart;fake-diesel;the-undertaker,demolition-crush,ahmed-johnson,the-undertaker,fake-razor-ramon,bret-hart,29,UNKNOWN,1,1,0,0,N/A,"Vince McMahon, Jim Ross, Jerry Lawler",Howard Finkel,"Mike Chioda, Jack Doan, Jim Korderas, Earl Hebner (4-source corroborated), Pepe Casas (single-sourced) per S035/S037","The largest crowd to ever see a Royal Rumble to that point -- 60,525 announced, though only 48,017 paid, at the Alamodome. THE central controversy: Bret Hart eliminated Steve Austin at 50:05, but the referees missed it (distracted by a Mankind/Terry Funk brawl outside the ring); Austin snuck back in undetected and eliminated Undertaker, Vader, and finally Bret Hart himself to 'win' the match -- see F081 for the full writeup and how this is modeled (no elimination row exists for Bret Hart's missed elimination of Austin; the official/on-air result is what's recorded). Mil Mascaras eliminated himself via an unconventional dive off the ring apron turnbuckle -- see F082. WWF's countdown clock malfunctioned for the first ~5 minutes of the match -- see F083.",FALSE,"None in the Rumble match itself, though the WWF Championship (Shawn Michaels def. Psycho Sid) was contested earlier on the same card, and Hunter Hearst Helmsley (also a Rumble entrant) retained the Intercontinental Championship against Goldust","A WWF Championship match against The Undertaker at WrestleMania 13 -- ultimately went to Undertaker (not Austin) after Austin lost the title match to Sid at the same show, per S034's account of that year's title picture","Austin's 10 eliminations tied Hulk Hogan's then-record (Royal Rumble 1989) for most eliminations by a single competitor in one match -- stood until Kane eliminated 11 in 2001; Austin remains the only Rumble winner other than Kane to eliminate 10+ opponents (per S035/S038). The announced crowd was the largest live Royal Rumble attendance in history until 2025 (per S035) -- driven partly by heavy last-minute ticket discounting (as low as $5-7 with promotional coupons), which explains the roughly 12,000-seat gap between the paid and announced attendance figures (per S037/S038). WWF partnered with Mexico's AAA promotion for this show, bringing Mil Máscaras, Pierroth Jr., Latin Lover, and Cibernético into the Rumble itself. This was Dwayne Johnson's first Royal Rumble match, wrestling as 'Rocky Maivia' barely two months after his November 1996 in-ring debut. This event also marked the final WWF television appearances of both 'Fake Diesel' and 'Fake Razor Ramon' -- a storyline mocking the real Diesel/Razor Ramon's 1996 departure for WCW.","30 confirmed entrants, all identified. Eliminator credit is known for only 5 of 29 eliminations -- see flags.csv F079-F085 for the full list of what's derived vs. directly stated vs. unknown in this event, including the richest internal-validation checkpoint set in the database so far (F080) and the central Bret Hart/Austin missed-elimination controversy (F081). Externally fact-checked 2026-09-15: venue/duration/commentary/winner/entry order all confirmed by 2-4 independent sources. The event DATE was corrected from 1997-01-21 (a Tuesday -- inconsistent with the WWF's standard Sunday PPV scheduling) to 1997-01-19 (a Sunday), agreeing with 4 independent sources -- see F111. Attendance's paid/announced split (48,017/60,525) is independently corroborated. See F111-F116.",CONFIRMED,S024;S033;S034;S035;S037;S038;S042,,,,,,,,
RR1998M,Royal Rumble 1998,Royal Rumble Match,Men's,1998-01-18,San Jose Arena,"San Jose, California",United States,,18542,UNKNOWN,30,55:24,CONFIRMED,,steve-austin,rocky-maivia,steve-austin;rocky-maivia,,,cactus-jack,terry-funk,,,rocky-maivia,28,19,UNKNOWN,1,UNKNOWN,UNKNOWN,UNKNOWN,"Jim Ross, Jerry Lawler",Howard Finkel,"Mike Chioda, Jack Doan, Jim Korderas, Earl Hebner, Tim White (per S050, single-sourced)","Mick Foley wrestled this match three separate times under three different gimmicks -- Cactus Jack (#1), Mankind (re-entry, existing id reused), and Dude Love (#28) -- modeled as three separate entrant rows, see F111. Triple H (Hunter Hearst Helmsley) did not take his own entry (injured knee; his #19 slot went to Honky Tonk Man) but still appears in the official record via a crutch-assisted interference elimination of Owen Hart -- see F113.",FALSE,"None in the Rumble match itself, though The Rock successfully defended the WWF Intercontinental Championship against Ken Shamrock by DQ earlier on the same card, and Shawn Michaels retained the WWF Championship against The Undertaker in a Casket Match that closed the show.","A WWF Championship match against Shawn Michaels at WrestleMania XIV, which Steve Austin won to capture his first WWF World Title, per S043","Steve Austin's Royal Rumble win kicked off the Attitude Era's defining singles push -- he would go on to defeat Shawn Michaels for his first WWF Championship at WrestleMania XIV. Mick Foley's unique performance as three separate entrants in the same match (Cactus Jack, Mankind, Dude Love) is one of the most famous trivia footnotes in Rumble history. Honky Tonk Man made a surprise return, taking the injured Triple H's spot at #19. The undercard closed with Shawn Michaels defeating The Undertaker in a Casket Match, in which Kane helped put Undertaker in the casket and then set it on fire to close the show, per S043 -- Kane's debut-adjacent WWF angle, though he is not himself a Rumble entrant this year. Steve Austin recorded 7 eliminations, the most of the match (Marc Mero, Thrasher, Kama Mustafa, 8-Ball, Savio Vega, Chainz, and The Rock) -- per S054. This was the 3rd time a wrestler won the Rumble in consecutive years (after Hogan 1990-91 and Michaels 1995-96) -- per S050/S054. S054 also claims this Rumble featured 17 first-time participants, the most since 1989 (single-sourced, not independently cross-checked).","Sparse year -- only 6 of 30 entrants (Cactus Jack #1, Chainsaw Charlie #2, The Rock #4, Honky Tonk Man #19, Steve Austin #24, Dude Love #28) have a confirmed entry number, and no exact ring/survival times are stated for anyone -- see F112. The official Match Results participant list is short by one name versus the expected 30; a 30th (Brian Lee) is added from narrative-only sourcing -- see F115. Externally fact-checked 2026-09-16: attendance CONFIRMED at 18,542 (matches S043 exactly, corroborated by S050/S054). The full 1-30 entry order, ring times, and eliminator credit were recovered from Wikipedia (S050), independently matched by thesmackdownhotel.com/PWDB -- resolving F112. The 'Brian Lee' entrant was found to be a build-time duplication error (Brian Lee Harris is Chainz's real name, not a separate entrant); corrected to reflect the true #29 (Chainz) and #30 (Vader, previously entirely missing from this event). Skull (Don Harris) was added as an advertised-but-no-show entrant at #22. Dude Love's eliminator was corrected from Steve Austin to Faarooq. See F141-F151.",PROBABLE,S043;S050;S053;S054,UNKNOWN,UNKNOWN,UNKNOWN,UNKNOWN,,,,
RR1999M,Royal Rumble 1999,Royal Rumble Match,Men's,1999-01-24,Arrowhead Pond,"Anaheim, California",United States,,14816,90,30,56:38,CONFIRMED,,vince-mcmahon,steve-austin,vince-mcmahon;steve-austin,vince-mcmahon;steve-austin;big-boss-man,vince-mcmahon;steve-austin;d-lo-brown;big-boss-man,steve-austin,vince-mcmahon,chyna,golga,steve-austin,29,UNKNOWN,UNKNOWN,1,UNKNOWN,UNKNOWN,UNKNOWN,"Michael Cole, Jerry Lawler",UNKNOWN,"Mike Chioda, Earl Hebner, Jim Korderas, Theodore Long, Tim White (per S050, single-sourced)","Vince McMahon rigged the pre-show drawing (via a storyline) to make Steve Austin the #1 entrant, with new Commissioner Shawn Michaels then assigning McMahon himself #2 -- the only Rumble in this database where the eventual winner is confirmed to have entered at #2. A $100,000 storyline bounty was placed on Austin's head by McMahon's Corporation, driving most of the match's minimal wrestling action. Austin and McMahon were both absent from the ring for large stretches (Austin ambushed and taken away by ambulance, McMahon on commentary) but were both officially credited with the full match duration as their survival time -- see script docstring.",FALSE,"None in the Rumble match itself, though The Rock won the WWF Championship from Mick Foley in an 'I Quit' Match earlier on the same card, Ken Shamrock retained the Intercontinental Championship against Billy Gunn, and X-Pac retained the European Championship against Gangrel.","A WWF Championship match against Vince McMahon (rather than a title match against the actual champion) -- Austin instead got his WrestleMania shot via a Cage Match win over McMahon at St. Valentine's Day Massacre in February 1999, going on to beat The Rock for his 3rd WWF Title at WrestleMania XV, per S045","Widely regarded as one of the worst-booked Royal Rumble matches in history -- the storyline (Austin vs. McMahon) completely overshadowed the in-ring action, with Vince McMahon becoming the only authority-figure/non-wrestler-style entrant to ever win a Royal Rumble. Chyna became the first woman to ever accumulate survival time in a Royal Rumble match. The undercard's Rock/Foley 'I Quit' Match is separately regarded as one of the most brutal, historically significant matches of the Attitude Era (later depicted in the documentary 'Beyond the Mat') -- Foley took a string of unprotected chairshots that he and others have cited as a contributing factor to his early retirement from full-time wrestling. Big Show's WWF debut followed one month later at the Austin/McMahon Cage Match rematch, per S045. Chyna (entry #30) became the first woman to compete in a men's Royal Rumble match, and the first woman to record an official Royal Rumble elimination (Mark Henry) -- per S050/S056; she remained the only woman entrant until 2010. Kane (entry #18) is the only wrestler in Royal Rumble history credited with eliminating HIMSELF (walked out of the ring unprompted, chasing storyline 'orderlies' during his contemporaneous psychological-instability angle) -- per S050/S037.","The richest entry/survival-timing dataset in this database so far -- all 30 entrants timed to the second -- but eliminator credit is unusually sparse (only 4 of 29 eliminations are directly credited) -- see F119. Four entrants have camera-cut timing uncertainty -- see F120. Mabel's elimination (abducted outside the ring by The Undertaker) is a unique case -- see F121. Externally fact-checked 2026-09-16: attendance CONFIRMED at 14,816 (matches S045 exactly). Eliminator credit was recovered for 22 of the 29 eliminations that previously had none (Wikipedia + thesmackdownhotel.com/PWDB + prowrestling.fandom.com, 2-3 sources agreeing throughout). Jeff Jarrett's eliminator was corrected from Steve Austin to Triple H (3-source agreement). X-Pac was merged into the existing '1-2-3-kid' wrestler_id (2 independent sources explicitly confirm same performer, Sean Waltman). Mabel's elimination was re-modeled as a 3-way group elimination (Mideon/Phineas Godwinn, Bradshaw, Faarooq) rather than a sole Undertaker credit -- Undertaker was the storyline mastermind of the 'Ministry' abduction angle, not the physical/credited eliminator. See F152-F160.",CONFIRMED,S037;S044;S045;S050;S056,,,,,,,,
RR2000M,Royal Rumble 2000,Royal Rumble Match,Men's,2000-01-23,Madison Square Garden,"New York City, New York",United States,,19231,UNKNOWN,30,51:48,CONFIRMED,,rocky-maivia,big-show,rocky-maivia;big-show,,rocky-maivia;kane;big-show;x-pac,d-lo-brown,brian-christopher,,,big-show,UNKNOWN,UNKNOWN,1,0,UNKNOWN,UNKNOWN,UNKNOWN,"Jim Ross, Jerry Lawler",Howard Finkel,"Jack Doan, Earl Hebner, Jim Korderas, Theodore Long, Chad Patton, Mike Sparks, Tim White (per S050, single-sourced)","A missed-call controversy decided the finish -- Big Show dumped Rock over the top rope and was believed to have won, but replays showed Rock's feet had touched the floor before Rock got back in and eliminated Big Show for the actual win. No eliminations.csv row exists for the missed 'Big Show eliminates Rock' moment since it was never officiated -- see F126, mirroring the same treatment given to 1997's Bret Hart/Steve Austin missed call (F081).",FALSE,"None in the Rumble match itself, though Chris Jericho won the WWF Intercontinental Championship from Chyna in a three-way match also involving Hardcore Holly, the New Age Outlaws (Jesse James and Billy Gunn) retained the World Tag Team Championship against The Acolytes (Faarooq and Bradshaw), and Hunter Hearst Helmsley (Triple H) retained the World Heavyweight Championship against Cactus Jack (Mick Foley) in a brutal Street Fight, all earlier on the same card.","A WWF Championship match against Triple H, but Vince McMahon instead booked a Four-Way Match at WrestleMania 2000 also involving Big Show and Mick Foley, allowing Triple H to retain and leave as champion, per S046","The Rock's first Royal Rumble win, with Steve Austin sidelined after neck surgery. Triple H vs. Cactus Jack (Mick Foley) in a Street Fight on the same card is widely regarded as one of the best matches of 2000, featuring a piledriver through a table, a bag of thumbtacks, and a Pedigree onto the tacks for the finish -- one of the most brutal matches of Foley's career. The undercard also featured Tazz's WWF in-ring debut, defeating Kurt Angle (also in his first WWF match) by submission via the Tazmission -- neither man is a Rumble entrant this year, per S046. This was the WWF's 100th pay-per-view event and the 13th annual Royal Rumble -- per S050. Tazz made his surprise in-ring WWF debut in the show opener, defeating an undefeated Kurt Angle by submission (Tazzmission) -- per S050/S059. Kaientai's Taka Michinoku was legitimately injured (thrown over the top rope, hospitalized) during one of two unauthorized/angle-driven interference attempts on the Rumble match itself -- per S050/S037.","Sparse year -- only 7 of 30 entrants (D'Lo Brown #1, Brian Christopher #2, Rikishi #5, Bob Backlund #14, The Rock #24, Big Show #26, Kane #27) have a confirmed entry number, and no ring/survival times are stated for anyone -- see F124. Rikishi's 7 eliminations and his own gang-elimination by ~8 wrestlers are both credited only as unnamed aggregate counts -- see F125. Externally fact-checked 2026-09-16: venue/attendance (Madison Square Garden, NYC; 19,231) CONFIRMED (matches S046 exactly -- 6 independent sources checked, none support any alternate venue). Kane's entry number corrected from #27 to #28 (Bradshaw takes #27) -- 4 independent sources agree unanimously. The full 1-30 entry order, ring times, and eliminator credit were recovered (Wikipedia, cross-checked against sacnilk.com/thesmackdownhotel.com/wrestlingrecaps.com/TJRwrestling.net, with the recovered data matching all 9 previously-known eliminations exactly). Rikishi's 7 eliminated victims and his own 6 named eliminators were both recovered (previously 'unnamed group of ~8'). Viscera was merged into the existing 'mabel' wrestler_id (2 independent sources). A previously-flagged possible hallucination ('X-Pac re-entered the match') was investigated again by the research agent and could NOT be independently confirmed by a non-AI-mediated source -- NOT added to the database. See F161-F168.",PROBABLE,S037;S046;S050;S058;S059,UNKNOWN,,UNKNOWN,UNKNOWN,,,,
RR2001M,Royal Rumble 2001,Royal Rumble Match,Men's,2001-01-21,New Orleans Arena,"New Orleans, Louisiana",United States,,17137,120,30,61:55,CONFIRMED,,steve-austin,kane,steve-austin;kane,steve-austin;rocky-maivia;kane,steve-austin;rocky-maivia;kane;billy-gunn,jeff-hardy,bull-buchanan,rikishi,bull-buchanan,kane,29,9,1,0,UNKNOWN,UNKNOWN,UNKNOWN,"Jim Ross, Jerry Lawler",Howard Finkel,"Mike Chioda, Tim White, Jim Korderas, Jack Doan, Earl Hebner, Chad Patton (per S050, single-sourced)","Steve Austin drew #27 but was attacked in the aisle by Triple H before he could enter the ring, recovering just in time for #30 entrant Rikishi's entrance -- Austin threw the already-attacked Rikishi into the ring, then finally entered himself, making him (per S047's own timing analysis) the actual last man to physically enter the ring despite not holding the #30 draw -- see F130. Kane set a (then) record for most eliminations in a single Royal Rumble match, with 11 total.",FALSE,"None in the Rumble match itself, though Chris Jericho won the WWF Intercontinental Championship from Chris Benoit in a Ladder Match, The Dudley Boyz won the World Tag Team Championship from Edge and Christian, Ivory retained the Women's Championship against Chyna, and Kurt Angle retained the World Heavyweight Championship against Triple H, all earlier on the same card.","A WWF Championship match against The Rock at WrestleMania X-Seven, which Austin won (with help from a returning heel Vince McMahon), going on to his controversial heel turn shortly after, per S048","Steve Austin's record-tying 3rd Royal Rumble win, achieved despite a unique delayed entry after being attacked by Triple H -- he was the first man to win the Royal Rumble after being the actual last man to physically enter the ring (a feat later publicly associated with The Undertaker's #30 entry win in 2007, though that was the officially-numbered final slot rather than the physically-last entry) -- see F130. Kane's 11 eliminations set a new single-match record. Drew Carey's celebrity cameo appearance and self-elimination is one of the more memorable comedic moments in Rumble history. The I-C Title Ladder Match between Chris Jericho and Chris Benoit on the undercard is separately regarded as one of the best matches of 2001, per S048. Kane's 11 eliminations broke the single-match record of 10, jointly held by Hulk Hogan (1989) and Steve Austin himself (1997) -- per S050; this new record stood for 13 years until Roman Reigns eliminated 12 in 2014, per S040. Austin's win was his 3rd, making him the first three-time Royal Rumble winner -- per S050/S040. Drew Carey's celebrity-entrant appearance (entry #5) came about via an on-screen storyline where Vince McMahon pulled a promised Sunday Night Heat pre-show winner's slot and gave it to Carey instead, hoping he would be pummeled -- Carey safely self-eliminated by climbing over the top rope; this appearance led to his 2010s induction into the WWE Hall of Fame's celebrity wing -- per S050.","The 2nd richest entry/survival-timing dataset in this database (after 1999) -- all 30 entrants timed to the second, with NO camera-cut issues this year. Eliminator credit is unusually rich for a Cageside-style year (13 credited elimination events), though Kane's stated 11-total is only 5 individually named -- see F131. Steve Austin's delayed/out-of-order physical entry is a unique structural case in this database -- see F130. Externally fact-checked 2026-09-16: attendance CONFIRMED at 17,137. Austin's drawn number CONFIRMED at #27 by 4 independent external sources (Wikipedia, Online World of Wrestling, Cageside Seats, allrumblestats.com) -- the internal S048 Dan Wahlers narrative's '#26' is a confirmed transcription error, not a genuine alternate account. Austin's unusual delayed/out-of-order physical entry (coinciding with Rikishi's #30 entrance) is independently corroborated by all 4 of the same external sources. Kane's remaining 6 (of 11) eliminations were recovered and added: Raven, Brian Christopher, Tazz, Prince Albert, Crash Holly, and Scotty 2 Hotty (jointly with The Undertaker). Scotty 2 Hotty was merged into the existing 'scott-taylor' wrestler_id (2 independent sources). Note: 9 entrants (Faarooq, The Godfather, Bradshaw, Hardcore Holly, K-Kwik, Val Venis, William Regal, Test, Haku) still have no eliminator credit -- this specific research pass did not turn up sourced data for them; left open rather than guessed. See F169-F173.",CONFIRMED,S040;S047;S048;S050,,,,,,,,
RR2002M,Royal Rumble 2002,Royal Rumble Match,Men's,2002-01-20,Philips Arena,"Atlanta, Georgia",United States,,16106,UNKNOWN,30,69:22,CONFIRMED,,hunter-hearst-helmsley,kurt-angle,hunter-hearst-helmsley;kurt-angle,hunter-hearst-helmsley;kurt-angle;mr-perfect,steve-austin;hunter-hearst-helmsley;kurt-angle;mr-perfect,rikishi,goldust,booker-t,,kurt-angle,29,UNKNOWN,UNKNOWN,0,UNKNOWN,UNKNOWN,UNKNOWN,"Jim Ross, Jerry Lawler",UNKNOWN,"Mike Chioda, Jack Doan, Brian Hebner, Earl Hebner, Jim Korderas, Theodore Long, Nick Patrick, Charles Robinson, Tim White (per S050, single-sourced)","At 69:22 (1:09:22), this was the longest Royal Rumble match ever at the time, per S049. Maven's dropkick elimination of The Undertaker is one of the most famous surprise eliminations in Royal Rumble history. Two separate post-elimination interference incidents occurred (Matt/Jeff Hardy, then Steve Austin) where an eliminated wrestler briefly re-entered the ring as non-canonical interference -- neither is modeled as a genuine second entry, see F136.",FALSE,"None in the Rumble match itself, though William Regal won the Intercontinental Championship from Edge, Ric Flair defeated Vince McMahon in a dueling-authority-figures Street Fight, and Chris Jericho retained the Undisputed Championship against The Rock, all earlier on the same card.","A WWF Undisputed Championship match, though the narrative frames the win as launching Triple H's dominant run through the rest of 2002, per S049","Triple H's Royal Rumble win, at 69:22 the longest Royal Rumble match ever at the time. Maven's dropkick elimination of The Undertaker -- a total underdog knocking out one of the promotion's most dominant stars -- is one of the most famous surprise eliminations in Royal Rumble history. Mr. Perfect (Curt Hennig) made a surprising return to the WWF after a 6-year absence, reaching the Final Four before Triple H eliminated him; per S049 this was 'the last notable thing Hennig would do before his untimely death in 2003.' Ric Flair's return to the company (as co-owner alongside Vince McMahon) set up the dueling-GM Street Fight on the same card. At 69:22, this remains, per S061/S036, the longest 30-man Royal Rumble match up to that point, surpassing 1993's previous record. Per S061, the event drew 670,000 PPV buys, the most-bought Royal Rumble in WWE history at the time (surpassing 1999's 650,000). Steve Austin set a then-record of 36 cumulative career Royal Rumble eliminations at this event, a record that stood for 8 years until Shawn Michaels broke it in 2010 -- per S050. This was Austin's 5th Final Four appearance and his last Royal Rumble match. Per S063, Austin and The Undertaker tied for most eliminations in this match at 7 apiece.","Sparse on timing data -- only 12 of 30 entrants have a confirmed entry number, and no ring/survival times exist for anyone -- see F135. Unusually for a sparse year, eliminator credit is rich: 14 of 29 eliminations are directly credited, more than most of this database's Cageside-timed years.",PROBABLE,S024;S049;S050;S061;S063,,,,UNKNOWN,,,,
RR2003M,Royal Rumble 2003,Royal Rumble Match,Men's,2003-01-19,Fleet Center,"Boston, Massachusetts",United States,,14712,90,30,53:47,CONFIRMED,,brock-lesnar,the-undertaker,brock-lesnar;the-undertaker,brock-lesnar;the-undertaker;kane,brock-lesnar;the-undertaker;kane;batista,shawn-michaels,chris-jericho,the-undertaker,shawn-michaels,the-undertaker,29,UNKNOWN,UNKNOWN,0,UNKNOWN,1,UNKNOWN,"Jim Ross, Jerry Lawler",UNKNOWN,Not identified in either source consulted this pass,"First Royal Rumble after the 2002 brand extension, pitting Raw and SmackDown! talent together for the first time since the split. Brock Lesnar had to win a qualifying match against Big Show to earn his spot in the Rumble -- see other_matches.",FALSE,"None in the Rumble match itself, though Kurt Angle retained the WWE Championship against Chris Benoit (in what Dan Wahlers calls his pick for 2003 Match of the Year), Triple H retained the World Heavyweight Championship by DQ against Scott Steiner, and The Dudley Boyz won the World Tag Team Championship from Lance Storm and William Regal, all earlier on the same card.","A WWE Championship match against Kurt Angle at WrestleMania 19, which Lesnar won, per S066","Brock Lesnar's Royal Rumble win, having had to first win a qualifying match to even enter, set up his WrestleMania 19 WWE Championship victory over Kurt Angle. Chris Jericho's pre-bell ambush of Shawn Michaels opened the match and set the stage for their acclaimed WrestleMania 19 encounter. The Angle/Benoit WWE Title match on the undercard finished 2nd in that year's Wrestling Observer Year-End Awards, while the Triple H/Scott Steiner match won 'Worst Match of the Year.'","One of this database's richest entry/survival-timing datasets, with all 30 entrants timed to the second. Rosey is present in the timing data but omitted from the narrative's named participant list -- see F166. The Cageside-derived duration (53:47) conflicts with the Match Results line's rounder '56:00' figure -- see F167. Externally fact-checked 2026-09-16: Chris Jericho's 3 remaining (of his narrative-stated 6 total) eliminations were recovered -- Rey Mysterio, Yoshihiro Tajiri, and a shared credit (with Christian) for Tommy Dreamer -- resolving F168. Eliminator credit was recovered for 14 more previously-uncredited entrants (2 independent sources agreeing throughout: Wikipedia + allrumblestats.com). Rosey's eliminator was CORRECTED from The Undertaker to Kane -- 2 unambiguous agreeing external sources directly contradict the internal document's timing-compressed 'Rosie, and John Cena quickly bit the dust' framing, resolving F169. Rosey's genuine participation in the match (omitted only from S066's narrative paragraph, not from its own timing data) is now externally corroborated by 2 sources, resolving F166. A-Train was identity-merged into this database's existing 'prince-albert' wrestler_id (Matt Bloom) -- 2 independent sources explicitly state the connection, resolving F170. The 53:47 Cageside-derived duration is now independently corroborated by 2 external sources (zero external support was found for the alternate '56:00' figure), resolving F167. See F201-F204.",CONFIRMED,S040;S065;S066;S073,,,,,,,,
RR2004M,Royal Rumble 2004,Royal Rumble Match,Men's,2004-01-25,Wachovia Center,"Philadelphia, Pennsylvania",United States,,17289,UNKNOWN,31,61:37,CONFIRMED,,chris-benoit,big-show,chris-benoit;big-show,chris-benoit;kurt-angle;big-show,chris-benoit;kurt-angle;chris-jericho;big-show,chris-benoit,randy-orton,bill-goldberg,bradshaw,big-show,27,11,1,0,UNKNOWN,UNKNOWN,UNKNOWN,Jim Ross and Jerry Lawler (RAW); Michael Cole and Tazz (SmackDown!),UNKNOWN,Not identified in the source consulted this pass,"Test was advertised for entry #21 but was shown beaten up backstage; Mick Foley, his storyline attacker, entered in his place -- see F175. Considered one of the best Royal Rumble matches of all-time, built almost entirely around Chris Benoit's championship-quest storyline.",FALSE,"None in the Rumble match itself, though Ric Flair and Batista retained the World Tag Team Championship, Rey Mysterio retained the World Cruiserweight Championship, and Brock Lesnar retained the WWE Championship against Hardcore Holly, all earlier on the same card. Triple H and Shawn Michaels also fought to a widely-praised Last Man Standing No Contest for the World Heavyweight Championship.","A WWE Championship match against Triple H at WrestleMania XX, which Benoit won, per S067","Chris Benoit's Royal Rumble win, going the distance from #1 to the finish at 61:37, set up his WrestleMania XX WWE/World Heavyweight Championship win -- a match S067 says finished 2nd in that year's Wrestling Observer Year-End Awards. Widely regarded as one of the best Royal Rumble matches ever. Bill Goldberg's only career Royal Rumble appearance. Mick Foley's surprise replacement of an attacked Test is a unique structural case in this database -- see F175.","Sparse on timing data like 2002 -- only 12 of 30 slots have a confirmed entry number (11 wrestlers plus Test's no-show), and no ring/survival times exist for anyone -- see F174. Unusually for a sparse year, eliminator credit is rich, covering 20 of the match's 28 eliminations. Externally fact-checked 2026-09-16: the full 1-30 entry order and ring/survival times for every entrant were recovered, CONFIRMED via 4 independent sources (Wikipedia, allrumblestats.com, prowrestling.fandom.com, Online World of Wrestling) all agreeing and matching every pre-existing confirmed number exactly -- resolving F174. Spike Dudley was added as a genuine advertised-but-unable-to-compete entrant at #13 (storyline-beaten-up by Kane before entering, structurally similar to Test's own no-show at #21). Mick Foley's eliminator was corrected from a self-elimination placeholder to Randy Orton (the two eliminated each other simultaneously in the 'Cactus Clothesline' spot). Eliminator credit was recovered for 9 more previously-uncredited entrants. See F205-F206.",PROBABLE,S040;S042;S067;S073;S075,,,,,,,,
RR2005M,Royal Rumble 2005,Royal Rumble Match,Men's,2005-01-30,Save Mart Center,"Fresno, California",United States,,9642,90,30,51:22,CONFIRMED,,batista,john-cena,batista;john-cena,batista;john-cena;edge,batista;john-cena;edge;rey-mysterio,eddie-guerrero,chris-benoit,ric-flair,daniel-puder,john-cena,28,16,UNKNOWN,0,UNKNOWN,UNKNOWN,UNKNOWN,Jim Ross and Jerry Lawler (RAW); Michael Cole and Tazz (SmackDown!),UNKNOWN,Not identified in either source consulted this pass,Scotty 2 Hotty was attacked during his entrance and never entered the ring -- see F186. Muhammad Hassan was eliminated by a DERIVED 8-man group -- see F183. Kurt Angle eliminated Shawn Michaels via post-elimination interference -- see F184. The finish was controversial: a botched simultaneous Batista/Cena elimination required a 2m35s real-time pause (during which Vince McMahon tore both quads) before the match was restarted and officially finished -- see F185.,FALSE,"None in the Rumble match itself, though Edge defeated Shawn Michaels, John Bradshaw Layfield retained the WWE Championship in a Three-Way over Kurt Angle and The Big Show, and Triple H retained the World Heavyweight Championship against Randy Orton, all earlier on the same card. The Undertaker also defeated John Heidenreich in a Casket Match.","A World Heavyweight Championship match against Triple H at WrestleMania 21, which Batista won after turning face and leaving Evolution, per S069","Batista's Royal Rumble win launched his face turn and 2005 world title run, defeating his own Evolution stablemate Triple H at WrestleMania 21. The finish is one of the most controversial in Royal Rumble history -- a botched simultaneous elimination with Cena led to a 2m35s real-time pause and a genuine Vince McMahon injury (torn quadriceps in both legs) before the match could be properly finished. Kurt Angle's post-elimination attack on Shawn Michaels launched one of 2005's best feuds. Per a former WWE referee/producer (Jimmy Korderas) and John Cena's own later on-record account, Batista winning was always the planned finish -- the visibly botched near-simultaneous Batista/Cena spot was a pure execution error (Batista was supposed to hook the top rope on the way over and missed), not a change of plan. Cena has publicly taken responsibility for the botch on a podcast ('I know I f*cked up... that was me') -- per S078.","One of this database's richest entry/survival-timing datasets, with all 30 entrants timed to the second (Scotty 2 Hotty's is 0:00 -- he never entered the ring, see F186). Despite the rich timing data, eliminator credit is comparatively thin outside a few well-documented cases -- see F182-F185. Externally fact-checked 2026-09-16: eliminator credit was recovered for 18 previously-uncredited entrants (2-3 independent sources agreeing throughout). A genuine, significant CONTRADICTION was found regarding Muhammad Hassan's group elimination -- 3 independent sources unanimously name a different 6-man group than this database's own internally-DERIVED 8-name list, explicitly EXCLUDING Eddie Guerrero and Rey Mysterio. Both versions are preserved (neither silently adopted nor discarded) -- see F208. The Kurt Angle/Shawn Michaels post-elimination interference sequence is now externally confirmed exactly as modeled, with no disagreement. Additional background on the botched-then-recovered Batista/Cena finish (always the planned outcome; a pure execution error, per a former referee/agent and Cena's own on-record account) was added to historical_significance. See F208-F210.",CONFIRMED,S040;S068;S069;S073;S076;S078,,,,,,,,
RR2006M,Royal Rumble 2006,Royal Rumble Match,Men's,2006-01-29,American Airlines Arena,"Miami, Florida",United States,,14500,UNKNOWN,30,62:12,CONFIRMED,,rey-mysterio,randy-orton,rey-mysterio;randy-orton,hunter-hearst-helmsley;rey-mysterio;randy-orton,hunter-hearst-helmsley;rey-mysterio;randy-orton;rob-van-dam,hunter-hearst-helmsley,rey-mysterio,,,randy-orton,29,UNKNOWN,UNKNOWN,0,UNKNOWN,UNKNOWN,UNKNOWN,Joey Styles and Jerry Lawler (RAW); Michael Cole and Tazz (SmackDown!),UNKNOWN,Not identified in the source consulted this pass,"Uniquely, the Royal Rumble Match was placed in the middle of the card rather than as the main event or de facto show-closer -- a decision Dan Wahlers' narrative criticizes at length. The final entrant's identity (#30) is not stated -- see F189/F190.",FALSE,"None in the Rumble match itself, though Gregory Helms won the vacant World Cruiserweight Championship, John Cena regained the WWE Championship from Edge, and Kurt Angle retained the World Heavyweight Championship against Mark Henry in the main event, all on the same card.","A World Heavyweight Championship opportunity, folded into the ongoing Eddie Guerrero tribute storyline around Mysterio, per S070","Rey Mysterio's Royal Rumble win, at 62:12, broke Chris Benoit's then-standing 2004 record (61:37) for longest individual performance in a single Royal Rumble match. S070 calls this 'by far the worst Royal Rumble since 1999,' criticizing the mid-card placement of the Rumble match and an underwhelming main event. Kane's entry this year was, per a single stats-blog source (Rumblemetrics, not independently cross-checked), his then-record 8th consecutive Royal Rumble appearance -- noted as PROBABLE, not CONFIRMED.","The sparsest entry-timing dataset among this database's sparse years -- only 3 of 30 entry numbers are known (see F189), and the named participant list is one slot short of the stated 30-man field (see F190). Eliminator credit covers only 8 of the match's 29 eliminations. Externally fact-checked 2026-09-16: the full 1-30 entry order was recovered, CONFIRMED via 4-5 independent sources (WWE.com official archived video, Blog of Doom, 411Mania, a LiveJournal detailed recap, TJR Wrestling) all converging identically and matching every pre-existing confirmed number -- resolving F189. The missing 30th entrant was identified as Jonathan Coachman ('The Coach'), entry #7, eliminated immediately by Big Show -- resolving F190, confirmed by a WWE.com official archived video plus 4 secondary sources. Eliminator credit was recovered for 19 more previously-uncredited entrants (3+ source convergence in most cases). This year's raw Wikipedia-table fetches were internally inconsistent (giving a clearly wrong attendance and duration contradicting already-CONFIRMED figures) and are explicitly NOT treated as reliable evidence -- the existing attendance (14,500) and duration (62:12) figures are unchanged. See F211-F214.",PROBABLE,S037;S070;S073;S074;S075;S076;S077,UNKNOWN,,,UNKNOWN,,,,
RR2007M,Royal Rumble 2007,Royal Rumble Match,Men's,2007-01-28,AT&T Center,"San Antonio, Texas",United States,,15566,90,30,56:20,CONFIRMED,,the-undertaker,shawn-michaels,the-undertaker;shawn-michaels,the-undertaker;shawn-michaels;edge,the-undertaker;shawn-michaels;edge;randy-orton,ric-flair,finlay,the-undertaker,ric-flair,shawn-michaels,28,14,UNKNOWN,0,UNKNOWN,UNKNOWN,UNKNOWN,Jim Ross and Jerry Lawler (RAW); Michael Cole and JBL (SmackDown!); Joey Styles and Tazz (ECW),UNKNOWN,Not identified in either source consulted this pass,"The first Royal Rumble to feature ECW-brand representation, with ECW Originals Tommy Dreamer, Sabu, and The Sandman all appearing. The Great Khali eliminated 7 men in a 44-second span -- see F196.",FALSE,"None in the Rumble match itself, though Bobby Lashley retained the ECW Championship over Test, Batista retained the World Heavyweight Championship over Mr. Kennedy, and John Cena retained the WWE Championship over Umaga in a widely-praised Last Man Standing match, all earlier on the same card.","A World Heavyweight Championship match against Batista at WrestleMania 23, which Undertaker won, per S072","The Undertaker's first career Royal Rumble win, capped by a widely-praised final one-on-one segment against Shawn Michaels that S072 calls 'one of the best finishing sequences to a Royal Rumble ever.' Set up Undertaker's WrestleMania 23 World Heavyweight Championship win over Batista. Edge was the match's 'Iron Man' at 44:06. The first Royal Rumble with ECW-brand representation following the 2006 ECW revival. An independent Cageside Seats timing analysis ('Match Times: The 2007 Royal Rumble') verbatim corroborates the 'Khali eliminated 7 men in 44 seconds' claim -- a strong independent confirmation, methodologically similar to this database's own internal Cageside-style source. TJR Wrestling confirms this was the first Rumble to feature entrants from all 3 WWE brands (Raw/SmackDown/ECW) since ECW became a full brand in summer 2006, and rates the Undertaker/Michaels final ~8-minute stretch as 'the best finish to any Rumble ever,' met with a standing ovation.","One of this database's richest entry/survival-timing datasets, with all 30 entrants timed to the second. CM Punk's entry number has a 1-slot discrepancy between the Cageside derivation (#11) and the narrative (#12) -- see F195. The Great Khali's 7th elimination victim is DERIVED via tight timing-cluster cross-reference -- see F196. Externally fact-checked 2026-09-16: CM Punk's entry number is now CONFIRMED at #11 (matching this database's own Cageside-derivation) via 4 independent sources, directly contradicting the internal narrative's '#12' -- resolving F195, with the narrative's figure documented as a transcription error rather than an unresolved conflict. CM Punk's DERIVED credit as The Great Khali's unnamed 7th elimination victim is now externally CONFIRMED by 2 independent sources naming him explicitly -- resolving F196. Umaga was identity-merged into this database's existing 'jamal' wrestler_id (a 2003 entrant) -- 3 independent sources explicitly state the connection, resolving F198. Eliminator credit was recovered for 9 more previously-uncredited entrants. King Booker's eliminator and Viscera's group-elimination participant count both remain genuinely disputed -- see F216-F217.",CONFIRMED,S036;S037;S052;S071;S072;S073,,,,,,,,
RR2008M,Royal Rumble 2008,Royal Rumble Match,Men's,2008-01-27,Madison Square Garden,"New York City, New York",United States,,19798,90,30,51:29,CONFIRMED,,john-cena,hunter-hearst-helmsley,john-cena;hunter-hearst-helmsley,john-cena;hunter-hearst-helmsley;batista,john-cena;hunter-hearst-helmsley;batista;kane,the-undertaker,shawn-michaels,john-cena,santino-marella,hunter-hearst-helmsley,28,12,2,0,UNKNOWN,UNKNOWN,UNKNOWN,Jim Ross and Jerry Lawler (RAW); Michael Cole and Jonathan Coachman (SmackDown!); Joey Styles and Tazz (ECW),UNKNOWN,Not identified in either source consulted this pass,Finlay was disqualified for using a weapon after running into the ring ahead of his buzzer -- the only disqualification recorded in this database's Royal Rumble history so far. See F225.,FALSE,"None in the Rumble match itself, though Edge retained the World Heavyweight Championship over Rey Mysterio and Randy Orton retained the WWE Championship over Jeff Hardy, both earlier on the same card.",UNKNOWN,"John Cena's first career Royal Rumble win, in a surprise return from a 3-month torn-pectoral injury as the shock #30 entrant. Triple H eliminated 6 wrestlers, the most in the match. Batista was the match's 'Iron Man' at 37:42. A rare disqualification (Finlay) and a genuinely unusual participation case (Hornswoggle spending 25m 45s under the ring before being forced in) make this one of this database's more unusual timing datasets to model. Roddy Piper and Jimmy Snuka's returning nostalgia face-off, ended abruptly by Kane, was a highlight per S081.","One of this database's richest entry/survival-timing datasets, with all 30 entrants timed to the second (Finlay's is a defined 0:00, not a real survival time -- see F225). Eliminator credit is unusually clean for a rich year: Triple H's narrative-stated 6 eliminations are fully individually reconstructed and cross-checked against the timing derivation with no open discrepancy, unlike past years' aggregate-vs-named mismatches. 11 of 28 elimination-eligible entrants remain without a named eliminator -- see F226. Externally fact-checked 2026-09-17: eliminator credit recovered for all 11 previously-uncredited entrants (2 independent sources agreeing throughout: Wikipedia's event article + thesmackdownhotel.com), 10 of which additionally match this database's own independently-computed ring_time to within 1-2 seconds of the externally-reported elimination time -- strong enough triangulation to mark those 10 CONFIRMED rather than the usual PROBABLE. Bio data added/expanded for 7 wrestlers. Attendance, Elijah Burke's DOB, and Umaga's eliminator all turned up genuine external disagreements -- see F250, F253, F254. Resolves F226/F227.",CONFIRMED,S024;S080;S081;S097;S099,,,,,,,,
RR2009M,Royal Rumble 2009,Royal Rumble Match,Men's,2009-01-25,Joe Louis Arena,"Detroit, Michigan",United States,,16685,90,30,58:37,CONFIRMED,,randy-orton,hunter-hearst-helmsley,randy-orton;hunter-hearst-helmsley,randy-orton;hunter-hearst-helmsley;cody-rhodes,randy-orton;hunter-hearst-helmsley;cody-rhodes;ted-dibiase-jr,rey-mysterio,johnny-nitro,big-show,the-great-khali,hunter-hearst-helmsley,29,12,UNKNOWN,UNKNOWN,UNKNOWN,UNKNOWN,UNKNOWN,"Jim Ross and Jerry Lawler (Royal Rumble match itself). Per a single source (Online World of Wrestling), other broadcast segments that night rotated between Michael Cole & Jerry Lawler, Jim Ross & Tazz (Raw segments), and Todd Grisham & Matt Striker (ECW segments) -- flagged as single-sourced for that granular detail; the Jim Ross/Jerry Lawler credit for the Rumble match itself is 2-source confirmed (Wikipedia + OWW).",UNKNOWN,UNKNOWN,,FALSE,"None in the Rumble match itself, though 4 titles were contested earlier on the same card: Jack Swagger retained the ECW Championship over Matt Hardy; Melina won the WWE Women's Championship from Beth Phoenix; John Cena retained the World Heavyweight Championship over JBL (with Shawn Michaels in JBL's corner); and Edge won the WWE Championship from Jeff Hardy in a No Disqualification match, earning Randy Orton (this Rumble's winner) his WrestleMania 25 title opportunity against Edge.",UNKNOWN,"Randy Orton's first career Royal Rumble win, outlasting his own Legacy stablemates (Ted DiBiase Jr. and Cody Rhodes) and Triple H, the final elimination. Triple H had the longest survival time (49:56). Santino Marella's 0:02 survival time set a new shortest-survival record, breaking The Warlord's 1989 mark. The match's average survival time (16:59) and ring crowdedness (an average of 8.7 competitors in the ring at any given second, with 15 men in the ring at two points) were both unusually high for their time, per S082's own comparative analysis against other years it had studied. Externally fact-checked 2026-09-17: Randy Orton's own elimination tally is now known to be 2, not just the winning one -- he also eliminated Big Show, entrant #30, earlier in the match (a detail this pass caught despite this database's own build-time assumption, later shown incorrect, that the final entrant was never eliminated).","UNLIKE every other year built so far, this document has no Dan Wahlers narrative chapter for 2009 -- only the Cageside timing analysis. Entry order and survival times are CONFIRMED to the second for all 30 entrants (a rich dataset), but event-level facts (date, venue, attendance, commentary, undercard) and almost all eliminator credit are UNKNOWN -- see F229/F230. Vladimir Kozlov's 3-man 'cleaning the ring' elimination stretch is DERIVED via timing cross-reference against the Cageside prose itself -- see F231. Externally fact-checked 2026-09-17: all previously-UNKNOWN event-level facts (date, venue, attendance, commentary) filled in, 4 independent sources agreeing (Wikipedia, Cagematch, OWW, Pro Wrestling Fandom) -- resolves F229, upgrading this event's overall data_quality_status to CONFIRMED. Eliminator credit recovered for 25 of the 25 previously-uncredited entrants -- resolves F230. The Kozlov 'cleaning the ring' DERIVED group (F231) is now independently confirmed: all 3 externally-sourced victims (The Great Khali, MVP, Carlito) match this database's own derivation exactly, with no 4th name surfacing anywhere. Bio data added for 5 more previously-unseen wrestlers. See F255-F258.",CONFIRMED,S023;S025;S052;S082;S097,,,,,,,,
RR2011M,Royal Rumble 2011,Royal Rumble Match,Men's,2011-01-30,TD Garden,"Boston, Massachusetts",United States,,15113,90,40,1:09:52,CONFIRMED,,alberto-del-rio,santino-marella,alberto-del-rio;santino-marella,alberto-del-rio;santino-marella;randy-orton,alberto-del-rio;santino-marella;randy-orton;wade-barrett,cm-punk,daniel-bryan,kane,justin-gabriel,santino-marella,39,20,UNKNOWN,UNKNOWN,UNKNOWN,UNKNOWN,UNKNOWN,"Michael Cole, Jerry Lawler, and Matt Striker (English); Carlos Cabrera and Hugo Savinovich (Spanish). A single source (Cagematch.net's card page) additionally lists The Miz alongside them -- plausible, since Miz was on-site defending the WWE Title and later interfered in the Rumble itself, but not corroborated elsewhere; flagged as unconfirmed rather than adopted into the structured field.","Justin Roberts and Tony Chimel (single-sourced, Wikipedia only)",UNKNOWN,,FALSE,"None in the Rumble match itself, though 3 titles were contested earlier on the same card: Edge retained the World Heavyweight Championship over Dolph Ziggler (using an against-the-stipulation Spear, then finishing with the Killswitch); The Miz retained the WWE Championship over Randy Orton (with help from CM Punk's distracting GTS and Alex Riley at ringside); and Eve Torres won the WWE Divas Championship from Natalya in a Fatal 4-Way also involving Michelle McCool and Layla. Winning the Rumble itself entitled Alberto Del Rio to headline WrestleMania XXVII in a World Championship match of his choosing.",UNKNOWN,"The FIRST-EVER 40-man Royal Rumble match (every prior year, 1988-2010, was a 30-man field) -- S083 itself hypes this going in as 'the biggest Royal Rumble match in history.' Alberto Del Rio's first career Royal Rumble win, eliminating Santino Marella in the match's final second. CM Punk had the longest survival time (35:21) despite not winning. Tyler Reks set the shortest survival time of the match at just 0:34. Santino Marella's own breakdown shows he spent 11:47 of his 12:56 total survival time (91.1%) outside the ring after being knocked under the bottom rope without being officially eliminated -- his feet never crossed the top rope to the floor, so his ring_time legitimately includes that entire stretch per the Rumble's standard elimination rule. CM Punk's New Nexus stable (5 members this match: Punk, Husky Harris, Michael McGillicutty, David Otunga, Mason Ryan) reportedly ganged up on new entrants throughout, though S083 does not name individual victims -- see F236. Externally fact-checked 2026-09-17: the New Nexus stable's gang-up eliminations are now individually named -- see the script's F260 resolution below.","Like 2009, this document has no Dan Wahlers narrative chapter for 2011 -- only the Cageside timing analysis. Entry order and survival times are CONFIRMED to the second for all 40 entrants (a rich dataset), but event-level facts (date, venue, attendance, commentary, undercard) and almost all eliminator credit are UNKNOWN -- see F234/F235/F236. The only individually attributable elimination is the winning one (Del Rio over Santino Marella), confirmed via an internal timing checksum: Santino's own stated survival time, added to his entry_actual, lands exactly on the match's total duration. Externally fact-checked 2026-09-17: all previously-UNKNOWN event-level facts filled in, 3 independent sources agreeing (Wikipedia, Cagematch, Sacnilk) -- resolves F234, upgrading this event's overall data_quality_status to CONFIRMED. Eliminator credit recovered for 38 of the 38 previously-uncredited entrants -- resolves F235. New Nexus's specific gang-up victims are now named -- resolves F236. Bio data added for 18 more previously-unseen wrestlers. A handful of genuine minority-source disagreements and 2 unusually-sourced credits (single-source, or a non-participant interference elimination) are separately flagged. See F259-F264.",CONFIRMED,S023;S058;S083;S097,,,,,,,,
RR2012M,Royal Rumble 2012,Royal Rumble Match,Men's,2012-01-29,Scottrade Center,"St. Louis, Missouri",United States,,18121,90,30,54:53,CONFIRMED,,sheamus,chris-jericho,sheamus;chris-jericho,sheamus;chris-jericho;randy-orton,sheamus;chris-jericho;randy-orton;big-show,the-miz,alex-riley,big-show,alex-riley,chris-jericho,29,15,UNKNOWN,UNKNOWN,UNKNOWN,UNKNOWN,UNKNOWN,"Michael Cole, Jerry Lawler, and Booker T (English) -- all 3 also competed in the Rumble match itself. Carlos Cabrera and Marcelo Rodriguez (Spanish).",UNKNOWN,UNKNOWN,,FALSE,"None in the Rumble match itself, though 2 titles were contested earlier on the same card: Daniel Bryan defeated Big Show and Mark Henry (c) in a Triple Threat Steel Cage match to win the World Heavyweight Championship; and CM Punk retained the WWE Championship over Dolph Ziggler, with John 'Big Johnny' Laurinaitis as special guest referee. Sheamus, this Rumble's winner, earned a title match of his choosing at WrestleMania XXVIII.",UNKNOWN,"Sheamus's first career Royal Rumble win, eliminating Chris Jericho after the two had the ring to themselves for the final 7:38 of the match. This match notably featured the entire WWE commentary team (Michael Cole, Jerry Lawler, Booker T) entering as competitors -- a gimmick not repeated in most other years. Miz and Cody Rhodes were the two constants in the ring for the majority of the match before being eliminated together by Big Show in one motion. Kofi Kingston pulled off a widely remembered walking-handstand escape to save himself from elimination, surviving an additional 7:45 afterward. Kharma, the only woman in the field, eliminated 3 wrestlers (Cole, Ziggler, Hunico per S084) before being eliminated herself. Epico had the shortest survival time of the match at just 0:11. Per a single source (AllRumbleStats), Sheamus is the first Ireland-born (and first continental-Europe-adjacent) Royal Rumble winner -- not independently corroborated elsewhere, flagged as unconfirmed rather than adopted as settled trivia. CORRECTION (2026-09-17 fact-check pass): this row's own historical_significance text previously stated Kharma 'eliminated 3 wrestlers (Cole, Ziggler, Hunico)' -- this does not hold up. This database's own structured eliminations.csv data never credited Kharma with more than one elimination, and 4 unanimous external sources (Wikipedia, TJR Wrestling, wrestlingrecaps.com, WrestlingInc, and WWE.com's own official 'Wild Moments' recap for the Cole detail specifically) confirm: Kharma's only elimination was Hunico; Michael Cole was saved from Kharma by Booker T and Jerry Lawler pulling him to the floor (matching this database's existing, correct eliminated_by_ids credit); and Dolph Ziggler eliminated Kharma, not the reverse (also already correct in this database's structured data). The '3 eliminations' framing was a narrative overstatement inconsistent with this document's own structured table and is corrected here; see F265 (created and resolved in the same pass).","Like 2009 and 2011, this document has no Dan Wahlers narrative chapter for 2012 -- only the Cageside timing analysis. Unlike those years, though, the Cageside prose itself individually narrates 8 eliminations (see F240), making this the richest no-Wahlers-chapter year for eliminator credit built so far. Entry order and survival times are CONFIRMED to the second for all 30 entrants. Event-level facts (date, venue, attendance, commentary, undercard) remain UNKNOWN -- see F239. Externally fact-checked 2026-09-17: all previously-UNKNOWN event-level facts filled in, 3 independent sources agreeing (Wikipedia, AllRumbleStats, ProFightDB) -- resolves F239, upgrading this event's overall data_quality_status to CONFIRMED. Eliminator credit recovered for 20 of the 20 previously-uncredited entrants (Hunico included) -- resolves F240. Jack Swagger's eliminator and Michael Cole's DOB both turned up genuine external disagreements -- see F262, F264. Bio data added for 9 more previously-unseen wrestlers -- resolves F242. A same-document narrative-vs-structured-data inconsistency about Kharma's elimination count was caught and corrected -- see F265.",CONFIRMED,S040;S084;S097;S100,,,,,,,,
RR2010M,Royal Rumble 2010,Royal Rumble Match,Men's,2010-01-31,Philips Arena,"Atlanta, Georgia",United States,,16697,90,30,49:24,CONFIRMED,,edge,john-cena,edge;john-cena,edge;john-cena;batista,edge;john-cena;batista;shawn-michaels,dolph-ziggler,evan-bourne,batista,evan-bourne,john-cena,29,12,1,UNKNOWN,UNKNOWN,UNKNOWN,UNKNOWN,Michael Cole and Jerry Lawler (Raw); Matt Striker (SmackDown),"Justin Roberts (Raw), Tony Chimel (SmackDown), Savannah (ECW)",UNKNOWN,,FALSE,No title implications for the Rumble match itself; see other_matches.csv for the 4 undercard title matches on the same show.,UNKNOWN -- no WrestleMania main-event stipulation was yet standard for the Rumble winner in 2010 (that convention solidified in later years); not stated by any researched source for this specific event.,"Edge's only career Royal Rumble win, achieved as a surprise #29 entrant returning from a torn Achilles tendon suffered mid-2009. His 7:19 ring time set the record for shortest time spent in the match by a winner, standing until Brock Lesnar broke it in 2022. Beth Phoenix became only the second woman ever to compete in a standard 30-man Royal Rumble match, after Chyna (1999 and 2000), eliminating The Great Khali by distracting him with a kiss before being eliminated herself by CM Punk. CM Punk eliminated 5 wrestlers in an extended stretch near the start of the match. Shawn Michaels was credited with 6 eliminations, the most of any wrestler this match. This was Kane's 12th career Royal Rumble appearance, per this database's own running count. This was also the final Royal Rumble to feature the ECW Championship on the card, as the ECW brand was dissolved the following month (February 2010).","UNIQUE among every year in this database: Shane's source document has zero content for 2010, so this year was built entirely from external research (a Shane-approved one-time exception to the project's document-first methodology) rather than his own compiled document. Entry order and the full elimination chain are CONFIRMED via 4-5 independently agreeing sources each. Event-level facts (date, venue, attendance, commentary) are also CONFIRMED, unlike the single-source-document 2009/2011/2012 builds -- research years and document years end up with different strengths and gaps. Per-wrestler ring/elimination-clock timing is UNKNOWN for all but 2 entrants (Edge, John Cena), since no source tracked this to the second the way Shane's own document does for other years -- see F245. 4 of 5 undercard title matches are logged, with 3 having a minor CONFLICTING time discrepancy between sources -- see F247.",CONFIRMED,S085;S086;S087;S088;S089;S090;S091;S092,,,,,,,,
RR2013M,Royal Rumble 2013,Royal Rumble Match,Men's,2013-01-27,US Airways Center,"Phoenix, Arizona",United States,,15103,90,30,55:07,CONFIRMED,,john-cena,ryback,john-cena;ryback,john-cena;ryback;sheamus,john-cena;ryback;sheamus;dolph-ziggler,dolph-ziggler,chris-jericho,,santino-marella,ryback,29,13,UNKNOWN,UNKNOWN,UNKNOWN,UNKNOWN,UNKNOWN,"Michael Cole, Jerry ""The King"" Lawler, John ""Bradshaw"" Layfield (main English broadcast, 2-source confirmed: Wikipedia + thesmackdownhotel.com). Pre-show: Tony Dawson, Matt Striker; Spanish broadcast: Carlos Cabrera, Marcelo Rodriguez (both single-sourced, Wikipedia only).",UNKNOWN,UNKNOWN,,FALSE,"None in the Rumble match itself. Undercard title matches (Wikipedia + thesmackdownhotel.com): Antonio Cesaro (c) def. The Miz for the WWE United States Championship (pre-show); Alberto Del Rio (c) def. Big Show for the World Heavyweight Championship (Last Man Standing); Team Hell No (Daniel Bryan & Kane) (c) def. Team Rhodes Scholars (Cody Rhodes & Damien Sandow) for the WWE Tag Team Championship; main event -- The Rock def. CM Punk (c) for the WWE Championship, ending Punk's 434-day reign and setting up Rock-Cena II at WrestleMania 29 off this Rumble's outcome.",UNKNOWN,"John Cena's 2nd career Royal Rumble win (after 2008), entering at #19 -- per S103, one of only two wrestlers ever to win a 30-man Rumble from a draw between #9 and #21 (the other being Shawn Michaels in 1996). Dolph Ziggler (49:48) and Chris Jericho (47:54), this match's two pre-bell entrants, posted the two longest survival times of the match by a wide margin -- Jericho's entrance was a surprise return. Sheamus and Ryback each eliminated 5 wrestlers, tied for the match high; per S103, 2013 is one of only two years (with 2005) in which no single competitor eliminated 6 or more. Bo Dallas, then a lower-card talent, survived 21:33 -- the match's 6th-longest time, noted in S101 as a standout result. Kane, despite having wrestled in every Rumble since 1996, lasted only 1:30, having already competed in a tag match earlier on the card. The Godfather made his final Royal Rumble appearance this year, 20 years after his first (1993, as Papa Shango) -- per S102's trivia, competing under 5 different gimmicks across his Rumble history. Externally fact-checked 2026-09-17: full 1-30 entry order recovered (2 independent external sources, Wikipedia and allrumblestats.com, agreeing with each other and with all 7 of this database's own pre-existing anchored positions), resolving the Ziggler/Jericho #1-vs-#2 ambiguity (Ziggler #1, Jericho #2). Applying this newly-recovered order to this database's own independent internal buzzer/survival-time arithmetic produces a computed elimination-order ranking that matches the external elimination-order data exactly for all 29 non-winner entrants -- an unusually strong cross-validation. Runner-up confirmed as Ryback (eliminated last, by Cena, the winning elimination). See F297-F299.","Like 2009/2011/2012, this document has no Dan Wahlers narrative chapter for 2013 -- only the Cageside timing analysis. UNLIKE those years, this year's buzzer-gap list is UNNAMED, so full entry order is NOT recoverable -- only 9 of 30 entrants (Ziggler/Jericho as a set, plus 7 individually anchored positions) have known or partially-known entry data; the other 21 have CONFIRMED-quality survival time but UNKNOWN entry position. See F267/F268. Eliminator credit is entirely UNKNOWN -- zero individually narrated eliminations exist in this year's source, the sparsest year for eliminator credit built so far among the post-2007 'Cageside-only' years. See F269. Winner (John Cena, entry #19) is CONFIRMED via 3 independent lines of evidence (2 separate trivia articles plus this script's own internal checksum). Runner-up and final-two/three/four are UNKNOWN this pass -- not guessed despite some candidate elim_ts values being computable, since 21 other entrants' elim_ts remain entirely unknown and could fall later. Event-level facts (date, venue, attendance, commentary, undercard) remain UNKNOWN -- see F271. Two identity-merge candidates (Tensai/prince-albert, Sin Cara/hunico) spotted but left unmerged pending 2-source confirmation -- see F272. Externally fact-checked 2026-09-17: all previously-UNKNOWN event-level facts (date, venue, attendance, commentary, undercard) filled in. Full entry order and elimination order recovered -- resolves F267. Eliminator credit recovered for 25 of 29 previously-uncredited entrants (4 remain genuinely conflicting between sources -- see F298). Match duration has a small (1-2 second) cross-source scatter (Wikipedia 55:05, allrumblestats.com 55:06, this database's own Cageside-derived 55:07) -- kept at the existing internal CONFIRMED figure per this project's documentary-source-first convention; see F299 for the larger, unexplained 60-second Ryback/match-total gap, a separate and more significant discrepancy. See F297-F301.",CONFIRMED,S024;S040;S101;S102;S103;S109,,,,,,,,
RR2014M,Royal Rumble 2014,Royal Rumble Match,Men's,2014-01-26,Consol Energy Center,"Pittsburgh, Pennsylvania",United States,,15715,90,30,55:09,CONFIRMED,,batista,roman-reigns,batista;roman-reigns,batista;roman-reigns;sheamus,batista;roman-reigns;sheamus;cm-punk,cm-punk,seth-rollins,rey-mysterio,damien-sandow,roman-reigns,29,14,1,UNKNOWN,UNKNOWN,UNKNOWN,1,"Michael Cole, Jerry Lawler, John ""Bradshaw"" Layfield (JBL) -- 3-source confirmed.",UNKNOWN,UNKNOWN,,FALSE,"None in the Rumble match itself. Undercard (2-source agreement, philly.com + Cageside Seats retrospective): kickoff -- The New Age Outlaws def. Cody Rhodes & Goldust for the WWE Tag Team Championship; Bray Wyatt def. Daniel Bryan (opening match); Brock Lesnar def. Big Show; main event -- Randy Orton (c) def. John Cena to retain the WWE World Heavyweight Championship, with Wyatt Family interference/distraction.",UNKNOWN,"Batista's 3rd career Royal Rumble win, entering at #28 (matching his 2005 and 2006 draws exactly) and eliminating Roman Reigns in the match's final second. This is the moment that sparked a well-known fan backlash -- Reigns, in his Rumble debut, tossed out a broadcast-credited 12 opponents (recalculated at 9.5 under an even-split partial-credit system per S105 -- see F277) and was the clear live-crowd favorite, while Batista, a part-time returning veteran, was booed heavily for winning. CM Punk and Seth Rollins, this match's two pre-bell entrants (#1/#2), posted the two longest survival times (49:15 and 48:33) -- the 4th consecutive year the #1 entrant became this match's Iron Man. The 30th (final) entrant was Rey Mysterio, a slot the doc's own author labels 'Not Daniel Bryan' after the surprise entrance fans had been expecting instead -- see F276. Xavier Woods was reportedly an official entrant who never actually got a spot in the match -- see F279. Externally fact-checked 2026-09-17: entry order and eliminator credit externally cross-checked (5+ sources for entry order, 3-4 for most eliminator credits) -- 21 additional named eliminations recovered beyond the 4 already known, 3 with genuine cross-source disagreement on solo-vs-group credit. Rey Mysterio's identity as the 'Not Daniel Bryan' #30 entrant is now independently confirmed via multiple post-event sources including Daniel Bryan's and Mysterio's own public comments. No third external count of Roman Reigns's eliminations was found -- every source checked agrees on the broadcast figure of 12, with no corroboration found anywhere for this database's own guest-analyst-sourced 9.5 recalculation. See F302-F306.","Like 2009/2011/2012/2013, this document has no Dan Wahlers narrative chapter for 2014 -- only the Cageside timing analysis, PLUS a substantial bonus 'Advanced Statistics and Analysis' section from a different guest analyst (706 individually logged in-match events). Entry order and survival times are CONFIRMED to the second for all 30 entrants -- the richest year built so far for this project's no-Wahlers-chapter era. 4 of 29 eliminations have named eliminator credit -- see F275. Event-level facts (date, venue, attendance, commentary, undercard) remain UNKNOWN -- see F274. Two flagged curiosities this pass: Roman Reigns's broadcast-vs-analyst elimination-count discrepancy (F277) and Xavier Woods's non-appearance despite being listed as an official entrant (F279). Externally fact-checked 2026-09-17: all previously-UNKNOWN event-level facts filled in. Entry order externally confirmed via 5 sources, matching this database's existing order exactly -- resolves F274. 21 more eliminator credits recovered (25 of 29 total, previously 4) -- resolves most of F275, 3 remain flagged as genuine solo-vs-group conflicts. See F302-F306. A contemporaneous pre-show report (Cageside Seats, Jan 26 2014) listed Xavier Woods among 'confirmed' entrants, but he does not appear in any of 6+ independent post-event sources' final 30-man rosters, and his own match-history archive shows no WWE main-roster match until May 2014 -- treated as a pre-show report that didn't pan out, not a description error; no entrant row created for him. See F276/F279.",CONFIRMED,S051;S102;S103;S104;S105;S109;S114,,,,,,,,
RR2015M,Royal Rumble 2015,Royal Rumble Match,Men's,2015-01-25,Wells Fargo Center,"Philadelphia, Pennsylvania",United States,,17164,90,30,59:35,CONFIRMED,,roman-reigns,rusev,roman-reigns;rusev,,roman-reigns;rusev;kane;big-show,the-miz,r-truth,dolph-ziggler,the-miz,rusev,29,10,1,UNKNOWN,UNKNOWN,UNKNOWN,UNKNOWN,"Michael Cole, Jerry Lawler, Jonathan ""JBL"" Layfield -- confirmed by Wikipedia and corroborated by contemporary news coverage quoting Lawler directly ('They sent me a text message and I am going to be calling the men's Royal Rumble. Me, Michael Cole and JBL').",UNKNOWN,UNKNOWN,,FALSE,"None in the Rumble match itself. Undercard (Wikipedia + WWE.com, both agree): kickoff -- Cesaro & Tyson Kidd def. Kofi Kingston & Big E; The Ascension def. The New Age Outlaws; The Usos (c) def. The Miz & Damien Mizdow for the WWE Tag Team Championship; The Bella Twins def. Paige & Natalya; main event -- Brock Lesnar (c) def. John Cena and Seth Rollins in a Triple Threat for the WWE World Heavyweight Championship, directly setting up Reigns vs. Lesnar at WrestleMania 31 off this Rumble's outcome.",UNKNOWN,"Roman Reigns's 1st career Royal Rumble win, entering at #19 and eliminating Rusev in the match's final moments -- famously met with heavy boos from the live Philadelphia crowd, still upset over Daniel Bryan's comparatively early elimination (10:11 survival, 10th-longest of the match). A surprise late appearance from The Rock, endorsing Reigns and physically confronting the already-eliminated Big Show and Kane, did not turn the crowd. Bray Wyatt posted the match's longest survival time (46:58), dominating the opening ~15 minutes with a series of one-on-one eliminations. Curtis Axel was counted as an official entrant with a 0:00 survival time after being attacked and substituted for by Erick Rowan before he could enter the ring -- Rowan himself is explicitly excluded as an official competitor by the source. The match's finish featured a simultaneous double-elimination (Big Show and Kane, both by Reigns) that triggered a false match-ending bell, since Rusev was still an active competitor -- meaning the match went directly from 4 competitors to 2, with no true 'final three' moment. Externally fact-checked 2026-09-17: city upgraded from a PROBABLE guess ('Philadelphia') to CONFIRMED (3 independent sources). Curtis Axel/Erick Rowan participation-status modeling strongly corroborated by 5 independent sources. Dean Ambrose's survival time -- previously an unresolved internal 10:40-vs-13:30 conflict -- gains a 2nd source (Wikipedia) agreeing with the existing 10:40 figure, upgrading it to CONFIRMED; the competing '13:30'/13:31 figures remain unresolved variants. A large batch of additional eliminator credit was found in Wikipedia's table, but is added as PROBABLE (single-source, with an internally-inconsistent elimination-count detail found alongside it) rather than CONFIRMED -- see F307-F312.","Like 2009/2011/2012/2013/2014, this document has no Dan Wahlers narrative chapter for 2015 -- only the Cageside timing analysis. Entry order and survival times are CONFIRMED to the second for all 30 official entrants. 3 of 29 eliminations have named eliminator credit, all credited to the winner -- see F283. Event-level facts (exact date, venue, attendance, commentary, undercard) remain UNKNOWN -- see F282. Two unusual participation cases (Curtis Axel, Erick Rowan) are modeled per the source's own explicit methodology -- see F284. This is the only year built so far with a genuine 4-to-2 finish collapse (no 'final three' moment) -- see F286. Externally fact-checked 2026-09-17: all previously-UNKNOWN/PROBABLE event-level facts filled in/upgraded (date, venue, city, attendance, commentary, undercard) -- partially resolves F282. See F307-F312.",PROBABLE,S058;S106;S109,,,,,,,,
RR2016M,Royal Rumble 2016,Royal Rumble Match,Men's,2016-01-24,Amway Center,"Orlando, Florida",United States,,15170,90,30,61:43,CONFIRMED,,hunter-hearst-helmsley,dean-ambrose,hunter-hearst-helmsley;dean-ambrose,hunter-hearst-helmsley;dean-ambrose;roman-reigns,hunter-hearst-helmsley;dean-ambrose;roman-reigns;sheamus,roman-reigns,rusev,hunter-hearst-helmsley,rusev,dean-ambrose,29,14,UNKNOWN,1,UNKNOWN,UNKNOWN,1,"Michael Cole, John ""Bradshaw"" Layfield (JBL), and Byron Saxton -- confirmed by 3 sources (Wikipedia, prowrestling.fandom.com, TJR Wrestling).",UNKNOWN,UNKNOWN,"The WWE Championship, held by Roman Reigns entering the match, was defended WITHIN the Royal Rumble match itself -- only the second time in Rumble history a world title was decided by the match itself, after Ric Flair in 1992 (S107, direct statement). Corrected this pass -- see F296.",TRUE,"CONFIRMED (S107, direct statement): the WWE Championship was on the line inside this Royal Rumble match itself, defended by reigning champion Roman Reigns (this match's #1 entrant). Reigns lost the title as a consequence of the match's outcome when Triple H won the match; no separate same-card title match took place. No other undercard results are recorded in the source document this year. See F296 for a correction to an earlier pass's erroneous claim that Reigns lost the title to Sheamus in a separate match earlier that night. Undercard (2-source agreement, Online World of Wrestling + sacnilk.com): Jack Swagger & Mark Henry won a Fatal 4-Way tag qualifier (over The Ascension, Sandow/Young, and The Dudley Boyz) earning the final Rumble spots for Henry/Swagger; Dean Ambrose defeated Kevin Owens in a Last Man Standing match to retain the Intercontinental Championship; The New Day defeated The Usos to retain the Tag Team Championship; Kalisto defeated Alberto Del Rio to win the United States Championship; Charlotte defeated Becky Lynch to retain the Divas Championship.",The WWE Championship (title was on the line inside the match itself; Triple H became champion by winning the Rumble). See championship_implications and F296.,"Triple H's Royal Rumble win as recorded in this database (his real-world Rumble history includes an earlier win not yet built into this database as of this pass), entering as the official 30th (final) entrant and eliminating Dean Ambrose in the match's final second -- and, since the WWE Championship was on the line inside the match itself (see below), also becoming WWE Champion by winning it. This match ran an unusually long 61:43 (the longest Royal Rumble match timed in this document's entire multi-year data set at the time of writing) and featured Roman Reigns, the reigning WWE Champion, entering at #1 and defending the title WITHIN the match itself -- only the second time in Rumble history a world title was decided by the match itself, after Ric Flair in 1992 (S107) -- while also battling the League of Nations stable through an extended mid-match absence from the ring; he lost the title when Triple H won the match. See F296 for a correction to an earlier pass's erroneous claim that Reigns lost the title to Sheamus in a separate match earlier that night. A pre-event trend-analysis trivia article (S108) had picked Sheamus as the statistical 'model winner' based on historical height/weight/age/experience patterns -- Sheamus did not win, eliminated among the match's final four. Braun Strowman, in his Rumble debut, eliminated both Kane and Big Show back-to-back -- the exact same 2-man combination eliminated together (that time simultaneously) by Roman Reigns the previous year. Brock Lesnar was eliminated in a group interference spot by 'the entire Wyatt Family.' Externally fact-checked 2026-09-17: Brock Lesnar's Wyatt Family group elimination now individually named -- 3 sources (WWE.com's own official recap, a Wrestling Inc retro review, and allrumblestats.com's data table) independently agree the other 'thugs' were Erick Rowan and Luke Harper, plus Braun Strowman. 17 additional eliminator credits recovered (2 with a genuine cross-source conflict). Kane/Big Show's 51-second gap independently confirmed to the second. Roman Reigns's 29:25 adjusted survival figure independently corroborated by Cageside Seats' own dedicated timing article. AJ Styles's WWE PPV debut and the Reigns/Strowman elimination-count tie (5 each) both confirmed. See F313-F318.","Like every no-Wahlers-chapter year built so far, this document has no Dan Wahlers narrative chapter for 2016 -- only the Cageside timing analysis, given this year as an actual timing table. Entry order and survival times are CONFIRMED to the second for all 30 entrants. 6 of 29 eliminations have named eliminator credit -- see F290. Event-level facts (date, venue, attendance, commentary, undercard) remain UNKNOWN -- see F289. Two notable curiosities flagged this pass: Roman Reigns's and Kofi Kingston's raw-vs-absence-adjusted survival times (F292), and Triple H physically entering the ring before Sheamus despite being the later official entrant (F293). Externally fact-checked 2026-09-17: all previously-UNKNOWN event-level facts filled in. Eliminator credit substantially expanded (23 of 29 total, up from 6) -- resolves most of F290. Wyatt Family group for Lesnar's elimination fully individually named -- resolves F291. See F313-F318.",PROBABLE,S040;S051;S107;S108;S109,,,,,,,,
RR2017M,Royal Rumble 2017,Royal Rumble Match,Men's,2017-01-29,Alamodome,"San Antonio, Texas",United States,52020,,,30,1:02:06,CONFIRMED,,randy-orton,roman-reigns,randy-orton;roman-reigns,randy-orton;roman-reigns;bray-wyatt,randy-orton;roman-reigns;bray-wyatt;chris-jericho,big-cass,chris-jericho,roman-reigns,jack-gallagher,roman-reigns,29,11,UNKNOWN,0,0,UNKNOWN,1,"Michael Cole, Corey Graves, Jerry Lawler",UNKNOWN,UNKNOWN,"Standard Royal Rumble rules. Unlike RR2016M, no title was defended within the match itself this year -- the winner instead earned a title shot at WrestleMania 33.",FALSE,"The winner earned the right to challenge for a world championship at WrestleMania 33 -- their choice between Raw's Universal Championship or SmackDown's WWE Championship (the standard post-2016-brand-split Rumble winner's reward). Randy Orton won. Separately, Roman Reigns lost the Universal Championship to Kevin Owens in a No Disqualification match earlier the same card, before entering this Rumble at #30.",A world championship match at WrestleMania 33 -- winner's choice between Raw's Universal Championship and SmackDown's WWE Championship.,"Randy Orton's 2nd career Royal Rumble win (after 2009), entering at #23 and eliminating Roman Reigns (an RKO counter to a Spear attempt) in the match's final moments -- making Orton the 7th wrestler to win the Royal Rumble more than once. Braun Strowman had the most eliminations of the match with 7, a dominant showing though not yet the all-time record (Kane's 11 from RR2001 still stood; Strowman broke it the following year at the 2018 Greatest Royal Rumble, outside this database's scope). Tye Dillinger's NXT call-up drew the perfectly-fitting entry #10 for his 'Perfect 10' gimmick, one of the most-remembered moments of the night. Roman Reigns wrestled twice on the card -- losing the WWE Universal Championship to Kevin Owens in a No Disqualification match earlier, then entering the Rumble at #30 and making the final two. Goldberg, an unaffiliated returning legend, eliminated Brock Lesnar, previewing their WrestleMania 33 Universal Championship feud. The Undertaker eliminated 4 opponents (including Sami Zayn's 46:55 survival, the match's 2nd-longest) before being eliminated by Roman Reigns, building toward Undertaker's 'final' match against Reigns at WrestleMania 33. James Ellsworth's 15-second run was among the shortest Rumble appearances on record. This was the last men's-only Royal Rumble before the Women's Royal Rumble match debuted the following year, at Royal Rumble 2018.","First event in this database built entirely from external research rather than Shane's own source document, which has no content past 2016 -- see script docstring. Entry order and eliminator credit CONFIRMED for all 30 entrants via 2-3 independent sources each, except the Sheamus/Cesaro relative elimination-order conflict (F360). Global match-clock timing (elimination_clock_time) left UNKNOWN throughout -- see F361. WWE Hall of Fame status was checked for all 11 newly-added wrestlers as part of this build, per Shane's new process (F364) -- Goldberg's 2018 individual induction was caught immediately rather than deferred to a future audit pass.",CONFIRMED,S140;S141;S142;S143,,,,,,,,
RR2018M,Royal Rumble 2018,Royal Rumble Match,Men's,2018-01-28,Wells Fargo Center,"Philadelphia, Pennsylvania",United States,,17629,,30,1:05:27,CONFIRMED,,shinsuke-nakamura,roman-reigns,shinsuke-nakamura;roman-reigns,shinsuke-nakamura;roman-reigns;john-cena,shinsuke-nakamura;roman-reigns;john-cena;finn-balor,rusev,finn-balor,dolph-ziggler,rhyno,roman-reigns,29,18,4,2,0,1,UNKNOWN,"Michael Cole, Corey Graves, John ""Bradshaw"" Layfield (JBL), Jerry ""The King"" Lawler",UNKNOWN,UNKNOWN,Standard Royal Rumble rules. No title was defended within the match itself this year -- the winner instead earned a title shot at WrestleMania 34.,FALSE,"The winner earned the right to challenge for a world championship at WrestleMania 34 -- their choice between Raw's Universal Championship or SmackDown's WWE Championship. Shinsuke Nakamura won and chose to challenge AJ Styles for the WWE Championship. Separately, The Bar (Cesaro & Sheamus) won the Raw Tag Team Championship from Seth Rollins & Jason Jordan earlier the same card, before all three entered this Rumble.","A world championship match at WrestleMania 34 -- winner's choice between Raw's Universal Championship and SmackDown's WWE Championship. Nakamura chose the WWE Championship, held by AJ Styles.","Shinsuke Nakamura's Royal Rumble win in his first attempt, entering at #14 and eliminating Roman Reigns (a Kinshasa, after Reigns countered an earlier Kinshasa into a Spear attempt) in the match's final moments. Finn Balor and Roman Reigns tied for the match-high elimination count at 4 apiece, though one of Reigns's four (The Miz) was a shared credit with Seth Rollins, making Balor the only wrestler with 4 clean solo eliminations; Balor also posted the longest individual survival time of the match at 57:38. Rey Mysterio made a surprise return at #27, his first WWE appearance in roughly 3 years, having spent the intervening time with AAA and Lucha Underground. Andrade (billed as 'Andrade “Cien” Almas') and Adam Cole both entered as surprise NXT call-ups. Matt Hardy and Bray Wyatt eliminated each other simultaneously -- a fitting preview, in hindsight, of their 'Deleters of Worlds' tag team later that year. Cesaro and Sheamus (as The Bar) entered as the reigning Raw Tag Team Champions, having won the title from Seth Rollins & Jason Jordan earlier the same card; Rollins himself also competed in this Rumble later that night. This was the second Royal Rumble to share a card with a Women's Royal Rumble match, held for the first time ever this same night -- see this database's separate RR2018W record.","Entry order and eliminator credit CONFIRMED for all 30 entrants via 2-3 independent sources each. Sheamus's individual elimination time is CONFLICTING between the official WWE.com figure (0:20) and four independent fan-timed re-checks that converge on roughly 2-3 seconds -- see F367; the elimination's order and eliminator credit are not in dispute, only the exact duration. Global match-clock timing (elimination_clock_time) left UNKNOWN throughout, matching RR2017M's precedent. WWE Hall of Fame status was checked for all 6 newly-added wrestlers as part of this build, per Shane's standing process (F369) -- none are inducted as of this build. Built as a fully separate event/record from RR2018W (the first Women's Royal Rumble, held the same night) per Shane's explicit instruction to keep the two matches separate.",CONFLICTING,S144;S145;S146;S147;S148;S149,,,,,,,,
RR2018W,Royal Rumble 2018,Royal Rumble Match,Women's,2018-01-28,Wells Fargo Center,"Philadelphia, Pennsylvania",United States,,17629,,30,58:57,CONFIRMED,,asuka,nikki-bella,asuka;nikki-bella,asuka;nikki-bella;brie-bella,asuka;nikki-bella;brie-bella;sasha-banks,sasha-banks,becky-lynch,trish-stratus,mandy-rose,nikki-bella,29,16,0,0,4,UNKNOWN,UNKNOWN,"Michael Cole, Corey Graves, Stephanie McMahon",Maria Menounos (special guest ring announcer),UNKNOWN,Standard Royal Rumble rules -- the first-ever Women's Royal Rumble match. No title was defended within the match itself; the winner instead earned a title shot at WrestleMania 34.,FALSE,"The winner earned the right to challenge for a women's championship at WrestleMania 34 -- their choice between Raw's Women's Championship (held by Alexa Bliss) or SmackDown's Women's Championship (held by Charlotte Flair), neither of whom competed in this match. Asuka won.",A women's championship match at WrestleMania 34 -- winner's choice between Raw's Women's Championship and SmackDown's Women's Championship.,"The first-ever Women's Royal Rumble match, won by Asuka (entry #25), eliminating Nikki Bella for the winning elimination. Per Wikipedia's own characterization, this was 'the second women's match to main event a WWE pay-per-view, and the first to main event one of WWE's “Big Four” pay-per-views.' Nine returning WWE alumnae were brought back for the occasion -- Lita, Jacqueline, Beth Phoenix, Trish Stratus, Michelle McCool, Torrie Wilson, Molly Holly, Kelly Kelly and Vickie Guerrero -- though only the first four were already WWE Hall of Famers at the time. Michelle McCool led all eliminators with 5 total credited eliminations (4 solo plus a shared credit); Nia Jax and McCool were tied for the most SOLO eliminations at 4 apiece, with Nia Jax then eliminated herself in a 6-way group spot (Asuka, Bayley, Brie Bella, Natalya, Nikki Bella, Trish Stratus). Sasha Banks, the opening entrant, posted the match's longest individual survival time (54:46) before being eliminated by the Bella Twins. Reigning champions Alexa Bliss and Charlotte Flair were notably absent as entrants, appearing only after the match to confront Asuka. Kairi Sane entered as a late replacement for the injured Alicia Fox. Asuka's post-match celebration was immediately overshadowed by Ronda Rousey's surprise full-time WWE signing reveal, drawing contemporary criticism from Sports Illustrated and other outlets that the finish sidelined the historic moment this match represented. Built as a fully separate event/record from RR2018M (the men's Royal Rumble, held the same night) per Shane's explicit instruction to keep the two matches separate.","Entry order and eliminator credit CONFIRMED for all 30 entrants via 2+ independent sources each, including a deliberate literal re-verification of Nia Jax's and Michelle McCool's individual elimination counts against secondary sources that overstate them -- see F376/NM061. Commentary team is CONFLICTING between sources -- see F373. Global match-clock timing (elimination_clock_time) left UNKNOWN throughout. WWE Hall of Fame status was checked for all 29 newly-added wrestlers as part of this build, per Shane's standing process -- 3 of the 9 returning legends (McCool, Torrie Wilson, Molly Holly) and the Bella Twins have since been inducted, all well after this event; only 4 were Hall of Famers as of the event date itself (F376).",CONFLICTING,S144;S148;S149;S152;S153;S154;S155;S156;S157,,,,,,,,
RR2019M,Royal Rumble 2019,Royal Rumble Match,Men's,2019-01-27,Chase Field,"Phoenix, Arizona",United States,48193,40000,,30,57:30,CONFIRMED,,seth-rollins,braun-strowman,seth-rollins;braun-strowman,seth-rollins;braun-strowman;dolph-ziggler,seth-rollins;braun-strowman;dolph-ziggler;andrade,elias,jeff-jarrett,nia-jax,jeff-jarrett,braun-strowman,29,20,5,4,0,UNKNOWN,UNKNOWN,"Michael Cole, Corey Graves, Jerry ""The King"" Lawler, John ""Bradshaw"" Layfield (JBL)",Greg Hamilton,UNKNOWN,Standard Royal Rumble rules. No title was defended within the match itself -- the winner instead earned a world championship match at WrestleMania 35.,FALSE,"The winner earned the right to challenge for a world championship at WrestleMania 35. Seth Rollins won and was announced 2 days later as challenging Brock Lesnar for the Universal Championship, which he won at WrestleMania 35. Shinsuke Nakamura (US Champion), Bobby Lashley (Intercontinental Champion), Johnny Gargano (NXT North American Champion) and Pete Dunne (NXT UK Champion) all entered as reigning champions, though none of those titles were defended in this match.",A world championship match at WrestleMania 35. Rollins chose to challenge Brock Lesnar for the Universal Championship and won.,"Seth Rollins's Royal Rumble win in his first attempt, entering #10 and eliminating Braun Strowman after surviving 43:00, the match's longest individual time -- he went on to win the Universal Championship from Brock Lesnar at WrestleMania 35. This match is also notable for Nia Jax's historic appearance: a Women's-division wrestler who attacked advertised entrant R-Truth and took his #30 slot, becoming the first person to compete in (and score an elimination in) both Royal Rumble matches on the same night -- she also appears in this database's separate RR2019W record for her Women's Royal Rumble appearance the same evening. Braun Strowman's total credited-elimination count is disputed between a literal box-score tally (6) and Fightful.com's published figure (5) -- see F381. Two reigning NXT-brand champions, Johnny Gargano (NXT North American) and Pete Dunne (NXT UK), entered as surprise call-ups, alongside two main-roster champions, Shinsuke Nakamura (who won the US Championship on the Kickoff Show hours earlier) and Bobby Lashley (Intercontinental Champion). Drew McIntyre and Dolph Ziggler's elimination spot paid off their late-2018 Raw Tag Team Championship-winning duo's storyline split. Built as a fully separate event/record from RR2019W (the Women's Royal Rumble, held the same night) per Shane's explicit instruction to keep the two matches separate.","Entry order and eliminator credit CONFIRMED for all 30 entrants via 4-5 independent sources each, cross-checked by name (not row position) per the methodology established after RR2019 research revealed automated Wikipedia table extraction can silently reorder rows. Jeff Hardy's survival time is CONFLICTING (F379); Braun Strowman's total elimination count is CONFLICTING (F381); attendance is CONFLICTING (F382, shared with RR2019W). Global match-clock timing (elimination_clock_time) left UNKNOWN throughout. WWE Hall of Fame status was checked for all 7 newly-added wrestlers as part of this build, per Shane's standing process -- none are inducted as of this build (F383).",CONFLICTING,S161;S162;S163;S164;S165;S166;S167;S168;S171,,,,,,,,
RR2019W,Royal Rumble 2019,Royal Rumble Match,Women's,2019-01-27,Chase Field,"Phoenix, Arizona",United States,48193,40000,,30,1:11:24,CONFLICTING,,becky-lynch,charlotte-flair,becky-lynch;charlotte-flair,becky-lynch;charlotte-flair;nia-jax,becky-lynch;charlotte-flair;nia-jax;bayley,lacey-evans,natalya,carmella,liv-morgan,charlotte-flair,29,17,2,0,0,UNKNOWN,UNKNOWN,Michael Cole & Renee Young (Raw portion); Tom Phillips & Byron Saxton (SmackDown portion); Corey Graves and Beth Phoenix also credited on some segments,Mike Rome,UNKNOWN,Standard Royal Rumble rules. No title was defended within the match itself -- the winner instead earned a choice of women's championship match at WrestleMania 35.,FALSE,"The winner earned a women's championship match at WrestleMania 35. Becky Lynch won and, via an evolving storyline (including her own real-life suspension angle in early February 2019), the match became a winner-take-all triple threat against Raw Women's Champion Ronda Rousey and SmackDown Women's Champion Charlotte Flair -- neither of whom competed in this Rumble. Lynch won at WrestleMania 35, becoming the first woman to hold both women's titles simultaneously.","A women's championship match at WrestleMania 35, which evolved into a winner-take-all triple threat against both reigning champions. Becky Lynch won both titles.","Becky Lynch's Royal Rumble win, remarkable for coming the same night she lost her own SmackDown Women's Championship match to Asuka -- she was allowed to take injured advertised entrant Lana's vacated #28 slot, entering, in practice, after #30 Carmella had already gone in (see F392), before eliminating Nia Jax and then Charlotte Flair for the win. This set up the first-ever women's WrestleMania main event, a winner-take-all triple threat Lynch won to become the first woman to hold both women's titles simultaneously. Charlotte Flair, making her first appearance in this database, finished as runner-up with a match-high 5 credited eliminations. Natalya's 56:01 survival time was the longest in Women's Royal Rumble history to that point, a record that stood until 2021. Nia Jax, already in this database from RR2018W, competed in both this match and the Men's Royal Rumble the same night -- see this database's separate RR2019M record. Mandy Rose eliminated Naomi despite having already been eliminated herself, a confirmed blown-spot moment. Built as a fully separate event/record from RR2019M (the Men's Royal Rumble, held the same night) per Shane's explicit instruction to keep the two matches separate.","Entry order and eliminator credit CONFIRMED for all 30 entrants via 2-3 independent sources each, cross-checked by name after a first, internally-inconsistent Wikipedia table extraction was discarded and re-pulled cleanly. One eliminator credit (Billie Kay/Peyton Royce) is CONFLICTING against a single outlier source -- see F388. Attendance and match duration are CONFLICTING (F389/F390, the former shared card-wide with RR2019M). Commentary team is only partially resolved, split by broadcast brand per Wikipedia's own credits (F391). Global match-clock timing (elimination_clock_time) left UNKNOWN throughout. WWE Hall of Fame status was checked for all 14 newly-added wrestlers as part of this build, per Shane's standing process -- none are inducted as of this build (F393).",CONFLICTING,S173;S174;S175;S176;S177;S178;S179;S180;S181,,,,,,,,
RR2020M,Royal Rumble 2020,Royal Rumble Match,Men's,2020-01-26,Minute Maid Park,"Houston, Texas",United States,42715,36000,,30,1:00:10,CONFIRMED,,drew-mcintyre,roman-reigns,drew-mcintyre;roman-reigns,drew-mcintyre;roman-reigns;edge,drew-mcintyre;roman-reigns;edge;randy-orton,brock-lesnar,elias,seth-rollins,elias,roman-reigns,29,7,8,5,0,UNKNOWN,UNKNOWN,"Michael Cole & Corey Graves (confirmed calling this segment); Tom Phillips and Jerry ""The King"" Lawler also credited on the broadcast infobox; Booker T joined later in the show",UNKNOWN,UNKNOWN,Standard Royal Rumble rules. No title was defended within the match itself -- the winner instead earned a world championship match at WrestleMania 36.,FALSE,"The winner earned the right to challenge for the WWE Championship at WrestleMania 36. Drew McIntyre won and chose to challenge Brock Lesnar (whom he had just eliminated from this Rumble), defeating him at WrestleMania 36. Brock Lesnar (WWE Champion), Kofi Kingston & Big E (SmackDown Tag Team Champions), Shinsuke Nakamura (Intercontinental Champion) and Keith Lee (NXT North American Champion) all entered as reigning champions, though none of those titles were defended in this match.",A WWE Championship match at WrestleMania 36. McIntyre chose to challenge Brock Lesnar and won.,"Drew McIntyre's first Royal Rumble win, entering #16 and eliminating Roman Reigns after surviving 34:11, the match's longest individual time -- he went on to defeat Brock Lesnar for the WWE Championship at WrestleMania 36, having just eliminated Lesnar from this very match. Lesnar himself tied the all-time single-Rumble elimination record with 13 credited eliminations, entering at #1 and dominating the match's opening stretch (see NM078; his exact credit on 2 of those 13 is disputed between sources -- F396). Edge's surprise in-ring return, 9 years after a career-threatening neck injury forced his 2011 retirement, was the show's marquee angle. Seth Rollins, backed by outside interference from the Authors of Pain as part of his 'Monday Night Messiah' storyline, eliminated a briefly-allied Kevin Owens, Aleister Black and Samoa Joe trio before being eliminated himself. Five reigning champions across four titles were represented in the field. Built as a fully separate event/record from RR2020W (the Women's Royal Rumble, held the same night) per Shane's standing instruction to keep the two matches separate.","Entry order and eliminator credit CONFIRMED for all 30 entrants via 3-4 independent sources each, cross-checked by name after a first, internally-inconsistent Wikipedia table extraction was discarded and re-pulled cleanly. Keith Lee's and Braun Strowman's eliminator credit is CONFLICTING across 3 distinct source versions (F396); Kevin Owens's Authors-of-Pain interference is documented but not co-credited (F397); attendance is CONFLICTING (F398, shared card-wide with RR2020W). Global match-clock timing (elimination_clock_time) left UNKNOWN throughout. WWE Hall of Fame status was checked for all 7 newly-added wrestlers as part of this build, per Shane's standing process -- none are inducted as of this build (F399). 5 of those 7 new wrestlers are established WWE performers incorrectly assumed to need no fresh bio by initial research, corrected during this build (F401).",CONFLICTING,S184;S185;S186;S187;S188;S189;S190;S191;S192;S193;S194,,,,,,,,
RR2020W,Royal Rumble 2020,Royal Rumble Match,Women's,2020-01-26,Minute Maid Park,"Houston, Texas",United States,42715,36000,,30,54:20,PROBABLE,,charlotte-flair,shayna-baszler,charlotte-flair;shayna-baszler,charlotte-flair;shayna-baszler;beth-phoenix,charlotte-flair;shayna-baszler;beth-phoenix;natalya,alexa-bliss,bianca-belair,shayna-baszler,lana,shayna-baszler,29,9,4,1,0,UNKNOWN,UNKNOWN,"Michael Cole, Corey Graves, Tom Phillips, Jerry ""The King"" Lawler (broadcast-wide roster; specific segment assignment unconfirmed -- see F408); Booker T joined later in the show",UNKNOWN,UNKNOWN,Standard Royal Rumble rules. No title was defended within the match itself -- the winner instead earned a women's championship match at WrestleMania 36.,FALSE,"The winner earned a women's championship match at WrestleMania 36. Charlotte Flair won this Rumble. Kairi Sane entered as reigning WWE Women's Tag Team Champion (with Asuka, who did not compete); Toni Storm and Shayna Baszler both entered as recently-former (not reigning) champions of their respective titles -- see F404.",A women's championship match at WrestleMania 36.,"Charlotte Flair's first Royal Rumble win, entering #17 and eliminating Shayna Baszler for the win after surviving 27:19. Shayna Baszler and Bianca Belair tied for the most eliminations in Women's Royal Rumble history with 8 apiece, breaking Nia Jax's prior record of 7 (see NM083) -- Belair, making her first appearance in this database, had not yet debuted on the WWE main roster at the time of this event. Santino Marella returned in his comedic 'Santina' persona for a self-elimination (NM085). Kairi Sane entered as the field's one reigning champion, correcting an initial working assumption about who held the WWE Women's Tag Team Championship at this point (NM086/F404). Mercedes Martinez, signed to WWE only weeks earlier, made what amounted to her in-ring WWE debut here. Built as a fully separate event/record from RR2020M (the Men's Royal Rumble, held the same night) per Shane's standing instruction to keep the two matches separate.","Entry order and eliminator credit CONFIRMED for all 30 entrants via 2-3 independent sources each on the first extraction attempt (no discard/re-pull needed this year). Mercedes Martinez's is the match's only shared/2-person elimination credit, not disputed. Champion-status corrections applied for 3 entrants (F404). Mia Yim's real surname is CONFLICTING (F405). Attendance is CONFLICTING (F406, shared card-wide with RR2020M). Match duration and commentary-team segment assignment are only partially verified (F407/F408). 2 of this pass's 9 new wrestlers (Bianca Belair, Shayna Baszler) were incorrectly assumed to need no fresh bio by initial research, corrected during this build (F409). Two single-source narrative claims are preserved but flagged uncorroborated (F410). Global match-clock timing (elimination_clock_time) left UNKNOWN throughout. WWE Hall of Fame status was checked for all 9 newly-added wrestlers as part of this build, per Shane's standing process -- none are inducted as of this build.",CONFLICTING,S197;S198;S199;S200;S201;S202;S204;S205;S206;S207;S208;S209,,,,,,,,
RR2021M,Royal Rumble 2021,Royal Rumble Match,Men's,2021-01-31,WWE ThunderDome at Tropicana Field,"St. Petersburg, Florida",United States,0,0,,30,58:27,CONFIRMED,,edge,randy-orton,edge;randy-orton,edge;randy-orton;seth-rollins,edge;randy-orton;seth-rollins;christian,edge,randy-orton,braun-strowman,jeff-hardy,randy-orton,29,16,4,2,1,,,"Michael Cole & Corey Graves (called the SmackDown title match, the Men's Royal Rumble, and the Universal Championship match); Tom Phillips & Byron Saxton (called the Raw title match and the Women's Royal Rumble); Samoa Joe joined the booth for the Men's Royal Rumble; Jerry ""The King"" Lawler joined for the Women's Royal Rumble. (Spanish broadcast: Carlos Cabrera & Marcelo Rodriguez.)","Greg Hamilton (SmackDown matches/Men's Royal Rumble); Mike Rome (Raw matches/Women's Royal Rumble). Ring announcers worked live in the arena as normal — it was the crowd, not the announcing, that was virtual (ThunderDome LED-screen ""fans""); no note of a fully virtual/no-live-announcer setup was found.","Danilo Anfibio, Jason Ayers, Shawn Bennett, Jessika Carr, John Cone, Darrick Moore, Eddie Orengo, Chad Patton, Rod Zapata (full roster of officials working the show; per-match assignments not confirmed by a second source)",Standard Royal Rumble rules. The event was held in the WWE ThunderDome without an in-person paying audience during the COVID-19 pandemic.,FALSE,The winner earned a world championship match at WrestleMania 37.,A world championship match at WrestleMania 37.,"Edge won from the No. 1 entry, with No. 2 entrant Randy Orton finishing runner-up. Christian made a surprise return for his first true match since 2014. The event was staged without an in-person audience in the WWE ThunderDome at Tropicana Field.",Eliminator-credit conflicts are preserved in F415. One-second ring-time source disagreements are preserved in F416. Omos was not an entrant but is represented as a wrestler because WWE officially credits him with eliminating Big E and Rey Mysterio.,CONFLICTING,S212;S213;S214;S215;S216;S223;S1678;S2301,,,,,,,,
RR2021W,Royal Rumble 2021,Royal Rumble Match,Women's,2021-01-31,WWE ThunderDome at Tropicana Field,"St. Petersburg, Florida",United States,0,0,90,30,58:48,PROBABLE,,bianca-belair,rhea-ripley,bianca-belair;rhea-ripley,bianca-belair;rhea-ripley;charlotte-flair,bianca-belair;rhea-ripley;charlotte-flair;natalya,bayley,naomi,natalya,shotzi-blackheart,rhea-ripley,29,16,6,2,1,,,"Michael Cole & Corey Graves (SmackDown-side matches, incl. Men's Rumble); Tom Phillips & Byron Saxton (Raw-side matches, incl. Women's Rumble); Jerry Lawler joined for the Women's Royal Rumble specifically.",Mike Rome (Raw matches/Women's Royal Rumble); Greg Hamilton (SmackDown matches/Men's Royal Rumble),"Danilo Anfibio, Jason Ayers, Shawn Bennett, Jessika Carr, John Cone, Darrick Moore, Eddie Orengo, Chad Patton, Rod Zapata (full-show roster; not matched to specific bouts)",Standard Royal Rumble rules; WWE states a new entrant arrived every 90 seconds. Event held in the WWE ThunderDome without an in-person paying audience.,FALSE,The winner earned a world championship match at WrestleMania 37.,A world championship match at WrestleMania 37.,Bianca Belair won from entry No. 3; WWE described her 56-plus-minute performance as a women’s Royal Rumble longevity record at the time.,Eliminator-credit conflicts preserved in F419; survival-time source conflicts in F420. tag_teams_count and factions_count are blank because not established to sourcing standard.,CONFLICTING,S224;S225;S226;S227;S228;S1678;S2301,,,,,,,,
RR2022M,Royal Rumble 2022,Royal Rumble Match,Men's,2022-01-29,The Dome at America's Center,"St. Louis, Missouri",United States,,,,30,51:10,CONFIRMED,,brock-lesnar,drew-mcintyre,brock-lesnar;drew-mcintyre,brock-lesnar;drew-mcintyre;shane-mcmahon,brock-lesnar;drew-mcintyre;shane-mcmahon;matt-riddle,aj-styles,shinsuke-nakamura,brock-lesnar,robert-roode,drew-mcintyre,29,19,3,,,,,"Michael Cole & Pat McAfee (called SmackDown-side matches and the Men's Royal Rumble); Jimmy Smith, Corey Graves & Byron Saxton (called Raw-side matches and the Women's Royal Rumble). (Spanish broadcast: Carlos Cabrera & Marcelo Rodriguez.)",Samantha Irvin (SmackDown matches/Men's Royal Rumble); Mike Rome (Raw matches/Women's Royal Rumble),"Danilo Anfibio, Shawn Bennett, Jessika Carr, Dan Engler, Daphanie LaShaunn, Eddie Orengo, Chad Patton, Charles Robinson, Ryan Tran, Rod Zapata (full-show roster; per-match assignments not confirmed by a second source)",,FALSE,Winner earned a world championship match at WrestleMania 38.,World championship match at WrestleMania 38.,,,CONFIRMED,S232;S233;S1679;S2304,,,,,,,,
RR2022W,Royal Rumble 2022,Royal Rumble Match,Women's,2022-01-29,The Dome at America's Center,"St. Louis, Missouri",United States,,,,30,59:40,CONFIRMED,,ronda-rousey,charlotte-flair,ronda-rousey;charlotte-flair,ronda-rousey;charlotte-flair;bianca-belair,ronda-rousey;charlotte-flair;bianca-belair;shayna-baszler,sasha-banks,melina,shayna-baszler,melina,charlotte-flair,29,15,7,,,,,"Jimmy Smith, Corey Graves & Byron Saxton (Raw-side matches, incl. Women's Royal Rumble); Michael Cole & Pat McAfee (SmackDown-side matches, incl. Men's Royal Rumble)",Mike Rome (Raw matches/Women's Royal Rumble); Samantha Irvin (SmackDown matches/Men's Royal Rumble),"Danilo Anfibio, Shawn Bennett, Jessika Carr, Dan Engler, Daphanie LaShaunn, Eddie Orengo, Chad Patton, Charles Robinson, Ryan Tran, Rod Zapata (full-show roster; not matched to specific bouts)",,FALSE,Winner earned a women’s world championship match at WrestleMania 38.,Women’s world championship match at WrestleMania 38.,,,CONFIRMED,S243;S244;S1679;S2304,,,,,,,,
RR2023M,Royal Rumble 2023,Royal Rumble Match,Men's,2023-01-28,Alamodome,"San Antonio, Texas",United States,,,,30,1:11:40,CONFIRMED,,cody-rhodes,gunther,cody-rhodes;gunther,cody-rhodes;gunther;logan-paul,cody-rhodes;gunther;logan-paul;seth-rollins,gunther,sheamus,cody-rhodes,the-miz,gunther,28,14,2,,,,,"Michael Cole, Corey Graves and Pat McAfee (English, main show); Marcelo Rodriguez and Jerry Soto (Spanish); Kayla Braxton, Kevin Patrick, Peter Rosenberg, Booker T and Jerry Lawler (Kickoff panel — panel/analysis only, no match)",Mike Rome (Raw-branded matches) and Samantha Irvin (SmackDown-branded matches) — brand-split ring announcing still in effect at this show,"Danilo Anfibio, Jason Ayers, Shawn Bennett, Dan Engler, Daphanie LaShaunn, Eddie Orengo, Chad Patton, Charles Robinson, Ryan Tran, Rod Zapata (full referee pool for the night; per-match assignment not individually documented by sources)",,FALSE,Winner earned a world championship match at WrestleMania 39.,World championship match at WrestleMania 39.,,,CONFIRMED,S251;S252;S253;S1680,,,,,,,,
RR2023W,Royal Rumble 2023,Royal Rumble Match,Women's,2023-01-28,Alamodome,"San Antonio, Texas",United States,,,,30,1:01:08,CONFIRMED,,rhea-ripley,liv-morgan,rhea-ripley;liv-morgan,rhea-ripley;liv-morgan;asuka,rhea-ripley;liv-morgan;asuka;nikki-cross,rhea-ripley,liv-morgan,nia-jax,b-fab,liv-morgan,29,16,4,,,,,same as RR2023M,same as RR2023M (Samantha Irvin announced the Women's Rumble as the SmackDown-branded announcer),same as RR2023M,,FALSE,Winner earned a women’s world championship match at WrestleMania 39.,Women’s world championship match at WrestleMania 39.,,,CONFIRMED,S260;S261;S1680,,,,,,,,
RR2024M,Royal Rumble 2024,Royal Rumble Match,Men's,2024-01-27,Tropicana Field,"St. Petersburg, Florida",United States,,,,30,1:08:12,CONFLICTING,,cody-rhodes,cm-punk,cody-rhodes;cm-punk,cody-rhodes;cm-punk;gunther,cody-rhodes;cm-punk;gunther;drew-mcintyre,jey-uso,jimmy-uso,sami-zayn,grayson-waller,cm-punk,29,17,6,3,,,,"Michael Cole, Corey Graves and Pat McAfee (English); Marcelo Rodriguez and Jerry Soto (Spanish); Jackie Redmond, Peter Rosenberg, Booker T and Wade Barrett (Kickoff panel)","Samantha Irvin handled the entire show. She was originally scheduled for only one match, but Mike Rome lost his voice backstage and could not perform, so Irvin covered ring-announcing duties for the full card.","Danilo Anfibio, Shawn Bennett, Jessika Carr, Dan Engler, Daphanie LaShaunn, Eddie Orengo, Ryan Tran, Rod Zapata (full pool; per-match assignment not individually documented)",,FALSE,World championship match at WrestleMania XL.,World championship match at WrestleMania XL.,,Original through-2023 records preserved. Exact elimination order from event reference table is PROBABLE; official victim-level elimination credits cross-checked. No footage-derived entrance or elimination-clock values invented.,CONFIRMED,S270;S271;S272;S273;S1681,,,,,,,,
RR2024W,Royal Rumble 2024,Royal Rumble Match,Women's,2024-01-27,Tropicana Field,"St. Petersburg, Florida",United States,,,,30,1:04:57,CONFLICTING,,bayley,liv-morgan,bayley;liv-morgan,bayley;liv-morgan;jade-cargill,bayley;liv-morgan;jade-cargill;tiffany-stratton,natalya,naomi,liv-morgan,indi-hartwell,liv-morgan,29,16,6,3,,,,same as RR2024M,same as RR2024M,same as RR2024M,,FALSE,Women's world championship match at WrestleMania XL.,Women's world championship match at WrestleMania XL.,,Source timing and biography disagreements are preserved in flags; attendance and footage-only detail remain blank. Exact elimination sequence is PROBABLE from the chronological reference table.,CONFIRMED,S292;S293;S294;S295;S1681,,,,,,,,
RR2025M,Royal Rumble 2025,Royal Rumble Match,Men's,2025-02-01,Lucas Oil Stadium,"Indianapolis, Indiana",United States,70342,,,31,1:20:10,CONFLICTING,,jey-uso,john-cena,jey-uso;john-cena,jey-uso;john-cena;logan-paul,jey-uso;john-cena;logan-paul;cm-punk,rey-mysterio,penta,logan-paul,carmelo-hayes,john-cena,29,15,3,3,,,,"Michael Cole, Wade Barrett and Pat McAfee (English); Marcelo Rodríguez and Jerry Soto (Spanish); Jackie Redmond, Big E, Joe Tessitore, Peter Rosenberg and Bubba Ray Dudley (Kickoff panel); Cathy Kelley and Byron Saxton (interviewers)",Alicia Taylor,"Danilo Anfibio, Shawn Bennett, Jessika Carr, Dan Engler, Daphanie LaShaunn, Eddie Orengo, Chad Patton, Charles Robinson, Ryan Tran, Rod Zapata (full pool; per-match assignment not individually documented)",,FALSE,World championship match at WrestleMania 41.,World championship match at WrestleMania 41.,,31 entrant records include scheduled no-show Tozawa and replacement Speed sharing slot8;30 physical competitors. No historical records changed.,CONFLICTING,S314;S316;S318;S319;S1682,,,,,,,,
RR2025W,Royal Rumble 2025,Royal Rumble Match,Women's,2025-02-01,Lucas Oil Stadium,"Indianapolis, Indiana",United States,70342,,,30,1:10:20,CONFLICTING,,charlotte-flair,roxanne-perez,charlotte-flair;roxanne-perez,charlotte-flair;roxanne-perez;nia-jax,charlotte-flair;roxanne-perez;nia-jax;nikki-bella,io-shirai,liv-morgan,nikki-bella,b-fab,roxanne-perez,29,19,9,6,,,,same as RR2025M,same as RR2025M,same as RR2025M,,FALSE,World championship match at WrestleMania41.,World championship match at WrestleMania41.,,Five-woman sweep chronological order disputed; F4W used. No footage-derived clock times invented.,CONFLICTING,S337;S339;S343;S344;S1682,,,,,,,,
RR2026M,Royal Rumble 2026,Royal Rumble Match,Men's,2026-01-31,Riyadh Season Stadium at King Abdullah Financial District,Riyadh,Saudi Arabia,,22500,,30,58:21,CONFLICTING,,roman-reigns,gunther,roman-reigns;gunther,roman-reigns;gunther;randy-orton,roman-reigns;gunther;randy-orton;logan-paul,oba-femi,bron-breakker,gunther,bron-breakker,gunther,29,13,5,1,,,,"Michael Cole and Wade Barrett (English); Faisal Bin Mughaisib and Jude Aldajani (Arabic); Michael Cole, Jackie Redmond, Wade Barrett, Big E, CM Punk and Peter Rosenberg (Kickoff/pre-show panel); Cathy Kelley and Byron Saxton (interviewers)",Mark Nash,"Danilo Anfibio, Jessika Carr, Dan Engler, Eddie Orengo, Charles Robinson, Ryan Tran (per Wikipedia's listed referee pool for this event; per-match assignment not individually documented)",,FALSE,World championship match at WrestleMania42.,World championship match at WrestleMania42.,,"Attendance is an estimate, title membership and timing disputes retained. Twelve new character IDs include two researched masked personas; ten first-time underlying people. No footage-derived entrance or elimination-clock times invented.",CONFLICTING,S363;S365;S366;S400;S1724,,,,,,,,
RR2026W,Royal Rumble 2026,Royal Rumble Match,Women's,2026-01-31,Riyadh Season Stadium at King Abdullah Financial District,Riyadh,Saudi Arabia,,22500,,30,1:06:51,CONFLICTING,,liv-morgan,tiffany-stratton,liv-morgan;tiffany-stratton,liv-morgan;tiffany-stratton;sol-ruca,liv-morgan;tiffany-stratton;sol-ruca;raquel-rodriguez,charlotte-flair,alexa-bliss,tiffany-stratton,lola-vice,tiffany-stratton,29,17,6,6,,,,same as RR2026M,same as RR2026M,same as RR2026M,,FALSE,World championship match at WrestleMania42.,World championship match at WrestleMania42.,,Published simultaneous pairs keep source tie ordering; no frame-perfect elimination order claimed. Attendance estimate and biography disagreements retained. Five new wrestlers individually researched; unknown entrance and elimination clock times remain blank.,CONFLICTING,S403;S405;S406;S432;S1724,,,,,,,,
