flag_id,event_id,table,record_id,field,issue_type,description,source_ids_involved,status,date_logged
F001,RR1988M,wrestlers,boris-zhukov,dob,conflicting_sources,"Shane's research gives DOB 1959-12-13 (consistent with his stated age '28 Years, 1 Months' at the 1988 event). Wikipedia gives DOB 1959-01-29. These cannot both be correct. Left blank in wrestlers.csv pending a tie-breaking source (e.g. a newspaper birth record or a source that cites its own basis).",S004;S005,open,2026-09-15
F002,RR1988M,wrestlers,boris-zhukov,billed_weight_kg_at_event,unverified,"Shane's research: 135kg billed at the 1988 event. Wikipedia infobox (current, undated): 115kg (254lb). Not necessarily contradictory since WWF billed weights changed across a wrestler's run and Wikipedia's infobox isn't tied to a specific date -- but the 1988-specific figure isn't independently confirmed. Kept Shane's value as PROBABLE.",S004;S005,open,2026-09-15
F003,RR1988M,wrestlers,*,real_name;dob;billed_height_m_at_event;billed_weight_kg_at_event;birthplace;hall_of_fame_year,unverified,"40 of the 43 people in this event (all except boris-zhukov, jim-duggan, one-man-gang) have biographical data sourced ONLY from Shane's original document (S004) so far. Status set to PROBABLE, not CONFIRMED. Independent cross-checking against Cagematch/ProFightDB wrestler profiles or Wikipedia is a planned follow-up, not yet done for this pass.",S004,open,2026-09-15
F004,RR1988M,sources,S003;profightdb,n/a,unverified,"Cagematch event-card page (S003) and ProFightDB's 1988 Royal Rumble page both failed to load this session -- Cagematch returned HTTP 429 (rate limited) after the first successful fetch, and ProFightDB is stuck in an http/https redirect loop via the fetch tool. Worth retrying in a later session; would add another tier-4/5 cross-check.",S002;S003,open,2026-09-15
F005,RR1988M,entrances/moves/near_eliminations,*,n/a,out_of_scope_no_tool,"No video/computer-vision tool is connected in this session. entrances.csv, moves.csv, near_eliminations.csv, and eliminations.csv:location_side are left empty for every 1988 record rather than estimated from text descriptions. Populating these requires footage review.",,open,2026-09-15
F006,RR1988M,eliminations,dino-bravo;one-man-gang,eliminator_wrestler_id,unverified,"The structured record (S001 Wikipedia table + S004 Shane's research, agreeing) credits One Man Gang with eliminating Dino Bravo, and Jim Duggan with eliminating One Man Gang (the match-winning elimination). Scott Keith's blow-by-blow recap (S010) tells a more specific story: the final sequence was Duggan alone vs. Gang+Bravo double-teaming him; their second double-team attempt 'backfired' and Bravo went out (implying Duggan/the botched spot, not a clean Gang elimination); then 'Duggan ducks one last desperate Gang charge' and Gang goes out (reads more like a self-elimination off a dodged charge than a clean takedown). Kept the structured credits as CONFIRMED (2-source agreement on WHO gets the elimination in the record books), but flagged both eliminations as is_disputed=TRUE with the recap's account in notes -- this is exactly the credited-vs-assisted nuance the spec asks to preserve, not resolve by picking one.",S001;S004;S010,open,2026-09-15
F007,RR1988M,events,RR1988M,attendance,conflicting_sources,"Two independent sources (S001 Wikipedia, S011 KB's Wrestling Reviews) agree on 18,000 attendance -- CONFIRMED and used as attendance_reported. Dan Wahlers' history (S009, in Shane's original doc) gives 16,200. Since 2 sources outweigh 1, 18,000 is treated as confirmed, but 16,200 is kept in attendance_official rather than discarded -- it may reflect a distinct paid/gate figure rather than a simple error; not independently resolved either way.",S001;S009;S011,open,2026-09-15
F008,RR1989M,entrants,*,ring_time;ring_time_status,conflicting_sources,"8 of 30 entrants show large (58-115 second) discrepancies between S015's Ring Time column and S012's Survival Times list -- far outside the 0-2 second rounding variance seen for the other 22 entrants. Andre the Giant: 14:55 (S015) vs 13:57 (S012), diff 58s. Akeem: 18:36 vs 20:31, diff 115s. Brutus Beefcake: 13:56 vs 14:57, diff 61s. The Barbarian: 11:15 vs 12:16, diff 61s. Big John Studd (the winner): 12:21 vs 14:16, diff 115s. Hercules: 6:11 vs 7:12, diff 61s. Rick Martel: 5:29 vs 7:06, diff 97s. Ted DiBiase (runner-up): 6:27 vs 8:21, diff 114s. All 8 are clustered in the match's final third. Possible explanation (NOT confirmed, not acted on): S015's Ring Time for these entrants may measure something other than full survival time (e.g. a different start/end boundary), but this is speculation -- both values are preserved as-is, S015's value kept as the displayed ring_time with status CONFLICTING, S012's value kept in notes. Luke Williams' smaller 10s variance (3:08 vs 3:18) is kept as PROBABLE, not flagged, consistent with the existing rounding-tolerance precedent.",S012;S015,open,2026-09-15
F009,RR1989M,wrestlers,red-rooster,real_name,conflicting_sources,"S015 (Shane's Excel) gives Red Rooster's real name as 'Paul Worden Taylor III'. S014 (Scott Keith's recap) independently refers to him as 'Terry Taylor (aka The Red You-Know-What)'. These are very likely the same underlying fact stated two different ways (or a genuine data error in one source) but not resolved this pass -- kept S015's value with status CONFLICTING and S014's name preserved in notes. UPDATE 2026-09-18 (sweep batch 1): this was already resolved in wrestlers.csv (see that row's own notes -- Wikipedia confirms 'Paul Worden Taylor III' as the formal birth name, matching S015, while S014's 'Terry Taylor' is the same public ring name Wikipedia also uses, not a competing real-name claim) but this flag's status was never updated to match. Synchronized -- no data changed, just this flag's status.",S014;S015,resolved,2026-09-15
F010,RR1989M,events,RR1989M,attendance_reported,unverified,"RESOLVED (fact-check pass): Wikipedia (S026) independently confirms 19,000 attendance, agreeing with S013 (Dan Wahlers). Upgraded to CONFIRMED.",S013;S026,resolved,2026-09-15
F011,RR1989M,events;eliminations;entrants,*,n/a,unverified,"PARTIALLY RESOLVED (fact-check pass): Wikipedia (S026) was checked against this event's date, venue, attendance, duration, winner/runner-up, and commentary team, all of which now agree -- see F010/F012 and events.csv. However, the AI web-fetch tool used to extract Wikipedia's full entry-order/elimination table for this event visibly scrambled it (reordered rows, misaligned columns) when asked to reproduce it in bulk -- see 1992's F034 for the same issue observed more clearly. So the entry-by-entry/elimination-by-elimination detail in this database is still cross-checked only WITHIN Shane's own document (S012/S013/S014/S015 agreeing with each other), not against Wikipedia's table specifically. A full row-by-row Wikipedia cross-check remains open for a future pass -- see F034.",S012;S013;S014;S015;S026,open,2026-09-15
F012,RR1989M,events,RR1989M,duration_total,unverified,"RESOLVED (fact-check pass): S012 (Cageside-style analysis) gives total match duration as 65:06; S013 (Dan Wahlers) gives 64:53. Wikipedia (S026) independently agrees with S013's 64:53 exactly -- 2 independent sources now outweigh S012 alone, so duration_total is corrected from 65:06 to 64:53 and upgraded to CONFIRMED. S012's 65:06 is treated as the less-accurate outlier of the two internal figures.",S012;S013;S026,resolved,2026-09-15
F013,RR1989M,entrances/moves/near_eliminations,*,n/a,out_of_scope_no_tool,"No video/computer-vision tool is connected in this session. entrances.csv, moves.csv, near_eliminations.csv, and eliminations.csv:location_side remain empty for every 1989 record. Same as 1988's F005.",,open,2026-09-15
F014,RR1989M,entrants,*,billed_height_m_at_event;billed_weight_kg_at_event;dob;real_name;birthplace;hall_of_fame_year,unverified,"19 of 30 Rumble-match entrants (everyone except the wrestlers reused from the already-partly-verified 1988 roster: andre-the-giant, jake-roberts, ted-dibiase, hulk-hogan, one-man-gang/Akeem, ron-bass, tito-santana) have biographical data sourced only from S015 this pass, not yet independently cross-checked. Same open item as 1988's F003, now extended to 1989's new people.",S015,open,2026-09-15
F015,RR1990M,sources,n/a,n/a,unverified,"Shane's Word doc contains a full Cageside-style timing analysis and Dan Wahlers history for 1991, but it is misfiled under the '1990 Royal Rumble Stats' Heading-1 (the sub-heading text itself correctly says '1991 Rumble Stats - Cageside' / '1991 Royal Rumble -- Dan Wahlers History', and the narrative is unambiguously about a different, later event -- Sgt. Slaughter's Gulf War angle, Undertaker's Rumble debut, Ultimate Warrior losing the WWF Title earlier on the card, and an explicit reference to Rick Martel's 52:30 survival record lasting 'only until the next year'). That material was NOT used for this 1990 build -- it's the next event to build, and the document's heading structure needs to be treated as unreliable for 1991 (rely on the sub-heading text, not the Heading-1 grouping, when building it).",S016,open,2026-09-15
F016,RR1990M,entrants,*,billed_height_m_at_event;billed_weight_kg_at_event;billed_from_at_event;alignment,unverified,"Unlike the 1988/1989 Excel tabs, the 1990 tab's per-entrant bio/physical columns (real name, DOB, height, weight, billed from, heel/face, tag team, champion status) are entirely blank for all 30 Rumble entrants. Reused wrestlers' ages were freshly DERIVED from their existing DOB in wrestlers.csv; height/weight/billed_from/alignment are left blank (UNKNOWN) for this event rather than silently carrying forward a prior year's figure, since billed stats can and do change year to year and no 1990-specific source confirms them.",S017,open,2026-09-15
F017,RR1990M,wrestlers,roddy-piper;dusty-rhodes;jimmy-snuka;earthquake;the-genius;tony-schiavone;brother-love;sapphire,real_name;dob;billed_height_m_at_event;billed_weight_kg_at_event;birthplace,unverified,"8 people appear in this database for the first time via 1990 (4 Rumble entrants: Roddy Piper, Dusty Rhodes, Jimmy Snuka, Earthquake; 4 non-wrestler personnel: The Genius/Lanny Poffo, Tony Schiavone, Brother Love, Sapphire) with NO bio data available in either of Shane's documents for this pass. Left entirely UNKNOWN rather than filled from general background knowledge, per the 'never invent, only cited sources' rule -- these are all well-documented public figures and would be easy to fill in during the internet-research phase.",S017,open,2026-09-15
F018,RR1990M,entrants,akeem;earthquake,ring_time,unverified,"RESOLVED (fact-check pass, see S022/S026): Akeem and Earthquake's identical 02:31 ring time is a genuine, independently-confirmed coincidence, not a spreadsheet duplication error -- Wikipedia's Royal Rumble (1990) article gives the exact same 02:31 figure for both entrants, agreeing with S017 without having any reason to copy its formatting quirks. ring_time_status upgraded to CONFIRMED for both. Separately, the same cross-check turned up a real gap: Earthquake's elimination is credited to 6 wrestlers jointly per 2 independent sources (Wikipedia and wrestlingrecaps.com's recap), not 5 as S017 alone showed -- Dino Bravo was missing from the credit list and has been added.",S017;S022;S026,resolved,2026-09-15
F019,RR1990M,entrants,*,ring_time_status,unverified,"Entry order, elimination order, and eliminated-by credits are CONFIRMED (S017's structured table agrees in every detail it's possible to check against S016's narrative: Ted DiBiase drawing #1 and lasting ~45 min before Warrior eliminated him; Mr. Perfect eliminating Rick Rude then losing to Hogan in the final elimination). Exact ring times to the second are PROBABLE only -- S016 doesn't give per-wrestler timestamps, only round narrative figures, so there's no independent second source confirming S017's precise seconds the way Cageside did for 1988/1989.",S016;S017,open,2026-09-15
F020,RR1990M,events;entrances/moves/near_eliminations,*,n/a,out_of_scope_no_tool,"No video/computer-vision tool connected this session -- entrances.csv, moves.csv, near_eliminations.csv, eliminations.csv:location_side stay empty. Same as 1988's F005 / 1989's F013.",,open,2026-09-15
F021,RR1991M,eliminations,*,eliminator_wrestler_id,unverified,"Only 6 of this match's 28 real eliminations (Randy Savage's non-entry means only 28 of the 29 non-winner entrants actually had an elimination event) have an eliminator explicitly named in either source: Bret Hart (by Undertaker), Greg Valentine (by Hogan), Rick Martel (by British Bulldog), Bushwhacker Luke (by Earthquake), Brian Knobbs (by Hogan), Earthquake (by Hogan, the winning elimination). The other 22 entrants' eliminated_by_ids are blank (UNKNOWN) -- no eliminations.csv row exists for them, since writing one would require inventing an eliminator. This is a structural gap in the source material, not a research shortcut -- S018 (unlike its 1988/1989 Kayfabe-Memories-style counterparts) is a pure timing analysis, not a blow-by-blow recap, so it doesn't narrate most individual eliminations. wrestlers_eliminated_count is left blank (not 0) for every entrant except the 4 with a confirmed credit, since a true zero would be an unsupported claim given how incomplete the record is.",S018;S019,open,2026-09-15
F022,RR1991M,eliminations;entrants,*,elim_number,unverified,"Elimination ORDER (not eliminator identity) is a DERIVED calculation: each entrant's buzzer time + entrance-time lag + survival time = an elimination timestamp, then all 28 actually-eliminated entrants are ranked by that. Spot-verified against 4 independent checkpoints in S018's own 'Active Iron Man' narrative and matched to the exact second each time (see script docstring for the specific checkpoints) -- high confidence, but still DERIVED rather than a directly-stated fact, and could in principle be off for entrants whose elimination timestamps land very close together (no exact ties were found this pass, but the underlying survival/entrance-time figures themselves carry their own small measurement uncertainty per S018's own caveats).",S018,open,2026-09-15
F023,RR1991M,entrants,randy-savage,entry_number;ring_time,unverified,"Randy Savage was drawn for entry #18 but, per both sources, never actually entered the match -- Gorilla Monsoon determined he was the 'missing' entrant after the field was complete, and Roddy Piper speculated on commentary that Ultimate Warrior (who Savage had just cost the WWF Title earlier that night) had him removed from the building. S018 explicitly chose to still count him as a participant with a survival time of 0m 00s. Kept exactly that way here: entry_number=18, ring_time=00:00, no elim_number/eliminated_by (he was never in the ring to be eliminated) -- flagged as a unique case rather than treated like a normal very-early elimination.",S018;S019,open,2026-09-15
F024,RR1991M,entrants,shane-douglas,ring_time_status,unverified,"S018 notes explicitly: 'The exact point when Douglas was eliminated was not caught on camera, so there are a couple of seconds of uncertainty with his survival time.' Kept his stated 26:31 but status is PROBABLE rather than CONFIRMED for this one entrant, per the source's own caveat.",S018,open,2026-09-15
F025,RR1991M,wrestlers,*,real_name;dob;billed_height_m_at_event;billed_weight_kg_at_event;birthplace,unverified,"10 wrestlers appear in this database for the first time via 1991 (The Undertaker, British Bulldog, Shane Douglas, Texas Tornado, Saba Simba, Brian Knobbs, Hawk, Animal, Tugboat, Demolition Crush) with zero bio data in either source -- names only. Left entirely UNKNOWN, same as 1990's F017. (Paul Roma already has a full bio from 1988's show_appearances -- reused, not re-added.)",S018;S019,open,2026-09-15
F026,RR1991M,events;entrances/moves/near_eliminations,*,n/a,out_of_scope_no_tool,No video tool connected this session. Same as prior years' F005/F013/F020.,,open,2026-09-15
F027,RR1992M,eliminations,*,eliminator_wrestler_id,unverified,"Only 11 of this match's 29 real eliminations have an eliminator explicitly named: Ted DiBiase (by British Bulldog), Jake Roberts (by Randy Savage), Shawn Michaels and Tito Santana (mutual -- 'threw each other out of the ring'), Jim Duggan and Virgil (mutual, same wording), Randy Savage, Hulk Hogan, Rick Martel, and Roddy Piper (all four by Sid Justice), and Sid Justice himself (by Ric Flair, the winning elimination). One more (Big Boss Man) is a confirmed self-elimination with no opposing eliminator. The other 17 entrants' eliminated_by_ids are blank (UNKNOWN) -- no eliminations.csv row exists for them, since writing one would require inventing an eliminator. wrestlers_eliminated_count is left blank (not 0) for every entrant except the 5 with a confirmed credit (British Bulldog, Randy Savage, Shawn Michaels, Tito Santana, Jim Duggan, Virgil, Sid Justice, Ric Flair), since a true zero would be an unsupported claim.",S020;S021,open,2026-09-15
F028,RR1992M,eliminations;entrants,*,elim_number,unverified,"Elimination ORDER (not eliminator identity) is a DERIVED calculation: each entrant's buzzer time + entrance-time lag + survival time = an elimination timestamp, then all 29 actually-eliminated entrants are ranked by that. Spot-verified against 5 independent checkpoints in S020's own prose, all matching to the exact second -- see script docstring for the specific checkpoints, including the clock-offset discovery in F029. High confidence, but still DERIVED rather than a directly-stated fact.",S020,open,2026-09-15
F029,RR1992M,eliminations,big-bossman;shawn-michaels;tito-santana;jim-duggan;virgil;randy-savage;rick-martel;roddy-piper,elimination_clock_time,conflicting_sources,"S020's own 'Miscellaneous Notes' subsection states four elimination timestamps that are each exactly 7 minutes 40 seconds LATER than the same events' timestamps computed from the same document's own Survival Times / buzzer-interval data (which independently checksums against the stated total match duration of 62:02 and two other in-text entrance-time checkpoints -- see docstring). Affected: Michaels/Santana's mutual elimination ('31:47' in prose vs. derived 24:07), Duggan/Virgil's mutual elimination ('59:08' vs. derived 51:28), Savage eliminating Roberts ('47:10' vs. derived 39:30), Sid eliminating Piper/Martel ('1:08:18'/'1:08:19' vs. derived 60:38/60:39), and a 'Big Boss Man' self-elimination reference ('33:33' vs. derived/independently-stated 25:53). Because all five instances share the identical +7:40 offset, this looks like one systematic clock-convention difference (most likely: this subsection was timed from broadcast/video start rather than the opening bell) rather than five unrelated transcription errors -- and because the derived clock is independently checksummed elsewhere in the same document while the raw 'Miscellaneous Notes' timestamps are not (one of them, 1:08:19, is literally later than the document's own stated total match length of 62:02, which is impossible), the derived/normalized clock is used as elimination_clock_time throughout this build. Flagged as conflicting rather than silently corrected, since it rests on an inference (the +7:40 broadcast-start theory) rather than a directly-stated fact -- worth confirming during the post-1992 fact-check pass if an independent timing source can be found.",S020,open,2026-09-15
F030,RR1992M,entrants,randy-savage,elimination_type,needs_human_judgement,"Near-elimination controversy, logged to near_eliminations.csv: after eliminating Jake Roberts (~39:30 derived), Randy Savage intentionally jumped over the top rope in pursuit of Roberts, with both feet touching the floor outside the ring at ~39:32. Announcers Gorilla Monsoon and Bobby Heenan initially called it a self-elimination blunder, then reversed course and ruled Savage was not eliminated because no opponent propelled him over the ropes. S020 itself points out the announcers didn't apply this same standard ~7 minutes later when Big Boss Man went over the top untouched (see F029/near_eliminations.csv for the full incident and S020's own editorializing about the inconsistent ruling).",S020,open,2026-09-15
F031,RR1992M,wrestlers,col-mustafa,real_name;aliases_ring_names,unverified,"'Col. Mustafa' entered as the 24th entrant, per S020/S021. Neither source in this pass states his real identity or connects this ring name to any other wrestler already in this database. Left as a fully distinct, fully UNKNOWN-bio new wrestler for now rather than assumed to be a renamed/returning wrestler -- worth specifically checking during the post-1992 fact-check pass, since gimmick gulf-war-era renames of returning wrestlers were common around this period per the general shape of 1990/1991's storylines already in this database (e.g. Sgt. Slaughter's own angle, per RR1991M's notes). UPDATE 2026-09-18 (sweep batch 1): resolved -- this is The Iron Sheik (Khosrow Vaziri), confirmed via Wikipedia + thesportster.com (new S130), corroborating the real name/DOB/birthplace this row already carried from Cagematch (S023) in the original pass. Added 'The Iron Sheik' as a known alias, plus his HOF year (2005, S132) and deceased_date (2023-06-07, S022;S131) -- see F341 for why those were missing despite the identity being known.",S020;S021,resolved,2026-09-15
F032,RR1992M,wrestlers,*,real_name;dob;billed_height_m_at_event;billed_weight_kg_at_event;birthplace,unverified,"7 wrestlers appear in this database for the first time via 1992 (Ric Flair, Jerry Sags, Irwin R. Schyster, The Berzerker, Col. Mustafa, Skinner, Sid Justice) with zero bio data in either source -- names only. Left entirely UNKNOWN, same pattern as 1990/1991's equivalent flags. Owen Hart and Beau/Blake Beverly (non-Rumble undercard entrants) are the same -- see show_appearances.csv. 'Repo Man' and 'Typhoon' were initially treated as new wrestlers too but are actually Barry Darsow (this database's 'Smash') and Fred Ottman (this database's 'Tugboat') under new gimmick names -- corrected during the fact-check pass, see the reused-id notes in this script.",S020;S021,open,2026-09-15
F033,RR1992M,events;entrances/moves,*,n/a,out_of_scope_no_tool,No video tool connected this session. Same as prior years' F005/F013/F020/F026.,,open,2026-09-15
F034,RR1992M,events;eliminations;entrants,*,n/a,out_of_scope_no_tool,"Cross-event fact-check tool limitation, referenced from 1989's F011 and from S026's own description in sources.csv: the AI web-fetch tool used this pass visibly scrambles long ordered Wikipedia tables when asked to reproduce them in bulk. Observed most clearly on this event -- the fetched 'Royal Rumble (1992)' entry table conflated a 'Draw' column with a separate 'Entry #' column inconsistently row to row, and 1988's equivalent fetch came back with duplicate 'entry order' labels consistent with the source having been silently re-sorted alphabetically by wrestler name rather than preserving entry order. Attempts to work around this by requesting raw wikitext via '?action=raw' URLs failed outright (PROVENANCE_REQUIRED permission-timeout errors on all 5 parallel attempts); Cagematch match pages and prowrestlinghistory.com were tried as alternatives and found to either lack detailed entry/elimination breakdowns or be equally lossy/summarized. Resolution adopted for this whole pass: WebFetch was trusted only for single-scalar facts (attendance, date, venue, winner, duration, referees, commentary team) and explicitly NOT trusted for bulk-extracted entry-order/elimination-order data for ANY of the five events (1988-1992) built so far -- that detail remains cross-checked only within Shane's own document's internal sources, not against Wikipedia's tables. A full row-by-row Wikipedia table cross-check for all five events remains open for a future pass, ideally with a different extraction tool/method.",S026,open,2026-09-15
F035,RR1991M,events,RR1991M,attendance_reported,conflicting_sources,"Fact-check pass: Wikipedia (S026) gives attendance as 16,000 (a round number), while S019 (Dan Wahlers) gives the more precise 16,122, which is what's stored in events.csv. Unlike 1992's rounded-vs-precise figures (17,000 vs 17,014, treated as consistent), this one is being logged as a genuine open conflict rather than assumed-consistent, since Wikipedia's Royal Rumble (1991) infobox figure is sourced independently of Dan Wahlers and the two could reflect genuinely different attendance countings (e.g. paid vs. total). attendance_reported is kept at 16,122 (the more precise, presumably primary-sourced figure) pending a tiebreaking third source.",S019;S026,open,2026-09-15
F036,RR1988M,wrestlers,tito-santana,birthplace,conflicting_sources,"Fact-check pass: Shane's document (S004) gives birthplace as Tocula, Mexico. Wikipedia (S022) gives Mission, Texas, USA. Real name (Merced Solis/Solís) and DOB (1953-05-10) both independently confirmed and matching -- only birthplace disagrees. Kept existing value pending a tiebreaking third source.",S004;S022,open,2026-09-15
F037,RR1988M,wrestlers,jim-neidhart,birthplace,conflicting_sources,"Fact-check pass: Shane's document (S004) gives birthplace as Tampa, Florida. Wikipedia (S022) gives Montebello, California. Real name and DOB both independently confirmed and matching -- only birthplace disagrees. Kept existing value pending a tiebreaking third source.",S004;S022,open,2026-09-15
F038,RR1988M,wrestlers,sam-houston,birthplace,conflicting_sources,"Fact-check pass: Shane's document (S004) gives birthplace as Tampa, Florida. Wikipedia (S022) gives Waco, Texas. Real name and DOB both independently confirmed and matching -- only birthplace disagrees. Kept existing value pending a tiebreaking third source.",S004;S022,open,2026-09-15
F039,RR1988M,wrestlers,danny-davis,real_name;dob,conflicting_sources,"Fact-check pass: substantial disagreement, not a simple spelling variant. Shane's document (S004) gives real name 'Dan Marsh', DOB 1956-05-28, birthplace Toronto, Ontario, Canada. Wikipedia (S022) gives real name 'Daniel Davis', DOB 1956-03-28 (day/month swapped from S004's figure), birthplace Massachusetts (state only, no city). Both real_name and dob kept at existing (S004) values pending a tiebreaking third source; birthplace left as-is since Wikipedia's figure is not more specific than what's on file.",S004;S022,open,2026-09-15
F040,RR1988M,wrestlers,nikolai-volkoff,birthplace,conflicting_sources,"Fact-check pass: Shane's document (S004) gives birthplace as 'Socialist Republic of Croatia, SFRY' (country/political-entity level, no city). Wikipedia (S022) gives 'Split, Croatia (then PR Croatia, FPR Yugoslavia)' -- same country, but adds a specific city (Split) and a slightly different era name for the political entity. Real name (Josip Nikolai/Hrvoje Peruzovic -- Wikipedia notes 'Nikolai' is a kayfabe-invented middle name, not on his birth certificate) and DOB both otherwise consistent. Likely added precision rather than a true disagreement, but flagged rather than silently merged since the political-entity naming differs and wasn't independently cross-checked.",S004;S022,open,2026-09-15
F041,RR1988M,wrestlers,b-brian-blair,dob,conflicting_sources,"Fact-check pass: Shane's document (S004) gives DOB 1954-01-12. Wikipedia (S022) gives 1957-01-12 -- same day/month, year disagrees by 3 years. Real name and birthplace both independently confirmed and matching. Kept existing value pending a tiebreaking third source.",S004;S022,open,2026-09-15
F042,RR1988M,wrestlers,dino-bravo,birthplace,conflicting_sources,"Fact-check pass: Shane's document (S004) gives birthplace as Laval, Quebec, Canada. Wikipedia (S022) gives Campobasso, Molise, Italy (his actual birth country before emigrating). Not necessarily a true contradiction -- Laval is likely his billed/adopted hometown rather than birthplace -- but flagged since both purport to answer the same 'birthplace' field. Kept existing (Laval) value.",S004;S022,open,2026-09-15
F043,RR1988M,wrestlers,haku,dob,conflicting_sources,"Fact-check pass: Shane's document (S004) gives DOB 1959-02-03. Wikipedia (S022) gives 1959-02-10 -- same year/month, day disagrees. Real name and birthplace both independently confirmed and matching. Kept existing value pending a tiebreaking third source.",S004;S022,open,2026-09-15
F044,RR1988M,wrestlers,gene-okerlund,dob;birthplace,conflicting_sources,"Fact-check pass: Shane's document (S004) gives DOB 1942-11-29, birthplace Robbinsdale, Minnesota. Wikipedia (S022) gives DOB 1942-12-19 and birthplace Brookings, South Dakota -- both fields disagree. Real name independently confirmed and matching. Both fields kept at existing (S004) values pending a tiebreaking third source.",S004;S022,open,2026-09-15
F045,RR1988M,wrestlers,howard-finkel,birthplace,conflicting_sources,"Fact-check pass: Shane's document (S004) gives birthplace as New York City, New York. Wikipedia (S022) gives Newark, New Jersey -- a genuine city-level disagreement, not a rounding/precision difference. Real name and DOB both independently confirmed and matching. Kept existing value pending a tiebreaking third source.",S004;S022,open,2026-09-15
F046,RR1989M,wrestlers,greg-valentine,real_name,conflicting_sources,"Fact-check pass: Shane's document (S004) gives real name 'Gregory Wisniski'. Wikipedia (S022) gives 'Jonathan Anthony Wisniski' -- same surname, disagreeing first/middle names, so kept as a genuine conflict rather than a spelling-variant upgrade. DOB (1951-09-20) and birthplace (Seattle, Washington) both independently confirmed and matching. Kept existing (S004) value pending a tiebreaking source. UPDATE 2026-09-18 (sweep batch 1): a second independent source (ewrestlingnews.com, new S130) also gives 'Jonathan Anthony Wisniski', agreeing with Wikipedia (S022) and outweighing Shane's single-sourced 'Gregory Wisniski'. Corrected real_name to 'Jonathan Anthony Wisniski', status upgraded to CONFIRMED.",S004;S022,resolved,2026-09-15
F047,RR1989M,wrestlers,brutus-beefcake,birthplace,conflicting_sources,"Fact-check pass: Shane's document (S015) gives birthplace as San Francisco, California. Wikipedia (S022) gives Tampa, Florida -- a genuine city/state-level disagreement. Real name (Edward Harrison Leslie) independently confirmed and matching; DOB differs only by 1 year (existing 1958-04-21 vs new 1957-04-21, same day/month) and was not upgraded to CONFIRMED given the birthplace disagreement casts some doubt on the match. Kept existing values pending a tiebreaking third source. UPDATE 2026-09-18 (sweep batch 1): re-checked Cagematch (S023) directly for this specific wrestler (the original pass had it rate-limited for most of the roster). Cagematch independently agrees with Wikipedia (S022): Tampa, Florida. Corrected from Shane's San Francisco, status upgraded to CONFIRMED. Bonus finding while there: Cagematch's DOB for this wrestler is 1958-04-21 -- NOT 1957-04-21 like Wikipedia -- meaning it actually agrees with Shane's original document instead. dob_status upgraded from CONFLICTING to CONFIRMED in Shane's favor (existing 1958-04-21 value unchanged); Wikipedia's differing 1957 is the now-outvoted figure.",S015;S022,resolved,2026-09-15
F048,RR1989M,wrestlers,red-rooster,birthplace,conflicting_sources,"Fact-check pass, see also F009 (the now-resolved real-name non-conflict for this same wrestler): Shane's document (S015) gives birthplace as Vero Beach, Florida. Wikipedia (S022) AND Cagematch (S023) -- 2 independent sources, agreeing with each other -- both give Greenville, South Carolina. Per the 2-independent-sources rule this would normally outweigh the single-sourced S015 figure, but is kept as an open CONFLICTING flag rather than silently overwritten, since S015 is Shane's own primary research and the disagreement is stark enough (different states) to warrant a human look before correcting it. UPDATE 2026-09-18 (sweep batch 1): same stale-flag situation as F009 -- wrestlers.csv's red-rooster row already reads 'Greenville, South Carolina' with a full resolution note from an earlier pass (Wikipedia + Cagematch, 2 independent sources, agreeing against Shane's single-sourced Vero Beach). This flag's status was simply never updated to match. Synchronized -- no data changed, just this flag's status.",S015;S022;S023,resolved,2026-09-15
F049,RR1989M,wrestlers,mr-fuji,dob,conflicting_sources,"Fact-check pass: Shane's document (S015) gives DOB 1935-05-04. Wikipedia (S022) gives 1934-05-04 -- same day/month, year disagrees by 1. Real name (Harry Masayoshi Fujiwara) and birthplace (Honolulu, Hawaii) both independently confirmed and matching. Kept existing value pending a tiebreaking source. UPDATE 2026-09-18 (sweep batch 1): 2 more independent sources (Find a Grave and a wrestling-history page, new S130) both agree with Wikipedia (S022) on 1934, not 1935. Corrected DOB to 1934-05-04, status upgraded to CONFIRMED. Shane's 1935 is the now-outvoted figure (same day/month, so almost certainly a simple year transcription slip in the original document).",S015;S022,resolved,2026-09-15
F050,RR1989M,wrestlers,gorilla-monsoon,birthplace,conflicting_sources,"Fact-check pass: Shane's document (S015) gives birthplace as New York, New York (i.e. NYC). Wikipedia (S022) AND Cagematch (S023) -- 2 independent sources, agreeing with each other -- both give Rochester, New York instead. Per the 2-independent-sources rule this would normally outweigh the single-sourced S015 figure, but kept as an open CONFLICTING flag rather than silently overwritten, for the same reason as F048 (Red Rooster) -- Shane's own primary research deserves a human look before being corrected. Real name (Robert James Marella) and DOB (1937-06-04) both independently confirmed and matching. UPDATE 2026-09-18 (sweep batch 1): a third independent source -- RocWiki, a Rochester, NY specific community wiki (folded into reusable source S130) -- also confirms Rochester, New York, on top of Wikipedia (S022) and Cagematch (S023) already agreeing per the original flag. Corrected from Shane's 'New York, New York' (i.e. NYC), status upgraded to CONFIRMED.",S015;S022;S023,resolved,2026-09-15
F051,RR1993M,eliminations,*,eliminator_wrestler_id,unverified,"Only 4 of this match's 29 real eliminations have an eliminator explicitly named: Ric Flair (by Mr. Perfect/Curt Hennig), The Undertaker (by Giant Gonzalez, a non-entrant interloper -- see F053), Bob Backlund (by Yokozuna), and Randy Savage (by Yokozuna, though disputed -- see F054). The other 25 entrants' eliminated_by_ids are blank (UNKNOWN) -- S027 is a timing analysis, not a blow-by-blow recap, so most individual eliminations aren't narrated. wrestlers_eliminated_count is only populated for wrestlers with a confirmed credit, since a true zero would be an unsupported claim.",S027;S028,open,2026-09-15
F052,RR1993M,eliminations;entrants,*,elim_number,unverified,"Elimination ORDER (not eliminator identity) is a DERIVED calculation: each entrant's buzzer time + entrance-time lag + survival time = an elimination timestamp, then all 29 actually-eliminated entrants are ranked by that. Spot-verified against 6 independent checkpoints in S027/S028's own prose, all matching to the exact second -- see script docstring for the specific checkpoints. High confidence, but still DERIVED rather than a directly-stated fact.",S027;S028,open,2026-09-15
F053,RR1993M,eliminations,the-undertaker,eliminator_wrestler_id,needs_human_judgement,"The Undertaker's elimination is credited to Giant Gonzalez, who ran in specifically to attack him -- but Gonzalez was NOT an official Rumble entrant (S027 explicitly excludes him from the 'Active Wrestlers' ring-crowdedness count: 'these numbers do not count Giant Gonzalez as an active wrestler in the match'). Modeled here as a real eliminator credit (a new wrestler row was added for Giant Gonzalez) since he's a real, named, identifiable person who caused the elimination, not an unknown quantity -- but flagged since it's a genuinely unusual case (an outside-interference elimination by a non-entrant, distinct from every prior year's 'illegally-assisted' cases which at least involved a listed entrant).",S027;S028,open,2026-09-15
F054,RR1993M,eliminations,randy-savage,elimination_type,needs_human_judgement,"Randy Savage's own elimination (the last of the match, before Yokozuna's win) is ambiguous. S028's narrative: 'Savage somehow got Yoko down, and went for his patented flying elbow. When he landed he went for the cover, and Yokozuna pushed him off, and Savage essentially jumped over the top rope.' This reads as Savage's own momentum/jump carrying him out after being pushed off a cover attempt, closer to a self-elimination than a clean toss -- but since it was directly triggered by Yokozuna's shove, it's credited to Yokozuna here (not modeled as self_eliminated) with is_disputed=TRUE and the narrative framing preserved in notes, rather than silently picking one interpretation.",S028,open,2026-09-15
F055,RR1993M,entrants,damien-demento;irwin-r-schyster;bob-backlund,ring_time_status,unverified,"S027 itself flags substantial timing uncertainty for these three during the Giant Gonzalez angle: Demento and IRS's ring-entry point was obscured because the camera stayed on Gonzalez as he walked back up the aisle ('I don't know the exact point that all three of those men entered the ring... there is at least a chance that Demento and IRS quietly entered the ring maybe up to a minute earlier than I indicated'), and Backlund's ~6m 54s spent outside the ring during the same angle is folded into his listed survival time without a fully precise re-entry point. The source's own best-guess estimate ('probably no more than 10 seconds off') is kept as PROBABLE rather than CONFIRMED for these three entrants' ring/elimination timestamps, unlike the rest of the match's entrants.",S027,open,2026-09-15
F056,RR1993M,entrants,mr-perfect,entry_number,conflicting_sources,"S027's buzzer-derived entry number for Mr. Perfect (Curt Hennig) is #10 (buzzer 8, two slots after Flair/Backlund). S028's narrative prose says 'Hennig came in at #11' instead. Since the same buzzer-derivation methodology independently matched the Undertaker's narrative-stated entry number (#15) exactly elsewhere in this same build, the buzzer-derived #10 is kept as CONFIRMED and the narrative's '#11' is treated as an approximation/rounding in Dan Wahlers' prose, not a hard conflict worth overriding the more precise timing-analysis source for. -- RESOLVED by the 1993-1997 fact-check pass: Wikipedia's entrant table and thesmackdownhotel.com/PWDB both independently confirm Mr. Perfect's entry number as #10, agreeing with the buzzer-derived value (not the narrative's '#11'). entry_number_status upgraded to CONFIRMED.",S027;S028,resolved,2026-09-15
F057,RR1993M,wrestlers,*,real_name;dob;billed_height_m_at_event;billed_weight_kg_at_event;birthplace,unverified,"12 wrestlers appear in this database for the first time via 1993 (Tatanka, Yokozuna, Jerry Lawler, Genichiro Tenryu, Damien Demento, Carlos Colon, Fatu, Samu, Max Moon, Papa Shango, Bob Backlund, and Giant Gonzalez -- the last a non-entrant interloper, see F053) with zero bio data in either source this pass -- names only. Left entirely UNKNOWN, same pattern as every prior year's equivalent flag.",S027;S028,open,2026-09-15
F058,RR1993M,events;entrances/moves,*,n/a,out_of_scope_no_tool,No video tool connected this session. Same as every prior year's equivalent flag.,,open,2026-09-15
F059,RR1994M,entrants;eliminations,*,entry_number;ring_time;elim_number,unverified,"Unlike every prior year in this database (1988-1993), 1994 has NO Cageside-style timing analysis in Shane's Word doc -- only the Dan Wahlers narrative section exists under this year's Heading-1. That means entry order, ring/survival times, and elimination order are ALL UNKNOWN for every single participant this year, with the sole exception of Scott Steiner and Samu being named as 'the first two entrants' (exact order between them not specified). This is the leanest build in the database so far -- not a processing gap, a genuine gap in the available source material for this specific year.",S029,open,2026-09-15
F060,RR1994M,events;entrants,bret-hart;lex-luger,is_winner,needs_human_judgement,"The only Royal Rumble in history with a co-winner call. Bret Hart and Lex Luger went over the top rope at essentially the same instant; WWF's announcers declared BOTH the winner live (reportedly to gauge crowd reaction, since Luger's face turn was a going concern -- he was booed). S029's own text states that on review of the tape, Luger's feet 'obviously' hit the floor first, which under the match's own rules would make him the eliminated man and Bret Hart the sole legitimate winner -- but this was never corrected on-air or in WWF's official record, and the event is conventionally remembered/recorded as a dual win. Modeled here as BOTH men having is_winner=TRUE (so derived win-count stats credit both, matching convention) with events.csv's winner_id holding both ids as a semicolon list -- a deliberate deviation from every other event in this database, which has exactly one winner. No elimination row exists for either man, since crediting one as eliminating the other would mean silently resolving a dispute the source itself leaves open. -- UPDATE (2026-09-23): modeling changed per Shane's decision. events.csv now has an explicit finish_type='co_winners' field and a new event_winners.csv table holds the declared (event_id, wrestler_id) winner set (both bret-hart and lex-luger), replacing the old semicolon-joined winner_id='bret-hart;lex-luger' value (which was never a valid single ID and tripped the validator). entrants.csv is_winner=TRUE on both men is unchanged and was always what derived win-credit stats actually read. validate_integrity.py now checks event_winners.csv against the declared is_winner set instead of requiring exactly one winner. This flag stays open: it documents the underlying dual-win controversy, not a data-format problem, and that controversy (whose feet hit first) is still unresolved.",S029,open,2026-09-15
F061,RR1994M,entrants,*,n/a,unverified,"Only 29 participants are named in S029's Match Results text, one short of the presumed 30-man format consistent with 1989-1993's established standard (not explicitly re-stated as '30-man' for 1994 in either source this pass, so NOT assumed here -- entrant_count is left as 29, the actual count of named participants, rather than invented as 30). One entrant is likely missing from Dan Wahlers' own enumeration -- worth checking against an external source (Wikipedia/Cagematch) in a future fact-check pass to identify the 30th man, if one exists.",S029,open,2026-09-15
F062,RR1994M,wrestlers,sparky-plugg,aliases_ring_names,needs_human_judgement,"No source consulted this pass connects 'Sparky Plugg' to any other wrestler already or later in this database. Left as a fully distinct, fully UNKNOWN-bio new wrestler for now rather than assumed to be a renamed/returning performer -- worth a specific check in a future fact-check pass, following the same 'don't assume, verify' approach already used successfully for Col. Mustafa (1992's F031, resolved).",S029,open,2026-09-15
F063,RR1994M,wrestlers,*,real_name;dob;billed_height_m_at_event;billed_weight_kg_at_event;birthplace,unverified,"15 wrestlers appear in this database for the first time via 1994 (Bam Bam Bigelow, Adam Bomb, Doink/Phil Apollo, Diesel, Great Kabuki, Jeff Jarrett, Kwang, Mo, Mabel, Sparky Plugg, Billy Gunn, Bart Gunn, Rick Steiner, Scott Steiner, Lex Luger) with zero bio data in this pass's source -- names only. Left entirely UNKNOWN, same pattern as every prior year's equivalent flag.",S029,open,2026-09-15
F064,RR1994M,events;entrances/moves,*,n/a,out_of_scope_no_tool,No video tool connected this session. Same as every prior year's equivalent flag.,,open,2026-09-15
F065,RR1995M,eliminations,*,eliminator_wrestler_id,unverified,"Only 1 of this match's 29 real eliminations has an eliminator explicitly named: British Bulldog, by Shawn Michaels (the match-winning elimination). The other 28 entrants' eliminated_by_ids are blank (UNKNOWN) -- S030 is a timing analysis, not a blow-by-blow recap.",S030;S031,open,2026-09-15
F066,RR1995M,eliminations;entrants,*,elim_number,unverified,"Elimination ORDER (not eliminator identity) is a DERIVED calculation: each entrant's buzzer time + entrance-time lag + survival time = an elimination timestamp, then all 29 actually-eliminated entrants are ranked by that. Spot-verified against 4 independent checkpoints in S030's own prose -- see script docstring. High confidence, but still DERIVED rather than a directly-stated fact.",S030,open,2026-09-15
F067,RR1995M,events,RR1995M,duration_total,conflicting_sources,"Summing S030's own 28 buzzer-gap values gives 28:13, one second short of S030's own explicit statement that 'the final buzzer... went off at 28m 14s.' Not traceable to a single specific mistyped gap value; treated as 1 second of rounding noise in the source's own numbers, not corrected. Does not affect elimination order or any of the internal validation checkpoints -- see script docstring.",S030,open,2026-09-15
F068,RR1995M,entrants,owen-hart;bob-backlund,ring_time,unverified,"S030/S031 both note that Bret Hart attacked Owen Hart and Bob Backlund during their entrances (before they reached the ring), which is why both men's survival times are unusually short (0:04 and 0:15 respectively). This is a storyline detail, not a timing-uncertainty caveat like 1993's F055 -- both men's ring-entry and elimination timestamps are still treated as CONFIRMED, since S030 states them directly despite the disruption. Noted here for context only.",S030;S031,open,2026-09-15
F069,RR1995M,wrestlers,*,real_name;dob;billed_height_m_at_event;billed_weight_kg_at_event;birthplace,unverified,"14 wrestlers appear in this database for the first time via 1995 (Eli Blu, Duke Droese, Jimmy Del Ray, Headshrinker Sione, Tom Prichard, Timothy Well, Jacob Blu, King Kong Bundy, Mantaur, Aldo Montoya, Henry Godwinn, Steven Dunn, Dick Murdoch, and 'Doink' as a distinct 1995 appearance -- see F071) with zero bio data in either source this pass -- names only. Left entirely UNKNOWN, same pattern as every prior year's equivalent flag.",S030;S031,open,2026-09-15
F070,RR1995M,events;entrances/moves,*,n/a,out_of_scope_no_tool,No video tool connected this session. Same as every prior year's equivalent flag.,,open,2026-09-15
F071,RR1995M,wrestlers,doink-1995;doink,aliases_ring_names,needs_human_judgement,"'Doink' appears in both 1994 and 1995's Rumble fields. Neither source consulted this pass states whether the same performer played the gimmick both years -- 1994's own text specifically credits that appearance to 'Phil Apollo' (wrestler_id doink, added 1994), while 1995's text gives no performer name at all. Since the Doink gimmick is well known to have been played by multiple different performers over its run, assuming they're the same person without evidence would be inventing an identity connection -- so 1995's appearance was given its OWN wrestler_id (doink-1995) rather than reusing 1994's, following the same 'don't assume, verify' approach already used for Sparky Plugg (1994's F062) and successfully resolved for Col. Mustafa (1992's F031). Worth a specific check in a future fact-check pass to determine whether these should actually be merged.",S030,open,2026-09-15
F072,RR1996M,entrants;eliminations,*,entry_number;ring_time;elim_number,unverified,"Like 1994 (F059), 1996 has NO Cageside-style timing analysis in Shane's Word doc -- only the Dan Wahlers narrative. Entry order and ring/survival times are UNKNOWN for 28 of 30 participants; only Triple H (#1) and Henry Godwinn (#2) have a confirmed entry number, and only Triple H has any stated survival time (an approximate '48 minutes', not exact seconds -- see F073). Elimination order/credits are UNKNOWN for everyone except the final sequence (Kama by Diesel, Diesel by Shawn Michaels).",S032,open,2026-09-15
F073,RR1996M,entrants,hunter-hearst-helmsley,ring_time,unverified,"S032 states Triple H 'lasted longest going 48 minutes' but gives no exact second-level timestamp and no eliminator credit for his own elimination. Ring time kept as '48:00' with PROBABLE status (approximate, not a precise timing-analysis figure like 1993/1995's entrants) -- elim_number and eliminated_by_ids left UNKNOWN.",S032,open,2026-09-15
F074,RR1996M,wrestlers,*,real_name;dob;billed_height_m_at_event;billed_weight_kg_at_event;birthplace,unverified,"15 wrestlers appear in this database for the first time via 1996 (1-2-3 Kid, Dory Funk Jr., Doug Gilbert, Hakushi, Hunter Hearst Helmsley, Bob Holly, Barry Horowitz, Kama, Takao Omori, The Ringmaster/Steve Austin, Headhunter #1, Headhunter #2, Vader, Savio Vega, Isaac Yankem) with zero bio data in this pass's source -- names only. Left entirely UNKNOWN, same pattern as every prior year's equivalent flag.",S032,open,2026-09-15
F075,RR1996M,events;entrances/moves,*,n/a,out_of_scope_no_tool,No video tool connected this session. Same as every prior year's equivalent flag.,,open,2026-09-15
F076,RR1996M,wrestlers,kama,aliases_ring_names,needs_human_judgement,"No source consulted this pass connects 'Kama' to any other wrestler already in this database (e.g. Papa Shango, added 1993). Left as a fully distinct, fully UNKNOWN-bio new wrestler for now, following the same 'don't assume, verify' approach already used for 'Doink' (1995's F071) -- worth a specific check in a future fact-check pass.",S032,open,2026-09-15
F077,RR1996M,wrestlers,steve-austin,ring_name;aliases_ring_names,needs_human_judgement,"Steve Austin's Royal Rumble debut, wrestling as 'The Ringmaster' -- S032 itself notes Vince McMahon referred to him as 'Steve Austin' on commentary even at this event. Deliberately given the wrestler_id steve-austin rather than the-ringmaster, anticipating this performer's reappearance under his more famous ring name in later years of this document -- a forward-looking naming choice, flagged here since it deviates from this database's usual practice of slugifying the AT-EVENT ring name.",S032,open,2026-09-15
F078,RR1996M,wrestlers,bob-holly,aliases_ring_names,needs_human_judgement,"No source consulted this pass connects 'Bob Holly' to any other wrestler already in this database (e.g. Sparky Plugg, added 1994). Left as a fully distinct, fully UNKNOWN-bio new wrestler for now, same caution as F076/F071 -- worth a specific check in a future fact-check pass.",S032,open,2026-09-15
F079,RR1997M,eliminations,*,eliminator_wrestler_id,unverified,"Only 5 of this match's 29 real eliminations have an eliminator explicitly named: The Undertaker and Vader (both by Steve Austin), Terry Funk and Mankind (mutual), and Bret Hart (by Steve Austin, the winning elimination -- see F081). Mil Mascaras' own elimination is a confirmed self-elimination (F082). The other 23 entrants' eliminated_by_ids are blank (UNKNOWN) -- S033 is a timing analysis, not a blow-by-blow recap.",S033;S034,open,2026-09-15
F080,RR1997M,eliminations;entrants,*,elim_number,unverified,"Elimination ORDER (not eliminator identity) is a DERIVED calculation: each entrant's buzzer time + entrance-time lag + survival time = an elimination timestamp, then all 29 actually-eliminated entrants are ranked by that. Spot-verified against NINE independent checkpoints in S033/S034's own prose -- the richest validation set in the database so far, including SEVEN exact entry-number matches (Crush #1, Ahmed #2, Austin #5, Bret Hart #21, Lawler #22, Terry Funk #24, Undertaker #30) -- see script docstring for the full list. High confidence, but still DERIVED rather than a directly-stated fact.",S033;S034,open,2026-09-15
F081,RR1997M,eliminations,steve-austin;bret-hart,elimination_type,needs_human_judgement,"THE central controversy of this match. At 50:05, Bret Hart threw Steve Austin out of the ring -- but the referees were distracted by a Mankind/Terry Funk brawl outside the ring and didn't see it. Austin snuck back in undetected, eliminated Undertaker and Vader (who were brawling on the ropes), then eliminated Bret Hart from behind to 'win' the match. NO eliminations.csv row exists for 'Bret Hart eliminates Austin' at 50:05, since it was never officiated/recognized -- Austin's own survival time (45:06) and entrant row reflect the OFFICIAL on-air result (never eliminated), not the missed call. This is a deliberate modeling choice: eliminations.csv represents the officiated match record, and this database treats a missed call the same way the match's own result did, while documenting the full sequence of events here and in events.csv's special_rules.",S033;S034,open,2026-09-15
F082,RR1997M,eliminations,mil-mascaras,elimination_type,needs_human_judgement,"Mil Mascaras' elimination is unconventional: he threw his opponent outside the ring, then ducked through the middle rope, climbed to the turnbuckle from the ring apron (not from inside the ring), and dove onto his opponent outside -- eliminating HIMSELF in the process. S033's own account notes uncertainty about whether this should even count as 'going over the top' by the match's usual definition, but the referees ruled him eliminated when his feet hit the floor after the dive, and S033 explicitly notes the precedent was already set by Rick Martel in an earlier Rumble. Modeled as a confirmed self-elimination (is_self_elimination=TRUE), not an elimination credited to his opponent.",S033,open,2026-09-15
F083,RR1997M,entrants,fake-razor;pierroth;savio-vega;jake-roberts;marc-mero;owen-hart;henry-godwinn,ring_time_status,unverified,"Two distinct camera/clock issues affect several entrants' timing precision this year: (1) WWF's countdown clock malfunctioned for the first ~5 minutes of the match, so S033 had to use alternate cues (Titantron footage, visual confirmation) for the first 3 buzzers/entrants (Fake Razor, Phineas, Austin) and the exact ring-entry point for Fake Razor, Pierroth, and Savio Vega specifically wasn't captured on camera at all; (2) separately, Jake Roberts' elimination happened during another entrance and wasn't shown live (Titantron used instead), Marc Mero and Owen Hart were eliminated at approximately the same time but the camera missed the exact moment (a replay was used), and Henry Godwinn's exact floor-touch after being thrown by Undertaker was mostly off-camera (a later replay was used). S033's own best-guess estimates are kept (""this didn't cause any major headaches"" per the source), but flagged here rather than treated as fully precise like the majority of this event's entrants.",S033,open,2026-09-15
F084,RR1997M,wrestlers,*,real_name;dob;billed_height_m_at_event;billed_weight_kg_at_event;birthplace,unverified,"17 wrestlers appear in this database for the first time via 1997 (Ahmed Johnson, Fake Razor Ramon/Rick Bogner, Phineas Godwinn, Pierroth Jr., The Sultan, Mil Mascaras, Goldust, Cibernetico, Marc Mero, Latin Lover, Faarooq/Ron Simmons, Jesse James/Road Dogg, Fake Diesel/Glen Jacobs, Rocky Maivia, Mankind/Mick Foley, Flash Funk, Terry Funk) with zero bio data in either source this pass -- names only, EXCEPT that S034 itself states the real names behind three gimmicks directly (Fake Razor Ramon = Rick Bogner, Fake Diesel = Glen Jacobs, Faarooq = Ron Simmons) -- those three are recorded as PROBABLE real names, everyone else's bio fields are fully UNKNOWN.",S033;S034,open,2026-09-15
F085,RR1997M,events;entrances/moves,*,n/a,out_of_scope_no_tool,No video tool connected this session. Same as every prior year's equivalent flag.,,open,2026-09-15
F086,RR1993M,events,RR1993M,duration_total,unverified,"Duration is CONFIRMED at 66:40, exactly matching S036 (Cageside Seats' independent retrospective timing analysis). Wikipedia's own infobox gives 66:35 and Cagematch gives 66:39 -- both within 5 seconds, not treated as a real conflict (this kind of small stopwatch-convention spread between outlets is expected and was seen in earlier years too), but noted here for completeness.",S035;S036,open,2026-09-15
F087,RR1993M,events,RR1993M,referees,unverified,"The Rumble MATCH's specific referee(s) still couldn't be identified this pass. Wikipedia's infobox lists 6 event-wide officials (John Bonello, Danny Davis, Jack Doan, Earl Hebner, Joey Marella, Bill Alfonso) but does not tie any of them specifically to the Royal Rumble match itself (a match with a constantly changing cast is inherently hard to pin a single referee to). Left as 'not identified' rather than guessing from the candidate list.",S035,open,2026-09-15
F088,RR1993M,wrestlers,max-moon,real_name,unverified,"The 'Max Moon' gimmick was played by different performers across its history -- at THIS specific event (Jan 24, 1993) it was Thomas Boric (ring name 'Paul Diamond'); the gimmick was later handed to Konnan for other territories/house shows. The bio recorded here is scoped specifically to the performer at this event, not the gimmick generally.",S022,open,2026-09-15
F089,RR1993M,wrestlers,samu;damien-demento;fatu;carlos-colon;yokozuna;jerry-lawler;max-moon;genichiro-tenryu;papa-shango;bob-backlund,real_name;dob;birthplace,unverified,"Bio data (real name/DOB/birthplace) added for these 10 previously-UNKNOWN wrestlers this pass, all single-sourced to Wikipedia biography articles (PROBABLE, not CONFIRMED -- no second independent source was cross-checked for these specific fields).",S022,open,2026-09-15
F090,RR1993M,eliminations,*,elimination_clock_time,out_of_scope_no_tool,"Wikipedia's own per-entrant table additionally gives an 'eliminated by'/time-in-match figure for every entrant (e.g. Papa Shango by Ric Flair at 0:28, Owen Hart by Yokozuna at 5:39). Not incorporated this pass -- this event's elimination order/timestamps are already DERIVED internally from S027's buzzer-time computation and validated against 6 narrative checkpoints (see build_1993.py); cross-validating all 29 individual timestamps against this new external table is worthwhile future work, not attempted here.",S035,open,2026-09-15
F091,RR1994M,entrants,*,entry_number;eliminated_by_ids,unverified,"F061's missing 30th entrant found: Bastion Booger, advertised at #25, withdrew before the match due to illness (never entered). The full 30-slot order (including his advertised slot) and eliminator credits for all 29 actual eliminations were recovered from Wikipedia's Royal Rumble (1994) infobox table, independently matched exactly by thesmackdownhotel.com/PWDB's own entrant table. entry_number upgraded to CONFIRMED for all 30. Ring times and exact elimination-order timestamps remain UNKNOWN -- neither external source states them, and unlike 1991-1993/1995/1997 there is no internal Cageside-style buzzer document for 1994 to derive them from.",S035;S024,resolved,2026-09-15
F092,RR1994M,eliminations,mabel-entry16,eliminator_wrestler_id,unverified,"Entry #16 (Mabel) is eliminated by an unnamed 'group' per Wikipedia's table -- unlike the other 3 multi-person eliminations this year (entries 7, 13, 17, 24), no specific names are given for this one. Left as UNKNOWN rather than guessed. -- UPDATE (Collection of Stats pass, 2026-09-17): WrestlingInc and Cult of Whatever both independently state 7 wrestlers eliminated Mabel in 1994 (a headcount, matching this database's own claimed-but-unconfirmed total of 1 group elimination event). This corroborates that a 7-man group elimination is the right SHAPE of event, but neither source names the 7 individuals, so this flag remains OPEN -- the specific eliminator/assisting credits are still unknown. Cleanup 2026-09-23: explanatory UNKNOWN text removed from entrants.eliminated_by_ids; field blank, eliminated_by_ids_status=UNKNOWN. No individual credit invented. S481 names the seven contributors; structured credit is now PROBABLE pending another source naming the same individuals.",S035;S103;S116;S481,open,2026-09-15
F093,RR1994M,wrestlers,diesel,wrestlers_eliminated_count,unverified,"Diesel's 7 solo eliminations this year (Scott Steiner, Kwang, Owen Hart, Bart Gunn, Bob Backlund, Billy Gunn, Virgil), independently reproduced by counting the recovered elimination table, exactly matches the 'tied the single-match elimination record' trivia claim from S035 -- a good internal-consistency check on the recovered data.",S035;S024,resolved,2026-09-15
F094,RR1994M,events,RR1994M,special_rules,conflicting_sources,"Bret Hart / Lex Luger dual-winner finish independently confirmed by 2 sources (Wikipedia, PWDB) -- both wrestlers crashed to the floor simultaneously, officials disagreed on who landed first, and WWF President Jack Tunney ultimately had both declared co-winners. However, this pass could NOT independently confirm the specific detail (already in the DB from Shane's own document) that a replay showed Luger's feet landing first -- Wikipedia's account instead emphasizes the camera angles were inconclusive and the dispute was never actually resolved on air. That detail may come from a source (e.g. a Bret Hart shoot interview/autobiography) not accessed this pass -- kept in the DB as-is, not removed, but flagged as not independently corroborated.",S035;S024,open,2026-09-15
F095,RR1994M,wrestlers,doink,real_name;aliases_ring_names,conflicting_sources,"Shane's original document (S029) credits this year's Doink performance to 'Phil Apollo'. Every external source checked this pass (Wikipedia's Doink the Clown article, thesmackdownhotel.com's dedicated 'Doink the Clown (Ray Apollo)' profile with a Dec 28 1993 - Sep 29 1995 date range covering this event, and an IMDb character credit for the Jan 1994 TV special) instead says 'Ray Apollo' (real name reported as Ray Licameli). This looks like a transcription variant in Shane's original document (Phil/Ray) rather than a genuinely different performer, but per the project's discipline neither name is silently overwritten -- both are preserved here, with the external Ray Apollo / Ray Licameli identification added as the wrestler's real_name (PROBABLE).",S022;S024,open,2026-09-15
F096,RR1994M,wrestlers,doink;doink-1995,notes,needs_human_judgement,"Evidence found this pass (not conclusive, so NOT merged): thesmackdownhotel.com's Ray Apollo/Doink profile gives a continuous Dec 1993-Sep 1995 date range covering BOTH the 1994 and 1995 Royal Rumbles, and IMDb separately credits 'Ray Apollo' as Doink the Clown on the character pages for both years' TV specials. No single source explicitly states in one sentence that the same performer worked both events, so per the project's identity-merge discipline the two wrestler_ids ('doink' and 'doink-1995') remain separate -- but this is worth another look with a source that states it outright. See also F071.",S022;S024,open,2026-09-15
F097,RR1994M,wrestlers,*,real_name;dob;birthplace,unverified,"Bio data added for 15 previously-UNKNOWN wrestlers this pass (Bam Bam Bigelow, Adam Bomb, Diesel, Great Kabuki, Jeff Jarrett, Kwang/Savio Vega, Mo, Mabel, Sparky Plugg/Bob Holly, Billy Gunn, Bart Gunn, Rick Steiner, Scott Steiner, Lex Luger, plus Bastion Booger), single-sourced to Wikipedia/thesmackdownhotel.com (PROBABLE, not CONFIRMED -- no second independent source cross-checked).",S022;S024,open,2026-09-15
F098,RR1995M,entrants,bob-backlund;steven-dunn,entry_number,conflicting_sources,"The DB's internal buzzer-derivation had Steven Dunn at #25 and Bob Backlund at #26. Three independent external sources (Wikipedia, Online World of Wrestling, thesmackdownhotel.com/PWDB) all agree on the reverse order: Bob Backlund #25, Steven Dunn #26. Corrected in favor of the 3-source external agreement over the single internal derivation, per the project's tie-breaking rule (more independently-agreeing sources wins). Both entrants' extremely short ring times are unaffected by the swap.",S035;S042;S024,resolved,2026-09-15
F099,RR1995M,wrestlers,doink-1995,real_name,needs_human_judgement,"Evidence found this pass (not conclusive, so real_name left UNKNOWN and NOT merged with 1994's 'doink'): IMDb credits 'Ray Apollo' as Doink the Clown on the character page for the Jan 1995 Royal Rumble TV special specifically, and thesmackdownhotel.com's Ray Apollo profile gives a Dec 1993-Sep 1995 date range covering this event. Wikipedia's own Doink article separately says Steve Lombardi took over the gimmick 'after' Apollo, with no exact handover date given, so this isn't fully conclusive either way. See also F071 (the original 1994-vs-1995 Doink identity caution) and F096 (same evidence, filed against 1994's doink).",S022;S024,open,2026-09-15
F100,RR1995M,wrestlers,*,real_name;dob;birthplace,unverified,"Bio data added for 13 of the 14 previously-UNKNOWN wrestlers this pass (Eli Blu, Duke Droese, Jimmy Del Ray, Tom Prichard, Timothy Well, Jacob Blu, King Kong Bundy, Mantaur, Aldo Montoya, Henry Godwinn, Steven Dunn, Dick Murdoch), single-sourced to Wikipedia/thesmackdownhotel.com (PROBABLE, not CONFIRMED). Doink-1995 remains fully UNKNOWN -- see F099.",S022;S024,open,2026-09-15
F101,RR1995M,wrestlers,headshrinker-sione,birthplace,unverified,"Headshrinker Sione's birthplace (Tonga) is sourced only to 'The Official Wrestling Museum' (theofficialwrestlingmuseum.com), a lower-confidence single source not cross-checked against Wikipedia or any other outlet this pass (none had a usable bio page for this specific performer). Treat as lower-confidence than the other PROBABLE entries added this pass.",,open,2026-09-15
F102,RR1996M,entrants,*,entry_number;eliminated_by_ids;ring_time;elim_number,unverified,"The full 30-slot entry order, eliminator credits, ring (survival) times, and elimination order were recovered from Wikipedia's Royal Rumble (1996) structured table this pass -- transforming this event from the database's sparsest build (only 2 of 30 entry numbers previously known) to a fully-populated one. entry_number is CONFIRMED (independently corroborated by individual wrestler bio pages stating their own entry number, e.g. Vader '#13', Kevin Nash '#22', Barry Horowitz '25th entrant'). Ring time/elim order/eliminator credits remain PROBABLE (Wikipedia's own table is the only source for most of them), except Triple H's 48:04 survival time and the overall event duration, which are independently corroborated by S037 (TJR Wrestling). Duke Droese (already in the DB from his 1995 appearance, but with an unknown 1996 entry number) is now confirmed at #30, having won the 'Free for All' pre-show match against Hunter Hearst Helmsley for that slot.",S035;S040;S037,resolved,2026-09-15
F103,RR1996M,wrestlers,vader,wrestlers_eliminated_count,unverified,"Vader's 4 solo eliminations this year (Jake Roberts, Doug Gilbert, one Squat Team member, Savio Vega), independently reproduced by counting the recovered elimination table, exactly matches his own Wikipedia biography's claim of eliminating 4 people at this event -- a good internal-consistency check on the recovered data. Shawn Michaels' reproduced total of 8 eliminations (7 solo + 1 shared with Diesel on Owen Hart) likewise matches allrumblestats.com's figure exactly.",S035;S022;S040,resolved,2026-09-15
F104,RR1996M,entrants,headhunter-1;headhunter-2,name_displayed_at_event,unverified,"Wikipedia and thesmackdownhotel.com both label these two entrants 'Squat Team #1'/'Squat Team #2' at THIS specific event, not 'Headhunter 1'/'Headhunter 2' -- per Wikipedia's Headhunters (professional wrestling) article, the team was renamed 'The Squat Team' specifically for this WWF debut. Same performers/wrestler_ids either way (not a conflict), but the entrant's name_displayed_at_event arguably should read 'Squat Team #1'/'#2' for this event specifically -- left as the existing wrestler_id-based name pending a decision, noted here rather than silently changed.",S035,open,2026-09-15
F105,RR1996M,wrestlers,kama;papa-shango,notes,needs_human_judgement,"Strong single-source evidence found this pass that Kama (this event, entry #23) and Papa Shango (1993's entry #3) are the same performer under different gimmicks at different times: Wikipedia's 'The Godfather' article (the performer's best-known later gimmick) narrates one continuous history for Charles Thomas Wright -- Papa Shango January 1992-mid 1993 (last PPV appearance: the 1993 Royal Rumble), then Kama/Kama Mustafa January 1995-1996, then The Godfather from mid-1998 (WWE Hall of Fame 2016). This is only ONE source, though a detailed and specific one, so per the project's 2-independent-source rule for identity merges the two wrestler_ids ('kama' and 'papa-shango') remain UNMERGED this pass -- worth confirming against a second source (Cagematch was unreachable/rate-limited throughout this pass) before merging. See the original caution at F076. | RESOLVED 2026-09-26: Shane explicitly approved treating Kama and Papa Shango as the same performer despite single-source evidence (overriding the project's default 2-source bar by his own judgment call). Both wrestler rows already shared an identical real_name/dob, so the site's automatic same-performer cross-linking was already surfacing this live -- no further data change needed beyond closing this flag.",S022,resolved,2026-09-15
F106,RR1996M,wrestlers,bob-holly;sparky-plugg,notes,needs_human_judgement,"Strong single-source evidence found this pass that Bob Holly (this event, entry #5) and Sparky Plugg (1994's entry #17) are the same performer under different gimmicks at different times: Wikipedia's 'Hardcore Holly' article states Robert William Howard debuted in the WWF as Thurman 'Sparky' Plugg in 1994, was renamed 'Bob (Spark Plug) Holly' at his own request later that same year, and did not become 'Hardcore Holly' until February 1999 -- the same article separately notes he lasted nearly 40 minutes in the 1996 Rumble (matching entry #5's 39:35), confirming it's describing this exact appearance. Again only ONE source, so per the project's rule the two wrestler_ids ('bob-holly' and 'sparky-plugg') remain UNMERGED -- worth confirming against a second source before merging. See the original caution at F078. | RESOLVED 2026-09-26: Shane explicitly approved treating Bob Holly and Sparky Plugg as the same performer despite single-source evidence. sparky-plugg's real_name normalized to match bob-holly exactly (dropped a self-referential '(also Bob Holly)' parenthetical that was blocking the site's automatic same-performer match) so they now cross-link.",S022,resolved,2026-09-15
F107,RR1996M,wrestlers,*,real_name;dob;birthplace,unverified,"Bio data added for 15 previously-UNKNOWN wrestlers this pass (1-2-3 Kid, Aldo Montoya, Barry Horowitz, Bob Holly, Diesel, Dory Funk Jr., Doug Gilbert, Hakushi, Headhunter 1, Headhunter 2, Isaac Yankem, Kama, Steve Austin, Takao Omori, Vader), single-sourced to Wikipedia (PROBABLE, not CONFIRMED). Duke Droese already had a bio from his 1995 debut -- no change needed for him.",S022,open,2026-09-15
F108,RR1997M,events,RR1997M,event_date,conflicting_sources,"The DB's original date (1997-01-21, a Tuesday) was inconsistent with the WWF's standard Sunday PPV schedule and with every external source checked: Wikipedia, thesmackdownhotel.com/PWDB, Online World of Wrestling, and TJR Wrestling all independently give 1997-01-19 (a Sunday). Corrected in the DB per the same precedent as 1989's duration correction (strong external agreement overriding a single internal value, likely a transcription error in Shane's own document or an earlier build step).",S035;S024;S042;S037,resolved,2026-09-15
F109,RR1997M,wrestlers,fake-razor-ramon,real_name,conflicting_sources,"S034 (Shane's document) gives this performer's real name as 'Rick Bogner'. Wikipedia's dedicated 'Rick Bognar' biography article (which also independently confirms he was 'the first wrestler eliminated by Ahmed Johnson' at this exact event, matching entries #2/#3) instead spells the surname 'Bognar' -- a letter-transposition variant. Both spellings refer to the same real person; per the project's discipline this is preserved as a real_name_status=CONFLICTING spelling variant rather than silently corrected, following the same approach used for Greg Valentine's real-name conflict.",S022,open,2026-09-15
F110,RR1997M,wrestlers,*,real_name;dob;birthplace,unverified,"Bio data added for 17 previously-UNKNOWN wrestlers this pass (Ahmed Johnson, Phineas Godwinn, Pierroth Jr., The Sultan, Mil Máscaras, Goldust, Cibernético, Marc Mero, Latin Lover, Jesse James, Rocky Maivia, Mankind, Flash Funk, Terry Funk, plus DOB/birthplace for Fake Razor Ramon/Faarooq whose real names were already PROBABLE), single-sourced to Wikipedia (PROBABLE, not CONFIRMED).",S022,open,2026-09-15
F111,RR1998M,wrestlers;entrants,cactus-jack;mankind;dude-love,wrestler_id,needs_human_judgement,"Mick Foley (real name Michael Francis Foley) wrestled this match three separate times under three different gimmicks -- Cactus Jack (#1), Mankind (re-entered 'a few spots later' than #2, existing wrestler_id reused from his 1996/1997 Mankind appearances), and Dude Love (#28). Modeled as THREE separate entrant rows / wrestler_ids rather than one, matching WWE's own official Rumble record (which counts this as 3 distinct entries) and this database's existing convention of giving a distinct in-story gimmick its own id when the event's official record treats it as a separate entrant. Flagged for human review since it is a genuinely novel case (same real person, one match, three personas) rather than a repeat of the Fake Diesel/Fake Razor Ramon precedent (different real people).",S043,open,2026-09-16
F112,RR1998M,entrants;eliminations,*,entry_number;ring_time;elim_number,unverified,"Like 1994/1996 (F059/F072), 1998 has NO Cageside-style timing analysis in Shane's Word doc -- only the Dan Wahlers narrative. Entry order is UNKNOWN for 24 of 30 participants (only Cactus Jack #1, Chainsaw Charlie #2, The Rock #4, Honky Tonk Man #19, Steve Austin #24, and Dude Love #28 are named), and NO ring/survival times are stated for anyone this year. Elimination order/credits are UNKNOWN except for the specific narrated sequence (Cactus Jack, Chainsaw Charlie, Mankind, Owen Hart, and Austin's late rampage through Mero/Thrasher/Brian Lee/Savio Vega/Dude Love, then the Austin/Rock finish). -- RESOLVED by the 1998-2002 fact-check pass: The full 1-30 entry order, ring times, and eliminator credit were recovered from Wikipedia's Royal Rumble (1998) structured table, independently matched exactly by thesmackdownhotel.com/PWDB's own entrant table -- transforming this event from 6 of 30 known entry numbers to all 30.",S043,resolved,2026-09-16
F113,RR1998M,entrants,hunter-hearst-helmsley,entry_number,needs_human_judgement,"Triple H (Hunter Hearst Helmsley) was injured (knee) and did not take his own entry -- his announced #19 slot went to Honky Tonk Man as a replacement. He nonetheless appears in the official Match Results participant list because he later showed up on crutches and eliminated Owen Hart with one, earning elimination credit without ever taking a numbered curtain entrance. entry_number left blank/N/A rather than assigning #19 (which belongs to his replacement) or inventing a number -- a unique entry mechanism not seen in any prior year of this database. Cleanup proposal: see F500. External-interferer row moved out of entrants; original claimed replacement account preserved here as disputed.",S043,open,2026-09-16
F114,RR1998M,eliminations,chainz;eight-ball,eliminator_wrestler_id,unverified,"S043 credits Steve Austin with eliminating 'one of the members of DOA' during his late rampage, without naming which one (Chainz or Eight-Ball). No elimination row was created for either wrestler rather than guessing which one Austin actually eliminated -- per this project's rule against inventing specifics not in the source. Both remain in entrants.csv with elim_number/eliminated_by_ids UNKNOWN. -- RESOLVED by the 1998-2002 fact-check pass: S050 and S024 both independently confirm Steve Austin eliminated BOTH DOA members over the course of the match -- 8-Ball (entry #7) at 30:43, and Chainz (entry #29) later at 4:56 -- not just one of them as the internal S043 narrative implied.",S043,resolved,2026-09-16
F115,RR1998M,entrants,brian-lee,*,unverified,"The official Match Results participant list names only 29 of the expected 30 Rumble entrants (Steve Austin plus 28 others). A 30th, Brian Lee (a DOA member, real name of the wrestler generally known as 'Skull'), is named only in the narrative prose ('Brian Lee of DOA') and is absent from the official list -- added here as the 30th field member on narrative-only sourcing, the same treatment given to similar single-source participants in prior years' builds.",S043,open,2026-09-16
F116,RR1998M,wrestlers,*,real_name;dob;birthplace,unverified,"Bio data added for 14 previously-unseen wrestlers this pass (Cactus Jack, Steve Blackman, Bradshaw, Tom Brandi, D-Lo Brown, Chainz, Eight-Ball, Mark Henry, Kurrgan, Dude Love, Mosh, Ken Shamrock, Thrasher, Brian Lee) with zero bio data in this pass's source -- names only. Left entirely UNKNOWN, same pattern as every prior sparse year's equivalent flag.",S043,open,2026-09-16
F117,RR1998M,events;entrances/moves,*,n/a,out_of_scope_no_tool,No video tool connected this session. Same as every prior year's equivalent flag.,,open,2026-09-16
F118,RR1999M,wrestlers,x-pac,wrestler_id,needs_human_judgement,"X-Pac is widely known in general wrestling history to be the same performer (Sean Waltman) who wrestled as '1-2-3 Kid' in this database's 1996 build (wrestler_id 1-2-3-kid). Neither source consulted this pass states that connection directly -- contrast with the Chainsaw Charlie/Terry Funk (1998) and Ringmaster/Steve Austin (1996) precedents, where the source itself made the identity explicit. Left as a separate, new wrestler_id pending a future fact-check pass with 2 independent sources -- same caution class as Kama/Bob Holly (1996's F076/F078) and Doink (1994/1995's F071/F099). -- RESOLVED by the 1998-2002 fact-check pass: 2 independent sources (Wikipedia's 'Sean Waltman' infobox, listing both '1-2-3 Kid' and 'X-Pac' as ring names of the same performer; thesmackdownhotel.com/PWDB's career-timeline profile, explicitly sequencing '1-2-3 Kid' May 1993-Sep 1996 then 'X-Pac' from Apr 1998) confirm the identity. Merged into wrestler_id '1-2-3-kid' per the project's 2-source rule.",S044;S045,resolved,2026-09-16
F119,RR1999M,eliminations,*,eliminator_wrestler_id,unverified,"Despite 1999 being this database's richest year yet for entry/survival timing data (all 30 entrants known to the second), eliminator CREDIT is unusually sparse -- only 4 of 29 eliminations have a named eliminator across both sources (Steve Austin eliminated Owen Hart, Triple H, and Jeff Jarrett by name; Chyna eliminated Mark Henry; Vince McMahon eliminated Steve Austin for the win). S045 states Austin eliminated 'eight guys in total,' and Big Boss Man being 'the last to go' right before the Austin/McMahon final confrontation strongly implies he was a 4th Austin elimination -- kept PROBABLE rather than CONFIRMED since it isn't a direct statement. The remaining ~4 of Austin's 8, and all other eliminator credits, are left UNKNOWN rather than guessed. -- RESOLVED by the 1998-2002 fact-check pass: 22 of the 25 previously-uncredited eliminations recovered from 2-3 independently-agreeing sources (Wikipedia, thesmackdownhotel.com/PWDB, prowrestling.fandom.com). Jeff Jarrett's eliminator additionally corrected from Steve Austin to Triple H (see dedicated note). Only Kane's self-elimination and the already-known 7 remain without a conventional single named opposing eliminator.",S044;S045,resolved,2026-09-16
F120,RR1999M,entrants,droz;tiger-ali-singh;mabel;ken-shamrock,ring_time;entry_number,unverified,"S044 itself explicitly documents 4 camera-cut timing uncertainties this year -- Droz's entrance (24s cut), Tiger Ali Singh's entrance (33s cut), Mabel's elimination (22s 'lights out' interval), and Ken Shamrock's entrance (13s cut) -- and states its own methodology of taking the midpoint of each interval. That midpoint value is used here with ring_time_status=PROBABLE (margin of error preserved in each entrant's notes field) rather than CONFIRMED, mirroring 1997's F083 treatment of the same kind of issue. -- RESOLVED by the 1998-2002 fact-check pass: No new camera-cut timing data was found externally this pass -- the 4 documented uncertainties (Droz, Tiger Ali Singh, Mabel, Ken Shamrock) remain as originally derived from S044's own stated methodology; nothing to correct.",S044,resolved,2026-09-16
F121,RR1999M,eliminations,mabel,eliminator_wrestler_id,needs_human_judgement,"Mabel's elimination is a genuinely unusual case -- he was abducted from outside the ring by The Undertaker during a 'lights out' angle (his Ministry-adjacent storyline group), rather than being physically thrown from the ring by an opponent inside it. S044 explicitly still counts this as an official Rumble elimination. The Undertaker (existing wrestler_id the-undertaker) is credited as eliminator despite not being a Rumble entrant this year -- no entrant row was added for him, similar to how 1998's Triple H received elimination credit (Owen Hart, via a crutch) without taking a numbered entry -- see 1998's F113. -- RESOLVED by the 1998-2002 fact-check pass: External sources (Wikipedia, TJR Wrestling, WrestleCrap) corroborate the 'abduction, not a conventional elimination' framing and add the physical-eliminator detail -- see the dedicated Mabel elimination re-model above.",S044;S045,resolved,2026-09-16
F122,RR1999M,wrestlers,*,real_name;dob;birthplace,unverified,"Bio data added for 16 previously-unseen wrestlers this pass (Golga, Droz, Edge, Gillberg, Dan Severn, Tiger Ali Singh, Blue Meanie, Gangrel, Al Snow, The Godfather, Kane, X-Pac, Test, Big Boss Man, Val Venis, Chyna) -- Golga's real name (John Tenta) is given directly by S044 (CONFIRMED); everyone else is names-only, left entirely UNKNOWN. -- RESOLVED by the 1998-2002 fact-check pass: Bio data added for the remaining previously-unseen wrestlers this pass; see the bio flag above for the full list and sourcing.",S044,resolved,2026-09-16
F123,RR1999M,events;entrances/moves,*,n/a,out_of_scope_no_tool,No video tool connected this session. Same as every prior year's equivalent flag.,,open,2026-09-16
F124,RR2000M,entrants;eliminations,*,entry_number;ring_time;elim_number,unverified,"Like 1994/1996/1998 (F059/F072/F112), 2000 has NO Cageside-style timing analysis in Shane's Word doc -- only the Dan Wahlers narrative. Entry order is UNKNOWN for 23 of 30 participants (only D'Lo Brown #1, Brian Christopher #2, Rikishi #5, Bob Backlund #14, The Rock #24, Big Show #26, and Kane #27 are named), and NO ring/survival times are stated for anyone this year. elim_number is left UNKNOWN throughout -- only relative elimination CREDIT (who eliminated whom) is known for the narrated final stretch. -- RESOLVED by the 1998-2002 fact-check pass: The full 1-30 entry order, ring times, and eliminator credit were recovered and cross-checked against 5 independent sources (Wikipedia, sacnilk.com, thesmackdownhotel.com/PWDB, wrestlingrecaps.com, TJRwrestling.net), all 9 of the database's previously-known eliminations matching exactly -- giving high confidence in the rest of the recovered table.",S046,resolved,2026-09-16
F125,RR2000M,entrants;eliminations,rikishi,wrestlers_eliminated_count;eliminated_by_ids,unverified,"Rikishi is credited with eliminating 'seven guys altogether' -- a CONFIRMED count (wrestlers_eliminated_count=7 on his entrant row) but S046 names none of the 7 individually, so no corresponding eliminations.csv rows were created for them. Rikishi was himself eliminated by an unnamed group of 'about eight guys' who 'ganged up' on him 'halfway through' the match -- his own eliminated_by_ids is left UNKNOWN rather than guessing which 8 of the field were involved. -- RESOLVED by the 1998-2002 fact-check pass: Rikishi's 7 eliminated victims (D-Lo Brown, Grandmaster Sexay/Brian Christopher, Mosh, Christian, Scotty 2 Hotty/Scott Taylor, Steve Blackman, Viscera/Mabel) and his own 6 named eliminators (Big Boss Man, Bob Backlund, Edge, Gangrel, Test, British Bulldog -- a named group of exactly 6, not an 'unnamed ~8' as previously modeled) were both recovered from 3 independent sources agreeing on the same 6 names.",S046,resolved,2026-09-16
F126,RR2000M,eliminations,the-rock;big-show,elimination_type,needs_human_judgement,"A missed-call controversy structurally identical to 1997's Bret Hart/Steve Austin case (see 1997's F081). Big Show dumped Rock over the top rope and was ruled the survivor, but 'replays would later clearly show that Rock's feet hit the floor' before he got back in and eliminated Big Show for the actual win. Per the same modeling choice used for 1997, NO eliminations.csv row exists for 'Big Show eliminates Rock' since it was never officiated on-air -- this database represents the officiated match record (Rock never eliminated, Rock eliminates Big Show for the win) while documenting the missed call here and in events.csv's special_rules. -- RESOLVED by the 1998-2002 fact-check pass: External sources confirm the existing missed-call modeling is accurate -- no change needed. One additional, single-sourced (Wikipedia only, not independently corroborated) detail was found -- a claimed 2016 Rock/Big Show backstage segment where Rock admitted Big Show should have won -- but this is NOT added to the database as it could not be verified by a second source.",S046,resolved,2026-09-16
F127,RR2000M,wrestlers,viscera,wrestler_id,needs_human_judgement,"Viscera is widely known in general wrestling history to be a later ring name used by the same performer (Nelson Frazier Jr.) who wrestled as 'Mabel' in this database's 1994/1995/1996 builds (wrestler_id mabel). S046 does not state that connection directly. Left as a separate, new wrestler_id pending a future fact-check pass with 2 independent sources -- same caution class as X-Pac/1-2-3 Kid (1999's F118) and Kama/Bob Holly (1996's F076/F078). -- RESOLVED by the 1998-2002 fact-check pass: 2 independent sources (Wikipedia's 'Viscera (wrestler)' article, listing 'Mabel, Viscera, and Big Daddy V' as ring names of the same performer; thesmackdownhotel.com/PWDB's career-timeline profile, sequencing 'Mabel' Jun 1993-Jan 1999 directly into the Viscera era) confirm the identity. Merged into wrestler_id 'mabel' per the project's 2-source rule.",S046,resolved,2026-09-16
F128,RR2000M,wrestlers,*,real_name;dob;birthplace,unverified,"Bio data added for 10 previously-unseen wrestlers this pass (Brian Christopher, Christian, Rikishi, Scott Taylor, Viscera, Chris Jericho, Crash Holly, Prince Albert, Hardcore Holly, Big Show) with zero bio data in this pass's source -- names only. Left entirely UNKNOWN, same pattern as every prior sparse year's equivalent flag.",S046,open,2026-09-16
F129,RR2000M,events;entrances/moves,*,n/a,out_of_scope_no_tool,No video tool connected this session. Same as every prior year's equivalent flag.,,open,2026-09-16
F130,RR2001M,entrants,steve-austin;rikishi,entry_number,needs_human_judgement,"Steve Austin's unique delayed entry. He drew #27, but was attacked in the aisle by Triple H (payback for costing HHH his title match earlier that night) before he could physically enter the ring. Per S047's own timing data, Austin's official ring-entry moment lands exactly 1 second AFTER Rikishi's (the officially-numbered #30 entrant) -- confirming S047's explicit claim that Austin, despite drawing #27, was actually the LAST man to physically enter the ring, after throwing an already-attacked Rikishi into the ring ahead of him. entry_number is kept at 27 (his drawn/announced number, this database's standard convention) rather than reassigned to reflect actual physical order; events.csv's final_entrant_id is kept as rikishi for the same reason. S048's narrative gives Austin's drawn number as '#26' instead of S047's explicit '#27' -- a minor discrepancy resolved in favor of S047's more rigorous, purpose-built timing analysis. -- RESOLVED by the 1998-2002 fact-check pass: 4 independent external sources (Wikipedia, Online World of Wrestling, Cageside Seats, allrumblestats.com) unanimously confirm Austin's drawn number as #27 -- none support #26. The internal S048 narrative's '#26' is a confirmed transcription error, not a genuine alternate account. The delayed/out-of-order physical entry (Austin's actual ring entry coinciding with Rikishi's #30 entrance, after being attacked in the aisle by Triple H) is independently corroborated by all 4 sources, including the specific detail that Austin's path into the match was via attacking Rikishi in the aisle.",S047;S048,resolved,2026-09-16
F131,RR2001M,eliminations,kane;big-show;the-undertaker,eliminator_wrestler_id,unverified,"Kane is credited with a (then) record-setting 11 total eliminations this match, but only 5 are individually named in either source (Honky Tonk Man, Al Snow, Steve Blackman, Perry Saturn, and The Rock) -- his entrant row's wrestlers_eliminated_count is kept at the CONFIRMED aggregate of 11 even though only 5 elimination rows exist. Big Show is separately credited with tossing out 'a couple people' (unnamed) before being eliminated himself, and S048 also states Undertaker and Kane 'combined to throw a bunch of guys out' (also unnamed) after Undertaker's #25 entrance. None of these unnamed eliminations were assigned to specific wrestler_ids rather than guessing. -- RESOLVED by the 1998-2002 fact-check pass: Kane's remaining 6 (of 11) eliminations recovered from 3 independent sources agreeing exactly: Raven, Brian Christopher (Grand Master Sexay), Tazz, Prince Albert, Crash Holly, and Scotty 2 Hotty/Scott Taylor (jointly with The Undertaker) -- bringing the individually-named total to 11, matching the CONFIRMED aggregate exactly and leaving no room for an alternate list (cross-checked against every other wrestler's individual elimination count in the match).",S047;S048,resolved,2026-09-16
F132,RR2001M,wrestlers,scotty-2-hotty,wrestler_id,needs_human_judgement,"'Scotty 2 Hotty' (entrant #26) is widely known in general wrestling history to be the same performer (Scott Anthony Garland) who wrestled as 'Scott Taylor' in this database's 2000 build (wrestler_id scott-taylor). Neither source consulted this pass states that connection directly. Left as a separate, new wrestler_id pending a future fact-check pass with 2 independent sources -- same caution class as X-Pac/1-2-3 Kid (1999's F118) and Viscera/Mabel (2000's F127). By contrast, 'Grand Master Sexay' (entrant #11) reuses the existing brian-christopher id directly -- same ring name/gimmick both years, not a merge question. -- RESOLVED by the 1998-2002 fact-check pass: 2 independent sources (Wikipedia's 'Scotty 2 Hotty' infobox and article text, and thesmackdownhotel.com/PWDB's career-timeline profile) both explicitly treat 'Scott Taylor' and 'Scotty 2 Hotty' as sequential ring names of one performer, Scott Ronald Garland. Merged into wrestler_id 'scott-taylor' per the project's 2-source rule. His DOB remains a genuine, unresolved 1973-vs-1970 conflict between the same 2 sources -- see the dedicated flag filed against this wrestler_id in the 2000 section.",S047;S048,resolved,2026-09-16
F133,RR2001M,wrestlers,*,real_name;dob;birthplace,unverified,"Bio data added for 10 previously-unseen wrestlers this pass (Jeff Hardy, Bull Buchanan, Matt Hardy, Drew Carey, Raven, Perry Saturn, William Regal, Tazz, K-Kwik, Scotty 2 Hotty) with zero bio data in this pass's source -- names only. Left entirely UNKNOWN, same pattern as every prior year's equivalent flag.",S047;S048,open,2026-09-16
F134,RR2001M,events;entrances/moves,*,n/a,out_of_scope_no_tool,No video tool connected this session. Same as every prior year's equivalent flag.,,open,2026-09-16
F135,RR2002M,entrants,*,entry_number;ring_time;elim_number,unverified,"Like every other sparse year, 2002 has NO Cageside-style timing analysis in Shane's Word doc -- only the Dan Wahlers narrative. Entry order is UNKNOWN for 18 of 30 participants (only Rikishi #1, Goldust #2, The Undertaker #8, Maven #11, Steve Austin #19, Triple H #24, Mr. Perfect #25, Kurt Angle #26, Big Show #27, Kane #28, Rob Van Dam #29, and Booker T #30 are named), and no ring/survival times or elim_number values are stated for anyone. UNUSUALLY for a sparse year, though, eliminator credit is rich -- 14 of 29 eliminations have a named eliminator, more than most of this database's Cageside-timed years, thanks to S049's unusually detailed blow-by-blow narrative. -- RESOLVED by the 1998-2002 fact-check pass: The full 1-30 entry order and ring times were recovered from Wikipedia, cross-checked against WWE.com's official ordered entrant list (which independently reproduced the identical 1-30 sequence). Triple H's entry number was additionally corrected from 24 to 22 -- see the dedicated flag.",S049,resolved,2026-09-16
F136,RR2002M,entrants,matt-hardy;jeff-hardy;steve-austin,*,needs_human_judgement,"S049 describes two instances of wrestlers re-entering the ring after their official elimination as pure interference, not a genuine second Rumble entry: Matt and Jeff Hardy 'jumped back in' and were 'thrown out again' by Undertaker moments before Maven's famous elimination of Undertaker, and Steve Austin 'came back in' to attack with a chair after being eliminated by Kurt Angle in the Final Four. Neither is modeled as a second entrant row or elimination -- each man's official (first and only legitimate) entry and elimination is what's recorded, consistent with this database's practice of representing the officiated record (see 1997's F081 and 2000's F126 for the same principle applied to disputed finishes). -- RESOLVED by the 1998-2002 fact-check pass: No external source contradicts this modeling; not independently re-verified further this pass (out of scope for the specific questions asked).",S049,resolved,2026-09-16
F137,RR2002M,eliminations,the-hurricane,eliminator_wrestler_id,needs_human_judgement,"The Hurricane's elimination is credited ambiguously to both Steve Austin and Triple H together ('After getting rid of him, Austin and HHH went at each other') -- S049 does not attribute it to one or the other specifically. Modeled as a shared elimination (is_shared=TRUE, both credited) per DEFINITIONS.md's group-elimination convention. -- RESOLVED by the 1998-2002 fact-check pass: Every source checked this pass (Wikipedia, allrumblestats.com, TJR Wrestling, wrestlingrecaps.com, historyofwrestlingblog.wordpress.com) confirms the joint Austin/Triple H framing -- no source anywhere attributes this elimination to a single man. The existing modeling is correct and well-corroborated; no change needed.",S049,resolved,2026-09-16
F138,RR2002M,eliminations,rob-van-dam,eliminator_wrestler_id,needs_human_judgement,"Triple H hit Rob Van Dam with a Pedigree ('to stop any chance he had at upstaging him'), but S049 credits the actual elimination to Booker T immediately afterward ('Booker T was #30, and quickly disposed of the lifeless RVD'). Booker T is credited as the sole eliminator; HHH's Pedigree is noted as a contributing factor in the elimination_method text rather than given shared credit, since the two blows are described sequentially rather than jointly. -- RESOLVED by the 1998-2002 fact-check pass: Every source that discusses the sequence in any detail (Wikipedia, historyofwrestlingblog.wordpress.com, TJR Wrestling) explicitly confirms Triple H's Pedigree incapacitated RVD first, with Booker T performing the actual elimination moments later. The existing modeling is accurate and well-corroborated; no change needed.",S049,resolved,2026-09-16
F139,RR2002M,wrestlers,*,real_name;dob;birthplace,unverified,"Bio data added for 8 previously-unseen wrestlers this pass (Booker T, Chuck Palumbo, Diamond Dallas Page, Kurt Angle, Lance Storm, Maven, Rob Van Dam, The Hurricane) with zero bio data in this pass's source -- names only. Left entirely UNKNOWN, same pattern as every prior year's equivalent flag. -- RESOLVED by the 1998-2002 fact-check pass: Bio data added for all 8 previously-unseen wrestlers this pass (Booker T, Chuck Palumbo, Diamond Dallas Page, Kurt Angle, Lance Storm, Maven, Rob Van Dam, The Hurricane), single-sourced to Wikipedia (PROBABLE).",S049,resolved,2026-09-16
F140,RR2002M,events;entrances/moves,*,n/a,out_of_scope_no_tool,No video tool connected this session. Same as every prior year's equivalent flag.,,open,2026-09-16
F141,RR1998M,wrestlers,brian-lee;chainz;skull;vader,wrestler_id;entry_number,unverified,"F115's puzzle resolved: 'Brian Lee' was a build-time duplication error -- Brian Lee Harris is Chainz's real name (2 independent sources: Wikipedia + thesmackdownhotel.com/PWDB), not a separate entrant. The true #30 entrant was Vader (previously missing from this event entirely), confirmed by the same 2 sources plus S053. Skull (Don Harris, 8-Ball's twin) was added as the true advertised-but-no-show at #22, per S050 (corroborated by S053): attacked by Los Boricuas before the match, mistaking him for Steve Austin.",S050;S024;S053,resolved,2026-09-16
F142,RR1998M,wrestlers,eight-ball;skull,dob,conflicting_sources,The Harris twins' (Eight-Ball/Ron and Skull/Don) birth year is a genuine 1-source-vs-1-source conflict: Wikipedia's 'Harris Brothers' article gives 1961-10-23 for both; thesmackdownhotel.com/PWDB gives 1960-10-23 for both. Month/day agree exactly. Left UNKNOWN in the structured dob field rather than silently picking one.,S022;S024,open,2026-09-16
F143,RR1998M,eliminations,dude-love,eliminator_wrestler_id,unverified,"The build phase (from S043's narrative) credited Dude Love's elimination to Steve Austin. External research found 2 independent sources (Wikipedia + thesmackdownhotel.com/PWDB) both instead credit Faarooq, at 7:53. Corrected in favor of the 2-source external agreement.",S050;S024,resolved,2026-09-16
F144,RR1998M,eliminations,owen-hart,assisting_wrestler_ids,unverified,"S050 credits Owen Hart's elimination jointly to Triple H AND Chyna -- Chyna added as a second assisting eliminator alongside the already-recorded Triple H. Neither Triple H nor Chyna was an official entrant in this match; both are credited via ringside interference, consistent with F113's existing framing (Triple H, injured, did not take his own entry but showed up on crutches to eliminate Owen Hart).",S050,open,2026-09-16
F145,RR1998M,eliminations,kurrgan,eliminator_wrestler_id,unverified,"Kurrgan's elimination (entry #12, 3:38) is credited to an unusually large 6-way group per S050: 8-Ball, Bradshaw, Ken Shamrock, Chainsaw Charlie (Terry Funk), Phineas I. Godwinn, and The Rock. Modeled as a single shared/group elimination per DEFINITIONS.md's convention. S481 lists only four of Wikipedia's six contributors; the fuller six-person credit is retained with CONFLICTING status.",S050;S481,open,2026-09-16
F146,RR1998M,events,RR1998M,notes,unverified,"S054 (Wrestling DVD Network retrospective) claims referee Jack Doan was inadvertently kicked by Phineas I. Godwinn during an elimination and suffered a concussion -- this was surfaced only via an AI-summarized fetch and could not be independently re-verified against the literal Wikipedia article text in this pass. Treated as PLAUSIBLE, not added as confirmed fact.",S054,open,2026-09-16
F147,RR1998M,entrants,rocky-maivia,ring_time,unverified,"The Rock's elimination time (his run from entry #4 to being eliminated by Austin) is given as 51:32 by Wikipedia's own entrant table but 51:27 by S054 (Wrestling DVD Network) -- a minor 5-second discrepancy between two sources describing the same 'Iron Man of the match' figure. Wikipedia's 51:32 is used (matches the entrant table used for the rest of this event's timing), difference noted rather than silently resolved.",S050;S054,open,2026-09-16
F148,RR1998M,wrestlers,*,real_name;dob;birthplace,unverified,"Bio data added for 12 previously-unseen wrestlers this pass (Steve Blackman, Bradshaw, Tom Brandi, D-Lo Brown, Mark Henry, Kurrgan, Mosh, Ken Shamrock, Thrasher, Phineas Godwinn/Mideon, Ahmed Johnson, plus DOB/birthplace for the already-named Faarooq), single-sourced to Wikipedia in this pass (PROBABLE, not CONFIRMED -- a second-source cross-check via thesmackdownhotel.com was not completed for these due to time/scope).",S022,resolved,2026-09-16
F149,RR1999M,eliminations,mabel,eliminator_wrestler_id,needs_human_judgement,"Mabel's elimination (the 'lights out' Ministry abduction spot) was originally credited solely to The Undertaker per the internal S044 buzzer document. 3 independent external sources (Wikipedia, TJR Wrestling, WrestleCrap) instead name Mideon (Dennis Knight, this database's 'phineas-godwinn' wrestler_id), Bradshaw, and Faarooq as the physical/credited eliminators, with Undertaker as the off-screen storyline architect who does not himself perform the in-ring elimination. Re-modeled as a 3-way group elimination.",S050;S037;S055,resolved,2026-09-16
F150,RR1999M,wrestlers,gangrel,birthplace,unverified,"Gangrel's exact birth city/state could not be confirmed this pass -- Wikipedia gives his DOB but not a birthplace, and S057 (Miami New Times) only establishes he was RAISED in Deerfield Beach, Florida ('a rundown neighborhood... attended Deerfield Beach High'), which is a hometown/upbringing detail, not a stated birthplace. Left UNKNOWN rather than treating 'raised in' as 'born in.'",S022;S057,open,2026-09-16
F151,RR1999M,wrestlers,*,real_name;dob;birthplace,unverified,"Bio data added for 13 previously-unseen wrestlers this pass (Droz, Edge, Gillberg, Dan Severn, Tiger Ali Singh, Blue Meanie, Gangrel, Al Snow, The Godfather, Kane, Test, Val Venis, Chyna), single/double-sourced to Wikipedia (PROBABLE). Golga's real name (John Tenta) and Big Boss Man's real name were already CONFIRMED from earlier years -- only birthplace/DOB refinements were added for them.",S022,resolved,2026-09-16
F152,RR2000M,entrants,kane;bradshaw,entry_number,conflicting_sources,"The build phase had Kane at #27 with Bradshaw's entry number unknown. 4 independent external sources (Wikipedia, thesmackdownhotel.com/PWDB, TJRwrestling.net, wrestlingrecaps.com) unanimously agree the correct assignment is Kane #28, Bradshaw #27. Corrected in favor of the 4-source external agreement.",S050;S024;S037;S059,resolved,2026-09-16
F153,RR2000M,wrestlers,crash-holly,birthplace,conflicting_sources,"Crash Holly's birthplace remains a genuine conflict: Wikipedia (checked twice, consistently) says San Francisco, California; 2 independent non-Wikipedia sources (thesmackdownhotel.com/PWDB and slamwrestling.net) both instead say Anaheim, California. Per the project's tie-breaking rule (more independently-agreeing sources wins), Anaheim, California is used here (PROBABLE, not CONFIRMED, since Wikipedia disagrees) -- the San Francisco figure is preserved in this flag rather than silently discarded.",S022;S024;S060,open,2026-09-16
F154,RR2000M,wrestlers,scott-taylor,dob,conflicting_sources,"Scott Taylor's (Scotty 2 Hotty's 2000-era ring name) date of birth is a genuine conflict: Wikipedia gives July 2, 1973 (citing weak sources -- a MySpace page and an 'Intelius search' -- by its own citations); thesmackdownhotel.com/PWDB gives July 2, 1970. Both agree on month/day and birthplace (Westbrook, Maine). No third source broke the tie -- left UNKNOWN in the structured dob field rather than guessing.",S022;S024,open,2026-09-16
F155,RR2000M,wrestlers,rikishi,dob,unverified,"Rikishi's day-of-month is a minor 1-source-vs-1-source conflict: Wikipedia says October 11, 1965; thesmackdownhotel.com/PWDB says October 1, 1965 (both agree on month/year and birthplace, San Francisco). Wikipedia's figure is used per this pass's default, difference noted rather than silently discarded.",S022;S024,open,2026-09-16
F156,RR2000M,wrestlers,*,real_name;dob;birthplace,unverified,"Bio data added for 8 previously-unseen wrestlers this pass (Brian Christopher, Christian, Rikishi, Chris Jericho, Prince Albert, Big Show, plus refinements for Hardcore Holly/Crash Holly/Scott Taylor), single/double-sourced to Wikipedia (PROBABLE).",S022,resolved,2026-09-16
F157,RR2001M,wrestlers,drew-carey,real_name,unverified,"Drew Carey's real middle name is 'Allison' per Wikipedia's infobox ('Born Drew Allison Carey'), not 'Allen' as might be assumed.",S022,open,2026-09-16
F158,RR2001M,wrestlers,*,real_name;dob;birthplace,unverified,"Bio data added for 9 previously-unseen wrestlers this pass (Jeff Hardy, Bull Buchanan, Matt Hardy, Drew Carey, Raven, Perry Saturn, William Regal, Tazz, K-Kwik), single-sourced to Wikipedia (PROBABLE).",S022,resolved,2026-09-16
F159,RR2002M,events,RR2002M,attendance_reported,conflicting_sources,"The internal S049 (Dan Wahlers chapter) gives attendance as 12,915. Two independent external sources (Wikipedia and thesmackdownhotel.com/PWDB) both instead give 16,106. Per the project's tie-breaking rule (2+ independently-agreeing external sources over a single internal source, as used for the 1995 Bob Backlund/Steven Dunn entry-number swap), 16,106 is used here; the internal 12,915 figure is preserved in this flag rather than silently discarded.",S050;S024,open,2026-09-16
F160,RR2002M,entrants,hunter-hearst-helmsley;faarooq,entry_number,conflicting_sources,"The build phase (from S049's narrative) had Triple H at entry #24 with Faarooq's entry number entirely unknown. 5 independent external sources (Wikipedia, WWE.com's official history page, allrumblestats.com, TJRwrestling.net, thesmackdownhotel.com/PWDB) unanimously agree Triple H was actually #22 and Faarooq was #24 (eliminated by Triple H at 0:36). One outlier source (a Cageside Seats stats article giving Triple H as the '20th competitor') was checked and discounted as a probable data-extraction error, since the same fetch correctly reproduced the well-known 69:22 total match time. Corrected in favor of the 5-source agreement.",S050;S051;S040;S037;S024,resolved,2026-09-16
F161,RR2002M,entrants,big-boss-man;bradshaw;lance-storm;scott-taylor;diamond-dallas-page,entry_number,unverified,"Entry numbers (and ring times) newly established for 5 previously-unknown entrants this pass: Big Boss Man (#3), Bradshaw (#4), Lance Storm (#5), Scotty 2 Hotty/Scott Taylor (#12), Diamond Dallas Page (#14) -- from Wikipedia's structured table, cross-checked against WWE.com's official ordered list and allrumblestats.com.",S050;S051;S040,resolved,2026-09-16
F162,RR2002M,eliminations,steve-austin,assisting_wrestler_ids,unverified,"Steve Austin's elimination (the Final Four stretch, 26:46) was originally credited solely to Kurt Angle. Wikipedia's structured entrant table instead credits this jointly to Kurt Angle and Mr. Perfect. Mr. Perfect added as a joint/assisting eliminator.",S050,resolved,2026-09-16
F163,RR2002M,entrants,maven,eliminated_by_ids,unverified,No reliable source could be found for who eliminated Maven after his famous elimination of The Undertaker. One web-fetch extraction pass returned 'eliminated by The Undertaker' for Maven's row -- this is logically impossible (Undertaker had already been eliminated by Maven and cannot re-enter) and is almost certainly a table-misalignment artifact (the same pass also mis-shifted several neighboring rows' entry numbers). Multiple recap sources describe Undertaker brutally beating down Maven after the elimination but none specify who formally eliminates him from the match or when. Left UNKNOWN rather than guessed.,S050,open,2026-09-16
F164,RR2002M,wrestlers,mr-perfect,notes,unverified,"The database's internal narrative previously implied this 2002 Royal Rumble appearance was essentially the last notable thing before Curt Hennig's ('Mr. Perfect's') death. This was WRONG -- corrected with a full timeline (new WWE contract, Raw brand draft, Plane Ride From Hell incident, release, TNA run through Jan 2003, death Feb 10 2003). See the wrestler's notes field for full detail.",S022;S064,resolved,2026-09-16
F165,RR2002M,wrestlers,the-undertaker,wrestlers_eliminated_count,unverified,"S063 (Bleacher Report) claims Austin and The Undertaker 'both tossed seven men over the top rope' (tied for most eliminations). Austin's reproduced total from this database's recovered elimination data is exactly 7, but The Undertaker's is only 6 (Rikishi, Goldust, Al Snow, Billy Gunn, Matt Hardy, Jeff Hardy) -- no source consulted this pass names a 7th Undertaker elimination. Left at 6 (the sourced, named figure) rather than adjusting to match the single-sourced '7' trivia claim.",S063,open,2026-09-16
F166,RR2003M,entrants,rosey,n/a,conflicting_sources,"Rosey is present throughout S065's Cageside timing data (entry #16, survival time 10:16) but is missing from S066's Dan Wahlers 'Match Results' named participant list -- a document-internal inconsistency, kept (not silently dropped) since the timing data's presence is unambiguous. -- RESOLVED by the 2003-2007 fact-check pass: 2 independent external sources (Wikipedia's narrative AND results table; allrumblestats.com) both confirm Rosey genuinely competed in this match -- his omission from S066's 'Match Results' narrative paragraph is a document-internal quirk, not a real absence.",S065;S066,resolved,2026-09-16
F167,RR2003M,events,RR2003M,duration_total,conflicting_sources,"S065's precise per-second Cageside derivation gives a match duration of 53:47 (with multiple internal checksums validating it); S066's informal 'Match Results' summary line instead states '(56:00)'. The more rigorous Cageside figure (53:47) is used as duration_total, consistent with how this database has handled the same recurring pattern in other rich years. -- RESOLVED by the 2003-2007 fact-check pass: The 53:47 Cageside-derived duration is independently corroborated by 2 external sources (Wikipedia, tracing to a WWE.com official results page, and allrumblestats.com). Zero external sources were found supporting the alternate '56:00' figure from S066's informal summary line -- that figure remains an unexplained document-internal discrepancy, noted but not adopted.",S065;S066,resolved,2026-09-16
F168,RR2003M,eliminations,chris-jericho,eliminator_wrestler_id,unverified,"Chris Jericho is credited with a narrative-stated 6 total eliminations this match, but only 3 are individually named (Shawn Michaels, Edge, Christian) -- his entrant row's wrestlers_eliminated_count is kept at the stated aggregate of 6 even though only 3 elimination rows exist, the same pattern used for Kane's 11-total 2001 record (F131). -- RESOLVED by the 2003-2007 fact-check pass: Chris Jericho's 3 remaining eliminations (of his narrative-stated 6 total, only 3 of which were individually named at build time) are recovered via 2 independent sources (Wikipedia + allrumblestats.com, tables matching exactly): Rey Mysterio, Yoshihiro Tajiri, and a shared credit (with Christian) for Tommy Dreamer.",S065;S066,resolved,2026-09-16
F169,RR2003M,eliminations,rosey,data_quality_status,needs_human_judgement,"S066's narrative groups Rosey's elimination with Cena's, immediately after Undertaker's #30 entrance ('Rosie, and John Cena quickly bit the dust'). But Rosey's own computed elimination timestamp, derived from S065's Cageside data (33:41), is well before Undertaker's actual entry (47:00) -- 13+ minutes earlier -- while Cena's computed timestamp (47:22) does land right after Undertaker's entry as described. Undertaker is kept as Rosey's credited eliminator (the only named candidate) but the elimination row's data_quality_status is downgraded to PROBABLE given this timing mismatch, which reads as narrative compression/imprecision rather than a literal blow-by-blow account. -- RESOLVED by the 2003-2007 fact-check pass: 2 independent external sources (Wikipedia + allrumblestats.com) unambiguously credit Kane, not The Undertaker, with Rosey's elimination (a backdrop elimination) -- consistent with Rosey's own computed elimination timestamp of 33:41, well before Undertaker's actual #30 entry at ~47:00. Corrected in favor of the 2-source external agreement.",S065;S066,resolved,2026-09-16
F170,RR2003M,wrestlers,a-train,wrestler_id,needs_human_judgement,"A-Train (entrant #25) is very likely the same performer (Matt Bloom) as this database's existing 'prince-albert' wrestler_id (used as 'Albert' in the 1999-2001 builds). Neither source consulted this pass states that connection directly. Left as a separate, new wrestler_id pending a future fact-check pass with 2 independent sources -- same caution class as Scotty 2 Hotty/Scott Taylor (2001's F132) and Viscera/Mabel (2000's F127). -- RESOLVED by the 2003-2007 fact-check pass: 2 independent sources (Wikipedia's 'Matt Bloom' article; Cagematch.net's own wrestler-profile page, which structurally merges both ring names under one canonical entry) confirm A-Train and Prince Albert are the same performer, Matt Bloom. Merged into wrestler_id 'prince-albert' per the project's 2-source rule.",S065;S066,resolved,2026-09-16
F171,RR2003M,eliminations,batista,n/a,needs_human_judgement,"After being officially eliminated by The Undertaker in the Final Four, Batista 'came back in with a chair' as interference before Undertaker tossed him again. Not modeled as a second entrant row or elimination -- Batista's official (first and only legitimate) entry and elimination is what's recorded, consistent with this database's practice of representing the officiated record (see 1997's F081, 2000's F126, and 2002's F136 for the same principle).",S066,open,2026-09-16
F172,RR2003M,wrestlers,*,real_name;dob;birthplace,unverified,"Bio data added for 15 previously-unseen wrestlers this pass (Chris Nowinski, Rey Mysterio, Chavo Guerrero, Yoshihiro Tajiri, Bill DeMott, Tommy Dreamer, Eddie Guerrero, John Cena, Charlie Haas, Jamal, Shelton Benjamin, A-Train, Batista, Brock Lesnar, Chris Benoit, Rosey) with zero bio data in this pass's sources -- names only. Left entirely UNKNOWN, same pattern as every prior year's equivalent flag. -- RESOLVED by the 2003-2007 fact-check pass: Bio data (real name, DOB, and/or birthplace, PROBABLE) added for 16 previously-unseen wrestlers this pass (Chris Nowinski, Rey Mysterio, Chavo Guerrero, Yoshihiro Tajiri, Bill DeMott, Tommy Dreamer, Eddie Guerrero, John Cena, Charlie Haas, Jamal, Shelton Benjamin, A-Train/Prince Albert, Batista, Brock Lesnar, Chris Benoit, Rosey), single/double-sourced primarily to Wikipedia. Several genuine cross-source disputes (Nowinski's birthplace, Rosey's birthplace/height/weight, Matt Bloom's birth year) were left UNKNOWN/at existing values rather than resolved by guessing -- see F202-F204.",S065;S066,resolved,2026-09-16
F173,RR2003M,events;entrances/moves,*,n/a,out_of_scope_no_tool,No video tool connected this session. Same as every prior year's equivalent flag.,,open,2026-09-16
F174,RR2004M,entrants,*,entry_number;ring_time;elim_number,unverified,"Like 2002, 2004 has NO Cageside-style timing analysis in Shane's Word doc -- only the Dan Wahlers narrative. Entry order is UNKNOWN for 19 of 30 slots (only Chris Benoit #1, Randy Orton #2, Bradshaw #5, Kane #12, Shelton Benjamin #17, Kurt Angle #19, Test/Mick Foley #21, Big Show #24, Chris Jericho #25, John Cena #28, Rob Van Dam #29 [implied], and Bill Goldberg #30 are named), and no ring/survival times or elim_number values are stated for anyone. The 'Participants were:' list in the Match Results paragraph gives all 30 names but is NOT in entry order (e.g. its 6th-listed name, Bradshaw, is separately stated as entry #5) so it was not used to infer entry_number. -- RESOLVED by the 2003-2007 fact-check pass: The full 1-30 entry order and ring/survival times for every entrant were recovered and CONFIRMED via 4 independent sources (Wikipedia, allrumblestats.com, prowrestling.fandom.com, Online World of Wrestling), all agreeing with each other and matching every pre-existing confirmed number exactly (max ~11-second variance in ring times between sources, well within normal timing-tool tolerance). Spike Dudley was additionally identified as a genuine advertised-but-unable-to-compete entrant at #13.",S067,resolved,2026-09-16
F175,RR2004M,entrants,test;mick-foley,entry_number,needs_human_judgement,"Test was advertised for entry #21 but is shown 'lying beat up in the back' after a storyline attack -- he never entered the ring. Mick Foley, revealed as the attacker, entered in his place to the crowd's delight. Modeled with two entrant rows sharing entry_number 21: Test (ring_time 00:00, no elimination logged, the same no-show convention used for Randy Savage 1991, Bastion Booger 1994, and Skull 1998) and Mick Foley (the wrestler who actually competed at that slot).",S067,open,2026-09-16
F176,RR2004M,eliminations,mick-foley;randy-orton,n/a,needs_human_judgement,"Foley's 'Cactus Jack clothesline spot' is described as eliminating 'both guys' -- Foley and Randy Orton went over the top rope together in a single simultaneous spot, with the brawl continuing on the floor. Modeled as two elimination rows sharing simultaneous_group_id 'foley_orton_double_clothesline': Orton eliminated by Foley, and Foley self-eliminated (is_self_elimination=TRUE, self_eliminated=TRUE) -- the same self-elimination convention used for Drew Carey (2001) and Kane (1999's self-elimination case).",S067,open,2026-09-16
F177,RR2004M,eliminations,ernest-miller,eliminator_wrestler_id,needs_human_judgement,"Ernest 'The Cat' Miller's elimination is credited jointly to Chris Benoit and Randy Orton together ('was rudely shown the exit by Benoit and Orton') -- S067 does not attribute it to one or the other specifically. Modeled as a shared elimination (is_shared=TRUE, both credited) per DEFINITIONS.md's group-elimination convention, the same approach used for The Hurricane's 2002 elimination (F137). -- RESOLVED by the 2003-2007 fact-check pass: Ernest 'The Cat' Miller's joint elimination by Chris Benoit AND Randy Orton (already modeled as a 2-way group elimination at build time) is now externally confirmed by 2 independent narrative sources (TJR Wrestling, wrestlingrecaps.com), both explicitly describing both men actively eliminating him and his valet Lamont. Wikipedia's table shows '(Multiple)', non-contradictory; only allrumblestats.com's structured table credits Orton alone (an outlier against 2+ non-contradictory sources).",S067,resolved,2026-09-16
F178,RR2004M,eliminations,bill-goldberg;kurt-angle;brock-lesnar,eliminator_wrestler_id,needs_human_judgement,"Bill Goldberg went for a Jackhammer on Big Show, but Brock Lesnar ran in and hit Goldberg with an F5 (building toward their WrestleMania XX match) -- a stunned Goldberg was then thrown out by Kurt Angle. Kurt Angle is credited as the sole eliminator; Lesnar's F5 run-in is noted as a contributing factor in the elimination_method text rather than given shared credit, since Lesnar was never a Rumble entrant and the actual over-the-rope toss is attributed to Angle -- the same reasoning applied to 2002's Triple H/Booker T/RVD situation (F138). -- RESOLVED by the 2003-2007 fact-check pass: The Goldberg/Angle/Lesnar sequence (Lesnar's F5 on Goldberg as the contributing distraction, with Kurt Angle solely credited as the eliminator of record) is confirmed exactly as modeled by 4 independent sources (Wikipedia, allrumblestats.com explicitly stating 'Brock Lesnar attacked Goldberg causing elimination by Angle', TJR Wrestling, wrestlingrecaps.com) -- no source credits Lesnar directly.",S067,resolved,2026-09-16
F179,RR2004M,events,RR2004M,duration_total,conflicting_sources,"The narrative states Chris Benoit won 'at 61:37'; the Match Results summary line instead states '(1:01:38)' -- a 1-second, rounding-level discrepancy rather than a substantive conflict (61:37 and 1:01:38 differ by exactly 1 second). The narrative's figure (61:37) is used as duration_total. -- RESOLVED by the 2003-2007 fact-check pass: Duration figures across all 4 external sources cluster tightly within an ~8-second band of each other and of this database's own internal 1-second discrepancy (61:37 vs 1:01:38) -- normal cross-source timing variance, not a substantive conflict. No change made.",S067,resolved,2026-09-16
F180,RR2004M,wrestlers,*,real_name;dob;birthplace,unverified,"Bio data added for 11 previously-unseen wrestlers this pass (Chris Benoit, Randy Orton, Rhyno, Matt Morgan, Spike Dudley, Renee Dupree, Ernest Miller, Rico, Mick Foley, Nunzio, Bill Goldberg) with zero bio data in this pass's source -- names only. Left entirely UNKNOWN, same pattern as every prior year's equivalent flag. -- RESOLVED by the 2003-2007 fact-check pass: Bio data (real name, DOB, birthplace, PROBABLE) added for 9 of the 11 previously-unseen wrestlers this pass (Randy Orton, Rhyno, Matt Morgan, Renee Dupree, Ernest Miller, Rico, Mick Foley, Nunzio, Bill Goldberg), single-sourced to Wikipedia. Spike Dudley's birthplace is a genuine 1-vs-1 source conflict, left UNKNOWN -- see the dedicated flag above.",S067,resolved,2026-09-16
F181,RR2004M,events;entrances/moves,*,n/a,out_of_scope_no_tool,No video tool connected this session. Same as every prior year's equivalent flag.,,open,2026-09-16
F182,RR2005M,eliminations,*,eliminator_wrestler_id,unverified,"Unusually for a rich timing year, most of the match's 28 eliminations have no individually-named eliminator -- outside the derived/interference cases documented in F183-F185, only Eddie Guerrero and Ric Flair (both by Edge) have simple, individually-named credits. Left unassigned rather than guessed.",S068;S069,open,2026-09-16
F183,RR2005M,eliminations,muhammad-hassan;eddie-guerrero;chris-benoit;edge;rey-mysterio;shelton-benjamin;booker-t;chris-jericho;luther-reigns,eliminator_wrestler_id,unverified,"S068 states 'all 8 men in the ring' eliminated Muhammad Hassan together, without naming them. Cross-referencing this script's own entry_actual/elim_ts timing derivation, exactly 8 wrestlers compute as active in the ring at Hassan's elimination timestamp (20:15): Eddie Guerrero, Chris Benoit, Edge, Rey Mysterio, Shelton Benjamin, Booker T, Chris Jericho, and Luther Reigns. Modeled as a DERIVED (not directly named) 8-way shared elimination -- the names are a tightly-corroborated computation, not a guess, but are flagged since S068 itself never names them individually.",S068,open,2026-09-16
F184,RR2005M,eliminations,kurt-angle;shawn-michaels,eliminator_wrestler_id,needs_human_judgement,"Kurt Angle was eliminated by a Shawn Michaels superkick, then ran back into the match afterward -- no longer a legal competitor -- and dragged HBK from the ring into the Ankle Lock. S068's timing commentary explicitly narrates Angle as the one who 'eliminated' HBK. Angle is credited as HBK's official eliminator despite not being an active/re-entered competitor at the time -- a deliberate exception to this database's usual 'officiated record' convention (1997 F081, 2000 F126, 2002 F136, 2003 F171), made because the source itself explicitly narrates Angle, not an unnamed party, as the one who physically performed the elimination.",S068;S069,open,2026-09-16
F185,RR2005M,eliminations,john-cena;batista,is_disputed,needs_human_judgement,"Batista and Cena appeared to go over the top rope simultaneously in a botched spot; officials and a diving, quad-tearing Vince McMahon spent 2m35s (excluded from match time) sorting out the confusion before the match was restarted, at which point Batista hit a spinebuster to officially eliminate Cena for the win. This script models only the official, restarted, scored elimination (Cena's computed elim_ts lands exactly on the total match duration of 51:22). S068's own frame-by-frame review of the original botched fall suggests Cena's foot may have stayed up fractionally longer than Batista's, meaning Cena might have 'actually' won the original spot -- noted here but not treated as overriding the match's official result.",S068;S069,open,2026-09-16
F186,RR2005M,entrants,scott-taylor,ring_time,needs_human_judgement,"Scotty 2 Hotty (this database's existing 'scott-taylor' wrestler_id) was attacked during his dancing entrance by an outraged Muhammad Hassan and never made it into the ring. S068 itself gives his survival time as an explicit 0:00. Modeled with entry_number 15 (his buzzer slot), ring_time '0:00', ring_time_status CONFIRMED, and no elimination row logged -- the third no-show-style case in this database after Randy Savage (1991), Bastion Booger (1994), Skull (1998), and Test (2004, F175). -- RESOLVED by the 2003-2007 fact-check pass: Scotty 2 Hotty's (this database's 'scott-taylor' wrestler_id) no-show -- attacked during his dancing entrance by Muhammad Hassan, never making it into the ring, survival time 0:00 -- is confirmed by 3 independent sources (Wikipedia, Cageside Seats near-verbatim to the internal document's own phrasing, allrumblestats.com listing him 'Unable to Compete').",S068,resolved,2026-09-16
F187,RR2005M,wrestlers,*,real_name;dob;birthplace,unverified,"Bio data added for 10 previously-unseen wrestlers this pass (Daniel Puder, Muhammad Hassan, Kenzo Suzuki, Jonathan Coachman, Luther Reigns, Mark Jindrak, Gene Snitsky, Orlando Jordan, Paul London, Simon Dean) with zero bio data in this pass's sources -- names only. Left entirely UNKNOWN, same pattern as every prior year's equivalent flag. -- RESOLVED by the 2003-2007 fact-check pass: Bio data (real name, DOB, birthplace, PROBABLE) added for all 10 previously-unseen wrestlers this pass (Daniel Puder, Muhammad Hassan, Kenzo Suzuki, Jonathan Coachman, Luther Reigns, Mark Jindrak, Gene Snitsky, Orlando Jordan, Paul London, Simon Dean), single-sourced to Wikipedia.",S068;S069,resolved,2026-09-16
F188,RR2005M,events;entrances/moves,*,n/a,out_of_scope_no_tool,No video tool connected this session. Same as every prior year's equivalent flag.,,open,2026-09-16
F189,RR2006M,entrants,*,entry_number;ring_time;elim_number,unverified,"Like 2002/2004, 2006 has NO Cageside-style timing analysis in Shane's Word doc -- only the Dan Wahlers narrative, and it is thinner than most other sparse years. Entry order is UNKNOWN for 26 of 30 slots (only Triple H #1, Rey Mysterio #2, and Bobby Lashley #8 are named), and no ring/survival times or elim_number values are stated for anyone. -- RESOLVED by the 2003-2007 fact-check pass: The full 1-30 entry order was recovered and CONFIRMED via 4-5 independent sources (a WWE.com official archived video, Blog of Doom, 411Mania, a LiveJournal detailed recap, TJR Wrestling), all converging identically and matching every pre-existing confirmed anchor (Triple H #1, Rey Mysterio #2, Bobby Lashley #8).",S070,resolved,2026-09-16
F190,RR2006M,entrants,*,n/a,unverified,"S070's 'Other participants' list, plus the named winner, totals only 29 names against a stated field of 30 -- one slot's occupant is UNKNOWN. entrant_count is kept at 30 (the official record) with only 29 wrestler rows created this pass; the missing 30th name is left blank rather than guessed. A mirror-image of 2003's Rosey omission (F166), this time an entire unnamed slot rather than a named-but-uncounted wrestler. -- RESOLVED by the 2003-2007 fact-check pass: The missing 30th entrant is Jonathan Coachman ('The Coach'), entry #7, eliminated immediately by Big Show -- CONFIRMED via a WWE.com official archived video plus 4 independent secondary sources (Blog of Doom, 411Mania, TJR Wrestling, a LiveJournal detailed recap), all placing him at #7.",S070,resolved,2026-09-16
F191,RR2006M,eliminations,the-big-show,n/a,needs_human_judgement,"S070 states Triple H eliminated both Ric Flair and Big Show 'early on,' yet also credits Big Show (jointly with Kane) for eliminating Bobby Lashley, who entered at #8. With no exact timestamps this year, there is no way to determine whether Big Show's elimination of Lashley preceded or followed his own elimination by Triple H -- both facts are kept as stated rather than treated as a contradiction to silently resolve. -- RESOLVED by the 2003-2007 fact-check pass: Big Show clearly outlasted Bobby Lashley (helping eliminate him, jointly with Kane, at entry #8) and was only eliminated later by Triple H -- S070's 'early on' framing for Triple H's Flair/Big Show eliminations is relative, not literal. Confirmed by 4 sources (1 outlier, TJR Wrestling, attributes Big Show's elimination to Bobby Lashley instead, likely a mis-extraction, treated as a minority claim). No change made to the existing modeling. Big Show's exact ring time was not found in any source this pass.",S070,resolved,2026-09-16
F192,RR2006M,eliminations,shane-mcmahon;shawn-michaels,eliminator_wrestler_id,needs_human_judgement,"Shane McMahon was never a Rumble entrant this year, yet S070 explicitly states he eliminated Shawn Michaels 'from behind' while Michaels was distracted by Vince McMahon (who had promised a reward for eliminating HBK). A new, non-entrant wrestler_id was created for Shane McMahon solely to carry this elimination credit -- a deliberate exception to this database's usual 'officiated record' convention (1997 F081, 2000 F126, 2002 F136, 2003 F171), the same reasoning applied to Kurt Angle's 2005 post-elimination interference against HBK (F184), but distinct in that Shane was never a legal competitor at all this year, not merely an already-eliminated one.",S070,open,2026-09-16
F193,RR2006M,wrestlers,*,real_name;dob;birthplace,unverified,"Bio data added for 12 previously-unseen wrestlers this pass (Bobby Lashley, Carlito, Joey Mercury, Road Warrior Animal, Super Crazy, Trevor Murdoch, Chris Masters, Eugene, Johnny Nitro, Psicosis, Sylvan Grenier, Shane McMahon) with zero bio data in this pass's source -- names only. Left entirely UNKNOWN, same pattern as every prior year's equivalent flag. -- RESOLVED by the 2003-2007 fact-check pass: Bio data (real name, DOB, birthplace, PROBABLE) added for all 12 previously-unseen wrestlers this pass (Bobby Lashley, Carlito, Joey Mercury, Road Warrior Animal, Super Crazy, Trevor Murdoch, Chris Masters, Eugene, Johnny Nitro, Psicosis, Sylvain Grenier, Shane McMahon), single-sourced to Wikipedia. Shane McMahon is confirmed OLDER than Stephanie McMahon (born 1970 vs. her 1976) -- one fetch this pass incorrectly suggested the reverse; corrected here if needed.",S070,resolved,2026-09-16
F194,RR2006M,events;entrances/moves,*,n/a,out_of_scope_no_tool,No video tool connected this session. Same as every prior year's equivalent flag.,,open,2026-09-16
F195,RR2007M,entrants,cm-punk,entry_number,conflicting_sources,"This script's Cageside-buzzer derivation gives CM Punk's entry number as #11; S072's narrative instead states 'CM Punk at #12.' Every other narrative-stated entry number this year matches the Cageside derivation exactly (Edge #5, Kane #10, Jeff Hardy #14, Orton #16, Benoit #17, HBK #23, Khali #28, Undertaker #30), so this single discrepancy is resolved in favor of the more rigorous, purpose-built Cageside source, the same preference applied to 2001's Austin/HHH draw-number conflict (F130). -- RESOLVED by the 2003-2007 fact-check pass: 4 independent sources (Wikipedia, thesmackdownhotel.com/PWDB, TJR Wrestling, allrumblestats.com) all explicitly state CM Punk entered at #11, directly contradicting S072's narrative '#12.' #11 (already this database's own Cageside-derived figure) is CONFIRMED; the narrative's '#12' is documented as an internal transcription/narrative error, not an unresolved conflict.",S071;S072,resolved,2026-09-16
F196,RR2007M,eliminations,cm-punk;the-great-khali,eliminator_wrestler_id,unverified,"Both S071 and S072 state The Great Khali eliminated 7 men in a 44-second span, but S072's narrative individually names only 6 (Hardcore Holly, Chris Benoit, The Miz, Rob Van Dam, Carlito, Chavo Guerrero). Cross-referencing this script's own elim_ts derivation, CM Punk's computed elimination timestamp (41:24) falls squarely inside the exact 44-second window (40:54-41:38) spanned by the 6 named victims, and Punk has no other credited eliminator this match. DERIVED (not directly named) but tightly corroborated -- the same derivation pattern used for Muhammad Hassan's 2005 8-man group elimination (F183). -- RESOLVED by the 2003-2007 fact-check pass: 2 independent sources (Wikipedia's table, prowrestling.fandom.com) BOTH independently name all 7 of The Great Khali's victims explicitly, including CM Punk -- upgrading this database's own DERIVED reconstruction to externally CONFIRMED, exceeding the project's 2-source bar.",S071;S072,resolved,2026-09-16
F197,RR2007M,events,RR2007M,duration_total,conflicting_sources,"S071's precise Cageside derivation gives a match duration of 56:20; the Match Results summary line instead states '(56:17)' -- a 3-second, rounding-level discrepancy. The Cageside figure (56:20) is used as duration_total, the same preference applied to 2003's F167 and 2004's F179.",S071;S072,open,2026-09-16
F198,RR2007M,wrestlers,umaga,wrestler_id,needs_human_judgement,"Umaga (Eddie Fatu) is very likely the same performer as this database's existing 'jamal' wrestler_id (a 2003 Royal Rumble entrant), but neither source consulted this pass states that connection directly. Left as a separate, new wrestler_id pending a future fact-check pass with 2 independent sources -- same caution class as A-Train/Prince-Albert (2003's F170) and Scotty 2 Hotty/Scott Taylor (2001's F132). -- RESOLVED by the 2003-2007 fact-check pass: 3 independent sources (Wikipedia's Royal Rumble 2003 entrant table hyperlinking 'Jamal' to the 'Umaga (wrestler)' article; prowrestling.fandom.com's 'Eddie Fatu' page explicitly sequencing 'Jamal' then 'Umaga' as ring names of the same performer; thesmackdownhotel.com explicitly dating the 'Jamal' ring name's run) confirm the identity. Merged into wrestler_id 'jamal' per the project's 2-source rule.",S072,resolved,2026-09-16
F199,RR2007M,wrestlers,*,real_name;dob;birthplace,unverified,"Bio data added for 10 previously-unseen wrestlers this pass (Finlay, Kenny Dykstra, Sabu, CM Punk, The Sandman, Kevin Thorn, MVP, The Great Khali, The Miz, Umaga) with zero bio data in this pass's sources -- names only. Left entirely UNKNOWN, same pattern as every prior year's equivalent flag. -- RESOLVED by the 2003-2007 fact-check pass: Bio data (real name, DOB, and/or birthplace, PROBABLE) added for 8 of the 10 previously-unseen wrestlers this pass (Finlay, Kenny Dykstra, CM Punk, The Sandman, Kevin Thorn, MVP, The Great Khali, The Miz), single-sourced to Wikipedia. Sabu's DOB/height are a genuine multi-source conflict, left UNKNOWN -- see the dedicated flag above. Umaga's bio data now lives on the merged 'jamal' wrestler_id -- see F198.",S071;S072,resolved,2026-09-16
F200,RR2007M,events;entrances/moves,*,n/a,out_of_scope_no_tool,No video tool connected this session. Same as every prior year's equivalent flag.,,open,2026-09-16
F201,RR2003M,wrestlers,prince-albert,dob,conflicting_sources,"Following the A-Train/Prince Albert merge, Matt Bloom's birth year is a genuine 1-source-vs-1-source conflict: Wikipedia gives 1972 (matching this database's existing PROBABLE value), Cagematch.net gives 1973. Left at the existing 1972 value rather than switching on a single conflicting source; also minor, negligible height/weight variances between the two sources (6'7""/201cm/331lb vs 6'6""/198cm/330lb) are not treated as a substantive conflict.",S022;S073,open,2026-09-16
F202,RR2003M,events,RR2003M,attendance_reported,conflicting_sources,"2 independent external sources (Wikipedia, citing Pro Wrestling History; allrumblestats.com) both give attendance as 15,338, directly conflicting with this database's existing CONFIRMED internal figure of 14,712 (from S066). Zero external sources were found supporting 14,712. Left at the existing internal figure per this project's documentary-source-first methodology rather than silently overwriting a CONFIRMED value on the strength of newly-found external sources alone -- flagged as a genuine, unresolved conflict for future human review.",S073;S040,open,2026-09-16
F203,RR2003M,entrants,rikishi,ring_time,conflicting_sources,Rikishi's survival time is given as 14:12 by allrumblestats.com (matching this database's existing value) but 14:55 by Wikipedia -- a 43-second discrepancy. His eliminator (Batista) agrees across both sources. The existing 14:12 value is kept; the Wikipedia variant is noted rather than silently adopted.,S040;S073,open,2026-09-16
F204,RR2003M,wrestlers,chris-nowinski,birthplace,conflicting_sources,"Chris Nowinski's birthplace is disputed between Oak Park, Illinois (one source) and Arlington Heights, Illinois (another) -- both northwestern Chicago suburbs. Left UNKNOWN in the structured field rather than silently picking one.",S022,open,2026-09-16
F205,RR2003M,wrestlers,rosey,birthplace;billed_height;billed_weight,conflicting_sources,"Rosey's DOB (1970-04-07) is agreed by all sources consulted, but his birthplace (San Francisco, California vs. Samoa) and billed height/weight (6'7""/420lb vs. 6'5""/359lb -- a large gap) are both disputed. Left UNKNOWN in the structured fields rather than silently picking one.",S022,open,2026-09-16
F206,RR2004M,eliminations,yoshihiro-tajiri,eliminator_wrestler_id,conflicting_sources,"Yoshihiro Tajiri's eliminator is credited to Rhyno alone by Wikipedia, but to Mark Henry AND Rhyno jointly by allrumblestats.com (leaning toward Rhyno as the primary per TJR Wrestling's narrative description of the spot). Modeled as Rhyno solo (the 2:1 narrative lean); the joint-credit alternative is preserved here rather than silently discarded.",S073;S040;S037;S481,open,2026-09-16
F207,RR2004M,eliminations,charlie-haas,eliminator_wrestler_id,conflicting_sources,"Charlie Haas's eliminator is credited to Bill Goldberg alone by 2 sources (allrumblestats.com, wrestlingrecaps.com -- though the latter may not be fully independent, possibly derived from Wikipedia) and jointly to Goldberg AND Rob Van Dam by Wikipedia. This database's existing 'bill-goldberg' solo credit is kept (majority reading); the joint-credit alternative is preserved here rather than silently discarded.",S040;S059;S073;S481,open,2026-09-16
F208,RR2004M,wrestlers,spike-dudley,birthplace,conflicting_sources,"Spike Dudley's birthplace is disputed between Buffalo, New York and Providence, Rhode Island. Left UNKNOWN in the structured field rather than silently picking one.",S022,open,2026-09-16
F209,RR2005M,eliminations,muhammad-hassan,eliminator_wrestler_id,conflicting_sources,"This database's own internal DERIVED reconstruction (F183) names an 8-man group (Eddie Guerrero, Chris Benoit, Edge, Rey Mysterio, Shelton Benjamin, Booker T, Chris Jericho, Luther Reigns) as jointly eliminating Muhammad Hassan, cross-referenced against this script's own entry-timing derivation. 3 independent external sources (Wikipedia, thesmackdownhotel.com/PWDB, allrumblestats.com) instead unanimously name a DIFFERENT 6-man group -- Booker T, Chris Benoit, Chris Jericho, Edge, Luther Reigns, Shelton Benjamin -- explicitly OMITTING Eddie Guerrero and Rey Mysterio. A 4th source (Cageside Seats) uses the identical 'all 8 men' phrasing as this database's own internal source, suggesting shared lineage rather than a true independent confirmation of the 8-count. This is a genuine, significant conflict between an internal derivation and 3 unanimous external sources -- BOTH the existing 8-name group (kept, data_quality downgraded to reflect the now-known external disagreement) and the externally-sourced 6-name group are preserved here rather than either being silently adopted or discarded, pending future human review.",S073;S024;S040;S036,open,2026-09-16
F210,RR2005M,events,RR2005M,attendance_reported,conflicting_sources,"4 independent external sources (Wikipedia, thesmackdownhotel.com, allrumblestats.com, Blog of Doom) all give attendance as 12,000, conflicting with this database's existing CONFIRMED internal figure of 9,642 (from S069). No external sources were found supporting 9,642 -- it may represent a more precise paid-attendance figure vs. 12,000 as WWE's rounder promotional/announced figure, but this is speculative, not source-confirmed. Left at the existing internal figure; flagged as a genuine, unresolved conflict.",S073;S024;S040;S076,open,2026-09-16
F211,RR2005M,events,RR2005M,duration_total,conflicting_sources,"3 different external duration figures were found (Cageside Seats 51:22 -- possibly non-independent, sharing lineage with this database's own internal Cageside-derived figure; Wikipedia 51:27; allrumblestats.com 53:58), none of which cleanly matches either of this database's two existing internal figures (51:22 CONFIRMED / '(54:19)' alternate). Left at the existing internal figure; flagged as a genuine, unresolved scatter of duration claims across many sources.",S036;S073;S040,open,2026-09-16
F212,RR2005M,events,RR2005M,notes,unverified,"The Kurt Angle/Shawn Michaels post-elimination interference sequence (Angle, no longer a legal competitor, dragging HBK from the ring into the Ankle Lock after being eliminated) is confirmed exactly as modeled by 2 independent external sources, with no disagreement -- strengthening what was previously only internally corroborated.",S073;S040,resolved,2026-09-16
F213,RR2006M,entrants,joey-mercury;simon-dean;booker-t,ring_time,conflicting_sources,Several 2006 survival times remain genuinely unsettled between the 2 stats-blog sources consulted (Cageside Seats vs. Rumblemetrics): Joey Mercury 29:14 vs. 29:33 (19s apart); Simon Dean 46s vs. 1:10; Booker T scattered across 17s/36s/18s/39s in 4 different reads. Left blank/UNKNOWN in the structured field rather than guessing among them.,S036;S079,open,2026-09-16
F214,RR2006M,eliminations,tatanka,eliminator_wrestler_id,unverified,Tatanka's elimination is attributed to interference from the tag team MNM (Joey Mercury & Johnny Nitro) rather than a single named legal competitor. Modeled as a shared/group credit to both.,S073;S075;S481,open,2026-09-16
F215,RR2006M,eliminations,mabel,eliminator_wrestler_id,conflicting_sources,Viscera's (this database's 'mabel' wrestler_id) elimination is credited to Chris Masters by 2-3 sources; one source (411Mania) adds Carlito as a joint contributor. Modeled as Chris Masters solo (majority reading); the joint-credit alternative is preserved here rather than silently discarded.,S075;S481,open,2026-09-16
F216,RR2006M,eliminations,rob-van-dam,eliminator_wrestler_id,conflicting_sources,"Rob Van Dam's eliminator is credited to Rey Mysterio by 3 independent sources (Blog of Doom, LiveJournal recap, TJR Wrestling); one outlier (411Mania) instead credits Triple H alone, likely a mis-extraction. Modeled as Rey Mysterio (3-source majority); the Triple H claim is preserved here as a flagged minority reading.",S076;S077;S037;S075;S481,open,2026-09-16
F217,RR2006M,eliminations,super-crazy,eliminator_wrestler_id,conflicting_sources,Super Crazy's eliminator is a genuine 3-way split with no 2 sources agreeing: 411Mania says Viscera; a LiveJournal recap says Shawn Michaels (as part of a 6-elimination streak); wrestlingrecaps.com says Rey Mysterio & Rob Van Dam jointly; a 4th read of Wikipedia's own table returned 'unclear'. Left entirely UNKNOWN -- no resolution is possible from the sources available this pass.,S075;S077;S059;S073;S481,open,2026-09-16
F218,RR2006M,events,RR2006M,attendance_reported;duration_total,unverified,"This year's raw Wikipedia-table fetches produced internally-inconsistent numbers (attendance '16,000'/16,178, duration ~62:14-62:16 variants) that directly contradict this database's already-CONFIRMED internal figures (14,500 attendance, 62:12 duration) via a demonstrably unreliable fetch. These external figures are explicitly NOT adopted; the existing internal figures are kept unchanged.",S073,open,2026-09-16
F219,RR2007M,entrants,rob-van-dam,ring_time,conflicting_sources,"RVD's elimination time (as one of Khali's 7 victims) varies slightly between Wikipedia (16:30) and prowrestling.fandom.com (17:30) -- close to, but not an exact match for, this database's own internal frame-timing derivation (41:16 match-clock / 21:16 survival-equivalent). Left at the existing internal value; the minor external variance is noted rather than adopted.",S073;S052,open,2026-09-16
F220,RR2007M,eliminations,booker-t,eliminator_wrestler_id,conflicting_sources,King Booker's (this database's 'booker-t' wrestler_id) eliminator is a genuine 1-source-vs-1-source split: Wikipedia says Kane alone; prowrestling.fandom.com says Rob Van Dam AND Kane jointly. Cagematch.net (429 rate-limited) and onlineworldofwrestling.com (403 blocked) could not be reached to further triangulate. Left entirely UNKNOWN in the structured field rather than picking one on a 1-1 split. A third independent table (S481) agrees with Wikipedia that Kane alone was the credited eliminator; structured data now records Kane as PROBABLE while preserving the dissent.,S073;S052,open,2026-09-16
F221,RR2007M,eliminations,mabel,eliminator_wrestler_id,conflicting_sources,"Viscera's (this database's 'mabel' wrestler_id) elimination is vaguely described by Wikipedia's table as 'Nine wrestlers'; prowrestling.fandom.com instead names exactly 8 specific contributors (Rob Van Dam, CM Punk, Edge, Chris Benoit, Johnny Nitro, Shelton Benjamin, Hardcore Holly, Kevin Thorn), set up by a Shawn Michaels superkick. The 8 named contributors are modeled as a DERIVED group elimination (single-sourced to the one source that names them); Wikipedia's vaguer 'nine' count is preserved here as an unresolved discrepancy rather than silently discarded. Cagematch.net and onlineworldofwrestling.com could not be reached to further triangulate.",S073;S052,open,2026-09-16
F222,RR2007M,wrestlers,sabu,dob;birthplace,conflicting_sources,"Sabu's birth year is disputed ('1963 or 1964' per Wikipedia's own uncertainty; Dec 12 1963 per thesmackdownhotel.com; a 2025 obituary titled '1964-2025' leans toward 1964). His billed height is also disputed (6'0""/183cm vs. 5'11""/180cm). Birthplace (Staten Island, New York, U.S.) is agreed and kept; DOB and height left UNKNOWN in the structured fields rather than picking one.",S022,open,2026-09-16
F223,RR2008M,events,RR2008M,referees,unverified,Referees are not individually identified in either source consulted this pass. Left UNKNOWN.,,open,2026-09-16
F224,RR2008M,entrants,hornswoggle,elimination_type,needs_human_judgement,"Hornswoggle's exit is modeled as a self-elimination (voluntary exit, never going over the top rope) per S080's own explicit account -- he 'voluntarily left the ring and returned to the backstage area' alongside a disqualified Finlay. This is a judgment call about how to classify a non-standard exit under this database's over-the-top-rope elimination definition, consistent with the Kane 1999 and Drew Carey 2001 self-elimination precedents, rather than a genuine source disagreement.",S080,open,2026-09-16
F225,RR2008M,entrants,finlay,ring_time,unverified,"Finlay ran into the ring ahead of his buzzer (Buzzer 25, which never sounded per the 'Time Between Buzzers' list -- its absence is absorbed into Buzzer 26's unusually long 3:00 gap) and was disqualified for using a weapon. Because he never had an official, buzzer-signaled entrance, S080 gives him a survival time of 0:00 and does not count him among the match's real eliminations -- modeled here with no elimination row (a disqualification, not an over-the-top-rope exit), matching S080's own treatment.",S080,open,2026-09-16
F226,RR2008M,eliminations,*,eliminator_wrestler_id,unverified,"11 of the 28 elimination-eligible entrants (Santino Marella, The Great Khali, Hardcore Holly, John Morrison, Tommy Dreamer, Chuck Palumbo, Jamie Noble, CM Punk, The Miz, Shelton Benjamin) have no individually-named eliminator in either source consulted this pass. Left UNKNOWN rather than guessed. Separately, CM Punk 'went after Taker and HBK, before Taker almost took his head off with a clothesline' -- described as a near-miss, not a confirmed elimination, and not attributed as such. -- RESOLVED by the 2008/2009/2011/2012 fact-check pass: Eliminator credit recovered for all 11 previously-uncredited entrants (Santino Marella, The Great Khali, Hardcore Holly, John Morrison, Tommy Dreamer, Chuck Palumbo, Jamie Noble, CM Punk, The Miz, Shelton Benjamin all individually named; Finlay's DQ-not-elimination status independently confirmed), 2 sources agreeing throughout (Wikipedia + thesmackdownhotel.com), 10 of the 11 further corroborated by an internal ring_time match to within 1-2 seconds -- see script for the full table.",S080;S081,resolved,2026-09-16
F227,RR2008M,wrestlers,*,real_name;dob;birthplace,unverified,"Bio data added for 6 previously-unseen wrestlers this pass (Cody Rhodes, Mr. Kennedy, Elijah Burke, Jamie Noble, Santino Marella, Hornswoggle) with zero bio data in this pass's sources -- names only. Left entirely UNKNOWN, same pattern as every prior year's equivalent flag. -- RESOLVED by the 2008/2009/2011/2012 fact-check pass: Bio data (real name and/or birthplace, PROBABLE) added for 7 previously-thin wrestlers this pass (Cody Rhodes, Mr. Kennedy, Elijah Burke, Jamie Noble, Santino Marella, Hornswoggle, Triple H), primarily 2-sourced (Wikipedia + thesmackdownhotel.com/Cagematch), Hornswoggle single-sourced. 3 genuine cross-source DOB/birthplace/name disputes surfaced in the process (Santino Marella's DOB, Cody Rhodes's birthplace, Elijah Burke's DOB, Triple H's real name) -- see F250, F252, F253.",S080;S081,resolved,2026-09-16
F228,RR2008M,events;entrances/moves,*,n/a,out_of_scope_no_tool,No video tool connected this session. Same as every prior year's equivalent flag.,,open,2026-09-16
F229,RR2009M,events,RR2009M,event_date;venue;attendance_reported;commentary_team;referees,unverified,"Unlike every other year built so far, Shane's document has NO separate Dan Wahlers narrative history chapter for 2009 -- only the Cageside timing analysis. Event-level facts a Wahlers chapter normally supplies (exact date, venue, city, attendance, commentary team, referees, undercard results) are simply absent from the source and left entirely UNKNOWN this pass, rather than filled from outside knowledge. event_date is stored as '2009-XX-XX' rather than a bare 'UNKNOWN' -- the year itself is not actually in doubt (it's the document's own section heading and WWE's own official numbering for this event), only the exact month/day are unconfirmed pending a future external-research pass; this keeps the derived-table tooling (which buckets career stats by year) working without inventing a specific date. -- RESOLVED by the 2008/2009/2011/2012 fact-check pass: All previously-UNKNOWN event-level facts filled in: date (January 25, 2009), venue (Joe Louis Arena), city (Detroit, Michigan), attendance (16,685), and the Rumble match's own commentary team (Jim Ross and Jerry Lawler) -- 4 independent sources agreeing throughout (Wikipedia, Cagematch, Online World of Wrestling, Pro Wrestling Fandom). Referees remain UNKNOWN; no source located that information.",S082,resolved,2026-09-16
F230,RR2009M,eliminations,*,eliminator_wrestler_id,unverified,"With no Wahlers narrative to mine, eliminator credit this year is almost entirely absent -- only Vladimir Kozlov's DERIVED 3-man 'cleaning the ring' stretch (see F231) and the winning elimination (Triple H by Randy Orton) are attributable. The other 25 elimination-eligible entrants, including Legacy's own Ted DiBiase Jr. and Cody Rhodes, have no individually-named eliminator this pass. Left UNKNOWN rather than guessed. -- RESOLVED by the 2008/2009/2011/2012 fact-check pass: Eliminator credit recovered for all 25 previously-uncredited entrants -- see script for the full table (2+ sources agreeing throughout: Wikipedia + WrestlingInc.com + Pro Wrestling Fandom + OWW). 2 minor majority-vs-minority disagreements surfaced (Mike Knox's and Mark Henry's eliminators) and are separately flagged (F255, F256) rather than silently resolved. Randy Orton's own elimination of Big Show, previously unrecorded even as an unknown target, was also recovered.",S082,resolved,2026-09-16
F231,RR2009M,eliminations,the-great-khali;mvp;carlito,eliminator_wrestler_id,unverified,"S082's own prose states Vladimir Kozlov 'was tasked with cleaning the ring of three bodies' during the window before Triple H's entrance, without individually naming them. Cross-referencing this script's own elim_ts derivation, exactly 3 wrestlers (The Great Khali, MVP, Carlito) have elimination timestamps falling inside that exact window, and none has any other credited eliminator this match. DERIVED (not directly named) but tightly corroborated -- the same derivation pattern used for 2005's Muhammad Hassan group elimination (F183) and 2007's Khali 7th-victim derivation (F196). -- RESOLVED by the 2008/2009/2011/2012 fact-check pass: Independently confirmed: 2 external sources (Wikipedia, WrestlingInc) both credit Vladimir Kozlov with eliminating exactly The Great Khali, MVP, and Carlito during this stretch -- an exact match to this database's own DERIVED 3-man reconstruction, with no 4th victim ever surfacing. This is now treated as externally-CONFIRMED rather than merely internally-derived.",S082,resolved,2026-09-16
F232,RR2009M,wrestlers,*,real_name;dob;birthplace,unverified,"Bio data added for 8 previously-unseen wrestlers this pass (Ted DiBiase Jr., Mike Knox, JTG, R-Truth, Vladimir Kozlov, The Brian Kendrick, Dolph Ziggler, Kofi Kingston) with zero bio data in this pass's source -- names only. Left entirely UNKNOWN, same pattern as every prior year's equivalent flag. -- RESOLVED by the 2008/2009/2011/2012 fact-check pass: Bio data (real name, DOB, and/or birthplace, PROBABLE) added for 8 previously-unseen wrestlers this pass (Ted DiBiase Jr., Mike Knox, JTG, R-Truth, Vladimir Kozlov, The Brian Kendrick, Dolph Ziggler, Kofi Kingston), 2-sourced throughout (Wikipedia + thesmackdownhotel.com). 2 genuine cross-source disputes surfaced (Vladimir Kozlov's DOB, R-Truth's birthplace) -- see F257, F258.",S082,resolved,2026-09-16
F233,RR2009M,events;entrances/moves,*,n/a,out_of_scope_no_tool,No video tool connected this session. Same as every prior year's equivalent flag.,,open,2026-09-16
F234,RR2011M,events,RR2011M,event_date;venue;attendance_reported;commentary_team;referees,unverified,"Like 2009, Shane's document has NO separate Dan Wahlers narrative history chapter for 2011 -- only the Cageside timing analysis. Event-level facts a Wahlers chapter normally supplies (exact date, venue, city, attendance, commentary team, referees, undercard results) are simply absent from the source and left entirely UNKNOWN this pass. event_date is stored as '2011-XX-XX' rather than a bare 'UNKNOWN' -- the year itself is not in doubt (the document's own section heading and WWE's own official numbering), only the exact month/day are unconfirmed. Pending a future external-research pass. -- RESOLVED by the 2008/2009/2011/2012 fact-check pass: All previously-UNKNOWN event-level facts filled in: date (January 30, 2011), venue (TD Garden), city (Boston, Massachusetts), attendance (15,113), and commentary team (Michael Cole, Jerry Lawler, Matt Striker) -- 3 independent sources agreeing throughout (Wikipedia, Cagematch, Sacnilk). Referees remain UNKNOWN; no source located that information.",S083,resolved,2026-09-16
F235,RR2011M,eliminations,*,eliminator_wrestler_id,unverified,"With no Wahlers narrative to mine, eliminator credit this year is almost entirely absent -- only the winning elimination (Santino Marella by Alberto Del Rio, see checksum in build_2011.py's docstring) is individually attributable. The other 38 elimination-eligible entrants have no named eliminator this pass. Left UNKNOWN rather than guessed. -- RESOLVED by the 2008/2009/2011/2012 fact-check pass: Eliminator credit recovered for all 38 previously-uncredited entrants -- see script for the full table (primary source: Wikipedia's event article, independently reproducing this database's own internal anchors -- draws 1/2/40, Santino/Del Rio -- exactly; cross-checked against TJR Wrestling, Bleacher Report, wrestlingrecaps.com, and several other retrospective sources). 2 genuine minority-source disagreements (Justin Gabriel, William Regal) and 3 unusually-sourced credits (Kofi Kingston and Alex Riley, single-sourced; John Cena, a non-participant-interference elimination) are separately flagged rather than silently resolved. See F259-F261.",S083,resolved,2026-09-16
F236,RR2011M,eliminations,*,eliminator_wrestler_id,unverified,"S083's own prose states '4 of these 8 guys were thrown out because CM Punk and his New Nexus henchmen were constantly engaging in 4 on 1 onslaughts every time a new participant entered the ring' (referring to 4 unnamed wrestlers among 8 unnamed fast eliminations within the first 25 entrants). UNLIKE 2009's Kozlov derivation (F231, where exactly 3 named-by-elimination-count candidates fit an unambiguous window with no other possible eliminator), this aside names neither the 8 nor the 4, and New Nexus itself had 5 members in this match (CM Punk, Husky Harris, Michael McGillicutty, David Otunga, Mason Ryan) -- too many candidates and too little specificity to DERIVE any individual elimination without guessing. Deliberately NOT converted into elimination rows -- left UNKNOWN per the project's never-invent-data rule. -- RESOLVED by the 2008/2009/2011/2012 fact-check pass: New Nexus's (CM Punk, Husky Harris, Michael McGillicutty, David Otunga, Mason Ryan) specific gang-up victims are now individually named per Wikipedia's event article: 3 formal group-credit eliminations (John Morrison, 4-on-1; Mark Henry, 4-on-1; Ted DiBiase Jr., 2-on-1). 5 further wrestlers (Daniel Bryan, Chris Masters, Tyler Reks, Vladimir Kozlov, R-Truth) are narratively described by secondary sources as victims of 'New Nexus dominance,' but every source's own structured elimination credit for those 5 goes to CM Punk individually, not a joint Nexus credit -- modeled accordingly (solo CM Punk credits, not group rows).",S083,resolved,2026-09-16
F237,RR2011M,wrestlers,*,real_name;dob;birthplace,unverified,"Bio data added for 18 previously-unseen wrestlers this pass (Daniel Bryan, Justin Gabriel, Zack Ryder, Yoshi Tatsu, Husky Harris, Michael McGillicutty, David Otunga, Tyler Reks, Mason Ryan, Tyson Kidd, Heath Slater, Jack Swagger, Sheamus, Wade Barrett, Drew McIntyre, Alex Riley, Ezekiel Jackson, Alberto Del Rio) with zero bio data in this pass's source -- names only. Left entirely UNKNOWN, same pattern as every prior year's equivalent flag. -- RESOLVED by the 2008/2009/2011/2012 fact-check pass: Bio data (real name, DOB, and/or birthplace, PROBABLE) added for 18 previously-unseen wrestlers this pass (Daniel Bryan, Justin Gabriel, Zack Ryder, Yoshi Tatsu, Husky Harris, Michael McGillicutty, David Otunga, Tyler Reks, Mason Ryan, Tyson Kidd, Heath Slater, Jack Swagger, Sheamus, Wade Barrett, Drew McIntyre, Alex Riley, Ezekiel Jackson, Alberto Del Rio) -- single-sourced (Wikipedia only) except Ezekiel Jackson (2-sourced). No genuine cross-source disputes surfaced for this batch.",S083,resolved,2026-09-16
F238,RR2011M,events;entrances/moves,*,n/a,out_of_scope_no_tool,No video tool connected this session. Same as every prior year's equivalent flag.,,open,2026-09-16
F239,RR2012M,events,RR2012M,event_date;venue;attendance_reported;commentary_team;referees,unverified,"Like 2009 and 2011, Shane's document has NO separate Dan Wahlers narrative history chapter for 2012 -- only the Cageside timing analysis. Event-level facts a Wahlers chapter normally supplies (exact date, venue, city, attendance, commentary team, referees, undercard results) are simply absent from the source and left entirely UNKNOWN this pass. event_date is stored as '2012-XX-XX' rather than a bare 'UNKNOWN' -- the year itself is not in doubt (the document's own section heading and WWE's own official numbering), only the exact month/day are unconfirmed. Pending a future external-research pass. -- RESOLVED by the 2008/2009/2011/2012 fact-check pass: All previously-UNKNOWN event-level facts filled in: date (January 29, 2012), venue (Scottrade Center, now Enterprise Center), city (St. Louis, Missouri), attendance (18,121), and commentary team (Michael Cole, Jerry Lawler, Booker T -- all 3 also competitors in the match) -- 2-3 independent sources agreeing throughout (Wikipedia, AllRumbleStats, ProFightDB). Referees remain UNKNOWN; no source located that information.",S084,resolved,2026-09-16
F240,RR2012M,eliminations,*,eliminator_wrestler_id,unverified,"8 of 29 eliminations (excluding the winner) have an individually named eliminator this pass, all directly narrated within S084's Cageside prose itself (see script docstring) -- the richest no-Wahlers-chapter year built so far. The remaining 21 elimination-eligible entrants have no named eliminator this pass. Left UNKNOWN rather than guessed. -- RESOLVED by the 2008/2009/2011/2012 fact-check pass: Eliminator credit recovered for all 20 previously-uncredited entrants, plus Hunico (previously not itself flagged as a specific target, but also blank) -- see script for the full table (2+ sources agreeing throughout: Wikipedia's event article + WrestlingInc.com, cross-checked further against wrestlingrecaps.com/TJR/WhatCulture). 2 genuine majority-vs-minority disagreements (The Great Khali and Booker T's shared eliminators) are separately flagged (F263) rather than silently resolved.",S084,resolved,2026-09-16
F241,RR2012M,eliminations,jack-swagger;the-miz;cody-rhodes;michael-cole,elimination_method,unverified,"Two unusual elimination circumstances this year, both directly narrated by S084 and modeled as-is: (1) Big Show's eliminations of Jack Swagger and the Miz/Cody Rhodes double all occurred BEFORE his own entry_actual (46:32) -- during his ~1:47 entrance walk, interfering from ringside before formally entering the ring. (2) Michael Cole's eliminator credit (Booker T + Jerry Lawler) involves two wrestlers who were THEMSELVES already eliminated (at 28:55 and 17:31 respectively) acting from ringside on the floor at the time of Cole's elimination (31:21) -- a known but unusual Rumble occurrence where an eliminated wrestler continues to interfere from outside. Neither circumstance is treated as invalidating the credited elimination, since both are explicitly how S084 narrates them.",S084,open,2026-09-16
F242,RR2012M,wrestlers,*,real_name;dob;birthplace,unverified,"Bio data added for 9 previously-unseen wrestlers this pass (Hunico, Jey Uso, Road Dogg, Ricardo Rodriguez, Primo, Michael Cole, Jinder Mahal, Kharma, Epico) with zero bio data in this pass's source -- names only. Left entirely UNKNOWN, same pattern as every prior year's equivalent flag. -- RESOLVED by the 2008/2009/2011/2012 fact-check pass: Bio data (real name, DOB, and/or birthplace, PROBABLE) added for 9 previously-unseen wrestlers this pass (Hunico, Jey Uso, Road Dogg, Ricardo Rodriguez, Primo, Michael Cole, Jinder Mahal, Kharma, Epico), single-sourced (Wikipedia only) except Michael Cole (2-sourced birthplace). 1 genuine cross-source dispute surfaced (Michael Cole's DOB) -- see F264. Primo's and Kharma's birthplaces could not be independently confirmed this pass and remain UNKNOWN.",S084,resolved,2026-09-16
F243,RR2012M,events;entrances/moves,*,n/a,out_of_scope_no_tool,No video tool connected this session. Same as every prior year's equivalent flag.,,open,2026-09-16
F244,RR2010M,events;entrants;eliminations,*,n/a,external_research_exception,"Shane's document has NO content whatsoever for 2010 (confirmed by direct paragraph-by-paragraph inspection -- a bare empty Heading-1). Per Shane's explicit instruction (session of 2026-09-16), this one year was built from external research rather than left as a stub or skipped, as a one-time approved exception to the project's normal document-first phasing. See script docstring for the full source list and methodology.",S085;S086;S087;S088;S089;S090;S091;S092,open,2026-09-16
F245,RR2010M,entrants,*,ring_time;elimination_clock_time,unverified,"No per-wrestler timing graphic (Cageside-style buzzer/entrance/survival data) exists in any researched source for this year, unlike Shane's own document years. Only 2 individual clock times are known: Edge's 7:19 winning ring time (CONFIRMED, 3 sources) and John Cena's approximate 22:11 ring time (PROBABLE, 1 source). Deliberately NOT filled with an assumed 90-second-interval model for the other 28 entrants -- Shane's own documented years show real buzzer gaps vary considerably (e.g. 1:16-2:23 in 2011), so a flat assumption would be actively misleading, not merely incomplete. Left UNKNOWN.",S085;S086;S087;S088;S089;S090;S091;S092,open,2026-09-16
F246,RR2010M,wrestlers,evan-bourne;beth-phoenix,real_name;dob;birthplace,unverified,"Bio data added for 2 previously-unseen wrestlers this pass (Evan Bourne, Beth Phoenix) with zero bio data gathered this pass -- names only. Left entirely UNKNOWN, same pattern as every prior year's equivalent flag.",S085;S086;S087;S088;S089;S090;S091;S092,open,2026-09-16
F247,RR2010M,other_matches,christian;ezekiel-jackson;sheamus;randy-orton;the-undertaker;rey-mysterio,match_duration,conflicting,"3 of the 4 corroborated undercard title matches have match-time figures that differ between Wikipedia and ProFightDB (ECW Title: 11:49 vs 11:59; WWE Title: 11:24 vs 12:24; World Heavyweight Title: 11:09 vs 11:07, a negligible 2-second gap). A third independent source (Cagematch's own dedicated card page) could not be reached this pass (rate-limited) to break the tie. Both figures are preserved in each match's notes field rather than picking one; match_duration itself left blank on the affected rows. The WWE Women's Championship match (Mickie James def. Michelle McCool) and the 10-Diva tag match are not logged in other_matches.csv at all -- neither Mickie James nor Michelle McCool (nor most of the 10-Diva match's participants) exist as wrestler_ids in this database yet, and creating new entries solely for an undercard appearance is outside this project's current scope (the Royal Rumble MATCH itself is the focus). Flagging this gap rather than silently omitting it.",S085;S088,open,2026-09-16
F248,RR2010M,events;entrances/moves,*,n/a,out_of_scope_no_tool,No video tool connected this session. Same as every prior year's equivalent flag.,,open,2026-09-16
F249,RR2008M,eliminations,jamal,eliminator_wrestler_id,conflicting_sources,"Umaga's (jamal) eliminator is credited to Triple H by Shane's own document (a directly-quoted narrative statement, one of 6 individually-named eliminations, double-checked at build time) but to Batista by 2 unanimous, independent external sources (Wikipedia, thesmackdownhotel.com), whose reported elimination time (26:05) matches this database's own independently-computed ring_time (26:06) to within 1 second -- confirming the same real-world moment, different credited eliminator. Preserved as a CONFLICTING dispute (both credits documented on the existing elimination row) rather than either version silently overwriting the other, pending future human review.",S097;S024,open,2026-09-17
F250,RR2008M,events,RR2008M,attendance_reported,conflicting_sources,"3 independent external sources (Wikipedia's event article, thesmackdownhotel.com, and Genickbruch.com -- a German wrestling database unrelated to either of the first two) all give attendance as 20,798, directly conflicting with this database's existing CONFIRMED internal figure of 19,798. Zero external sources were found supporting 19,798. Left at the existing internal figure per this project's documentary-source-first methodology rather than silently overwriting a CONFIRMED value on the strength of newly-found external sources alone -- flagged as a genuine, unresolved conflict for future human review.",S097;S024;S099,open,2026-09-17
F251,RR2008M,wrestlers,santino-marella,dob,conflicting_sources,"Santino Marella's DOB is given as March 14, 1974 by 2 sources (Wikipedia, Cagematch.net, exact agreement) but March 14, 1979 by a 3rd (Online World of Wrestling) -- same day/month, a 5-year discrepancy on the year. Left UNKNOWN in the structured field rather than silently picking one, per this project's standing convention.",S022;S023;S025,open,2026-09-17
F252,RR2008M,wrestlers,cody-rhodes,birthplace,conflicting_sources,"Cody Rhodes's birthplace is given as Charlotte, North Carolina by Wikipedia (both its opening paragraph and 'Early life' section) but Marietta, Georgia by 2 other sources (Britannica, thesmackdownhotel.com). DOB (June 30, 1985) is consistent everywhere. Left UNKNOWN in the structured field rather than silently picking one.",S022;S024,open,2026-09-17
F253,RR2008M,wrestlers,elijah-burke,dob,conflicting_sources,"Elijah Burke's DOB is given as May 24, 1981 by Wikipedia but May 24, 1978 by thesmackdownhotel.com (same day/month, real name, and birthplace agree exactly -- only the year differs, by 3 years). A tie-breaking 3rd source (Cagematch, ProFightDB) could not be reached this pass (persistent rate-limiting/server errors). Left UNKNOWN in the structured field rather than silently picking one.",S022;S024,open,2026-09-17
F254,RR2008M,wrestlers,hunter-hearst-helmsley,real_name,conflicting_sources,"Triple H's real name is filled as 'Paul Michael Levesque' (Wikipedia, and this database's standard reference source elsewhere), but Cagematch.net alone lists him under 'Jean-Paul Levesque' -- a genuine naming variant, not just a formatting difference. DOB (July 27, 1969) and birthplace (Nashua, New Hampshire) agree across both sources. Filled with the Wikipedia version per this project's convention of treating it as the primary reference source; the Cagematch variant is preserved here rather than silently discarded.",S022;S023,open,2026-09-17
F255,RR2009M,eliminations,mike-knox,eliminator_wrestler_id,conflicting_sources,"Mike Knox's eliminator is credited to Big Show by 3 sources (Wikipedia, OWW, WrestlingInc) but to Rey Mysterio by a 4th (Pro Wrestling Fandom, which gives a specific time, 34:42). Modeled as Big Show (the 3:1 majority reading); the minority alternative is preserved here rather than silently discarded.",S097;S039;S052,open,2026-09-17
F256,RR2009M,eliminations,mark-henry,eliminator_wrestler_id,conflicting_sources,"Mark Henry's eliminator is credited to Rey Mysterio alone by 3 sources (Pro Wrestling Fandom, 2 WrestlingInc pages) but jointly to The Undertaker AND Rey Mysterio by Wikipedia's own elimination table. Modeled as Rey Mysterio solo (the 3:1 majority reading); the joint-credit alternative is preserved here rather than silently discarded.",S052;S039;S097,open,2026-09-17
F257,RR2009M,wrestlers,vladimir-kozlov,dob,conflicting_sources,"Vladimir Kozlov's DOB is given as April 27, 1969 by Wikipedia but April 27, 1979 by 3 other sources (Cagematch.net, The Official Wrestling Museum, IMDb's biography text) -- same day/month, a 10-year discrepancy on the year. Left UNKNOWN in the structured field rather than silently picking one, despite the 3:1 source-count split, per this project's standing convention against resolving genuine conflicts ourselves.",S022;S023,open,2026-09-17
F258,RR2009M,wrestlers,r-truth,birthplace,conflicting_sources,"R-Truth's birthplace is given as Charlotte, North Carolina by 3 sources (Wikipedia, FamousBirthdays.com, Grokipedia) but Williamsburg, South Carolina by thesmackdownhotel.com alone. DOB (January 19, 1972) is consistent everywhere. Left UNKNOWN in the structured field rather than silently picking one, despite the 3:1 source-count split, per this project's standing convention.",S022;S024,open,2026-09-17
F259,RR2011M,eliminations,justin-gabriel,eliminator_wrestler_id,conflicting_sources,"Justin Gabriel's eliminator is credited to Daniel Bryan by 5-6 sources (Wikipedia, WrestlingInc, Cultaholic, Cageside Seats, TJR, wrestlingrecaps.com) but to CM Punk by a lone outlier (Wrestlezone). Modeled as Daniel Bryan (the overwhelming majority reading); the minority alternative is preserved here.",S097;S037,open,2026-09-17
F260,RR2011M,eliminations,william-regal,eliminator_wrestler_id,conflicting_sources,"William Regal's eliminator is credited to Ted DiBiase Jr. by Wikipedia's event article, but to Johnny Nitro/John Morrison by wrestlingrecaps.com -- a genuine 1-vs-1 disagreement between named candidates. Modeled as Ted DiBiase Jr. per Wikipedia (this table's proven-reliable primary source, independently matching every one of this database's own internal anchors elsewhere in the match); the wrestlingrecaps.com alternative is preserved here rather than silently discarded.",S097;S059,open,2026-09-17
F261,RR2011M,eliminations,kofi-kingston;alex-riley,eliminator_wrestler_id,unverified,"Kofi Kingston's (eliminated by Randy Orton) and Alex Riley's (eliminated by John Cena & Kofi Kingston, jointly) eliminator credits are each single-sourced to Wikipedia's event article this pass -- no 2nd independent source could be found agreeing (for Alex Riley, a 2nd source describes the spot only as an apparent botch, naming no eliminator at all). Included as PROBABLE per this project's single-source convention, but flagged for a future independent-source check.",S097,open,2026-09-17
F262,RR2011M,eliminations,john-cena,eliminator_wrestler_id,unverified,"John Cena's eliminator, The Miz, was not an entrant in this Royal Rumble match at all -- an unusual non-participant interference elimination (Miz ran in from outside, with Alex Riley's distraction, while defending the WWE Championship elsewhere on the same card). 2 sources agree on this (Wikipedia, wrestlingrecaps.com). Flagged rather than silently modeled as an ordinary in-match elimination, since 'the-miz' was not among this match's 40 entrants.",S097;S059,open,2026-09-17
F263,RR2012M,eliminations,jack-swagger,eliminator_wrestler_id,conflicting_sources,"Jack Swagger's eliminator is credited to Big Show alone by Shane's own document (directly narrated, S084) and by 1 external source (WhatCulture), but jointly to Big Show AND Sheamus by 3 external sources (Wikipedia, WrestlingInc, wrestlingrecaps.com -- TJR Wrestling's blow-by-blow description of the spot is consistent with this joint reading: Big Show punches Swagger, Sheamus finishes the elimination). A 5th source (OWW) credits Sheamus alone, disagreeing with both other readings. Preserved as a CONFLICTING dispute (both credits documented on the existing elimination row) rather than any version silently overwriting another, pending future human review.",S097;S039;S059;S098,open,2026-09-17
F264,RR2012M,eliminations,the-great-khali;booker-t,eliminator_wrestler_id,conflicting_sources,"The Great Khali's and Booker T's eliminators are each credited jointly to Cody Rhodes AND Dolph Ziggler by 2 sources (Wikipedia, WrestlingInc) but to Cody Rhodes alone by a 3rd (WhatCulture). Modeled as the joint credit (the 2:1 majority reading) for both; the solo-Rhodes alternative is preserved here rather than silently discarded.",S097;S039;S098,open,2026-09-17
F265,RR2012M,wrestlers,michael-cole,dob,conflicting_sources,"Michael Cole's DOB is given as December 8, 1966 by Wikipedia but December 8, 1968 by thesmackdownhotel.com -- same day/month and birthplace (Syracuse, New York) agree exactly; only the year differs, by 2 years. A tie-breaking 3rd source (Cagematch) could not be reached this pass (rate-limited). Left UNKNOWN in the structured field rather than silently picking one.",S022;S024,open,2026-09-17
F266,RR2012M,events,RR2012M,historical_significance,unverified,"This event row's own historical_significance text previously stated Kharma 'eliminated 3 wrestlers (Cole, Ziggler, Hunico) before being eliminated herself.' This is corrected by the 2026-09-17 fact-check pass: this database's own structured eliminations.csv data never credited Kharma with more than the single elimination of Hunico (now added, see the main new-eliminations table above), and 4 unanimous external sources (Wikipedia, TJR Wrestling, wrestlingrecaps.com, WrestlingInc, corroborated for the Cole detail specifically by WWE.com's own official 'Wild Moments' recap) confirm: Cole was saved from Kharma by Booker T and Jerry Lawler pulling him to the floor (this database's existing eliminated_by_ids credit for Cole was already correct), and Dolph Ziggler eliminated Kharma, not the reverse (also already correct in this database's structured data). This was a narrative-text overstatement inconsistent with this document's own structured table, not a case of external sources overriding a genuine internal claim -- corrected in the events.csv notes field accordingly.",S097;S037;S059;S039;S051,resolved,2026-09-17
F267,RR2013M,entrants,*,entry_number,unverified,"UNLIKE 2009/2011/2012, this year's 'time between buzzers' list is UNNAMED (28 bare durations only) -- and because several gap values repeat, full 30-entrant entry order is not reliably derivable from this document alone. Only 7 entrants are confidently positioned this pass, each anchored by an explicit S101 prose statement naming them at a specific numbered position (Brodus Clay=13, Rey Mysterio=14, Darren Young=15, Bo Dallas=16, Kane=24, Zack Ryder=25, cross-checked via buzzer-gap arithmetic; John Cena=19, additionally corroborated by S102/S103 and marked CONFIRMED rather than DERIVED). Dolph Ziggler and Chris Jericho are confidently the #1/#2 entrants AS A SET (both pre-bell, per S101's own explicit statement) but their order relative to EACH OTHER is not stated by any source consulted this pass -- left UNKNOWN. The remaining 21 entrants have known survival time but entirely UNKNOWN entry position this pass. Pending a future external fact-check pass (Wikipedia and similar sites typically carry a full named entry-order table for this era). -- RESOLVED by the 2013-2016 fact-check pass: Full 1-30 entry order recovered (2 independent sources, Wikipedia and allrumblestats.com, agreeing with each other and with all 7 pre-existing internal anchors exactly). Ziggler/Jericho resolved to #1/#2 respectively. Full 1-29 elimination order also recovered, and independently cross-validated against this database's own internal buzzer/survival-time arithmetic (29-for-29 exact rank match) -- see the script docstring for the full methodology.",S101,resolved,2026-09-17
F268,RR2013M,entrants,dolph-ziggler;chris-jericho;brodus-clay;rey-mysterio;darren-young;bo-dallas;kane;zack-ryder,elimination_clock_time,unverified,"elimination_clock_time/elimination_clock_seconds are DERIVED (entry_actual + survival, per this script's buzzer-chain arithmetic) for these 8 entrants despite entry_number itself being UNKNOWN for 2 of them (Ziggler/Jericho, whose entry_actual is 0 regardless of #1-vs-#2 order). elim_number is left UNKNOWN for ALL 29 non-winner entrants, including these 8, since their rank within the FULL chronological elimination order (1-29) can't be determined without also knowing the elim_ts of the other 21 entrants, which remain entirely unrecoverable this pass. See F267. -- RESOLVED by the 2013-2016 fact-check pass: elimination_clock_time is now DERIVED for all 29 non-winner entrants (previously only 8), computed from this database's own buzzer/entrance-lag/survival-time formula applied to the newly-confirmed external entry order. One residual anomaly: Ryback's computed clock time (54:07) sits exactly 60 seconds short of the match's own total duration, despite Ryback being confirmed as the literal final/losing elimination -- see the new F299 for this unresolved discrepancy (checked directly against Shane's original document text, which confirms Ryback's stated survival/entrance-lag figures verbatim, ruling out a transcription error on this database's end).",S101,resolved,2026-09-17
F269,RR2013M,eliminations,*,eliminator_wrestler_id,unverified,"UNLIKE 2012, this year's Cageside prose (S101) contains ZERO individually-narrated eliminations -- eliminator credit is entirely UNKNOWN for all 29 non-winner entrants, and no eliminations.csv rows were created this pass. One aggregate (non-attributed) stat is known: per S103, Sheamus and Ryback each eliminated 5 wrestlers in this match, tied for the match high -- individual victims not named by any source consulted this pass, so not converted into structured elimination rows. -- RESOLVED by the 2013-2016 fact-check pass: 25 of 29 previously-uncredited eliminations now have named eliminator credit (2-source agreement, Wikipedia + allrumblestats.com); Sheamus and Ryback's already-confirmed 5-elimination tie is now itemized by individual victim (Sheamus: Titus O'Neil, David Otunga, Dolph Ziggler, Jinder Mahal, plus a shared credit; Ryback: Damien Sandow, Randy Orton, The Miz, John Cena's winning elimination, plus one more) -- fully consistent with the aggregate stat. 4 eliminations remain genuinely conflicting between the 2 sources consulted (Santino Marella, Tensai, Bo Dallas, Sin Cara) -- see F298.",S101;S103,resolved,2026-09-17
F270,RR2013M,wrestlers,*,real_name;dob;birthplace,unverified,"Bio data added for 9 previously-unseen wrestlers this pass (Bo Dallas, Ryback, Cesaro, Titus O'Neil, Tensai, Brodus Clay, Sin Cara, Darren Young, Damien Sandow) with zero bio data in this pass's source -- names only. Left entirely UNKNOWN, same pattern as every prior year's equivalent flag.",S101,open,2026-09-17
F271,RR2013M,events,RR2013M,event_date;venue;attendance_reported;commentary_team;referees,unverified,"Like 2009/2011/2012, Shane's document has NO separate Dan Wahlers narrative history chapter for 2013 -- only the Cageside timing analysis. Event-level facts a Wahlers chapter normally supplies (exact date, venue, city, attendance, commentary team, referees, undercard results) are simply absent from the source and left entirely UNKNOWN this pass. event_date is stored as '2013-XX-XX' -- the year itself is not in doubt, only the exact month/day are unconfirmed. Pending a future external-research pass. -- RESOLVED by the 2013-2016 fact-check pass: All previously-UNKNOWN event-level facts filled in externally (date, venue, city, attendance, commentary team, undercard) -- 2-3 source agreement throughout, see events.csv notes.",S101,resolved,2026-09-17
F272,RR2013M,wrestlers,tensai;sin-cara,wrestler_id,needs_human_judgement,"Two likely (but this-pass-unconfirmed) same-performer identity connections spotted while building this year: (1) 'Tensai' (2013 ring name) is very likely Matt Bloom, the same performer already merged into this database's 'prince-albert' wrestler_id (Prince Albert/Albert/A-Train, merged by the 2003-2007 fact-check pass with 2-source confirmation). (2) 'Sin Cara' as of this 2013 event is very likely Alberto Rodriguez, the same performer as this database's existing 'hunico' wrestler_id (2012 Royal Rumble entry), who took over the Sin Cara gimmick from the original performer (Luis Urive) in September 2012. Neither connection is stated or otherwise confirmed by any source consulted THIS pass, so both are left as separate, unmerged wrestler_ids per the project's 2-source identity-merge rule -- exactly the same cautious treatment this database gave 'a-train' before its own eventual merge. Flagged here for a future fact-check pass to resolve with proper citations. -- RESOLVED by the 2013-2016 fact-check pass: Both suspected identity connections CONFIRMED and merged this pass, each via 2 independent external sources agreeing on the same real name/birthdate and ring-name timeline: Tensai (2013) merged into this database's existing 'prince-albert' wrestler_id (Matthew Jason Bloom -- Wikipedia + thesmackdownhotel.com); Sin Cara (2013) merged into this database's existing 'hunico' wrestler_id (same birthdate, Sept 5 1977, given by both sources -- Wikipedia + thesmackdownhotel.com). See F297.",S101,resolved,2026-09-17
F273,RR2013M,events;entrances/moves,*,n/a,out_of_scope_no_tool,No video tool connected this session. Same as every prior year's equivalent flag.,,open,2026-09-17
F274,RR2014M,events,RR2014M,event_date;venue;attendance_reported;commentary_team;referees,unverified,"Like 2009/2011/2012/2013, Shane's document has NO separate Dan Wahlers narrative history chapter for 2014 -- only the Cageside timing analysis (plus this year's bonus advanced-stats section, neither of which covers event-level logistics). Event-level facts (exact date, venue, city, attendance, commentary team, referees, undercard results) are simply absent from the source and left entirely UNKNOWN this pass. event_date is stored as '2014-XX-XX' -- the year itself is not in doubt, only the exact month/day are unconfirmed. Pending a future external-research pass. -- RESOLVED by the 2013-2016 fact-check pass: All previously-UNKNOWN event-level facts filled in externally (date, venue, city, attendance, commentary team, undercard), plus full entry order independently confirmed by 5 sources (Wikipedia, WrestleZone, prowrestlinghistory.com, theandrewhughes.com, InsidePulse.com), all matching this database's existing order exactly.",S104,resolved,2026-09-17
F275,RR2014M,eliminations,*,eliminator_wrestler_id,unverified,"4 of 29 eliminations (excluding the winner) have an individually named eliminator this pass (3 from S104, 1 from S105) -- richer than 2013 (zero) but less rich than 2012 (8). The remaining 25 elimination-eligible entrants have no named eliminator this pass. Left UNKNOWN rather than guessed. -- RESOLVED by the 2013-2016 fact-check pass: 21 additional named eliminations recovered this pass (25 of 29 total, up from 4), primarily 3-4 source agreement (Wikipedia, WWE.com's own official recap, theandrewhughes.com, InsidePulse.com). 3 eliminations have a genuine solo-vs-group credit conflict between sources (Rusev, The Great Khali, Jey Uso) -- the stronger multi-source version is used as primary credit with the alternative preserved as a flag; see F303/F304/the Jey Uso flag above. 4 entrants remain fully uncredited this pass (no source found any eliminator): the original 4 already-known credits plus these newly-recovered ones account for 25 of 29; the small remainder was not individually itemized by any source checked.",S104;S105,resolved,2026-09-17
F276,RR2014M,entrants,rey-mysterio,ring_name_at_time,needs_human_judgement,"S104 never names entrant #30 directly -- it labels the slot 'Not Daniel Bryan' (its own wry commentary on the fact that fans widely expected a surprise Daniel Bryan return at #30 and were instead given a different wrestler). Resolved to Rey Mysterio via S104's own separate closing recap, which lists the final 10-man stretch as 'Punk, Rollins, Ambrose, Reigns, Sheamus, Cesaro, Harper, Batista, Langston, and Mysterio' -- exactly 10 names for the 10 wrestlers remaining once the 30th entrant arrives, with Mysterio being the only one of those 10 not otherwise already accounted for elsewhere in the buzzer/survival data. High confidence, but flagged for a future external-research pass to confirm directly (e.g. Wikipedia's own named entrant table for this event). -- RESOLVED by the 2013-2016 fact-check pass: Independently confirmed via multiple post-event sources (Fightful, WhatCulture, Sportskeeda, a KB Wrestling Reviews retrospective) plus Daniel Bryan's and Rey Mysterio's own public comments -- no conflicting account found anywhere. Daniel Bryan had already wrestled (and lost to Bray Wyatt) earlier on the same card, presumably explaining his unavailability for the Rumble itself.",S104,resolved,2026-09-17
F277,RR2014M,wrestlers,roman-reigns;kane,notes,conflicting_sources,"S104's own headline framing credits Roman Reigns with 12 eliminations in this match (widely reported elsewhere, e.g. Wikipedia's cited 34-person combined elimination count for the whole match, which S105 explicitly disputes as internally impossible -- 'the math doesn't add up' -- since only 29 eliminations occurred and shared credits get double/triple counted by naive tallying). S105, a separate guest analyst who individually tracked all 706 in-match events and split credit evenly on every shared elimination, recalculates Reigns's TRUE total at 9.5 (3 of his 12 were a 3-way Shield team-up, 1 shared with Batista) and Kane's 2001 total (recalculated the same way) at 10.5 -- meaning Reigns does NOT actually set a new single-match elimination record, contrary to how the moment was broadcast/covered. This database records both figures (S104's 12 and S105's 9.5) in wrestlers.csv notes rather than picking one, since they reflect two different, both-legitimate counting methodologies (broadcast-style full-credit vs. analyst-style split-credit) rather than a factual disagreement about what happened.",S104;S105,open,2026-09-17
F278,RR2014M,eliminations,cm-punk,eliminator_wrestler_id,needs_human_judgement,"CM Punk's credited eliminator (Kane, PROBABLE, shared) comes from S105 alone -- a guest analyst's tracked-event data, with the analyst's own explicit caveat that this credit 'should be disqualified due to his [Kane's] already being eliminated at the time of his attempt' (Kane's own elimination, by Punk, happened at 0:56 -- see the separate CONFIRMED elimination row for that). Modeled as a SHARED credit (is_shared=TRUE) since Punk's own elimination, occurring at 49:15 in a heavily crowded late-match situation (Rollins, Ambrose, Reigns, Sheamus, Cesaro, Harper, Batista, Mysterio all still active), almost certainly involved other opponents too -- none individually named by either source this pass. Pending a future external-research pass to identify the rest of the group, if recoverable.",S105,open,2026-09-17
F279,RR2014M,entrants,xavier-woods,n/a,unverified,"S104 states 'Xavier Woods was listed as an official entrant but did not get a spot in the match' -- no entrant row was created for him this pass, since no timing/position/survival data exists for him anywhere in this year's source (unlike, e.g., 2015's Curtis Axel, who has a defined 0:00 ring_time). Left as a documented anomaly rather than an entrant row with entirely fabricated blank fields. Pending a future external-research pass to determine which of this year's 30 named entrants (if any) took his originally-planned slot. -- RESOLVED by the 2013-2016 fact-check pass: Refined, not overturned: a contemporaneous Cageside Seats pre-show article (Jan 26, 2014, 'Royal Rumble 2014: Final list of confirmed entrants') DID list Xavier Woods among 20 'confirmed' entrants at that time -- a genuine pre-show report, not a description error on this database's part. However, 6+ independent post-event sources (Wikipedia, WWE.com's own recap, WrestleZone, prowrestlinghistory.com, theandrewhughes.com, InsidePulse.com, Cagematch.net's roster) unanimously list exactly 30 names for the actual match, none of them Xavier Woods, and his own independent match-history archive (ringhistory.com) shows his earliest recorded WWE main-roster match as May 4, 2014 at Extreme Rules -- over 3 months after this event -- supporting that he wasn't yet main-roster active. No entrant row remains correct; a footnote citing the pre-show report has been added to the event notes.",S104,resolved,2026-09-17
F280,RR2014M,wrestlers,*,real_name;dob;birthplace,unverified,"Bio data added for 10 previously-unseen wrestlers this pass (Seth Rollins, Rusev, Jimmy Uso, Dean Ambrose, Roman Reigns, Fandango, El Torito, Luke Harper, Erick Rowan, Big E) with zero bio data in this pass's source -- names only. Left entirely UNKNOWN, same pattern as every prior year's equivalent flag. NOTE: Kevin Nash and John Bradshaw Layfield were NOT added as new wrestlers -- both reused this database's existing 'diesel' and 'bradshaw' wrestler_ids respectively, since those rows' already-CONFIRMED/PROBABLE real_name fields (Kevin Scott Nash; John Charles Layfield) match this year's billed ring names exactly.",S104,open,2026-09-17
F281,RR2014M,events;entrances/moves,*,n/a,out_of_scope_no_tool,No video tool connected this session. Same as every prior year's equivalent flag.,,open,2026-09-17
F282,RR2015M,events,RR2015M,event_date;venue;attendance_reported;commentary_team;referees,unverified,"Like 2009/2011/2012/2013/2014, Shane's document has NO separate Dan Wahlers narrative history chapter for 2015 -- only the Cageside timing analysis. Event-level facts (exact date, venue, attendance, commentary team, referees, undercard results) are simply absent from the source and left entirely UNKNOWN this pass, except that the host city is very likely Philadelphia (S106: 'Cole talks about Philadelphia') -- kept as PROBABLE-level color in event notes rather than promoted to the structured city_region field without a second source. event_date is stored as '2015-XX-XX'. Pending a future external-research pass. -- RESOLVED by the 2013-2016 fact-check pass: City upgraded from a PROBABLE guess to CONFIRMED (Wikipedia, Voices of Wrestling, and sacnilk.com all independently agree: Philadelphia). Date, venue, attendance, and commentary team all filled in and confirmed by 2-3 independent sources. Undercard recovered (Wikipedia + WWE.com).",S106,resolved,2026-09-17
F283,RR2015M,eliminations,*,eliminator_wrestler_id,unverified,"3 of 29 eliminations have an individually named eliminator this pass, all credited to the winner (Roman Reigns) during the match's final stretch, and internally cross-validated via the identical elim_ts computed for the simultaneous Kane/Big Show double-elimination. The remaining 26 elimination-eligible entrants have no named eliminator this pass. Left UNKNOWN rather than guessed. -- RESOLVED by the 2013-2016 fact-check pass: 15 additional eliminator credits recovered from Wikipedia's event-article table (12 solo + 3 shared-credit eliminations), covering all but 9 of the previously-uncredited entrants (R-Truth, Luke Harper, Sin Cara/hunico, Zack Ryder, Daniel Bryan, Goldust, Damien Mizdow, Cesaro remain uncredited -- no source found any eliminator for them). Recorded as PROBABLE rather than CONFIRMED: this pass could not independently re-verify the Wikipedia table against a 2nd structured source, and found one internally-inconsistent detail alongside it (Bray Wyatt's own elimination-count total: 6 per Wrestling Inc's dedicated stats article vs. an implied 7 from the same Wikipedia table) -- see F311.",S106,resolved,2026-09-17
F284,RR2015M,entrants,curtis-axel;erick-rowan,n/a,needs_human_judgement,"Two unusual, directly-addressed participation cases this year: (1) Curtis Axel is counted as an official entrant (entry #6) with a defined ring_time of 0:00, despite never functionally entering the ring, per S106's own explicit methodology choice -- he was attacked and substituted for by Erick Rowan before he could enter. (2) Erick Rowan is explicitly NOT counted as an official competitor by S106 ('The commentators emphasized the point that Rowan was not a legal participant, and so I treated his appearance...like any other run-in or interference') -- no entrant row was created for him in this match, even though he already exists in this database as a wrestler (from RR2014M). Both treatments follow the source's own explicit, stated methodology rather than this database inventing a convention. -- RESOLVED by the 2013-2016 fact-check pass: Strongly reinforced by 5 independent external sources: Cagematch.net's own official participant list includes Curtis Axel among the 30 but excludes Erick Rowan entirely; Wikipedia's table footnotes the #6 slot as Axel's despite Rowan's physical appearance; WWE.com's own retrospective directly states Axel 'never entered the over-the-top-rope melee...that means Axel was never technically eliminated'; Online World of Wrestling and Bleacher Report both list Axel (not Rowan) in their numbered elimination sequences. This database's existing modeling (Axel counted with 0:00 ring_time, Rowan given no entrant row) is fully corroborated.",S106,resolved,2026-09-17
F285,RR2015M,entrants,*,ring_time,unverified,"S106 extensively documents multiple specific discrepancies between its own calculated survival times and WWE's own officially published survival times for this match (named examples: Bubba Ray Dudley, Adam Rose, Titus O'Neil, Dean Ambrose), attributing most of them to WWE inconsistently including entrance time as part of 'survival time' for some wrestlers but not others. This database's ring_time field follows this project's own DEFINITIONS.md convention (ring-entry to elimination, excluding entrance walk) rather than WWE's own inconsistent methodology, so these are NOT modeled as CONFLICTING data -- they are a documented difference in what is being measured, not a factual disagreement about what happened. Dean Ambrose is the one exception S106 itself cannot explain (WWE's site lists 10:40 vs. this document's 13:30, a gap too large to be accounted for by entrance time alone) -- flagged here as a genuine unresolved discrepancy pending a future external-research pass. -- RESOLVED by the 2013-2016 fact-check pass: Dean Ambrose's survival time is now CONFIRMED at 10:40 -- a 2nd independent source (Wikipedia) agrees with this database's existing internal figure. The competing 'WWE's own 13:30' claim could not be independently verified verbatim by any external source checked this pass; a related but not-identical figure (13:31, allrumblestats.com) remains an unresolved alternate -- see the new flag above.",S106,resolved,2026-09-17
F286,RR2015M,entrants,roman-reigns;rusev;kane;big-show,is_final_three,needs_human_judgement,"Because Kane and Big Show were eliminated SIMULTANEOUSLY (the same Roman Reigns double-elimination spot), this match went directly from 4 competitors remaining (Reigns, Rusev, Kane, Big Show) to 2 (Reigns, Rusev) -- there was never a moment with exactly 3 wrestlers in the ring. is_final_three is left FALSE for all entrants this year rather than arbitrarily selecting one of Kane/Big Show to represent a 'final three' state that never actually existed. A genuinely unusual structural fact worth surfacing -- the only year built so far with a true 4-to-2 collapse at the finish.",S106,open,2026-09-17
F287,RR2015M,wrestlers,*,real_name;dob;birthplace,unverified,"Bio data added for 4 previously-unseen wrestlers this pass (Bubba Ray Dudley, Bray Wyatt, Curtis Axel, The Boogeyman, Adam Rose) with zero bio data in this pass's source -- names only. Left entirely UNKNOWN, same pattern as every prior year's equivalent flag. NOTE: 'Stardust', 'Damien Mizdow', and 'Bad News Barrett' were NOT added as new wrestlers -- all 3 reused this database's existing 'cody-rhodes', 'damien-sandow', and 'wade-barrett' wrestler_ids respectively (well-documented in-career gimmick/ring-name changes for the same performers).",S106,open,2026-09-17
F288,RR2015M,events;entrances/moves,*,n/a,out_of_scope_no_tool,No video tool connected this session. Same as every prior year's equivalent flag.,,open,2026-09-17
F289,RR2016M,events,RR2016M,event_date;venue;attendance_reported;commentary_team;referees,unverified,"Like every no-Wahlers-chapter year built so far, Shane's document has no separate Dan Wahlers narrative history chapter for 2016 -- only the Cageside timing analysis (this year given as an actual timing TABLE rather than inline prose). Event-level facts (exact date, venue, city, attendance, commentary team, referees, undercard results) are simply absent from the source and left entirely UNKNOWN this pass. event_date is stored as '2016-XX-XX'. Pending a future external-research pass. -- RESOLVED by the 2013-2016 fact-check pass: All previously-UNKNOWN event-level facts filled in externally (date, venue, city, attendance, commentary team, undercard), plus full entry order independently confirmed by 4 sources (Wrestling Inc, Online World of Wrestling, prowrestling.fandom.com, allrumblestats.com), matching this database's existing order exactly.",S107,resolved,2026-09-17
F290,RR2016M,eliminations,*,eliminator_wrestler_id,unverified,"6 of 29 eliminations have an individually named eliminator this pass (5 fully named by S107 plus the standard winner/runner-up inference) -- the richest year built so far for this project's no-Wahlers-chapter era. The remaining 23 elimination-eligible entrants have no named eliminator this pass. Left UNKNOWN rather than guessed. -- RESOLVED by the 2013-2016 fact-check pass: 17 additional eliminator credits recovered this pass (23 of 29 total, up from 6), primarily 3-4 source agreement (allrumblestats.com, a Wikipedia table fetch, prowrestling.fandom.com, Wrestling Inc/Online World of Wrestling). 2 eliminations have a genuine cross-source conflict (Curtis Axel, Alberto Del Rio) -- see F314/F315. Remaining uncredited entrants: Goldust (now credited above, correcting this note) -- 6 entrants remain fully uncredited this pass (no source found any eliminator).",S107,resolved,2026-09-17
F291,RR2016M,eliminations,brock-lesnar,eliminator_wrestler_id,needs_human_judgement,"Brock Lesnar's credited eliminator (Bray Wyatt, shared) undercounts the group involved -- S107 describes this as 'the entire Wyatt Family' with 'Bray's three thugs unfairly [entering] the ring,' implying multiple additional interferers beyond Wyatt himself (most likely Erick Rowan and/or Luke Harper, both already-eliminated Wyatt Family members by this point in the match, interfering from outside -- a known pattern elsewhere in this database, e.g. RR2012M's Michael Cole, RR2014M's Kane/CM Punk). None are individually named by S107, so none beyond Wyatt are added as credited eliminators this pass. Pending a future external-research pass to identify the full group, if recoverable. -- RESOLVED by the 2013-2016 fact-check pass: The other 'thugs' who eliminated Brock Lesnar alongside Bray Wyatt are now individually named: Erick Rowan, Luke Harper, and Braun Strowman -- confirmed by 3 independent sources (WWE.com's own official recap, a Wrestling Inc retro review, allrumblestats.com's data table), matching this database's own prior speculation exactly (Rowan and Harper, both already-eliminated Wyatt Family members interfering from outside) plus Strowman, not individually anticipated at build time. All 3 added as assisting eliminators on the existing elimination row, upgraded to CONFIRMED.",S107,resolved,2026-09-17
F292,RR2016M,entrants,roman-reigns;kofi-kingston,ring_time,unverified,"Roman Reigns and Kofi Kingston both have RAW survival times used for this row's structured ring_time/elim_ts fields (59:48 and 8:10 respectively), per this database's standard convention. S107 separately tracks ADJUSTED figures for both (29:25 and 4:29) accounting for extended mid-match absences from the ring while still officially active in the match -- both figures are preserved in each wrestler's entrant notes. This is NOT a data conflict -- both numbers are correct under their own respective definitions (total official participation window vs. time actually active in the ring) -- but a future pass could consider adding dedicated adjusted-time fields to entrants.csv if this pattern recurs in other years. -- RESOLVED by the 2013-2016 fact-check pass: Roman Reigns's 29:25 adjusted figure independently corroborated by Cageside Seats' own dedicated timing article, matching this database's internal figure exactly. Kofi Kingston's underlying absence event is independently confirmed, but no external adjusted-time NUMBER was found for him this pass -- see the new flag above for this remaining gap.",S107,resolved,2026-09-17
F293,RR2016M,entrants,hunter-hearst-helmsley;sheamus,entry_number,unverified,"Despite Triple H being the OFFICIAL 30th (final) entrant by buzzer order and Sheamus the 29th, S107 directly notes Triple H physically entered the ring BEFORE Sheamus, whose own entrance was interrupted by a Roman Reigns attack and stretched to 4:29 (versus Triple H's 1:17). entry_number in this database follows buzzer/official-draw order (the established convention across every year built so far), not actual physical ring-entry order, so this is preserved as a notable trivia fact in both wrestlers' notes rather than altering the structured entry_number field.",S107,open,2026-09-17
F294,RR2016M,wrestlers,*,real_name;dob;birthplace,unverified,"Bio data added for 6 previously-unseen wrestlers this pass (AJ Styles, Tyler Breeze, Neville, Braun Strowman, Kevin Owens, Sami Zayn) with zero bio data in this pass's source -- names only. Left entirely UNKNOWN, same pattern as every prior year's equivalent flag. NOTE: 'Stardust' was NOT added as a new wrestler -- reused this database's existing 'cody-rhodes' wrestler_id per established precedent.",S107,open,2026-09-17
F295,RR2016M,events;entrances/moves,*,n/a,out_of_scope_no_tool,No video tool connected this session. Same as every prior year's equivalent flag.,,open,2026-09-17
F296,RR2016M,entrants;events,roman-reigns;RR2016M,title_lost_same_card;title_on_the_line;championship_implications;historical_significance,corrected,"CORRECTION (2026-09-17): this year's original build pass incorrectly stated that Roman Reigns lost the WWE Championship to Sheamus earlier on the same show, before entering the Rumble at #1. S107 itself directly states the opposite: 'This match featured Roman Reigns trying to overcome everybody on the roster but ultimately losing his WWE Championship to Triple H' -- i.e. the title was defended WITHIN the Royal Rumble match itself (only the second time in Rumble history a world title was decided by the match itself, after Ric Flair in 1992), and Reigns lost it as a consequence of the match's own outcome when Triple H won, not via any separate same-card bout. No Reigns-vs-Sheamus title match exists anywhere in the source document. (Likely origin of the error: Sheamus's own real-world MITB cash-in loss of the title back to Reigns took place in December 2015, a wholly separate event, probably conflated during the original build.) Corrected: entrants.csv's Roman Reigns row now has title_lost_same_card=FALSE (this field tracks a distinct same-card title match, which did not occur), events.csv's title_on_the_line is now TRUE, and championship_implications/special_rules/winners_reward/historical_significance have all been rewritten to state the correct fact, with a citation to S107's own words.",S107,resolved,2026-09-17
F297,RR2013M,entrants,ryback,elimination_clock_time,conflicting_sources,"Ryback's computed elimination timestamp (54:07 -- entry_actual at #30 plus his stated 8:51 survival time, using this database's own established buzzer/entrance-lag formula) lands exactly 60 seconds short of the match's own total duration (55:07), despite Ryback being confirmed (2 external sources, Wikipedia and allrumblestats.com) as both entrant #30 and the literal final/losing elimination (by John Cena, the winning elimination) -- a discrepancy this large is unusual for this database (every other year's equivalent gap is 1-2 seconds, attributable to bell-ring delay). Checked directly against Shane's original document text, which confirms Ryback's stated figures verbatim ('8m 51s: Ryback' survival, '0m 17s: Ryback' entrance lag) -- ruling out a transcription error on this database's end. The 60-second gap therefore appears to originate either in the source document's own raw timing data or in a subtle entry-order/buzzer-chain issue not otherwise detectable this pass. Left as a genuine, unresolved discrepancy rather than force-fit to the match total.",S109;S040,open,2026-09-17
F298,RR2013M,eliminations,santino-marella,eliminator_wrestler_id,conflicting_sources,"Santino Marella's eliminator is a genuine cross-source conflict: Wikipedia's table leaves this cell blank/uncredited, while allrumblestats.com credits Cody Rhodes. No 3rd source found to break the tie. Left uncredited (eliminated_by_ids UNKNOWN) per this project's documentary-source-first convention -- the stronger, unanimous-agreement standard used for the other 25 recovered credits this pass is not met here.",S109;S040,open,2026-09-17
F299,RR2013M,eliminations,tensai,eliminator_wrestler_id,conflicting_sources,"Tensai's eliminator is a genuine cross-source conflict: Wikipedia credits Kofi Kingston alone, while allrumblestats.com credits Kofi Kingston AND Titus O'Neil jointly. Left uncredited in the structured field pending a tie-breaking 3rd source; both versions preserved here.",S109;S040,open,2026-09-17
F300,RR2013M,eliminations,bo-dallas,eliminator_wrestler_id,conflicting_sources,"Bo Dallas's eliminator is a genuine cross-source conflict: Wikipedia credits Sin Cara AND Wade Barrett jointly, while allrumblestats.com credits Wade Barrett alone. Left uncredited in the structured field pending a tie-breaking 3rd source; both versions preserved here.",S109;S040,open,2026-09-17
F301,RR2013M,eliminations,sin-cara,eliminator_wrestler_id,conflicting_sources,"Sin Cara's eliminator is a genuine cross-source conflict: Wikipedia's table leaves this cell blank/uncredited, while allrumblestats.com credits Ryback. No 3rd source found to break the tie. Left uncredited per this project's documentary-source-first convention.",S109;S040,open,2026-09-17
F302,RR2013M,eliminations,*,eliminator_wrestler_id,conflicting_sources,"Summary flag for the 4 individually-flagged eliminator conflicts this pass (Santino Marella, Tensai, Bo Dallas, Sin Cara) -- see each victim's own elimination-row flag for the specific cross-source disagreement.",S109;S040,open,2026-09-17
F303,RR2013M,events,RR2013M,duration_total,conflicting_sources,"Match duration has a small cross-source scatter: Wikipedia 55:05, allrumblestats.com 55:06, this database's own Cageside-derived figure (matching a dedicated Cageside Seats 'Match Times' retrospective article found this pass) 55:07. Kept at the existing internal CONFIRMED 55:07 per this project's documentary-source-first convention; this is a separate, much smaller discrepancy from Ryback's 60-second gap (see F299).",S109;S040,open,2026-09-17
F304,RR2014M,eliminations,rusev,eliminator_wrestler_id,conflicting_sources,"Rusev's elimination is credited as a 4-man group toss (CM Punk, Cody Rhodes, Kofi Kingston, Seth Rollins) by 2 sources (Wikipedia, WWE.com's own official recap), but as Cody Rhodes alone by theandrewhughes.com. The 2-source group version is used as the primary structured credit; the solo version is preserved here as a documented alternative.",S109;S051;S110,open,2026-09-17
F305,RR2014M,eliminations,the-great-khali,eliminator_wrestler_id,conflicting_sources,"The Great Khali's elimination is credited to The Shield acting together (Reigns, Rollins, Ambrose) by 2 sources (Wikipedia, WWE.com's own official recap), but simplified to 'Reigns' alone by 2 others (theandrewhughes.com, InsidePulse.com). The 2-strong-source group version is used as the primary structured credit; the solo-simplified version is preserved here as a documented alternative.",S109;S051;S110,open,2026-09-17
F306,RR2014M,eliminations,jey-uso,eliminator_wrestler_id,conflicting_sources,"Jey Uso's elimination is credited to Luke Harper alone by 2 sources (Wikipedia, WWE.com's own official recap), but described as a 'Harper/Rowan combination' by theandrewhughes.com. The 2-source solo-Harper version is used as the primary structured credit (already modeled that way); the group-combo version is preserved here as a documented alternative.",S109;S051;S110,open,2026-09-17
F307,RR2014M,events,RR2014M,eliminators_count,unverified,"No third external count of Roman Reigns's eliminations was found -- every source checked (Bleacher Report, WWE.com's own recap and 'coolest things' article, TJR Wrestling's live blow-by-blow review, khelnow.com, allrumblestats.com, smarkoutmoment.com) agrees on the broadcast figure of 12, matching this database's own already-known broadcast credit exactly. No external corroboration was found for this database's guest-analyst-sourced recalculation of 9.5 (see the existing F277) -- that figure appears to be genuinely unique to Shane's document's guest-analyst methodology, with no external precedent found this pass.",S109;S063;S051;S037,open,2026-09-17
F308,RR2015M,entrants,dean-ambrose,ring_time,conflicting_sources,"Dean Ambrose's survival time is now CONFIRMED at 10:40 (2-source agreement: this database's internal Cageside-derived figure + Wikipedia, independently). The originally-flagged competing figures -- '13:30' (cited within Shane's document as 'WWE's own figure', not independently located verbatim externally this pass) and 13:31 (allrumblestats.com, methodology unverified) -- remain unresolved, documented alternates rather than the primary CONFIRMED value.",S109;S040,resolved,2026-09-17
F309,RR2015M,eliminations,kane;big-show,n/a,unverified,"The simultaneous-elimination modeling (Kane and Big Show eliminated together by Roman Reigns, no true 'final three' moment) is corroborated by contemporary narrative sources describing a single, one-motion double elimination (a KB Wrestling Reviews retrospective: 'Reigns gets up for a double elimination'). However, structured database tables (Wikipedia, Online World of Wrestling) list Kane and Big Show with sequential, not tied, elimination-order numbers (27th/28th) -- almost certainly a listing-convention artifact (structured tables need SOME sequential order even for simultaneous events) rather than genuine evidence against simultaneity, but noted per this project's report-don't-silently-resolve convention. No source with exact match-clock timestamps proving same-second simultaneity was found.",S109;S111,open,2026-09-17
F310,RR2015M,eliminations,*,n/a,unverified,"Bray Wyatt's elimination-count total for this match is 6 per Wrestling Inc's dedicated day-after stats article ('Bray Wyatt, Rusev, and Roman Reigns led the Rumble in eliminations, with 6 each'), but the newly-added Wikipedia-sourced elimination credits (this pass) imply 7 for Wyatt if all are counted (Bubba Ray Dudley, The Boogeyman, plus this database's pre-existing internal credits). This 1-count discrepancy was not resolved this pass -- left as an open flag given the reliability caveats already noted on the newly-added credits.",S109;S039,open,2026-09-17
F311,RR2015M,events,RR2015M,duration_total,conflicting_sources,"Match duration has a cross-source conflict: Wikipedia states 59:31, while a Cageside Seats retrospective ('The Complete List of WWE's 2015 PPV Match Times') states 59:35 -- matching this database's own internal Cageside-derived total exactly. Kept at the existing internal CONFIRMED 59:35 per this project's documentary-source-first convention.",S109;S036,open,2026-09-17
F312,RR2016M,eliminations,curtis-axel,eliminator_wrestler_id,conflicting_sources,"Curtis Axel's eliminator is credited to AJ Styles by 2 sources (allrumblestats.com, a Wikipedia table fetch) but to Roman Reigns by a 3rd (prowrestling.fandom.com). The 2-source AJ Styles version is used as primary credit; the Reigns version is preserved here as a documented alternative.",S109;S040;S052,open,2026-09-17
F313,RR2016M,eliminations,alberto-del-rio,eliminator_wrestler_id,conflicting_sources,"Alberto Del Rio's eliminator is credited to Roman Reigns by 2 sources (allrumblestats.com, prowrestling.fandom.com), while a Wikipedia table fetch left this cell blank (a gap, not a directly competing claim). The 2-source Reigns version is used as primary credit.",S109;S040;S052,open,2026-09-17
F314,RR2016M,eliminations,kane;big-show,elimination_clock_time,unverified,"Kane's (28:19) and Big Show's (29:10) elimination timestamps, both by Braun Strowman, are independently confirmed to the exact second by allrumblestats.com's clock-time data -- the 51-second gap between them matches this database's own internal computation exactly. Both eliminations are separately confirmed by 4 sources total (allrumblestats.com, a Wikipedia table fetch, prowrestling.fandom.com, TJR Wrestling). The 2015 comparison (the same Kane/Big Show pairing eliminated simultaneously by Roman Reigns the previous year) is independently corroborated by WWE.com's own official 2015 recap.",S040;S109;S052;S037;S051,resolved,2026-09-17
F315,RR2016M,entrants,roman-reigns;kofi-kingston,notes,unverified,"Roman Reigns's adjusted survival figure (29:25) is independently confirmed by an external source (Cageside Seats), matching this database's internal figure exactly. Kofi Kingston's underlying shoulder-save absence event is independently confirmed (Wrestling Inc, TJR Wrestling), but no external source gives a specific adjusted-time number for him to cross-check against this database's internal 4:29 figure.",S036;S039;S037,resolved,2026-09-17
F316,RR2016M,entrants,hunter-hearst-helmsley;sheamus,notes,unverified,"No external source addressing whether Triple H physically entered the ring before Sheamus (despite being the later official entrant) was found this pass. One detailed match review (The Armbar Express) describes the surrounding sequence without confirming or denying the specific claim. Circumstantial support: allrumblestats.com's entry-clock gap between Sheamus (51:20) and Triple H (53:53) is 2:33, notably longer than the ~90-second standard interval used elsewhere in the same table -- consistent with something unusual happening around that entrance, but not proof of the specific claim. Left as-is, single-sourced (Shane's document) per F293.",S111;S040,open,2026-09-17
F317,,entrants,,wrestlers_eliminated_ids;wrestlers_eliminated_count,corrected,"Systemic resync: entrants.csv's wrestlers_eliminated_ids field (a denormalized convenience copy of eliminations.csv's data, used by build_derived.py to compute each wrestler's most_frequently_eliminated_id/distinct_wrestlers_eliminated_count in career_stats.csv) had never been kept in sync for a large number of rows across many years -- 264 of 872 entrant rows were stale or blank and have been recomputed directly from eliminations.csv (both primary eliminator and assisting credit; self-eliminations correctly excluded from a wrestler's own 'eliminated others' tally). While verifying this against the count fields, 10 entrant rows ALSO turned out to have a stale/wrong wrestlers_eliminated_count (and solo/assisted breakdown) -- most likely from a fact-check pass adding new eliminations.csv credits for a wrestler without re-running recompute_elim_counts for that specific wrestler afterward, plus 2 cases (Andre the Giant 1989, Drew Carey 2001) where a self-elimination had been miscounted as 'eliminating 1 person' (themselves). Affected rows: [('RR1999M', 'kane', '5', 4), ('RR2001M', 'drew-carey', '1', 0), ('RR2004M', 'chris-benoit', '6', 7), ('RR2004M', 'randy-orton', '2', 6), ('RR2004M', 'booker-t', '1', 2), ('RR2004M', 'mick-foley', '2', 1), ('RR2006M', 'hunter-hearst-helmsley', '3', 5), ('RR2006M', 'rey-mysterio', '2', 4), ('RR2006M', 'big-show', '1', 2), ('RR2008M', 'hornswoggle', '2', 1)]. This changes career_stats.csv's total_eliminations_made for the wrestlers involved (notably Randy Orton's 2004 total rises from 2 to 5, Triple H's 2006 total from 3 to 5) -- all increases are evidence-based, drawn from eliminations.csv rows that were already CONFIRMED/PROBABLE in the database, just never reflected in the summary count. Surfaced while cross-checking the Collection of Stats section's rivalry/most-eliminated-type trivia claims against career_stats.csv. -- UPDATE (Collection of Stats pass, 2026-09-17): Also back-filled eliminated_by_ids on 0 previously-blank entrant rows from the same eliminations.csv data (rows that already held any text -- including explanatory 'UNKNOWN' notes like F092's -- were left untouched).",,resolved,2026-09-17
F318,RR1999M,eliminations,kane-1999-self-elim,is_self_elimination,corrected,"Kane's 1999 self-elimination (eliminator_wrestler_id == eliminated_wrestler_id == ""kane"") had is_self_elimination recorded as FALSE despite the row's own notes text already reading 'Self-elimination -- per S050/S037, Kane threw the coat over the rope and then walked out of the ring unprompted...'. Corrected to TRUE. Surfaced by cross-checking this database's self-elimination list (7 found) against Cult of Whatever's and WrestlingInc's independent claim of 9 self-eliminations across Rumble history (Andre 1989, [Savage 1992 -- see below, correctly excluded], Ahmed Johnson 1997, Mil Mascaras 1997, Faarooq 1997, Drew Carey 2001, Kane 1999, Mick Foley 2004, MVP 2010). This database's own list, once Kane is corrected and Ahmed Johnson/Faarooq are added below, also includes Big Bossman (1992) and Hornswoggle (2008), which the trivia source's list omits -- not treated as an error on either side; the trivia list was never claimed to be exhaustive.",S116;S115,resolved,2026-09-17
F319,RR1997M,eliminations,ahmed-johnson;faarooq,eliminator_wrestler_id,corrected,"Ahmed Johnson and Faarooq (Royal Rumble 1997) had NO eliminations.csv row at all prior to this pass, despite both having elimination_clock_time/ring_time already populated on their entrant rows. Added as CONFIRMED self-eliminations per 2 independent sources (WrestlingInc, Cult of Whatever) describing the same well-known angle: Ahmed Johnson leaping out chasing Faarooq, Faarooq then doing the same chasing Johnson upon his own entrance. order_in_match deliberately left blank -- see script comments; this event's eliminations table remains sparse (8 of ~29 eliminations structurally recorded after this pass) and is excluded from the new 'most consecutive eliminations' record below as a result.",S103;S116,resolved,2026-09-17
F320,,career_stats,kane;shawn-michaels;steve-austin;the-undertaker,total_eliminations_made,conflicting_sources,"This database's own computed CAREER elimination totals (Kane 41, Shawn Michaels 29, Steve Austin 28, The Undertaker 22, as of the full 1988-2016 build) are noticeably lower than the figures repeated across Rumble trivia sites (Sky Sports: Kane 43/18 appearances, Michaels 39, Austin 36, Undertaker 35; WrestlingInc/Cult of Whatever/PodSwoggle/SE Scoops, writing before Kane's 2014-16 additions, all cite Michaels's 39 as the all-time record). This is NOT a solo-vs-shared-credit counting difference -- this database already credits every assisting wrestler on a group elimination a full count, verified during this pass. Most likely explanation: this document's own WrestlingInc excerpt notes 'WWE's official website lists several different numbers for both competitors', i.e. even WWE's own promotional figures for this exact comparison are internally inconsistent, and the widely-repeated 39/43 numbers may simply be one of WWE's own inconsistent counts rather than a more-correct one. Left unresolved -- this database's own per-elimination sourcing is preferred over an unreproducible aggregate claim, but flagged prominently as an open question rather than silently ignored.",S115;S116;S103;S117;S102,open,2026-09-17
F321,RR2006M,entrants,rey-mysterio,ring_time,conflicting_sources,"This database's longest-single-appearance record (Rey Mysterio, 2006, 62:14/3734s, from Shane's original document) sits within a small external scatter: Sky Sports and SE Scoops both give 1:02:12 (62:12), while Cult of Whatever gives 1:02:16 (62:16) in the very same article elsewhere restated as 'one hour, two minutes, and sixteen seconds'. A 4-second spread across 3 independent external figures, none of which match this database's own 62:14 exactly. Documentary-source-first convention applied (as with 2013's and 2015's match-duration scatters): this database's original figure is kept as the primary CONFIRMED value, external scatter preserved here rather than adjusted toward any one of the 3 outside figures.",S115;S116;S102,open,2026-09-17
F322,RR1991M,records,R008,value,corrected,"This database's pre-existing 'Shortest single Rumble appearance ever' record credited Randy Savage (00:00, RR1991M) -- but Savage's own entrant row says he 'drew #18 but never entered the match' (see F023): a no-show, not an appearance. The same is true of several other 0:00-ring-time entrants (Bastion Booger 1994/F091, Skull 1998/F141, Test 2004/F175, Scott Taylor 2005/F186, Curtis Axel 2015) -- all advertised-but-never-entered or attacked-before-entering cases, not genuine eliminations. Cross-checking Sky Sports's and SE Scoops's 'shortest time in the Rumble' claim (Santino Marella, eliminated by Kane in 2009, cited as 1.9s and 1.7s respectively) against this database's own data for Santino found his real recorded ring_time of 0:02 (2 seconds) -- an entrant who genuinely entered the ring and was tossed out almost immediately by an opponent, which is what this record type is actually meant to capture. build_derived.py's records.csv generation is corrected this pass to exclude known no-show/never-entered entrants from this specific record, with Santino Marella's 0:02 becoming the new holder; Randy Savage's case remains fully documented via F023, just no longer mis-filed under this record.",S115;S102,resolved,2026-09-17
F323,,eliminations,earthquake-1990;muhammad-hassan-2005,eliminator_wrestler_id,conflicting_sources,"Cross-checking the newly-added 'most wrestlers required for one elimination' stat type (see new records.csv row) against this document's specific headcount claims found 2 mismatches: (1) Earthquake, RR1990M -- this database records 5 contributors (Smash, Haku, Ted DiBiase, Jimmy Snuka, Jim Neidhart) where WrestlingInc/Cult of Whatever claim 6. (2) Muhammad Hassan, RR2005M -- this database records 8 contributors (Edge, Rey Mysterio, Eddie Guerrero, Booker T, Shelton Benjamin, Chris Benoit, Luther Reigns, Chris Jericho) where the same sources claim only 6. The Hassan case connects to this project's already-known open item (the 2005 Muhammad Hassan/Hassan-Davari contradiction referenced in the README's 'Where this leaves things' list) -- this database's own group-elimination row may be over-crediting bystanders who joined the group beatdown without being among the specific 6 who executed the final toss, or the trivia sources may be undercounting a chaotic multi-man spot. Neither this database's counts nor the external claims are changed; both preserved for future research.",S103;S116,open,2026-09-17
F324,RR2007M,eliminations,mabel-viscera-2007,eliminator_wrestler_id,conflicting_sources,"CONFIRMS an existing trivia claim rather than raising a new question: WrestlingInc/Cult of Whatever's claim that it took 8 wrestlers to eliminate Viscera in 2007 (his own record, breaking his prior 7-in-1994-as-Mabel) matches this database's own recorded contributor set for this event exactly -- Rob Van Dam, CM Punk, Edge, Chris Benoit, Johnny Nitro, Shelton Benjamin, Hardcore Holly, Kevin Thorn (8 names). No 1994-as-Mabel equivalent headcount can be similarly confirmed -- that group elimination's contributors remain unnamed (see F092, corroborated separately below).",S103;S116,resolved,2026-09-17
F325,,eliminations,diesel-1994;rikishi-2000;great-khali-2007,order_in_match,conflicting_sources,"Cross-checking the newly-added 'most consecutive solo eliminations in a single Rumble' stat type against this document's specific claim (WrestlingInc/Cult of Whatever: a 7-elimination record shared by Diesel/1994, Rikishi/2000, and The Great Khali/2007) found: The Great Khali's 2007 streak (order_in_match 18 through 24, all solo, Hardcore Holly/Chris Benoit/The Miz/Rob Van Dam/CM Punk/Carlito/Chavo Guerrero) is independently CONFIRMED by this database's own order_in_match sequencing. Diesel's 1994 and Rikishi's 2000 claims could NOT be verified: both years' eliminations.csv rows lack order_in_match data entirely, so true positional consecutiveness cannot be computed from this database. What limited sequencing IS available for 1994 (the order rows were originally entered in) shows Diesel's 7 eliminations interrupted by 2 other wrestlers' eliminations (Scott Steiner eliminating Samu, Owen Hart eliminating Rick Steiner) -- suggestive, though not proof, that Diesel's 7 were not in fact back-to-back. Both totals (Diesel 7, Rikishi 7, in a single match) ARE independently confirmed as correct via this database's own per-wrestler single-match elimination counts; only the CONSECUTIVE framing is in question for these two. Also independently found: Hulk Hogan (RR1989M) also achieves a 7-elimination consecutive streak by this database's own order_in_match data, a case none of this document's trivia sources mention.",S103;S116,open,2026-09-17
F326,RR2016M,events,paddy-power-trend-bands,notes,unverified,"The Paddy Power blog (S108) embedded in this document's 'Collection of Stats' section bins all 780 Rumble entrants (1988-2015) into height/weight/age/experience ranges to predict a 'model winner' for 2016 (Sheamus -- who did not win; Triple H did). This is deliberately NOT converted into a new tracked derived-stat category this pass: the bin boundaries are the original author's own editorial choices, not a standard this database can reproduce or extend without making the same arbitrary judgment calls ourselves, and the piece is explicitly a point-in-time prediction rather than a factual record. Archived as attributed trivia only (see docs/collection_of_stats_claims.md); not modeled as a records.csv entry.",S108,resolved,2026-09-17
F327,RR1991M,eliminations,paul-roma,eliminator_wrestler_id,conflicting_sources,"Wikipedia's own Royal Rumble (1991) elimination table classifies Paul Roma's elimination as a self-elimination. Three independent sources (AllRumbleStats, ProWrestlingHistory.com, royalrumble.fandom.com) plus TJR Wrestling's narrative play-by-play ('Roma charged in at Jake, he ducked and Roma went flying over the top') agree Jake Roberts caused it by evasion. Credited to Jake Roberts per majority + narrative corroboration; Wikipedia's differing classification is likely stylistic (no direct hand contact) rather than a factual dispute about causation, but preserved here rather than silently discarded.",S026;S040;S118;S119;S037,open,2026-09-17
F328,RR1993M,eliminations,mr-perfect,assisting_wrestler_ids,conflicting_sources,"Mr. Perfect's 3-way gang elimination: Wikipedia, AllRumbleStats, OnlineWorldOfWrestling and Grokipedia all agree on Ted DiBiase, Koko B. Ware and Jerry Lawler (Lawler assisting from ringside after his own earlier elimination, per Wikipedia's footnote). One source (WrestlingRecaps.com) names Yokozuna instead of Koko B. Ware as the third contributor. Credited DiBiase/Koko B. Ware/Lawler per the 4-source majority; the dissenting account is preserved here rather than silently discarded.",S035;S040;S042;S120;S052,open,2026-09-17
F329,RR1997M,eliminations,the-sultan,eliminator_wrestler_id,conflicting_sources,"Wikipedia's Royal Rumble (1997) elimination table credits a joint British Bulldog + Mil Mascaras elimination for The Sultan (Rikishi). Three other independent sources (AllRumbleStats, OnlineWorldOfWrestling, eWrestlingNews.com) credit British Bulldog alone. Credited solo per the 3-1 majority; Wikipedia's joint-credit account is preserved here rather than silently discarded.",S035;S040;S042;S121,open,2026-09-17
F330,RR1997M,eliminations,fake-diesel,eliminator_wrestler_id,conflicting_sources,"Wikipedia's Royal Rumble (1997) elimination table credits Steve Austin with eliminating Fake Diesel (Glenn Jacobs). Four other independent sources (OnlineWorldOfWrestling, eWrestlingNews.com, AllRumbleStats, FoxSports.com) credit Bret Hart. Credited Bret Hart per the 4-1 majority; Wikipedia's account is preserved here rather than silently discarded.",S035;S042;S121;S040;S122,open,2026-09-17
F331,RR1997M,eliminations,rocky-maivia,eliminator_wrestler_id,conflicting_sources,"Wikipedia's Royal Rumble (1997) elimination table credits Vader with eliminating Rocky Maivia (The Rock). Three to four other independent sources (OnlineWorldOfWrestling, AllRumbleStats, FoxSports.com -- 'thrown out by Mick Foley' -- and eWrestlingNews.com by implication) credit Mankind. Credited Mankind per the majority; Wikipedia's account is preserved here rather than silently discarded. Note for this database's sourcing hierarchy: across the 1993/1997 elimination-gap research this pass, Wikipedia's own event-article table was the SOLE dissenting source against a multi-source, cross-database consensus in every one of the 5 genuine conflicts found -- worth keeping in mind for future fact-checking passes that currently treat Wikipedia as a primary source.",S035;S042;S040;S122;S121,open,2026-09-17
F332,,entrants,RR1991M;RR1992M;RR1993M;RR1995M;RR1997M,wrestlers_eliminated_ids;wrestlers_eliminated_count;eliminated_by_ids,corrected,"Following this pass's dedicated elimination-gap research (114 new eliminator credits across these 5 events, closing 116 of the database's 165 originally-uncredited eliminations), these 5 events' derived summary fields were FULLY recomputed -- not just resynced -- from eliminations.csv: 113 previously-blank eliminated_by_ids fields filled, 59 wrestlers_eliminated_ids fields updated, 145 wrestlers_eliminated_count/solo/assisted fields updated (including filling previously-blank counts with real computed values, which the Collection of Stats pass's F317 deliberately did NOT do database-wide). This is a deliberate, narrower exception to F317's conservative rule: these 5 events specifically now have comprehensive (28-29 of ~29) elimination coverage as a direct result of this pass, so a blank count field here genuinely does mean 'zero, now confirmed' rather than 'not yet computed for this era' -- unlike the general database-wide state addressed by F317.",,resolved,2026-09-17
F333,,wrestlers,animal;billy-gunn;british-bulldog;hawk;hunter-hearst-helmsley;jesse-james;rick-steiner;scott-steiner;texas-tornado;bart-gunn;beau-beverly;blake-beverly;demolition-crush;doink;doink-1995;eli-blu;giant-gonzalez;headshrinker-sione;irwin-r-schyster;jacob-blu;jerry-sags;jimmy-del-ray;kato;mabel;mo;steven-dunn;the-berzerker;the-genius;the-great-tanaka;timothy-well;tom-prichard,hall_of_fame_year,corrected,"Triggered by Shane's fact-check (2026-09-18): he correctly identified that Eli Blu, Jimmy Del Ray and Tom Prichard, shown in the dashboard's R013 'Rumble with most eventual Hall of Famers' record, are not WWE Hall of Famers. A full scan of wrestlers.csv found this was systemic, not isolated: the hall_of_fame_year field held a stray tag-team/gimmick-name string (a leftover scratch note from row creation in build_1991.py-build_1997.py, never actually verified as HOF data) for 31 wrestler_ids, which build_derived.py's naive truthy check on this field silently miscounted as inductions. Researched each of the 31 individually against WWE.com's official induction announcements and Wikipedia's year-by-year HOF class articles: 9 are genuine inductees and had their field corrected to the real induction year (hawk/animal 2011, rick-steiner/scott-steiner 2022, hunter-hearst-helmsley 2025, jesse-james/billy-gunn 2019 via D-Generation X, texas-tornado 2009 via the Von Erich family, british-bulldog 2020); the other 22, including all 3 Shane named, are confirmed not inducted and had the field blanked (no data lost -- the team/gimmick text these cells held is already preserved in each row's own notes field). R013 recomputed accordingly by build_derived.py after this patch; see scripts/factcheck_hall_of_fame_field.py's docstring for the full per-wrestler breakdown.",S123;S124;S125,resolved,2026-09-18
F334,,wrestlers,hulk-hogan,deceased_date,corrected,"Shane noticed RR1990M's R014 leaderboard card (most now-deceased entrants, 8) didn't include Hulk Hogan -- RR1990M's own winner -- despite Hogan having died. wrestlers.csv's hulk-hogan row simply had a blank deceased_date; this database was never updated after his death. Confirmed 2025-07-24 (age 71) via WWE.com's official announcement and Wikipedia. now_deceased_count is recomputed fresh from today's date on every build_derived.py run, so this single correction updates every Rumble Hogan entered (1990-2006), not just 1990.",S126;S127,resolved,2026-09-18
F335,RR2013M,entrants,santino-marella;prince-albert;hunico;bo-dallas,eliminated_by_ids,corrected,"Shane's quality-check pass specifically named Santino Marella (-> Cody Rhodes) and Tensai (-> Kofi Kingston, wrestler_id prince-albert) as unrecorded eliminations; checking the rest of RR2013M's originally-blank eliminated_by_ids turned up 2 more resolvable gaps: Sin Cara (wrestler_id hunico) -> Ryback, and Bo Dallas -> Wade Barrett (a post-elimination interference spot -- Barrett eliminated Dallas right back after Dallas had just eliminated him). All 4 confirmed via 2+ independent sources each. A 5th gap, Brodus Clay, was NOT resolved -- every source checked describes a gang elimination without naming individual contributors, and this project's rule is to flag rather than guess -- see F336.",S039;S078;S109;S128;S121,resolved,2026-09-18
F336,RR2013M,entrants,brodus-clay,eliminated_by_ids,unverified,"Brodus Clay's eliminator(s) could not be resolved this pass. Every source checked (WrestlingInc.com, Sportskeeda, wwebrady.fandom.com, eWrestlingNews.com) independently describes this as a gang elimination ('multiple people' / 'a number of wrestlers' / 'everyone gangs up on Brodus Clay ... because he's the widest') but none names the individual contributor(s). Left unrecorded rather than guessing; worth another pass with narrower/alternate sources (e.g. a play-by-play transcript) if this matters for a specific stat later. Resolved by the named five-person credit in Wikipedia and independently matching Pro Wrestling History table.",S039;S078;S128;S121;S109;S481,resolved,2026-09-18
F337,RR1988M,eliminations,the-ultimate-warrior,eliminator_wrestler_id,unverified,"Found during Shane's event-by-event fact-check sweep. The structured record (S001 Wikipedia + S004 Shane's doc, agreeing) credits Dino Bravo and One Man Gang jointly with eliminating Ultimate Warrior. Scott Keith's blow-by-blow recap (S010, independently reaccessed as S129) instead says Ron Bass eliminated him. Kept the structured 2-source credit as CONFIRMED per this database's standard (narrative accounts don't override 2-source structured agreement), but marked is_disputed=TRUE with the recap's account preserved in notes -- the same treatment F006 already gave the Bravo/One Man Gang final sequence in this same match. UPDATE 2026-09-18: Shane personally checked this and confirmed Dino Bravo + One Man Gang is correct -- the structured record stands, Scott Keith's recap was the inaccurate account here. is_disputed reverted to FALSE on both eliminations.csv rows.",S001;S004;S010;S129,resolved,2026-09-18
F338,RR1992M,eliminations;entrants,smash;hercules,eliminator_wrestler_id;eliminated_by_ids,corrected,"Found during the 1989-1992 fact-check sweep. scripts/factcheck_elimination_gaps_1991_1997.py (deployed earlier this session, flag F332) credited Smash's and Hercules's RR1992M eliminations to wrestler_id 'big-boss-man' (hyphenated) -- but that id belongs to a DIFFERENT, later wrestler entry in this database: Ray Traylor's 1999-era 'Corporation' Big Boss Man (see wrestlers.csv's own bio note on that id, and F119). The wrestler who actually entered RR1992M is a separate, earlier id, 'big-bossman' (no hyphen) -- already used correctly on his own RR1992M row (entry #13, self-eliminated lunging at Ric Flair) and confirmed as the canonical 1992 id by build_1992.py's own WRESTLER_ID_MAP. Corrected both eliminator credits (eliminations.csv eliminator_wrestler_id, entrants.csv eliminated_by_ids) from 'big-boss-man' to 'big-bossman'. Internal-consistency fix, no new sources needed -- the underlying elimination facts were already CONFIRMED via S020/S021/S026/S042, only the id was wrong.",S020;S021;S026;S042,resolved,2026-09-18
F339,,wrestlers,roddy-piper;dusty-rhodes;jimmy-snuka;earthquake;texas-tornado;british-bulldog;hawk;animal;demolition-crush;jim-neidhart;butch-miller;col-mustafa,deceased_date;hall_of_fame_year,corrected,"1989-1992 fact-check sweep: audited every 1989-1992 Rumble entrant's deceased_date field (the same field Shane's original Hogan complaint, F334, was about) and found 12 more wrestlers who are confirmed deceased but had a blank deceased_date -- Roddy Piper (2015-07-31), Dusty Rhodes (2015-06-11), Jimmy Snuka (2017-01-15), Earthquake/John Tenta (2006-06-07), Texas Tornado/Kerry Von Erich (1993-02-18), British Bulldog/Davey Boy Smith (2002-05-18), Road Warrior Hawk (2003-10-19), Road Warrior Animal (2020-09-22), Demolition Crush/Brian Adams (2007-08-13), Jim Neidhart (2018-08-13), Bushwhacker Butch (2023-04-02), and Col. Mustafa/The Iron Sheik (2023-06-07, see F341/the Col. Mustafa notes fix below for why this one needed extra unpacking). Each confirmed via Wikipedia (S022) cross-checked against at least one independent news/obituary or wrestling-database source (S130/S131). Incidentally also found 3 real Hall of Fame inductions missing from hall_of_fame_year for the same reason (Piper 2005, Rhodes 2007, Snuka 1996) plus Jim Neidhart's 2019 Hart Foundation induction and Col. Mustafa/Iron Sheik's 2005 induction -- confirmed via WWE.com's own Hall of Fame pages (S132). now_deceased_count and the HOF-members leaderboards are recomputed fresh from this data on every build_derived.py run, so this corrects every Rumble any of these 12 wrestlers entered, not just 1989-1992.",S022;S130;S131;S132,resolved,2026-09-18
F340,,wrestlers,*,deceased_date,unverified,"Flagged for Shane, not fully actioned this pass: the deceased-status audit above only covered the ~30 entrants each of RR1989M-RR1992M (this batch's 4 events) -- it found 12 missing deaths in just that slice, which strongly suggests deceased_date is incomplete across the FULL ~328-wrestler roster, not only for events built/swept so far. Worth a dedicated database-wide pass rather than only catching these incidentally as each new event's sweep happens to touch a deceased wrestler.",,open,2026-09-18
F341,RR1992M,wrestlers,col-mustafa,notes;hall_of_fame_year;deceased_date,corrected,"Found while resolving F031: the col-mustafa wrestlers.csv row already had Col. Mustafa's correct real identity (Hossein Khosrow Ali Vaziri / The Iron Sheik) fully CONFIRMED with real_name/dob/birthplace filled in from an earlier pass (S020;S021;S022;S023) -- but that row's own notes text still said 'No real-identity connection stated... No bio data', flatly contradicting the data 2 rows up in the same file. Because of that self-contradiction, no later pass (including this database's Hall-of-Fame-field cleanup, F333) had reason to also add his Hall of Fame year or death date, even though both are trivially findable once you know this is the Iron Sheik. Fixed the notes text and added hall_of_fame_year (2005) and deceased_date (2023-06-07). Logged as its own flag since this is a distinct root cause (a stale/self-contradicting notes field) from the plain missing-data pattern in the main deceased-status audit flag above.",S130;S131;S132,resolved,2026-09-18
F342,,notable_moments,,n/a,corrected,"Built notable_moments.csv (schema added to scripts/schema.py) per Shane's go-ahead, to hold the 'weird and wonderful' trivia findings from the fact-check sweep that don't reduce to a single leaderboard number -- see IDEAS.md's 'exhaustive stats' brief. Seeded with the first 5 findings from the 1989-1992 sweep (NM001-NM005): Andre the Giant's advertised-then-withdrawn 1991 appearance, Brian Knobbs's 1991 late substitution for Honky Tonk Man, three 1992 absences/substitutions (Knobbs stabbed, Hart's kayfabe fever, Jannetty written out/fired), Rick Martel's first-ever 50+ minute survival, and the reported re-recorded 1992 commentary for Sid Justice's elimination of Hulk Hogan. 3 new sources (S133-S135).",S133;S134;S135,resolved,2026-09-18
F343,RR1992M,notable_moments,NM005,description,unverified,"The 'WWE re-recorded RR1992M's commentary track' claim (NM005) is single-sourced this pass (cultaholic only) -- no second independent source was found confirming the specific re-recording/dubbing claim, as opposed to the more general (and well-documented) fact that Sid Justice's win was booked as a heel turn. Kept at PROBABLE rather than CONFIRMED. Worth another look with a play-by-play source or, ideally, a direct footage comparison if a video tool becomes available.",S134,open,2026-09-18
F344,,wrestlers,bam-bam-bigelow;king-kong-bundy;dick-murdoch;owen-hart;vader;jimmy-del-ray;yokozuna,deceased_date;hall_of_fame_year,corrected,"1993-1996 fact-check sweep, continuing the deceased-status audit from batch 1 (F339-F341): 6 more wrestlers confirmed deceased with a blank deceased_date -- Bam Bam Bigelow (2007-01-19), King Kong Bundy (2019-03-04), Dick Murdoch (1996-06-15, whose own row notes already said 'Deceased (per S031)' without the date field ever being filled in), Owen Hart (1999-05-23; confirmed NOT a WWE Hall of Famer, a genuine documented case, so hall_of_fame_year intentionally left blank), Vader (2018-06-18), and Jimmy Del Ray (2014-12-06, per WWE.com's own tribute article). Also added Yokozuna's 2012 Hall of Fame induction (WWE.com), missing despite his deceased_date already being correct. Checked but explicitly NOT changed: this database's 'doink'/'doink-1995' wrestler_ids are, per existing flags F095/F096, a different performer (Ray Apollo/Ray Licameli) than Matt Borne (d. 2013) -- no evidence of Ray Apollo's death was found, so left alone rather than wrongly conflated. Great Kabuki, Headshrinker Sione, Jacob Blu/Don Harris, and The Headhunters were also checked with no death evidence found.",S022;S136;S137,resolved,2026-09-18
F345,RR1993M;RR1996M,notable_moments,NM006;NM007,n/a,corrected,"Added 2 more notable_moments.csv rows for the 1993-1996 batch: RR1993M's Giant Gonzalez interloper elimination (surfacing existing, already-sourced content into the new table) and RR1996M's Free-For-All pre-show match that set entry #1/#30 (newly researched, 2 independent sources, cross-validated against this database's own entry numbers). 3 new sources (S136-S138).",S027;S028;S136;S138,resolved,2026-09-18
F346,,wrestlers,chyna;terry-funk;brian-christopher;droz;golga;big-bossman;big-boss-man,deceased_date;hall_of_fame_year;real_name;dob;birthplace,corrected,"1997-2000 fact-check sweep, continuing the deceased-status audit from batches 1-2 (F339-F341, F344-F345): 4 more wrestlers confirmed deceased with a blank deceased_date -- Chyna (2016-04-17, the autopsy-determined date, not the 2016-04-20 found-date some outlets use), Terry Funk (2023-08-23; also added his 2009 WWE Hall of Fame induction, previously missing), Brian Christopher/Grandmaster Sexay (2018-07-29), and Darren 'Droz' Drozdov (2023-06-30 -- a correction to the common assumption that Droz, paralyzed by a real 1999 in-ring injury, was still alive; verified via WWE.com's own tribute article rather than assumed). Also completed 2 same-real-person bio gaps using this database's own already-sourced sibling data rather than new assumptions: golga's dob/deceased_date/birthplace filled in from the 'earthquake' id (both rows already independently name John Tenta), and big-boss-man's real_name/dob/deceased_date filled in from the 'big-bossman' id (F338 already identifies big-boss-man as 'Ray Traylor's 1999-era Corporation Big Boss Man' in its own text; the two ids remain separate rows per this database's gimmick-era convention -- only the underlying real-person facts were completed). Also newly found and added to BOTH big-bossman and big-boss-man: Ray Traylor's 2016 WWE Hall of Fame induction, previously missing from both. Checked but found no death evidence for Bob Backlund, Jake Roberts, Jerry Lawler (an unrelated same-name 1938-2026 obituary was checked and ruled out against Wikipedia directly), Mil Mascaras, Pierroth Jr., and Vince McMahon.",S022;S131;S139,resolved,2026-09-18
F347,RR1997M;RR1999M;RR2000M,notable_moments,NM008;NM009;NM010;NM011,n/a,corrected,"Added 4 more notable_moments.csv rows for the 1997-2000 batch: RR1997M's Bret Hart/Austin missed-call finish and Mil Mascaras' self-elimination dive (both surfacing existing, already-sourced content from F081/F082 into the new table), RR1999M's Vince McMahon win and title-shot forfeiture, and RR2000M's Rock/Big Show botched-finish controversy (both newly researched, 2 independent sources each).",S022;S033;S034;S041;S138,resolved,2026-09-18
F348,,wrestlers,jamal,deceased_date,corrected,"2001-2004 fact-check sweep batch 4, continuing the deceased-status audit from batches 1-3: jamal (Edward 'Eddie' Fatu -- this database's own notes already record the jamal/umaga identity merge from an earlier 2003-2007 fact-check pass, see F198) confirmed deceased 2009-12-04 (heart attack brought on by acute toxicity of multiple substances), per Wikipedia cross-checked against CNN's contemporary report (S131 bucket). Also spot-checked Bull Buchanan, Haku, Perry Saturn, Steve Blackman, Spike Dudley, Hardcore Holly, Rene Dupree, Ernest 'The Cat' Miller, and Scott Steiner -- no death evidence found, left unchanged. The remaining ~55 RR2001-2004 entrants are prominent, recently-active or recently-newsworthy figures not individually re-verified this pass (realistic-pace note from the 1988 pilot: batches size by effort, not a fixed per-name checklist).",S022;S131,resolved,2026-09-19
F349,,wrestlers,faarooq;booker-t;mick-foley;eddie-guerrero;kane;kurt-angle;diamond-dallas-page;the-undertaker;rey-mysterio,hall_of_fame_year,corrected,"2001-2004 fact-check sweep batch 4: a NEW audit type (not specifically targeted in batches 1-3) -- WWE Hall of Fame induction year, found blank for several RR2001-2004 entrants who have since been inducted. Reused this database's own existing reusable HOF-bucket sources (S123, S124) rather than registering new ones. Added: Ron Simmons/Faarooq (2012), Booker T (2013), Mick Foley (2013), Eddie Guerrero (2006, posthumous), Kane/Glenn Jacobs (2021), Kurt Angle (2017), Diamond Dallas Page (2017), The Undertaker (2022, a rare solo induction), and Rey Mysterio (2023). Checked and found NOT yet inducted, left unchanged: Edge. Likely worth a dedicated database-wide Hall of Fame pass rather than picking it up incidentally batch by batch -- see IDEAS.md.",S123;S124,resolved,2026-09-19
F350,RR2001M;RR2002M;RR2003M;RR2004M,notable_moments,NM012;NM013;NM014;NM015;NM016;NM017;NM018,n/a,corrected,Added 7 notable_moments.csv rows for the 2001-2004 batch: RR2001M's Drew Carey celebrity cameo and Steve Austin's delayed/out-of-order entry (F130); RR2002M's Maven/Undertaker upset elimination and Mr. Perfect's surprise swan-song return; RR2003M's Batista chair-shot interference (F171); RR2004M's Mick Foley/Test substitution reveal (F175) and the Foley/Orton double-clothesline elimination (F176). All 7 surface content already CONFIRMED elsewhere in this database (events.csv historical_significance text or resolved flags) into the dedicated notable_moments panel rather than being newly researched from scratch.,S040;S048;S049;S050;S065;S066;S067;S073,resolved,2026-09-19
F351,,wrestlers,,deceased_date,unverified,"2005-2008 fact-check sweep batch 5, continuing the deceased-status audit from batches 1-4: all 73 unique RR2005M-RR2008M entrants checked (8 already had deceased_date set from earlier passes). Individually spot-checked the lower-profile/higher-perceived-risk names -- The Great Khali, The Sandman, Orlando Jordan, Muhammad Hassan, Trevor Murdoch, Kenzo Suzuki, Psicosis, Gene Snitsky, Luther Reigns, Mark Jindrak, Kevin Thorn, Simon Dean/Gotch, Sylvain Grenier, and Daniel Puder. Unlike every prior batch, found NO new deaths this pass -- logged explicitly as a checked-and-clear result, not a skipped audit.",S022;S131,resolved,2026-09-20
F352,,wrestlers,ric-flair;the-great-khali;mark-henry;rob-van-dam,hall_of_fame_year,corrected,"2005-2008 fact-check sweep batch 5, continuing the WWE Hall of Fame bio-completion audit started in batch 4: Ric Flair (2008), The Great Khali (2021), Mark Henry (2018), and Rob Van Dam (2021) -- all previously blank hall_of_fame_year fields, confirmed via this database's existing reusable HOF-bucket sources (S123, S124).",S123;S124,resolved,2026-09-20
F353,RR2005M;RR2006M;RR2007M;RR2008M,notable_moments,NM019;NM020;NM021;NM022;NM023;NM024;NM025,n/a,corrected,"Added 7 notable_moments.csv rows for the 2005-2008 batch: RR2005M's real Vince McMahon quad injury during the botched Batista/Cena finish (F185) and Kurt Angle's post-elimination attack on Shawn Michaels (F184/F212); RR2006M's Kane 8th-consecutive-appearance claim, deliberately logged as PROBABLE rather than CONFIRMED; RR2007M's celebrated Undertaker/Michaels final segment and the first-3-brands milestone; RR2008M's John Cena surprise-return win and Hornswoggle's unusual under-the-ring participation (F224/F225). Mostly surfaced from content already CONFIRMED elsewhere in this database rather than newly researched.",S024;S037;S040;S068;S069;S072;S073;S078;S079;S080;S081,resolved,2026-09-20
F354,,wrestlers,husky-harris;bray-wyatt,deceased_date,corrected,"2009-2012 fact-check sweep batch 6, continuing the deceased-status audit from batches 1-5: all 71 unique RR2009M-RR2012M entrants checked -- unlike every prior batch, NONE already had deceased_date set going in. Individually spot-checked the lower-profile/higher-perceived-risk names (Jim Duggan, Jerry Lawler -- a 2025 stroke, confirmed alive and recovering, not a death -- Kevin Nash/Diesel, Kharma, Tyson Kidd, Curtis Axel, Mason Ryan, Vladimir Kozlov, Chris Masters, Ezekiel Jackson, Tyler Reks, Epico/Primo, Finlay, William Regal, Road Dogg, Mike Knox, JTG, The Brian Kendrick, Shelton Benjamin, Chavo Guerrero, Carlito, and Johnny Nitro) and found exactly one new death: husky-harris (Windham Lawrence Rotunda), died 2023-08-24 of a heart attack in his sleep related to an undisclosed heart condition, independently corroborated by CBS News, CBS Sports, TVLine and Cageside Seats in addition to Wikipedia. Also completed a same-real-person bio gap using this database's own already-sourced sibling data, the same pattern used for golga/earthquake in batch 3: bray-wyatt's real_name/dob/deceased_date filled in from husky-harris's own row (both rows already independently state the identity link), at PROBABLE -- matching husky-harris's own single-sourced confidence rather than an upgrade. The two ids remain separate rows per this database's gimmick-era convention.",S022;S131,resolved,2026-09-20
F355,,wrestlers,edge;beth-phoenix;diesel,hall_of_fame_year,corrected,"2009-2012 fact-check sweep batch 6, continuing the WWE Hall of Fame bio-completion audit started in batch 4: Edge (2012, individual induction following his 2011 forced retirement), Beth Phoenix (2017), and Kevin Nash (2015, individually inducted under his own name rather than 'Diesel' -- recorded on this database's 'diesel' wrestler_id row per the project's gimmick-era-split convention; he also has a separate, not-modeled-here 2020 group induction as part of the nWo). All previously blank hall_of_fame_year fields, confirmed via this database's existing reusable HOF-bucket sources (S123, S124). Checked and found NOT yet inducted, left unchanged: William Regal, Road Dogg (group-only DX induction, 2019 -- doesn't satisfy this field's individual-induction convention), MVP, Goldust, and Matt Hardy.",S123;S124,resolved,2026-09-20
F356,RR2009M;RR2010M;RR2011M;RR2012M,notable_moments,NM026;NM027;NM028;NM029;NM030;NM031;NM032;NM033,n/a,corrected,"Added 8 notable_moments.csv rows for the 2009-2012 batch: RR2009M's Santino Marella record-breaking 0:02 survival time; RR2010M's Edge shortest-winning-time record and Beth Phoenix's second-woman-ever milestone; RR2011M's first-ever 40-man Rumble milestone; RR2012M's full commentary-team entrants, Kofi Kingston's handstand escape, The Miz's non-entrant interference elimination of John Cena (F262), and Big Show's unusual before-his-own-entry eliminations (F241, deliberately logged PROBABLE not CONFIRMED, single-sourced). Mostly surfaced from content already CONFIRMED elsewhere in this database rather than newly researched.",S059;S082;S083;S084;S085;S086;S089;S097,resolved,2026-09-20
F357,,wrestlers,luke-harper,deceased_date,corrected,"2013-2016 fact-check sweep batch 7 (the final batch, completing the full 1988-2016 sweep), continuing the deceased-status audit from batches 1-6: all 65 unique RR2013M-RR2016M entrants checked. Individually spot-checked the lower-profile/higher-perceived-risk names (The Godfather, Bradshaw/JBL, Bubba Ray Dudley, Adam Rose, Prince Albert, The Boogeyman, El Torito, Hunico, Damien Sandow, Darren Young, Erick Rowan, Heath Slater, Zack Ryder, Fandango, Tyler Breeze, Bo Dallas, Jack Swagger, David Otunga) and found exactly one new death: luke-harper (Jon Huber, also wrestled in AEW as Brodie Lee), died 2020-12-26 of complications from a rare non-COVID progressive lung disease tied to an underlying autoimmune/blood disorder. Independently corroborated by WWE's own tribute coverage and mainstream sports press in addition to Wikipedia.",S022;S131,resolved,2026-09-20
F358,,wrestlers,the-godfather;bradshaw,hall_of_fame_year,corrected,"2013-2016 fact-check sweep batch 7, continuing the WWE Hall of Fame bio-completion audit started in batch 4: The Godfather/Charles Wright (2016, individual induction) and Bradshaw/John Layfield (2020, individual induction). Both previously blank hall_of_fame_year fields, confirmed via this database's existing reusable HOF-bucket sources (S123, S124). Checked and found NOT individually inducted, left unchanged: Bubba Ray Dudley (the Dudley Boyz were inducted as a tag team in 2018 -- a group-only induction that doesn't satisfy this field's individual-induction convention, same treatment as Road Dogg/DX in batch 6).",S123;S124,resolved,2026-09-20
F359,RR2013M;RR2014M;RR2015M;RR2016M,notable_moments,NM034;NM035;NM036;NM037;NM038;NM039;NM040;NM041;NM042;NM043,n/a,corrected,"Added 10 notable_moments.csv rows for the 2013-2016 batch (the final batch of the sweep): RR2013M's Cena 2nd-win rarity and The Godfather's 5-gimmick farewell; RR2014M's Reigns record-elimination fan backlash (with the uncorroborated 9.5 recalculation noted honestly), the 'Not Daniel Bryan' Rey Mysterio surprise, and Xavier Woods's never-realized entrant spot (F279, PROBABLE, single-sourced); RR2015M's Daniel Bryan/Philadelphia boo-fest and Curtis Axel's Erick-Rowan substitution; RR2016M's then-longest-ever 61:43 running time, Roman Reigns's in-match title defense (only the 2nd in Rumble history), and the individually-named Wyatt Family group elimination of Brock Lesnar (F313-F318). Mostly surfaced from content already CONFIRMED elsewhere in this database rather than newly researched.",S040;S102;S103;S104;S105;S106;S107;S109;S114,resolved,2026-09-20
F360,RR2017M,eliminations;entrants,sheamus;cesaro,elim_number,conflicting_sources,"Sheamus and Cesaro's relative elimination order is CONFLICTING between sources: S140 (Wikipedia) orders them Cesaro-13th/Sheamus-14th; S143 (WrestlingInc.com, an independently-written narrative recap) orders them Sheamus-13th/Cesaro-14th. Both were eliminated by Chris Jericho within seconds of each other (a near-simultaneous double-elimination spot). No third source with an explicit numbered sequence was found to break the tie. This script uses S140's ordering for the structured elim_number field (tie-broken by source tier per DEFINITIONS.md) but logs data_quality_status=CONFLICTING on both rows rather than treating it as settled. Their eliminator credit (Chris Jericho) and individual ring times are NOT in dispute.",S140;S143,open,2026-09-20
F361,RR2017M,entrants;eliminations,*,elimination_clock_time,unverified,"Unlike the pre-2013 years (where Shane's own Cageside timing analysis provided buzzer-gap/time-between-entrants data directly), no source recovered this pass gives entry timing granular enough to reconstruct global match-clock timestamps (elimination_clock_time) with confidence. Each entrant's own ring_time (individual survival duration) IS populated and CONFIRMED, sourced directly rather than derived -- only the global-clock fields are left UNKNOWN, per this database's 'never invent data' rule.",S140;S141;S143,open,2026-09-20
F362,RR2017M,events,RR2017M,duration_total,conflicting_sources,"Total match duration is reported as 1:02:06 by S141 (WWE.com, tier 1) and 1:02:07 by S140 (Wikipedia, tier 10) -- a 1-second variance, immaterial but logged rather than silently rounded. This script uses S141's figure per this database's tier-hierarchy tie-breaking convention.",S140;S141,open,2026-09-20
F363,RR2017M,events,RR2017M,commentary_team;referees,unverified,"Commentary team (Michael Cole, Corey Graves, Jerry Lawler) and the referee roster are single-sourced this pass (Wikipedia only, S140), not independently cross-checked against a second source -- low-risk claims, but flagged per this database's sourcing standard rather than silently upgraded to CONFIRMED. Separately: Cesaro and Sheamus's 3 shared eliminations this match reflect an ad hoc pairing, not yet WWE's later-established 'The Bar' tag team as of this date (Jan 29, 2017) -- tag_team_name left blank for both rather than assuming the later team name applied retroactively.",S140,open,2026-09-20
F364,RR2017M,wrestlers,big-cass;kalisto;mojo-rawley;jack-gallagher;tye-dillinger;james-ellsworth;baron-corbin;xavier-woods;apollo-crews;enzo-amore;goldberg,hall_of_fame_year;real_name;dob;birthplace,corrected,"NEW PROCESS starting this build, per Shane's explicit instruction (2026-09-20): WWE Hall of Fame status is now checked for every new wrestler as part of building the event they're first added in, rather than picked up later as a separate incidental audit pass (as it was for the 1988-2016 fact-check sweep). Bio data (real name, dob, birthplace) and HOF/deceased status were researched live for all 11 wrestlers new to this database this pass -- a meaningful upgrade over the pre-2017 years' UNKNOWN bio placeholders, which existed only because Shane's own source document had zero bio content for those entrants; this pass has real external research available instead. Result: 10 of the 11 are not yet HOF-inducted; Goldberg WAS caught immediately -- individually inducted in 2018 (announced Jan 15, 2018; ceremony April 6, 2018) -- added to his row at build time rather than waiting for a future sweep to find it incidentally. All bio fields recorded at PROBABLE (single-sourced this pass, Wikipedia) pending a second source.",S022;S123;S124,resolved,2026-09-20
F365,RR2017M,entrances;moves,*,n/a,out_of_scope_no_tool,No video tool connected this session. Same as every prior year's equivalent flag.,,open,2026-09-20
F366,RR2017M,notable_moments,NM044;NM045;NM046;NM047;NM048;NM049;NM050,n/a,corrected,"Added 7 notable_moments.csv rows for this newly-built event: Randy Orton's 2nd Rumble win (7th multi-time winner), Tye Dillinger's beloved 'Perfect 10' entrance, Roman Reigns wrestling twice in one night, James Ellsworth's 15-second run, Braun Strowman's match-high 7 eliminations, Goldberg's elimination of Brock Lesnar previewing their WrestleMania 33 feud, and this being the last men's-only Royal Rumble before the Women's Royal Rumble launched in 2018.",S140;S141,resolved,2026-09-20
F367,RR2018M,entrants,sheamus,ring_time,conflicting_sources,"Sheamus's elimination/survival time is genuinely CONFLICTING between sources: S145 (WWE.com, tier 1) states 0:20 (20 seconds); S144 (Wikipedia)'s own footnote gives 0:02; S147 (Cageside Seats' independent fan re-timing) gives 0:03; S151 (KhelNow.com) gives 2.2 seconds; S150 (WhatCulture) explicitly calls WWE.com's 20-second figure 'clearly wrong given what's visible on tape' without certifying an exact replacement; and Heath Slater himself has publicly claimed as little as 0.8 seconds. Four independent, differently-sourced re-timings converge on roughly 2-3 seconds, versus a single official WWE.com figure of 20 seconds -- likely a WWE.com data-entry error, though no WWE correction confirming that theory was found. This script records S145's tier-1 figure (0:20) in the structured ring_time field per DEFINITIONS.md's source-tier tie-break convention, but marks ring_time_status=CONFLICTING (not CONFIRMED) on Sheamus's entrant row rather than silently trusting the official number over four independent counter-sources. Her eliminator credit (Heath Slater) and the elimination's position in the order (3rd) are NOT in dispute -- only the exact duration.",S144;S145;S147;S150;S151,open,2026-09-20
F368,RR2018M,wrestlers,elias;adam-cole,real_name;birthplace,conflicting_sources,"Two minor bio-data conflicts surfaced while researching this pass's new wrestlers: (1) Elias's middle name is given as 'Daniel' by Wikipedia (S022) but 'Logan' by two other independent sources (prowrestling.fandom.com, gerweck.net) -- his first name, surname, DOB and birthplace are consistent across all sources, only the middle name conflicts, so real_name is left as 'Jeffrey Sciullo' without a middle name rather than guessing between the two. (2) Adam Cole's birthplace is given as Lancaster, Pennsylvania by Wikipedia (S022, corroborated by a LancasterOnline article independently calling him a 'Lancaster County native') but as Panama City, Florida by Cagematch.net (S148) -- Lancaster is the better-sourced claim but Cagematch's claim was not found refuted anywhere, so birthplace_status is recorded as CONFLICTING rather than CONFIRMED.",S022;S148,open,2026-09-20
F369,RR2018M,wrestlers,finn-balor;elias;andrade;shinsuke-nakamura;aiden-english;adam-cole,hall_of_fame_year,corrected,"Continuing the process established at RR2017M: WWE Hall of Fame status and deceased status were checked for all 6 wrestlers new to this database this pass, as part of this build rather than a later audit. Result: none of the 6 are WWE Hall of Fame inductees as of today (2026-09-20); none are deceased. Bio data (real name, DOB, birthplace) was cross-checked against 2 independent sources (S022 Wikipedia + S148 Cagematch.net) for 4 of the 6, upgrading those fields to CONFIRMED rather than this database's usual single-source-pass PROBABLE -- see F368 for the 2 fields where those 2 sources disagreed instead of agreeing.",S022;S148,resolved,2026-09-20
F370,RR2018M,events,RR2018M,notes,unverified,"Entry #10 was originally advertised as Tye Dillinger (RR2017M's beloved 'Perfect 10'), but he was written off television via a backstage-attack angle shortly before this event and Sami Zayn took the vacated spot instead -- CONFIRMED via S144/S146, but Dillinger's own removal-angle detail is not independently re-sourced beyond Wikipedia this pass.",S144;S146,open,2026-09-20
F371,RR2018M,entrances;moves,*,n/a,out_of_scope_no_tool,No video tool connected this session. Same as every prior year's equivalent flag.,,open,2026-09-20
F372,RR2018M,notable_moments,NM051;NM052;NM053;NM054;NM055;NM056,n/a,corrected,"Added 6 notable_moments.csv rows for this newly-built event: Shinsuke Nakamura's Rumble win in his first attempt, The New Day's 'pancake save,' the Hardy/Wyatt simultaneous elimination, Rey Mysterio's surprise return, Finn Balor's match-long 57:38 survival time, and The Bar/Seth Rollins Raw Tag Team Championship swap earlier on the card.",S144;S145;S147;S148,resolved,2026-09-20
F373,RR2018W,events,RR2018W,commentary_team,conflicting_sources,"The Women's Royal Rumble commentary team is CONFLICTING between sources. S144 (Wikipedia infobox), S148 (Cagematch.net, in a combined show-wide roster) and S154 (a WWE.com article specifically dedicated to announcing her booth assignment) all agree the match was called by Michael Cole, Corey Graves and Stephanie McMahon. But S149 (a separate WWE.com 'Announcer lineup for Royal Rumble and Royal Rumble Kickoff' article) instead lists Renee Young, Beth Phoenix, Tom Phillips and Corey Graves, with no McMahon. This script uses the Cole/Graves/McMahon version in the structured commentary_team field, per the preponderance of evidence (3 independent sources, one dedicated specifically to that news, corroborated by multiple contemporary outlets covering the same story) -- but the conflict is not resolved to single-source certainty; a targeted check against a full post-event recap or the DVD/streaming commentary track would settle it. Stephanie McMahon's presence at the broadcast desk for this match is CONFIRMED regardless; only her broadcast partners are in dispute.",S144;S148;S149;S154,open,2026-09-20
F374,RR2018W,wrestlers,vickie-guerrero,hall_of_fame_year,unverified,"Vickie Guerrero has never been inducted into the WWE Hall of Fame in her own right, per S159 (the master inductee list, on which she does not appear) and S160 (a dedicated 'not in Hall of Fame' tracker site). Her late husband Eddie Guerrero was posthumously inducted in 2006, an honor she accepted on his behalf -- that is his induction, not hers, and is not recorded on her wrestlers.csv row per this database's convention of tracking each wrestler's own individual HOF status only.",S159;S160,resolved,2026-09-20
F375,RR2018W,wrestlers,tamina,real_name,conflicting_sources,Tamina's full legal name is single-sourced this pass (Wikipedia gives 'Sarona Moana Marie Reiher Snuka-Polamalu') and not independently cross-checked beyond the core 'Sarona Snuka' (confirmed via IMDb) -- recorded at UNCERTAIN status rather than PROBABLE/CONFIRMED given the length and specificity of the uncorroborated middle/surname elements.,S022,open,2026-09-20
F376,RR2018W,wrestlers,michelle-mccool;torrie-wilson;molly-holly;kelly-kelly;vickie-guerrero;nikki-bella;brie-bella;finn-balor,hall_of_fame_year,corrected,"Continuing the process established at RR2017M/RR2018M: WWE Hall of Fame status was checked for all 29 wrestlers new to this database this pass, as part of this build. Of the 9 returning legends/alumnae in this match's field, only 4 (Lita, Jacqueline, Beth Phoenix, Trish Stratus) were already Hall of Famers as of the event date (Jan 28, 2018) -- their was_hof_member_at_time is TRUE, everyone else's is FALSE. Michelle McCool, Torrie Wilson and Molly Holly have SINCE been inducted (2025, 2019, 2021 respectively -- all well after this event) and their wrestlers.csv hall_of_fame_year fields record those eventual years, matching this database's existing convention (e.g. Goldberg's RR2017M row records his 2018 induction even though it postdated that event). Nikki Bella and Brie Bella were inducted together as 'The Bella Twins,' Class of 2020 (ceremony delayed to April 2021) -- also after this event. Kelly Kelly and Vickie Guerrero have never been inducted in their own right. None of the 29 new wrestlers are deceased.",S022;S158;S159;S160,resolved,2026-09-20
F377,RR2018W,entrances;moves,*,n/a,out_of_scope_no_tool,No video tool connected this session. Same as every prior year's equivalent flag.,,open,2026-09-20
F378,RR2018W,notable_moments,NM057;NM058;NM059;NM060;NM061;NM062;NM063;NM064,n/a,corrected,"Added 8 notable_moments.csv rows for this newly-built event: Asuka's historic first win, the Rousey/Asuka post-match controversy, the absent champions (Bliss/Flair), the Fox/Sane injury replacement, the McCool/Nia Jax elimination-count correction, the 6-way Nia Jax group elimination, Sasha Banks's match-long survival time and Bella Twins elimination, and the nine returning alumnae with their individual HOF status noted.",S144;S152;S155;S156;S157;S158;S159;S160,resolved,2026-09-20
F379,RR2019M,entrants,jeff-hardy,ring_time,conflicting_sources,"Jeff Hardy's survival time is genuinely CONFLICTING between sources: Wikipedia and ProWrestling Fandom (S161/S163, both tier-10 reference sites, likely sharing a common transcription lineage) give 7:55; Cageside Seats' two companion articles and AllRumbleStats.com (S166/S165, tier 9 and 12 respectively, independently built) both give 7:04. Per DEFINITIONS.md's source-tier tie-break convention, S166's tier (9) outranks S161/S163's tier (10), so 7:04 is used in the structured ring_time field, but ring_time_status is marked CONFLICTING rather than silently certain. His eliminator credit (shared, Braun Strowman & Drew McIntyre) and the elimination's position in the order (21st) are NOT in dispute -- only the exact duration.",S161;S163;S165;S166,open,2026-09-21
F380,RR2019M,entrants,dean-ambrose;rey-mysterio,ring_time,corrected,"Two survival-time figures were resolved as extraction artifacts rather than genuine source disagreements: Dean Ambrose's initial Wikipedia/Fandom pull returned 14:42, contradicted by 3 other independent sources (WrestlingInc, Cageside Seats, AllRumbleStats) that all agree on ~12:43 -- 12:43 is used. Rey Mysterio's initial ProWrestling Fandom pull returned an outlier 4:26, contradicted by Wikipedia, Cageside Seats, and AllRumbleStats, which all independently agree on ~12:30 -- 12:30 is used. Both entrant rows are left at ring_time_status=CONFIRMED given the 3-source majority agreement in each case, per the same standard applied to resolving RR2019W's Billie Kay/Peyton Royce eliminator credit against a single outlier source.",S161;S163;S164;S165;S166,resolved,2026-09-21
F381,RR2019M,entrants,braun-strowman,wrestlers_eliminated_count,conflicting_sources,"Braun Strowman's total credited-elimination count is genuinely CONFLICTING: a literal box-score walk of this event's table (crediting him on both his 4 solo eliminations -- Shelton Benjamin, Baron Corbin, Andrade, Dolph Ziggler -- plus the two shared-credit spots, Jeff Hardy and Drew McIntyre) gives 6; Fightful.com's own published stats article states 'Strowman had the most eliminations, with 5.' This likely reflects a scoring convention that does not credit him on the McIntyre spot, where Dolph Ziggler performed the actual over-the-rope toss using Strowman's back as a launching platform. This database's derived stats use the literal box-score total (6, matching how every other shared-credit spot in this database is counted) rather than silently adopting Fightful's lower figure; both are preserved here for transparency.",S161;S162;S167,open,2026-09-21
F382,RR2019M,events,RR2019M,attendance_official;attendance_reported,conflicting_sources,"Attendance is genuinely CONFLICTING: WWE's officially announced figure is 48,193; Dave Meltzer (Wrestling Observer, reported via RingsideNews) estimated actual bodies in the building at approximately 40,000, with paid attendance around 32,000, and noted the venue's configured seating capacity for the show was only ~43,000 -- making the announced figure implausible on its face. Both figures are recorded in the structured fields (attendance_official=48193, attendance_reported=40000) rather than silently picking one. This is a card-wide dispute -- build_2019_women.py carries an identical copy of this flag against its own event_id, since both matches shared the same card/venue/night.",S161;S168,open,2026-09-21
F383,RR2019M,wrestlers,curt-hawkins;samoa-joe;johnny-gargano;no-way-jose;pete-dunne;aleister-black;mustafa-ali,hall_of_fame_year,corrected,"Continuing the process established at RR2017M/RR2018M/RR2018W: WWE Hall of Fame status and deceased status were checked for all 7 wrestlers new to this database this pass, as part of this build. Result: none of the 7 are WWE Hall of Fame inductees as of today (2026-09-21); none are deceased. Samoa Joe was separately inducted into the ROH Hall of Fame (inaugural class, Jan/Feb 2022) -- a different institution, not conflated with WWE HOF status on his wrestlers.csv row.",S161;S163,resolved,2026-09-21
F384,RR2019M,wrestlers,pete-dunne;johnny-gargano,birthplace,conflicting_sources,"Two birthplace discrepancies surfaced while researching this pass's new wrestlers: (1) Pete Dunne's birthplace is given as Solihull, West Midlands, England by Wikipedia (S161) but as Birmingham, West Midlands, England by TheSmackDownHotel.com (S172) -- two distinct towns in the same metro conurbation, not interchangeable; recorded as CONFLICTING, using Wikipedia's tier-10 claim (Solihull) in the structured field. (2) Johnny Gargano's birthplace is given as Lakewood, Ohio by Wikipedia (S161) vs. Cleveland, Ohio by Gerweck.net (S170) -- these ARE compatible (Lakewood is an inner-ring Cleveland suburb), so this is recorded as PROBABLE rather than CONFLICTING, using the more precise Wikipedia claim.",S161;S170;S172,open,2026-09-21
F385,RR2019M,entrants,*,n/a,corrected,"Initial research working assumptions incorrectly included several wrestlers as probable entrants in this 30-man match who were NOT actually in it -- they appeared elsewhere on the same card instead: The Miz and Shane McMahon (SmackDown Tag Team Championship match), AJ Styles (WWE Championship match vs. Daniel Bryan), Kevin Owens (not on this card), Finn Balor (Universal Championship match vs. Brock Lesnar), Big Show (not on this card), Bobby Roode and Chad Gable (Kickoff Show tag match only), Mojo Rawley (not on this card). This was caught and corrected during research verification, before being written to entrants.csv -- none of these 9 names appear in this event's entrant/elimination data.",S161;S164,resolved,2026-09-21
F386,RR2019M,entrances;moves,*,n/a,out_of_scope_no_tool,No video tool connected this session. Same as every prior year's equivalent flag.,,open,2026-09-21
F387,RR2019M,notable_moments,NM065;NM066;NM067;NM068;NM069;NM070;NM071,n/a,corrected,"Added 7 notable_moments.csv rows for this newly-built event: Seth Rollins's Rumble win in his first attempt, Nia Jax's historic same-night double-Rumble appearance, the Mustafa Ali/Nia Jax elimination-origin story, the disputed Braun Strowman elimination count, Shinsuke Nakamura's same-card US Title win, the two NXT/NXT UK champions entering as surprise call-ups, and the Ziggler/McIntyre Rumble-spot storyline payoff.",S161;S162;S167;S168,resolved,2026-09-21
F388,RR2019W,eliminations,billie-kay;peyton-royce;bayley,eliminator_wrestler_id,conflicting_sources,"Billie Kay's and Peyton Royce's eliminator credit is genuinely CONFLICTING between sources: Wikipedia (S173), ProWrestling Fandom (S174), and TJR Wrestling (S177) all agree Lacey Evans eliminated both. mykhel.com (S176) instead claims Charlotte Flair eliminated both -- an outlier against 3 independent, equal-or-higher-tier sources, not adopted. mykhel.com separately also drops Charlotte Flair's shared co-credit on Bayley's elimination (listing only Nia Jax) -- also treated as an error in that single source, not adopted; the shared Nia Jax + Charlotte Flair credit on Bayley is used per the majority. Lacey Evans's own eliminator credit for Billie Kay/Peyton Royce is NOT in dispute as to WHETHER she eliminated them, only mykhel.com's single-source substitution of Charlotte Flair.",S173;S174;S176;S177,open,2026-09-21
F389,RR2019W,events,RR2019W,attendance_official;attendance_reported,conflicting_sources,"Attendance is genuinely CONFLICTING -- a card-wide dispute shared with build_2019_men.py's F382, since both matches shared the same card/venue/night. WWE's officially announced figure is 48,193; Dave Meltzer (Wrestling Observer, cited by heelbynature.com) estimated actual bodies in the building at approximately 40,000, with paid attendance around 32,000. Both figures are recorded in the structured fields (attendance_official=48193, attendance_reported=40000) rather than silently picking one.",S173;S180,open,2026-09-21
F390,RR2019W,events,RR2019W,duration_total,conflicting_sources,"Match duration has a genuine ~47-second spread across sources: Wikipedia states 1:12:00 (also the source of the 'longest women's Royal Rumble match held to date' claim, a record later broken by Bianca Belair in 2021); ProWrestling Fandom logs 1:11:13; Cageside Seats logs 1:11:24. Per DEFINITIONS.md's source-tier tie-break, Cageside Seats' tier (9, contemporary publication) outranks Wikipedia/Fandom's tier (10, reference site), so 1:11:24 is used in the structured duration_total field.",S173;S174;S175,resolved,2026-09-21
F391,RR2019W,events,RR2019W,commentary_team,unverified,Commentary team is only partially resolved. Wikipedia's own broadcast credits split by brand rather than naming one fixed team for this specific match: Raw portion credited to Michael Cole & Renee Young; SmackDown portion credited to Tom Phillips & Byron Saxton; Corey Graves and Beth Phoenix are also named depending on segment. This database records the fullest credited set in the structured field but flags it as needing a video-based confirmation before treating any single 4-person team as final.,S173,open,2026-09-21
F392,RR2019W,entrants,becky-lynch,entry_number;is_final_entrant,unverified,"Becky Lynch's entry mechanics are unusual and CONFIRMED via a direct Wikipedia footnote (quoted in full): ""Lana came out as the #28 entrant, but a storyline ankle injury suffered on the pre-show kept her from competing. Becky Lynch was allowed by Fit Finlay to take her spot after Carmella entered the match, with the clock already running on Lana."" This database records Becky Lynch's OFFICIAL entry_number as 28 (the numbered slot she inherited), matching how numbered-slot replacements have always been treated in this database (e.g. RR2018M's Sami Zayn/Tye Dillinger, RR2018W's Kairi Sane/Alicia Fox) -- but she was, in practice, the chronologically LAST physical entrant of the match, entering after #30 Carmella. final_entrant_id on this event's row is therefore set to Carmella (the true #30) rather than Becky Lynch, to keep entry_number's meaning consistent database-wide; her true chronological-last status is preserved in her entrant-row notes instead. No separate wrestler_id/entrant row exists for Lana, matching this database's precedent for scheduled-but-never-entered wrestlers (e.g. RR2018W's Alicia Fox).",S173;S178,resolved,2026-09-21
F393,RR2019W,wrestlers,lacey-evans;billie-kay;peyton-royce;nikki-cross;xia-li;charlotte-flair;maria-kanellis;candice-lerae;alicia-fox;kacy-catanzaro;zelina-vega;io-shirai;rhea-ripley;alexa-bliss,hall_of_fame_year,corrected,"Continuing the process established at RR2017M/RR2018M/RR2018W/RR2019M: WWE Hall of Fame status and deceased status were checked for all 14 wrestlers new to this database this pass, as part of this build. Result: none of the 14 are WWE Hall of Fame inductees as of today (2026-09-21); none are deceased.",S173;S183,resolved,2026-09-21
F394,RR2019W,entrances;moves,*,n/a,out_of_scope_no_tool,No video tool connected this session. Same as every prior year's equivalent flag.,,open,2026-09-21
F395,RR2019W,notable_moments,NM072;NM073;NM074;NM075;NM076;NM077,n/a,corrected,"Added 6 notable_moments.csv rows for this newly-built event: Becky Lynch's same-night title-loss-to-Rumble-win story, Lana's storyline injury/substitution, Nia Jax's same-night double-Rumble appearance, the Mandy Rose/Naomi blown-spot elimination, Natalya's then-record 56:01 survival time, and Charlotte Flair's match-high 5 credited eliminations.",S173;S174;S178;S181,resolved,2026-09-21
F396,RR2020M,eliminations,keith-lee;braun-strowman,eliminator_wrestler_id,conflicting_sources,"Keith Lee's and Braun Strowman's eliminator credit is genuinely CONFLICTING across three different versions: WWE.com's official recap (via TheSportster.com's paraphrase, S186) describes Brock Lesnar's 'simultaneous removal' of both -- sole credit to Lesnar. Wikipedia (S184) instead cross-shares credit -- Lee eliminated by Lesnar AND Strowman; Strowman eliminated by Lesnar AND Lee. Cagematch (S185) gives a 3rd version -- Lee eliminated by Lesnar (with Strowman); Strowman eliminated by Lesnar alone. This database uses the official/majority version (Lesnar credited solo on both), which is also the only version arithmetically consistent with the widely-documented historical fact that Lesnar tied the all-time single-Rumble elimination record with 13 credited eliminations this match (11 other solo eliminations + these 2 = 13). All three versions are preserved here for transparency.",S184;S185;S186,open,2026-09-21
F397,RR2020M,eliminations,kevin-owens,eliminator_wrestler_id,unverified,"Kevin Owens's eliminator credit has a documentation nuance: Wikipedia's table credits 'Seth Rollins and Akam and Rezar' jointly, reflecting real outside interference from the Authors of Pain (a non-competing tag team) as part of Seth Rollins's 'Monday Night Messiah' heel-authority storyline. Since Akam and Rezar were not entrants/competitors in this match, this database does not co-credit non-entrants in the structured eliminator_wrestler_id/assisting_wrestler_ids fields -- Seth Rollins alone is credited, with the interference documented in the entrant's notes field instead.",S184;S186,resolved,2026-09-21
F398,RR2020M,events,RR2020M,attendance_official;attendance_reported,conflicting_sources,"Attendance is genuinely CONFLICTING: WWE's officially announced figure is 42,715 (touted as a Minute Maid Park attendance record, surpassing a 2011 Taylor Swift concert's 42,095). Dave Meltzer (Wrestling Observer Newsletter) reported the actual attendance was closer to ~36,000, independently corroborated by two separate secondary citations of Meltzer (WhatCulture.com and 411Mania.com) rather than resting on a single outlet. Both figures are recorded in the structured fields (attendance_official=42715, attendance_reported=36000) rather than silently picking one. This is a card-wide dispute -- build_2020_women.py carries an identical copy of this flag against its own event_id, since both matches shared the same card/venue/night. (This also resolves an initial discrepancy between this build's two research passes: the Women's-side research agent's first search attempt had not surfaced this dispute, while the Men's-side agent found and corroborated it; a definitive follow-up search confirmed the dispute applies card-wide.)",S184;S189;S190,open,2026-09-21
F399,RR2020M,wrestlers,robert-roode;john-morrison;keith-lee;ricochet;karl-anderson;matt-riddle;luke-gallows,hall_of_fame_year,corrected,"Continuing the process established at RR2017M/RR2018M/RR2018W/RR2019M/RR2019W: WWE Hall of Fame status and deceased status were checked for all 7 wrestlers new to this database this pass, as part of this build. Result: none of the 7 are WWE Hall of Fame inductees as of today (2026-09-21); none are deceased.",S184;S195,resolved,2026-09-21
F400,RR2020M,wrestlers,baron-corbin,ring_name_at_time,corrected,"King Corbin (this event's entrant #22) is the same underlying wrestler_id as this database's existing 'Baron Corbin' (a RR2019M entrant) -- a post-'King of the Ring 2019' coronation moniker, not a full character reinvention: he retains the 'Corbin' surname, in-ring persona, and finishing move. Reused as wrestler_id 'baron-corbin' with this entrant row's ring_name_at_time set to 'King Corbin,' matching this database's existing precedent for minor ring-name additions spanning a single wrestler_id (compare the 'smash'/'Repo Man' entrant row from the 1990s batches) rather than the full-identity-reinvention splits used elsewhere in this database (husky-harris/bray-wyatt; diesel/kevin-nash).",S184;S186,resolved,2026-09-21
F401,RR2020M,wrestlers,robert-roode;john-morrison;ricochet;karl-anderson;luke-gallows,notes,corrected,"5 of this pass's 7 new wrestlers (Robert Roode, John Morrison, Ricochet, Karl Anderson, Luke Gallows) were initially treated by the research agent as 'established WWE names needing no fresh bio' -- but independent verification against this database's live wrestlers.csv found none of the 5 had appeared as an entrant in any Royal Rumble 1988-2019 already built here, making each a genuinely new wrestler_id in THIS DATABASE despite being an established WWE performer generally. Full bios were researched directly for all 5 as part of this build rather than left blank -- see S195/S196. This corrects the 'new to database' vs. 'new to WWE' conflation risk flagged as open after the RR2019 build.",S184;S195,resolved,2026-09-21
F402,RR2020M,entrances;moves,*,n/a,out_of_scope_no_tool,No video tool connected this session. Same as every prior year's equivalent flag.,,open,2026-09-21
F403,RR2020M,notable_moments,NM078;NM079;NM080;NM081;NM082,n/a,corrected,"Added 5 notable_moments.csv rows for this newly-built event: Brock Lesnar's record-tying 13-elimination run, Drew McIntyre's first Royal Rumble win, Edge's surprise in-ring return, the Rollins/Authors-of-Pain storyline picking off the Owens/Black/Joe trio, and the four-championship representation in the field.",S184;S186;S192;S193;S194,resolved,2026-09-21
F404,RR2020W,entrants,kairi-sane;toni-storm;shayna-baszler,current_champion_title,corrected,"Champion-status CORRECTIONS applied during this build: Kairi Sane (not Alexa Bliss/Nikki Cross) was the reigning WWE Women's Tag Team Champion at this event, alongside Asuka as The Kabuki Warriors (won Oct 6, 2019; Bliss/Cross did not win the titles until WrestleMania 36, months later -- an initial working assumption corrected before any data was written). Toni Storm entered as a FORMER NXT UK Women's Champion (lost to Kay Lee Ray Aug 31, 2019). Shayna Baszler entered as a FORMER NXT Women's Champion (lost to Rhea Ripley Dec 18-19, 2019, a 416-day reign). Neither Storm nor Baszler is recorded with a current_champion_title on their entrant rows, matching their correct former-champion status.",S209;S207;S208,resolved,2026-09-21
F405,RR2020W,wrestlers,mia-yim,real_name,conflicting_sources,"Mia Yim's real surname is genuinely CONFLICTING between sources: two sources give 'Stephanie Hym Bell' (Wikipedia, thefamousbirthdays.com) while one gives 'Stephanie Hym Lee' (ringhistory.com). All sources agree on 'Hym' as a middle name. The majority-sourced 'Bell' is used in the structured real_name field, with real_name_status marked CONFLICTING rather than silently certain.",S210,open,2026-09-21
F406,RR2020W,events,RR2020W,attendance_official;attendance_reported,conflicting_sources,"Attendance is genuinely CONFLICTING -- a card-wide dispute shared with build_2020_men.py's F398, since both matches shared the same card/venue/night. WWE's officially announced figure is 42,715; Dave Meltzer (Wrestling Observer) reported the actual attendance was closer to ~36,000, independently corroborated by two separate secondary citations (411mania.com and WhatCulture.com). This build's own first research pass had not surfaced this dispute; a definitive follow-up search confirmed it is real and applies card-wide, reconciling the discrepancy against build_2020_men.py's independently-sourced finding.",S204;S205;S206,open,2026-09-21
F407,RR2020W,events,RR2020W,duration_total,unverified,"Match duration (54:20, per Wikipedia's infobox) appears in only one directly-verified source this pass -- individual survival times were well corroborated across sources, but this single bell-to-bell total figure was not independently found in a second source. Recorded as solidly sourced but not multi-source-confirmed as a standalone figure, pending a future corroborating source.",S197,open,2026-09-21
F408,RR2020W,events,RR2020W,commentary_team,unverified,"Commentary team is only partially resolved, matching RR2019W's F391 precedent. The 4-person broadcast-wide roster (Michael Cole, Corey Graves, Tom Phillips, Jerry Lawler, with Booker T joining later) is solidly confirmed for the overall show, but a dedicated source assigning which pairing specifically called the Women's Royal Rumble segment (as opposed to other matches on the card) was not found this pass -- flagged as needing a video-based or segment-specific confirmation before treating any single pairing as final for this match.",S197,open,2026-09-21
F409,RR2020W,wrestlers,bianca-belair;shayna-baszler,notes,corrected,"2 of this pass's 9 new wrestlers (Bianca Belair, Shayna Baszler) were initially treated by the research agent as established performers not needing bios, since both had prior NXT/WWE-adjacent TV exposure -- but independent verification against this database's live wrestlers.csv found neither had appeared as an entrant in any Royal Rumble 1988-2019 already built here, making each a genuinely new wrestler_id in THIS DATABASE. Full bios were researched directly for both as part of this build rather than left blank -- see S210. This is the same 'new to database' vs. 'new to WWE' correction applied in build_2020_men.py's F401.",S197;S210,resolved,2026-09-21
F410,RR2020W,entrants,shayna-baszler;beth-phoenix,notes,unverified,"Two single-source narrative claims are recorded but flagged as uncorroborated: (1) Per Shayna Baszler's own later retrospective account (a YouTube interview, cited via 411mania.com), Paul Heyman called her two days before the show to tell her she would not be in the Rumble, and she was reinstated only after an NXT rehearsal that Saturday, reportedly after Triple H advocated for her -- her own account, not independently corroborated by a second party. (2) Per CBS Sports, Beth Phoenix bled after her head 'bounced off the top of the ring post' during the match -- also not independently corroborated elsewhere this pass. Both are preserved in entrant notes rather than treated as fully CONFIRMED.",S202;S211,open,2026-09-21
F411,RR2020W,entrants,chelsea-green;shayna-baszler,notes,corrected,"Two chronology mix-ups were caught and corrected during research verification, not written to the database in error: (1) Chelsea Green's 0:12 survival time in THIS match is unrelated to a separate, later fastest-elimination association tied to her at the 2023 Royal Rumble (a different event 3 years after this one, eliminated in 5 seconds by Rhea Ripley) -- search results for 'Chelsea Green fastest elimination' conflate the two events, and only the 2020 figure (0:12) belongs on this event's row. (2) The Shayna Baszler/Becky Lynch rivalry that led to their WrestleMania 36 match began weeks after this Rumble -- Baszler attacked Raw Women's Champion Becky Lynch on the February 10, 2020 episode of Raw -- not as an immediate post-match angle on the night of this event itself, and no such angle is recorded on this event's row.",S197,resolved,2026-09-21
F412,RR2020W,entrances;moves,*,n/a,out_of_scope_no_tool,No video tool connected this session. Same as every prior year's equivalent flag.,,open,2026-09-21
F413,RR2020W,notable_moments,NM083;NM084;NM085;NM086;NM087,n/a,corrected,"Added 5 notable_moments.csv rows for this newly-built event: the tied 8-elimination record between Shayna Baszler and Bianca Belair, Charlotte Flair's first Royal Rumble win, Santino Marella's comedic 'Santina' self-elimination, Kairi Sane's corrected champion-status entry, and the Otis/Mandy Rose storyline spot.",S200;S197;S198;S209;S202,resolved,2026-09-21
F414,RR2021M,wrestlers,damian-priest;otis;dominik-mysterio;omos,bio_fields,unverified,"Four wrestler records were new to this database. Their bio fields currently rely on one reference source each, so sourced bio values are PROBABLE rather than CONFIRMED. Omos receives structured eliminator credit despite not being an entrant because WWE’s own official results table explicitly names him as the eliminator of Big E and Rey Mysterio. This differs from the Authors of Pain interference in RR2020M, where WWE did not list AOP as eliminators of record; narrative interference alone is not converted into structured eliminator credit.",S219;S220;S221;S222,open,2026-09-22
F415,RR2021M,eliminations,sami-zayn;braun-strowman,eliminated_by_ids,conflicting_sources,Eliminator-credit disagreement. Sami Zayn: WWE/CBS credit Big E alone; Cagematch and 411Mania credit Big E & Xavier Woods. Stored WWE's higher-tier Big E-only credit. Braun Strowman: WWE/Cagematch credit Edge & Christian; CBS lists Edge alone; 411Mania lists Edge & Seth Rollins. Stored WWE/Cagematch Edge & Christian credit.,S212;S213;S214,open,2026-09-22
F416,RR2021M,entrants,multiple,ring_time,conflicting_sources,"WWE's official survival times and Cageside Seats' footage-timed legal-ring-entry values differ by one second for 16 entrants. Per source-tier rule, WWE values are stored; affected ring_time_status fields are CONFLICTING. Cageside explicitly uses legal ring entry, matching DEFINITIONS.md, so the discrepancy is preserved rather than silently discarded.",S212;S215,open,2026-09-22
F417,RR2021M,entrants,all,elimination_clock_time,unverified,"Cagematch publishes match-clock elimination timestamps, but this build leaves entrant/elimination clock fields blank because no second independent source using the same match-clock convention was found for all eliminations.",S213,open,2026-09-22
F418,RR2021W,wrestlers,jillian-hall;victoria;santana-garrett,bio_fields,unverified,"Jillian Hall, Victoria and Santana Garrett were genuinely new to wrestlers.csv. Each has now received a dedicated person-specific biography lookup and supported bio fields were backfilled; unsupported fields remain blank.",S229;S230;S231,resolved,2026-09-22
F419,RR2021W,eliminations,liv-morgan;carmella,eliminated_by_ids,conflicting_sources,"Eliminator-credit conflicts: WWE credits Liv Morgan to Bayley & Peyton Royce while Cagematch/411Mania credit Peyton alone. WWE credits Carmella to Tamina before Tamina entered, while Cagematch credits Reginald. Higher-tier WWE credits are stored.",S224;S225;S226,open,2026-09-22
F420,RR2021W,entrants,multiple,ring_time,conflicting_sources,"WWE official survival times differ from Cageside Seats footage-timed values for multiple entrants (usually by one second, with larger differences for some). WWE tier-1 values are stored and ring_time_status is CONFLICTING rather than silently reconciling them.",S224;S227,open,2026-09-22
F421,RR2021W,entrants,all,elimination_clock_time,unverified,"Cagematch supplies chronological match-clock elimination timestamps, but clock fields are left blank because this build did not establish a second independent source using the same clock convention for all eliminations.",S225,open,2026-09-22
F422,RR2022M,entrants,happy-corbin;riddle,wrestler_id,name_stable_id,"Happy Corbin reuses baron-corbin and Riddle reuses matt-riddle, following the earlier database precedent that a presentation/name change does not create a duplicate person record. This differs from genuinely distinct-performer additions such as Omos in RR2021M.",S232;S233,resolved,2026-09-22
F423,RR2022M,entrants,johnny-knoxville;bad-bunny,celebrity_entrant,classification,"Johnny Knoxville and Bad Bunny are explicitly treated as celebrity entrants because the event sources identify them as actor/stunt performer and music star respectively, while still crediting their official in-match eliminations.",S232;S233,resolved,2026-09-22
F424,RR2022W,entrants,queen-zelina;nikki-a-s-h;mighty-molly;shotzi,wrestler_id,name_stable_id,"Queen Zelina reuses zelina-vega, Nikki A.S.H. reuses nikki-cross, Mighty Molly reuses molly-holly and Shotzi reuses shotzi-blackheart. This follows the established name-stable-ID precedent: presentation changes do not create duplicate people; unlike a genuinely new performer such as Omos in RR2021M, these are already represented wrestlers.",S243;S244,resolved,2026-09-22
F425,RR2022W,eliminations,naomi,eliminated_by_ids,official_post_elimination_interference,"WWE officially lists Sonya Deville as Naomi’s eliminator even though Deville had already been eliminated. This follows the Omos RR2021M precedent because the official WWE results explicitly assign the elimination credit; it differs from narrative-only interference such as Authors of Pain in RR2020M, where WWE did not list them as eliminators of record.",S243;S244,resolved,2026-09-22
F426,RR2023M,entrants,rey-mysterio,ring_time;elim_number;eliminated_by_ids,did_not_appear,"WWE assigned Rey Mysterio entry #17 but explicitly records that he did not appear. Unlike a normal entrant/elimination, he never entered the ring. Following the existing Randy Savage RR1991M and Scotty 2 Hotty RR2005M no-show convention, elim_number_status is literal N/A as the structured no-show signal; elim_number, ring_time and elimination-clock fields remain blank, and no elimination row is created.",S251;S252;S254,resolved,2026-09-22
F427,RR2023M,eliminations,edge,eliminator_wrestler_id,official_nonactive_eliminator_credit,"WWE officially lists Finn Balor as Edge’s eliminator after Balor had already been eliminated, so structured credit follows WWE’s eliminator-of-record. This follows the Omos/RR2021M precedent: Omos was not an entrant but WWE itself listed him as eliminator. It differs from Authors of Pain/RR2020M: AOP interference was narrative assistance and WWE did not list them as eliminators of record, so they did not receive structured credit.",S251;S252,resolved,2026-09-22
F428,RR2023M,entrants,angelo-dawkins,ring_time,conflicting_timing,WWE lists Angelo Dawkins at 2:28; Cageside Seats’ footage-derived timing is 3:17 and identifies WWE’s value as a likely duplicated Brock Lesnar time. The database retains WWE’s official 2:28 while explicitly preserving the conflict.,S251;S254,open,2026-09-22
F429,RR2023W,wrestlers;entrants,io-shirai;shotzi-blackheart,wrestler_id,identity_alias_reuse,"The event names IYO SKY and Shotzi are later/current ring names of existing database people io-shirai and shotzi-blackheart. Following the same-person alias precedent used for Riddle/matt-riddle and King Corbin/baron-corbin, the existing wrestler_ids are reused rather than creating duplicate people.",S260;S261;S268,resolved,2026-09-22
F430,RR2023W,entrants,emma,ring_time,source_typo,"WWE’s official results table renders Emma’s time as -0:10:12, an impossible negative survival time. The independent event table records 10:12 and WWE’s narrative places her normal entry/elimination sequence. Store 10:12; this is a source-display typo correction, not an unknown value.",S260;S261,resolved,2026-09-22
F431,RR2024M,eliminations,bobby-lashley,eliminator_wrestler_id,needs_human_judgement,"Kross eliminated Lashley after Kross had already been eliminated. WWE explicitly credits Kross, so retain that credit following Finn Balor/Edge RR2023M (F427) and Omos RR2021M. Unlike AOP RR2020M (F397), this is an official eliminator-of-record, not uncredited narrative assistance.",S270;S271;S272,resolved,2026-09-22
F432,RR2024M,eliminations;entrants,pat-mcafee,self_eliminated;wrestlers_eliminated_count,needs_human_judgement,"McAfee entered and then jumped out: a self-elimination, not a no-show. Follow Santina RR2020W: self-referential elimination row, is_self_elimination TRUE, is_solo FALSE, zero credit for eliminating another wrestler. Wikipedia's tally gives McAfee one; database credits deliberately exclude self-eliminations. Event eliminators_count also excludes self-only eliminators.",S270;S271;S272,resolved,2026-09-22
F433,RR2024M,eliminations,bron-breakker;omos,eliminator_wrestler_id,conflicting_sources,"WWE's Bron Breakker Eliminated cell lists Bron Breakker himself instead of Omos. WWE's Omos Eliminated By cell says Bron Breakker, and the independent event table agrees. Use victim-level credits: Breakker eliminates Jimmy Uso, Finn Balor, Ivar and Omos; Dominik eliminates Breakker. No Breakker self-elimination row.",S270;S271,resolved,2026-09-22
F434,RR2024M,entrants;events,RR2024M,ring_time;duration_total,conflicting_sources,"WWE official versus independent Cageside timing, respectively: Jimmy Uso 34:09/34:08; Grayson Waller 04:05/04:06; Andrade 22:59/23:00; Shinsuke Nakamura 20:51/20:50; Karrion Kross 06:20/06:21; Dominik Mysterio 33:19/33:20; Austin Theory 03:58/03:56; Cody Rhodes 43:21/43:20; Gunther 30:10/30:11; Ivar 04:57/04:58; Omos 02:43/02:42; R-Truth 02:56/02:57; The Miz 06:06/06:07; Ricochet 05:10/05:11; Drew McIntyre 09:52/09:51. Retain WWE individual times. Cageside full-match duration 68:12 versus Wikipedia 68:25; use footage-derived 68:12 (tier 7 above tier 10). Cageside states a roughly two-second measurement margin.",S270;S271;S273,open,2026-09-22
F435,RR2024M,wrestlers,carmelo-hayes,birthplace,conflicting_sources,"English Wikipedia and SmackDown Hotel give Framingham; German Wikipedia gives Worcester, also a billed hometown. Store Framingham; preserve the competing birthplace claim.",S277;S284;S286,open,2026-09-22
F436,RR2024M,wrestlers,pat-mcafee,debut_year_company,conflicting_sources,"Wikipedia infobox gives 2020, but its narrative and IWTV's dated Scarcade card establish an earlier match against Warpig on 2009-03-22. Store the earliest documented wrestling match (IWA East Coast), distinguishing it from his 2020 WWE in-ring debut.",S282;S288,resolved,2026-09-22
F437,RR2024M,wrestlers,bronson-reed;ivar,debut_year_company,unverified,"Dedicated debut searches established Reed's 2007 Australian independent debut and Ivar's 2001 New England debut, but did not firmly establish either exact first promotion. Retain the sourced year/circuit without naming an unverified company.",S279;S280,open,2026-09-22
F438,RR2024M,entrants,RR2024M,surprise_entrant;ring_time_status,needs_human_judgement,"Surprise classification includes unadvertised return, NXT and commentator entries: Andrade, Carmelo Hayes, Bron Breakker, Omos, Pat McAfee and Sami Zayn. CM Punk was advertised and is not a surprise merely because this was his first televised WWE match in a decade. Wikipedia reproduces WWE times, so only independent Cageside agreement counts toward CONFIRMED timing.",S270;S271;S272;S273,resolved,2026-09-22
F439,RR2024W,wrestlers;entrants,kacy-catanzaro;kayden-carter;shotzi-blackheart;mia-yim,wrestler_id,needs_human_judgement,"Katana Chance reuses kacy-catanzaro. The apparent Kayden Carter alias hit is a prose warning in Kacy's aliases saying NOT the same person; it is not an alias. Kayden is separately researched and added. Shotzi and Michin reuse shotzi-blackheart and mia-yim, following the RR2023W same-person precedent.",S300;S307;S292,resolved,2026-09-22
F440,RR2024W,entrants,sarah-logan,wrestler_id,needs_human_judgement,"Valhalla reuses sarah-logan: WWE's official profile explicitly presents Sarah Logan now known as Valhalla and retains the same woods-raised hunter/survivalist backstory. Treat as continued persona with changed name/presentation, like King Corbin/baron-corbin, rather than a distinct identity such as Husky Harris/Bray Wyatt. The event name remains Valhalla.",S313;S292,resolved,2026-09-22
F441,RR2024W,entrants;eliminations,r-truth,entry_number;eliminator_wrestler_id,needs_human_judgement,"R-Truth mistakenly entered the women's ring but was not an official entrant. No 31st entrant or elimination row is created, and Nia Jax gets no ninth structured elimination. Unlike Rey Mysterio RR2023M, Truth was never assigned a slot in THIS match; unlike Omos RR2021M, he is not an official eliminator of record either. Document only as a notable moment.",S292;S294;S295,resolved,2026-09-22
F442,RR2024W,entrants;events,RR2024W,ring_time;duration_total,conflicting_sources,"WWE/Cageside seconds differ: Bayley 1:03:03/1:03:02; Candice LeRae 15:23/15:24; Asuka 12:59/13:00; Ivy Nile 23:27/23:28; Chelsea Green 17:32/17:31; Xia Li 06:46/06:47; Zelina Vega 20:00/20:01; Nia Jax 20:15/20:14; Shotzi 15:14/15:15; Michin 05:02/05:03; Zoey Stark 09:58/09:59; Roxanne Perez 08:29/08:28; Tiffany Stratton 06:52/06:53. Store official individual times, mark these CONFLICTING; preserve Cageside's approximate two-second margin. Full duration Cageside 64:57 versus Wikipedia 65:00: use higher-tier independent footage timing 64:57.",S292;S293;S295,open,2026-09-22
F443,RR2024W,wrestlers,jordynne-grace,birthplace;debut_year_company,conflicting_sources,Cagematch gives Austin and 2011-01-23 debut; English Wikipedia gives Austin but 2012-09-22 debut; SmackDown Hotel gives St. Louis and 2011-01-23. Use higher-tier Cagematch birthplace/date. A person-specific first-promotion search did not establish the 2011 promoter; Metroplex is documented for the 2012 match and is not retroactively assigned to 2011.,S298;S305;S306,open,2026-09-22
F444,RR2024W,wrestlers,kayden-carter,real_name;debut_year_company,conflicting_sources,"Store Allyssa Lyn Lane (Gerweck and Wikipedia narrative); Wikipedia infobox spells Allysa. Gerweck gives 2016-08-20 Go Wrestle debut, whereas Pro Wrestling Wiki gives 2016-08-25. Store August 20 based on dedicated career chronology; preserve the five-day disagreement.",S300;S307;S308,open,2026-09-22
F445,RR2024W,wrestlers,maxxine-dupri,birthplace;debut_year_company,conflicting_sources,"Wikipedia gives Loomis, California; TV Insider gives Phoenix, Arizona. Store higher-tier Wikipedia birthplace with CONFLICTING status. Wikipedia's 2022 debut refers to valet work; WWE expressly identifies 2023-07-03 as her in-ring debut, stored with the managerial distinction. Company appearance and first wrestling match are not interchangeable.",S301;S310;S309,open,2026-09-22
F446,RR2024W,wrestlers,alba-fyre,birthplace;debut_year_company,conflicting_sources,English Wikipedia gives Paisley and an anomalous 1999 debut; SmackDown Hotel gives Glasgow and 2009-05-30. Superluchas independently identifies SWA Battlezone on 2009-05-30. Store Paisley by source hierarchy and the corroborated 2009 debut; retain Glasgow/1999 alternatives.,S302;S311;S312,open,2026-09-22
F447,RR2024W,wrestlers,jade-cargill,debut_year_company,conflicting_sources,"Wikipedia's opening prose mentions 2018 as a debut/training start, while its infobox and detailed match account identify 2021-03-03 AEW Dynamite with Shaquille O'Neal as the wrestling debut. Store 2021 in-ring debut; WWE in-ring debut in this 2024 Rumble is distinct from her 2023 WWE appearances.",S303;S294,resolved,2026-09-22
F448,RR2025M,entrants,akira-tozawa;ishowspeed,documented_substitution,needs_human_judgement,"Tozawa was assigned slot8 but attacked before entering; IShowSpeed replaced him. Retain both at8, Tozawa elim_number_status=N/A and no time/elimination row, per latest user rule6 and Test/Foley F175. This supersedes replacement-only Lana/Lynch F392 for this new event. Unlike Rey2023 F426, the slot was filled. Approved continuation after proposing this representation. Validator explicitly checks sourced substitution marker. 31 records,30 slots,30 actual competitors. WWE recap says Tozawa7, an internal typo against Breakker7 and Speed8 in its stats.",S314;S315;S317,resolved,2026-09-22
F449,RR2025M,eliminations,ishowspeed;sami-zayn,eliminator_wrestler_id,conflicting_sources,WWE credits Otis alone for Speed and Jey Uso alone for Sami. F4W credits Breakker+Otis for Speed and Jimmy Uso+AJ Styles for Sami. Retain WWE victim-level credits and preserve alternatives.,S314;S317,open,2026-09-22
F450,RR2025M,eliminations,ishowspeed,eliminator_wrestler_id,needs_human_judgement,"Already-eliminated Otis receives official credit for eliminating Speed, following Kross/Lashley2024 F431 and Finn/Edge2023 F427, unlike uncredited AOP narrative interference2020.",S314;S317,resolved,2026-09-22
F451,RR2025M,entrants;events,RR2025M,ring_time;duration_total,conflicting_sources,WWE/independent Cageside times: Rey Mysterio 24:41/24:39; Penta 42:05/42:04; Carmelo Hayes 06:59/06:58; Santos Escobar 05:42/05:41; Otis 09:43/05:41; Bron Breakker 22:26/22:25; IShowSpeed 00:56/00:57; Sheamus 15:38/15:40; Andrade 03:17/03:18; Ludwig Kaiser 00:06/00:05; The Miz 05:25/05:24; Roman Reigns 37:15/37:14; Shinsuke Nakamura 03:17/03:20; Jey Uso 36:59/37:01; Braun Strowman 02:12/02:16; CM Punk 18:46/18:45; Dominik Mysterio 04:09/04:10; Damian Priest 06:14/06:15; Logan Paul 11:19/11:20. Retain WWE times including Otis09:43 versus05:41. Independent duration80:10 versus Wikipedia80:15; use higher-tier Cageside80:10.,S314;S318;S316,open,2026-09-22
F452,RR2025M,wrestlers,penta,real_name;debut_year_company,unverified,Dedicated searches did not find a reliably disclosed real name or exact first promotion. Store sourced2007 independent debut; real_name blank. Masked identity is not another historic Pentagon performer.,S323,open,2026-09-22
F453,RR2025M,wrestlers,jacob-fatu,dob;birthplace,conflicting_sources,"English Wikipedia lead gives March7 but infobox and SDH April18,1992. English gives Sacramento while German gives San Francisco; SDH gives only California. Retain April18 and Sacramento, flag both conflicts.",S326;S327;S328,open,2026-09-22
F454,RR2025M,wrestlers,joe-hendry,real_name,conflicting_sources,Wikipedia and WrestlingProfiles give Joe Samuel Hendry; SDH expands to Joseph Samuel Hendry. Store Joe Samuel per higher-tier reference.,S330;S331;S332,open,2026-09-22
F455,RR2025M,wrestlers,la-knight,debut_year_company,unverified,2003 and early HWA work corroborated. Wikipedia February15 debut precedes its March17 training-start narrative; retain year and early company without an unsupported exact first-match date.,S333;S334,open,2026-09-22
F456,RR2025M,events,RR2025M,attendance_official,conflicting_sources,"WWE release reports70,342; event reference/broadcast figure70,347. Retain official press release70,342; do not treat ticket distribution as actual attendance.",S319;S316,open,2026-09-22
F457,RR2025M,entrants,RR2025M,surprise_entrant,needs_human_judgement,"Classify unadvertised replacement Speed, TNA crossover Hendry and injury return AJ Styles as surprises; advertised Penta and John Cena are not surprise entries. Follow2024 F438 distinction.",S314;S315,resolved,2026-09-22
F458,RR2025W,entrants;eliminations,stephanie-vaquer;naomi;raquel-rodriguez,elim_number;order_in_match,conflicting_sources,"Five-woman Nia Jax sweep: F4W/SDH order19 Raquel,20 Vaquer,21 IYO,22 Naomi,23 Bianca. Wikipedia instead19 Vaquer,20 Naomi,21 IYO,22 Raquel,23 Bianca. Retain higher-tier F4W sequence; credits to Nia agree.",S340;S341;S339,open,2026-09-22
F459,RR2025W,eliminations,maxxine-dupri,eliminator_wrestler_id,conflicting_sources,"WWE explicitly names all three Pure Fusion Collective members; F4W names group, while SDH omits Sonya. Retain WWE three-person credit, following explicit named group credit NM111 for Nia2023.",S337;S340;S341,resolved,2026-09-22
F460,RR2025W,eliminations,zelina-vega,eliminator_wrestler_id,needs_human_judgement,"Nia eliminated Zelina before Nia physically entered. Official WWE credits her, following before-entry Big Show2012 F241 and official-record Omos2021 precedent; no additional fictional entry or elimination.",S337;S339,resolved,2026-09-22
F461,RR2025W,entrants;events,RR2025W,ring_time;duration_total,conflicting_sources,"WWE/independent Cageside: IYO SKY 1:06:45/1:06:43; Liv Morgan 1:07:00/1:06:59; Lyra Valkyria 16:13/16:17; Chelsea Green 26:52/26:50; B-Fab 07:20/07:21; Ivy Nile 16:29/16:30; Zoey Stark 16:58/16:55; Lash Legend 17:22/17:21; Shayna Baszler 10:12/10:11; Bayley 46:59/46:58; Maxxine Dupri 01:20/01:18; Jordynne Grace 22:41/22:40; Michin 16:59/16:57; Candice LeRae 16:32/16:31; Stephanie Vaquer 19:02/18:59; Raquel Rodriguez 15:02/15:00; Charlotte Flair 15:04/15:03; Giulia 10:08/10:07; Nikki Bella 03:04/05:06. Retain official individual times, notably Nikki03:04 vs05:06. Match duration Cagematch70:20 vs Cageside70:21; use tier4 Cagematch70:20.",S337;S342;S343,open,2026-09-22
F462,RR2025W,wrestlers,lyra-valkyria;stephanie-vaquer,debut_year_company,conflicting_sources,"Lyra2015-05-02 established; English calls CCW Celtic Cross while Fandom Celtic Championship. Preserve both spellings. Vaquer2009 established; Luchawiki February versus German December/RALL, earliest English verified matches2010/MCL. Store year/circuit, no unsupported exact first date/company.",S345;S346;S351;S352;S353,open,2026-09-22
F463,RR2025W,wrestlers,giulia,real_name,conflicting_sources,English Eimi Gloria Matsudo versus German Hidemi Gloria Matsudo; store Eimi and retain transliteration disagreement.,S354;S355,open,2026-09-22
F464,RR2025W,entrants,naomi;bianca-belair,title_won_date;days_into_reign_at_event,needs_human_judgement,"WWE title history treats Bianca/Jade/Naomi as one reign beginning2024-08-31. Naomi joined2024-12-20: her personal title-won date is Dec20 while Bianca retains Aug31. Days reflect individual acquisition, not crediting Naomi months before she joined.",S359;S360,resolved,2026-09-22
F465,RR2025W,entrants,candice-lerae,title_won_date,conflicting_sources,"Official WWE win announcement dated2024-10-09 versus match taped2024-10-04 per biography. Use actual taping date for title_won_date, same match-date convention as Lash/Tiffany debuts; broadcast date preserved here.",S361;S362,resolved,2026-09-22
F466,RR2025W,events,RR2025W,attendance_official,conflicting_sources,"WWE release70,342 versus broadcast/reference70,347; retain official release as in RR2025M.",S344;S339,open,2026-09-22
F467,RR2025W,entrants,RR2025W,wrestler_id;surprise_entrant,needs_human_judgement,"IYO reuses io-shirai and Michin mia-yim, following F429/2024 same-character precedent. Surprise set: unadvertised NXT Roxanne,Lash,Jaida,Vaquer,Giulia; new signing Grace; returns Bliss,Stratus,Bella. Advertised Charlotte return is not marked surprise.",S338;S339,resolved,2026-09-22
F468,RR2026M,eliminations,cody-rhodes,eliminator_wrestler_id,official_nonactive_eliminator_credit,"WWE credits Drew McIntyre, a nonentrant; WZ instead credits Jacob Fatu with Drew assistance. Retain Drew, following The Miz RR2011M F262 and Omos RR2021M F414. No entrant row/entry number for Drew. Unlike AOP2020 F397, WWE explicitly names him as eliminator.",S363;S364;S366,resolved,2026-09-22
F469,RR2026M,eliminations,powerhouse-hobbs;dragon-lee;la-parka-iii;jevon-evans,eliminator_wrestler_id,conflicting_sources,"WWE credits Royce and Dragon Lee to Bronson alone; WZ credits all three Vision members to both and Cagematch credits all three only for Royce. AllRumbleStats credits Theory+Reed for La Parka versus official Theory. WZ credits Gunther for Evans versus official Orton. Retain official named credits, applying F397 distinction between assistance and eliminator-of-record.",S363;S364;S366;S367,open,2026-09-22
F470,RR2026M,events;entrants,RR2026M,duration_total;ring_time,conflicting_sources,"Cagematch58:21 versus Wikipedia56:10 and independent AllRumbleStats58:16; retain tier4 Cagematch duration. WWE/AllRumbleStats individual times: Oba Femi 39:04/38:57; Bron Breakker 00:10/00:11; Solo Sikoa 03:51/04:01; Rey Mysterio 02:43/02:53; Rusev 00:32/00:34; Damian Priest 11:06/13:01; Je'Von Evans 40:58/40:54; Mr. Iguana 02:05/02:12; Cody Rhodes 36:50/36:42; Original El Grande Americano 01:21/01:20; Royce Keys 09:55/09:56; Austin Theory 10:08/10:09; Bronson Reed 09:02/09:04; Ilja Dragunov 11:00/10:58; La Parka 04:26/04:23; Dragon Lee 03:01/03:07; Logan Paul 25:07/25:06; LA Knight 14:25/14:24; Brock Lesnar 05:32/04:51; Rey Fenix 00:28/00:30; Jey Uso 13:08/13:10; Roman Reigns 15:48/15:52; Jacob Fatu 09:01/09:19; Randy Orton 07:40/07:41; Gunther 07:51/07:50. Independent clock sometimes begins at pre-entry attack, contrary to project ring-time definition; retain official values with disagreements visible.",S363;S366;S365;S367,open,2026-09-22
F471,RR2026M,entrants,bron-breakker,elim_number;ring_time,needs_human_judgement,"Bron was attacked before entering, but entered and was eliminated by Oba. Retain entry2, elimination1 and official10sec. Unlike documented Tozawa2025 no-show or Rey2023, there was actual participation; no N/A sentinel.",S363;S367,resolved,2026-09-22
F472,RR2026M,wrestlers,el-grande-americano-i;el-grande-americano-ii,wrestler_id,needs_human_judgement,"Both underlying people were individually matched: Charles Betts=chad-gable and Marcel Barthel=ludwig-kaiser. Create separate masked performer identities under full-character reinvention rule, following husky-harris/bray-wyatt F354. Separate I/II IDs also prevent conflating two different people sharing a mask. Both received fresh individual biography research. AllRumbleStats instead aggregates them under unmasked identities; this database follows its split-character convention.",S363;S393;S391;S367,resolved,2026-09-22
F473,RR2026M,entrants,zack-ryder;rusev,wrestler_id,needs_human_judgement,"Matt Cardona reuses zack-ryder: WWE explicitly carries Ryder biography and Rough Ryder/Broski Boot into current Cardona profile, supporting continuity rather than full masked-character reinvention. Rusev reuses rusev (earlier Alexander Rusev). F400 minor-moniker precedent; event billing preserved.",S395;S363,resolved,2026-09-22
F474,RR2026M,wrestlers,la-parka-iii;rey-fenix;mr-iguana,real_name;debut_year_company,unverified,"Person-specific searches established La Parka III is former Brazo de Oro Jr. II, born1999, not L.A. Park or deceased La Parka II or Karis la Momia Jr. His and Fenix real names remain unpublished in consulted profiles and are blank. First promotion for La Parka/Fenix/Iguana was not established; sourced debut date/year retained with circuit, no guessed company.",S384;S385;S389;S390;S375;S376,open,2026-09-22
F475,RR2026M,wrestlers,oba-femi,dob,conflicting_sources,"Official Alabama athletics biography says2001-05-21; English Wikipedia says1998-04-22. Store primary official2001-05-21 with CONFLICTING status; this is unresolved, not a verified exact birthday.",S369;S368,open,2026-09-22
F476,RR2026M,wrestlers,solo-sikoa;trick-williams,dob,conflicting_sources,Solo: Cagematch1993-03-17 versus OWW1993-03-18; retain tier4 March17. Trick: Cagematch1994-05-26 versus IWD1994-05-16; retain tier4 May26.,S371;S372;S378;S379,open,2026-09-22
F477,RR2026M,wrestlers,el-grande-americano-i,debut_year_company,conflicting_sources,Chad biography/OWW report2003-09-08 but first located MPW card is2003-10-26. Store year2003 and MPW with both dates annotated; do not imply September card was independently found.,S393;S394,open,2026-09-22
F478,RR2026M,events,RR2026M,attendance_official;attendance_reported,conflicting_sources,"No direct official attendance release located. Cagematch estimates22500; reporting cites WWE sources saying25000 tickets. Leave official blank, reported22500 from higher-tier Cagematch; estimate and alternative preserved.",S366;S400;S365,open,2026-09-22
F479,RR2026M,entrants;events,solo-sikoa;RR2026M,current_champion_title;champions_in_field_count,conflicting_sources,"WWE Jan30 video documents Solo handing his title to Talla; contemporary interpretation is relinquishment, while retrospective title list retains Solo/Tama as recognized champions. Apply higher-tier official transfer account and leave Solo title blank at Rumble; count Jey as confirmed reigning champion. Oba vacated Jan6; Dragon Lee lost Dec29; Iguana was a challenger for AAA mixed title. Title membership uncertainty remains explicit.",S397;S398;S396;S399;S401,open,2026-09-22
F480,RR2026M,wrestlers,penta,birthplace;debut_year_company,conflicting_sources,"Additional SI biography reports Xalapa and2004 debut, differing from Ecatepec/2007 in the previously built Penta profile. Preserve alternative here; existing2007 entry reflects his reported interview chronology. No silent rewrite of the prior event biography.",S402,open,2026-09-22
F481,RR2026M,entrants,RR2026M,surprise_entrant,needs_human_judgement,"Unadvertised company debut Royce Keys, AAA guests Iguana/La Parka, and returning Original Americano/LA Knight are marked surprises. Advertised Oba/Lesnar/Reigns are not. Royce company debut is sourced explicitly in official recap.",S363;S365,resolved,2026-09-22
F482,RR2026W,eliminations,bayley;lyra-valkyria;kiana-james;sol-ruca,eliminator_wrestler_id,conflicting_sources,"WWE statistics credit Bayley solely to Nikki and Lyra solely to Brie; WZ/Cagematch describe shared Bella credit. WWE narrative describes all Judgment Day assisting with Kiana, but table credits Raquel only. WZ credits Sol to Liv versus WWE table/recap Tiffany. Retain specific official table credits, applying F397 assistance versus eliminator-of-record precedent.",S403;S404;S406;S407,open,2026-09-22
F483,RR2026W,entrants;eliminations,alba-fyre,wrestler_id;order_in_match,needs_human_judgement,"Alba accompanied Chelsea and was thrown out by Rhea but was not an official entrant. As with R-Truth intrusion RR2024W, no fictional entrant or elimination row is created; unlike Drew RR2026M, she is not named as an official eliminator either.",S403,resolved,2026-09-22
F484,RR2026W,entrants,natalya;zelina-vega;io-shirai,wrestler_id;ring_name_at_time,needs_human_judgement,"Nattie reuses natalya: same acknowledged Hart-family performer and continuing Maxxine storyline, despite heel turn/new music. WWE explicitly counts Nattie among all-nine-Rumble participants, supporting continuity. Zelina reuses zelina-vega; IYO reuses io-shirai. Follow F400/F429 moniker precedent; preserve billed names.",S403;S431,resolved,2026-09-22
F485,RR2026W,entrants;events,RR2026W,ring_time;duration_total,conflicting_sources,WWE/AllRumbleStats times: Charlotte Flair 59:49/59:50; Kiana James 27:30/27:31; Nia Jax 09:29/09:30; Ivy Nile 06:24/06:22; Lola Vice 04:32/04:30; Becky Lynch 07:35/07:37; Sol Ruca 50:47/50:50; Roxanne Perez 22:12/22:10; Maxxine Dupri 02:47/02:46; Nattie 23:01/23:02; Liv Morgan 43:50/43:52; Lash Legend 38:46/38:57; Zelina 10:54/11:55; Chelsea Green 08:35/08:36; Giulia 15:15/15:16; Asuka 14:36/14:46; Bayley 16:22/16:30; Kelani Jordan 09:22/09:15; Kairi Sane 01:36/01:40; Brie Bella 06:50/06:52; Tiffany Stratton 12:48/12:55. Retain official times; independent clock includes pre-entry attacks for some entrants. Cagematch duration66:51 versus Wikipedia67:00 and AllRumbleStats66:50; store tier4 Cagematch.,S403;S406;S405;S407,open,2026-09-22
F486,RR2026W,eliminations,lola-vice;candice-lerae;nia-jax;alexa-bliss,order_in_match,needs_video_review,"WWE describes Lola/Candice and Nia/Alexa as simultaneous pairs. Retain published WZ chronological tie ordering1/2 and4/5; ordering within each pair is source convention, not independently frame-verified. Both pairs receive one victim record each, not additional shared eliminator credits.",S403;S404;S406,open,2026-09-22
F487,RR2026W,wrestlers,jacy-jayne,dob;birthplace;debut_year_company,conflicting_sources,Cagematch1996-06-02 Clearwater Beach and2016-06-25 in-ring start; English Wikipedia1995-06-02 New Jersey and2018-05-30 ACW debut; SDH1996-06-02 Tampa and2016-07-16 career start. Store higher-tier Cagematch values. WWE recruitment identifies Taylor Grado of Clearwater Beach. Dedicated first-company search did not establish a2016 promotion; do not retroactively assign2018 ACW to2016.,S417;S416;S418;S419,open,2026-09-22
F488,RR2026W,wrestlers,kiana-james,real_name,conflicting_sources,English/SDH Kayla Klingensmith nee Inlay versus German Kayla Klink. Store current published Klingensmith with Inlay alias; preserve Klink alternative rather than silently treating it as confirmed.,S408;S410;S411,open,2026-09-22
F489,RR2026W,wrestlers,kelani-jordan,dob;real_name;debut_year_company,conflicting_sources,"English/OWW birthday1998-10-22 versus Spanish1998-10-14. Use Oct22 supported by multiple profiles, conflicting status. Full Lea Simone Mitchell is single-source SDH (PROBABLE); other profiles shorten to Lea Mitchell. Debut2022-10-28 battle royal versus Gerweck May9 2023 television taping; preserve distinction, not a2023 professional start.",S420;S421;S422;S423;S424,open,2026-09-22
F490,RR2026W,wrestlers,lola-vice;kiana-james,debut_year_company,needs_human_judgement,"Lola first participated in a2022-10-28 NXT battle royal before regular six-person match Nov12; earliest participation retained. Kiana first match taped2021-09-11, broadcastSep21; match date retained, same taping-date convention as prior builds.",S412;S413;S408;S409,resolved,2026-09-22
F491,RR2026W,entrants,chelsea-green,current_champion_title;championship_partner,unverified,Chelsea still held AAA Mixed Tag title at Jan31 with Ethan Page after Nov2 win; later Feb7 loss is outside event date. Partner stored as published name because he has no wrestler_id in this Rumble database; no invented identity row solely for a partner. Sol had vacated Speed Oct28 and is not a reigning champion.,S429;S430;S428,resolved,2026-09-22
F492,RR2026W,events,RR2026W,attendance_official;attendance_reported,conflicting_sources,"Same event as RR2026M: Cagematch estimates22500 versus reports of25000 tickets attributed to WWE sources. No direct official figure located; official blank, reported22500 with estimate qualifier.",S406;S432;S405,open,2026-09-22
F493,RR2026W,entrants,RR2026W,surprise_entrant,needs_human_judgement,"NXT guests Lola,Sol,Jacy,Kelani and returns Brie/Tiffany form surprise set; standard roster entrants not marked simply for first Rumble. Brie and Nikki are non-full-time Hall-of-Fame returns; company debut not inferred from Rumble debut.",S403;S405,resolved,2026-09-22
F494,RR1994M,events,RR1994M,runner_up_id;final_three_ids;final_four_ids;first_entrant_id;second_entrant_id;final_entrant_id;first_elimination_id;last_elimination_before_winner_id,unverified,Blanked literal ID placeholders and marked each matching field_status UNKNOWN. Existing sourcing documentation: F059;F092. Some later resolutions recover entry numbers/times without completing event summary IDs; those summaries are not guessed in this cleanup. Previous values: runner_up_id=UNKNOWN; final_three_ids=UNKNOWN; final_four_ids=UNKNOWN; first_entrant_id=UNKNOWN; second_entrant_id=UNKNOWN; final_entrant_id=UNKNOWN; first_elimination_id=UNKNOWN; last_elimination_before_winner_id=UNKNOWN.,S024;S029;S035;S036;S042,open,2026-09-23
F495,RR1996M,events,RR1996M,final_three_ids;final_four_ids;final_entrant_id;first_elimination_id,unverified,Blanked literal ID placeholders and marked each matching field_status UNKNOWN. Existing sourcing documentation: F072. Some later resolutions recover entry numbers/times without completing event summary IDs; those summaries are not guessed in this cleanup. Previous values: final_three_ids=UNKNOWN; final_four_ids=UNKNOWN; final_entrant_id=UNKNOWN; first_elimination_id=UNKNOWN.,S024;S032;S035;S037;S039;S040,open,2026-09-23
F496,RR1998M,events,RR1998M,final_three_ids;final_four_ids;final_entrant_id;first_elimination_id,unverified,Blanked literal ID placeholders and marked each matching field_status UNKNOWN. Existing sourcing documentation: F112. Some later resolutions recover entry numbers/times without completing event summary IDs; those summaries are not guessed in this cleanup. Previous values: final_three_ids=UNKNOWN; final_four_ids=UNKNOWN; final_entrant_id=UNKNOWN; first_elimination_id=UNKNOWN.,S043;S050;S053;S054,open,2026-09-23
F497,RR2000M,events,RR2000M,final_three_ids;final_entrant_id;first_elimination_id,unverified,Blanked literal ID placeholders and marked each matching field_status UNKNOWN. Existing sourcing documentation: F124. Some later resolutions recover entry numbers/times without completing event summary IDs; those summaries are not guessed in this cleanup. Previous values: final_three_ids=UNKNOWN; final_entrant_id=UNKNOWN; first_elimination_id=UNKNOWN.,S037;S046;S050;S058;S059,open,2026-09-23
F498,RR2002M,events,RR2002M,first_elimination_id,unverified,Blanked literal ID placeholders and marked each matching field_status UNKNOWN. Existing sourcing documentation: F135. Some later resolutions recover entry numbers/times without completing event summary IDs; those summaries are not guessed in this cleanup. Previous values: first_elimination_id=UNKNOWN.,S024;S049;S050;S061;S063,open,2026-09-23
F499,RR2006M,events,RR2006M,final_entrant_id;first_elimination_id,unverified,Blanked literal ID placeholders and marked each matching field_status UNKNOWN. Existing sourcing documentation: F189. Some later resolutions recover entry numbers/times without completing event summary IDs; those summaries are not guessed in this cleanup. Previous values: final_entrant_id=UNKNOWN; first_elimination_id=UNKNOWN.,S037;S070;S073;S074;S075;S076;S077,open,2026-09-23
F500,RR1998M,entrants;show_appearances,hunter-hearst-helmsley,entry_number,conflicting_sources,"F113 retained an outside interferer as an extra entrant. External 1998 entrant table explicitly excludes Triple H/Chyna; WWE confirms only 29 actual participants plus Skull slot 22. Move the extra Triple H row to show_appearances; retain all existing elimination credits with blank eliminator entry number. F113's claim that Honky replaced Triple H at 19 is not corroborated and is preserved as a conflict, not used to assign a fictional draw.",S433;S441,open,2026-09-23
F501,RR2004M,entrants,test;mick-foley,documented_substitution,corrected,"F175 explicitly documents Test's no-show and Foley's replacement at slot 21. Apply the existing RR2025M substitution convention; retain both records, blank Test's nonparticipation times, and mark Spike's separate no-show per F174. No validator changes.",S435;S067,resolved,2026-09-23
F502,RR2001M,eliminations;entrants,faarooq;the-godfather;bradshaw;hardcore-holly;k-kwik;val-venis;william-regal;test;haku,eliminator_wrestler_id;order_in_match,corrected,Targeted verification recovered omitted credits for the listed victims. Existing entrant elimination ranks are retained (2005 ranks exclude the documented no-show; the reference table includes it). Added credit rows and recomputed affected credit summaries. Single-source recoveries remain PROBABLE. Existing unrelated disputed credits are unchanged.,S434,resolved,2026-09-23
F503,RR2005M,eliminations;entrants,chris-benoit;edge;rey-mysterio;chris-jericho,eliminator_wrestler_id;order_in_match,corrected,Targeted verification recovered omitted credits for the listed victims. Existing entrant elimination ranks are retained (2005 ranks exclude the documented no-show; the reference table includes it). Added credit rows and recomputed affected credit summaries. Single-source recoveries remain PROBABLE. Existing unrelated disputed credits are unchanged.,S436,resolved,2026-09-23
F504,RR2007M,eliminations;entrants,kane;jeff-hardy,eliminator_wrestler_id;order_in_match,corrected,Targeted verification recovered omitted credits for the listed victims. Existing entrant elimination ranks are retained (2005 ranks exclude the documented no-show; the reference table includes it). Added credit rows and recomputed affected credit summaries. Single-source recoveries remain PROBABLE. Existing unrelated disputed credits are unchanged.,S437,resolved,2026-09-23
F505,RR2009M,eliminations;entrants,vladimir-kozlov,eliminator_wrestler_id;order_in_match,corrected,Targeted verification recovered omitted credits for the listed victims. Existing entrant elimination ranks are retained (2005 ranks exclude the documented no-show; the reference table includes it). Added credit rows and recomputed affected credit summaries. Single-source recoveries remain PROBABLE. Existing unrelated disputed credits are unchanged.,S438;S444,resolved,2026-09-23
F506,RR2012M,eliminations;entrants,big-show,eliminator_wrestler_id;order_in_match,corrected,Targeted verification recovered omitted credits for the listed victims. Existing entrant elimination ranks are retained (2005 ranks exclude the documented no-show; the reference table includes it). Added credit rows and recomputed affected credit summaries. Single-source recoveries remain PROBABLE. Existing unrelated disputed credits are unchanged.,S439;S442,resolved,2026-09-23
F507,RR2014M,eliminations;entrants,cody-rhodes,eliminator_wrestler_id;order_in_match,corrected,Targeted verification recovered omitted credits for the listed victims. Existing entrant elimination ranks are retained (2005 ranks exclude the documented no-show; the reference table includes it). Added credit rows and recomputed affected credit summaries. Single-source recoveries remain PROBABLE. Existing unrelated disputed credits are unchanged.,S440;S443;S445,resolved,2026-09-23
F508,RR1997M,eliminations,*,order_in_match,corrected,Synchronized 2 existing elimination-credit rows to already-sourced entrants.elim_number. No numbering was inferred from gaps or file order. For RR2014M the former credit-table ordinals were erroneous and disagreed with sourced entrant ranks; complete published order independently rechecked. Prior values are preserved in the cleanup audit.,S024;S033;S034;S035;S037;S038;S042,resolved,2026-09-23
F509,RR1999M,eliminations,*,order_in_match,corrected,Synchronized 24 existing elimination-credit rows to already-sourced entrants.elim_number. No numbering was inferred from gaps or file order. For RR2014M the former credit-table ordinals were erroneous and disagreed with sourced entrant ranks; complete published order independently rechecked. Prior values are preserved in the cleanup audit.,S037;S044;S045;S050;S056,resolved,2026-09-23
F510,RR2001M,eliminations,*,order_in_match,corrected,Synchronized 7 existing elimination-credit rows to already-sourced entrants.elim_number. No numbering was inferred from gaps or file order. For RR2014M the former credit-table ordinals were erroneous and disagreed with sourced entrant ranks; complete published order independently rechecked. Prior values are preserved in the cleanup audit.,S040;S047;S048;S050,resolved,2026-09-23
F511,RR2003M,eliminations,*,order_in_match,corrected,Synchronized 19 existing elimination-credit rows to already-sourced entrants.elim_number. No numbering was inferred from gaps or file order. For RR2014M the former credit-table ordinals were erroneous and disagreed with sourced entrant ranks; complete published order independently rechecked. Prior values are preserved in the cleanup audit.,S040;S065;S066;S073,resolved,2026-09-23
F512,RR2005M,eliminations,*,order_in_match,corrected,Synchronized 21 existing elimination-credit rows to already-sourced entrants.elim_number. No numbering was inferred from gaps or file order. For RR2014M the former credit-table ordinals were erroneous and disagreed with sourced entrant ranks; complete published order independently rechecked. Prior values are preserved in the cleanup audit.,S040;S068;S069;S073;S076;S078,resolved,2026-09-23
F513,RR2007M,eliminations,*,order_in_match,corrected,Synchronized 18 existing elimination-credit rows to already-sourced entrants.elim_number. No numbering was inferred from gaps or file order. For RR2014M the former credit-table ordinals were erroneous and disagreed with sourced entrant ranks; complete published order independently rechecked. Prior values are preserved in the cleanup audit.,S036;S037;S052;S071;S072;S073,resolved,2026-09-23
F514,RR2008M,eliminations,*,order_in_match,corrected,Synchronized 10 existing elimination-credit rows to already-sourced entrants.elim_number. No numbering was inferred from gaps or file order. For RR2014M the former credit-table ordinals were erroneous and disagreed with sourced entrant ranks; complete published order independently rechecked. Prior values are preserved in the cleanup audit.,S024;S080;S081;S097;S099,resolved,2026-09-23
F515,RR2009M,eliminations,*,order_in_match,corrected,Synchronized 26 existing elimination-credit rows to already-sourced entrants.elim_number. No numbering was inferred from gaps or file order. For RR2014M the former credit-table ordinals were erroneous and disagreed with sourced entrant ranks; complete published order independently rechecked. Prior values are preserved in the cleanup audit.,S023;S025;S052;S082;S097,resolved,2026-09-23
F516,RR2011M,eliminations,*,order_in_match,corrected,Synchronized 46 existing elimination-credit rows to already-sourced entrants.elim_number. No numbering was inferred from gaps or file order. For RR2014M the former credit-table ordinals were erroneous and disagreed with sourced entrant ranks; complete published order independently rechecked. Prior values are preserved in the cleanup audit.,S023;S058;S083;S097,resolved,2026-09-23
F517,RR2012M,eliminations,*,order_in_match,corrected,Synchronized 22 existing elimination-credit rows to already-sourced entrants.elim_number. No numbering was inferred from gaps or file order. For RR2014M the former credit-table ordinals were erroneous and disagreed with sourced entrant ranks; complete published order independently rechecked. Prior values are preserved in the cleanup audit.,S040;S084;S097;S100,resolved,2026-09-23
F518,RR2014M,eliminations,*,order_in_match,corrected,Synchronized 29 existing elimination-credit rows to already-sourced entrants.elim_number. No numbering was inferred from gaps or file order. For RR2014M the former credit-table ordinals were erroneous and disagreed with sourced entrant ranks; complete published order independently rechecked. Prior values are preserved in the cleanup audit.,S051;S102;S103;S104;S105;S109;S114;S445,resolved,2026-09-23
F519,RR2015M,eliminations,*,order_in_match,corrected,Synchronized 19 existing elimination-credit rows to already-sourced entrants.elim_number. No numbering was inferred from gaps or file order. For RR2014M the former credit-table ordinals were erroneous and disagreed with sourced entrant ranks; complete published order independently rechecked. Prior values are preserved in the cleanup audit.,S058;S106;S109,resolved,2026-09-23
F520,RR2016M,eliminations,*,order_in_match,corrected,Synchronized 20 existing elimination-credit rows to already-sourced entrants.elim_number. No numbering was inferred from gaps or file order. For RR2014M the former credit-table ordinals were erroneous and disagreed with sourced entrant ranks; complete published order independently rechecked. Prior values are preserved in the cleanup audit.,S040;S051;S107;S108;S109,resolved,2026-09-23
F521,RR1994M,events,RR1994M,winner_id,needs_human_judgement,"Handoff only: preserve bret-hart;lex-luger and both is_winner=TRUE entrants. Recommend an event_winners relation (event_id,wrestler_id) plus finish_type=co_winners; validate each ID and winner count against the declared finish. Also adapt elimination completeness for documented no-shows and shared finish semantics. Do not choose one winner or merely suppress the errors.",S024;S029;S035;S036;S042,open,2026-09-23
F522,RR2015M,entrants;eliminations,curtis-axel,elim_number;elimination_type,schema_modeling_conflict,"The inherited row gives Curtis Axel elimination rank 4 and a clock time, while Wikipedia and Pro Wrestling History both say he never entered after Erick Rowan attacked and replaced him. To preserve the validator's inherited 1-29 sequence without inventing an over-the-top-rope elimination, the row is modeled as a CONFLICTING storyline voluntary_exit credited to Rowan. A future schema review should decide whether the entrant row should instead be Erick Rowan or Axel should be a no-show.",S109;S481,open,2026-09-23
F523,RR2016M,entrants;eliminations,bray-wyatt,eliminated_by_ids;assisting_wrestler_ids,conflicting_sources,Wikipedia credits Bray Wyatt's elimination jointly to Sheamus and Triple H; Pro Wrestling History credits Sheamus alone. Structured data preserves the fuller Wikipedia credit with CONFLICTING status and retains both sources.,S109;S481,open,2026-09-23
F524,RR1991M,entrants,tugboat,billed_height_m_at_event,conflicting_sources,"Current Wikipedia lists Fred Ottman/Tugboat at 6 ft 3 in, while an archived 2023 Wikipedia edition lists 6 ft 5 in. The current 1.91 m value is preserved with CONFLICTING status; both agree on 384 lb and Norfolk, Virginia.",S550;S551,open,2026-09-23
F525,RR1992M,entrants,sgt-slaughter,billed_weight_kg_at_event,conflicting_sources,"Current Wikipedia lists Sgt. Slaughter at 310 lb, while an archived 2023 edition lists 305 lb. The current 141 kg value is preserved with CONFLICTING status; both agree on 6 ft 6 in and Parris Island.",S560;S561,open,2026-09-23
F526,RR1991M,wrestlers,paul-roma,dob,conflicting_sources,"The inherited 1960-04-29 date is supported by higher-tier Cagematch and independently by Online World of Wrestling; current English Wikipedia gives 1959-04-29. Best evidence therefore favors retaining 1960, but the reliable-source disagreement remains genuine. Master data is unchanged and the flag stays open pending Shane's call.",S004;S540;S578;S579,open,2026-09-23
F527,RR1992M,wrestlers,virgil,dob;birthplace,conflicting_sources,"A family obituary and a direct published interview with Virgil's siblings both support 1951-04-07 and Wilkinsburg, Pennsylvania, while the inherited row gives 1962-06-13 and Nashville. Evidence strongly favors the family account, but changing the master DOB would cascade to three event-age rows, so no silent correction was made; Shane should approve the master-data migration. | RESOLVED 2026-09-26: Shane approved the master-data migration to 1951-04-07 / Wilkinsburg, PA. wrestlers.csv updated, 3 cascading age_at_event rows (RR1992M/RR1993M/RR1994M) recomputed from the new DOB.",S004;S563;S580;S581,resolved,2026-09-23
F528,,entrants,kairi-sane,billed_height_m_at_event;billed_from_at_event,conflicting_sources,"Women's event-profile pass found differing published billed values across RR2018W, RR2019W, RR2020W, RR2024W, RR2026W. billed_height_m_at_event: Wikipedia/reference='1.55', SDH='1.57'; billed_from_at_event: Wikipedia/reference='Yamaguchi Prefecture, Japan', SDH='Yamaguchi, Japan'. Existing/reference value retained in entrants.csv; alternative preserved here pending event-specific confirmation.",S908;S995,open,2026-09-24
F529,,entrants,torrie-wilson,billed_height_m_at_event,conflicting_sources,"Women's event-profile pass found differing published billed values across RR2018W, RR2021W. billed_height_m_at_event: Wikipedia/reference='1.73', SDH='1.70'. Existing/reference value retained in entrants.csv; alternative preserved here pending event-specific confirmation.",S911;S998,open,2026-09-24
F530,,entrants,sonya-deville,billed_from_at_event,conflicting_sources,"Women's event-profile pass found differing published billed values across RR2018W, RR2019W, RR2020W, RR2022W, RR2023W, RR2025W. billed_from_at_event: Wikipedia/reference='Los Angeles, California', SDH='Shamong, New Jersey'. Existing/reference value retained in entrants.csv; alternative preserved here pending event-specific confirmation.",S912;S999,open,2026-09-24
F531,,entrants,liv-morgan,billed_height_m_at_event,conflicting_sources,"Women's event-profile pass found differing published billed values across RR2018W, RR2019W, RR2020W, RR2021W, RR2022W, RR2023W, RR2024W, RR2025W, RR2026W. billed_height_m_at_event: Wikipedia/reference='1.60', SDH='1.65'. Existing/reference value retained in entrants.csv; alternative preserved here pending event-specific confirmation.",S913;S1000,open,2026-09-24
F532,,entrants,lana,billed_from_at_event,conflicting_sources,"Women's event-profile pass found differing published billed values across RR2018W, RR2020W, RR2021W. billed_from_at_event: Wikipedia/reference='Moscow, Russia (as Lana)', SDH='Moscow, Russia'. Existing/reference value retained in entrants.csv; alternative preserved here pending event-specific confirmation.",S915;S1002,open,2026-09-24
F533,,entrants,vickie-guerrero,billed_height_m_at_event;billed_weight_kg_at_event,conflicting_sources,"Women's event-profile pass found differing published billed values across RR2018W. billed_height_m_at_event: Wikipedia/reference='1.63', SDH='1.68'; billed_weight_kg_at_event: Wikipedia/reference='64', SDH='77'. Existing/reference value retained in entrants.csv; alternative preserved here pending event-specific confirmation.",S918;S1005,open,2026-09-24
F534,,entrants,jacqueline,billed_from_at_event,conflicting_sources,"Women's event-profile pass found differing published billed values across RR2018W. billed_from_at_event: Wikipedia/reference='Dallas, Texas', SDH='Memphis, Tennessee'. Existing/reference value retained in entrants.csv; alternative preserved here pending event-specific confirmation.",S923;S1010,open,2026-09-24
F535,,entrants,nia-jax,billed_weight_kg_at_event,conflicting_sources,"Women's event-profile pass found differing published billed values across RR2018W, RR2019W, RR2021W, RR2023W, RR2024W, RR2025W, RR2026W. billed_weight_kg_at_event: Wikipedia/reference='123', SDH='116'. Existing/reference value retained in entrants.csv; alternative preserved here pending event-specific confirmation.",S924;S1011,open,2026-09-24
F536,,entrants,ember-moon,billed_height_m_at_event,conflicting_sources,"Women's event-profile pass found differing published billed values across RR2018W, RR2019W, RR2021W. billed_height_m_at_event: Wikipedia/reference='1.60', SDH='1.57'. Existing/reference value retained in entrants.csv; alternative preserved here pending event-specific confirmation.",S925;S1012,open,2026-09-24
F537,,entrants,nikki-bella,billed_from_at_event,conflicting_sources,"Women's event-profile pass found differing published billed values across RR2018W, RR2022W, RR2025W, RR2026W. billed_from_at_event: Wikipedia/reference='San Diego, California', SDH='Scottsdale, Arizona'. Existing/reference value retained in entrants.csv; alternative preserved here pending event-specific confirmation.",S929;S1016,open,2026-09-24
F538,,entrants,brie-bella,billed_weight_kg_at_event,conflicting_sources,"Women's event-profile pass found differing published billed values across RR2018W, RR2022W, RR2026W. billed_weight_kg_at_event: Wikipedia/reference='54', SDH='56'. Existing/reference value retained in entrants.csv; alternative preserved here pending event-specific confirmation.",S930;S1017,open,2026-09-24
F539,,entrants,nikki-cross,billed_height_m_at_event;billed_weight_kg_at_event,conflicting_sources,"Women's event-profile pass found differing published billed values across RR2019W, RR2020W, RR2021W, RR2022W, RR2023W. billed_height_m_at_event: Wikipedia/reference='1.53', SDH='1.57'; billed_weight_kg_at_event: Wikipedia/reference='53', SDH='54'. Existing/reference value retained in entrants.csv; alternative preserved here pending event-specific confirmation.",S935;S1022,open,2026-09-24
F540,,entrants,peyton-royce,billed_from_at_event,conflicting_sources,"Women's event-profile pass found differing published billed values across RR2019W, RR2021W. billed_from_at_event: Wikipedia/reference='Australia', SDH='Sydney, Australia'. Existing/reference value retained in entrants.csv; alternative preserved here pending event-specific confirmation.",S936;S1023,open,2026-09-24
F541,,entrants,xia-li,billed_height_m_at_event,conflicting_sources,"Women's event-profile pass found differing published billed values across RR2019W, RR2020W, RR2023W, RR2024W. billed_height_m_at_event: Wikipedia/reference='1.63', SDH='1.60'. Existing/reference value retained in entrants.csv; alternative preserved here pending event-specific confirmation.",S937;S1024,open,2026-09-24
F542,,entrants,charlotte-flair,billed_from_at_event,conflicting_sources,"Women's event-profile pass found differing published billed values across RR2019W, RR2020W, RR2021W, RR2022W, RR2025W, RR2026W. billed_from_at_event: Wikipedia/reference='""The Queen City""', SDH='The Queen City'. Existing/reference value retained in entrants.csv; alternative preserved here pending event-specific confirmation.",S938;S1025,open,2026-09-24
F543,,entrants,mercedes-martinez,billed_from_at_event,conflicting_sources,"Women's event-profile pass found differing published billed values across RR2020W. billed_from_at_event: Wikipedia/reference='Brass City C.T.', SDH='Waterbury, Connecticut'. Existing/reference value retained in entrants.csv; alternative preserved here pending event-specific confirmation.",S948;S1034,open,2026-09-24
F544,,entrants,mia-yim,billed_from_at_event,conflicting_sources,"Women's event-profile pass found differing published billed values across RR2020W, RR2023W, RR2024W, RR2025W. billed_from_at_event: Wikipedia/reference='San Diego, California', SDH='Fontana, California'. Existing/reference value retained in entrants.csv; alternative preserved here pending event-specific confirmation.",S949;S1035,open,2026-09-24
F545,,entrants,dakota-kai,billed_from_at_event,conflicting_sources,"Women's event-profile pass found differing published billed values across RR2020W, RR2021W, RR2023W. billed_from_at_event: Wikipedia/reference='Auckland, New Zealand', SDH='East Auckland, New Zealand'. Existing/reference value retained in entrants.csv; alternative preserved here pending event-specific confirmation.",S950;S1036,open,2026-09-24
F546,,entrants,chelsea-green,billed_height_m_at_event;billed_from_at_event,conflicting_sources,"Women's event-profile pass found differing published billed values across RR2020W, RR2023W, RR2024W, RR2025W, RR2026W. billed_height_m_at_event: Wikipedia/reference='1.70', SDH='1.73'; billed_from_at_event: Wikipedia/reference='Victoria, British Columbia, Canada', SDH='Victoria, British Columbia'. Existing/reference value retained in entrants.csv; alternative preserved here pending event-specific confirmation.",S951;S1037,open,2026-09-24
F547,,entrants,toni-storm,billed_height_m_at_event,conflicting_sources,"Women's event-profile pass found differing published billed values across RR2020W, RR2021W. billed_height_m_at_event: Wikipedia/reference='1.68', SDH='1.65'. Existing/reference value retained in entrants.csv; alternative preserved here pending event-specific confirmation.",S952;S1038,open,2026-09-24
F548,,entrants,tegan-nox,billed_height_m_at_event,conflicting_sources,"Women's event-profile pass found differing published billed values across RR2020W, RR2023W, RR2024W. billed_height_m_at_event: Wikipedia/reference='1.70', SDH='1.68'. Existing/reference value retained in entrants.csv; alternative preserved here pending event-specific confirmation.",S954;S1040,open,2026-09-24
F549,,entrants,santino-marella,billed_weight_kg_at_event,conflicting_sources,"Women's event-profile pass found differing published billed values across RR2020W. billed_weight_kg_at_event: Wikipedia/reference='106', SDH='103'. Existing/reference value retained in entrants.csv; alternative preserved here pending event-specific confirmation.",S955;S1041,open,2026-09-24
F550,,entrants,victoria,billed_weight_kg_at_event;billed_from_at_event,conflicting_sources,"Women's event-profile pass found differing published billed values across RR2021W. billed_weight_kg_at_event: Wikipedia/reference='62', SDH='70'; billed_from_at_event: Wikipedia/reference='Los Angeles, California', SDH='Louisville, Kentucky'. Existing/reference value retained in entrants.csv; alternative preserved here pending event-specific confirmation.",S958;S1044,open,2026-09-24
F551,,entrants,santana-garrett,billed_weight_kg_at_event,conflicting_sources,"Women's event-profile pass found differing published billed values across RR2021W. billed_weight_kg_at_event: Wikipedia/reference='64', SDH='54'. Existing/reference value retained in entrants.csv; alternative preserved here pending event-specific confirmation.",S959;S1045,open,2026-09-24
F552,,entrants,ronda-rousey,billed_height_m_at_event;billed_weight_kg_at_event;billed_from_at_event,conflicting_sources,"Women's event-profile pass found differing published billed values across RR2022W. billed_height_m_at_event: Wikipedia/reference='1.68', SDH='1.70'; billed_weight_kg_at_event: Wikipedia/reference='64', SDH='61'; billed_from_at_event: Wikipedia/reference='Venice, California, U.S.', SDH='Venice, California'. Existing/reference value retained in entrants.csv; alternative preserved here pending event-specific confirmation.",S965;S1051,open,2026-09-24
F553,,entrants,ivy-nile,billed_height_m_at_event,conflicting_sources,"Women's event-profile pass found differing published billed values across RR2024W, RR2025W, RR2026W. billed_height_m_at_event: Wikipedia/reference='1.60', SDH='1.57'. Existing/reference value retained in entrants.csv; alternative preserved here pending event-specific confirmation.",S974;S1060,open,2026-09-24
F554,,entrants,kayden-carter,billed_from_at_event,conflicting_sources,"Women's event-profile pass found differing published billed values across RR2024W. billed_from_at_event: Wikipedia/reference='The Philippine Islands', SDH='Philippines'. Existing/reference value retained in entrants.csv; alternative preserved here pending event-specific confirmation.",S975;S1061,open,2026-09-24
F555,,entrants,tiffany-stratton,billed_from_at_event,conflicting_sources,"Women's event-profile pass found differing published billed values across RR2024W, RR2026W. billed_from_at_event: Wikipedia/reference='Minneapolis, Minnesota', SDH='Prior Lake, Minnesota'. Existing/reference value retained in entrants.csv; alternative preserved here pending event-specific confirmation.",S979;S1064,open,2026-09-24
F556,,entrants,stephanie-vaquer,billed_from_at_event,conflicting_sources,"Women's event-profile pass found differing published billed values across RR2025W. billed_from_at_event: Wikipedia/reference='San Fernando, Chile', SDH='San Antonio, Chile'. Existing/reference value retained in entrants.csv; alternative preserved here pending event-specific confirmation.",S983;S1067,open,2026-09-24
F557,,entrants,sol-ruca,billed_height_m_at_event,conflicting_sources,"Women's event-profile pass found differing published billed values across RR2026W. billed_height_m_at_event: Wikipedia/reference='1.75', SDH='1.73'. Existing/reference value retained in entrants.csv; alternative preserved here pending event-specific confirmation.",S987;S1071,open,2026-09-24
F558,,entrants,jacy-jayne,billed_from_at_event,conflicting_sources,"Women's event-profile pass found differing published billed values across RR2026W. billed_from_at_event: Wikipedia/reference='Jersey City, New Jersey', SDH='Tampa, Florida'. Existing/reference value retained in entrants.csv; alternative preserved here pending event-specific confirmation.",S988;S1072,open,2026-09-24
F559,,entrants,paul-roma;timothy-well;kevin-thorn;zelina-vega;roxanne-perez;kelani-jordan,billed_from_at_event;billed_weight_kg_at_event,missing_source,"Residual P1 physical-profile closeout exhausted registered and targeted profile sources. No explicit event-era billed-from source was established for Paul Roma (RR1991M), Timothy Well (RR1995M), or Kevin Thorn (RR2007M). No published billed weight was established for Zelina Vega (RR2019W/RR2020W/RR2022W-RR2026W), Roxanne Perez (RR2023W-RR2026W), or Kelani Jordan (RR2026W); their strongest registered profiles omit weight. Fields remain blank rather than inferred.",S540;S607;S746;S943;S1075;S968;S1054;S989;S1073,open,2026-09-24
F560,,entrants,zelina-vega,billed_weight_kg_at_event,conflicting_sources,Two profiles list 106 lb / 48 kg while Online World of Wrestling lists 107 lb. The two-source 48 kg value is retained as PROBABLE pending event-era confirmation; disagreement preserved here.,S1829;S1830;S1831,open,2026-09-25
