source_id,source_name,source_type,url,reliability_tier,tier_label,accessed_date,notes
S001,Wikipedia: Royal Rumble (1988),reference_site,https://en.wikipedia.org/wiki/Royal_Rumble_(1988),10,Wikipedia/reference,2026-09-15,Event card + full entrant table
S002,Cagematch: Royal Rumble Match 1988,database,https://www.cagematch.net/?id=111&nr=20858,4,Cagematch,2026-09-15,"Participant list, winner, WON rating; no structured order/timing table available via fetch"
S003,Cagematch: WWF Royal Rumble 1988 event page,database,https://www.cagematch.net/?id=1&nr=1755,4,Cagematch,2026-09-15,"Event page; not fully fetched due to rate limiting, referenced via search results only"
S004,"Shane's original research (Entrant_Stats.xlsx, '1988' tab)",original_document,,11,Original research document,2026-09-15,Base layer for entrant detail; treated as PROBABLE until independently cross-checked per record
S005,Wikipedia: Boris Zhukov,reference_site,https://en.wikipedia.org/wiki/Boris_Zhukov,10,Wikipedia/reference,2026-09-15,Bio cross-check sample; DOB conflicts with S004
S006,Wikipedia: Jim Duggan,reference_site,https://en.wikipedia.org/wiki/Jim_Duggan,10,Wikipedia/reference,2026-09-15,Bio cross-check sample; matches S004
S007,Wikipedia: One Man Gang,reference_site,https://en.wikipedia.org/wiki/One_Man_Gang,10,Wikipedia/reference,2026-09-15,Bio cross-check sample; matches S004
S008,Cageside Seats: 'Match Times: The 1988 Royal Rumble' (2014),contemporary_publication,https://www.cagesideseats.com/2014/1/21/5329040/match-times-the-1988-royal-rumble,9,Contemporary wrestling publication,2026-09-15,"Independent frame-by-frame timing analysis; also present verbatim in Shane's original doc under a 'Cageside' heading -- fetched live and confirmed to match. Survival times for all 20 entrants agree with S001/S004 within 1-4 seconds (rounding, not a real conflict); total match duration 33:24 sourced from here."
S009,"Dan Wahlers, 'History of the Royal Rumble' -- 1988 chapter",contemporary_publication,,9,Contemporary wrestling publication,2026-09-15,"Preserved in Shane's original doc; no live URL captured during original scrape. Byline 'Dan Wahlers' given in the doc's own section heading. Gives attendance as 16,200 -- conflicts with S001/S011's 18,000, see flags.csv F007."
S010,"Scott Keith, Kayfabe Memories review of 1988 Royal Rumble",contemporary_publication,,9,Contemporary wrestling publication,2026-09-15,Preserved in Shane's original doc; byline '- Scott Keith' given directly in-text. Detailed blow-by-blow recap of the Rumble match and full card.
S011,KB's Wrestling Reviews: 'Royal Rumble Count-Up: 1988',contemporary_publication,https://kbwrestlingreviews.com/2011/01/08/royal-rumble-count-up-1988/,9,Contemporary wrestling publication,2026-09-15,"Independently corroborates 18,000 attendance, venue and date."
S012,'1989 Rumble Stats - Cageside' section (Shane's doc),contemporary_publication,https://www.cagesideseats.com/wwe/2016/1/18/10687110/wwe-royal-rumble-1989-match-statistics-time,9,Contemporary wrestling publication,2026-09-24,"Frame-by-frame-style timing analysis (survival times, entrance times, time-between-buzzers, ring crowdedness) preserved in Shane's Word doc, same format/methodology as 1988's verified Cageside Seats piece (S008). NOT live-fetched this pass (documents-first instruction) -- origin presumed to be Cageside Seats' 'Match Times' series but this is unverified this pass. See flags.csv. Live article URL recovered and re-accessed for entrance-buzzer and ring-entry timing."
S013,"Dan Wahlers, 'History of the Royal Rumble' -- 1989 chapter",contemporary_publication,,9,Contemporary wrestling publication,2026-09-15,"Preserved in Shane's original doc; no live URL captured. Gives attendance as 19,000 (single-sourced this pass), full narrative history, and fall-by-fall undercard results."
S014,"Scott Keith, Kayfabe Memories review of 1989 Royal Rumble",contemporary_publication,,9,Contemporary wrestling publication,2026-09-15,"Preserved in Shane's original doc. Detailed entry-by-entry, elimination-by-elimination blow-by-blow of the Rumble match plus the full undercard; independently confirms all 30 entry numbers and all 29 eliminations against S015."
S015,"Shane's original research (Entrant_Stats.xlsx, '1989' tab)",original_document,,11,Original research document,2026-09-15,"Base layer for entrant detail; treated as PROBABLE until independently cross-checked per record, per the same rule applied to S004 in 1988."
S016,"Dan Wahlers, 'History of the Royal Rumble' -- 1990 chapter",contemporary_publication,,9,Contemporary wrestling publication,2026-09-15,"Preserved in Shane's original doc; no live URL captured. Full narrative history, and fall-by-fall/duration undercard results. Gives attendance as 16,000."
S017,"Shane's original research (Entrant_Stats.xlsx, '1990' tab)",original_document,,11,Original research document,2026-09-15,"Entry number, elimination number, eliminated-by, and ring time are filled in for all 30 entrants; every bio/physical column is blank for this tab, unlike 1988/1989. Pre-Rumble Appearances section (23 people) has full bio data for most, same as prior years."
S018,'1991 Rumble Stats - Cageside' section (Shane's doc),contemporary_publication,https://www.cagesideseats.com/2016/1/16/10758450/wwe-royal-rumble-1991-match-time-statistics,9,Contemporary wrestling publication,2026-09-24,"Frame-by-frame-style timing analysis (survival times, entrance times, time-between-buzzers, ring crowdedness, Active Iron Man tracking). Misfiled under 1990's Heading-1 in the .docx but is unambiguously about 1991 -- see script docstring. NOT live-fetched this pass. Live article URL recovered and re-accessed for entrance-buzzer and ring-entry timing."
S019,"Dan Wahlers, 'History of the Royal Rumble' -- 1991 chapter",contemporary_publication,,9,Contemporary wrestling publication,2026-09-15,"Preserved in Shane's original doc; no live URL captured. Gives attendance as 16,122, full narrative history (Gulf War/Sgt. Slaughter angle), and undercard match results including the Ultimate Warrior WWF Title loss."
S020,'1992 Rumble Stats - Cageside' section (Shane's doc),contemporary_publication,https://www.cagesideseats.com/2014/1/14/5308096/match-times-the-1992-royal-rumble-match,9,Contemporary wrestling publication,2026-09-24,"Frame-by-frame-style timing analysis (survival times, entrance times, time-between-buzzers, ring crowdedness, miscellaneous notes). Correctly filed under its own '1992 Royal Rumble Stats' Heading-1 -- no misfiling issue this year, unlike 1991. NOT live-fetched this pass. Live article URL recovered and re-accessed for entrance-buzzer and ring-entry timing."
S021,"Dan Wahlers, 'History of the Royal Rumble' -- 1992 chapter",contemporary_publication,,9,Contemporary wrestling publication,2026-09-15,"Preserved in Shane's original doc; no live URL captured. Gives attendance as 17,014, full narrative history (Ric Flair's WWF entrance and Rumble win storyline, vacant-title stipulation), and undercard match results."
S022,"Wikipedia (English), various wrestler biography articles",reference_site,,10,Wikipedia/reference sites,2026-09-15,"Fact-check pass (post-1992 pause, per Shane's plan). Used to cross-check real name/DOB/birthplace for the majority of wrestlers.csv against Shane's original document. Treated as ONE independent source regardless of how many individual articles were consulted."
S023,Cagematch.net wrestler profiles,wrestling_database,,4,Cagematch,2026-09-15,"Fact-check pass. Cagematch.net rate-limited (HTTP 429) or blocked the vast majority of fetch attempts this pass -- only a handful of profiles loaded successfully (Terry Taylor/Red Rooster, The Iron Sheik/Col. Mustafa, Gorilla Monsoon, The Barbarian, Jacques Rougeau/The Mountie). Re-attempting the rest of the roster against Cagematch specifically is a good candidate for a future pass, since it is this project's highest-tier wrestling-specific database source."
S024,"thesmackdownhotel.com, 'Pro Wrestlers Database'",wrestling_database,,12,Other reputable site,2026-09-15,"Fact-check pass. Used as a second independent source for several wrestlers where Cagematch was inaccessible. Independently compiled (disagrees with Wikipedia on some details, confirming it is not just a Wikipedia mirror)."
S025,Online World of Wrestling (onlineworldofwrestling.com) profile pages,wrestling_database,,12,Other reputable site,2026-09-15,"Fact-check pass. Used as a supplementary source for a small number of wrestlers (Ric Flair, The Berzerker) alongside Wikipedia/thesmackdownhotel.com."
S026,"Wikipedia (English), Royal Rumble (1988)-(1992) event articles",reference_site,,10,Wikipedia/reference sites,2026-09-15,"Fact-check pass. Used for event-level facts (attendance, venue, date, duration, winner/runner-up, commentary team, referees) for all five events. Full entry-order/elimination tables were NOT trusted from this source this pass -- see flags.csv F034 -- because the AI web-fetch summarizer visibly scrambled long ordered tables (e.g. reordering 1988's table alphabetically, conflating 'draw number' and 'entry number' columns for 1992) when asked to extract them in bulk; only single-value facts (attendance, dates, names) were used from it."
S027,'1993 Rumble Stats - Cageside' section (Shane's doc),contemporary_publication,https://www.cagesideseats.com/wwe/2016/1/17/10744118/wwe-royal-rumble-1993-match-time-statistics,9,Contemporary wrestling publication,2026-09-24,"Frame-by-frame-style timing analysis (survival times, entrance times, time-between-buzzers, ring crowdedness). Correctly filed under its own '1993 Royal Rumble Stats' Heading-1 -- no misfiling issue this year. NOT live-fetched this pass. Live article URL recovered and re-accessed for entrance-buzzer and ring-entry timing."
S028,"Dan Wahlers, 'History of the Royal Rumble' -- 1993 chapter",contemporary_publication,,9,Contemporary wrestling publication,2026-09-15,"Preserved in Shane's original doc; no live URL captured. Gives attendance as 16,000, full narrative history (Giant Gonzalez angle, Backlund's iron-man run, Yokozuna's title-shot stipulation win), and undercard match results."
S029,"Dan Wahlers, 'History of the Royal Rumble' -- 1994 chapter",contemporary_publication,,9,Contemporary wrestling publication,2026-09-15,"Preserved in Shane's original doc; no live URL captured. Gives attendance as 14,500, full narrative history (the Bret Hart/Lex Luger co-winner finish, the Undertaker/Yokozuna Casket Match, Owen Hart's heel turn on Bret), and undercard match results. NO Cageside-style timing analysis exists for this year -- see F059."
S030,'1995 Rumble Stats - Cageside' section (Shane's doc),contemporary_publication,https://www.cagesideseats.com/wwe/2016/1/21/10669068/wwe-royal-rumble-1995-match-statistics-time,9,Contemporary wrestling publication,2026-09-24,"Frame-by-frame-style timing analysis (survival times, entrance times, time-between-buzzers, ring crowdedness). Correctly filed under its own '1995 Royal Rumble Stats' Heading-1 -- no misfiling issue this year. NOT live-fetched this pass. Live article URL recovered and re-accessed for entrance-buzzer and ring-entry timing."
S031,"Dan Wahlers, 'History of the Royal Rumble' -- 1995 chapter",contemporary_publication,,9,Contemporary wrestling publication,2026-09-15,"Preserved in Shane's original doc; no live URL captured. Gives attendance as 10,569, full narrative history (Diesel/Bret Hart title match, HBK's wire-to-wire win, the confused HBK/Bulldog finish), and undercard match results."
S032,"Dan Wahlers, 'History of the Royal Rumble' -- 1996 chapter",contemporary_publication,,9,Contemporary wrestling publication,2026-09-15,"Preserved in Shane's original doc; no live URL captured. Gives attendance as 9,600, full narrative history (Bret Hart/Undertaker title match with Diesel interference, Steve Austin's Rumble debut as The Ringmaster, the Michaels/Diesel final sequence), and undercard match results. NO Cageside-style timing analysis exists for this year -- see F072."
S033,'1997 Rumble Stats - Cageside' section (Shane's doc),contemporary_publication,https://www.cagesideseats.com/wwe/2016/1/23/10722368/wwe-royal-rumble-1997-match-time-statistics,9,Contemporary wrestling publication,2026-09-24,"Frame-by-frame-style timing analysis (survival times, entrance times, time-between-buzzers, ring crowdedness). Correctly filed under its own '1997 Royal Rumble Stats' Heading-1 -- no misfiling issue this year. NOT live-fetched this pass. Live article URL recovered and re-accessed for entrance-buzzer and ring-entry timing."
S034,"Dan Wahlers, 'History of the Royal Rumble' -- 1997 chapter",contemporary_publication,,9,Contemporary wrestling publication,2026-09-15,"Preserved in Shane's original doc; no live URL captured. Gives attendance as 60,525 announced (48,017 paid), full narrative history (the Austin/Bret Hart missed-elimination finish, Sid/Michaels title match), and undercard match results."
S035,"Wikipedia (English), Royal Rumble (1993)-(1997) event articles",reference_site,,10,Wikipedia/reference sites,2026-09-15,"Event-level facts (date, venue, attendance, duration, referees, commentary, ring announcer, entrant/elimination tables) for all 5 events. Cross-checked against thesmackdownhotel.com/OWW/Cagematch where those loaded. Long ordered tables required a verbatim-transcription re-fetch in several cases after an initial AI-summarized fetch scrambled row order -- see individual flags below for where this mattered."
S036,"Cageside Seats, per-event 'match time/statistics' retrospective articles",contemporary_publication,,9,Contemporary wrestling publication,2026-09-15,"Independent frame-by-frame-style timing retrospectives for the 1993/1994/1995 Rumbles, used to cross-check match duration and (for 1993) survival-time/ring-crowdedness detail."
S037,"TJR Wrestling, event retrospective reviews",reputable_publication,,12,Other reputable site,2026-09-15,Used for 1996/1997 event reviews -- duration/referee corroboration and several trivia items.
S038,"Cultaholic.com, retrospective trivia articles",reputable_publication,,12,Other reputable site,2026-09-15,Used for 1997 attendance/trivia corroboration.
S039,WrestlingInc.com,reputable_publication,,12,Other reputable site,2026-09-15,Used for the 1996 Steve Austin baby-oil-elimination anecdote.
S040,allrumblestats.com,reputable_publication,,12,Other reputable site,2026-09-15,Used for 1995/1996 entry-number and per-wrestler elimination-count corroboration.
S041,Scott's Blog of Doom (blogofdoom.com) event reviews,reputable_publication,,12,Other reputable site,2026-09-15,Used for 1995 referee/trivia corroboration.
S042,Online World of Wrestling (onlineworldofwrestling.com) event results pages,wrestling_database,,12,Other reputable site,2026-09-15,"Reused resource (same site as S025, new pages) -- used for 1994/1995/1997 entrant-order cross-checks; returned a 403 for 1996 and could not be checked that year."
S043,"Dan Wahlers, 'History of the Royal Rumble' -- 1998 chapter",contemporary_publication,,9,Contemporary wrestling publication,2026-09-16,"Preserved in Shane's original doc; no live URL captured. Gives exact attendance (18,542), full narrative history (Foley's 3-persona run, Honky Tonk Man's surprise entry, Triple H's crutch interference, the Austin/Rock finish, the Michaels/Undertaker Casket Match closing angle with Kane), and undercard match results. NO Cageside-style timing analysis exists for this year -- see F112."
S044,'1999 Rumble Stats - Cageside' section (Shane's doc),contemporary_publication,https://www.cagesideseats.com/2014/1/19/5323996/match-times-the-1999-royal-rumble,9,Contemporary wrestling publication,2026-09-24,"Frame-by-frame-style timing analysis (survival times, entrance times, time-between-buzzers, ring crowdedness) filed under the '1999 Royal Rumble Stats' Heading-1. Explicitly documents 4 camera-cut timing uncertainties (Droz, Tiger Ali Singh, Mabel, Ken Shamrock) and gives Austin/McMahon full-match credit despite lengthy absences -- see F120 and script docstring. NOT live-fetched this pass. Live article URL recovered and re-accessed for entrance-buzzer and ring-entry timing."
S045,"Dan Wahlers, 'History of the Royal Rumble' -- 1999 chapter",contemporary_publication,,9,Contemporary wrestling publication,2026-09-16,"Preserved in Shane's original doc; no live URL captured. Gives attendance (14,816), full narrative history (the Rock/Foley 'I Quit' Match, the Austin/McMahon storyline that dominated the Rumble match itself, Austin's 8 credited eliminations), and undercard match results."
S046,"Dan Wahlers, 'History of the Royal Rumble' -- 2000 chapter",contemporary_publication,,9,Contemporary wrestling publication,2026-09-16,"Preserved in Shane's original doc; no live URL captured. Gives exact attendance (19,231), full narrative history (the Triple H/Cactus Jack Street Fight, the Big Show/Rock missed-call finish, Tazz's WWF debut), and undercard match results. NO Cageside-style timing analysis exists for this year -- see F124."
S047,'2001 Rumble Stats - Cageside' section (Shane's doc),contemporary_publication,https://www.cagesideseats.com/wwe/2016/1/24/9859724/wwe-royal-rumble-2001-match-statistics-time,9,Contemporary wrestling publication,2026-09-24,"Frame-by-frame-style timing analysis (survival times, entrance times, time-between-buzzers, ring crowdedness) filed under the '2001 Royal Rumble Stats' Heading-1. Explicitly documents Steve Austin's delayed/out-of-order physical entry (drew #27, entered after #30) -- see F130. NOT live-fetched this pass. Live article URL recovered and re-accessed for entrance-buzzer and ring-entry timing."
S048,"Dan Wahlers, 'History of the Royal Rumble' -- 2001 chapter",contemporary_publication,,9,Contemporary wrestling publication,2026-09-16,"Preserved in Shane's original doc; no live URL captured. Gives attendance (17,137), full narrative history (Kane's record-setting 11 eliminations, the Austin/HHH aisle attack, the Austin/Rock/Kane final stretch), and undercard match results. States Austin's drawn number as '#26,' which conflicts with S047's explicit '#27' -- S047's figure is used per this project's preference for the more rigorous timing-analysis source -- see F130."
S049,"Dan Wahlers, 'History of the Royal Rumble' -- 2002 chapter",contemporary_publication,,9,Contemporary wrestling publication,2026-09-16,"Preserved in Shane's original doc; no live URL captured. Gives exact attendance (12,915), full narrative history (Maven's famous elimination of The Undertaker, the Final Four of Austin/HHH/Angle/Perfect, Triple H's win at the then-longest Rumble match ever, 69:22), and undercard match results. NO Cageside-style timing analysis exists for this year, but eliminator credit is unusually rich for a sparse year -- see F135."
S050,"Wikipedia (English), Royal Rumble (1998)-(2002) event articles",reference_site,,10,Wikipedia/reference sites,2026-09-16,"Event-level facts and full entrant/elimination tables for all 5 events. Long ordered tables required repeated, narrowed re-fetches in several cases to resolve row-alignment/rowspan-cell issues in the underlying web-fetch tooling -- see individual flags below for where this mattered and how it was cross-checked against independent secondary databases before being trusted."
S051,"WWE.com, official Royal Rumble history / retrospective pages",reputable_publication,,12,Other reputable site,2026-09-16,wwe.com/shows/royalrumble/history pages -- used chiefly to corroborate Triple H's 2002 entry number (#22) and Faarooq's (#24).
S052,prowrestling.fandom.com,wrestling_database,,12,Other reputable site,2026-09-16,Used for 1999 eliminator-credit cross-checking against thesmackdownhotel.com/PWDB.
S053,KB's Wrestling Reviews (kbwrestlingreviews.com),reputable_publication,,12,Other reputable site,2026-09-16,Used for 1998 Skull no-show and Vader-as-final-entrant corroboration.
S054,"Wrestling DVD Network, 'Throwback Thursday' retrospectives",reputable_publication,,12,Other reputable site,2026-09-16,Used for 1998 attendance/buyrate/trivia corroboration.
S055,WrestleCrap.com inductions,reputable_publication,,12,Other reputable site,2026-09-16,Used for 1999 Mabel/Undertaker abduction-angle detail.
S056,"Philadelphia Inquirer, 'The Squared Circle' wrestling retrospective blog",reputable_publication,,12,Other reputable site,2026-09-16,Used for 1999 Chyna-history-making and Jim Ross-absence trivia.
S057,Miami New Times,reputable_publication,,12,Other reputable site,2026-09-16,Used for 1999 Gangrel background detail.
S058,sacnilk.com results pages,wrestling_database,,12,Other reputable site,2026-09-16,Used for 2000 venue/attendance/entry-order cross-checking.
S059,wrestlingrecaps.com (Scott Keith-style blow-by-blow recaps),reputable_publication,,12,Other reputable site,2026-09-16,Used for 2000 and 2002 entry-order and narrative corroboration.
S060,slamwrestling.net legend profiles,reputable_publication,,12,Other reputable site,2026-09-16,Used for Crash Holly birthplace corroboration.
S061,"Enuffa.com, 'History of WWE Royal Rumble' retrospective series",reputable_publication,,12,Other reputable site,2026-09-16,"Used for 2002 buy-rate, Triple H return-entrance, and Austin-longevity trivia."
S062,historyofwrestlingblog.wordpress.com,reputable_publication,,13,Fan blog / lower-tier retrospective,2026-09-16,Used for 2002 Rob Van Dam elimination-sequence detail.
S063,"Bleacher Report, 'WWE Classic of the Week' retrospectives",reputable_publication,,12,Other reputable site,2026-09-16,Used for 2002 Austin/Undertaker elimination-count trivia.
S064,TheSportster.com,reputable_publication,,12,Other reputable site,2026-09-16,Used for Mr. Perfect's 2002 WWE release date corroboration.
S065,'2003 Rumble Stats - Cageside' section (Shane's doc),contemporary_publication,https://www.cagesideseats.com/2015/1/23/7875837/match-times-the-2003-royal-rumble,9,Contemporary wrestling publication,2026-09-24,"Frame-by-frame-style timing analysis (survival times, entrance times, time-between-buzzers, ring crowdedness) filed under the '2003 Royal Rumble Stats' Heading-1. States match duration as 53:47, vs. the Match Results line's '56:00' -- see F167. NOT live-fetched this pass. Live article URL recovered and re-accessed for entrance-buzzer and ring-entry timing."
S066,"Dan Wahlers, 'History of the Royal Rumble' -- 2003 chapter",contemporary_publication,,9,Contemporary wrestling publication,2026-09-16,"Preserved in Shane's original doc; no live URL captured. Gives attendance (14,712), full narrative history (the Angle/Benoit WWE Title classic, the Triple H/Steiner Worst Match of the Year, the Final Four of Lesnar/Undertaker/Kane/Batista), and undercard match results. Its 'Match Results' participant list omits Rosey despite his clear presence in S065's timing data -- see F166."
S067,"Dan Wahlers, 'History of the Royal Rumble' -- 2004 chapter",contemporary_publication,,9,Contemporary wrestling publication,2026-09-16,"Preserved in Shane's original doc; no live URL captured. Gives attendance (17,289), full narrative history (Chris Benoit's championship-quest storyline, Test's backstage-attack no-show replaced by Mick Foley, the Foley/Orton double-elimination spot, Goldberg's dominant run before Lesnar's F5 run-in, and The Big Show's last-stand performance), and undercard match results. NO Cageside-style timing analysis exists for this year, but eliminator credit and explicit entry numbers are unusually rich for a sparse year -- see F174."
S068,'2005 Rumble Stats - Cageside' section (Shane's doc),contemporary_publication,https://www.cagesideseats.com/wwe/2016/1/19/10700484/wwe-royal-rumble-2005-match-statistics-time,9,Contemporary wrestling publication,2026-09-24,"Frame-by-frame-style timing analysis (survival times, entrance times, time-between-buzzers, ring crowdedness) filed under the '2005 Royal Rumble Stats' Heading-1. Explicitly documents Scotty 2 Hotty's 0:00 no-show, Muhammad Hassan's 8-man group elimination, Kurt Angle's post-elimination interference against Shawn Michaels, and the controversial Batista/Cena finish (including a 2m35s real-time pause, excluded from match time, while officials and an injured Vince McMahon sorted out the confusion). NOT live-fetched this pass. Live article URL recovered and re-accessed for entrance-buzzer and ring-entry timing."
S069,"Dan Wahlers, 'History of the Royal Rumble' -- 2005 chapter",contemporary_publication,,9,Contemporary wrestling publication,2026-09-16,"Preserved in Shane's original doc; no live URL captured. Gives attendance (9,642), full narrative history (Daniel Puder's rookie initiation, the Hassan elimination, the Angle/HBK feud's origin, and the botched-then-restarted Batista/Cena finish), and undercard match results."
S070,"Dan Wahlers, 'History of the Royal Rumble' -- 2006 chapter",contemporary_publication,,9,Contemporary wrestling publication,2026-09-16,"Preserved in Shane's original doc; no live URL captured. Gives attendance (14,500), full narrative history (Triple H's dominant opening stretch, the Eddie Guerrero tribute angle around Rey Mysterio's win, Shane McMahon's interference elimination of Shawn Michaels, and Rey Mysterio's then-record 62:12 performance), and undercard match results. NO Cageside-style timing analysis exists for this year, and entry order/eliminator credit is thinner than most other sparse years in this database -- see F189."
S071,'2007 Rumble Stats - Cageside' section (Shane's doc),contemporary_publication,https://www.cagesideseats.com/2014/1/26/5330144/match-times-the-2007-royal-rumble,9,Contemporary wrestling publication,2026-09-24,"Frame-by-frame-style timing analysis (survival times, entrance times, time-between-buzzers, ring crowdedness) filed under the '2007 Royal Rumble Stats' Heading-1. States match duration as 56:20, vs. the Match Results line's '(56:17)' -- see F197. Explicitly documents The Great Khali eliminating 7 men in a 44-second span. NOT live-fetched this pass. Live article URL recovered and re-accessed for entrance-buzzer and ring-entry timing."
S072,"Dan Wahlers, 'History of the Royal Rumble' -- 2007 chapter",contemporary_publication,,9,Contemporary wrestling publication,2026-09-16,"Preserved in Shane's original doc; no live URL captured. Gives attendance (15,566), full narrative history (Khali's dominant 7-elimination stretch, the MVP chair spot, the Edge/Orton double-elimination by HBK, and the acclaimed Undertaker/Michaels final segment), and undercard match results. Individually names only 6 of Khali's 7 eliminations -- see F196."
S073,"Wikipedia (English), Royal Rumble (2003)-(2007) event articles",reference_site,,10,Wikipedia/reference sites,2026-09-16,Full entrant/elimination tables and event-level facts for all 5 events. Used across every year this pass; individual flags below note where a specific figure required cross-checking against an independent secondary database before being trusted.
S074,"WWE.com, official archived Royal Rumble entrance-anniversary video/retrospective pages",official_footage,,2,Official footage,2026-09-16,"Used chiefly for a 2006 archived video titled 'Happy Birthday, Coach! Relive Jonathan Coachman's 2006 Royal Rumble Match entrance,' which independently places Coachman at entry #7 -- resolving F190's missing-30th-entrant gap."
S075,"411Mania.com, 'On the Marc Reviews' and other retrospective review articles",reputable_publication,,12,Other reputable site,2026-09-16,Used for 2004 and 2006 entry-order/eliminator cross-checking.
S076,"Blog of Doom (Scott Keith), retrospective show reviews",reputable_publication,,12,Other reputable site,2026-09-16,Used for 2005 and 2006 attendance/entry-order/narrative corroboration.
S077,LiveJournal-hosted detailed wrestling recap (2006 Royal Rumble),reputable_publication,,13,Fan blog / lower-tier retrospective,2026-09-16,Used for 2006 entry-order and eliminator-credit cross-checking.
S078,Sportskeeda.com,reputable_publication,,12,Other reputable site,2026-09-16,Used for 2005 Batista/Cena finish background (a former referee/agent's and John Cena's own on-record recollections).
S079,Rumblemetrics (independent Royal Rumble statistics blog),reputable_publication,,13,Fan blog / lower-tier retrospective,2026-09-16,"Used for 2006 survival-time and elimination-count statistics; single-sourced throughout, treated as PROBABLE/PLAUSIBLE rather than CONFIRMED."
S080,'2008 Rumble Stats - Cageside' section (Shane's doc),contemporary_publication,https://www.cagesideseats.com/2016/1/15/10773816/wwe-royal-rumble-2008-match-time-statistics,9,Contemporary wrestling publication,2026-09-24,"Frame-by-frame-style timing analysis (survival times, entrance times, time-between-buzzers, ring crowdedness) filed under the '2008 Royal Rumble Stats' Heading-1. Documents Hornswoggle's under-the-ring sequence and Finlay's disqualification in detail. NOT live-fetched this pass. Live article URL recovered and re-accessed for entrance-buzzer and ring-entry timing."
S081,"Dan Wahlers, 'History of the Royal Rumble' -- 2008 chapter",contemporary_publication,,9,Contemporary wrestling publication,2026-09-16,"Preserved in Shane's original doc; no live URL captured. Gives attendance (19,798), full narrative history (John Cena's surprise return and win, the Piper/Snuka nostalgia spot, the Undertaker/HBK/Kennedy sequence, and Triple H's 6-elimination stretch before the Cena finish), and undercard match results."
S082,'2009 Rumble Stats - Cageside' section (Shane's doc),contemporary_publication,https://www.cagesideseats.com/wwe/2016/1/22/10705748/wwe-royal-rumble-2009-match-time-statistics,9,Contemporary wrestling publication,2026-09-24,"Frame-by-frame-style timing analysis (survival times, entrance times, time-between-buzzers, ring crowdedness) filed under the '2009 Royal Rumble Stats' Heading-1. NO separate Dan Wahlers narrative history chapter exists for this year in Shane's document -- event-level facts (attendance, venue, exact date, commentary, undercard) are correspondingly UNKNOWN this pass. NOT live-fetched this pass. Live article URL recovered and re-accessed for entrance-buzzer and ring-entry timing."
S083,'2011 Rumble Stats - Cageside' section (Shane's doc),contemporary_publication,https://www.cagesideseats.com/2014/1/16/5316530/match-times-the-2011-royal-rumble,9,Contemporary wrestling publication,2026-09-24,"Frame-by-frame-style timing analysis (survival times, entrance times, time-between-buzzers, ring crowdedness) filed under the '2011 Royal Rumble Stats' Heading-1. NO separate Dan Wahlers narrative history chapter exists for this year in Shane's document -- event-level facts (attendance, venue, exact date, commentary, undercard) are correspondingly UNKNOWN this pass. Notes this was the first-ever 40-man Royal Rumble (previously always 30 men). NOT live-fetched this pass. Live article URL recovered and re-accessed for entrance-buzzer and ring-entry timing."
S084,'2012 Rumble Stats - Cageside' section (Shane's doc),contemporary_publication,https://www.cagesideseats.com/wwe/2016/1/20/10733100/wwe-royal-rumble-2012-statistics-match-times,9,Contemporary wrestling publication,2026-09-24,"Frame-by-frame-style timing analysis (survival times, entrance times, time-between-buzzers, ring crowdedness) filed under the '2012 Royal Rumble Stats' Heading-1. NO separate Dan Wahlers narrative history chapter exists for this year in Shane's document, but the Cageside prose itself individually narrates 8 eliminations (see script docstring) -- richer than 2009/2011's near-total absence of eliminator credit. Event-level facts (attendance, venue, exact date, commentary, undercard) are still UNKNOWN this pass. NOT live-fetched this pass. Live article URL recovered and re-accessed for entrance-buzzer and ring-entry timing."
S085,"Wikipedia, 'Royal Rumble (2010)'",wikipedia,https://en.wikipedia.org/wiki/Royal_Rumble_(2010),10,Wikipedia and similar reference sites,2026-09-16,"Full event card, entrant/elimination table, date/venue/attendance, commentary team. Live-fetched this pass."
S086,"Wikipedia, 'Royal Rumble match' (records/stats article)",wikipedia,https://en.wikipedia.org/wiki/Royal_Rumble_match,10,Wikipedia and similar reference sites,2026-09-16,General Royal Rumble match records article; used to cross-check Edge's shortest-winning-time record and Beth Phoenix's status as the 2nd woman to compete in a standard 30-man Rumble. Live-fetched this pass.
S087,"Cagematch.net, WWE Royal Rumble 2010 event + match pages",cagematch,https://www.cagematch.net/?id=1&nr=44791,4,Cagematch,2026-09-16,Independent entrant/elimination table used to cross-verify the full 30-man order and 29-elimination chain against Wikipedia. Live-fetched this pass; the dedicated card sub-page could not be reached (rate-limited) so undercard match times from this source are taken via ProFightDB's mirror of the same data instead.
S088,"ProFightDB, WWE Royal Rumble 2010 card",other_stats_site,http://www.profightdb.com/cards/wwe/royal-rumble-3910-8287.html,5,ProFightDB / Internet Wrestling Database,2026-09-16,Independent card listing with undercard match times; used to cross-check event facts and flag 3 undercard-time discrepancies against Wikipedia. Live-fetched this pass.
S089,"WWE.com, official Royal Rumble 2010 history page + 'Top 25 Royal Rumble Match Statistics' page",wwe_official,https://www.wwe.com/shows/royalrumble/history/2010,1,WWE / official sources,2026-09-16,WWE's own official record of the event and of Edge's shortest-winning-time record (7:19) and Beth Phoenix's 'only the second Diva' status. Highest-tier source used this pass. Live-fetched this pass.
S090,"Rajah.com, 'Royal Rumble 2010 List of Entrants & Eliminations'",other_stats_site,https://rajah.com/node/18354,12,Other reputable statistical/historical wrestling sites,2026-09-16,"Independent entrant/elimination list, used as a 4th cross-check on the full order and chain. Live-fetched this pass."
S091,"OnlineWorldOfWrestling.com, WWE Royal Rumble 2010 results",other_stats_site,https://www.onlineworldofwrestling.com/results/wwe/wweppv/royalrumble/royalrumble10/,12,Other reputable statistical/historical wrestling sites,2026-09-16,Independent results/commentary-team cross-check. Live-fetched this pass.
S092,"WrestlingNewsSource.com, 'Full WWE Royal Rumble 2010 Entrants & Eliminations List'",other_stats_site,https://www.wrestlingnewssource.com/news/14543/Full-WWE-Royal-Rumble-2010-Entrants-Eliminations-List/,12,Other reputable statistical/historical wrestling sites,2026-09-16,"5th independent cross-check on entry/elimination order; sole source for John Cena's approximate ~22:11 ring time (PROBABLE, not cross-checked) and for the 49:23 (vs. 49:24 elsewhere) minor duration discrepancy. Live-fetched this pass."
S093,"TJR Wrestling, 'WWE Royal Rumble 2010 Review'",wrestling_publication,https://tjrwrestling.net/review/tjr-review-wwe-royal-rumble-2010/,7,Wrestling Observer / reputable wrestling publications,2026-09-16,"Recap/review; sole source for Kane's '12th Rumble appearance' framing (independently reproduced by this database's own running count, see script docstring) and for a since-rejected '10 eliminations for Michaels' figure that does not reconcile with the sourced chain. Live-fetched this pass."
S094,"TheSmackdownHotel.com, WWE Royal Rumble 2010 match card & results",other_stats_site,https://www.thesmackdownhotel.com/events-results/ppv-special/wwe-royal-rumble-2010,12,Other reputable statistical/historical wrestling sites,2026-09-16,Card/date/venue cross-check. Live-fetched this pass.
S095,"TheSportster, ""Edge's 8 Royal Rumble Appearances, Ranked""",other_stats_site,https://www.thesportster.com/wwe-edge-royal-rumble-appearances-ranked/,12,Other reputable statistical/historical wrestling sites,2026-09-16,3rd independent source for Edge's 7:19 winning-time record. Live-fetched this pass.
S096,"Cageside Seats, 'WWE Royal Rumble 2010 Match Time and Statistics'",wrestling_publication,https://www.cagesideseats.com/wwe/2017/1/22/14343366/wwe-royal-rumble-2010-match-time-statistics,7,Wrestling Observer / reputable wrestling publications,2026-09-16,Duration/statistics cross-check. Live-fetched this pass.
S097,"Wikipedia (English), Royal Rumble (2008)/(2009)/(2011)/(2012) event articles",reference_site,,10,Wikipedia/reference sites,2026-09-17,"Full entrant/elimination tables and event-level facts (date, venue, attendance, commentary) for all 4 events. The single richest source this pass -- its elimination tables were independently cross-checked against this database's own internal anchors (winner, runner-up, final four, first/second/final entrant) and matched exactly in every case, which is treated as strong evidence the rest of each table is reliable."
S098,"WhatCulture.com, Royal Rumble order-of-eliminations / retrospective articles",reputable_publication,,12,Other reputable site,2026-09-17,Used for 2012's Jack Swagger-eliminator and Kharma-eliminations specific-conflict investigations.
S099,Genickbruch.com (long-running German wrestling event database),wrestling_database,,12,Other reputable site,2026-09-17,"Used as a 3rd, genuinely independent (non-Wikipedia-derived) source for 2008's attendance figure."
S100,"ProFightDB, WWE Royal Rumble event card pages",other_stats_site,,5,ProFightDB / Internet Wrestling Database,2026-09-17,Used for 2012 event-level (date/venue) cross-checking.
S101,'2013 Rumble Stats - Cageside' section (Shane's doc),contemporary_publication,https://www.cagesideseats.com/cageside-seats-features/2013/11/20/5080006/match-times-wwe-royal-rumble-2013-edition,9,Contemporary wrestling publication,2026-09-24,"Frame-by-frame-style timing analysis (survival times, entrance times, time-between-buzzers -- UNNAMED this year, unlike 2012 -- ring crowdedness) filed under the '2013 Royal Rumble Stats' Heading-1. NO separate Dan Wahlers narrative history chapter exists for this year. Contains zero individually-narrated elimination credits (unlike 2012). NOT live-fetched this pass. Live article URL recovered and re-accessed for entrance-buzzer and ring-entry timing."
S102,'Looking At A Ton Of Royal Rumble Statistics & Records - SE Scoops' article,reputable_publication,,9,Contemporary wrestling publication,2026-09-17,"Embedded within Shane's doc's 'Royal Rumble Collection of Stats' section (Heading 2). A year-by-year 'winner (entered at number N)' list covering 1988-2014 -- used this pass to confirm 2013's winner (John Cena) and his entry number (19), independently cross-checked against this script's own buzzer-chain arithmetic. Also usable for future years' builds (gives 2014's winner/entry-number too). NOT live-fetched this pass -- read directly from Shane's document."
S103,"'WWE Royal Rumble Interesting Facts And Stats: Hidden Rumbles, Owen's Win, WCW Connections' article, WrestlingInc",reputable_publication,,9,Contemporary wrestling publication,2026-09-17,Embedded within Shane's doc's 'Royal Rumble Collection of Stats' section. A long list of Rumble trivia bullets; used this pass to independently corroborate John Cena's 2013 win/entry-number ('the only Superstars to win a 30 man Rumble to draw a number between 9 and 21 was Shawn Michaels in 1996 and John Cena from #19 in 2013') and to source the 'Sheamus and Ryback eliminated 5 in 2013' stat (tied for most eliminations by a single competitor this match -- individual victims not named). NOT live-fetched this pass -- read directly from Shane's document.
S104,'2014 Rumble Stats - Cageside' section (Shane's doc),contemporary_publication,https://www.cagesideseats.com/2014/1/27/5350248/wwe-royal-rumble-2014-match-time-and-statistics,9,Contemporary wrestling publication,2026-09-24,"Frame-by-frame-style timing analysis (survival times, entrance times, FULLY NAMED time-between-buzzers -- unlike 2013 -- ring crowdedness) filed under the '2014 Royal Rumble Stats' Heading-1. NO separate Dan Wahlers narrative history chapter exists for this year. Directly narrates 3 individual eliminations plus 3 grouped elimination-window statements. NOT live-fetched this pass. Live article URL recovered and re-accessed for entrance-buzzer and ring-entry timing."
S105,'2014 VERY INTERESTING - Advanced Statistics and Analysis for the WWE Royal Rumble' guest-analyst section (Shane's doc),contemporary_publication,,9,Contemporary wrestling publication,2026-09-17,"A different author from the regular Cageside writer, who rewatched full match footage and logged 706 individual in-match events to build a partial-credit elimination system (total re-derived at 29.0 across all credited/shared eliminations, vs. WWE's/Wikipedia's inflated 34-person count from over-crediting shared eliminations), elimination-attempt %, defense stats, maneuver-type analysis, time-between-eliminations, finisher-rate comparison, and per-wrestler actions-per-minute. Mostly aggregate/statistical rather than individually attributable, but directly names 1 additional elimination (Kane's interference elimination of CM Punk) not found in S104. NOT live-fetched this pass."
S106,'2015 Rumble Stats - Cageside' section (Shane's doc),contemporary_publication,https://www.cagesideseats.com/2015/1/28/7920097/wwe-royal-rumble-2015-match-time-and-statistics,9,Contemporary wrestling publication,2026-09-24,"Frame-by-frame-style timing analysis (survival times, entrance times, fully named time-between-buzzers, ring crowdedness) filed under the '2015 Royal Rumble Stats' Heading-1. NO separate Dan Wahlers narrative history chapter exists for this year. Directly narrates 3 individual eliminations (all credited to the winner) and extensively documents 2 unusual participation cases (Curtis Axel, Erick Rowan) plus a detailed methodology comparison against WWE's own published survival times (several named discrepancies attributed to WWE's inconsistent inclusion of entrance time). NOT live-fetched this pass. Live article URL recovered and re-accessed for entrance-buzzer and ring-entry timing."
S107,'2016 Rumble Stats - Cageside' section (Shane's doc),contemporary_publication,https://www.cagesideseats.com/2016/1/26/10829656/wwe-royal-rumble-2016-match-time-and-statistics,9,Contemporary wrestling publication,2026-09-24,"Frame-by-frame-style timing analysis (survival times, entrance times, fully named time-between-buzzers, ring crowdedness -- given as an actual show-timing TABLE this year, unlike prior Cageside-only years' inline prose) filed under the '2016 Royal Rumble Stats' Heading-1. NO separate Dan Wahlers narrative history chapter exists for this year. Directly narrates 5 individual/group eliminations, extensively documents Roman Reigns's and Kofi Kingston's extended mid-match ring absences (both raw and adjusted figures given throughout), and notes Triple H physically entering the ring before Sheamus despite being the later official entrant. NOT live-fetched this pass. Live article URL recovered and re-accessed for entrance-buzzer and ring-entry timing."
S108,"'Rumble Prediction 2016' article, Paddy Power blog (by Josh Powell, published January 20, 2016)",other_stats_site,,12,Other reputable site,2026-09-17,"A pre-event trend-analysis trivia article embedded in Shane's document, examining height/weight/age/experience patterns across 780 Royal Rumble entrants (1988-2015) to predict a 'model winner' -- named Sheamus (who did not win; Triple H did). Used this pass only for a single piece of color trivia in events.csv notes, not for any structured match data. Historical/statistical claims about entrants prior to 2016 are NOT independently verified against this database's own records this pass."
S109,"Wikipedia (English), Royal Rumble (2013)-(2016) event articles",reference_site,,10,Wikipedia/reference sites,2026-09-17,"Full entrant/elimination tables and event-level facts (date, venue, attendance, commentary, undercard) for all 4 events. Cross-checked against this database's own internal anchors (winner, runner-up where known) and, for 2013, against this database's own independent buzzer/entrance-lag/survival-time arithmetic -- matched exactly in every case checked."
S110,"theandrewhughes.com, InsidePulse.com, wrestlezone.com, and prowrestlinghistory.com -- independent entrant/elimination-order recap lists",reputable_publication,,12,Other reputable site,2026-09-17,"Independently-run wrestling recap/stats blogs, used mainly for 2014's entry-order and elimination-credit cross-checking."
S111,"KB Wrestling Reviews, Voices of Wrestling, and The Armbar Express -- independent match retrospective reviews",reputable_publication,,12,Other reputable site,2026-09-17,"Independent match-by-match retrospective review sites, used for narrative/trivia corroboration (crowd reaction, notable spots) across 2014-2016."
S112,"Cagematch.net, WWE Royal Rumble 2013-2016 event/match pages",wrestling_database,,4,Cagematch.net,2026-09-17,"Official-participant-list pages, used mainly to cross-check the 30-man field and the Curtis Axel/Erick Rowan 2015 participation-status question."
S113,Fightful.com,reputable_publication,,12,Other reputable site,2026-09-17,Used for 2014's Rey Mysterio 'Not Daniel Bryan' #30-entrant corroboration and 2016 trivia.
S114,"ringhistory.com, individual wrestler match-history archive pages",wrestling_database,,12,Other reputable site,2026-09-17,"Used to independently check Xavier Woods's earliest main-roster WWE match date against the 2014 Royal Rumble date, in the Xavier Woods non-entrant investigation."
S115,"'WWE Royal Rumble: Stats on most wins, eliminations and more' article, Sky Sports",other_stats_site,,12,Other reputable site,2026-09-17,"Embedded within Shane's doc's 'Royal Rumble Collection of Stats' section. A short list of Rumble records (most eliminations, longest/shortest time, entry-number trivia). Dated to sometime in the Kane-record-holder era (cites Kane at 43 career eliminations, 18 appearances) -- i.e. written after 2012, before/around 2015-16. Not independently re-verified against WWE's own promotional graphics, which this document elsewhere notes are internally inconsistent."
S116,"'WWE Royal Rumble Match Statistics' article, Cult of Whatever",other_stats_site,,12,Other reputable site,2026-09-17,"Embedded within Shane's doc's 'Royal Rumble Collection of Stats' section. A long-form 1988-2012 retrospective plus a large set of individually-numbered record claims (self-eliminations, entry-number trivia, Divas in the Rumble, Bob Backlund's time-range record, Shawn Michaels's 'Triple Crown' claim). Published ahead of the 2013 Rumble."
S117,"'Wrestling's Most Important Facts: Royal Rumble Edition!' article, PodSwoggle",other_stats_site,,12,Other reputable site,2026-09-17,"Embedded within Shane's doc's 'Royal Rumble Collection of Stats' section. An informal, self-described 'unique facts' list (entry #4's low elimination total, Royal Rumble Final Four trivia, Bob Backlund's time-range record). Written ahead of the 2012 Rumble."
S118,"ProWrestlingHistory.com, WWF Royal Rumble supercard results archive",wrestling_database,,12,Other reputable site,2026-09-17,"Used by the 1991/1993/1995 elimination-gap research agents as an independent entrant/elimination-order database, distinct from Wikipedia/AllRumbleStats/OWW."
S119,royalrumble.fandom.com (Royal Rumble Wiki),wrestling_database,,12,Other reputable site,2026-09-17,"Used by the 1991 elimination-gap research agent. A dedicated Royal Rumble wiki, distinct from prowrestling.fandom.com (this database's existing S052)."
S120,"Grokipedia, 'Royal Rumble (1993)'",reference_site,,10,Wikipedia/reference sites,2026-09-17,Used by the 1993 elimination-gap research agent as a source independent of Wikipedia's own event-article table.
S121,"eWrestlingNews.com, 'Royal Rumble Series #10 (1997)' retrospective",reputable_publication,,12,Other reputable site,2026-09-17,Used by the 1997 elimination-gap research agent; a narrative retrospective review.
S122,"FoxSports.com, 1997 Royal Rumble 'controversial win' retrospective",reputable_publication,,12,Other reputable site,2026-09-17,Used by the 1997 elimination-gap research agent; corroborated several of Steve Austin's and Mankind's/Bret Hart's eliminations narratively.
S123,"WWE.com, official Hall of Fame induction announcement articles (classes of 2009, 2011, 2019, 2020, 2022, 2025, 2026)",official_wwe,,1,WWE / official sources,2026-09-18,"Fact-check pass triggered by Shane's Eli Blu/Jimmy Del Ray/Tom Prichard challenge. Used to confirm the genuine WWE Hall of Fame inductees among the 31 wrestler_ids flagged with a corrupted hall_of_fame_year field. Treated as ONE independent source regardless of how many individual class-announcement articles were consulted, per this project's existing convention (see S022)."
S124,"Wikipedia (English), 'WWE Hall of Fame (YYYY)' year-by-year class articles (2009, 2011, 2019, 2020, 2022, 2025, 2026) plus individual wrestler biography articles",reference_site,,10,Wikipedia/reference sites,2026-09-18,"Fact-check pass triggered by Shane's Eli Blu/Jimmy Del Ray/Tom Prichard challenge. Used as the second independent source confirming (or, for the 22 non-inductees, failing to confirm) WWE Hall of Fame induction for each of the 31 flagged wrestler_ids."
S125,notinhalloffame.com (fan-run 'not yet in the Hall of Fame' tracking site) and Wrestling Inc./Cultaholic/Fightful news coverage discussing wrestlers NOT yet inducted,wrestling_database,,12,Other reputable site,2026-09-18,"Corroborating negative evidence for several of the 22 confirmed-not-inducted wrestler_ids (has dedicated entries for Tom Prichard and Matt Borne/Doink specifically; news coverage of ongoing fan campaigns for the Nasty Boys, Men on a Mission, and John Nord/The Berzerker confirms none has happened yet)."
S126,"WWE.com, 'Legendary WWE Hall of Famer Hulk Hogan passes away' (official announcement article)",official_wwe,,1,WWE / official sources,2026-09-18,Confirms Hulk Hogan (Terry Bollea) died 2025-07-24 at age 71. Triggered by Shane noticing R014 (most now-deceased entrants) didn't include Hogan despite his death.
S127,"Wikipedia (English), Hulk Hogan biography article",reference_site,,10,Wikipedia/reference sites,2026-09-18,"Second independent source confirming the 2025-07-24 death date, cross-checked against WWE.com's own announcement (S126)."
S128,"wwebrady.fandom.com (WWE Wiki), Royal Rumble (2013) elimination table",wrestling_database,,12,Other reputable site,2026-09-18,Used alongside WrestlingInc.com/Sportskeeda/Wikipedia/eWrestlingNews to resolve 2013 Royal Rumble elimination-credit gaps Shane flagged on a quality check.
S129,"wrestlingrecaps.com, WWF Royal Rumble 1988 recap (Scott Keith)",reputable_publication,,9,Contemporary wrestling publication,2026-09-18,"Same underlying Scott Keith recap already used as S010 (Kayfabe Memories mirror) but independently accessed this pass via its wrestlingrecaps.com hosting during the event-by-event fact-check sweep Shane requested. Confirms S010's account of Ultimate Warrior's elimination (Ron Bass, not Dino Bravo/One Man Gang) word-for-word -- NOT a second independent source, since it's the same original recap, just mirrored."
S130,ewrestlingnews.com wrestler profiles; Find a Grave memorial pages; assorted wrestling-history pages,wrestling_database,,12,Other reputable site,2026-09-18,"1989-1992 sweep batch 1. A second reusable non-Wikipedia bio source, used alongside/instead of Cagematch (S023) or thesmackdownhotel.com (S024) where those specifically corroborated a real name, DOB, or death date -- treated as ONE source regardless of how many individual pages were consulted, same convention as S022."
S131,"Mainstream news obituary coverage (CNN, CBS News, Rolling Stone, Washington Post, Variety, CBC, and similar)",reputable_publication,,12,Other reputable site,2026-09-18,"1989-1992 sweep batch 1. Used as independent corroboration for exact death dates alongside Wikipedia (S022) -- mainstream outlets reporting a death within a day or two of it happening are treated as a genuinely independent check on Wikipedia's own figure, not a mirror of it. Treated as ONE reusable source, same convention as S022."
S132,WWE.com official Hall of Fame induction-class pages,official_wwe,,1,WWE / official sources,2026-09-18,"1989-1992 sweep batch 1. Used to confirm specific Hall of Fame induction years found incidentally while researching deceased-status (Roddy Piper 2005, Dusty Rhodes 2007, Jimmy Snuka 1996, The Hart Foundation/Jim Neidhart 2019)."
S133,Wrestling Inc. -- Bruce Prichard interview on Andre the Giant's 1991 Royal Rumble withdrawal,reputable_publication,,9,Contemporary wrestling publication,2026-09-18,notable_moments.csv seed batch. First-hand account from a WWE producer who was there at the time.
S134,"cultaholic.com, ""10 Things We Learned From WWE Royal Rumble"" article series (1990/1991/1992 installments)",reputable_publication,,9,Contemporary wrestling publication,2026-09-18,"notable_moments.csv seed batch. Treated as ONE reusable source across its several per-year installments, same convention as S022/S024."
S135,"softwolves.pp.se, WWF/WWE Royal Rumble substitutions reference page",wrestling_database,,12,Other reputable site,2026-09-18,"notable_moments.csv seed batch. A long-standing, fan-maintained reference specifically tracking advertised-vs-actual Rumble entrants and why substitutions happened; used as independent corroboration for the 1991/1992 substitution stories."
S136,"Wikipedia (English), Royal Rumble (1993)-(1996) event articles",reference_site,,10,Wikipedia/reference sites,2026-09-18,1993-1996 sweep batch 2. Used for event-level facts and the Free-For-All pre-show detail. Continues the per-year-range convention of S026 (1988-1992).
S137,WWE.com -- Jimmy Del Ray tribute article; Yokozuna Hall of Fame class pages,official_wwe,,1,WWE / official sources,2026-09-18,1993-1996 sweep batch 2 deceased-status audit.
S138,"whatculture.com, ""10/7 Fascinating/Things Fans Should Know"" Royal Rumble article series (1993/1996 installments)",reputable_publication,,9,Contemporary wrestling publication,2026-09-18,"1993-1996 sweep batch 2. Treated as ONE reusable source across its several per-year installments, same convention as S022/S134."
S139,WWE.com -- official 'passes away' tribute articles (Darren Drozdov; Terry Funk),official_wwe,,1,WWE / official sources,2026-09-18,1997-2000 sweep batch 3 deceased-status audit.
S140,"Wikipedia (English), 'Royal Rumble (2017)' event article",reference_site,https://en.wikipedia.org/wiki/Royal_Rumble_(2017),10,Wikipedia/reference sites,2026-09-20,"First externally-researched build (Shane's own document has no 2017+ content). Full entrant/elimination table, event facts, commentary team, referees. Independently agrees with S141/S142 on entry order exactly; disagrees with S143 on Sheamus/Cesaro's relative elimination order by one slot -- see F360. States match duration as 1:02:07, one second off S141's 1:02:06 -- see F362."
S141,"WWE.com, official '2017 Royal Rumble Statistics' page",official_wwe,https://www.wwe.com/shows/royalrumble/article/2017-royal-rumble-statistics-entrants-eliminations,1,WWE / official sources,2026-09-20,"Official WWE stats page: full entrant order, eliminator credit, and per-wrestler ring time for all 30 entrants. Agrees exactly with S140/S142 on entry order. Used as the tie-breaking source for match duration (1:02:06) per this database's tier-hierarchy convention -- see F362."
S142,"dailyddt.com, 'WWE Royal Rumble 2017: Official Entrant Order' article",other_stats_site,,12,Other reputable site,2026-09-20,"Independent entrant-order-only article, used as a 3rd cross-check on entry order alongside S140/S141 -- agrees exactly, no discrepancy."
S143,"WrestlingInc.com, 'Order Of Eliminations For The 2017 WWE Royal Rumble' article",contemporary_publication,https://www.wrestlinginc.com/news/2017/01/order-of-eliminations-for-the-2017-wwe-royal-rumble-622737/,9,Contemporary wrestling publication,2026-09-20,Independent narrative (not table-based) recap of all 29 eliminations in order -- a genuinely independent data path from S140's structured table. Matches S140 on 28 of 29 eliminations exactly; disagrees on Sheamus/Cesaro's relative order -- see F360.
S144,"Wikipedia (English), 'Royal Rumble (2018)' event article",reference_site,https://en.wikipedia.org/wiki/Royal_Rumble_(2018),10,Wikipedia/reference sites,2026-09-20,"Full entrant/elimination table, event facts, commentary, card. Independently agrees with S145/S146 on entry order exactly. Carries its own footnote acknowledging the Sheamus elimination-time dispute -- see F367."
S145,"WWE.com, official 'Full 2018 30-Man Royal Rumble Match statistics' page",official_wwe,https://www.wwe.com/shows/royalrumble/article/2018-royal-rumble-statistics-entrants-eliminations,1,WWE / official sources,2026-09-20,Official per-wrestler eliminated-by/time table for all 30 entrants. Agrees exactly with S144/S146 on entry order and eliminator credit. Its 0:20 figure for Sheamus's elimination is a clear outlier versus four independent fan-timed sources -- see F367.
S146,"WrestlingInc.com, 'WWE Royal Rumble 2018 Men's Match Orders Of Entry And Elimination' article",contemporary_publication,https://www.wrestlinginc.com/news/2018/01/wwe-royal-rumble-2018-men-match-orders-of-entry-and-636433/,9,Contemporary wrestling publication,2026-09-20,"Independent, differently-structured (plain sequential list, not a table) cross-check of entry order and elimination order -- matches S144/S145 exactly on both sequences."
S147,"Cageside Seats, 'Men's Royal Rumble 2018 Match Time and Statistics' -- independent fan re-timing",contemporary_publication,https://www.cagesideseats.com/wwe/2018/2/3/16967818/wwe-royal-rumble-2018-mens-match-time-statistics,9,Contemporary wrestling publication,2026-09-20,"Independent (not WWE-sourced) stopwatch re-timing used to stress-test official elimination times. Source of most minor timing variances noted in this script's docstring, and one of four independent sources converging on ~2-3s for the Sheamus elimination versus S145's 20s -- see F367."
S148,"Cagematch.net, event card page and individual wrestler profile pages",reference_site,https://www.cagematch.net/?id=1&nr=178577,4,Cagematch,2026-09-20,"Card-level title-match cross-check (confirms The Bar won the Raw Tag Team Championship earlier the same card). Also used as a 2nd, independent cross-check source for new-wrestler bio data alongside S022."
S149,"WWE.com, 'Announcer lineup for Royal Rumble and Royal Rumble Kickoff' article",official_wwe,https://www.wwe.com/shows/royalrumble/article/announcer-lineup-for-royal-rumble-and-royal-rumble-kickoff,1,WWE / official sources,2026-09-20,"Official, match-by-match commentary team breakdown -- confirms Michael Cole, Corey Graves, JBL and Jerry Lawler specifically for the men's Royal Rumble match, corroborated independently by S144's live-recap note."
S150,"WhatCulture, 'Did Heath Slater Set New WWE Royal Rumble Record?' article",other_stats_site,https://whatculture.com/wwe/did-heath-slater-set-new-wwe-royal-rumble-record,12,Other reputable site,2026-09-20,"Independent discussion of the Sheamus elimination-time dispute, including Heath Slater's own claimed figure and an explicit statement that WWE.com's 20-second figure looks wrong on tape -- see F367."
S151,"KhelNow.com, 'Top 13 quickest WWE Royal Rumble eliminations of all time' listicle",other_stats_site,https://khelnow.com/wwe/2024-01-quickest-royal-rumble-eliminations,12,Other reputable site,2026-09-20,"A 4th independent figure (2.2s) for the Sheamus elimination, establishing that fan-side trackers cluster around 2-3 seconds versus WWE.com's outlier 20-second figure -- see F367."
S152,"WWE.com, official 'Full first-ever Women's Royal Rumble Match statistics' page",official_wwe,https://www.wwe.com/shows/royalrumble/2018/article/2018-first-ever-womens-royal-rumble-statistics-entrants-eliminations,1,WWE / official sources,2026-09-20,"Official per-wrestler eliminated-by/time table for all 30 entrants, including both group eliminations. Agrees exactly with S144 on entry order and eliminator/order credit -- an internal arithmetic self-consistency check (literally walking the 29-row table) confirms the per-wrestler elimination totals match what both this source and S144 separately report, including specifically re-verifying Nia Jax (4, not 5) and Michelle McCool (5 total: 4 solo + 1 shared) against secondary sources that overstate these -- see script docstring."
S153,"WWE.com, 'Alicia Fox injured, out of Royal Rumble Match and Mixed Match Challenge' article",official_wwe,https://www.wwe.com/shows/royalrumble/article/alicia-fox-injured-out-of-royal-rumble-match-and-mixed-match-challenge,1,WWE / official sources,2026-09-20,"Official, dated Jan 28 2018: confirms Alicia Fox's original scheduling, her broken-tailbone injury, and her removal from this match -- corroborated by Wikipedia (S144) stating Kairi Sane replaced her as an entrant."
S154,"WWE.com, 'Stephanie McMahon to join commentary for Women's Royal Rumble Match this Sunday' article",official_wwe,https://www.wwe.com/shows/royalrumble/article/stephanie-mcmahon-to-join-commentary-womens-royal-rumble,1,WWE / official sources,2026-09-20,Independent confirmation of Stephanie McMahon's commentary assignment specifically for this match -- one of 3 sources supporting the Cole/Graves/McMahon commentary lineup over a conflicting WWE.com article (S149) -- see F373.
S155,"Sports Illustrated, 'Ronda Rousey's WWE Debut and Other Takeaways From Royal Rumble 2018' (Justin Barrasso)",contemporary_publication,https://www.si.com/wrestling/2018/01/29/royal-rumble-2018-wwe-ronda-rousey,9,Contemporary wrestling publication,2026-09-20,"Contemporary (next-day) criticism that Ronda Rousey's surprise post-match appearance overshadowed Asuka's win, and that she was not able to announce her WrestleMania 34 opponent choice on-air. Direct quote used in notable_moments -- see NM."
S156,"FanSided, 'Why the Ronda Rousey segment at WWE Royal Rumble bothered me' (Luke Norris)",contemporary_publication,https://fansided.com/2018/01/29/wwe-royal-rumble-2018-why-ronda-rousey-segment-bothered-me/,9,Contemporary wrestling publication,2026-09-20,2nd independent contemporary source corroborating S155's criticism of the Rousey/Asuka finish -- makes this a CONFIRMED (2-source) contemporary controversy rather than a single writer's opinion.
S157,"WWE.com, results recap page ('Asuka won the 30-Woman Royal Rumble Match; Ronda Rousey crashed post-match celebration')",official_wwe,https://www.wwe.com/shows/royalrumble/2018,1,WWE / official sources,2026-09-20,"Official recap confirming the winner, the Rousey post-match appearance, and its own framing (via headline) that this was the show's final segment."
S158,"WWE.com, individual WWE Hall of Fame induction articles (Jacqueline 2016; Molly Holly 2021; Michelle McCool 2025)",official_wwe,,1,WWE / official sources,2026-09-20,"Direct primary-source confirmation of individual HOF induction years, checked live as part of this build per Shane's standing HOF-at-build-time process."
S159,"Wikipedia, 'WWE Hall of Fame' master inductee list (all classes)",reference_site,https://en.wikipedia.org/wiki/WWE_Hall_of_Fame,10,Wikipedia/reference sites,2026-09-20,"Cross-check of induction years for Lita (2014), Trish Stratus (2013), Beth Phoenix (2017), Jacqueline (2016), Michelle McCool (2025), Torrie Wilson (2019), Molly Holly (2021); confirms Kelly Kelly and Vickie Guerrero absent from every class list through the announced 2026 class."
S160,"notinhalloffame.com, Vickie Guerrero profile",other_stats_site,https://www.notinhalloffame.com/wwe/2678-84-vickie-guerrero,12,Other reputable site,2026-09-20,"Secondary confirmation that Vickie Guerrero has never been inducted into the WWE Hall of Fame in her own right -- her late husband Eddie Guerrero's 2006 posthumous induction is a separate honor, not hers."
S161,"Wikipedia (English), 'Royal Rumble (2019)' event article, plus 'WWE Hall of Fame (2026)' master inductee list",reference_site,https://en.wikipedia.org/wiki/Royal_Rumble_(2019),10,Wikipedia/reference sites,2026-09-21,"Full entrant/elimination table, event facts, commentary, card, and HOF cross-check. Independently agrees with S162/S163/S164/S165 on entry order by name -- an internal arithmetic self-consistency check confirms no duplicate/missing elimination-order numbers 1-29."
S162,"WWE.com, official '2019 Men's Royal Rumble Match' statistics page and results recap",official_wwe,https://www.wwe.com/shows/royalrumble/2019/2019-mens-royal-rumble-match,1,WWE / official sources,2026-09-21,Official per-wrestler eliminated-by/time table and results recap. Agrees with S161 on entry order and eliminator credit.
S163,"ProWrestling Fandom, 'Royal Rumble 2019' event page",reference_site,https://prowrestling.fandom.com/wiki/Royal_Rumble_2019,10,Wikipedia/reference sites,2026-09-21,"Independent (community-wiki) cross-check of entry order and elimination order -- matches S161 on the overall table; shares S161's outlier 14:42 figure for Dean Ambrose, later corrected against 3 other sources -- see F380."
S164,"WrestlingInc.com, 'Seth Rollins Wins WWE Men's Royal Rumble Match, Order Of Entrants And Eliminations' article",contemporary_publication,https://www.wrestlinginc.com/news/2019/01/seth-rollins-wins-wwe-men-royal-rumble-match-650323/,9,Contemporary wrestling publication,2026-09-21,"Independent, differently-structured (plain sequential recap) cross-check of entry order and elimination order -- matches S161/S162 exactly."
S165,"AllRumbleStats.com, Men's Royal Rumble 2019 statistics page",other_stats_site,https://allrumblestats.com/events/wwe/royal-rumble/royal-rumble-2019-men/,12,Other reputable site,2026-09-21,"Independently-built stats aggregator, used as a 3rd/4th cross-check on elimination order and as one of the two sources favoring 7:04 over 7:55 for Jeff Hardy's survival time -- see F379."
S166,"Cageside Seats, 'Men's Royal Rumble 2019 Match Time and Statistics' + companion 'complete list of survival times' article",contemporary_publication,https://www.cagesideseats.com/wwe/2019/2/2/18207931/wwe-royal-rumble-2019-mens-match-time-statistics,9,Contemporary wrestling publication,2026-09-21,"Independent (not WWE-sourced) stopwatch/tape re-timing, used to stress-test official times. One of the two sources favoring 7:04 over 7:55 for Jeff Hardy's survival time -- its tier-9 rating wins the source-tier tie-break against tier-10 Wikipedia/Fandom -- see F379."
S167,"Fightful.com, 'Royal Rumble 2019 Stats' + 'Mustafa Ali Wasn't Originally Supposed To Be Eliminated By Nia Jax' + Andrade name-shortening reporting (3 companion articles)",contemporary_publication,https://www.fightful.com/wrestling/royal-rumble-2019-stats-fightfulcom/,9,Contemporary wrestling publication,2026-09-21,"Source of the conflicting 'Strowman had 5 eliminations' claim (see F381), the Mustafa Ali/Nia Jax elimination-origin story (the spot was originally designed for a different, unnamed wrestler who declined it), and confirmation that Andrade's ring name was officially shortened from 'Andrade ""Cien"" Almas' on Jan 15 2019, less than 2 weeks before this event."
S168,"RingsideNews, 'How Many Fans Were Really At The WWE Royal Rumble' + Bodyslam.net, 'Nia Jax Genuinely Injured R-Truth At Royal Rumble'",other_stats_site,https://www.ringsidenews.com/2019/01/28/how-many-fans-were-really-at-the-wwe-royal-rumble/,12,Other reputable site,2026-09-21,"Reports Dave Meltzer's ~40,000 actual-attendance / ~32,000-paid estimate against WWE's announced 48,193 -- see F382 -- and Jerry Lawler's podcast account that Nia Jax legitimately hurt R-Truth (ankle and face) during the scripted attack that let her take his Rumble slot."
S169,"Cagematch.net, Curt Hawkins and No Way Jose wrestler profiles",reference_site,https://www.cagematch.net/?id=2&nr=2749,4,Cagematch,2026-09-21,"2nd independent bio-data cross-check source for Curt Hawkins and No Way Jose, alongside S161 (Wikipedia). Rate-limited (HTTP 429) on further profile pulls this pass -- see S170/S172 for the substitute sources used for the other 5 new wrestlers."
S170,"Gerweck.net, Johnny Gargano and Mustafa Ali wrestler profiles",other_stats_site,https://gerweck.net/2016/09/02/johnny-gargano/,12,Other reputable site,2026-09-21,"Substitute 2nd bio-data cross-check source for Johnny Gargano and Mustafa Ali, used because Cagematch.net rate-limited further profile pulls this pass."
S171,"mykhel.com, 'Serial wise entries and eliminations' listicle (men's table)",other_stats_site,https://www.mykhel.com/wwe/serial-wise-entries-eliminations-men-women-s-wwe-royal-rumble-2019-109109.html,12,Other reputable site,2026-09-21,Additional cross-check source for entry order; agrees with the primary sources on the men's table (unlike its documented unreliability on one Women's Royal Rumble eliminator credit -- see build_2019_women.py's F387).
S172,"TheSmackDownHotel.com, Pete Dunne wrestler profile",other_stats_site,https://www.thesmackdownhotel.com/wrestlers/pete-dunne,12,Other reputable site,2026-09-21,"Substitute 2nd bio-data cross-check source for Pete Dunne, used because Cagematch.net's full profile page was rate-limited/failed to load this pass. Its 'Birmingham' birthplace claim conflicts with Wikipedia's 'Solihull' -- see F384."
S173,"Wikipedia (English), 'Royal Rumble (2019)' event article (women's section) plus individual wrestler biography pages",reference_site,https://en.wikipedia.org/wiki/Royal_Rumble_(2019),10,Wikipedia/reference sites,2026-09-21,"Full entrant/elimination table (clean re-extraction after a first, internally-inconsistent pull was discarded), event facts, footnotes (Mandy Rose/Naomi blown spot; Lana/Becky Lynch entry mechanics), and 14 individual new-wrestler biography pages."
S174,"ProWrestling Fandom, 'Royal Rumble 2019' event page (women's section)",reference_site,https://prowrestling.fandom.com/wiki/Royal_Rumble_2019,10,Wikipedia/reference sites,2026-09-21,"Independent (community-wiki) row-by-row cross-check of the entrant/elimination table, matching S173 on 29/30 rows -- used to corroborate the re-extracted Wikipedia table after the first attempt was discarded."
S175,"Cageside Seats, 'Women's Royal Rumble 2019 Match Time and Statistics'",contemporary_publication,https://www.cagesideseats.com/wwe/2019/2/2/18207923/wwe-royal-rumble-2019-womens-match-time-statistics,9,Contemporary wrestling publication,2026-09-21,Independent (not WWE-sourced) stopwatch re-timing. Its tier (9) wins the source-tier tie-break for match duration (1:11:24) over Wikipedia/Fandom's 1:12:00/1:11:13 -- see F390.
S176,"mykhel.com, 'Serial wise entries and eliminations' listicle (women's table)",other_stats_site,https://www.mykhel.com/wwe/serial-wise-entries-eliminations-men-women-s-wwe-royal-rumble-2019-109109.html,12,Other reputable site,2026-09-21,"Diverges from the majority-sourced table on 2 credits: claims Charlotte Flair (not Lacey Evans) eliminated Billie Kay and Peyton Royce, and drops Charlotte Flair's shared credit on Bayley's elimination -- both treated as errors in this single tier-12 source, not adopted -- see F388."
S177,"TJR Wrestling, 'WWE Royal Rumble 2019 Review'",contemporary_publication,https://tjrwrestling.net/review/wwe-royal-rumble-2019-review/,9,Contemporary wrestling publication,2026-09-21,"3rd independent cross-check corroborating the majority Lacey Evans (not Charlotte Flair) credit for the Billie Kay/Peyton Royce eliminations, and a narrative source for the Lana/Becky Lynch sequence."
S178,"comicbook.com, Becky Lynch/Lana replacement article",contemporary_publication,https://comicbook.com/wwe/news/becky-lynch-wwe-royal-rumble/,9,Contemporary wrestling publication,2026-09-21,"Contemporary account of Becky Lynch's insertion into Lana's vacated slot, including the detail that fan chants helped pressure officials into allowing it."
S179,"diva-dirt.com, 'Becky Lynch wins the 2019 Women's Royal Rumble'",other_stats_site,https://www.diva-dirt.com/becky-lynch-wins-the-2019-womens-royal-rumble/,12,Other reputable site,2026-09-21,"Dedicated women's-wrestling outlet recap, used as an additional cross-check on the match's narrative sequence and stakes."
S180,"heelbynature.com, attendance-figure article citing Dave Meltzer",other_stats_site,https://heelbynature.com/wrestling-news/wwe-news/actual-wwe-2019-royal-rumble-attendance-figure/,12,Other reputable site,2026-09-21,"Reports Dave Meltzer's ~40,000 actual-attendance / ~32,000-paid estimate against WWE's announced 48,193 -- see F389 (a card-wide dispute, also carried in build_2019_men.py's F382)."
S181,"WWE.com, WrestleMania 35 'winner-take-all' triple-threat recap",official_wwe,https://www.wwe.com/shows/wrestlemania/wrestlemania-35/ronda-rousey-vs-becky-lynch-vs-charlotte-flair-results,1,WWE / official sources,2026-09-21,"Confirms the storyline arc from this Rumble win to the WrestleMania 35 winner-take-all triple threat that Becky Lynch went on to win, becoming the first woman to hold both women's titles simultaneously."
S182,"Gerweck.net, Xia Li wrestler profile",other_stats_site,https://gerweck.net/2019/01/28/xia-li/,12,Other reputable site,2026-09-21,"Substitute 2nd bio-data cross-check source for Xia Li, used because Cagematch.net and ProWrestling Fandom individual wrestler-page fetches both failed this pass (429 rate-limit / HTTP 402 respectively)."
S183,"thesmackdownhotel.com, Candice LeRae and Io Shirai/Iyo Sky wrestler profiles, plus a consolidated 259-entry WWE Hall of Fame roster page",other_stats_site,https://www.thesmackdownhotel.com/,12,Other reputable site,2026-09-21,"Substitute 2nd bio-data cross-check source for Candice LeRae and Io Shirai, used because Cagematch.net and ProWrestling Fandom individual wrestler-page fetches both failed this pass; its consolidated HOF roster page was also used to cross-check all 14 new wrestlers' non-induction in a single pass."
S184,"Wikipedia (English), 'Royal Rumble (2020)' event article",reference_site,https://en.wikipedia.org/wiki/Royal_Rumble_(2020),10,Wikipedia/reference sites,2026-09-21,"Full entrant/elimination table (a first extraction attempt was internally inconsistent and discarded; a clean re-extraction was cross-checked against 3 other independent sources), event facts, and the Keith Lee/Braun Strowman cross-shared elimination-credit version -- see F396."
S185,"Cagematch.net, event page",reference_site,https://www.cagematch.net/?id=1&nr=8017,4,Cagematch,2026-09-21,Independent cross-check of entry order/eliminator credit. Its own Keith Lee/Strowman credit version differs from both Wikipedia's and the WWE.com-sourced recap's -- a 3rd distinct version -- see F396.
S186,TheSportster.com (paraphrasing WWE.com's official 2020 Men's Royal Rumble match recap),contemporary_publication,https://www.thesportster.com/wrestling/every-brock-lesnar-victory-in-2020-royal-rumble/,9,Contemporary wrestling publication,2026-09-21,"Paraphrases WWE.com's own recap describing Lesnar's 'simultaneous removal' of Keith Lee and Braun Strowman -- the majority/official version used in this database's structured eliminator fields, consistent with the widely-documented 13-elimination record. See F396."
S187,"WrestleTalk.com, surprise-entrant listing",contemporary_publication,https://wrestletalk.com/,9,Contemporary wrestling publication,2026-09-21,Cross-check source for this event's surprise/mystery entrants.
S188,"dropthebelt.com, independent entrant/elimination-count aggregator",other_stats_site,https://dropthebelt.com/,12,Other reputable site,2026-09-21,"Independently-built stats aggregator; source of several 'surprise entrant' designations (Robert Roode, Cesaro, Shelton Benjamin, Luke Gallows) not otherwise universally reported as major surprises."
S189,"WhatCulture.com, 'The Real Attendance Figure For WWE's Royal Rumble 2020 Revealed'",other_stats_site,https://whatculture.com/wwe/the-real-attendance-figure-for-wwes-royal-rumble-2020-revealed,12,Other reputable site,2026-09-21,"Cites Dave Meltzer/Wrestling Observer's ~36,000 actual-attendance estimate against WWE's announced 42,715 -- see F398 (card-wide dispute, shared with build_2020_women.py)."
S190,"411Mania.com, Royal Rumble 2020 attendance-figures article",other_stats_site,https://411mania.com/wrestling/wwe-royal-rumble-2020-attendance-figures/,12,Other reputable site,2026-09-21,"2nd independent citation of Dave Meltzer's ~36,000 actual-attendance estimate, corroborating S189 -- see F398."
S191,"Wikipedia, individual bio pages: Keith Lee, Matt Riddle, Aleister Black, MVP, The New Day",reference_site,https://en.wikipedia.org/wiki/Keith_Lee_(wrestler),10,Wikipedia/reference sites,2026-09-21,"Bio-data and title-history cross-check source for Keith Lee and Matt Riddle (2 of this pass's 7 new wrestlers), plus confirmation of Aleister Black's and MVP's already-in-database status and The New Day's SmackDown Tag Team Championship reign dates."
S192,"WWE.com, SmackDown Oct 4, 2019 recap: 'Brock Lesnar def. Kofi Kingston to win WWE Championship'",official_wwe,https://www.wwe.com/shows/smackdown/wwe-friday-night-smackdown-oct-4-2019/article/brock-lesnar-def-kofi-kingston,1,WWE / official sources,2026-09-21,Confirms Brock Lesnar won the WWE Championship from Kofi Kingston via a Money in the Bank cash-in on this date -- used to compute his days_into_reign_at_event field (114 days).
S193,"WWE.com, SmackDown Nov 8, 2019 recap (Manchester) -- The New Day wins the SmackDown Tag Team Championship from The Revival",contemporary_publication,https://www.wwe.com/shows/smackdown/friday-night-smackdown-nov-8-2019,9,Contemporary wrestling publication,2026-09-21,"Confirms Big E & Kofi Kingston (with Xavier Woods, not an entrant) won the SmackDown Tag Team Championship on this date -- used to compute their days_into_reign_at_event field (79 days). Independently corroborated by the reign's later-reported 111-day length ending Feb 27, 2020, which back-dates the win to Nov 8, 2019."
S194,"Wikipedia (English), 'Extreme Rules (2019)' event article",reference_site,https://en.wikipedia.org/wiki/Extreme_Rules_(2019),10,Wikipedia/reference sites,2026-09-21,"Confirms Shinsuke Nakamura won the WWE Intercontinental Championship from Finn Balor on July 14, 2019 -- used to compute his days_into_reign_at_event field (196 days)."
S195,"Wikipedia, individual bio pages for Robert Roode, John Hennigan (John Morrison), Ricochet (Trevor Mann), Karl Anderson (Chad Allegra), and Luke Gallows (Andrew Hankinson)",reference_site,https://en.wikipedia.org/wiki/Bobby_Roode,10,Wikipedia/reference sites,2026-09-21,"Bio-data source researched directly this build for 5 wrestlers incorrectly treated as 'no fresh bio needed' by the research agent -- each is a genuinely new wrestler_id in this database. Real names, DOBs, birthplaces, nationalities, debut dates and pre-2020 championship histories cross-checked against this single comprehensive source per wrestler."
S196,"Gerweck.net, John Morrison profile",other_stats_site,https://gerweck.net/2009/10/02/john-morrison/,12,Other reputable site,2026-09-21,"Supplementary 2nd source for John Morrison's birthplace and exact pro-wrestling debut date, used because his Wikipedia page redirected to a disambiguation/summary page lacking that level of detail."
S197,"Wikipedia (English), 'Royal Rumble (2020)' event article (women's section)",reference_site,https://en.wikipedia.org/wiki/Royal_Rumble_(2020),10,Wikipedia/reference sites,2026-09-21,"Full entrant/elimination table, event facts, and the Mercedes Martinez shared-elimination credit -- CONFIRMED on the first extraction attempt, cross-checked against 2 other independent sources."
S198,"Cultaholic.com, order-of-entry/order-of-elimination table for the men's and women's 2020 Royal Rumble matches",contemporary_publication,https://cultaholic.com/posts/order-of-entry-and-elimination-for-mens-and-womens-2020-wwe-royal-rumble-matches,9,Contemporary wrestling publication,2026-09-21,"Independent cross-check of entry order and elimination order, matching S197 on all 30 rows except one trivial typo ('Tegan Knox' for Tegan Nox, not adopted)."
S199,"Bleacher Report, 'WWE Royal Rumble 2020 Results, Winners, Grades, Reaction and Highlights'",contemporary_publication,https://bleacherreport.com/articles/2873207-wwe-royal-rumble-2020-results-winners-grades-reaction-and-highlights,9,Contemporary wrestling publication,2026-09-21,3rd independent cross-check on entry/elimination order. Internally self-contradictory on Bianca Belair's elimination count in one place (stating both '7' and '6'); discounted as an unreliable secondary detail given it conflicts with S200's dedicated record-tracking article and with itself -- not adopted.
S200,"Fightful.com, dedicated article on Shayna Baszler and Bianca Belair co-holding the Women's Royal Rumble elimination record",contemporary_publication,https://www.fightful.com/wrestling/shayna-baszler-bianca-belair-are-co-holders-women-s-royal-rumble-record-most-eliminations/,9,Contemporary wrestling publication,2026-09-21,Authoritative source for the tied 8-elimination record (breaking Nia Jax's prior record of 7) -- see NM083.
S201,"Fightful.com, 'Charlotte Flair Wins WWE Women's Royal Rumble Match'",contemporary_publication,https://www.fightful.com/wrestling/charlotte-flair-wins-wwe-women-s-royal-rumble-match/,9,Contemporary wrestling publication,2026-09-21,Cross-check source for the match's winner/runner-up and finish sequence.
S202,"CBS Sports, Royal Rumble 2020 results/recap live blog",contemporary_publication,https://www.cbssports.com/wwe/news/2020-wwe-royal-rumble-results-recap-grades-winners-shocking-return-a-match-lead-epic-show/live,9,Contemporary wrestling publication,2026-09-21,Cross-check source for the match duration and the single-sourced Beth Phoenix busted-open claim -- see F410.
S203,"KB Wrestling Reviews, event review",other_stats_site,https://kbwrestlingreviews.com/2020/01/26/royal-rumble-2020-you-take-the-good-with-the-bad/,12,Other reputable site,2026-09-21,Critical-reception source (graded the match a 'B') and corroboration of the Santina Marella self-elimination spot.
S204,"411mania.com, 'Royal Rumble Attendance Lower Than Reported, Interest Down From Last Year'",other_stats_site,https://411mania.com/wrestling/royal-rumble-attendance-lower-than-reported-interest-down-from-last-year/,12,Other reputable site,2026-09-21,"Cites Dave Meltzer/Wrestling Observer directly: 'The actual number, according to Dave Meltzer, was 36,000' -- see F406 (card-wide dispute, shared with build_2020_men.py's F398)."
S205,"WhatCulture.com, 'The Real Attendance Figure For WWE's Royal Rumble 2020 Revealed'",other_stats_site,https://whatculture.com/wwe/the-real-attendance-figure-for-wwes-royal-rumble-2020-revealed,12,Other reputable site,2026-09-21,"2nd independent citation of Dave Meltzer's ~36,000 estimate, corroborating S204 -- see F406."
S206,"Wrestling-Online.com, 'Royal Rumble 2020 Attendance Breaks Record For Minute Maid Park'",other_stats_site,https://www.wrestling-online.com/wwe/royal-rumble-2020-attendance-breaks-record-for-minute-maid-park/,12,Other reputable site,2026-09-21,"Source for the official 42,715 attendance figure and its Minute Maid Park record framing."
S207,"Fightful.com, 'Rhea Ripley Defeats Shayna Baszler, Wins NXT Women's Championship'",contemporary_publication,https://www.fightful.com/wrestling/rhea-ripley-defeats-shayna-baszler-win-nxt-women-s-championship/,9,Contemporary wrestling publication,2026-09-21,"Confirms Shayna Baszler lost the NXT Women's Championship to Rhea Ripley on Dec 18-19, 2019 -- establishing Baszler as a FORMER, not reigning, champion at this Jan 26, 2020 event. See F404."
S208,"FanBuzz.com, article on Shayna Baszler's 416-day NXT Women's Championship reign length",other_stats_site,https://fanbuzz.com/pro-wrestling/wwe/shayna-baszler-nxt-championship-reign/,12,Other reputable site,2026-09-21,Independently corroborates S207's Dec 2019 title-loss date via the reign's reported 416-day length.
S209,"Wikipedia (English), 'The Kabuki Warriors' article",reference_site,https://en.wikipedia.org/wiki/The_Kabuki_Warriors,10,Wikipedia/reference sites,2026-09-21,"Confirms Asuka & Kairi Sane won the WWE Women's Tag Team Championship on Oct 6, 2019 (held through April 4, 2020) -- establishing Kairi Sane as the field's one reigning champion-entrant. See F404."
S210,"Wikipedia plus secondary bio sites (ringhistory.com, thesmackdownhotel.com, IMDb/Geni, thefamousbirthdays.com, sescoops.com) -- individual bio pages for all 9 new wrestlers",reference_site,https://en.wikipedia.org/wiki/Bianca_Belair,10,Wikipedia/reference sites,2026-09-21,"Bio-data cross-check source for all 9 wrestlers new to this database this pass -- Dakota Kai, Mia Yim, Chelsea Green, Tegan Nox, Shotzi Blackheart, Mercedes Martinez, and Toni Storm (researched by the agent), plus Bianca Belair and Shayna Baszler (researched directly this build after being incorrectly treated as 'no fresh bio needed' -- see F409)."
S211,"411mania.com, article on Shayna Baszler's own retrospective account of nearly being excluded from this match",other_stats_site,https://411mania.com/wrestling/shayna-baszler-2020-royal-rumble-nearly-pulled/,12,Other reputable site,2026-09-21,"Single-source (her own account, via a later YouTube interview) narrative -- not independently corroborated by a second party. See F410."
S212,WWE.com — Edge won the 2021 Royal Rumble Match,official_wwe,https://www.wwe.com/shows/royalrumble/01-31-2021/mens-royal-rumble-match-results,1,WWE / official sources,2026-09-22,"Primary source for entrants, official ring times, eliminator credits, winner and match narrative."
S213,Cagematch — WWE Royal Rumble 2021,event_database,https://www.cagematch.net/?id=1&nr=299033,4,Cagematch,2026-09-22,"Cross-check for event metadata, entrant order, elimination sequence and match clock timestamps."
S214,CBS Sports — 2021 WWE Royal Rumble results,reputable_wrestling_press,https://new.cbssports.com/wwe/news/2021-wwe-royal-rumble-results-recap-grades-edge-bianca-belair-emerge-as-winners-on-strong-show/live/,7,Wrestling Observer/reputable wrestling pubs,2026-09-22,Independent cross-check for entrant order and elimination order.
S215,Cageside Seats — Men's Royal Rumble 2021 match time and statistics,contemporary_publication,https://www.cagesideseats.com/wwe/2021/2/7/22271314/wwe-royal-rumble-2021-mens-match-time-statistics-survival-intervals-crowded-90-seconds,9,Contemporary wrestling publication,2026-09-22,"Footage-timed survival values using legal ring entry; several differ by one second from WWE official values, logged in F416."
S216,WWE.com — Full Royal Rumble 2021 results,official_wwe,https://www.wwe.com/shows/royalrumble/article/royal-rumble-results,1,WWE / official sources,2026-09-22,Cross-check for event results and championship matches on the card.
S217,WWE.com — Intercontinental Championship title history,official_wwe,https://www.wwe.com/titlehistory/intercontinental-championship,1,WWE / official sources,2026-09-22,Confirms Big E's Intercontinental Championship reign began 2020-12-25.
S218,WWE.com — United States Championship title history,official_wwe,https://www.wwe.com/titlehistory/united-states-championship,1,WWE / official sources,2026-09-22,Confirms Bobby Lashley's United States Championship reign began 2020-08-30.
S219,Wikipedia — Damian Priest,reference_site,https://en.wikipedia.org/wiki/Damian_Priest,10,Wikipedia/reference sites,2026-09-22,Single-source bio data for genuinely new database wrestler Damian Priest; therefore bio fields are PROBABLE.
S220,Wikipedia — Otis (wrestler),reference_site,https://en.wikipedia.org/wiki/Otis_(wrestler),10,Wikipedia/reference sites,2026-09-22,Single-source bio data for genuinely new database wrestler Otis; therefore bio fields are PROBABLE.
S221,Wikipedia — Dominik Mysterio,reference_site,https://en.wikipedia.org/wiki/Dominik_Mysterio,10,Wikipedia/reference sites,2026-09-22,Single-source bio data for genuinely new database wrestler Dominik Mysterio; therefore bio fields are PROBABLE.
S222,Wikipedia — Omos,reference_site,https://en.wikipedia.org/wiki/Omos,10,Wikipedia/reference sites,2026-09-22,"Single-source bio data for non-entrant Omos, required because WWE officially credits him with two eliminations."
S223,Wikipedia — Royal Rumble (2021),reference_site,https://en.wikipedia.org/wiki/Royal_Rumble_(2021),10,Wikipedia/reference sites,2026-09-22,"Cross-check for venue, date, St. Petersburg location and zero in-person attendance during the ThunderDome pandemic event."
S224,WWE.com — Bianca Belair won the 2021 Royal Rumble Match,official_wwe,https://www.wwe.com/shows/royalrumble/01-31-2021/womens-royal-rumble-match-results,1,WWE / official sources,2026-09-22,"Primary source: entrants, official survival times, eliminator credits, surprise entrants and match narrative."
S225,Cagematch — WWE Royal Rumble 2021,event_database,https://www.cagematch.net/?id=1&nr=299033,4,Cagematch,2026-09-22,"Cross-check: entrant order, chronological elimination order, eliminator credits and total match duration."
S226,411Mania — 2021 Women’s Royal Rumble Stats,reputable_wrestling_press,https://411mania.com/wrestling/2021-womens-royal-rumble-stats-most-eliminations-order-entrants-more/,7,Wrestling Observer/reputable wrestling pubs,2026-09-22,"Independent cross-check for entrance order, elimination order and credits."
S227,Cageside Seats — Complete survival times for 2021 women’s Royal Rumble,contemporary_publication,https://www.cagesideseats.com/wwe/2021/2/1/22260615/wwe-royal-rumble-2021-womens-survival-times-complete-list,9,Contemporary wrestling publication,2026-09-22,Independent footage-timed survival-time cross-check.
S228,WWE.com — Full Royal Rumble 2021 results,official_wwe,https://www.wwe.com/shows/royalrumble/article/royal-rumble-results,1,WWE / official sources,2026-09-22,Confirms Nia Jax & Shayna Baszler won the WWE Women’s Tag Team Championship earlier on the same card.
S229,TheSmackDownHotel — Jillian Hall profile,wrestler_database,https://www.thesmackdownhotel.com/wrestlers/jillian-hall,6,Established wrestling database,2026-09-22,"Dedicated biography lookup for Jillian Hall: real name, DOB, birthplace, nationality, billed details, debut and aliases."
S230,TheSmackDownHotel — Victoria / Tara profile,wrestler_database,https://www.thesmackdownhotel.com/wrestlers/victoria-tara,6,Established wrestling database,2026-09-22,"Dedicated biography lookup for Victoria: real name, DOB, birthplace, nationality and aliases."
S231,TheSmackDownHotel — Santana Garrett profile,wrestler_database,https://www.thesmackdownhotel.com/wrestlers/santana-garrett,6,Established wrestling database,2026-09-22,"Dedicated biography lookup for Santana Garrett: real name, DOB, birthplace, nationality, debut and aliases."
S232,WWE.com — Brock Lesnar wins the 2022 Men’s Royal Rumble,official_wwe,https://www.wwe.com/shows/royalrumble/2022/30-man-royal-rumble-match-results,1,WWE / official sources,2026-09-22,"Primary entrant, eliminator and official survival-time table."
S233,"Wikipedia — Royal Rumble (2022), men’s entrances/eliminations",event_database,https://en.wikipedia.org/wiki/Royal_Rumble_(2022),8,Reference cross-check,2026-09-22,"Cross-check for elimination order, venue, duration and final sequence."
S234,Dedicated biography — Austin Theory,biography,https://www.thesmackdownhotel.com/wrestlers/austin-theory,7,Dedicated biography source,2026-09-22,Person-specific biography lookup for Austin Theory.
S235,Dedicated biography — Ridge Holland,biography,https://en.wikipedia.org/wiki/Ridge_Holland,7,Dedicated biography source,2026-09-22,Person-specific biography lookup for Ridge Holland.
S236,Dedicated biography — Montez Ford,biography,https://en.wikipedia.org/wiki/Montez_Ford,7,Dedicated biography source,2026-09-22,Person-specific biography lookup for Montez Ford.
S237,Dedicated biography — Johnny Knoxville,biography,https://www.imdb.com/name/nm0424216/bio/,7,Dedicated biography source,2026-09-22,Person-specific biography lookup for Johnny Knoxville.
S238,Dedicated biography — Angelo Dawkins,biography,https://en.wikipedia.org/wiki/Angelo_Dawkins,7,Dedicated biography source,2026-09-22,Person-specific biography lookup for Angelo Dawkins.
S239,Dedicated biography — Chad Gable,biography,https://en.wikipedia.org/wiki/Chad_Gable,7,Dedicated biography source,2026-09-22,Person-specific biography lookup for Chad Gable.
S240,Dedicated biography — Rick Boogs,biography,https://en.wikipedia.org/wiki/Rick_Boogs,7,Dedicated biography source,2026-09-22,Person-specific biography lookup for Rick Boogs.
S241,Dedicated biography — Madcap Moss,biography,https://en.wikipedia.org/wiki/Riddick_Moss,7,Dedicated biography source,2026-09-22,Person-specific biography lookup for Madcap Moss.
S242,Dedicated biography — Bad Bunny,biography,https://www.biography.com/musicians/bad-bunny,7,Dedicated biography source,2026-09-22,Person-specific biography lookup for Bad Bunny.
S243,WWE.com — Ronda Rousey wins the 2022 Women’s Royal Rumble,official_wwe,https://www.wwe.com/shows/royalrumble/2022/30-woman-royal-rumble-match-results,1,WWE / official sources,2026-09-22,"Primary entrant, eliminator and survival-time table."
S244,"Wikipedia — Royal Rumble (2022), women’s entrances/eliminations",event_database,https://en.wikipedia.org/wiki/Royal_Rumble_(2022),8,Reference cross-check,2026-09-22,"Cross-check for elimination order, duration and final sequence."
S245,Dedicated biography — Melina,biography,https://www.wwe.com/superstars/melina,7,Dedicated biography source,2026-09-22,Person-specific biography lookup for Melina.
S246,Dedicated biography — Aliyah,biography,https://en.wikipedia.org/wiki/Aliyah_(wrestler),7,Dedicated biography source,2026-09-22,Person-specific biography lookup for Aliyah.
S247,Dedicated biography — Cameron,biography,https://en.wikipedia.org/wiki/Cameron_(wrestler),7,Dedicated biography source,2026-09-22,Person-specific biography lookup for Cameron.
S248,Dedicated biography — Ivory,biography,https://en.wikipedia.org/wiki/Ivory_(wrestler),7,Dedicated biography source,2026-09-22,Person-specific biography lookup for Ivory.
S249,Dedicated biography — Summer Rae,biography,https://en.wikipedia.org/wiki/Summer_Rae,7,Dedicated biography source,2026-09-22,Person-specific biography lookup for Summer Rae.
S250,Dedicated biography — Ronda Rousey,biography,https://en.wikipedia.org/wiki/Ronda_Rousey,7,Dedicated biography source,2026-09-22,Person-specific biography lookup for Ronda Rousey.
S251,WWE.com — 2023 Men’s Royal Rumble Match Results,official,https://www.wwe.com/shows/royalrumble/2023/mens-royal-rumble-match-results,1,Official WWE,2026-09-22,"Primary source for entrants, WWE eliminator-of-record credits, survival times and Rey Mysterio did-not-appear status."
S252,WrestleZone — Cody Rhodes Wins 2023 Royal Rumble,contemporary_publication,https://www.wrestlezone.com/news/1341850-cody-rhodes-wins-2023-royal-rumble,9,Contemporary wrestling publication,2026-09-22,Independent entry order and chronological elimination-order cross-check.
S253,CBS Sports — 2023 WWE Royal Rumble results,contemporary_publication,https://www.cbssports.com/wwe/news/2023-wwe-royal-rumble-results-recap-grades-rhodes-ripley-win-rumble-matches-zayn-turns-on-bloodline/live/,8,Major sports publication,2026-09-22,Contemporary narrative and elimination cross-check.
S254,Cageside Seats — Men’s Royal Rumble 2023 match time/statistics,statistics_analysis,https://www.cagesideseats.com/wwe/2023/1/31/23579497/wwe-royal-rumble-2023-men-match-time-statistics-survival-intervals-crowded-90-seconds-numbers,9,Independent timing analysis,2026-09-22,Timing cross-check; identifies WWE Angelo Dawkins 2:28 as likely typo versus footage-derived 3:17. WWE official value retained and conflict flagged.
S255,Dedicated biography — Gunther / WALTER,biography,https://www.thesmackdownhotel.com/wrestlers/walter,7,Dedicated wrestler profile,2026-09-22,"Person-specific lookup for Gunther: Walter Hahn; 1987-08-20; Vienna, Austria; Austrian; debut 2005."
S256,Dedicated biography — Karrion Kross,biography,https://www.thesmackdownhotel.com/wrestlers/killer-kross-karrion-kross,7,Dedicated wrestler profile,2026-09-22,"Person-specific lookup for Karrion Kross: Kevin Kesar; 1985-07-19; New York, New York; American; debut information checked."
S257,Dedicated biography — Santos Escobar,biography,https://www.thesmackdownhotel.com/wrestlers/santos-escobar-el-hijo-del-fantasma-king-cuerno,7,Dedicated wrestler profile,2026-09-22,Person-specific lookup for Santos Escobar: Jorge Luis Alcántara Boli; 1984-04-30; Mexico City; Mexican; career/ring names checked.
S258,Dedicated biography — Logan Paul,biography,https://en.wikipedia.org/wiki/Logan_Paul,10,Reference biography,2026-09-22,"Person-specific lookup for Logan Paul: Logan Alexander Paul; 1995-04-01; Westlake, Ohio; American. WWE in-ring debut cross-checked against WWE profile."
S259,WWE.com — Logan Paul profile,official,https://www.wwe.com/superstars/logan-paul,1,Official WWE,2026-09-22,Confirms Paul’s WWE in-ring debut was WrestleMania 38 and his WWE contract followed in June 2022.
S260,WWE.com — Rhea Ripley won the 2023 Women’s Royal Rumble Match,official_wwe,https://www.wwe.com/shows/royalrumble/2023/womens-royal-rumble-match-results,,,,"Primary source: all 30 entrants, official survival times, eliminator credits and match narrative."
S261,Royal Rumble (2023) — women’s entrances and eliminations,event_database,https://en.wikipedia.org/wiki/Royal_Rumble_(2023)#Women%27s_Royal_Rumble_match_entrances_and_eliminations,,,,"Cross-check for entry order, chronological elimination order, credits, duration and final placements."
S262,Emma / Tenille Dashwood — Pro Wrestlers Database,wrestler_profile,https://www.thesmackdownhotel.com/wrestlers/emma-tenille-dashwood,,,,Dedicated person-specific biography lookup for newly added wrestler.
S263,B-Fab — Pro Wrestlers Database,wrestler_profile,https://www.thesmackdownhotel.com/wrestlers/briana-brandy,,,,Dedicated person-specific biography lookup for newly added wrestler.
S264,Roxanne Perez — Pro Wrestlers Database,wrestler_profile,https://www.thesmackdownhotel.com/wrestlers/rok-c,,,,Dedicated person-specific biography lookup for newly added wrestler.
S265,Zoey Stark — Pro Wrestlers Database,wrestler_profile,https://www.thesmackdownhotel.com/wrestlers/zoey-stark-lacey-ryan,,,,Dedicated person-specific biography lookup for newly added wrestler.
S266,Piper Niven — Pro Wrestlers Database,wrestler_profile,https://www.thesmackdownhotel.com/wrestlers/piper-niven,,,,Dedicated person-specific biography lookup for newly added wrestler.
S267,Raquel Rodriguez — Pro Wrestlers Database,wrestler_profile,https://www.thesmackdownhotel.com/wrestlers/raquel-gonzalez,,,,Dedicated person-specific biography lookup for newly added wrestler.
S268,Mia Yim / Michin — Pro Wrestlers Database,wrestler_profile,https://www.thesmackdownhotel.com/wrestlers/mia-yim,,,,Dedicated person-specific biography lookup for newly added wrestler.
S269,Indi Hartwell — Pro Wrestlers Database,wrestler_profile,https://www.thesmackdownhotel.com/wrestlers/indi-hartwell,,,,Dedicated person-specific biography lookup for newly added wrestler.
S270,WWE: Royal Rumble Match stats 2024,official_wwe,https://www.wwe.com/shows/royalrumble/2024/royal-rumble-match-stats-2024,1,WWE / official sources,2026-09-22,"Official entry numbers, times and Eliminated By column; internal Breakker typo flagged."
S271,Royal Rumble (2024): event and chronological elimination tables,reference_site,https://en.wikipedia.org/wiki/Royal_Rumble_(2024),10,Wikipedia/reference sites,2026-09-22,Times cite WWE and are not treated as independent timing.
S272,WWE: Complete Royal Rumble results 2024,official_wwe,https://www.wwe.com/shows/royalrumble/2024/results,1,WWE / official sources,2026-09-22,
S273,Cageside Seats: independently timed 2024 men's Royal Rumble,reference_site,https://www.cagesideseats.com/wwe/2024/1/30/24055281/wwe-royal-rumble-2024-mens-survival-times-complete-list-iron-man-jey-uso-mcdonagh-low-cm-punk-return,7,Reputable wrestling publication,2026-09-22,
S274,WWE: World Tag Team Championship history,official_wwe,https://www.wwe.com/titlehistory/raw-tag-team-championship,1,WWE / official sources,2026-09-22,
S275,WWE: Intercontinental Championship history,official_wwe,https://www.wwe.com/titlehistory/intercontinental-championship,1,WWE / official sources,2026-09-22,
S276,Grayson Waller — individual biography,reference_site,https://en.wikipedia.org/wiki/Grayson_Waller,10,Wikipedia/reference sites,2026-09-22,
S277,Carmelo Hayes — individual biography,reference_site,https://en.wikipedia.org/wiki/Carmelo_Hayes,10,Wikipedia/reference sites,2026-09-22,
S278,Ludwig Kaiser — individual biography,reference_site,https://en.wikipedia.org/wiki/Ludwig_Kaiser,10,Wikipedia/reference sites,2026-09-22,
S279,Bronson Reed — individual biography,reference_site,https://en.wikipedia.org/wiki/Bronson_Reed,10,Wikipedia/reference sites,2026-09-22,
S280,Ivar — individual biography,reference_site,https://en.wikipedia.org/wiki/Ivar_(wrestler),10,Wikipedia/reference sites,2026-09-22,
S281,Bron Breakker — individual biography,reference_site,https://en.wikipedia.org/wiki/Bron_Breakker,10,Wikipedia/reference sites,2026-09-22,
S282,Pat McAfee — individual biography,reference_site,https://en.wikipedia.org/wiki/Pat_McAfee,10,Wikipedia/reference sites,2026-09-22,
S283,JD McDonagh — individual biography,reference_site,https://en.wikipedia.org/wiki/JD_McDonagh,10,Wikipedia/reference sites,2026-09-22,
S284,Carmelo Hayes: dedicated profile,reference_site,https://www.thesmackdownhotel.com/wrestlers/carmelo-hayes,12,Other statistical/history site,2026-09-22,
S285,Carmelo Hayes career biography,reference_site,https://realprowrestling.com/carmelo-hayes-career-biography-statistics-accomplishments-and-information/,12,Other statistical/history site,2026-09-22,
S286,German Wikipedia: Carmelo Hayes,reference_site,https://de.wikipedia.org/wiki/Carmelo_Hayes,10,Wikipedia/reference sites,2026-09-22,
S287,OWW: Jordan Devlin career results,reference_site,https://www.onlineworldofwrestling.com/profile/jordan-devlin/,12,Other statistical/history site,2026-09-22,
S288,"IWTV: IWA East Coast Scarcade, March 22 2009",reference_site,https://independentwrestling.tv/events/iwa-east-coast-scarcade-dZvMjBZ4la,12,Other statistical/history site,2026-09-22,
S289,Pro Football Reference: Pat McAfee,reference_site,https://www.pro-football-reference.com/players/M/McAfPa44.htm,12,Other statistical/history site,2026-09-22,
S290,WWE Raw results January 29 2024,official_wwe,https://www.wwe.com/shows/raw/2024-01-29/article/results,1,WWE / official sources,2026-09-22,
S291,WWE Hall of Fame registry,reference_site,https://en.wikipedia.org/wiki/WWE_Hall_of_Fame,10,Wikipedia/reference sites,2026-09-22,
S292,WWE: Royal Rumble Match stats 2024,official_wwe,https://www.wwe.com/shows/royalrumble/2024/royal-rumble-match-stats-2024,1,WWE / official sources,2026-09-22,"Official entry numbers, times and Eliminated By column; internal Breakker typo flagged."
S293,Royal Rumble (2024): event and chronological elimination tables,reference_site,https://en.wikipedia.org/wiki/Royal_Rumble_(2024),10,Wikipedia/reference sites,2026-09-22,Times cite WWE and are not treated as independent timing.
S294,WWE: Complete Royal Rumble results 2024,official_wwe,https://www.wwe.com/shows/royalrumble/2024/results,1,WWE / official sources,2026-09-22,
S295,Cageside Seats: independently timed 2024 women's Rumble,reference_site,https://www.cagesideseats.com/wwe/2024/1/28/24053642/wwe-royal-rumble-2024-womens-survival-times-complete-list-iron-woman-bayley-naomi-valhalla-record,7,Reputable wrestling publication,2026-09-22,
S296,WWE SmackDown January 26 2024: Kabuki Warriors win titles,official_wwe,https://www.wwe.com/shows/smackdown/2024-01-26,1,WWE / official sources,2026-09-22,
S297,TNA Hard To Kill January 13 2024 live review,reference_site,https://prowrestling.net/site/2024/01/13/tna-hard-to-kill-results-powells-live-review-of-alex-shelley-vs-moose-for-the-tna-title-trinity-vs-jordynne-grace-for-the-knockouts-title-josh-alexander-vs-alex-hammerstone/,7,Reputable wrestling publication,2026-09-22,
S298,Jordynne Grace individual biography,reference_site,https://en.wikipedia.org/wiki/Jordynne_Grace,10,Wikipedia/reference sites,2026-09-22,
S299,Ivy Nile individual biography,reference_site,https://en.wikipedia.org/wiki/Ivy_Nile,10,Wikipedia/reference sites,2026-09-22,
S300,Kayden Carter individual biography,reference_site,https://en.wikipedia.org/wiki/Lacey_Lane,10,Wikipedia/reference sites,2026-09-22,
S301,Maxxine Dupri individual biography,reference_site,https://en.wikipedia.org/wiki/Maxxine_Dupri,10,Wikipedia/reference sites,2026-09-22,
S302,Alba Fyre individual biography,reference_site,https://en.wikipedia.org/wiki/Alba_Fyre,10,Wikipedia/reference sites,2026-09-22,
S303,Jade Cargill individual biography,reference_site,https://en.wikipedia.org/wiki/Jade_Cargill,10,Wikipedia/reference sites,2026-09-22,
S304,Tiffany Stratton individual biography,reference_site,https://en.wikipedia.org/wiki/Tiffany_Stratton,10,Wikipedia/reference sites,2026-09-22,
S305,Cagematch: Jordynne Grace,reference_site,https://www.cagematch.net/?id=2&nr=14365,4,Wikipedia/reference sites,2026-09-22,
S306,SmackDown Hotel: Jordynne Grace,reference_site,https://www.thesmackdownhotel.com/wrestlers/jordynne-grace,12,Other statistical/history site,2026-09-22,
S307,Gerweck: Kayden Carter / Lacey Lane,reference_site,https://gerweck.net/2020/01/16/kayden-carter/,12,Other statistical/history site,2026-09-22,
S308,Pro Wrestling Wiki: Kayden Carter,reference_site,https://prowrestling.fandom.com/wiki/Kayden_Carter,10,Wikipedia/reference sites,2026-09-22,
S309,WWE Raw July 3 2023: Maxxine in-ring debut,official_wwe,https://www.wwe.com/shows/raw/2023-07-03,1,WWE / official sources,2026-09-22,
S310,TV Insider: Maxxine Dupri,reference_site,https://www.tvinsider.com/people/maxxine-dupri/,12,Other statistical/history site,2026-09-22,
S311,SmackDown Hotel: Kay Lee Ray / Alba Fyre,reference_site,https://www.thesmackdownhotel.com/wrestlers/kay-lee-ray,12,Other statistical/history site,2026-09-22,
S312,Superluchas: May 30 wrestling history,reference_site,https://superluchas.com/hoy-historia-30-mayo-lucha-libre/,9,Wikipedia/reference sites,2026-09-22,
S313,WWE: Valhalla biography,official_wwe,https://www.wwe.com/superstars/valhalla,1,WWE / official sources,2026-09-22,
S314,WWE Royal Rumble 2025 results and statistics,official,https://www.wwe.com/shows/royalrumble/2025,1,WWE / official sources,2026-09-22,
S315,WWE Royal Rumble 2025 recap,official,https://www.wwe.com/shows/royalrumble/2025/results,1,WWE / official sources,2026-09-22,
S316,Royal Rumble 2025 event table,reference_site,https://en.wikipedia.org/wiki/Royal_Rumble_(2025),10,Wikipedia/reference sites,2026-09-22,
S317,F4W 2025 men entrant and elimination order,reference_site,https://www.f4wonline.com/news/wwe/wwe-royal-rumble-mens-entrant-order-and-eliminations/,7,Reputable wrestling publications,2026-09-22,
S318,Independent 2025 men survival times,reference_site,https://www.cagesideseats.com/wwe/2025/2/3/24357462/wwe-royal-rumble-2025-mens-survival-times-complete-list-iron-man-penta-elimination-controversy-cena,7,Reputable wrestling publications,2026-09-22,
S319,WWE 2025 event gate and attendance release,official,https://www.wwe.com/article/royal-rumble-2025-generates-largest-gate-for-any-single-night-event-in-wwe-history,1,WWE / official sources,2026-09-22,
S320,WWE IC title history,official,https://www.wwe.com/titlehistory/intercontinental-championship,1,WWE / official sources,2026-09-22,
S321,WWE US title history,official,https://www.wwe.com/titlehistory/united-states-championship,1,WWE / official sources,2026-09-22,
S322,Genesis 2025 results,reference_site,https://www.postwrestling.com/2025/01/19/tna-genesis-results-nic-nemeth-vs-joe-hendry-hardys-vs-rascalz-nxt-partnership-begins/,7,Reputable wrestling publications,2026-09-22,
S323,Penta biography,reference_site,https://en.wikipedia.org/wiki/Pentag%C3%B3n_Jr.,10,Wikipedia/reference sites,2026-09-22,
S324,IShowSpeed biography,reference_site,https://en.wikipedia.org/wiki/IShowSpeed,10,Wikipedia/reference sites,2026-09-22,
S325,IShowSpeed IMDb biography,reference_site,https://www.imdb.com/name/nm12964938/bio/,10,Wikipedia/reference sites,2026-09-22,
S326,Jacob Fatu biography,reference_site,https://en.wikipedia.org/wiki/Jacob_Fatu,10,Wikipedia/reference sites,2026-09-22,
S327,Jacob Fatu SDH profile,reference_site,https://www.thesmackdownhotel.com/wrestlers/jacob-fatu,12,Other statistical/history sites,2026-09-22,
S328,Jacob Fatu German biography,reference_site,https://de.wikipedia.org/wiki/Jacob_Fatu,10,Wikipedia/reference sites,2026-09-22,
S329,Jacob Fatu career profile,reference_site,https://gerweck.net/2019/12/01/jacob-fatu/,7,Reputable wrestling publications,2026-09-22,
S330,Joe Hendry biography,reference_site,https://en.wikipedia.org/wiki/Joe_Hendry,10,Wikipedia/reference sites,2026-09-22,
S331,Joe Hendry career profile,reference_site,https://wrestlingprofiles.com/wrestler/joe-hendry/,12,Other statistical/history sites,2026-09-22,
S332,Joe Hendry SDH profile,reference_site,https://www.thesmackdownhotel.com/wrestlers/joe-hendry,12,Other statistical/history sites,2026-09-22,
S333,LA Knight biography,reference_site,https://en.wikipedia.org/wiki/LA_Knight,10,Wikipedia/reference sites,2026-09-22,
S334,LA Knight career profile,reference_site,https://wrestlingprofiles.com/wrestler/la-knight/,12,Other statistical/history sites,2026-09-22,
S335,Akira Tozawa biography,reference_site,https://en.wikipedia.org/wiki/Akira_Tozawa,10,Wikipedia/reference sites,2026-09-22,
S336,Dragon Gate roster biographies,reference_site,https://puroresuspirit.wordpress.com/dragon-gate/roster/,12,Other statistical/history sites,2026-09-22,
S337,WWE official2025 match statistics,official,https://www.wwe.com/shows/royalrumble/article/2025-royal-rumble-match-stats,1,WWE / official sources,2026-09-22,
S338,WWE2025 event recap,official,https://www.wwe.com/shows/royalrumble/2025/results,1,WWE / official sources,2026-09-22,
S339,Royal Rumble2025 table,reference_site,https://en.wikipedia.org/wiki/Royal_Rumble_(2025),10,Wikipedia/reference sites,2026-09-22,
S340,F4W2025 women entry and elimination order,reference_site,https://www.f4wonline.com/news/wwe/wwe-royal-rumble-womens-entrant-order-and-eliminations/,7,Reputable wrestling publications,2026-09-22,
S341,SDH2025 event table,reference_site,https://www.thesmackdownhotel.com/events-results/ppv-special/wwe-royal-rumble-2025,12,Other statistical/history sites,2026-09-22,
S342,Independent2025 women survival times,reference_site,https://www.cagesideseats.com/wwe/2025/2/2/24357454/wwe-royal-rumble-2025-womens-survival-times-complete-list-iron-woman-roxanne-perez-new-record-liv,7,Reputable wrestling publications,2026-09-22,
S343,Cagematch2025 event,reference_site,https://www.cagematch.net/?id=1&nr=398090,4,Cagematch,2026-09-22,
S344,WWE2025 attendance release,official,https://www.wwe.com/article/royal-rumble-2025-generates-largest-gate-for-any-single-night-event-in-wwe-history,1,WWE / official sources,2026-09-22,
S345,Lyra biography,reference_site,https://en.wikipedia.org/wiki/Lyra_Valkyria,10,Wikipedia/reference sites,2026-09-22,
S346,Lyra alternate debut promotion spelling,reference_site,https://prowrestling.fandom.com/wiki/Lyra_Valkyria,10,Wikipedia/reference sites,2026-09-22,
S347,Lash biography,reference_site,https://en.wikipedia.org/wiki/Lash_Legend,10,Wikipedia/reference sites,2026-09-22,
S348,Lash debut WWE205Live,official,https://www.wwe.com/shows/wwe-205-live/article/wwe-205-live-results-dec-10-2021,1,WWE / official sources,2026-09-22,
S349,Jaida biography,reference_site,https://en.wikipedia.org/wiki/Jaida_Parker,10,Wikipedia/reference sites,2026-09-22,
S350,Jaida SDH profile,reference_site,https://www.thesmackdownhotel.com/wrestlers/jaida-parker,12,Other statistical/history sites,2026-09-22,
S351,Vaquer biography,reference_site,https://en.wikipedia.org/wiki/Stephanie_Vaquer,10,Wikipedia/reference sites,2026-09-22,
S352,Vaquer Luchawiki,reference_site,https://www.luchawiki.org/index.php/Stephanie_Vaquer,10,Wikipedia/reference sites,2026-09-22,
S353,Vaquer alternate debut,reference_site,https://de.wikipedia.org/wiki/Stephanie_Vaquer,10,Wikipedia/reference sites,2026-09-22,
S354,Giulia biography,reference_site,https://en.wikipedia.org/wiki/Giulia_(wrestler),10,Wikipedia/reference sites,2026-09-22,
S355,Giulia alternate real-name transliteration,reference_site,https://de.wikipedia.org/wiki/Giulia_(Wrestlerin),10,Wikipedia/reference sites,2026-09-22,
S356,Lyra inaugural IC title win,official,https://www.youtube.com/watch?v=2cFk_XGFbx8,1,WWE / official sources,2026-09-22,
S357,Chelsea inaugural US title win,official,https://www.youtube.com/watch?v=TIf0L1THAW4,1,WWE / official sources,2026-09-22,
S358,NXT Womens championship history,official,https://www.wwe.com/titlehistory/nxt-womens-championship,1,WWE / official sources,2026-09-22,
S359,WWE Womens Tag championship history,official,https://www.wwe.com/classics/titlehistory/wwe-womens-tag-team-championship,1,WWE / official sources,2026-09-22,
S360,Naomi joins tag reign,reference_site,https://www.tpww.net/2024/12/wwe-smackdown-results-dec-20-2024-naomi-bianca-belair-vs-nia-jax-candice-lerae/,7,Reputable wrestling publications,2026-09-22,
S361,Candice inaugural Speed title win,official,https://www.wwe.com/shows/wwe-speed/article/candice-lerae-first-ever-wwe-womens-speed-champion,1,WWE / official sources,2026-09-22,
S362,Candice biography with taping date,reference_site,https://en.wikipedia.org/wiki/Candice_LeRae,10,Wikipedia/reference sites,2026-09-22,
S363,WWE2026 official statistics and results,official,https://www.wwe.com/shows/royalrumble/royal-rumble-2026,1,WWE / official sources,2026-09-22,
S364,WrestleZone2026 chronological eliminations,reference_site,https://www.wrestlezone.com/news/1609516-wwe-royal-rumble-2026-order-of-entry-and-elimination,7,Reputable wrestling publications,2026-09-22,
S365,Royal Rumble2026 reference table,reference_site,https://en.wikipedia.org/wiki/Royal_Rumble_(2026),10,Wikipedia/reference sites,2026-09-22,
S366,Cagematch2026 event timing and results,reference_site,https://www.cagematch.net/?id=1&nr=434667,4,Cagematch,2026-09-22,
S367,All Rumble Stats2026 independent timing,reference_site,https://allrumblestats.com/events/wwe/royal-rumble/royal-rumble-2026-men/,12,Other statistical/history sites,2026-09-22,
S368,Oba Femi biography,reference_site,https://en.wikipedia.org/wiki/Oba_Femi,10,Wikipedia/reference sites,2026-09-22,
S369,Isaac Odugbesan official Alabama athletics biography,official,https://rolltide.com/sports/xctrack/roster/isaac-odugbesan/7577,1,WWE / official sources,2026-09-22,
S370,Solo Sikoa biography,reference_site,https://en.wikipedia.org/wiki/Solo_Sikoa,10,Wikipedia/reference sites,2026-09-22,
S371,Solo Sikoa Cagematch biography,reference_site,https://www.cagematch.net/?id=2&nr=22525,4,Cagematch,2026-09-22,
S372,Solo Sikoa biography and debut chronology,reference_site,https://www.onlineworldofwrestling.com/profile/sefa-fatu/,12,Other statistical/history sites,2026-09-22,
S373,JeVon Evans biography,reference_site,https://en.wikipedia.org/wiki/Je%27Von_Evans,10,Wikipedia/reference sites,2026-09-22,
S374,JeVon Evans FSPW debut chronology,reference_site,https://www.onlineworldofwrestling.com/profile/jay-malachi/,12,Other statistical/history sites,2026-09-22,
S375,Mr Iguana individual Luchawiki biography,reference_site,https://www.luchawiki.org/index.php?title=Mr._Iguana,10,Wikipedia/reference sites,2026-09-22,
S376,Mr Iguana individual career history,reference_site,https://www.gerweck.net/2025/06/16/mr-iguana/,12,Other statistical/history sites,2026-09-22,
S377,Trick Williams biography,reference_site,https://en.wikipedia.org/wiki/Trick_Williams,10,Wikipedia/reference sites,2026-09-22,
S378,Trick Williams Cagematch birthday,reference_site,https://www.cagematch.net/?id=2&nr=24301,4,Cagematch,2026-09-22,
S379,Trick Williams alternate IWD birthday,reference_site,https://www.profightdb.com/wrestlers/trick-williams-19048.html,5,ProFightDB / Internet Wrestling Database,2026-09-22,
S380,Powerhouse Hobbs biography,reference_site,https://en.wikipedia.org/wiki/Powerhouse_Hobbs,10,Wikipedia/reference sites,2026-09-22,
S381,Royce Keys birthday and APW debut chronology,reference_site,https://www.onlineworldofwrestling.com/profile/will-hobbs/,12,Other statistical/history sites,2026-09-22,
S382,Ilja Dragunov biography,reference_site,https://en.wikipedia.org/wiki/Ilja_Dragunov,10,Wikipedia/reference sites,2026-09-22,
S383,Ilja Dragunov GWF debut account,reference_site,https://de.wikipedia.org/wiki/Ilja_Dragunov,10,Wikipedia/reference sites,2026-09-22,
S384,La Parka III individual biography,reference_site,https://www.luchawiki.org/index.php/La_Parka_III,10,Wikipedia/reference sites,2026-09-22,
S385,La Parka III identity confirmation,reference_site,https://prowrestling.fandom.com/wiki/La_Parka_III,10,Wikipedia/reference sites,2026-09-22,
S386,Dragon Lee individual biography,reference_site,https://en.wikipedia.org/wiki/Dragon_Lee_(wrestler),10,Wikipedia/reference sites,2026-09-22,
S387,Dragon Lee II debut and personal data,reference_site,https://www.luchawiki.org/index.php/Dragon_Lee_II,10,Wikipedia/reference sites,2026-09-22,
S388,Dragon Lee real name in public trademark record,reference_site,https://trademarks.justia.com/982/42/dragon-98242146.html,10,Wikipedia/reference sites,2026-09-22,
S389,Rey Fenix biography,reference_site,https://en.wikipedia.org/wiki/Rey_F%C3%A9nix,10,Wikipedia/reference sites,2026-09-22,
S390,Rey Fenix personal data profile,reference_site,https://www.thesmackdownhotel.com/wrestlers/rey-fenix,12,Other statistical/history sites,2026-09-22,
S391,Marcel Barthel individual biography,reference_site,https://en.wikipedia.org/wiki/Ludwig_Kaiser,10,Wikipedia/reference sites,2026-09-22,
S392,Marcel Barthel NFC debut chronology,reference_site,https://www.onlineworldofwrestling.com/profile/marcel-barthel/,12,Other statistical/history sites,2026-09-22,
S393,Charles Betts individual biography,reference_site,https://en.wikipedia.org/wiki/Chad_Gable,10,Wikipedia/reference sites,2026-09-22,
S394,Charles Betts MPW debut chronology,reference_site,https://www.onlineworldofwrestling.com/profile/chad-gable/,12,Other statistical/history sites,2026-09-22,
S395,WWE Matt Cardona continuity biography,official,https://www.wwe.com/superstars/matt-cardona,1,WWE / official sources,2026-09-22,
S396,World Tag Team title history,official,https://www.wwe.com/titlehistory/raw-tag-team-championship,1,WWE / official sources,2026-09-22,
S397,Solo hands his championship to Talla January30,official,https://www.wwe.com/videos/solo-sikoa-hands-the-wwe-tag-team-title-to-talla-tonga-smackdown-highlights-jan-30-2026,1,WWE / official sources,2026-09-22,
S398,Alternative ongoing Solo championship recognition,reference_site,https://en.wikipedia.org/wiki/List_of_WWE_Tag_Team_Champions,10,Wikipedia/reference sites,2026-09-22,
S399,Oba vacates NXT championship January6,official,https://www.wwe.com/shows/wwenxt/2026-01-06,1,WWE / official sources,2026-09-22,
S400,Reported25000 ticket distribution,reference_site,https://www.pwmania.com/backstage-explanation-for-empty-seats-at-royal-rumble-2026,7,Reputable wrestling publications,2026-09-22,
S401,AAA January31 title challengers report,reference_site,https://www.tvazteca.com/aztecadeportes/aaa-luchas-alarido-cartelera-31-enero-ac-notas/,7,Reputable wrestling publications,2026-09-22,
S402,Alternate Penta birthplace and debut biography,reference_site,https://www.si.com/fannation/wrestling/wwe/5-things-to-know-about-penta-el-zero-miedo-ahead-of-his-rumored-wwe-debut,7,Reputable wrestling publications,2026-09-22,
S403,WWE2026 official match statistics and recap,official,https://www.wwe.com/shows/royalrumble/royal-rumble-2026,1,WWE / official sources,2026-09-22,
S404,WrestleZone2026 chronological eliminations,reference_site,https://www.wrestlezone.com/news/1609516-wwe-royal-rumble-2026-order-of-entry-and-elimination,7,Reputable wrestling publications,2026-09-22,
S405,Royal Rumble2026 reference table,reference_site,https://en.wikipedia.org/wiki/Royal_Rumble_(2026),10,Wikipedia/reference sites,2026-09-22,
S406,Cagematch2026 event results and timing,reference_site,https://www.cagematch.net/?id=1&nr=434667,4,Cagematch,2026-09-22,
S407,All Rumble Stats2026 women independent timing,reference_site,https://allrumblestats.com/events/wwe/royal-rumble/royal-rumble-2026-women/,12,Other statistical/history sites,2026-09-22,
S408,Kiana James individual biography,reference_site,https://en.wikipedia.org/wiki/Kiana_James,10,Wikipedia/reference sites,2026-09-22,
S409,Kiana James Cagematch biography,reference_site,https://www.cagematch.net/?id=2&nr=25036,4,Cagematch,2026-09-22,
S410,Kiana real name and nationality,reference_site,https://www.thesmackdownhotel.com/wrestlers/kayla-inlay,12,Other statistical/history sites,2026-09-22,
S411,Kiana alternate published real name,reference_site,https://de.wikipedia.org/wiki/Kiana_James,10,Wikipedia/reference sites,2026-09-22,
S412,Lola Vice individual biography,reference_site,https://en.wikipedia.org/wiki/Lola_Vice,10,Wikipedia/reference sites,2026-09-22,
S413,Lola Vice biography differentiating debut matches,reference_site,https://gerweck.net/2022/11/15/valerie-loureda/,12,Other statistical/history sites,2026-09-22,
S414,Sol Ruca individual biography,reference_site,https://en.wikipedia.org/wiki/Sol_Ruca,10,Wikipedia/reference sites,2026-09-22,
S415,Sol Ruca individual biography and NXT live debut,reference_site,https://gerweck.net/2023/03/06/sol-ruca/,12,Other statistical/history sites,2026-09-22,
S416,Jacy Jayne individual biography,reference_site,https://en.wikipedia.org/wiki/Jacy_Jayne,10,Wikipedia/reference sites,2026-09-22,
S417,Jacy Jayne Cagematch personal data,reference_site,https://www.cagematch.net/?id=2&nr=21368,4,Cagematch,2026-09-22,
S418,Jacy Jayne alternate biography,reference_site,https://www.thesmackdownhotel.com/wrestlers/jacy-jayne,12,Other statistical/history sites,2026-09-22,
S419,WWE recruits biography identifying Taylor Grado,official,https://www.wwe.com/shows/wwenxt/article/largest-class-in-history-reports-wwe-performance-center,1,WWE / official sources,2026-09-22,
S420,Kelani Jordan individual biography,reference_site,https://en.wikipedia.org/wiki/Kelani_Jordan,10,Wikipedia/reference sites,2026-09-22,
S421,Kelani Jordan OWW biography,reference_site,https://www.onlineworldofwrestling.com/profile/kelani-jordan/,12,Other statistical/history sites,2026-09-22,
S422,Kelani alternate debut account,reference_site,https://gerweck.net/2023/05/18/kelani-jordan/,12,Other statistical/history sites,2026-09-22,
S423,Kelani alternate Spanish birthday,reference_site,https://es.wikipedia.org/wiki/Kelani_Jordan,10,Wikipedia/reference sites,2026-09-22,
S424,Kelani full real name,reference_site,https://www.thesmackdownhotel.com/wrestlers/kelani-jordan,12,Other statistical/history sites,2026-09-22,
S425,Becky and Rhea/IYO title wins Jan5,official,https://www.wwe.com/shows/raw/2026-01-05,1,WWE / official sources,2026-09-22,
S426,Giulia title win Jan2,official,https://www.wwe.com/shows/smackdown/2026-01-02,1,WWE / official sources,2026-09-22,
S427,NXT Womens title history,official,https://www.wwe.com/titlehistory/nxt-womens-championship,1,WWE / official sources,2026-09-22,
S428,Womens Speed title history,official,https://www.wwe.com/classics/titlehistory/wwe-womens-speed-championship,1,WWE / official sources,2026-09-22,
S429,Chelsea Green and Ethan Page win AAA mixed title,reference_site,https://www.tpww.net/2025/11/aaa-chelsea-green-ethan-page-wins-aaa-mixed-tag-team-titles-at-aaa-dia-de-muertos-2025-show-ethan-page-vs-el-hijo-de-dr-wagner-jr-for-aaa-latin-american-title-set-for-aaa-guerra-de-titanes-2025/,7,Reputable wrestling publications,2026-09-22,
S430,AAA January31 title challengers report,reference_site,https://www.tvazteca.com/aztecadeportes/aaa-luchas-alarido-cartelera-31-enero-ac-notas/,7,Reputable wrestling publications,2026-09-22,
S431,Natalya introduced as Nattie at Royal Rumble,reference_site,https://www.fightful.com/wrestling/natalya-introduced-as-nattie-in-2026-wwe-womens-royal-rumble-match-debuts-new-theme-song/,7,Reputable wrestling publications,2026-09-22,
S432,Reported25000 ticket distribution,reference_site,https://www.pwmania.com/backstage-explanation-for-empty-seats-at-royal-rumble-2026,7,Reputable wrestling publications,2026-09-22,
S433,Royal Rumble 1998: entrants and eliminations,website,https://en.wikipedia.org/wiki/Royal_Rumble_(1998),10,Reference / publication,2026-09-23,Legacy cleanup: targeted verification; only facts explicitly documented by this page were used.
S434,Royal Rumble 2001: entrants and eliminations,website,https://en.wikipedia.org/wiki/Royal_Rumble_(2001),10,Reference / publication,2026-09-23,Legacy cleanup: targeted verification; only facts explicitly documented by this page were used.
S435,Royal Rumble 2004: entrants and eliminations,website,https://en.wikipedia.org/wiki/Royal_Rumble_(2004),10,Reference / publication,2026-09-23,Legacy cleanup: targeted verification; only facts explicitly documented by this page were used.
S436,Royal Rumble 2005: entrants and eliminations,website,https://en.wikipedia.org/wiki/Royal_Rumble_(2005),10,Reference / publication,2026-09-23,Legacy cleanup: targeted verification; only facts explicitly documented by this page were used.
S437,Royal Rumble 2007: entrants and eliminations,website,https://en.wikipedia.org/wiki/Royal_Rumble_(2007),10,Reference / publication,2026-09-23,Legacy cleanup: targeted verification; only facts explicitly documented by this page were used.
S438,Royal Rumble 2009: entrants and eliminations,website,https://en.wikipedia.org/wiki/Royal_Rumble_(2009),10,Reference / publication,2026-09-23,Legacy cleanup: targeted verification; only facts explicitly documented by this page were used.
S439,Royal Rumble 2012: entrants and eliminations,website,https://en.wikipedia.org/wiki/Royal_Rumble_(2012),10,Reference / publication,2026-09-23,Legacy cleanup: targeted verification; only facts explicitly documented by this page were used.
S440,Royal Rumble 2014: entrants and eliminations,website,https://en.wikipedia.org/wiki/Royal_Rumble_(2014),10,Reference / publication,2026-09-23,Legacy cleanup: targeted verification; only facts explicitly documented by this page were used.
S441,WWE: 8 controversial Royal Rumble Match exits,website,https://www.wwe.com/shows/royalrumble/8-controversial-royal-rumble-match-eliminations,1,WWE official,2026-09-23,Legacy cleanup: targeted verification; only facts explicitly documented by this page were used.
S442,WWE: 2012 Royal Rumble match results,website,https://www.wwe.com/shows/royalrumble/2012/royal-rumble-match,1,WWE official,2026-09-23,Legacy cleanup: targeted verification; only facts explicitly documented by this page were used.
S443,WWE: Batista won the 2014 Royal Rumble Match,website,https://www.wwe.com/shows/royalrumble/2014/royal-rumble-match,1,WWE official,2026-09-23,Legacy cleanup: targeted verification; only facts explicitly documented by this page were used.
S444,WrestleZone: Royal Rumble 2009 entry and elimination order,website,https://www.wrestlezone.com/news/198203-royal-rumble-stats-order-of-entrances-and-eliminations,7,Reference / publication,2026-09-23,Legacy cleanup: targeted verification; only facts explicitly documented by this page were used.
S445,Andrew Hughes: 2014 entry and elimination order,website,https://theandrewhughes.com/2014/01/list-of-royal-rumble-entrants-and-eliminations-2014/,12,Reference / publication,2026-09-23,Legacy cleanup: targeted verification; only facts explicitly documented by this page were used.
S446,Wikipedia: Royal Rumble (1988),website,https://en.wikipedia.org/wiki/Royal_Rumble_(1988),10,Wikipedia/reference,2026-09-23,Structured event account used for entrant-time team and championship context.
S447,TheSmackDownHotel: WWF roster in 1988,website,https://www.thesmackdownhotel.com/roster/?date=1988&promotion=wwe,12,Reference / publication,2026-09-23,Year-filtered roster used only for explicitly displayed 1988 monikers.
S448,WWE: The Hart Foundation profile,website,https://www.wwe.com/superstars/hartfoundation,1,WWE official,2026-09-23,"Official profile documents the team, monikers, and Jimmy Hart's management."
S449,WWE: Butch Reed profile,website,https://www.wwe.com/superstars/butchreed,1,WWE official,2026-09-23,Official profile documents The Natural moniker and Slick as manager during Reed's WWE tenure.
S450,WWE: Where Are They Now? Dangerous Danny Davis,website,https://www.wwe.com/classics/wherearetheynow/wheresdannydavis,1,WWE official,2026-09-23,Official retrospective documents the Dangerous moniker and Davis's association with Jimmy Hart.
S451,WWE: Harley Race obituary,website,https://www.wwe.com/article/wwe-hall-of-famer-harley-race-passes-away,1,WWE official,2026-09-23,Official career summary documents the King persona and Bobby Heenan as manager.
S452,WWE: Frenchy Martin obituary,website,https://www.wwe.com/article/frenchy-martin-passes-away,1,WWE official,2026-09-23,Official career summary documents Frenchy Martin managing Dino Bravo from 1987 in the late 1980s.
S453,WWE: Akeem profile,website,https://www.wwe.com/superstars/akeem,1,WWE official,2026-09-23,Official profile documents Slick leading One Man Gang from his 1987 WWE arrival.
S454,WWE: Rufus R. Jones profile,website,https://www.wwe.com/superstars/rufus-r-jones,1,WWE official,2026-09-23,Official profile identifies Slick as manager of The Bolsheviks and Nikolai Volkoff.
S455,WWE: World Tag Team Championship title history,website,https://www.wwe.com/titlehistory/world-tag-team-championship,1,WWE official,2026-09-23,Official title history confirms Strike Force's reign spanning the 1988 Royal Rumble date.
S456,Wikipedia: Killer Bees (professional wrestling),website,https://en.wikipedia.org/wiki/Killer_Bees_(professional_wrestling),10,Wikipedia/reference,2026-09-23,Team history confirms Jim Brunzell and B. Brian Blair were The Killer Bees through summer 1988.
S457,Wikipedia: Royal Rumble (1989),website,https://en.wikipedia.org/wiki/Royal_Rumble_(1989),10,Wikipedia/reference,2026-09-23,"Event account used for event-date team, manager, character and championship context."
S458,Wikipedia: Royal Rumble (1990),website,https://en.wikipedia.org/wiki/Royal_Rumble_(1990),10,Wikipedia/reference,2026-09-23,"Event account used for event-date team, manager, character and championship context."
S459,Wikipedia: Royal Rumble (1991),website,https://en.wikipedia.org/wiki/Royal_Rumble_(1991),10,Wikipedia/reference,2026-09-23,"Event account used for event-date team, manager, character and championship context."
S460,Wikipedia: Royal Rumble (1992),website,https://en.wikipedia.org/wiki/Royal_Rumble_(1992),10,Wikipedia/reference,2026-09-23,"Event account used for event-date team, manager, character and championship context."
S461,TheSmackDownHotel: WWF roster in 1989,website,https://www.thesmackdownhotel.com/roster/?date=1989&promotion=wwe,12,Reference / publication,2026-09-23,"Year-filtered roster used for explicitly displayed monikers, teams, stables and title chronology."
S462,TheSmackDownHotel: WWF roster in 1990,website,https://www.thesmackdownhotel.com/roster/?date=1990&promotion=wwe,12,Reference / publication,2026-09-23,"Year-filtered roster used for explicitly displayed monikers, teams, stables and title chronology."
S463,TheSmackDownHotel: WWF roster in 1991,website,https://www.thesmackdownhotel.com/roster/?date=1991&promotion=wwe,12,Reference / publication,2026-09-23,"Year-filtered roster used for explicitly displayed monikers, teams, stables and title chronology."
S464,TheSmackDownHotel: WWF roster in 1992,website,https://www.thesmackdownhotel.com/roster/?date=1992&promotion=wwe,12,Reference / publication,2026-09-23,"Year-filtered roster used for explicitly displayed monikers, teams, stables and title chronology."
S465,Wikipedia: Royal Rumble (1993),website,https://en.wikipedia.org/wiki/Royal_Rumble_(1993),10,Wikipedia/reference,2026-09-23,"Event account used for event-date team, manager, character and championship context."
S466,Wikipedia: Royal Rumble (1994),website,https://en.wikipedia.org/wiki/Royal_Rumble_(1994),10,Wikipedia/reference,2026-09-23,"Event account used for event-date team, manager, character and championship context."
S467,Wikipedia: Royal Rumble (1995),website,https://en.wikipedia.org/wiki/Royal_Rumble_(1995),10,Wikipedia/reference,2026-09-23,"Event account used for event-date team, manager, character and championship context."
S468,Wikipedia: Royal Rumble (1996),website,https://en.wikipedia.org/wiki/Royal_Rumble_(1996),10,Wikipedia/reference,2026-09-23,"Event account used for event-date team, manager, character and championship context."
S469,TheSmackDownHotel: WWF roster in 1993,website,https://www.thesmackdownhotel.com/roster/?date=1993&promotion=wwe,12,Reference / publication,2026-09-23,"Year-filtered roster used for explicitly displayed monikers, teams, stables, managers and title chronology."
S470,TheSmackDownHotel: WWF roster in 1994,website,https://www.thesmackdownhotel.com/roster/?date=1994&promotion=wwe,12,Reference / publication,2026-09-23,"Year-filtered roster used for explicitly displayed monikers, teams, stables, managers and title chronology."
S471,TheSmackDownHotel: WWF roster in 1995,website,https://www.thesmackdownhotel.com/roster/?date=1995&promotion=wwe,12,Reference / publication,2026-09-23,"Year-filtered roster used for explicitly displayed monikers, teams, stables, managers and title chronology."
S472,TheSmackDownHotel: WWF roster in 1996,website,https://www.thesmackdownhotel.com/roster/?date=1996&promotion=wwe,12,Reference / publication,2026-09-23,"Year-filtered roster used for explicitly displayed monikers, teams, stables, managers and title chronology."
S473,Wikipedia: Royal Rumble (1997),website,https://en.wikipedia.org/wiki/Royal_Rumble_(1997),10,Wikipedia/reference,2026-09-23,"Event account used for event-date team, manager, character, faction and championship context."
S474,Wikipedia: Royal Rumble (1998),website,https://en.wikipedia.org/wiki/Royal_Rumble_(1998),10,Wikipedia/reference,2026-09-23,"Event account used for event-date team, manager, character, faction and championship context."
S475,Wikipedia: Royal Rumble (1999),website,https://en.wikipedia.org/wiki/Royal_Rumble_(1999),10,Wikipedia/reference,2026-09-23,"Event account used for event-date team, manager, character, faction and championship context."
S476,Wikipedia: Royal Rumble (2000),website,https://en.wikipedia.org/wiki/Royal_Rumble_(2000),10,Wikipedia/reference,2026-09-23,"Event account used for event-date team, manager, character, faction and championship context."
S477,TheSmackDownHotel: WWF roster in 1997,website,https://www.thesmackdownhotel.com/roster/?date=1997&promotion=wwe,12,Reference / publication,2026-09-23,"Year-filtered roster used for explicitly displayed monikers, teams, stables, managers and title chronology."
S478,TheSmackDownHotel: WWF roster in 1998,website,https://www.thesmackdownhotel.com/roster/?date=1998&promotion=wwe,12,Reference / publication,2026-09-23,"Year-filtered roster used for explicitly displayed monikers, teams, stables, managers and title chronology."
S479,TheSmackDownHotel: WWF roster in 1999,website,https://www.thesmackdownhotel.com/roster/?date=1999&promotion=wwe,12,Reference / publication,2026-09-23,"Year-filtered roster used for explicitly displayed monikers, teams, stables, managers and title chronology."
S480,TheSmackDownHotel: WWF roster in 2000,website,https://www.thesmackdownhotel.com/roster/?date=2000&promotion=wwe,12,Reference / publication,2026-09-23,"Year-filtered roster used for explicitly displayed monikers, teams, stables, managers and title chronology."
S481,Pro Wrestling History: Royal Rumble entrance and elimination information,wrestling_database,https://prowrestlinghistory.com/supercards/usa/wwf/rumble2.html,12,Other reputable site,2026-09-23,"Independent year-by-year entrant, elimination-order, eliminator and ring-time tables used to cross-check the documented order-in-match gaps."
S482,Wikipedia: Royal Rumble (2001),website,https://en.wikipedia.org/wiki/Royal_Rumble_(2001),10,Wikipedia/reference,2026-09-23,"Event account used for event-date character, team, manager, faction and championship context."
S483,Wikipedia: Royal Rumble (2002),website,https://en.wikipedia.org/wiki/Royal_Rumble_(2002),10,Wikipedia/reference,2026-09-23,"Event account used for event-date character, team, manager, faction and championship context."
S484,Wikipedia: Royal Rumble (2003),website,https://en.wikipedia.org/wiki/Royal_Rumble_(2003),10,Wikipedia/reference,2026-09-23,"Event account used for event-date character, team, manager, faction and championship context."
S485,Wikipedia: Royal Rumble (2004),website,https://en.wikipedia.org/wiki/Royal_Rumble_(2004),10,Wikipedia/reference,2026-09-23,"Event account used for event-date character, team, manager, faction and championship context."
S486,TheSmackDownHotel: WWE roster in 2001,website,https://www.thesmackdownhotel.com/roster/?date=2001&promotion=wwe,12,Reference / publication,2026-09-23,"Year-filtered roster used for explicitly displayed monikers, teams, stables, managers and title chronology; event-date claims cross-checked against the event article."
S487,TheSmackDownHotel: WWE roster in 2002,website,https://www.thesmackdownhotel.com/roster/?date=2002&promotion=wwe,12,Reference / publication,2026-09-23,"Year-filtered roster used for explicitly displayed monikers, teams, stables, managers and title chronology; event-date claims cross-checked against the event article."
S488,TheSmackDownHotel: WWE roster in 2003,website,https://www.thesmackdownhotel.com/roster/?date=2003&promotion=wwe,12,Reference / publication,2026-09-23,"Year-filtered roster used for explicitly displayed monikers, teams, stables, managers and title chronology; event-date claims cross-checked against the event article."
S489,TheSmackDownHotel: WWE roster in 2004,website,https://www.thesmackdownhotel.com/roster/?date=2004&promotion=wwe,12,Reference / publication,2026-09-23,"Year-filtered roster used for explicitly displayed monikers, teams, stables, managers and title chronology; event-date claims cross-checked against the event article."
S490,Wikipedia: Royal Rumble (2005),website,https://en.wikipedia.org/wiki/Royal_Rumble_(2005),10,Wikipedia/reference,2026-09-23,"Event account used for event-date character, team, manager, faction and championship context."
S491,Wikipedia: Royal Rumble (2006),website,https://en.wikipedia.org/wiki/Royal_Rumble_(2006),10,Wikipedia/reference,2026-09-23,"Event account used for event-date character, team, manager, faction and championship context."
S492,Wikipedia: Royal Rumble (2007),website,https://en.wikipedia.org/wiki/Royal_Rumble_(2007),10,Wikipedia/reference,2026-09-23,"Event account used for event-date character, team, manager, faction and championship context."
S493,Wikipedia: Royal Rumble (2008),website,https://en.wikipedia.org/wiki/Royal_Rumble_(2008),10,Wikipedia/reference,2026-09-23,"Event account used for event-date character, team, manager, faction and championship context."
S494,TheSmackDownHotel: WWE roster in 2005,website,https://www.thesmackdownhotel.com/roster/?date=2005&promotion=wwe,12,Reference / publication,2026-09-23,"Year-filtered roster used for explicitly displayed monikers, teams, stables, managers and title chronology; event-date claims cross-checked against the event article."
S495,TheSmackDownHotel: WWE roster in 2006,website,https://www.thesmackdownhotel.com/roster/?date=2006&promotion=wwe,12,Reference / publication,2026-09-23,"Year-filtered roster used for explicitly displayed monikers, teams, stables, managers and title chronology; event-date claims cross-checked against the event article."
S496,TheSmackDownHotel: WWE roster in 2007,website,https://www.thesmackdownhotel.com/roster/?date=2007&promotion=wwe,12,Reference / publication,2026-09-23,"Year-filtered roster used for explicitly displayed monikers, teams, stables, managers and title chronology; event-date claims cross-checked against the event article."
S497,TheSmackDownHotel: WWE roster in 2008,website,https://www.thesmackdownhotel.com/roster/?date=2008&promotion=wwe,12,Reference / publication,2026-09-23,"Year-filtered roster used for explicitly displayed monikers, teams, stables, managers and title chronology; event-date claims cross-checked against the event article."
S498,Wikipedia: Royal Rumble (2009),website,https://en.wikipedia.org/wiki/Royal_Rumble_(2009),10,Wikipedia/reference,2026-09-23,"Event account used for event-date character, team, manager, faction and championship context."
S499,Wikipedia: Royal Rumble (2010),website,https://en.wikipedia.org/wiki/Royal_Rumble_(2010),10,Wikipedia/reference,2026-09-23,"Event account used for event-date character, team, manager, faction and championship context."
S500,Wikipedia: Royal Rumble (2011),website,https://en.wikipedia.org/wiki/Royal_Rumble_(2011),10,Wikipedia/reference,2026-09-23,"Event account used for event-date character, team, manager, faction and championship context."
S501,Wikipedia: Royal Rumble (2012),website,https://en.wikipedia.org/wiki/Royal_Rumble_(2012),10,Wikipedia/reference,2026-09-23,"Event account used for event-date character, team, manager, faction and championship context."
S502,Wikipedia: Royal Rumble (2013),website,https://en.wikipedia.org/wiki/Royal_Rumble_(2013),10,Wikipedia/reference,2026-09-23,"Event account used for event-date character, team, manager, faction and championship context."
S503,TheSmackDownHotel: WWE roster in 2009,website,https://www.thesmackdownhotel.com/roster/?date=2009&promotion=wwe,12,Reference / publication,2026-09-23,"Year-filtered roster used for explicitly displayed monikers, teams, stables, managers and title chronology; event-date claims cross-checked against the event article."
S504,TheSmackDownHotel: WWE roster in 2010,website,https://www.thesmackdownhotel.com/roster/?date=2010&promotion=wwe,12,Reference / publication,2026-09-23,"Year-filtered roster used for explicitly displayed monikers, teams, stables, managers and title chronology; event-date claims cross-checked against the event article."
S505,TheSmackDownHotel: WWE roster in 2011,website,https://www.thesmackdownhotel.com/roster/?date=2011&promotion=wwe,12,Reference / publication,2026-09-23,"Year-filtered roster used for explicitly displayed monikers, teams, stables, managers and title chronology; event-date claims cross-checked against the event article."
S506,TheSmackDownHotel: WWE roster in 2012,website,https://www.thesmackdownhotel.com/roster/?date=2012&promotion=wwe,12,Reference / publication,2026-09-23,"Year-filtered roster used for explicitly displayed monikers, teams, stables, managers and title chronology; event-date claims cross-checked against the event article."
S507,TheSmackDownHotel: WWE roster in 2013,website,https://www.thesmackdownhotel.com/roster/?date=2013&promotion=wwe,12,Reference / publication,2026-09-23,"Year-filtered roster used for explicitly displayed monikers, teams, stables, managers and title chronology; event-date claims cross-checked against the event article."
S508,Wikipedia: Royal Rumble (2014),website,https://en.wikipedia.org/wiki/Royal_Rumble_(2014),10,Wikipedia/reference,2026-09-23,"Event account used for event-date character, team, manager, faction and championship context."
S509,Wikipedia: Royal Rumble (2015),website,https://en.wikipedia.org/wiki/Royal_Rumble_(2015),10,Wikipedia/reference,2026-09-23,"Event account used for event-date character, team, manager, faction and championship context."
S510,Wikipedia: Royal Rumble (2016),website,https://en.wikipedia.org/wiki/Royal_Rumble_(2016),10,Wikipedia/reference,2026-09-23,"Event account used for event-date character, team, manager, faction and championship context."
S511,Wikipedia: Royal Rumble (2017),website,https://en.wikipedia.org/wiki/Royal_Rumble_(2017),10,Wikipedia/reference,2026-09-23,"Event account used for event-date character, team, manager, faction and championship context."
S512,Wikipedia: Royal Rumble (2018),website,https://en.wikipedia.org/wiki/Royal_Rumble_(2018),10,Wikipedia/reference,2026-09-23,"Event account used for event-date character, team, manager, faction and championship context."
S513,TheSmackDownHotel: WWE roster in 2014,website,https://www.thesmackdownhotel.com/roster/?date=2014&promotion=wwe,12,Reference / publication,2026-09-23,"Year-filtered roster used for explicitly displayed monikers, teams, stables, managers and title chronology; event-date claims cross-checked against the event article."
S514,TheSmackDownHotel: WWE roster in 2015,website,https://www.thesmackdownhotel.com/roster/?date=2015&promotion=wwe,12,Reference / publication,2026-09-23,"Year-filtered roster used for explicitly displayed monikers, teams, stables, managers and title chronology; event-date claims cross-checked against the event article."
S515,TheSmackDownHotel: WWE roster in 2016,website,https://www.thesmackdownhotel.com/roster/?date=2016&promotion=wwe,12,Reference / publication,2026-09-23,"Year-filtered roster used for explicitly displayed monikers, teams, stables, managers and title chronology; event-date claims cross-checked against the event article."
S516,TheSmackDownHotel: WWE roster in 2017,website,https://www.thesmackdownhotel.com/roster/?date=2017&promotion=wwe,12,Reference / publication,2026-09-23,"Year-filtered roster used for explicitly displayed monikers, teams, stables, managers and title chronology; event-date claims cross-checked against the event article."
S517,TheSmackDownHotel: WWE roster in 2018,website,https://www.thesmackdownhotel.com/roster/?date=2018&promotion=wwe,12,Reference / publication,2026-09-23,"Year-filtered roster used for explicitly displayed monikers, teams, stables, managers and title chronology; event-date claims cross-checked against the event article."
S518,Wikipedia: Royal Rumble (2019),website,https://en.wikipedia.org/wiki/Royal_Rumble_(2019),10,Wikipedia/reference,2026-09-23,"Event account used for event-date character, team, manager, faction and championship context."
S519,Wikipedia: Royal Rumble (2020),website,https://en.wikipedia.org/wiki/Royal_Rumble_(2020),10,Wikipedia/reference,2026-09-23,"Event account used for event-date character, team, manager, faction and championship context."
S520,Wikipedia: Royal Rumble (2021),website,https://en.wikipedia.org/wiki/Royal_Rumble_(2021),10,Wikipedia/reference,2026-09-23,"Event account used for event-date character, team, manager, faction and championship context."
S521,Wikipedia: Royal Rumble (2022),website,https://en.wikipedia.org/wiki/Royal_Rumble_(2022),10,Wikipedia/reference,2026-09-23,"Event account used for event-date character, team, manager, faction and championship context."
S522,Wikipedia: Royal Rumble (2023),website,https://en.wikipedia.org/wiki/Royal_Rumble_(2023),10,Wikipedia/reference,2026-09-23,"Event account used for event-date character, team, manager, faction and championship context."
S523,TheSmackDownHotel: WWE roster in 2019,website,https://www.thesmackdownhotel.com/roster/?date=2019&promotion=wwe,12,Reference / publication,2026-09-23,"Year-filtered roster used for explicitly displayed monikers, teams, stables, managers and title chronology; event-date claims cross-checked against the event article."
S524,TheSmackDownHotel: WWE roster in 2020,website,https://www.thesmackdownhotel.com/roster/?date=2020&promotion=wwe,12,Reference / publication,2026-09-23,"Year-filtered roster used for explicitly displayed monikers, teams, stables, managers and title chronology; event-date claims cross-checked against the event article."
S525,TheSmackDownHotel: WWE roster in 2021,website,https://www.thesmackdownhotel.com/roster/?date=2021&promotion=wwe,12,Reference / publication,2026-09-23,"Year-filtered roster used for explicitly displayed monikers, teams, stables, managers and title chronology; event-date claims cross-checked against the event article."
S526,TheSmackDownHotel: WWE roster in 2022,website,https://www.thesmackdownhotel.com/roster/?date=2022&promotion=wwe,12,Reference / publication,2026-09-23,"Year-filtered roster used for explicitly displayed monikers, teams, stables, managers and title chronology; event-date claims cross-checked against the event article."
S527,TheSmackDownHotel: WWE roster in 2023,website,https://www.thesmackdownhotel.com/roster/?date=2023&promotion=wwe,12,Reference / publication,2026-09-23,"Year-filtered roster used for explicitly displayed monikers, teams, stables, managers and title chronology; event-date claims cross-checked against the event article."
S528,Wikipedia: Royal Rumble (2024),website,https://en.wikipedia.org/wiki/Royal_Rumble_(2024),10,Wikipedia/reference,2026-09-23,"Event account used for event-date character, team, manager, faction and championship context in both divisions."
S529,Wikipedia: Royal Rumble (2025),website,https://en.wikipedia.org/wiki/Royal_Rumble_(2025),10,Wikipedia/reference,2026-09-23,"Event account used for event-date character, team, manager, faction and championship context in both divisions."
S530,Wikipedia: Royal Rumble (2026),website,https://en.wikipedia.org/wiki/Royal_Rumble_(2026),10,Wikipedia/reference,2026-09-23,"Event account used for event-date character, team, manager, faction and championship context in both divisions."
S531,TheSmackDownHotel: WWE roster in 2024,website,https://www.thesmackdownhotel.com/roster/?date=2024&promotion=wwe,12,Reference / publication,2026-09-23,"Year-filtered roster used for explicitly displayed monikers, teams, stables, managers and title chronology; event-date claims cross-checked against the event article."
S532,TheSmackDownHotel: WWE roster in 2025,website,https://www.thesmackdownhotel.com/roster/?date=2025&promotion=wwe,12,Reference / publication,2026-09-23,"Year-filtered roster used for explicitly displayed monikers, teams, stables, managers and title chronology; event-date claims cross-checked against the event article."
S533,TheSmackDownHotel: WWE roster in 2026,website,https://www.thesmackdownhotel.com/roster/?date=2026&promotion=wwe,12,Reference / publication,2026-09-23,"Year-filtered roster used for explicitly displayed monikers, teams, stables, managers and title chronology; event-date claims cross-checked against the event article."
S534,WWE: Roddy Piper profile,official_website,https://www.wwe.com/superstars/roddypiper,1,Official primary source,2026-09-23,Official WWE profile used for billed physical and hometown data; cross-checked against S022.
S535,WWE: Dusty Rhodes profile,official_website,https://www.wwe.com/superstars/dustyrhodes,1,Official primary source,2026-09-23,Official WWE profile used for billed physical and hometown data; cross-checked against S022.
S536,WWE: Haku profile,official_website,https://www.wwe.com/superstars/haku,1,Official primary source,2026-09-23,Official WWE profile and S022 used for Haku's billed identity; weight remains PROBABLE where historical listings vary.
S537,WWE: Jimmy Snuka profile,official_website,https://www.wwe.com/superstars/jimmysnuka,1,Official primary source,2026-09-23,Official WWE profile used with S022 for billed physical and hometown data.
S538,WWE: Earthquake profile,official_website,https://www.wwe.com/superstars/earthquake,1,Official primary source,2026-09-23,"Official WWE profile explicitly lists 6 ft 7 in, 468 lb and Vancouver, British Columbia, Canada."
S539,WWE: Rick Rude profile,official_website,https://www.wwe.com/superstars/rick-rude,1,Official primary source,2026-09-23,"Official WWE profile explicitly lists 6 ft 3 in, 252 lb and Robbinsdale, Minnesota; cross-checked against S022."
S540,Wikipedia: Paul Roma,website,https://en.wikipedia.org/wiki/Paul_Roma,10,Wikipedia/reference,2026-09-23,Paul Roma profile used for billed height and weight; no billed-from claim was available.
S541,Wikipedia: Kerry Von Erich,website,https://en.wikipedia.org/wiki/Kerry_Von_Erich,10,Wikipedia/reference,2026-09-23,Texas Tornado/Kerry Von Erich profile used for billed physical and hometown data.
S542,Wikipedia: Tony Atlas,website,https://en.wikipedia.org/wiki/Tony_Atlas,10,Wikipedia/reference,2026-09-23,Tony Atlas profile explicitly distinguishes Saba Simba's Jungles of Uganda billing.
S543,Wikipedia: The Undertaker,website,https://en.wikipedia.org/wiki/The_Undertaker,10,Wikipedia/reference,2026-09-23,"Undertaker profile used for billed height, weight and Death Valley billing."
S544,Wikipedia: Davey Boy Smith,website,https://en.wikipedia.org/wiki/Davey_Boy_Smith,10,Wikipedia/reference,2026-09-23,British Bulldog profile used for billed physical and Leeds billing.
S545,Wikipedia: Road Warrior Hawk,website,https://en.wikipedia.org/wiki/Road_Warrior_Hawk,10,Wikipedia/reference,2026-09-23,Road Warrior Hawk profile used for billed physical and Chicago billing.
S546,Wikipedia: Shane Douglas,website,https://en.wikipedia.org/wiki/Shane_Douglas,10,Wikipedia/reference,2026-09-23,Shane Douglas profile used for billed physical and Pittsburgh billing.
S547,Wikipedia: Road Warrior Animal,website,https://en.wikipedia.org/wiki/Road_Warrior_Animal,10,Wikipedia/reference,2026-09-23,Road Warrior Animal profile used for billed physical and Chicago billing.
S548,Wikipedia: Brian Adams,website,https://en.wikipedia.org/wiki/Brian_Adams_(wrestler),10,Wikipedia/reference,2026-09-23,Brian Adams profile used for Demolition Crush's billed physical and Kona billing.
S549,Wikipedia: Brian Knobbs,website,https://en.wikipedia.org/wiki/Brian_Knobbs,10,Wikipedia/reference,2026-09-23,Brian Knobbs profile used for billed physical and Allentown billing.
S550,Wikipedia: Fred Ottman,website,https://en.wikipedia.org/wiki/Fred_Ottman,10,Wikipedia/reference,2026-09-23,Current profile lists Tugboat at 6 ft 3 in; an archived edition lists 6 ft 5 in. Weight and Norfolk billing agree.
S551,Wikipedia archive: Fred Ottman (2023-11),website,https://kiwix.scoggi.net/content/wikipedia_en_all_maxi_2023-11/A/Fred_Ottman,10,Wikipedia/reference,2026-09-23,Archived profile preserves the conflicting 6 ft 5 in Tugboat height.
S552,Wikipedia: Ric Flair,website,https://en.wikipedia.org/wiki/Ric_Flair,10,Wikipedia/reference,2026-09-23,Ric Flair profile used for billed physical and Charlotte billing.
S553,Wikipedia: Jerry Sags (German),website,https://de.wikipedia.org/wiki/Jerry_Sags,10,Wikipedia/reference,2026-09-23,Jerry Sags profile used for billed physical and Nastyville billing.
S554,Wikipedia: Smash / Repo Man,website,https://en.wikipedia.org/wiki/Smash_(wrestler),10,Wikipedia/reference,2026-09-23,Barry Darsow profile explicitly distinguishes Repo Man's Motor City billing from Smash's Parts Unknown billing.
S555,Wikipedia: Mike Rotunda,website,https://en.wikipedia.org/wiki/Mike_Rotunda,10,Wikipedia/reference,2026-09-23,"Mike Rotunda profile explicitly distinguishes I.R.S.'s Washington, D.C. billing."
S556,Wikipedia: John Nord,website,https://en.wikipedia.org/wiki/John_Nord,10,Wikipedia/reference,2026-09-23,John Nord profile explicitly lists Iceland for The Berzerker persona.
S557,WWE: Virgil profile,official_website,https://www.wwe.com/superstars/virgil,1,Official primary source,2026-09-23,"Official WWE profile lists 5 ft 11 in, 250 lb and Pittsburgh."
S558,TheSmackDownHotel: Col. Mustafa WWE 2K15 profile,website,https://www.thesmackdownhotel.com/wwe2k15/roster/colonel-mustafa,12,Reference / publication,2026-09-23,"Persona-specific profile lists 6 ft 0 in, 258 lb and Baghdad, Iraq."
S559,WWE: Skinner profile,official_website,https://www.wwe.com/superstars/skinner?page=1&simple=True,1,Official primary source,2026-09-23,"Official WWE profile lists 6 ft 0 in, 215 lb and The Everglades."
S560,Wikipedia: Sgt. Slaughter,website,https://en.wikipedia.org/wiki/Sgt._Slaughter,10,Wikipedia/reference,2026-09-23,Current profile lists 6 ft 6 in and 310 lb; archived listings vary.
S561,Wikipedia archive: Sgt. Slaughter (2023-11),website,https://kiwix.scoggi.net/content/wikipedia_en_all_maxi_2023-11/A/Sgt._Slaughter,10,Wikipedia/reference,2026-09-23,"Archived profile lists 6 ft 6 in and 305 lb, preserving the weight conflict."
S562,Wikipedia: Sid Eudy,website,https://en.wikipedia.org/wiki/Sid_Eudy,10,Wikipedia/reference,2026-09-23,Sid Eudy profile used for Sid Justice's billed physical and West Memphis billing.
S563,Wikipedia: Virgil,website,https://en.wikipedia.org/wiki/Virgil_(wrestler),10,Wikipedia/reference,2026-09-23,Current biographical record documents the posthumously corrected 1951 birth date and Wilkinsburg birthplace; retained as a flag only in this entrant-profile batch.
S564,WWE: Bob Backlund profile,official_website,https://www.wwe.com/superstars/bob-backlund?mobile-app=true&page=1&theme=false,1,Official primary source,2026-09-23,"Official profile lists 6 ft 1 in, 234 lb and Princeton, Minnesota."
S565,Wikipedia: The Godfather / Papa Shango,website,https://en.wikipedia.org/wiki/The_Godfather_(wrestler),10,Wikipedia/reference,2026-09-23,Profile distinguishes Papa Shango's Parts Unknown billing.
S566,Wikipedia: Jerry Lawler,website,https://en.wikipedia.org/wiki/Jerry_Lawler,10,Wikipedia/reference,2026-09-23,"Profile lists 6 ft 0 in, 243 lb and Memphis, Tennessee."
S567,Wikipedia (German): Konnan / Max Moon,website,https://de.wikipedia.org/wiki/Konnan,10,Wikipedia/reference,2026-09-23,Profile explicitly lists Outer space for the Max Moon persona.
S568,TheSmackDownHotel: Genichiro Tenryu profile,website,https://www.thesmackdownhotel.com/wrestlers/genichiro-tenryu,12,Reference / publication,2026-09-23,"Profile lists 6 ft 2 in, 273 lb and Katsuyama, Fukui, Japan."
S569,Wikipedia: Samu,website,https://en.wikipedia.org/wiki/Samu_(wrestler),10,Wikipedia/reference,2026-09-23,"Profile lists 6 ft 4 in, 260 lb and The Isle of Samoa."
S570,Wikipedia: Damien Demento,website,https://en.wikipedia.org/wiki/Damien_Demento,10,Wikipedia/reference,2026-09-23,"Profile lists 6 ft 3 in, 269 lb and The Outer Reaches of Your Mind."
S571,Wikipedia: Tatanka,website,https://en.wikipedia.org/wiki/Tatanka_(wrestler),10,Wikipedia/reference,2026-09-23,"Profile lists 6 ft 2 in, 285 lb and Charlotte, North Carolina."
S572,Wikipedia: Rikishi / Fatu,website,https://en.wikipedia.org/wiki/Rikishi_(wrestler),10,Wikipedia/reference,2026-09-23,Profile supports Fatu's 6 ft 1 in height and Isle of Samoa billing; later-career 425 lb weight was not applied to 1993.
S573,Wikipedia: Carlos Colon,website,https://en.wikipedia.org/wiki/Carlos_Col%C3%B3n,10,Wikipedia/reference,2026-09-23,"Profile lists 5 ft 10 in, 246 lb and Santa Isabel, Puerto Rico."
S574,Online World of Wrestling: Tito Santana,website,https://www.onlineworldofwrestling.com/profile/tito-santana/,12,Reference / publication,2026-09-23,"Profile lists 6 ft 2 in, 234 lb and Tocula, Mexico for the El Matador-era identity."
S575,All Rumble Stats: Royal Rumble 1993,website,https://allrumblestats.com/events/wwe/royal-rumble/royal-rumble-1993/,12,Reference / publication,2026-09-23,Event-specific source lists Yokozuna at 505 lb in the 1993 Royal Rumble.
S576,Wikipedia: Yokozuna,website,https://en.wikipedia.org/wiki/Yokozuna_(wrestler),10,Wikipedia/reference,2026-09-23,Profile supports 6 ft 4 in and Polynesia billing; event-specific weight comes from S575.
S577,Wikipedia: Owen Hart,website,https://en.wikipedia.org/wiki/Owen_Hart,10,Wikipedia/reference,2026-09-23,"Profile lists 5 ft 10 in, 227 lb and Calgary, Alberta."
S578,Cagematch: Paul Roma,website,https://www.cagematch.net/en?id=2&name=Paul+Roma&nr=685,4,Cagematch,2026-09-23,"Lists Paul Roma born 1960-04-29 in Kensington, New York."
S579,Online World of Wrestling: Paul Roma,website,https://www.onlineworldofwrestling.com/profile/paul-roma/,12,Reference / publication,2026-09-23,Lists Paul Roma born 1960-04-29; independently agrees with Cagematch.
S580,"Coston Funeral Home: Michael ""Virgil"" Jones obituary",website,https://www.costonfuneralhome.com/memorials/michael-virgil-jones/5388274,8,Historical record / obituary,2026-09-23,"Family obituary lists 1951-04-07 and Wilkinsburg, Pennsylvania."
S581,Slam Wrestling: Jones family on Virgil,website,https://slamwrestling.net/news/jones-family-grateful-for-outpouring-of-love-for-little-brother-virgil/,7,Reputable wrestling publication,2026-09-23,Direct family interview explicitly corrects Virgil's birth date to 1951-04-07 and describes his Wilkinsburg upbringing.
S582,Wikipedia: Bam Bam Bigelow,website,https://en.wikipedia.org/wiki/Bam_Bam_Bigelow,10,Wikipedia/reference,2026-09-23,"Profile lists 6 ft 4 in, 390 lb and Asbury Park, New Jersey."
S583,Wikipedia: Bryan Clark / Adam Bomb,website,https://en.wikipedia.org/wiki/Bryan_Clark_(wrestler),10,Wikipedia/reference,2026-09-23,"Profile lists 6 ft 6 in, 290 lb and Three Mile Island for the Adam Bomb persona."
S584,Wikipedia: Matt Borne / Doink,website,https://en.wikipedia.org/wiki/Matt_Borne,10,Wikipedia/reference,2026-09-23,"Profile lists 6 ft 0 in, 241 lb and Parts Unknown."
S585,Wikipedia: Kevin Nash / Diesel,website,https://en.wikipedia.org/wiki/Kevin_Nash,10,Wikipedia/reference,2026-09-23,"Profile lists 6 ft 10 in, 328 lb and Detroit, Michigan for Diesel."
S586,Wikipedia: The Great Kabuki,website,https://en.wikipedia.org/wiki/The_Great_Kabuki,10,Wikipedia/reference,2026-09-23,"Profile lists 1.80 m, 110 kg and Singapore."
S587,Wikipedia: Jeff Jarrett,website,https://en.wikipedia.org/wiki/Jeff_Jarrett,10,Wikipedia/reference,2026-09-23,"Profile lists 6 ft 0 in, 230 lb and Nashville, Tennessee."
S588,Wikipedia: Savio Vega / Kwang,website,https://en.wikipedia.org/wiki/Savio_Vega,10,Wikipedia/reference,2026-09-23,"Profile lists 5 ft 11 in, 260 lb and The Orient, Japan for Kwang."
S589,Wikipedia: Men on a Mission,website,https://en.wikipedia.org/wiki/Men_on_a_Mission,10,Wikipedia/reference,2026-09-23,"Team profile lists Mabel at 6 ft 9 in, Mo at 6 ft 1 in and Harlem, New York City billing."
S590,Wikipedia: Mo,website,https://en.wikipedia.org/wiki/Mo_(wrestler),10,Wikipedia/reference,2026-09-23,"Profile lists Mo at 285 lb and Harlem, New York."
S591,Wikipedia: Viscera / Mabel,website,https://en.wikipedia.org/wiki/Viscera_(wrestler),10,Wikipedia/reference,2026-09-23,"Profile lists Mabel at 6 ft 9 in, 487 lb and Harlem, New York."
S592,Wikipedia: Hardcore Holly / Sparky Plugg,website,https://en.wikipedia.org/wiki/Hardcore_Holly,10,Wikipedia/reference,2026-09-23,"Profile lists 6 ft 0 in, 235 lb and Mobile, Alabama; identifies the Sparky Plugg persona."
S593,Wikipedia: Smoking Gunns,website,https://en.wikipedia.org/wiki/Smoking_Gunns,10,Wikipedia/reference,2026-09-23,"Team profile gives 534 lb combined weight and Austin, Texas billing."
S594,Online World of Wrestling: Bart Gunn,website,https://onlineworldofwrestling.com/profiles_old/b/bart-gunn.html,12,Reference / publication,2026-09-23,"Profile lists 6 ft 3 in, 258 lb and Austin, Texas."
S595,Wikipedia: Billy Gunn,website,https://en.wikipedia.org/wiki/Billy_Gunn,10,Wikipedia/reference,2026-09-23,"Profile lists 6 ft 5 in, 260 lb and Austin, Texas among his billings."
S596,Wikipedia: Rick Steiner,website,https://en.wikipedia.org/wiki/Rick_Steiner,10,Wikipedia/reference,2026-09-23,"Profile lists 5 ft 11 in, 280 lb and Detroit, Michigan."
S597,Wikipedia: Scott Steiner,website,https://en.wikipedia.org/wiki/Scott_Steiner,10,Wikipedia/reference,2026-09-23,"Profile lists 6 ft 1 in, 276 lb and Detroit, Michigan."
S598,Wikipedia: Lex Luger,website,https://en.wikipedia.org/wiki/Lex_Luger,10,Wikipedia/reference,2026-09-23,Profile lists 6 ft 6 in and 275 lb; WWF-era Atlanta billing is distinguished by the German reference profile.
S599,Wikipedia (German): Lex Luger,website,https://de.wikipedia.org/wiki/Lex_Luger,10,Wikipedia/reference,2026-09-23,"Profile distinguishes Atlanta, Georgia as his WWF billing."
S600,Wikipedia: Mike Shaw / Bastion Booger,website,https://en.wikipedia.org/wiki/Mike_Shaw,10,Wikipedia/reference,2026-09-23,Profile lists 6 ft 1 in and 401 lb; no supported Bastion Booger billed-from location was found.
S601,"Profile reference: eli-blu, jacob-blu, eight-ball, skull",website,https://en.wikipedia.org/wiki/Harris_Brothers,10,Wikipedia/reference,2026-09-23,"Profile supports the event-era physical/billed identities used for: eli-blu, jacob-blu, eight-ball, skull. Individual applied values are documented in the batch script and handoff report."
S602,Profile reference: duke-droese,official_website,https://www.wwe.com/superstars/dukedroese,1,Official primary source,2026-09-23,Profile supports the event-era physical/billed identities used for: duke-droese. Individual applied values are documented in the batch script and handoff report.
S603,Profile reference: jimmy-del-ray,website,https://en.wikipedia.org/wiki/Jimmy_Del_Ray,10,Wikipedia/reference,2026-09-23,Profile supports the event-era physical/billed identities used for: jimmy-del-ray. Individual applied values are documented in the batch script and handoff report.
S604,Profile reference: headshrinker-sione,website,https://en.wikipedia.org/wiki/The_Barbarian_(wrestler),10,Wikipedia/reference,2026-09-23,Profile supports the event-era physical/billed identities used for: headshrinker-sione. Individual applied values are documented in the batch script and handoff report.
S605,Profile reference: tom-prichard,website,https://en.wikipedia.org/wiki/Tom_Prichard,10,Wikipedia/reference,2026-09-23,Profile supports the event-era physical/billed identities used for: tom-prichard. Individual applied values are documented in the batch script and handoff report.
S606,Profile reference: doink-1995,website,https://en.wikipedia.org/wiki/Doink_the_Clown,10,Wikipedia/reference,2026-09-23,Profile supports the event-era physical/billed identities used for: doink-1995. Individual applied values are documented in the batch script and handoff report.
S607,Profile reference: timothy-well,website,https://en.wikipedia.org/wiki/Timothy_Well,10,Wikipedia/reference,2026-09-23,Profile supports the event-era physical/billed identities used for: timothy-well. Individual applied values are documented in the batch script and handoff report.
S608,Profile reference: king-kong-bundy,official_website,https://www.wwe.com/superstars/kingkongbundy,1,Official primary source,2026-09-23,Profile supports the event-era physical/billed identities used for: king-kong-bundy. Individual applied values are documented in the batch script and handoff report.
S609,Profile reference: mantaur,website,https://en.wikipedia.org/wiki/Mantaur,10,Wikipedia/reference,2026-09-23,Profile supports the event-era physical/billed identities used for: mantaur. Individual applied values are documented in the batch script and handoff report.
S610,Profile reference: aldo-montoya,website,https://en.wikipedia.org/wiki/Justin_Credible,10,Wikipedia/reference,2026-09-23,Profile supports the event-era physical/billed identities used for: aldo-montoya. Individual applied values are documented in the batch script and handoff report.
S611,Profile reference: henry-godwinn,website,https://en.wikipedia.org/wiki/Henry_O._Godwinn,10,Wikipedia/reference,2026-09-23,Profile supports the event-era physical/billed identities used for: henry-godwinn. Individual applied values are documented in the batch script and handoff report.
S612,Profile reference: steven-dunn,website,https://en.wikipedia.org/wiki/Steve_Doll,10,Wikipedia/reference,2026-09-23,Profile supports the event-era physical/billed identities used for: steven-dunn. Individual applied values are documented in the batch script and handoff report.
S613,Profile reference: dick-murdoch,website,https://en.wikipedia.org/wiki/Dick_Murdoch,10,Wikipedia/reference,2026-09-23,Profile supports the event-era physical/billed identities used for: dick-murdoch. Individual applied values are documented in the batch script and handoff report.
S614,"Profile reference: fatu, the-sultan",website,https://en.wikipedia.org/wiki/Rikishi_(wrestler),10,Wikipedia/reference,2026-09-23,"Profile supports the event-era physical/billed identities used for: fatu, the-sultan. Individual applied values are documented in the batch script and handoff report."
S615,Profile reference: 1-2-3-kid,website,https://en.wikipedia.org/wiki/Sean_Waltman,10,Wikipedia/reference,2026-09-23,Profile supports the event-era physical/billed identities used for: 1-2-3-kid. Individual applied values are documented in the batch script and handoff report.
S616,Profile reference: dory-funk-jr,website,https://en.wikipedia.org/wiki/Dory_Funk_Jr.,10,Wikipedia/reference,2026-09-23,Profile supports the event-era physical/billed identities used for: dory-funk-jr. Individual applied values are documented in the batch script and handoff report.
S617,Profile reference: doug-gilbert,website,https://en.wikipedia.org/wiki/Doug_Gilbert_(wrestler),10,Wikipedia/reference,2026-09-23,Profile supports the event-era physical/billed identities used for: doug-gilbert. Individual applied values are documented in the batch script and handoff report.
S618,Profile reference: hakushi,website,https://en.wikipedia.org/wiki/Jinsei_Shinzaki,10,Wikipedia/reference,2026-09-23,Profile supports the event-era physical/billed identities used for: hakushi. Individual applied values are documented in the batch script and handoff report.
S619,Profile reference: hunter-hearst-helmsley,website,https://en.wikipedia.org/wiki/Triple_H,10,Wikipedia/reference,2026-09-23,Profile supports the event-era physical/billed identities used for: hunter-hearst-helmsley. Individual applied values are documented in the batch script and handoff report.
S620,Profile reference: bob-holly,website,https://en.wikipedia.org/wiki/Hardcore_Holly,10,Wikipedia/reference,2026-09-23,Profile supports the event-era physical/billed identities used for: bob-holly. Individual applied values are documented in the batch script and handoff report.
S621,Profile reference: barry-horowitz,website,https://en.wikipedia.org/wiki/Barry_Horowitz,10,Wikipedia/reference,2026-09-23,Profile supports the event-era physical/billed identities used for: barry-horowitz. Individual applied values are documented in the batch script and handoff report.
S622,"Profile reference: kama, the-godfather",website,https://en.wikipedia.org/wiki/The_Godfather_(wrestler),10,Wikipedia/reference,2026-09-23,"Profile supports the event-era physical/billed identities used for: kama, the-godfather. Individual applied values are documented in the batch script and handoff report."
S623,Profile reference: takao-omori,website,https://en.wikipedia.org/wiki/Takao_Omori,10,Wikipedia/reference,2026-09-23,Profile supports the event-era physical/billed identities used for: takao-omori. Individual applied values are documented in the batch script and handoff report.
S624,Profile reference: steve-austin,website,https://en.wikipedia.org/wiki/Stone_Cold_Steve_Austin,10,Wikipedia/reference,2026-09-23,Profile supports the event-era physical/billed identities used for: steve-austin. Individual applied values are documented in the batch script and handoff report.
S625,"Profile reference: headhunter-1, headhunter-2",website,https://en.wikipedia.org/wiki/The_Headhunters_(professional_wrestling),10,Wikipedia/reference,2026-09-23,"Profile supports the event-era physical/billed identities used for: headhunter-1, headhunter-2. Individual applied values are documented in the batch script and handoff report."
S626,Profile reference: vader,website,https://en.wikipedia.org/wiki/Big_Van_Vader,10,Wikipedia/reference,2026-09-23,Profile supports the event-era physical/billed identities used for: vader. Individual applied values are documented in the batch script and handoff report.
S627,Profile reference: savio-vega,website,https://en.wikipedia.org/wiki/Savio_Vega,10,Wikipedia/reference,2026-09-23,Profile supports the event-era physical/billed identities used for: savio-vega. Individual applied values are documented in the batch script and handoff report.
S628,"Profile reference: isaac-yankem, fake-diesel, kane",website,https://en.wikipedia.org/wiki/Kane_(wrestler),10,Wikipedia/reference,2026-09-23,"Profile supports the event-era physical/billed identities used for: isaac-yankem, fake-diesel, kane. Individual applied values are documented in the batch script and handoff report."
S629,Profile reference: ahmed-johnson,website,https://en.wikipedia.org/wiki/Ahmed_Johnson,10,Wikipedia/reference,2026-09-23,Profile supports the event-era physical/billed identities used for: ahmed-johnson. Individual applied values are documented in the batch script and handoff report.
S630,Profile reference: fake-razor-ramon,website,https://en.wikipedia.org/wiki/Rick_Bognar,10,Wikipedia/reference,2026-09-23,Profile supports the event-era physical/billed identities used for: fake-razor-ramon. Individual applied values are documented in the batch script and handoff report.
S631,Profile reference: phineas-godwinn,website,https://en.wikipedia.org/wiki/Dennis_Knight,10,Wikipedia/reference,2026-09-23,Profile supports the event-era physical/billed identities used for: phineas-godwinn. Individual applied values are documented in the batch script and handoff report.
S632,Profile reference: pierroth-jr,website,https://en.wikipedia.org/wiki/Pierroth_Jr.,10,Wikipedia/reference,2026-09-23,Profile supports the event-era physical/billed identities used for: pierroth-jr. Individual applied values are documented in the batch script and handoff report.
S633,Profile reference: mil-mascaras,website,https://en.wikipedia.org/wiki/Mil_Mascaras,10,Wikipedia/reference,2026-09-23,Profile supports the event-era physical/billed identities used for: mil-mascaras. Individual applied values are documented in the batch script and handoff report.
S634,Profile reference: goldust,website,https://en.wikipedia.org/wiki/Dustin_Rhodes,10,Wikipedia/reference,2026-09-23,Profile supports the event-era physical/billed identities used for: goldust. Individual applied values are documented in the batch script and handoff report.
S635,Profile reference: cibernetico,website,https://en.wikipedia.org/wiki/Cibernetico,10,Wikipedia/reference,2026-09-23,Profile supports the event-era physical/billed identities used for: cibernetico. Individual applied values are documented in the batch script and handoff report.
S636,Profile reference: marc-mero,website,https://en.wikipedia.org/wiki/Marc_Mero,10,Wikipedia/reference,2026-09-23,Profile supports the event-era physical/billed identities used for: marc-mero. Individual applied values are documented in the batch script and handoff report.
S637,Profile reference: latin-lover,website,https://en.wikipedia.org/wiki/Latin_Lover_(wrestler),10,Wikipedia/reference,2026-09-23,Profile supports the event-era physical/billed identities used for: latin-lover. Individual applied values are documented in the batch script and handoff report.
S638,Profile reference: faarooq,website,https://en.wikipedia.org/wiki/Ron_Simmons,10,Wikipedia/reference,2026-09-23,Profile supports the event-era physical/billed identities used for: faarooq. Individual applied values are documented in the batch script and handoff report.
S639,Profile reference: jesse-james,website,https://en.wikipedia.org/wiki/Road_Dogg,10,Wikipedia/reference,2026-09-23,Profile supports the event-era physical/billed identities used for: jesse-james. Individual applied values are documented in the batch script and handoff report.
S640,Profile reference: terry-funk,website,https://en.wikipedia.org/wiki/Terry_Funk,10,Wikipedia/reference,2026-09-23,Profile supports the event-era physical/billed identities used for: terry-funk. Individual applied values are documented in the batch script and handoff report.
S641,Profile reference: rocky-maivia,website,https://en.wikipedia.org/wiki/Dwayne_Johnson,10,Wikipedia/reference,2026-09-23,Profile supports the event-era physical/billed identities used for: rocky-maivia. Individual applied values are documented in the batch script and handoff report.
S642,"Profile reference: mankind, cactus-jack, dude-love",website,https://en.wikipedia.org/wiki/Mick_Foley,10,Wikipedia/reference,2026-09-23,"Profile supports the event-era physical/billed identities used for: mankind, cactus-jack, dude-love. Individual applied values are documented in the batch script and handoff report."
S643,Profile reference: flash-funk,website,https://en.wikipedia.org/wiki/2_Cold_Scorpio,10,Wikipedia/reference,2026-09-23,Profile supports the event-era physical/billed identities used for: flash-funk. Individual applied values are documented in the batch script and handoff report.
S644,Profile reference: steve-blackman,website,https://en.wikipedia.org/wiki/Steve_Blackman,10,Wikipedia/reference,2026-09-23,Profile supports the event-era physical/billed identities used for: steve-blackman. Individual applied values are documented in the batch script and handoff report.
S645,Profile reference: bradshaw,website,https://en.wikipedia.org/wiki/John_Layfield,10,Wikipedia/reference,2026-09-23,Profile supports the event-era physical/billed identities used for: bradshaw. Individual applied values are documented in the batch script and handoff report.
S646,Profile reference: tom-brandi,website,https://en.wikipedia.org/wiki/Tom_Brandi,10,Wikipedia/reference,2026-09-23,Profile supports the event-era physical/billed identities used for: tom-brandi. Individual applied values are documented in the batch script and handoff report.
S647,Profile reference: d-lo-brown,website,https://en.wikipedia.org/wiki/D%27Lo_Brown,10,Wikipedia/reference,2026-09-23,Profile supports the event-era physical/billed identities used for: d-lo-brown. Individual applied values are documented in the batch script and handoff report.
S648,Profile reference: chainz,website,https://en.wikipedia.org/wiki/Brian_Lee_(wrestler),10,Wikipedia/reference,2026-09-23,Profile supports the event-era physical/billed identities used for: chainz. Individual applied values are documented in the batch script and handoff report.
S649,Profile reference: mark-henry,website,https://en.wikipedia.org/wiki/Mark_Henry,10,Wikipedia/reference,2026-09-23,Profile supports the event-era physical/billed identities used for: mark-henry. Individual applied values are documented in the batch script and handoff report.
S650,Profile reference: kurrgan,website,https://en.wikipedia.org/wiki/Robert_Maillet,10,Wikipedia/reference,2026-09-23,Profile supports the event-era physical/billed identities used for: kurrgan. Individual applied values are documented in the batch script and handoff report.
S651,"Profile reference: mosh, thrasher",website,https://en.wikipedia.org/wiki/The_Headbangers,10,Wikipedia/reference,2026-09-23,"Profile supports the event-era physical/billed identities used for: mosh, thrasher. Individual applied values are documented in the batch script and handoff report."
S652,Profile reference: ken-shamrock,website,https://en.wikipedia.org/wiki/Ken_Shamrock,10,Wikipedia/reference,2026-09-23,Profile supports the event-era physical/billed identities used for: ken-shamrock. Individual applied values are documented in the batch script and handoff report.
S653,Profile reference: vince-mcmahon,website,https://en.wikipedia.org/wiki/Vince_McMahon,10,Wikipedia/reference,2026-09-23,Profile supports the event-era physical/billed identities used for: vince-mcmahon. Individual applied values are documented in the batch script and handoff report.
S654,Profile reference: golga,website,https://en.wikipedia.org/wiki/John_Tenta,10,Wikipedia/reference,2026-09-23,Profile supports the event-era physical/billed identities used for: golga. Individual applied values are documented in the batch script and handoff report.
S655,Profile reference: droz,website,https://en.wikipedia.org/wiki/Droz_(wrestler),10,Wikipedia/reference,2026-09-23,Profile supports the event-era physical/billed identities used for: droz. Individual applied values are documented in the batch script and handoff report.
S656,Profile reference: edge,website,https://en.wikipedia.org/wiki/Edge_(wrestler),10,Wikipedia/reference,2026-09-23,Profile supports the event-era physical/billed identities used for: edge. Individual applied values are documented in the batch script and handoff report.
S657,Profile reference: gillberg,website,https://en.wikipedia.org/wiki/Gillberg_(wrestler),10,Wikipedia/reference,2026-09-23,Profile supports the event-era physical/billed identities used for: gillberg. Individual applied values are documented in the batch script and handoff report.
S658,Profile reference: dan-severn,website,https://en.wikipedia.org/wiki/Dan_Severn,10,Wikipedia/reference,2026-09-23,Profile supports the event-era physical/billed identities used for: dan-severn. Individual applied values are documented in the batch script and handoff report.
S659,Profile reference: tiger-ali-singh,website,https://en.wikipedia.org/wiki/Tiger_Ali_Singh,10,Wikipedia/reference,2026-09-23,Profile supports the event-era physical/billed identities used for: tiger-ali-singh. Individual applied values are documented in the batch script and handoff report.
S660,Profile reference: blue-meanie,website,https://en.wikipedia.org/wiki/Blue_Meanie_(wrestler),10,Wikipedia/reference,2026-09-23,Profile supports the event-era physical/billed identities used for: blue-meanie. Individual applied values are documented in the batch script and handoff report.
S661,Profile reference: gangrel,website,https://en.wikipedia.org/wiki/Gangrel_(wrestler),10,Wikipedia/reference,2026-09-23,Profile supports the event-era physical/billed identities used for: gangrel. Individual applied values are documented in the batch script and handoff report.
S662,Profile reference: al-snow,website,https://en.wikipedia.org/wiki/Al_Snow,10,Wikipedia/reference,2026-09-23,Profile supports the event-era physical/billed identities used for: al-snow. Individual applied values are documented in the batch script and handoff report.
S663,Profile reference: test,website,https://en.wikipedia.org/wiki/Test_(wrestler),10,Wikipedia/reference,2026-09-23,Profile supports the event-era physical/billed identities used for: test. Individual applied values are documented in the batch script and handoff report.
S664,Profile reference: big-boss-man,website,https://en.wikipedia.org/wiki/Big_Boss_Man_(wrestler),10,Wikipedia/reference,2026-09-23,Profile supports the event-era physical/billed identities used for: big-boss-man. Individual applied values are documented in the batch script and handoff report.
S665,Profile reference: val-venis,website,https://en.wikipedia.org/wiki/Val_Venis,10,Wikipedia/reference,2026-09-23,Profile supports the event-era physical/billed identities used for: val-venis. Individual applied values are documented in the batch script and handoff report.
S666,Profile reference: chyna,website,https://en.wikipedia.org/wiki/Chyna,10,Wikipedia/reference,2026-09-23,Profile supports the event-era physical/billed identities used for: chyna. Individual applied values are documented in the batch script and handoff report.
S667,Project owner profile adjudications — 2026-09-23,internal_record,,20,Project owner decision,2026-09-23,"Shane supplied exact working values for unresolved profiles: Fatu 300–325 lb acceptable range (300 lb lower bound adopted, 136 kg); Eli Blu 286 lb; Jacob Blu 280 lb; Timothy Well 246 lb; Jimmy Del Ray 230 lb; Golga from Vancouver; Blue Meanie from Pepperland; Droz from Mays Landing, New Jersey; Kurrgan from Parts Unknown."
S668,Wikipedia profile: brian-christopher,website,https://en.wikipedia.org/wiki/Brian_Christopher,10,Wikipedia/reference,2026-09-23,"Profile supports the event-era identity applied by this batch: 1.78 m, 97 kg, billed from Memphis, Tennessee."
S669,Wikipedia profile: christian,website,https://en.wikipedia.org/wiki/Christian_Cage,10,Wikipedia/reference,2026-09-23,"Profile supports the event-era identity applied by this batch: 1.85 m, 103 kg, billed from Toronto, Ontario, Canada."
S670,Wikipedia profile: rikishi,website,https://en.wikipedia.org/wiki/Rikishi_(wrestler),10,Wikipedia/reference,2026-09-23,"Profile supports the event-era identity applied by this batch: 1.85 m, 193 kg, billed from The Isle of Samoa."
S671,Wikipedia profile: chris-jericho,website,https://en.wikipedia.org/wiki/Chris_Jericho,10,Wikipedia/reference,2026-09-23,"Profile supports the event-era identity applied by this batch: 1.83 m, 103 kg, billed from Winnipeg, Manitoba, Canada."
S672,Wikipedia profile: crash-holly,website,https://en.wikipedia.org/wiki/Crash_Holly,10,Wikipedia/reference,2026-09-23,"Profile supports the event-era identity applied by this batch: 1.68 m, 91 kg, billed from Mobile, Alabama."
S673,Wikipedia profile: prince-albert,website,https://en.wikipedia.org/wiki/Matt_Bloom,10,Wikipedia/reference,2026-09-23,"Profile supports the event-era identity applied by this batch: 2.01 m, 159 kg, billed from Boston, Massachusetts."
S674,Wikipedia profile: hardcore-holly,website,https://en.wikipedia.org/wiki/Hardcore_Holly,10,Wikipedia/reference,2026-09-23,"Profile supports the event-era identity applied by this batch: 1.83 m, 107 kg, billed from Mobile, Alabama."
S675,Wikipedia profile: big-show,website,https://en.wikipedia.org/wiki/Big_Show,10,Wikipedia/reference,2026-09-23,"Profile supports the event-era identity applied by this batch: 2.13 m, 227 kg, billed from Tampa, Florida."
S676,Wikipedia profile: jeff-hardy,website,https://en.wikipedia.org/wiki/Jeff_Hardy,10,Wikipedia/reference,2026-09-23,"Profile supports the event-era identity applied by this batch: 1.85 m, 102 kg, billed from Cameron, North Carolina."
S677,Wikipedia profile: bull-buchanan,website,https://en.wikipedia.org/wiki/Bull_Buchanan,10,Wikipedia/reference,2026-09-23,"Profile supports the event-era identity applied by this batch: 1.98 m, 123 kg, billed from Bowdon, Georgia."
S678,Wikipedia profile: matt-hardy,website,https://en.wikipedia.org/wiki/Matt_Hardy,10,Wikipedia/reference,2026-09-23,"Profile supports the event-era identity applied by this batch: 1.88 m, 107 kg, billed from Cameron, North Carolina."
S679,Wikipedia profile: drew-carey,website,https://en.wikipedia.org/wiki/Drew_Carey,10,Wikipedia/reference,2026-09-23,"Profile supports the event-era identity applied by this batch: 1.78 m, 82 kg, billed from Cleveland, Ohio."
S680,Wikipedia profile: raven,website,https://en.wikipedia.org/wiki/Raven_(wrestler),10,Wikipedia/reference,2026-09-23,"Profile supports the event-era identity applied by this batch: 1.85 m, 107 kg, billed from The Bowery."
S681,Wikipedia profile: perry-saturn,website,https://en.wikipedia.org/wiki/Perry_Saturn,10,Wikipedia/reference,2026-09-23,"Profile supports the event-era identity applied by this batch: 1.78 m, 109 kg, billed from Boston, Massachusetts."
S682,Wikipedia profile: tazz,website,https://en.wikipedia.org/wiki/Tazz,10,Wikipedia/reference,2026-09-23,"Profile supports the event-era identity applied by this batch: 1.75 m, 112 kg, billed from Red Hook, Brooklyn, New York."
S683,Wikipedia profile: k-kwik,website,https://en.wikipedia.org/wiki/R-Truth,10,Wikipedia/reference,2026-09-23,"Profile supports the event-era identity applied by this batch: 1.88 m, 100 kg, billed from Charlotte, North Carolina."
S684,Wikipedia profile: william-regal,website,https://en.wikipedia.org/wiki/William_Regal,10,Wikipedia/reference,2026-09-23,"Profile supports the event-era identity applied by this batch: 1.91 m, 110 kg, billed from Blackpool, England."
S685,Wikipedia profile: haku,website,https://en.wikipedia.org/wiki/Haku_(wrestler),10,Wikipedia/reference,2026-09-23,"Profile supports the event-era identity applied by this batch: 1.85 m, 125 kg, billed from The Kingdom of Tonga."
S686,Wikipedia profile: booker-t,website,https://en.wikipedia.org/wiki/Booker_T_(wrestler),10,Wikipedia/reference,2026-09-23,"Profile supports the event-era identity applied by this batch: 1.91 m, 116 kg, billed from Houston, Texas."
S687,Wikipedia profile: chuck-palumbo,website,https://en.wikipedia.org/wiki/Chuck_Palumbo,10,Wikipedia/reference,2026-09-23,"Profile supports the event-era identity applied by this batch: 2.01 m, 127 kg, billed from San Diego, California."
S688,Wikipedia profile: diamond-dallas-page,website,https://en.wikipedia.org/wiki/Diamond_Dallas_Page,10,Wikipedia/reference,2026-09-23,"Profile supports the event-era identity applied by this batch: 1.96 m, 115 kg, billed from The Jersey Shore."
S689,Wikipedia profile: kurt-angle,website,https://en.wikipedia.org/wiki/Kurt_Angle,10,Wikipedia/reference,2026-09-23,"Profile supports the event-era identity applied by this batch: 1.83 m, 100 kg, billed from Pittsburgh, Pennsylvania."
S690,Wikipedia profile: lance-storm,website,https://en.wikipedia.org/wiki/Lance_Storm,10,Wikipedia/reference,2026-09-23,"Profile supports the event-era identity applied by this batch: 1.80 m, 105 kg, billed from Calgary, Alberta, Canada."
S691,Wikipedia profile: maven,website,https://en.wikipedia.org/wiki/Maven_(wrestler),10,Wikipedia/reference,2026-09-23,"Profile supports the event-era identity applied by this batch: 1.88 m, 100 kg, billed from Charlottesville, Virginia."
S692,Wikipedia profile: rob-van-dam,website,https://en.wikipedia.org/wiki/Rob_Van_Dam,10,Wikipedia/reference,2026-09-23,"Profile supports the event-era identity applied by this batch: 1.83 m, 107 kg, billed from Battle Creek, Michigan."
S693,Wikipedia profile: the-hurricane,website,https://en.wikipedia.org/wiki/Gregory_Helms,10,Wikipedia/reference,2026-09-23,"Profile supports the event-era identity applied by this batch: 1.83 m, 98 kg, billed from Raleigh, North Carolina."
S694,Wikipedia profile: chris-nowinski,website,https://en.wikipedia.org/wiki/Christopher_Nowinski,10,Wikipedia/reference,2026-09-23,"Profile supports the event-era identity applied by this batch: 1.96 m, 122 kg, billed from Harvard University."
S695,Wikipedia profile: rey-mysterio,website,https://en.wikipedia.org/wiki/Rey_Mysterio,10,Wikipedia/reference,2026-09-23,"Profile supports the event-era identity applied by this batch: 1.68 m, 79 kg, billed from San Diego, California."
S696,Wikipedia profile: chavo-guerrero,website,https://en.wikipedia.org/wiki/Chavo_Guerrero_Jr.,10,Wikipedia/reference,2026-09-23,"Profile supports the event-era identity applied by this batch: 1.75 m, 98 kg, billed from El Paso, Texas."
S697,Wikipedia profile: yoshihiro-tajiri,website,https://en.wikipedia.org/wiki/Yoshihiro_Tajiri,10,Wikipedia/reference,2026-09-23,"Profile supports the event-era identity applied by this batch: 1.75 m, 93 kg, billed from Tokyo, Japan."
S698,Wikipedia profile: bill-demott,website,https://en.wikipedia.org/wiki/Bill_DeMott,10,Wikipedia/reference,2026-09-23,"Profile supports the event-era identity applied by this batch: 1.88 m, 127 kg, billed from Trenton, New Jersey."
S699,Wikipedia profile: tommy-dreamer,website,https://en.wikipedia.org/wiki/Tommy_Dreamer,10,Wikipedia/reference,2026-09-23,"Profile supports the event-era identity applied by this batch: 1.88 m, 120 kg, billed from Yonkers, New York."
S700,Wikipedia profile: eddie-guerrero,website,https://en.wikipedia.org/wiki/Eddie_Guerrero,10,Wikipedia/reference,2026-09-23,"Profile supports the event-era identity applied by this batch: 1.73 m, 103 kg, billed from El Paso, Texas."
S701,Wikipedia profile: rosey,website,https://en.wikipedia.org/wiki/Rosey_(wrestler),10,Wikipedia/reference,2026-09-23,"Profile supports the event-era identity applied by this batch: 1.93 m, 159 kg, billed from Samoa."
S702,Wikipedia profile: john-cena,website,https://en.wikipedia.org/wiki/John_Cena,10,Wikipedia/reference,2026-09-23,"Profile supports the event-era identity applied by this batch: 1.85 m, 114 kg, billed from West Newbury, Massachusetts."
S703,Wikipedia profile: charlie-haas,website,https://en.wikipedia.org/wiki/Charlie_Haas,10,Wikipedia/reference,2026-09-23,"Profile supports the event-era identity applied by this batch: 1.88 m, 110 kg, billed from Dallas, Texas."
S704,Wikipedia profile: jamal,website,https://en.wikipedia.org/wiki/Umaga_(wrestler),10,Wikipedia/reference,2026-09-23,"Profile supports the event-era identity applied by this batch: 1.93 m, 159 kg, billed from Samoa."
S705,Wikipedia profile: shelton-benjamin,website,https://en.wikipedia.org/wiki/Shelton_Benjamin,10,Wikipedia/reference,2026-09-23,"Profile supports the event-era identity applied by this batch: 1.88 m, 112 kg, billed from Orangeburg, South Carolina."
S706,Wikipedia profile: batista,website,https://en.wikipedia.org/wiki/Batista,10,Wikipedia/reference,2026-09-23,"Profile supports the event-era identity applied by this batch: 1.98 m, 132 kg, billed from Washington, D.C.."
S707,Wikipedia profile: brock-lesnar,website,https://en.wikipedia.org/wiki/Brock_Lesnar,10,Wikipedia/reference,2026-09-23,"Profile supports the event-era identity applied by this batch: 1.91 m, 130 kg, billed from Minneapolis, Minnesota."
S708,Wikipedia profile: chris-benoit,website,https://en.wikipedia.org/wiki/Chris_Benoit,10,Wikipedia/reference,2026-09-23,"Profile supports the event-era identity applied by this batch: 1.80 m, 104 kg, billed from Edmonton, Alberta, Canada."
S709,Wikipedia profile: randy-orton,website,https://en.wikipedia.org/wiki/Randy_Orton,10,Wikipedia/reference,2026-09-23,"Profile supports the event-era identity applied by this batch: 1.96 m, 113 kg, billed from St. Louis, Missouri."
S710,Wikipedia profile: rhyno,website,https://en.wikipedia.org/wiki/Rhyno_(wrestler),10,Wikipedia/reference,2026-09-23,"Profile supports the event-era identity applied by this batch: 1.78 m, 125 kg, billed from Detroit, Michigan."
S711,Wikipedia profile: matt-morgan,website,https://en.wikipedia.org/wiki/Matt_Morgan,10,Wikipedia/reference,2026-09-23,"Profile supports the event-era identity applied by this batch: 2.08 m, 141 kg, billed from Fairfield, Connecticut."
S712,Wikipedia profile: spike-dudley,website,https://en.wikipedia.org/wiki/Spike_Dudley,10,Wikipedia/reference,2026-09-23,"Profile supports the event-era identity applied by this batch: 1.73 m, 68 kg, billed from Dudleyville."
S713,Wikipedia profile: renee-dupree,website,https://en.wikipedia.org/wiki/Rene_Dupree,10,Wikipedia/reference,2026-09-23,"Profile supports the event-era identity applied by this batch: 1.91 m, 113 kg, billed from Montreal, Quebec, Canada."
S714,Wikipedia profile: ernest-miller,website,https://en.wikipedia.org/wiki/Ernest_Miller_(wrestler),10,Wikipedia/reference,2026-09-23,"Profile supports the event-era identity applied by this batch: 1.88 m, 107 kg, billed from Atlanta, Georgia."
S715,Wikipedia profile: rico,website,https://en.wikipedia.org/wiki/Rico_Constantino,10,Wikipedia/reference,2026-09-23,"Profile supports the event-era identity applied by this batch: 1.83 m, 103 kg, billed from Las Vegas, Nevada."
S716,Wikipedia profile: mick-foley,website,https://en.wikipedia.org/wiki/Mick_Foley,10,Wikipedia/reference,2026-09-23,"Profile supports the event-era identity applied by this batch: 1.88 m, 130 kg, billed from Long Island, New York."
S717,Wikipedia profile: nunzio,website,https://en.wikipedia.org/wiki/Nunzio_(wrestler),10,Wikipedia/reference,2026-09-23,"Profile supports the event-era identity applied by this batch: 1.70 m, 77 kg, billed from Little Italy, New York."
S718,Wikipedia profile: bill-goldberg,website,https://en.wikipedia.org/wiki/Goldberg_(wrestler),10,Wikipedia/reference,2026-09-23,"Profile supports the event-era identity applied by this batch: 1.93 m, 129 kg, billed from Atlanta, Georgia."
S719,Wikipedia profile: daniel-puder,website,https://en.wikipedia.org/wiki/Daniel_Puder,10,Wikipedia/reference,2026-09-23,"Profile supports the event-era identity applied by this batch: 1.91 m, 113 kg, billed from Sunnyvale, California."
S720,Wikipedia profile: kenzo-suzuki,website,https://en.wikipedia.org/wiki/Kenzo_Suzuki,10,Wikipedia/reference,2026-09-23,"Profile supports the event-era identity applied by this batch: 1.91 m, 118 kg, billed from Tokyo, Japan."
S721,Wikipedia profile: luther-reigns,website,https://en.wikipedia.org/wiki/Luther_Reigns,10,Wikipedia/reference,2026-09-23,"Profile supports the event-era identity applied by this batch: 1.98 m, 129 kg, billed from Phoenix, Arizona."
S722,Wikipedia profile: muhammad-hassan,website,https://en.wikipedia.org/wiki/Muhammad_Hassan_(wrestler),10,Wikipedia/reference,2026-09-23,"Profile supports the event-era identity applied by this batch: 1.93 m, 110 kg, billed from Detroit, Michigan."
S723,Wikipedia profile: orlando-jordan,website,https://en.wikipedia.org/wiki/Orlando_Jordan,10,Wikipedia/reference,2026-09-23,"Profile supports the event-era identity applied by this batch: 1.93 m, 113 kg, billed from Miami, Florida."
S724,Wikipedia profile: simon-dean,website,https://en.wikipedia.org/wiki/Mike_Bucci,10,Wikipedia/reference,2026-09-23,"Profile supports the event-era identity applied by this batch: 1.83 m, 95 kg, billed from Clearwater, Florida."
S725,Wikipedia profile: jonathan-coachman,website,https://en.wikipedia.org/wiki/Jonathan_Coachman,10,Wikipedia/reference,2026-09-23,"Profile supports the event-era identity applied by this batch: 1.91 m, 107 kg, billed from Wichita, Kansas."
S726,Wikipedia profile: mark-jindrak,website,https://en.wikipedia.org/wiki/Mark_Jindrak,10,Wikipedia/reference,2026-09-23,"Profile supports the event-era identity applied by this batch: 1.98 m, 119 kg, billed from Atlanta, Georgia."
S727,Wikipedia profile: paul-london,website,https://en.wikipedia.org/wiki/Paul_London,10,Wikipedia/reference,2026-09-23,"Profile supports the event-era identity applied by this batch: 1.78 m, 93 kg, billed from Austin, Texas."
S728,Wikipedia profile: gene-snitsky,website,https://en.wikipedia.org/wiki/Gene_Snitsky,10,Wikipedia/reference,2026-09-23,"Profile supports the event-era identity applied by this batch: 2.03 m, 139 kg, billed from Nesquehoning, Pennsylvania."
S729,Wikipedia profile: scott-taylor,website,https://en.wikipedia.org/wiki/Scotty_2_Hotty,10,Wikipedia/reference,2026-09-23,"Profile supports the event-era identity applied by this batch: 1.75 m, 95 kg, billed from Westbrook, Maine."
S730,Wikipedia profile: Psicosis,website,https://en.wikipedia.org/wiki/Psicosis,10,Wikipedia/reference,2026-09-24,"Automated infobox extraction for psicosis; applied only nonblank, structurally valid height/weight/billed fields. Values remain PROBABLE pending independent confirmation."
S731,Wikipedia profile: Sylvain Grenier,website,https://en.wikipedia.org/wiki/Sylvain_Grenier,10,Wikipedia/reference,2026-09-24,"Automated infobox extraction for sylvan-grenier; applied only nonblank, structurally valid height/weight/billed fields. Values remain PROBABLE pending independent confirmation."
S732,Wikipedia profile: Bobby Lashley,website,https://en.wikipedia.org/wiki/Bobby_Lashley,10,Wikipedia/reference,2026-09-24,"Automated infobox extraction for bobby-lashley; applied only nonblank, structurally valid height/weight/billed fields. Values remain PROBABLE pending independent confirmation."
S733,Wikipedia profile: Carlito (wrestler),website,https://en.wikipedia.org/wiki/Carlito_(wrestler),10,Wikipedia/reference,2026-09-24,"Automated infobox extraction for carlito; applied only nonblank, structurally valid height/weight/billed fields. Values remain PROBABLE pending independent confirmation."
S734,Wikipedia profile: Joey Mercury,website,https://en.wikipedia.org/wiki/Joey_Mercury,10,Wikipedia/reference,2026-09-24,"Automated infobox extraction for joey-mercury; applied only nonblank, structurally valid height/weight/billed fields. Values remain PROBABLE pending independent confirmation."
S735,Wikipedia profile: Road Warrior Animal,website,https://en.wikipedia.org/wiki/Road_Warrior_Animal,10,Wikipedia/reference,2026-09-24,"Automated infobox extraction for road-warrior-animal; applied only nonblank, structurally valid height/weight/billed fields. Values remain PROBABLE pending independent confirmation."
S736,Wikipedia profile: Super Crazy,website,https://en.wikipedia.org/wiki/Super_Crazy,10,Wikipedia/reference,2026-09-24,"Automated infobox extraction for super-crazy; applied only nonblank, structurally valid height/weight/billed fields. Values remain PROBABLE pending independent confirmation."
S737,Wikipedia profile: Trevor Murdoch,website,https://en.wikipedia.org/wiki/Trevor_Murdoch,10,Wikipedia/reference,2026-09-24,"Automated infobox extraction for trevor-murdoch; applied only nonblank, structurally valid height/weight/billed fields. Values remain PROBABLE pending independent confirmation."
S738,Wikipedia profile: Chris Masters,website,https://en.wikipedia.org/wiki/Chris_Masters,10,Wikipedia/reference,2026-09-24,"Automated infobox extraction for chris-masters; applied only nonblank, structurally valid height/weight/billed fields. Values remain PROBABLE pending independent confirmation."
S739,Wikipedia profile: Eugene (wrestler),website,https://en.wikipedia.org/wiki/Eugene_(wrestler),10,Wikipedia/reference,2026-09-24,"Automated infobox extraction for eugene; applied only nonblank, structurally valid height/weight/billed fields. Values remain PROBABLE pending independent confirmation."
S740,Wikipedia profile: John Morrison (wrestler),website,https://en.wikipedia.org/wiki/John_Morrison_(wrestler),10,Wikipedia/reference,2026-09-24,"Automated infobox extraction for johnny-nitro; applied only nonblank, structurally valid height/weight/billed fields. Values remain PROBABLE pending independent confirmation."
S741,Wikipedia profile: Fit Finlay,website,https://en.wikipedia.org/wiki/Fit_Finlay,10,Wikipedia/reference,2026-09-24,"Automated infobox extraction for finlay; applied only nonblank, structurally valid height/weight/billed fields. Values remain PROBABLE pending independent confirmation."
S742,Wikipedia profile: Kenny Dykstra,website,https://en.wikipedia.org/wiki/Kenny_Dykstra,10,Wikipedia/reference,2026-09-24,"Automated infobox extraction for kenny-dykstra; applied only nonblank, structurally valid height/weight/billed fields. Values remain PROBABLE pending independent confirmation."
S743,Wikipedia profile: Sabu (wrestler),website,https://en.wikipedia.org/wiki/Sabu_(wrestler),10,Wikipedia/reference,2026-09-24,"Automated infobox extraction for sabu; applied only nonblank, structurally valid height/weight/billed fields. Values remain PROBABLE pending independent confirmation."
S744,Wikipedia profile: CM Punk,website,https://en.wikipedia.org/wiki/CM_Punk,10,Wikipedia/reference,2026-09-24,"Automated infobox extraction for cm-punk; applied only nonblank, structurally valid height/weight/billed fields. Values remain PROBABLE pending independent confirmation."
S745,Wikipedia profile: The Sandman (wrestler),website,https://en.wikipedia.org/wiki/The_Sandman_(wrestler),10,Wikipedia/reference,2026-09-24,"Automated infobox extraction for the-sandman; applied only nonblank, structurally valid height/weight/billed fields. Values remain PROBABLE pending independent confirmation."
S746,Wikipedia profile: Kevin Thorn,website,https://en.wikipedia.org/wiki/Kevin_Thorn,10,Wikipedia/reference,2026-09-24,"Automated infobox extraction for kevin-thorn; applied only nonblank, structurally valid height/weight/billed fields. Values remain PROBABLE pending independent confirmation."
S747,Wikipedia profile: Montel Vontavious Porter,website,https://en.wikipedia.org/wiki/Montel_Vontavious_Porter,10,Wikipedia/reference,2026-09-24,"Automated infobox extraction for mvp; applied only nonblank, structurally valid height/weight/billed fields. Values remain PROBABLE pending independent confirmation."
S748,Wikipedia profile: The Great Khali,website,https://en.wikipedia.org/wiki/The_Great_Khali,10,Wikipedia/reference,2026-09-24,"Automated infobox extraction for the-great-khali; applied only nonblank, structurally valid height/weight/billed fields. Values remain PROBABLE pending independent confirmation."
S749,Wikipedia profile: The Miz,website,https://en.wikipedia.org/wiki/The_Miz,10,Wikipedia/reference,2026-09-24,"Automated infobox extraction for the-miz; applied only nonblank, structurally valid height/weight/billed fields. Values remain PROBABLE pending independent confirmation."
S750,Wikipedia profile: Santino Marella,website,https://en.wikipedia.org/wiki/Santino_Marella,10,Wikipedia/reference,2026-09-24,"Automated infobox extraction for santino-marella; applied only nonblank, structurally valid height/weight/billed fields. Values remain PROBABLE pending independent confirmation."
S751,Wikipedia profile: Hornswoggle,website,https://en.wikipedia.org/wiki/Hornswoggle,10,Wikipedia/reference,2026-09-24,"Automated infobox extraction for hornswoggle; applied only nonblank, structurally valid height/weight/billed fields. Values remain PROBABLE pending independent confirmation."
S752,Wikipedia profile: Jamie Noble,website,https://en.wikipedia.org/wiki/Jamie_Noble,10,Wikipedia/reference,2026-09-24,"Automated infobox extraction for jamie-noble; applied only nonblank, structurally valid height/weight/billed fields. Values remain PROBABLE pending independent confirmation."
S753,Wikipedia profile: Cody Rhodes,website,https://en.wikipedia.org/wiki/Cody_Rhodes,10,Wikipedia/reference,2026-09-24,"Automated infobox extraction for cody-rhodes; applied only nonblank, structurally valid height/weight/billed fields. Values remain PROBABLE pending independent confirmation."
S754,Wikipedia profile: Ken Anderson (wrestler),website,https://en.wikipedia.org/wiki/Ken_Anderson_(wrestler),10,Wikipedia/reference,2026-09-24,"Automated infobox extraction for mr-kennedy; applied only nonblank, structurally valid height/weight/billed fields. Values remain PROBABLE pending independent confirmation."
S755,Wikipedia profile: Elijah Burke,website,https://en.wikipedia.org/wiki/Elijah_Burke,10,Wikipedia/reference,2026-09-24,"Automated infobox extraction for elijah-burke; applied only nonblank, structurally valid height/weight/billed fields. Values remain PROBABLE pending independent confirmation."
S756,Wikipedia profile: Vladimir Kozlov,website,https://en.wikipedia.org/wiki/Vladimir_Kozlov,10,Wikipedia/reference,2026-09-24,"Automated infobox extraction for vladimir-kozlov; applied only nonblank, structurally valid height/weight/billed fields. Values remain PROBABLE pending independent confirmation."
S757,Wikipedia profile: JTG,website,https://en.wikipedia.org/wiki/JTG,10,Wikipedia/reference,2026-09-24,"Automated infobox extraction for jtg; applied only nonblank, structurally valid height/weight/billed fields. Values remain PROBABLE pending independent confirmation."
S758,Wikipedia profile: Ted DiBiase Jr.,website,https://en.wikipedia.org/wiki/Ted_DiBiase_Jr.,10,Wikipedia/reference,2026-09-24,"Automated infobox extraction for ted-dibiase-jr; applied only nonblank, structurally valid height/weight/billed fields. Values remain PROBABLE pending independent confirmation."
S759,Wikipedia profile: Mike Knox,website,https://en.wikipedia.org/wiki/Mike_Knox,10,Wikipedia/reference,2026-09-24,"Automated infobox extraction for mike-knox; applied only nonblank, structurally valid height/weight/billed fields. Values remain PROBABLE pending independent confirmation."
S760,Wikipedia profile: Kofi Kingston,website,https://en.wikipedia.org/wiki/Kofi_Kingston,10,Wikipedia/reference,2026-09-24,"Automated infobox extraction for kofi-kingston; applied only nonblank, structurally valid height/weight/billed fields. Values remain PROBABLE pending independent confirmation."
S761,Wikipedia profile: R-Truth,website,https://en.wikipedia.org/wiki/R-Truth,10,Wikipedia/reference,2026-09-24,"Automated infobox extraction for r-truth; applied only nonblank, structurally valid height/weight/billed fields. Values remain PROBABLE pending independent confirmation."
S762,Wikipedia profile: Brian Kendrick,website,https://en.wikipedia.org/wiki/Brian_Kendrick,10,Wikipedia/reference,2026-09-24,"Automated infobox extraction for the-brian-kendrick; applied only nonblank, structurally valid height/weight/billed fields. Values remain PROBABLE pending independent confirmation."
S763,Wikipedia profile: Dolph Ziggler,website,https://en.wikipedia.org/wiki/Dolph_Ziggler,10,Wikipedia/reference,2026-09-24,"Automated infobox extraction for dolph-ziggler; applied only nonblank, structurally valid height/weight/billed fields. Values remain PROBABLE pending independent confirmation."
S764,Wikipedia profile: Bryan Danielson,website,https://en.wikipedia.org/wiki/Bryan_Danielson,10,Wikipedia/reference,2026-09-24,"Automated infobox extraction for daniel-bryan; applied only nonblank, structurally valid height/weight/billed fields. Values remain PROBABLE pending independent confirmation."
S765,Wikipedia profile: P. J. Black,website,https://en.wikipedia.org/wiki/P._J._Black,10,Wikipedia/reference,2026-09-24,"Automated infobox extraction for justin-gabriel; applied only nonblank, structurally valid height/weight/billed fields. Values remain PROBABLE pending independent confirmation."
S766,Wikipedia profile: Matt Cardona,website,https://en.wikipedia.org/wiki/Matt_Cardona,10,Wikipedia/reference,2026-09-24,"Automated infobox extraction for zack-ryder; applied only nonblank, structurally valid height/weight/billed fields. Values remain PROBABLE pending independent confirmation."
S767,Wikipedia profile: Yoshi Tatsu,website,https://en.wikipedia.org/wiki/Yoshi_Tatsu,10,Wikipedia/reference,2026-09-24,"Automated infobox extraction for yoshi-tatsu; applied only nonblank, structurally valid height/weight/billed fields. Values remain PROBABLE pending independent confirmation."
S768,Wikipedia profile: Bray Wyatt,website,https://en.wikipedia.org/wiki/Bray_Wyatt,10,Wikipedia/reference,2026-09-24,"Automated infobox extraction for husky-harris; applied only nonblank, structurally valid height/weight/billed fields. Values remain PROBABLE pending independent confirmation."
S769,Wikipedia profile: Curtis Axel,website,https://en.wikipedia.org/wiki/Curtis_Axel,10,Wikipedia/reference,2026-09-24,"Automated infobox extraction for michael-mcgillicutty; applied only nonblank, structurally valid height/weight/billed fields. Values remain PROBABLE pending independent confirmation."
S770,Wikipedia profile: David Otunga,website,https://en.wikipedia.org/wiki/David_Otunga,10,Wikipedia/reference,2026-09-24,"Automated infobox extraction for david-otunga; applied only nonblank, structurally valid height/weight/billed fields. Values remain PROBABLE pending independent confirmation."
S771,Wikipedia profile: Gabbi Tuft,website,https://en.wikipedia.org/wiki/Gabbi_Tuft,10,Wikipedia/reference,2026-09-24,"Automated infobox extraction for tyler-reks; applied only nonblank, structurally valid height/weight/billed fields. Values remain PROBABLE pending independent confirmation."
S772,Wikipedia profile: Mason Ryan,website,https://en.wikipedia.org/wiki/Mason_Ryan,10,Wikipedia/reference,2026-09-24,"Automated infobox extraction for mason-ryan; applied only nonblank, structurally valid height/weight/billed fields. Values remain PROBABLE pending independent confirmation."
S773,Wikipedia profile: Tyson Kidd,website,https://en.wikipedia.org/wiki/Tyson_Kidd,10,Wikipedia/reference,2026-09-24,"Automated infobox extraction for tyson-kidd; applied only nonblank, structurally valid height/weight/billed fields. Values remain PROBABLE pending independent confirmation."
S774,Wikipedia profile: Heath Slater,website,https://en.wikipedia.org/wiki/Heath_Slater,10,Wikipedia/reference,2026-09-24,"Automated infobox extraction for heath-slater; applied only nonblank, structurally valid height/weight/billed fields. Values remain PROBABLE pending independent confirmation."
S775,Wikipedia profile: Jake Hager,website,https://en.wikipedia.org/wiki/Jake_Hager,10,Wikipedia/reference,2026-09-24,"Automated infobox extraction for jack-swagger; applied only nonblank, structurally valid height/weight/billed fields. Values remain PROBABLE pending independent confirmation."
S776,Wikipedia profile: Sheamus,website,https://en.wikipedia.org/wiki/Sheamus,10,Wikipedia/reference,2026-09-24,"Automated infobox extraction for sheamus; applied only nonblank, structurally valid height/weight/billed fields. Values remain PROBABLE pending independent confirmation."
S777,Wikipedia profile: Wade Barrett,website,https://en.wikipedia.org/wiki/Wade_Barrett,10,Wikipedia/reference,2026-09-24,"Automated infobox extraction for wade-barrett; applied only nonblank, structurally valid height/weight/billed fields. Values remain PROBABLE pending independent confirmation."
S778,Wikipedia profile: Drew McIntyre,website,https://en.wikipedia.org/wiki/Drew_McIntyre,10,Wikipedia/reference,2026-09-24,"Automated infobox extraction for drew-mcintyre; applied only nonblank, structurally valid height/weight/billed fields. Values remain PROBABLE pending independent confirmation."
S779,Wikipedia profile: Alex Riley,website,https://en.wikipedia.org/wiki/Alex_Riley,10,Wikipedia/reference,2026-09-24,"Automated infobox extraction for alex-riley; applied only nonblank, structurally valid height/weight/billed fields. Values remain PROBABLE pending independent confirmation."
S780,Wikipedia profile: Ezekiel Jackson,website,https://en.wikipedia.org/wiki/Ezekiel_Jackson,10,Wikipedia/reference,2026-09-24,"Automated infobox extraction for ezekiel-jackson; applied only nonblank, structurally valid height/weight/billed fields. Values remain PROBABLE pending independent confirmation."
S781,Wikipedia profile: Alberto Del Rio,website,https://en.wikipedia.org/wiki/Alberto_Del_Rio,10,Wikipedia/reference,2026-09-24,"Automated infobox extraction for alberto-del-rio; applied only nonblank, structurally valid height/weight/billed fields. Values remain PROBABLE pending independent confirmation."
S782,Wikipedia profile: Primo Colón,website,https://en.wikipedia.org/wiki/Primo_Colón,10,Wikipedia/reference,2026-09-24,"Automated infobox extraction for primo; applied only nonblank, structurally valid height/weight/billed fields. Values remain PROBABLE pending independent confirmation."
S783,Wikipedia profile: Ricardo Rodriguez (wrestler),website,https://en.wikipedia.org/wiki/Ricardo_Rodriguez_(wrestler),10,Wikipedia/reference,2026-09-24,"Automated infobox extraction for ricardo-rodriguez; applied only nonblank, structurally valid height/weight/billed fields. Values remain PROBABLE pending independent confirmation."
S784,Wikipedia profile: Epico Colón,website,https://en.wikipedia.org/wiki/Epico_Colón,10,Wikipedia/reference,2026-09-24,"Automated infobox extraction for epico; applied only nonblank, structurally valid height/weight/billed fields. Values remain PROBABLE pending independent confirmation."
S785,Wikipedia profile: Jinder Mahal,website,https://en.wikipedia.org/wiki/Jinder_Mahal,10,Wikipedia/reference,2026-09-24,"Automated infobox extraction for jinder-mahal; applied only nonblank, structurally valid height/weight/billed fields. Values remain PROBABLE pending independent confirmation."
S786,Wikipedia profile: Cinta de Oro,website,https://en.wikipedia.org/wiki/Cinta_de_Oro,10,Wikipedia/reference,2026-09-24,"Automated infobox extraction for hunico; applied only nonblank, structurally valid height/weight/billed fields. Values remain PROBABLE pending independent confirmation."
S787,Wikipedia profile: Michael Cole (wrestling),website,https://en.wikipedia.org/wiki/Michael_Cole_(wrestling),10,Wikipedia/reference,2026-09-24,"Automated infobox extraction for michael-cole; applied only nonblank, structurally valid height/weight/billed fields. Values remain PROBABLE pending independent confirmation."
S788,Wikipedia profile: Awesome Kong,website,https://en.wikipedia.org/wiki/Awesome_Kong,10,Wikipedia/reference,2026-09-24,"Automated infobox extraction for kharma; applied only nonblank, structurally valid height/weight/billed fields. Values remain PROBABLE pending independent confirmation."
S789,Wikipedia profile: Road Dogg,website,https://en.wikipedia.org/wiki/Road_Dogg,10,Wikipedia/reference,2026-09-24,"Automated infobox extraction for road-dogg; applied only nonblank, structurally valid height/weight/billed fields. Values remain PROBABLE pending independent confirmation."
S790,Wikipedia profile: Jey Uso,website,https://en.wikipedia.org/wiki/Jey_Uso,10,Wikipedia/reference,2026-09-24,"Automated infobox extraction for jey-uso; applied only nonblank, structurally valid height/weight/billed fields. Values remain PROBABLE pending independent confirmation."
S791,Wikipedia profile: Matt Sydal,website,https://en.wikipedia.org/wiki/Matt_Sydal,10,Wikipedia/reference,2026-09-24,"Automated infobox extraction for evan-bourne; applied only nonblank, structurally valid height/weight/billed fields. Values remain PROBABLE pending independent confirmation."
S792,Wikipedia profile: Beth Phoenix,website,https://en.wikipedia.org/wiki/Beth_Phoenix,10,Wikipedia/reference,2026-09-24,"Automated infobox extraction for beth-phoenix; applied only nonblank, structurally valid height/weight/billed fields. Values remain PROBABLE pending independent confirmation."
S793,Wikipedia profile: Bo Dallas,website,https://en.wikipedia.org/wiki/Bo_Dallas,10,Wikipedia/reference,2026-09-24,"Automated infobox extraction for bo-dallas; applied only nonblank, structurally valid height/weight/billed fields. Values remain PROBABLE pending independent confirmation."
S794,Wikipedia profile: Aron Stevens,website,https://en.wikipedia.org/wiki/Aron_Stevens,10,Wikipedia/reference,2026-09-24,"Automated infobox extraction for damien-sandow; applied only nonblank, structurally valid height/weight/billed fields. Values remain PROBABLE pending independent confirmation."
S795,Wikipedia profile: Ryback,website,https://en.wikipedia.org/wiki/Ryback,10,Wikipedia/reference,2026-09-24,"Automated infobox extraction for ryback; applied only nonblank, structurally valid height/weight/billed fields. Values remain PROBABLE pending independent confirmation."
S796,Wikipedia profile: Claudio Castagnoli,website,https://en.wikipedia.org/wiki/Claudio_Castagnoli,10,Wikipedia/reference,2026-09-24,"Automated infobox extraction for cesaro; applied only nonblank, structurally valid height/weight/billed fields. Values remain PROBABLE pending independent confirmation."
S797,Wikipedia profile: Titus O'Neil,website,https://en.wikipedia.org/wiki/Titus_O'Neil,10,Wikipedia/reference,2026-09-24,"Automated infobox extraction for titus-oneil; applied only nonblank, structurally valid height/weight/billed fields. Values remain PROBABLE pending independent confirmation."
S798,Wikipedia profile: Tyrus (wrestler),website,https://en.wikipedia.org/wiki/Tyrus_(wrestler),10,Wikipedia/reference,2026-09-24,"Automated infobox extraction for brodus-clay; applied only nonblank, structurally valid height/weight/billed fields. Values remain PROBABLE pending independent confirmation."
S799,Wikipedia profile: Fred Rosser,website,https://en.wikipedia.org/wiki/Fred_Rosser,10,Wikipedia/reference,2026-09-24,"Automated infobox extraction for darren-young; applied only nonblank, structurally valid height/weight/billed fields. Values remain PROBABLE pending independent confirmation."
S800,Wikipedia profile: Seth Rollins,website,https://en.wikipedia.org/wiki/Seth_Rollins,10,Wikipedia/reference,2026-09-24,"Automated infobox extraction for seth-rollins; applied only nonblank, structurally valid height/weight/billed fields. Values remain PROBABLE pending independent confirmation."
S801,Wikipedia profile: Rusev (wrestler),website,https://en.wikipedia.org/wiki/Rusev_(wrestler),10,Wikipedia/reference,2026-09-24,"Automated infobox extraction for rusev; applied only nonblank, structurally valid height/weight/billed fields. Values remain PROBABLE pending independent confirmation."
S802,Wikipedia profile: Jimmy Uso,website,https://en.wikipedia.org/wiki/Jimmy_Uso,10,Wikipedia/reference,2026-09-24,"Automated infobox extraction for jimmy-uso; applied only nonblank, structurally valid height/weight/billed fields. Values remain PROBABLE pending independent confirmation."
S803,Wikipedia profile: Jon Moxley,website,https://en.wikipedia.org/wiki/Jon_Moxley,10,Wikipedia/reference,2026-09-24,"Automated infobox extraction for dean-ambrose; applied only nonblank, structurally valid height/weight/billed fields. Values remain PROBABLE pending independent confirmation."
S804,Wikipedia profile: Roman Reigns,website,https://en.wikipedia.org/wiki/Roman_Reigns,10,Wikipedia/reference,2026-09-24,"Automated infobox extraction for roman-reigns; applied only nonblank, structurally valid height/weight/billed fields. Values remain PROBABLE pending independent confirmation."
S805,Wikipedia profile: Fandango (wrestler),website,https://en.wikipedia.org/wiki/Fandango_(wrestler),10,Wikipedia/reference,2026-09-24,"Automated infobox extraction for fandango; applied only nonblank, structurally valid height/weight/billed fields. Values remain PROBABLE pending independent confirmation."
S806,Wikipedia profile: Mascarita Dorada,website,https://en.wikipedia.org/wiki/Mascarita_Dorada,10,Wikipedia/reference,2026-09-24,"Automated infobox extraction for el-torito; applied only nonblank, structurally valid height/weight/billed fields. Values remain PROBABLE pending independent confirmation."
S807,Wikipedia profile: Brodie Lee,website,https://en.wikipedia.org/wiki/Brodie_Lee,10,Wikipedia/reference,2026-09-24,"Automated infobox extraction for luke-harper; applied only nonblank, structurally valid height/weight/billed fields. Values remain PROBABLE pending independent confirmation."
S808,Wikipedia profile: Erick Rowan,website,https://en.wikipedia.org/wiki/Erick_Rowan,10,Wikipedia/reference,2026-09-24,"Automated infobox extraction for erick-rowan; applied only nonblank, structurally valid height/weight/billed fields. Values remain PROBABLE pending independent confirmation."
S809,Wikipedia profile: Big E (wrestler),website,https://en.wikipedia.org/wiki/Big_E_(wrestler),10,Wikipedia/reference,2026-09-24,"Automated infobox extraction for big-e; applied only nonblank, structurally valid height/weight/billed fields. Values remain PROBABLE pending independent confirmation."
S810,Wikipedia profile: Bubba Ray Dudley,website,https://en.wikipedia.org/wiki/Bubba_Ray_Dudley,10,Wikipedia/reference,2026-09-24,"Automated infobox extraction for bubba-ray-dudley; applied only nonblank, structurally valid height/weight/billed fields. Values remain PROBABLE pending independent confirmation."
S811,Wikipedia profile: Bray Wyatt,website,https://en.wikipedia.org/wiki/Bray_Wyatt,10,Wikipedia/reference,2026-09-24,"Automated infobox extraction for bray-wyatt; applied only nonblank, structurally valid height/weight/billed fields. Values remain PROBABLE pending independent confirmation."
S812,Wikipedia profile: Curtis Axel,website,https://en.wikipedia.org/wiki/Curtis_Axel,10,Wikipedia/reference,2026-09-24,"Automated infobox extraction for curtis-axel; applied only nonblank, structurally valid height/weight/billed fields. Values remain PROBABLE pending independent confirmation."
S813,Wikipedia profile: The Boogeyman (wrestler),website,https://en.wikipedia.org/wiki/The_Boogeyman_(wrestler),10,Wikipedia/reference,2026-09-24,"Automated infobox extraction for the-boogeyman; applied only nonblank, structurally valid height/weight/billed fields. Values remain PROBABLE pending independent confirmation."
S814,Wikipedia profile: Adam Rose,website,https://en.wikipedia.org/wiki/Adam_Rose,10,Wikipedia/reference,2026-09-24,"Automated infobox extraction for adam-rose; applied only nonblank, structurally valid height/weight/billed fields. Values remain PROBABLE pending independent confirmation."
S815,Wikipedia profile: AJ Styles,website,https://en.wikipedia.org/wiki/AJ_Styles,10,Wikipedia/reference,2026-09-24,"Automated infobox extraction for aj-styles; applied only nonblank, structurally valid height/weight/billed fields. Values remain PROBABLE pending independent confirmation."
S816,Wikipedia profile: Tyler Breeze,website,https://en.wikipedia.org/wiki/Tyler_Breeze,10,Wikipedia/reference,2026-09-24,"Automated infobox extraction for tyler-breeze; applied only nonblank, structurally valid height/weight/billed fields. Values remain PROBABLE pending independent confirmation."
S817,Wikipedia profile: Pac (wrestler),website,https://en.wikipedia.org/wiki/Pac_(wrestler),10,Wikipedia/reference,2026-09-24,"Automated infobox extraction for neville; applied only nonblank, structurally valid height/weight/billed fields. Values remain PROBABLE pending independent confirmation."
S818,Wikipedia profile: Braun Strowman,website,https://en.wikipedia.org/wiki/Braun_Strowman,10,Wikipedia/reference,2026-09-24,"Automated infobox extraction for braun-strowman; applied only nonblank, structurally valid height/weight/billed fields. Values remain PROBABLE pending independent confirmation."
S819,Wikipedia profile: Kevin Owens,website,https://en.wikipedia.org/wiki/Kevin_Owens,10,Wikipedia/reference,2026-09-24,"Automated infobox extraction for kevin-owens; applied only nonblank, structurally valid height/weight/billed fields. Values remain PROBABLE pending independent confirmation."
S820,Wikipedia profile: Sami Zayn,website,https://en.wikipedia.org/wiki/Sami_Zayn,10,Wikipedia/reference,2026-09-24,"Automated infobox extraction for sami-zayn; applied only nonblank, structurally valid height/weight/billed fields. Values remain PROBABLE pending independent confirmation."
S821,Wikipedia profile: Big Bill (wrestler),website,https://en.wikipedia.org/wiki/Big_Bill_(wrestler),10,Wikipedia/reference,2026-09-24,"Automated infobox extraction for big-cass; applied only nonblank, structurally valid height/weight/billed fields. Values remain PROBABLE pending independent confirmation."
S822,Wikipedia profile: Kalisto (wrestler),website,https://en.wikipedia.org/wiki/Kalisto_(wrestler),10,Wikipedia/reference,2026-09-24,"Automated infobox extraction for kalisto; applied only nonblank, structurally valid height/weight/billed fields. Values remain PROBABLE pending independent confirmation."
S823,Wikipedia profile: Mojo Rawley,website,https://en.wikipedia.org/wiki/Mojo_Rawley,10,Wikipedia/reference,2026-09-24,"Automated infobox extraction for mojo-rawley; applied only nonblank, structurally valid height/weight/billed fields. Values remain PROBABLE pending independent confirmation."
S824,Wikipedia profile: Jack Gallagher,website,https://en.wikipedia.org/wiki/Jack_Gallagher,10,Wikipedia/reference,2026-09-24,"Automated infobox extraction for jack-gallagher; applied only nonblank, structurally valid height/weight/billed fields. Values remain PROBABLE pending independent confirmation."
S825,Wikipedia profile: Shawn Spears,website,https://en.wikipedia.org/wiki/Shawn_Spears,10,Wikipedia/reference,2026-09-24,"Automated infobox extraction for tye-dillinger; applied only nonblank, structurally valid height/weight/billed fields. Values remain PROBABLE pending independent confirmation."
S826,Wikipedia profile: James Ellsworth,website,https://en.wikipedia.org/wiki/James_Ellsworth,10,Wikipedia/reference,2026-09-24,"Automated infobox extraction for james-ellsworth; applied only nonblank, structurally valid height/weight/billed fields. Values remain PROBABLE pending independent confirmation."
S827,Wikipedia profile: Baron Corbin,website,https://en.wikipedia.org/wiki/Baron_Corbin,10,Wikipedia/reference,2026-09-24,"Automated infobox extraction for baron-corbin; applied only nonblank, structurally valid height/weight/billed fields. Values remain PROBABLE pending independent confirmation."
S828,Wikipedia profile: Xavier Woods,website,https://en.wikipedia.org/wiki/Xavier_Woods,10,Wikipedia/reference,2026-09-24,"Automated infobox extraction for xavier-woods; applied only nonblank, structurally valid height/weight/billed fields. Values remain PROBABLE pending independent confirmation."
S829,Wikipedia profile: Apollo Crews,website,https://en.wikipedia.org/wiki/Apollo_Crews,10,Wikipedia/reference,2026-09-24,"Automated infobox extraction for apollo-crews; applied only nonblank, structurally valid height/weight/billed fields. Values remain PROBABLE pending independent confirmation."
S830,Wikipedia profile: Enzo Amore,website,https://en.wikipedia.org/wiki/Enzo_Amore,10,Wikipedia/reference,2026-09-24,"Automated infobox extraction for enzo-amore; applied only nonblank, structurally valid height/weight/billed fields. Values remain PROBABLE pending independent confirmation."
S831,Wikipedia profile: Bill Goldberg,website,https://en.wikipedia.org/wiki/Bill_Goldberg,10,Wikipedia/reference,2026-09-24,"Automated infobox extraction for goldberg; applied only nonblank, structurally valid height/weight/billed fields. Values remain PROBABLE pending independent confirmation."
S832,Wikipedia profile: Finn Bálor,website,https://en.wikipedia.org/wiki/Finn_Bálor,10,Wikipedia/reference,2026-09-24,"Automated infobox extraction for finn-balor; applied only nonblank, structurally valid height/weight/billed fields. Values remain PROBABLE pending independent confirmation."
S833,Wikipedia profile: Elias (wrestler),website,https://en.wikipedia.org/wiki/Elias_(wrestler),10,Wikipedia/reference,2026-09-24,"Automated infobox extraction for elias; applied only nonblank, structurally valid height/weight/billed fields. Values remain PROBABLE pending independent confirmation."
S834,Wikipedia profile: Andrade El Idolo,website,https://en.wikipedia.org/wiki/Andrade_El_Idolo,10,Wikipedia/reference,2026-09-24,"Automated infobox extraction for andrade; applied only nonblank, structurally valid height/weight/billed fields. Values remain PROBABLE pending independent confirmation."
S835,Wikipedia profile: Shinsuke Nakamura,website,https://en.wikipedia.org/wiki/Shinsuke_Nakamura,10,Wikipedia/reference,2026-09-24,"Automated infobox extraction for shinsuke-nakamura; applied only nonblank, structurally valid height/weight/billed fields. Values remain PROBABLE pending independent confirmation."
S836,Wikipedia profile: Matthew Rehwoldt,website,https://en.wikipedia.org/wiki/Matthew_Rehwoldt,10,Wikipedia/reference,2026-09-24,"Automated infobox extraction for aiden-english; applied only nonblank, structurally valid height/weight/billed fields. Values remain PROBABLE pending independent confirmation."
S837,Wikipedia profile: Adam Cole,website,https://en.wikipedia.org/wiki/Adam_Cole,10,Wikipedia/reference,2026-09-24,"Automated infobox extraction for adam-cole; applied only nonblank, structurally valid height/weight/billed fields. Values remain PROBABLE pending independent confirmation."
S838,Wikipedia profile: Johnny Gargano,website,https://en.wikipedia.org/wiki/Johnny_Gargano,10,Wikipedia/reference,2026-09-24,"Automated infobox extraction for johnny-gargano; applied only nonblank, structurally valid height/weight/billed fields. Values remain PROBABLE pending independent confirmation."
S839,Wikipedia profile: Samoa Joe,website,https://en.wikipedia.org/wiki/Samoa_Joe,10,Wikipedia/reference,2026-09-24,"Automated infobox extraction for samoa-joe; applied only nonblank, structurally valid height/weight/billed fields. Values remain PROBABLE pending independent confirmation."
S840,Wikipedia profile: Brian Myers,website,https://en.wikipedia.org/wiki/Brian_Myers,10,Wikipedia/reference,2026-09-24,"Automated infobox extraction for curt-hawkins; applied only nonblank, structurally valid height/weight/billed fields. Values remain PROBABLE pending independent confirmation."
S841,Wikipedia profile: Mustafa Ali,website,https://en.wikipedia.org/wiki/Mustafa_Ali,10,Wikipedia/reference,2026-09-24,"Automated infobox extraction for mustafa-ali; applied only nonblank, structurally valid height/weight/billed fields. Values remain PROBABLE pending independent confirmation."
S842,Wikipedia profile: No Way Jose,website,https://en.wikipedia.org/wiki/No_Way_Jose,10,Wikipedia/reference,2026-09-24,"Automated infobox extraction for no-way-jose; applied only nonblank, structurally valid height/weight/billed fields. Values remain PROBABLE pending independent confirmation."
S843,Wikipedia profile: Pete Dunne,website,https://en.wikipedia.org/wiki/Pete_Dunne,10,Wikipedia/reference,2026-09-24,"Automated infobox extraction for pete-dunne; applied only nonblank, structurally valid height/weight/billed fields. Values remain PROBABLE pending independent confirmation."
S844,Wikipedia profile: Aleister Black,website,https://en.wikipedia.org/wiki/Aleister_Black,10,Wikipedia/reference,2026-09-24,"Automated infobox extraction for aleister-black; applied only nonblank, structurally valid height/weight/billed fields. Values remain PROBABLE pending independent confirmation."
S845,Wikipedia profile: Nia Jax,website,https://en.wikipedia.org/wiki/Nia_Jax,10,Wikipedia/reference,2026-09-24,"Automated infobox extraction for nia-jax; applied only nonblank, structurally valid height/weight/billed fields. Values remain PROBABLE pending independent confirmation."
S846,Wikipedia profile: Bobby Roode,website,https://en.wikipedia.org/wiki/Bobby_Roode,10,Wikipedia/reference,2026-09-24,"Automated infobox extraction for robert-roode; applied only nonblank, structurally valid height/weight/billed fields. Values remain PROBABLE pending independent confirmation."
S847,Wikipedia profile: John Morrison (wrestler),website,https://en.wikipedia.org/wiki/John_Morrison_(wrestler),10,Wikipedia/reference,2026-09-24,"Automated infobox extraction for john-morrison; applied only nonblank, structurally valid height/weight/billed fields. Values remain PROBABLE pending independent confirmation."
S848,Wikipedia profile: Keith Lee,website,https://en.wikipedia.org/wiki/Keith_Lee,10,Wikipedia/reference,2026-09-24,"Automated infobox extraction for keith-lee; applied only nonblank, structurally valid height/weight/billed fields. Values remain PROBABLE pending independent confirmation."
S849,Wikipedia profile: Ricochet,website,https://en.wikipedia.org/wiki/Ricochet,10,Wikipedia/reference,2026-09-24,"Automated infobox extraction for ricochet; applied only nonblank, structurally valid height/weight/billed fields. Values remain PROBABLE pending independent confirmation."
S850,Wikipedia profile: Karl Anderson,website,https://en.wikipedia.org/wiki/Karl_Anderson,10,Wikipedia/reference,2026-09-24,"Automated infobox extraction for karl-anderson; applied only nonblank, structurally valid height/weight/billed fields. Values remain PROBABLE pending independent confirmation."
S851,Wikipedia profile: Matt Riddle,website,https://en.wikipedia.org/wiki/Matt_Riddle,10,Wikipedia/reference,2026-09-24,"Automated infobox extraction for matt-riddle; applied only nonblank, structurally valid height/weight/billed fields. Values remain PROBABLE pending independent confirmation."
S852,Wikipedia profile: Doc Gallows,website,https://en.wikipedia.org/wiki/Doc_Gallows,10,Wikipedia/reference,2026-09-24,"Automated infobox extraction for luke-gallows; applied only nonblank, structurally valid height/weight/billed fields. Values remain PROBABLE pending independent confirmation."
S853,Wikipedia profile: Damian Priest,website,https://en.wikipedia.org/wiki/Damian_Priest,10,Wikipedia/reference,2026-09-24,"Automated infobox extraction for damian-priest; applied only nonblank, structurally valid height/weight/billed fields. Values remain PROBABLE pending independent confirmation."
S854,Wikipedia profile: Otis (wrestler),website,https://en.wikipedia.org/wiki/Otis_(wrestler),10,Wikipedia/reference,2026-09-24,"Automated infobox extraction for otis; applied only nonblank, structurally valid height/weight/billed fields. Values remain PROBABLE pending independent confirmation."
S855,Wikipedia profile: Dominik Mysterio,website,https://en.wikipedia.org/wiki/Dominik_Mysterio,10,Wikipedia/reference,2026-09-24,"Automated infobox extraction for dominik-mysterio; applied only nonblank, structurally valid height/weight/billed fields. Values remain PROBABLE pending independent confirmation."
S856,Wikipedia profile: Austin Theory,website,https://en.wikipedia.org/wiki/Austin_Theory,10,Wikipedia/reference,2026-09-24,"Automated infobox extraction for austin-theory; applied only nonblank, structurally valid height/weight/billed fields. Values remain PROBABLE pending independent confirmation."
S857,Wikipedia profile: Ridge Holland,website,https://en.wikipedia.org/wiki/Ridge_Holland,10,Wikipedia/reference,2026-09-24,"Automated infobox extraction for ridge-holland; applied only nonblank, structurally valid height/weight/billed fields. Values remain PROBABLE pending independent confirmation."
S858,Wikipedia profile: Montez Ford,website,https://en.wikipedia.org/wiki/Montez_Ford,10,Wikipedia/reference,2026-09-24,"Automated infobox extraction for montez-ford; applied only nonblank, structurally valid height/weight/billed fields. Values remain PROBABLE pending independent confirmation."
S859,Wikipedia profile: Johnny Knoxville,website,https://en.wikipedia.org/wiki/Johnny_Knoxville,10,Wikipedia/reference,2026-09-24,"Automated infobox extraction for johnny-knoxville; applied only nonblank, structurally valid height/weight/billed fields. Values remain PROBABLE pending independent confirmation."
S860,Wikipedia profile: Angelo Dawkins,website,https://en.wikipedia.org/wiki/Angelo_Dawkins,10,Wikipedia/reference,2026-09-24,"Automated infobox extraction for angelo-dawkins; applied only nonblank, structurally valid height/weight/billed fields. Values remain PROBABLE pending independent confirmation."
S861,Wikipedia profile: Omos,website,https://en.wikipedia.org/wiki/Omos,10,Wikipedia/reference,2026-09-24,"Automated infobox extraction for omos; applied only nonblank, structurally valid height/weight/billed fields. Values remain PROBABLE pending independent confirmation."
S862,Wikipedia profile: Chad Gable,website,https://en.wikipedia.org/wiki/Chad_Gable,10,Wikipedia/reference,2026-09-24,"Automated infobox extraction for chad-gable; applied only nonblank, structurally valid height/weight/billed fields. Values remain PROBABLE pending independent confirmation."
S863,Wikipedia profile: Rick Boogs,website,https://en.wikipedia.org/wiki/Rick_Boogs,10,Wikipedia/reference,2026-09-24,"Automated infobox extraction for rick-boogs; applied only nonblank, structurally valid height/weight/billed fields. Values remain PROBABLE pending independent confirmation."
S864,Wikipedia profile: Riddick Moss,website,https://en.wikipedia.org/wiki/Riddick_Moss,10,Wikipedia/reference,2026-09-24,"Automated infobox extraction for riddick-moss; applied only nonblank, structurally valid height/weight/billed fields. Values remain PROBABLE pending independent confirmation."
S865,Wikipedia profile: Bad Bunny,website,https://en.wikipedia.org/wiki/Bad_Bunny,10,Wikipedia/reference,2026-09-24,"Automated infobox extraction for bad-bunny; applied only nonblank, structurally valid height/weight/billed fields. Values remain PROBABLE pending independent confirmation."
S866,Wikipedia profile: Shane McMahon,website,https://en.wikipedia.org/wiki/Shane_McMahon,10,Wikipedia/reference,2026-09-24,"Automated infobox extraction for shane-mcmahon; applied only nonblank, structurally valid height/weight/billed fields. Values remain PROBABLE pending independent confirmation."
S867,Wikipedia profile: Gunther (wrestler),website,https://en.wikipedia.org/wiki/Gunther_(wrestler),10,Wikipedia/reference,2026-09-24,"Automated infobox extraction for gunther; applied only nonblank, structurally valid height/weight/billed fields. Values remain PROBABLE pending independent confirmation."
S868,Wikipedia profile: Karrion Kross,website,https://en.wikipedia.org/wiki/Karrion_Kross,10,Wikipedia/reference,2026-09-24,"Automated infobox extraction for karrion-kross; applied only nonblank, structurally valid height/weight/billed fields. Values remain PROBABLE pending independent confirmation."
S869,Wikipedia profile: Santos Escobar,website,https://en.wikipedia.org/wiki/Santos_Escobar,10,Wikipedia/reference,2026-09-24,"Automated infobox extraction for santos-escobar; applied only nonblank, structurally valid height/weight/billed fields. Values remain PROBABLE pending independent confirmation."
S870,Wikipedia profile: Logan Paul,website,https://en.wikipedia.org/wiki/Logan_Paul,10,Wikipedia/reference,2026-09-24,"Automated infobox extraction for logan-paul; applied only nonblank, structurally valid height/weight/billed fields. Values remain PROBABLE pending independent confirmation."
S871,Wikipedia profile: Grayson Waller,website,https://en.wikipedia.org/wiki/Grayson_Waller,10,Wikipedia/reference,2026-09-24,"Automated infobox extraction for grayson-waller; applied only nonblank, structurally valid height/weight/billed fields. Values remain PROBABLE pending independent confirmation."
S872,Wikipedia profile: Carmelo Hayes,website,https://en.wikipedia.org/wiki/Carmelo_Hayes,10,Wikipedia/reference,2026-09-24,"Automated infobox extraction for carmelo-hayes; applied only nonblank, structurally valid height/weight/billed fields. Values remain PROBABLE pending independent confirmation."
S873,Wikipedia profile: Ludwig Kaiser,website,https://en.wikipedia.org/wiki/Ludwig_Kaiser,10,Wikipedia/reference,2026-09-24,"Automated infobox extraction for ludwig-kaiser; applied only nonblank, structurally valid height/weight/billed fields. Values remain PROBABLE pending independent confirmation."
S874,Wikipedia profile: Bronson Reed,website,https://en.wikipedia.org/wiki/Bronson_Reed,10,Wikipedia/reference,2026-09-24,"Automated infobox extraction for bronson-reed; applied only nonblank, structurally valid height/weight/billed fields. Values remain PROBABLE pending independent confirmation."
S875,Wikipedia profile: Ivar (wrestler),website,https://en.wikipedia.org/wiki/Ivar_(wrestler),10,Wikipedia/reference,2026-09-24,"Automated infobox extraction for ivar; applied only nonblank, structurally valid height/weight/billed fields. Values remain PROBABLE pending independent confirmation."
S876,Wikipedia profile: Bron Breakker,website,https://en.wikipedia.org/wiki/Bron_Breakker,10,Wikipedia/reference,2026-09-24,"Automated infobox extraction for bron-breakker; applied only nonblank, structurally valid height/weight/billed fields. Values remain PROBABLE pending independent confirmation."
S877,Wikipedia profile: Pat McAfee,website,https://en.wikipedia.org/wiki/Pat_McAfee,10,Wikipedia/reference,2026-09-24,"Automated infobox extraction for pat-mcafee; applied only nonblank, structurally valid height/weight/billed fields. Values remain PROBABLE pending independent confirmation."
S878,Wikipedia profile: JD McDonagh,website,https://en.wikipedia.org/wiki/JD_McDonagh,10,Wikipedia/reference,2026-09-24,"Automated infobox extraction for jd-mcdonagh; applied only nonblank, structurally valid height/weight/billed fields. Values remain PROBABLE pending independent confirmation."
S879,Wikipedia profile: Pentagón Jr.,website,https://en.wikipedia.org/wiki/Pentagón_Jr.,10,Wikipedia/reference,2026-09-24,"Automated infobox extraction for penta; applied only nonblank, structurally valid height/weight/billed fields. Values remain PROBABLE pending independent confirmation."
S880,Wikipedia profile: IShowSpeed,website,https://en.wikipedia.org/wiki/IShowSpeed,10,Wikipedia/reference,2026-09-24,"Automated infobox extraction for ishowspeed; applied only nonblank, structurally valid height/weight/billed fields. Values remain PROBABLE pending independent confirmation."
S881,Wikipedia profile: Jacob Fatu,website,https://en.wikipedia.org/wiki/Jacob_Fatu,10,Wikipedia/reference,2026-09-24,"Automated infobox extraction for jacob-fatu; applied only nonblank, structurally valid height/weight/billed fields. Values remain PROBABLE pending independent confirmation."
S882,Wikipedia profile: Joe Hendry,website,https://en.wikipedia.org/wiki/Joe_Hendry,10,Wikipedia/reference,2026-09-24,"Automated infobox extraction for joe-hendry; applied only nonblank, structurally valid height/weight/billed fields. Values remain PROBABLE pending independent confirmation."
S883,Wikipedia profile: LA Knight,website,https://en.wikipedia.org/wiki/LA_Knight,10,Wikipedia/reference,2026-09-24,"Automated infobox extraction for la-knight; applied only nonblank, structurally valid height/weight/billed fields. Values remain PROBABLE pending independent confirmation."
S884,Wikipedia profile: Akira Tozawa,website,https://en.wikipedia.org/wiki/Akira_Tozawa,10,Wikipedia/reference,2026-09-24,"Automated infobox extraction for akira-tozawa; applied only nonblank, structurally valid height/weight/billed fields. Values remain PROBABLE pending independent confirmation."
S885,Wikipedia profile: Oba Femi,website,https://en.wikipedia.org/wiki/Oba_Femi,10,Wikipedia/reference,2026-09-24,"Automated infobox extraction for oba-femi; applied only nonblank, structurally valid height/weight/billed fields. Values remain PROBABLE pending independent confirmation."
S886,Wikipedia profile: Solo Sikoa,website,https://en.wikipedia.org/wiki/Solo_Sikoa,10,Wikipedia/reference,2026-09-24,"Automated infobox extraction for solo-sikoa; applied only nonblank, structurally valid height/weight/billed fields. Values remain PROBABLE pending independent confirmation."
S887,Wikipedia profile: Je'Von Evans,website,https://en.wikipedia.org/wiki/Je'Von_Evans,10,Wikipedia/reference,2026-09-24,"Automated infobox extraction for jevon-evans; applied only nonblank, structurally valid height/weight/billed fields. Values remain PROBABLE pending independent confirmation."
S888,Wikipedia profile: Mr. Iguana,website,https://en.wikipedia.org/wiki/Mr._Iguana,10,Wikipedia/reference,2026-09-24,"Automated infobox extraction for mr-iguana; applied only nonblank, structurally valid height/weight/billed fields. Values remain PROBABLE pending independent confirmation."
S889,Wikipedia profile: Trick Williams,website,https://en.wikipedia.org/wiki/Trick_Williams,10,Wikipedia/reference,2026-09-24,"Automated infobox extraction for trick-williams; applied only nonblank, structurally valid height/weight/billed fields. Values remain PROBABLE pending independent confirmation."
S890,Wikipedia profile: El Grande Americano,website,https://en.wikipedia.org/wiki/El_Grande_Americano,10,Wikipedia/reference,2026-09-24,"Automated infobox extraction for el-grande-americano-ii; applied only nonblank, structurally valid height/weight/billed fields. Values remain PROBABLE pending independent confirmation."
S891,Wikipedia profile: Original El Grande Americano,website,https://en.wikipedia.org/wiki/Original_El_Grande_Americano,10,Wikipedia/reference,2026-09-24,"Automated infobox extraction for el-grande-americano-i; applied only nonblank, structurally valid height/weight/billed fields. Values remain PROBABLE pending independent confirmation."
S892,Wikipedia profile: Powerhouse Hobbs,website,https://en.wikipedia.org/wiki/Powerhouse_Hobbs,10,Wikipedia/reference,2026-09-24,"Automated infobox extraction for powerhouse-hobbs; applied only nonblank, structurally valid height/weight/billed fields. Values remain PROBABLE pending independent confirmation."
S893,Wikipedia profile: Ilja Dragunov,website,https://en.wikipedia.org/wiki/Ilja_Dragunov,10,Wikipedia/reference,2026-09-24,"Automated infobox extraction for ilja-dragunov; applied only nonblank, structurally valid height/weight/billed fields. Values remain PROBABLE pending independent confirmation."
S895,Wikipedia profile: Dragon Lee (wrestler),website,https://en.wikipedia.org/wiki/Dragon_Lee_(wrestler),10,Wikipedia/reference,2026-09-24,"Automated infobox extraction for dragon-lee; applied only nonblank, structurally valid height/weight/billed fields. Values remain PROBABLE pending independent confirmation."
S896,Wikipedia profile: Rey Fénix,website,https://en.wikipedia.org/wiki/Rey_Fénix,10,Wikipedia/reference,2026-09-24,"Automated infobox extraction for rey-fenix; applied only nonblank, structurally valid height/weight/billed fields. Values remain PROBABLE pending independent confirmation."
S897,WWE.com Superstar profile: No Way Jose,official_website,https://www.wwe.com/superstars/no-way-jose,1,Official primary source,2026-09-24,"Official WWE Superstar statistics used for the listed height, weight and/or hometown."
S898,WWE.com Superstar profile: Elias,official_website,https://www.wwe.com/superstars/elias,1,Official primary source,2026-09-24,"Official WWE Superstar statistics used for the listed height, weight and/or hometown."
S899,WWE.com Superstar profile: Ricochet,official_website,https://www.wwe.com/superstars/ricochet,1,Official primary source,2026-09-24,"Official WWE Superstar statistics used for the listed height, weight and/or hometown."
S900,"WWE.com Superstar profile: Keith ""Bearcat"" Lee",official_website,https://www.wwe.com/superstars/keith-bearcat-lee,1,Official primary source,2026-09-24,"Official WWE Superstar statistics used for the listed height, weight and/or hometown."
S901,WWE.com Superstar profile: Austin Theory,official_website,https://www.wwe.com/superstars/austin-theory,1,Official primary source,2026-09-24,"Official WWE Superstar statistics used for the listed height, weight and/or hometown."
S902,WWE.com Superstar profile: Trick Williams,official_website,https://www.wwe.com/superstars/trick-williams,1,Official primary source,2026-09-24,"Official WWE Superstar statistics used for the listed height, weight and/or hometown."
S903,Wikipedia profile: Mercedes Moné,website,https://en.wikipedia.org/wiki/Mercedes_Moné,10,Wikipedia/reference,2026-09-24,"Profile extraction for sasha-banks; only nonblank structurally valid height, weight and billed fields applied. PROBABLE pending independent confirmation."
S904,Wikipedia profile: Becky Lynch,website,https://en.wikipedia.org/wiki/Becky_Lynch,10,Wikipedia/reference,2026-09-24,"Profile extraction for becky-lynch; only nonblank structurally valid height, weight and billed fields applied. PROBABLE pending independent confirmation."
S905,Wikipedia profile: Sarah Logan,website,https://en.wikipedia.org/wiki/Sarah_Logan,10,Wikipedia/reference,2026-09-24,"Profile extraction for sarah-logan; only nonblank structurally valid height, weight and billed fields applied. PROBABLE pending independent confirmation."
S906,Wikipedia profile: Mandy Rose,website,https://en.wikipedia.org/wiki/Mandy_Rose,10,Wikipedia/reference,2026-09-24,"Profile extraction for mandy-rose; only nonblank structurally valid height, weight and billed fields applied. PROBABLE pending independent confirmation."
S907,Wikipedia profile: Lita,website,https://en.wikipedia.org/wiki/Lita,10,Wikipedia/reference,2026-09-24,"Profile extraction for lita; only nonblank structurally valid height, weight and billed fields applied. PROBABLE pending independent confirmation."
S908,Wikipedia profile: Kairi Sane,website,https://en.wikipedia.org/wiki/Kairi_Sane,10,Wikipedia/reference,2026-09-24,"Profile extraction for kairi-sane; only nonblank structurally valid height, weight and billed fields applied. PROBABLE pending independent confirmation."
S909,Wikipedia profile: Tamina Snuka,website,https://en.wikipedia.org/wiki/Tamina_Snuka,10,Wikipedia/reference,2026-09-24,"Profile extraction for tamina; only nonblank structurally valid height, weight and billed fields applied. PROBABLE pending independent confirmation."
S910,Wikipedia profile: Dana Brooke,website,https://en.wikipedia.org/wiki/Dana_Brooke,10,Wikipedia/reference,2026-09-24,"Profile extraction for dana-brooke; only nonblank structurally valid height, weight and billed fields applied. PROBABLE pending independent confirmation."
S911,Wikipedia profile: Torrie Wilson,website,https://en.wikipedia.org/wiki/Torrie_Wilson,10,Wikipedia/reference,2026-09-24,"Profile extraction for torrie-wilson; only nonblank structurally valid height, weight and billed fields applied. PROBABLE pending independent confirmation."
S912,Wikipedia profile: Sonya Deville,website,https://en.wikipedia.org/wiki/Sonya_Deville,10,Wikipedia/reference,2026-09-24,"Profile extraction for sonya-deville; only nonblank structurally valid height, weight and billed fields applied. PROBABLE pending independent confirmation."
S913,Wikipedia profile: Liv Morgan,website,https://en.wikipedia.org/wiki/Liv_Morgan,10,Wikipedia/reference,2026-09-24,"Profile extraction for liv-morgan; only nonblank structurally valid height, weight and billed fields applied. PROBABLE pending independent confirmation."
S914,Wikipedia profile: Molly Holly,website,https://en.wikipedia.org/wiki/Molly_Holly,10,Wikipedia/reference,2026-09-24,"Profile extraction for molly-holly; only nonblank structurally valid height, weight and billed fields applied. PROBABLE pending independent confirmation."
S915,Wikipedia profile: CJ Perry,website,https://en.wikipedia.org/wiki/CJ_Perry,10,Wikipedia/reference,2026-09-24,"Profile extraction for lana; only nonblank structurally valid height, weight and billed fields applied. PROBABLE pending independent confirmation."
S916,Wikipedia profile: Michelle McCool,website,https://en.wikipedia.org/wiki/Michelle_McCool,10,Wikipedia/reference,2026-09-24,"Profile extraction for michelle-mccool; only nonblank structurally valid height, weight and billed fields applied. PROBABLE pending independent confirmation."
S917,Wikipedia profile: Ruby Soho,website,https://en.wikipedia.org/wiki/Ruby_Soho,10,Wikipedia/reference,2026-09-24,"Profile extraction for ruby-riott; only nonblank structurally valid height, weight and billed fields applied. PROBABLE pending independent confirmation."
S918,Wikipedia profile: Vickie Guerrero,website,https://en.wikipedia.org/wiki/Vickie_Guerrero,10,Wikipedia/reference,2026-09-24,"Profile extraction for vickie-guerrero; only nonblank structurally valid height, weight and billed fields applied. PROBABLE pending independent confirmation."
S919,Wikipedia profile: Carmella,website,https://en.wikipedia.org/wiki/Carmella,10,Wikipedia/reference,2026-09-24,"Profile extraction for carmella; only nonblank structurally valid height, weight and billed fields applied. PROBABLE pending independent confirmation."
S920,Wikipedia profile: Natalya Neidhart,website,https://en.wikipedia.org/wiki/Natalya_Neidhart,10,Wikipedia/reference,2026-09-24,"Profile extraction for natalya; only nonblank structurally valid height, weight and billed fields applied. PROBABLE pending independent confirmation."
S921,Wikipedia profile: Kelly Kelly,website,https://en.wikipedia.org/wiki/Kelly_Kelly,10,Wikipedia/reference,2026-09-24,"Profile extraction for kelly-kelly; only nonblank structurally valid height, weight and billed fields applied. PROBABLE pending independent confirmation."
S922,Wikipedia profile: Naomi,website,https://en.wikipedia.org/wiki/Naomi,10,Wikipedia/reference,2026-09-24,"Profile extraction for naomi; only nonblank structurally valid height, weight and billed fields applied. PROBABLE pending independent confirmation."
S923,Wikipedia profile: Jacqueline Moore,website,https://en.wikipedia.org/wiki/Jacqueline_Moore,10,Wikipedia/reference,2026-09-24,"Profile extraction for jacqueline; only nonblank structurally valid height, weight and billed fields applied. PROBABLE pending independent confirmation."
S924,Wikipedia profile: Nia Jax,website,https://en.wikipedia.org/wiki/Nia_Jax,10,Wikipedia/reference,2026-09-24,"Profile extraction for nia-jax; only nonblank structurally valid height, weight and billed fields applied. PROBABLE pending independent confirmation."
S925,Wikipedia profile: Athena (wrestler),website,https://en.wikipedia.org/wiki/Athena_(wrestler),10,Wikipedia/reference,2026-09-24,"Profile extraction for ember-moon; only nonblank structurally valid height, weight and billed fields applied. PROBABLE pending independent confirmation."
S926,Wikipedia profile: Beth Phoenix,website,https://en.wikipedia.org/wiki/Beth_Phoenix,10,Wikipedia/reference,2026-09-24,"Profile extraction for beth-phoenix; only nonblank structurally valid height, weight and billed fields applied. PROBABLE pending independent confirmation."
S927,Wikipedia profile: Asuka,website,https://en.wikipedia.org/wiki/Asuka,10,Wikipedia/reference,2026-09-24,"Profile extraction for asuka; only nonblank structurally valid height, weight and billed fields applied. PROBABLE pending independent confirmation."
S928,Wikipedia profile: Mickie James,website,https://en.wikipedia.org/wiki/Mickie_James,10,Wikipedia/reference,2026-09-24,"Profile extraction for mickie-james; only nonblank structurally valid height, weight and billed fields applied. PROBABLE pending independent confirmation."
S929,Wikipedia profile: Nikki Bella,website,https://en.wikipedia.org/wiki/Nikki_Bella,10,Wikipedia/reference,2026-09-24,"Profile extraction for nikki-bella; only nonblank structurally valid height, weight and billed fields applied. PROBABLE pending independent confirmation."
S930,Wikipedia profile: Brie Bella,website,https://en.wikipedia.org/wiki/Brie_Bella,10,Wikipedia/reference,2026-09-24,"Profile extraction for brie-bella; only nonblank structurally valid height, weight and billed fields applied. PROBABLE pending independent confirmation."
S931,Wikipedia profile: Bayley,website,https://en.wikipedia.org/wiki/Bayley,10,Wikipedia/reference,2026-09-24,"Profile extraction for bayley; only nonblank structurally valid height, weight and billed fields applied. PROBABLE pending independent confirmation."
S932,Wikipedia profile: Trish Stratus,website,https://en.wikipedia.org/wiki/Trish_Stratus,10,Wikipedia/reference,2026-09-24,"Profile extraction for trish-stratus; only nonblank structurally valid height, weight and billed fields applied. PROBABLE pending independent confirmation."
S933,Wikipedia profile: Lacey Evans,website,https://en.wikipedia.org/wiki/Lacey_Evans,10,Wikipedia/reference,2026-09-24,"Profile extraction for lacey-evans; only nonblank structurally valid height, weight and billed fields applied. PROBABLE pending independent confirmation."
S934,Wikipedia profile: Jessie McKay,website,https://en.wikipedia.org/wiki/Jessie_McKay,10,Wikipedia/reference,2026-09-24,"Profile extraction for billie-kay; only nonblank structurally valid height, weight and billed fields applied. PROBABLE pending independent confirmation."
S935,Wikipedia profile: Nikki Cross,website,https://en.wikipedia.org/wiki/Nikki_Cross,10,Wikipedia/reference,2026-09-24,"Profile extraction for nikki-cross; only nonblank structurally valid height, weight and billed fields applied. PROBABLE pending independent confirmation."
S936,Wikipedia profile: Cassie Lee,website,https://en.wikipedia.org/wiki/Cassie_Lee,10,Wikipedia/reference,2026-09-24,"Profile extraction for peyton-royce; only nonblank structurally valid height, weight and billed fields applied. PROBABLE pending independent confirmation."
S937,Wikipedia profile: Lei Ying Lee,website,https://en.wikipedia.org/wiki/Lei_Ying_Lee,10,Wikipedia/reference,2026-09-24,"Profile extraction for xia-li; only nonblank structurally valid height, weight and billed fields applied. PROBABLE pending independent confirmation."
S938,Wikipedia profile: Charlotte Flair,website,https://en.wikipedia.org/wiki/Charlotte_Flair,10,Wikipedia/reference,2026-09-24,"Profile extraction for charlotte-flair; only nonblank structurally valid height, weight and billed fields applied. PROBABLE pending independent confirmation."
S939,Wikipedia profile: Maria Kanellis,website,https://en.wikipedia.org/wiki/Maria_Kanellis,10,Wikipedia/reference,2026-09-24,"Profile extraction for maria-kanellis; only nonblank structurally valid height, weight and billed fields applied. PROBABLE pending independent confirmation."
S940,Wikipedia profile: Candice LeRae,website,https://en.wikipedia.org/wiki/Candice_LeRae,10,Wikipedia/reference,2026-09-24,"Profile extraction for candice-lerae; only nonblank structurally valid height, weight and billed fields applied. PROBABLE pending independent confirmation."
S941,Wikipedia profile: Alicia Fox,website,https://en.wikipedia.org/wiki/Alicia_Fox,10,Wikipedia/reference,2026-09-24,"Profile extraction for alicia-fox; only nonblank structurally valid height, weight and billed fields applied. PROBABLE pending independent confirmation."
S942,Wikipedia profile: Kacy Catanzaro,website,https://en.wikipedia.org/wiki/Kacy_Catanzaro,10,Wikipedia/reference,2026-09-24,"Profile extraction for kacy-catanzaro; only nonblank structurally valid height, weight and billed fields applied. PROBABLE pending independent confirmation."
S943,Wikipedia profile: Zelina Vega,website,https://en.wikipedia.org/wiki/Zelina_Vega,10,Wikipedia/reference,2026-09-24,"Profile extraction for zelina-vega; only nonblank structurally valid height, weight and billed fields applied. PROBABLE pending independent confirmation."
S944,Wikipedia profile: Iyo Sky,website,https://en.wikipedia.org/wiki/Iyo_Sky,10,Wikipedia/reference,2026-09-24,"Profile extraction for io-shirai; only nonblank structurally valid height, weight and billed fields applied. PROBABLE pending independent confirmation."
S945,Wikipedia profile: Rhea Ripley,website,https://en.wikipedia.org/wiki/Rhea_Ripley,10,Wikipedia/reference,2026-09-24,"Profile extraction for rhea-ripley; only nonblank structurally valid height, weight and billed fields applied. PROBABLE pending independent confirmation."
S946,Wikipedia profile: Alexa Bliss,website,https://en.wikipedia.org/wiki/Alexa_Bliss,10,Wikipedia/reference,2026-09-24,"Profile extraction for alexa-bliss; only nonblank structurally valid height, weight and billed fields applied. PROBABLE pending independent confirmation."
S947,Wikipedia profile: Bianca Belair,website,https://en.wikipedia.org/wiki/Bianca_Belair,10,Wikipedia/reference,2026-09-24,"Profile extraction for bianca-belair; only nonblank structurally valid height, weight and billed fields applied. PROBABLE pending independent confirmation."
S948,Wikipedia profile: Mercedes Martinez,website,https://en.wikipedia.org/wiki/Mercedes_Martinez,10,Wikipedia/reference,2026-09-24,"Profile extraction for mercedes-martinez; only nonblank structurally valid height, weight and billed fields applied. PROBABLE pending independent confirmation."
S949,Wikipedia profile: Mia Yim,website,https://en.wikipedia.org/wiki/Mia_Yim,10,Wikipedia/reference,2026-09-24,"Profile extraction for mia-yim; only nonblank structurally valid height, weight and billed fields applied. PROBABLE pending independent confirmation."
S950,Wikipedia profile: Dakota Kai,website,https://en.wikipedia.org/wiki/Dakota_Kai,10,Wikipedia/reference,2026-09-24,"Profile extraction for dakota-kai; only nonblank structurally valid height, weight and billed fields applied. PROBABLE pending independent confirmation."
S951,Wikipedia profile: Chelsea Green,website,https://en.wikipedia.org/wiki/Chelsea_Green,10,Wikipedia/reference,2026-09-24,"Profile extraction for chelsea-green; only nonblank structurally valid height, weight and billed fields applied. PROBABLE pending independent confirmation."
S952,Wikipedia profile: Toni Storm,website,https://en.wikipedia.org/wiki/Toni_Storm,10,Wikipedia/reference,2026-09-24,"Profile extraction for toni-storm; only nonblank structurally valid height, weight and billed fields applied. PROBABLE pending independent confirmation."
S953,Wikipedia profile: Shotzi Blackheart,website,https://en.wikipedia.org/wiki/Shotzi_Blackheart,10,Wikipedia/reference,2026-09-24,"Profile extraction for shotzi-blackheart; only nonblank structurally valid height, weight and billed fields applied. PROBABLE pending independent confirmation."
S954,Wikipedia profile: Tegan Nox,website,https://en.wikipedia.org/wiki/Tegan_Nox,10,Wikipedia/reference,2026-09-24,"Profile extraction for tegan-nox; only nonblank structurally valid height, weight and billed fields applied. PROBABLE pending independent confirmation."
S955,Wikipedia profile: Santino Marella,website,https://en.wikipedia.org/wiki/Santino_Marella,10,Wikipedia/reference,2026-09-24,"Profile extraction for santino-marella; only nonblank structurally valid height, weight and billed fields applied. PROBABLE pending independent confirmation."
S956,Wikipedia profile: Shayna Baszler,website,https://en.wikipedia.org/wiki/Shayna_Baszler,10,Wikipedia/reference,2026-09-24,"Profile extraction for shayna-baszler; only nonblank structurally valid height, weight and billed fields applied. PROBABLE pending independent confirmation."
S957,Wikipedia profile: Jillian Hall,website,https://en.wikipedia.org/wiki/Jillian_Hall,10,Wikipedia/reference,2026-09-24,"Profile extraction for jillian-hall; only nonblank structurally valid height, weight and billed fields applied. PROBABLE pending independent confirmation."
S958,Wikipedia profile: Lisa Marie Varon,website,https://en.wikipedia.org/wiki/Lisa_Marie_Varon,10,Wikipedia/reference,2026-09-24,"Profile extraction for victoria; only nonblank structurally valid height, weight and billed fields applied. PROBABLE pending independent confirmation."
S959,Wikipedia profile: Santana Garrett,website,https://en.wikipedia.org/wiki/Santana_Garrett,10,Wikipedia/reference,2026-09-24,"Profile extraction for santana-garrett; only nonblank structurally valid height, weight and billed fields applied. PROBABLE pending independent confirmation."
S960,Wikipedia profile: Melina,website,https://en.wikipedia.org/wiki/Melina,10,Wikipedia/reference,2026-09-24,"Profile extraction for melina; only nonblank structurally valid height, weight and billed fields applied. PROBABLE pending independent confirmation."
S961,Wikipedia profile: Aliyah (wrestler),website,https://en.wikipedia.org/wiki/Aliyah_(wrestler),10,Wikipedia/reference,2026-09-24,"Profile extraction for aliyah; only nonblank structurally valid height, weight and billed fields applied. PROBABLE pending independent confirmation."
S962,Wikipedia profile: Cameron (wrestler),website,https://en.wikipedia.org/wiki/Cameron_(wrestler),10,Wikipedia/reference,2026-09-24,"Profile extraction for cameron; only nonblank structurally valid height, weight and billed fields applied. PROBABLE pending independent confirmation."
S963,Wikipedia profile: Ivory (wrestler),website,https://en.wikipedia.org/wiki/Ivory_(wrestler),10,Wikipedia/reference,2026-09-24,"Profile extraction for ivory; only nonblank structurally valid height, weight and billed fields applied. PROBABLE pending independent confirmation."
S964,Wikipedia profile: Summer Rae,website,https://en.wikipedia.org/wiki/Summer_Rae,10,Wikipedia/reference,2026-09-24,"Profile extraction for summer-rae; only nonblank structurally valid height, weight and billed fields applied. PROBABLE pending independent confirmation."
S965,Wikipedia profile: Ronda Rousey,website,https://en.wikipedia.org/wiki/Ronda_Rousey,10,Wikipedia/reference,2026-09-24,"Profile extraction for ronda-rousey; only nonblank structurally valid height, weight and billed fields applied. PROBABLE pending independent confirmation."
S966,Wikipedia profile: Tenille Dashwood,website,https://en.wikipedia.org/wiki/Tenille_Dashwood,10,Wikipedia/reference,2026-09-24,"Profile extraction for emma; only nonblank structurally valid height, weight and billed fields applied. PROBABLE pending independent confirmation."
S967,Wikipedia profile: B-Fab,website,https://en.wikipedia.org/wiki/B-Fab,10,Wikipedia/reference,2026-09-24,"Profile extraction for b-fab; only nonblank structurally valid height, weight and billed fields applied. PROBABLE pending independent confirmation."
S968,Wikipedia profile: Roxanne Perez,website,https://en.wikipedia.org/wiki/Roxanne_Perez,10,Wikipedia/reference,2026-09-24,"Profile extraction for roxanne-perez; only nonblank structurally valid height, weight and billed fields applied. PROBABLE pending independent confirmation."
S969,Wikipedia profile: Zoey Stark,website,https://en.wikipedia.org/wiki/Zoey_Stark,10,Wikipedia/reference,2026-09-24,"Profile extraction for zoey-stark; only nonblank structurally valid height, weight and billed fields applied. PROBABLE pending independent confirmation."
S970,Wikipedia profile: Piper Niven,website,https://en.wikipedia.org/wiki/Piper_Niven,10,Wikipedia/reference,2026-09-24,"Profile extraction for piper-niven; only nonblank structurally valid height, weight and billed fields applied. PROBABLE pending independent confirmation."
S972,Wikipedia profile: Indi Hartwell,website,https://en.wikipedia.org/wiki/Indi_Hartwell,10,Wikipedia/reference,2026-09-24,"Profile extraction for indi-hartwell; only nonblank structurally valid height, weight and billed fields applied. PROBABLE pending independent confirmation."
S973,Wikipedia profile: Jordynne Grace,website,https://en.wikipedia.org/wiki/Jordynne_Grace,10,Wikipedia/reference,2026-09-24,"Profile extraction for jordynne-grace; only nonblank structurally valid height, weight and billed fields applied. PROBABLE pending independent confirmation."
S974,Wikipedia profile: Ivy Nile,website,https://en.wikipedia.org/wiki/Ivy_Nile,10,Wikipedia/reference,2026-09-24,"Profile extraction for ivy-nile; only nonblank structurally valid height, weight and billed fields applied. PROBABLE pending independent confirmation."
S975,Wikipedia profile: Kayden Carter,website,https://en.wikipedia.org/wiki/Kayden_Carter,10,Wikipedia/reference,2026-09-24,"Profile extraction for kayden-carter; only nonblank structurally valid height, weight and billed fields applied. PROBABLE pending independent confirmation."
S976,Wikipedia profile: Maxxine Dupri,website,https://en.wikipedia.org/wiki/Maxxine_Dupri,10,Wikipedia/reference,2026-09-24,"Profile extraction for maxxine-dupri; only nonblank structurally valid height, weight and billed fields applied. PROBABLE pending independent confirmation."
S977,Wikipedia profile: Alba Fyre,website,https://en.wikipedia.org/wiki/Alba_Fyre,10,Wikipedia/reference,2026-09-24,"Profile extraction for alba-fyre; only nonblank structurally valid height, weight and billed fields applied. PROBABLE pending independent confirmation."
S978,Wikipedia profile: Jade Cargill,website,https://en.wikipedia.org/wiki/Jade_Cargill,10,Wikipedia/reference,2026-09-24,"Profile extraction for jade-cargill; only nonblank structurally valid height, weight and billed fields applied. PROBABLE pending independent confirmation."
S979,Wikipedia profile: Tiffany Stratton,website,https://en.wikipedia.org/wiki/Tiffany_Stratton,10,Wikipedia/reference,2026-09-24,"Profile extraction for tiffany-stratton; only nonblank structurally valid height, weight and billed fields applied. PROBABLE pending independent confirmation."
S980,Wikipedia profile: Lyra Valkyria,website,https://en.wikipedia.org/wiki/Lyra_Valkyria,10,Wikipedia/reference,2026-09-24,"Profile extraction for lyra-valkyria; only nonblank structurally valid height, weight and billed fields applied. PROBABLE pending independent confirmation."
S981,Wikipedia profile: Lash Legend,website,https://en.wikipedia.org/wiki/Lash_Legend,10,Wikipedia/reference,2026-09-24,"Profile extraction for lash-legend; only nonblank structurally valid height, weight and billed fields applied. PROBABLE pending independent confirmation."
S982,Wikipedia profile: Jaida Parker,website,https://en.wikipedia.org/wiki/Jaida_Parker,10,Wikipedia/reference,2026-09-24,"Profile extraction for jaida-parker; only nonblank structurally valid height, weight and billed fields applied. PROBABLE pending independent confirmation."
S983,Wikipedia profile: Stephanie Vaquer,website,https://en.wikipedia.org/wiki/Stephanie_Vaquer,10,Wikipedia/reference,2026-09-24,"Profile extraction for stephanie-vaquer; only nonblank structurally valid height, weight and billed fields applied. PROBABLE pending independent confirmation."
S984,Wikipedia profile: Giulia,website,https://en.wikipedia.org/wiki/Giulia,10,Wikipedia/reference,2026-09-24,"Profile extraction for giulia; only nonblank structurally valid height, weight and billed fields applied. PROBABLE pending independent confirmation."
S985,Wikipedia profile: Kiana James,website,https://en.wikipedia.org/wiki/Kiana_James,10,Wikipedia/reference,2026-09-24,"Profile extraction for kiana-james; only nonblank structurally valid height, weight and billed fields applied. PROBABLE pending independent confirmation."
S986,Wikipedia profile: Lola Vice,website,https://en.wikipedia.org/wiki/Lola_Vice,10,Wikipedia/reference,2026-09-24,"Profile extraction for lola-vice; only nonblank structurally valid height, weight and billed fields applied. PROBABLE pending independent confirmation."
S987,Wikipedia profile: Sol Ruca,website,https://en.wikipedia.org/wiki/Sol_Ruca,10,Wikipedia/reference,2026-09-24,"Profile extraction for sol-ruca; only nonblank structurally valid height, weight and billed fields applied. PROBABLE pending independent confirmation."
S988,Wikipedia profile: Jacy Jayne,website,https://en.wikipedia.org/wiki/Jacy_Jayne,10,Wikipedia/reference,2026-09-24,"Profile extraction for jacy-jayne; only nonblank structurally valid height, weight and billed fields applied. PROBABLE pending independent confirmation."
S989,Wikipedia profile: Kelani Jordan,website,https://en.wikipedia.org/wiki/Kelani_Jordan,10,Wikipedia/reference,2026-09-24,"Profile extraction for kelani-jordan; only nonblank structurally valid height, weight and billed fields applied. PROBABLE pending independent confirmation."
S990,TheSmackDownHotel wrestler profile: Sasha Banks,wrestler_database,https://www.thesmackdownhotel.com/wrestlers/sasha-banks,12,Other reputable site,2026-09-24,"Dedicated profile lists 1.65 m, 52 kg, billed from Boston, Massachusetts; used to fill blanks and cross-check Wikipedia/reference data."
S991,TheSmackDownHotel wrestler profile: Becky Lynch,wrestler_database,https://www.thesmackdownhotel.com/wrestlers/becky-lynch,12,Other reputable site,2026-09-24,"Dedicated profile lists 1.68 m, 61 kg, billed from Dublin, Ireland; used to fill blanks and cross-check Wikipedia/reference data."
S992,TheSmackDownHotel wrestler profile: Valhalla,wrestler_database,https://www.thesmackdownhotel.com/wrestlers/sarah-logan,12,Other reputable site,2026-09-24,"Dedicated profile lists 1.68 m, 63 kg, billed from Louisville, Kentucky; used to fill blanks and cross-check Wikipedia/reference data."
S993,TheSmackDownHotel wrestler profile: Mandy Rose,wrestler_database,https://www.thesmackdownhotel.com/wrestlers/mandy-rose,12,Other reputable site,2026-09-24,"Dedicated profile lists 1.63 m, 54 kg, billed from Yorktown Heights, New York; used to fill blanks and cross-check Wikipedia/reference data."
S994,TheSmackDownHotel wrestler profile: Lita,wrestler_database,https://www.thesmackdownhotel.com/wrestlers/lita,12,Other reputable site,2026-09-24,"Dedicated profile lists 1.68 m, 61 kg, billed from Sanford, North Carolina; used to fill blanks and cross-check Wikipedia/reference data."
S995,TheSmackDownHotel wrestler profile: Kairi Sane,wrestler_database,https://www.thesmackdownhotel.com/wrestlers/kairi-sane,12,Other reputable site,2026-09-24,"Dedicated profile lists 1.57 m, 52 kg, billed from Yamaguchi, Japan; used to fill blanks and cross-check Wikipedia/reference data."
S996,TheSmackDownHotel wrestler profile: Tamina,wrestler_database,https://www.thesmackdownhotel.com/wrestlers/tamina,12,Other reputable site,2026-09-24,"Dedicated profile lists 1.75 m, 77 kg, billed from The Pacific Islands; used to fill blanks and cross-check Wikipedia/reference data."
S997,TheSmackDownHotel wrestler profile: Dana Brooke,wrestler_database,https://www.thesmackdownhotel.com/wrestlers/dana-brooke,12,Other reputable site,2026-09-24,"Dedicated profile lists 1.60 m, 57 kg, billed from Cleveland, Ohio; used to fill blanks and cross-check Wikipedia/reference data."
S998,TheSmackDownHotel wrestler profile: Torrie Wilson,wrestler_database,https://www.thesmackdownhotel.com/wrestlers/torrie-wilson,12,Other reputable site,2026-09-24,"Dedicated profile lists 1.70 m, 60 kg, billed from Boise, Idaho; used to fill blanks and cross-check Wikipedia/reference data."
S999,TheSmackDownHotel wrestler profile: Sonya Deville,wrestler_database,https://www.thesmackdownhotel.com/wrestlers/sonya-deville,12,Other reputable site,2026-09-24,"Dedicated profile lists 1.70 m, 59 kg, billed from Shamong, New Jersey; used to fill blanks and cross-check Wikipedia/reference data."
S1000,TheSmackDownHotel wrestler profile: Liv Morgan,wrestler_database,https://www.thesmackdownhotel.com/wrestlers/liv-morgan,12,Other reputable site,2026-09-24,"Dedicated profile lists 1.65 m, 57 kg, billed from Elmwood Park, New Jersey; used to fill blanks and cross-check Wikipedia/reference data."
S1001,TheSmackDownHotel wrestler profile: Mighty Molly,wrestler_database,https://www.thesmackdownhotel.com/wrestlers/molly-holly,12,Other reputable site,2026-09-24,"Dedicated profile lists 1.63 m, 64 kg, billed from Forest Lake, Minnesota; used to fill blanks and cross-check Wikipedia/reference data."
S1002,TheSmackDownHotel wrestler profile: Lana,wrestler_database,https://www.thesmackdownhotel.com/wrestlers/lana,12,Other reputable site,2026-09-24,"Dedicated profile lists 1.70 m, 52 kg, billed from Moscow, Russia; used to fill blanks and cross-check Wikipedia/reference data."
S1003,TheSmackDownHotel wrestler profile: Michelle McCool,wrestler_database,https://www.thesmackdownhotel.com/wrestlers/michelle-mccool,12,Other reputable site,2026-09-24,"Dedicated profile lists 1.78 m, 58 kg, billed from Palatka, Florida; used to fill blanks and cross-check Wikipedia/reference data."
S1004,TheSmackDownHotel wrestler profile: Ruby Riott,wrestler_database,https://www.thesmackdownhotel.com/wrestlers/ruby-riott,12,Other reputable site,2026-09-24,"Dedicated profile lists 1.63 m, 55 kg, billed from Lafayette, Indiana; used to fill blanks and cross-check Wikipedia/reference data."
S1005,TheSmackDownHotel wrestler profile: Vickie Guerrero,wrestler_database,https://www.thesmackdownhotel.com/wrestlers/vickie-guerrero,12,Other reputable site,2026-09-24,"Dedicated profile lists 1.68 m, 77 kg, billed from El Paso, Texas; used to fill blanks and cross-check Wikipedia/reference data."
S1006,TheSmackDownHotel wrestler profile: Carmella,wrestler_database,https://www.thesmackdownhotel.com/wrestlers/carmella,12,Other reputable site,2026-09-24,"Dedicated profile lists 1.65 m, 50 kg, billed from Staten Island; used to fill blanks and cross-check Wikipedia/reference data."
S1007,TheSmackDownHotel wrestler profile: Nattie,wrestler_database,https://www.thesmackdownhotel.com/wrestlers/natalya,12,Other reputable site,2026-09-24,"Dedicated profile lists 1.65 m, 61 kg, billed from Calgary, Alberta, Canada; used to fill blanks and cross-check Wikipedia/reference data."
S1008,TheSmackDownHotel wrestler profile: Kelly Kelly,wrestler_database,https://www.thesmackdownhotel.com/wrestlers/kelly-kelly,12,Other reputable site,2026-09-24,"Dedicated profile lists 1.65 m, 49 kg, billed from Jacksonville, Florida; used to fill blanks and cross-check Wikipedia/reference data."
S1009,TheSmackDownHotel wrestler profile: Naomi,wrestler_database,https://www.thesmackdownhotel.com/wrestlers/naomi,12,Other reputable site,2026-09-24,"Dedicated profile lists 1.65 m, 57 kg, billed from Orlando, Florida; used to fill blanks and cross-check Wikipedia/reference data."
S1010,TheSmackDownHotel wrestler profile: Jacqueline,wrestler_database,https://www.thesmackdownhotel.com/wrestlers/jacqueline,12,Other reputable site,2026-09-24,"Dedicated profile lists 1.60 m, 54 kg, billed from Memphis, Tennessee; used to fill blanks and cross-check Wikipedia/reference data."
S1011,TheSmackDownHotel wrestler profile: Nia Jax,wrestler_database,https://www.thesmackdownhotel.com/wrestlers/nia-jax,12,Other reputable site,2026-09-24,"Dedicated profile lists 1.83 m, 116 kg, billed from San Diego, California; used to fill blanks and cross-check Wikipedia/reference data."
S1012,TheSmackDownHotel wrestler profile: Ember Moon,wrestler_database,https://www.thesmackdownhotel.com/wrestlers/ember-moon,12,Other reputable site,2026-09-24,"Dedicated profile lists 1.57 m, 54 kg, billed from Dallas, Texas; used to fill blanks and cross-check Wikipedia/reference data."
S1013,TheSmackDownHotel wrestler profile: Beth Phoenix,wrestler_database,https://www.thesmackdownhotel.com/wrestlers/beth-phoenix,12,Other reputable site,2026-09-24,"Dedicated profile lists 1.70 m, 68 kg, billed from Buffalo, New York; used to fill blanks and cross-check Wikipedia/reference data."
S1014,TheSmackDownHotel wrestler profile: Asuka,wrestler_database,https://www.thesmackdownhotel.com/wrestlers/asuka,12,Other reputable site,2026-09-24,"Dedicated profile lists 1.60 m, 62 kg, billed from Osaka, Japan; used to fill blanks and cross-check Wikipedia/reference data."
S1015,TheSmackDownHotel wrestler profile: Mickie James,wrestler_database,https://www.thesmackdownhotel.com/wrestlers/mickie-james,12,Other reputable site,2026-09-24,"Dedicated profile lists 1.63 m, 56 kg, billed from Richmond, Virginia; used to fill blanks and cross-check Wikipedia/reference data."
S1016,TheSmackDownHotel wrestler profile: Nikki Bella,wrestler_database,https://www.thesmackdownhotel.com/wrestlers/nikki-bella,12,Other reputable site,2026-09-24,"Dedicated profile lists 1.68 m, 59 kg, billed from Scottsdale, Arizona; used to fill blanks and cross-check Wikipedia/reference data."
S1017,TheSmackDownHotel wrestler profile: Brie Bella,wrestler_database,https://www.thesmackdownhotel.com/wrestlers/brie-bella,12,Other reputable site,2026-09-24,"Dedicated profile lists 1.68 m, 56 kg, billed from Scottsdale, Arizona; used to fill blanks and cross-check Wikipedia/reference data."
S1018,TheSmackDownHotel wrestler profile: Bayley,wrestler_database,https://www.thesmackdownhotel.com/wrestlers/bayley,12,Other reputable site,2026-09-24,"Dedicated profile lists 1.68 m, 54 kg, billed from San Jose, California; used to fill blanks and cross-check Wikipedia/reference data."
S1019,TheSmackDownHotel wrestler profile: Trish Stratus,wrestler_database,https://www.thesmackdownhotel.com/wrestlers/trish-stratus,12,Other reputable site,2026-09-24,"Dedicated profile lists 1.65 m, 57 kg, billed from Toronto, Ontario, Canada; used to fill blanks and cross-check Wikipedia/reference data."
S1020,TheSmackDownHotel wrestler profile: Lacey Evans,wrestler_database,https://www.thesmackdownhotel.com/wrestlers/lacey-evans,12,Other reputable site,2026-09-24,"Dedicated profile lists 1.73 m, 59 kg, billed from Parris Island, South Carolina; used to fill blanks and cross-check Wikipedia/reference data."
S1021,TheSmackDownHotel wrestler profile: Billie Kay,wrestler_database,https://www.thesmackdownhotel.com/wrestlers/billie-kay,12,Other reputable site,2026-09-24,"Dedicated profile lists 1.73 m, 60 kg, billed from Sydney, Australia; used to fill blanks and cross-check Wikipedia/reference data."
S1022,TheSmackDownHotel wrestler profile: Nikki Cross,wrestler_database,https://www.thesmackdownhotel.com/wrestlers/nikki-cross,12,Other reputable site,2026-09-24,"Dedicated profile lists 1.57 m, 54 kg, billed from Glasgow, Scotland; used to fill blanks and cross-check Wikipedia/reference data."
S1023,TheSmackDownHotel wrestler profile: Peyton Royce,wrestler_database,https://www.thesmackdownhotel.com/wrestlers/peyton-royce,12,Other reputable site,2026-09-24,"Dedicated profile lists 1.70 m, 60 kg, billed from Sydney, Australia; used to fill blanks and cross-check Wikipedia/reference data."
S1024,TheSmackDownHotel wrestler profile: Xia Li,wrestler_database,https://www.thesmackdownhotel.com/wrestlers/xia-li,12,Other reputable site,2026-09-24,"Dedicated profile lists 1.60 m, 62 kg, billed from Chongqing, China; used to fill blanks and cross-check Wikipedia/reference data."
S1025,TheSmackDownHotel wrestler profile: Charlotte Flair,wrestler_database,https://www.thesmackdownhotel.com/wrestlers/charlotte-flair,12,Other reputable site,2026-09-24,"Dedicated profile lists 1.78 m, 65 kg, billed from The Queen City; used to fill blanks and cross-check Wikipedia/reference data."
S1026,TheSmackDownHotel wrestler profile: Maria Kanellis,wrestler_database,https://www.thesmackdownhotel.com/wrestlers/maria-kanellis,12,Other reputable site,2026-09-24,"Dedicated profile lists 1.70 m, 54 kg, billed from Chicago, Illinois; used to fill blanks and cross-check Wikipedia/reference data."
S1027,TheSmackDownHotel wrestler profile: Candice LeRae,wrestler_database,https://www.thesmackdownhotel.com/wrestlers/candice-lerae,12,Other reputable site,2026-09-24,"Dedicated profile lists 1.58 m, 50 kg, billed from Anaheim, California; used to fill blanks and cross-check Wikipedia/reference data."
S1028,TheSmackDownHotel wrestler profile: Alicia Fox,wrestler_database,https://www.thesmackdownhotel.com/wrestlers/alicia-fox,12,Other reputable site,2026-09-24,"Dedicated profile lists 1.75 m, 54 kg, billed from Ponte Vedra Beach, Florida; used to fill blanks and cross-check Wikipedia/reference data."
S1029,TheSmackDownHotel wrestler profile: Katana Chance,wrestler_database,https://www.thesmackdownhotel.com/wrestlers/kacy-catanzaro,12,Other reputable site,2026-09-24,"Dedicated profile lists 1.52 m, 43 kg, billed from Belleville, New Jersey; used to fill blanks and cross-check Wikipedia/reference data."
S1030,TheSmackDownHotel wrestler profile: IYO SKY,wrestler_database,https://www.thesmackdownhotel.com/wrestlers/io-shirai,12,Other reputable site,2026-09-24,"Dedicated profile lists 1.57 m, 54 kg, billed from Tokyo, Japan; used to fill blanks and cross-check Wikipedia/reference data."
S1031,TheSmackDownHotel wrestler profile: Rhea Ripley,wrestler_database,https://www.thesmackdownhotel.com/wrestlers/rhea-ripley,12,Other reputable site,2026-09-24,"Dedicated profile lists 1.75 m, 77 kg, billed from Adelaide, South Australia; used to fill blanks and cross-check Wikipedia/reference data."
S1032,TheSmackDownHotel wrestler profile: Alexa Bliss,wrestler_database,https://www.thesmackdownhotel.com/wrestlers/alexa-bliss,12,Other reputable site,2026-09-24,"Dedicated profile lists 1.55 m, 46 kg, billed from Columbus, Ohio; used to fill blanks and cross-check Wikipedia/reference data."
S1033,TheSmackDownHotel wrestler profile: Bianca Belair,wrestler_database,https://www.thesmackdownhotel.com/wrestlers/bianca-belair,12,Other reputable site,2026-09-24,"Dedicated profile lists 1.70 m, 70 kg, billed from Knoxville, Tennessee; used to fill blanks and cross-check Wikipedia/reference data."
S1034,TheSmackDownHotel wrestler profile: Mercedes Martinez,wrestler_database,https://www.thesmackdownhotel.com/wrestlers/mercedes-martinez,12,Other reputable site,2026-09-24,"Dedicated profile lists 1.70 m, 67 kg, billed from Waterbury, Connecticut; used to fill blanks and cross-check Wikipedia/reference data."
S1035,TheSmackDownHotel wrestler profile: Michin,wrestler_database,https://www.thesmackdownhotel.com/wrestlers/mia-yim,12,Other reputable site,2026-09-24,"Dedicated profile lists 1.70 m, 60 kg, billed from Fontana, California; used to fill blanks and cross-check Wikipedia/reference data."
S1036,TheSmackDownHotel wrestler profile: Dakota Kai,wrestler_database,https://www.thesmackdownhotel.com/wrestlers/dakota-kai,12,Other reputable site,2026-09-24,"Dedicated profile lists 1.68 m, 55 kg, billed from East Auckland, New Zealand; used to fill blanks and cross-check Wikipedia/reference data."
S1037,TheSmackDownHotel wrestler profile: Chelsea Green,wrestler_database,https://www.thesmackdownhotel.com/wrestlers/chelsea-green,12,Other reputable site,2026-09-24,"Dedicated profile lists 1.73 m, 57 kg, billed from Victoria, British Columbia; used to fill blanks and cross-check Wikipedia/reference data."
S1038,TheSmackDownHotel wrestler profile: Toni Storm,wrestler_database,https://www.thesmackdownhotel.com/wrestlers/toni-storm,12,Other reputable site,2026-09-24,"Dedicated profile lists 1.65 m, 65 kg, billed from Gold Coast, Australia; used to fill blanks and cross-check Wikipedia/reference data."
S1039,TheSmackDownHotel wrestler profile: Shotzi,wrestler_database,https://www.thesmackdownhotel.com/wrestlers/shotzi-blackheart,12,Other reputable site,2026-09-24,"Dedicated profile lists 1.68 m, 57 kg, billed from Oakland, California; used to fill blanks and cross-check Wikipedia/reference data."
S1040,TheSmackDownHotel wrestler profile: Tegan Nox,wrestler_database,https://www.thesmackdownhotel.com/wrestlers/tegan-nox,12,Other reputable site,2026-09-24,"Dedicated profile lists 1.68 m, 64 kg, billed from Welsh Valleys; used to fill blanks and cross-check Wikipedia/reference data."
S1041,TheSmackDownHotel wrestler profile: Santina Marella,wrestler_database,https://www.thesmackdownhotel.com/wrestlers/santino-marella,12,Other reputable site,2026-09-24,"Dedicated profile lists 1.83 m, 103 kg, billed from San Fili, Calabria, Italy; used to fill blanks and cross-check Wikipedia/reference data."
S1042,TheSmackDownHotel wrestler profile: Shayna Baszler,wrestler_database,https://www.thesmackdownhotel.com/wrestlers/shayna-baszler,12,Other reputable site,2026-09-24,"Dedicated profile lists 1.70 m, 62 kg, billed from Sioux Falls, South Dakota; used to fill blanks and cross-check Wikipedia/reference data."
S1043,TheSmackDownHotel wrestler profile: Jillian Hall,wrestler_database,https://www.thesmackdownhotel.com/wrestlers/jillian-hall,12,Other reputable site,2026-09-24,"Dedicated profile lists 1.68 m, 59 kg, billed from Louisville, Kentucky; used to fill blanks and cross-check Wikipedia/reference data."
S1044,TheSmackDownHotel wrestler profile: Victoria,wrestler_database,https://www.thesmackdownhotel.com/wrestlers/victoria-tara,12,Other reputable site,2026-09-24,"Dedicated profile lists 1.73 m, 70 kg, billed from Louisville, Kentucky; used to fill blanks and cross-check Wikipedia/reference data."
S1045,TheSmackDownHotel wrestler profile: Santana Garrett,wrestler_database,https://www.thesmackdownhotel.com/wrestlers/santana-garrett,12,Other reputable site,2026-09-24,"Dedicated profile lists 1.65 m, 54 kg, billed from Ocala, Florida; used to fill blanks and cross-check Wikipedia/reference data."
S1046,TheSmackDownHotel wrestler profile: Melina,wrestler_database,https://www.thesmackdownhotel.com/wrestlers/melina,12,Other reputable site,2026-09-24,"Dedicated profile lists 1.63 m, 56 kg, billed from Los Angeles, California; used to fill blanks and cross-check Wikipedia/reference data."
S1047,TheSmackDownHotel wrestler profile: Aliyah,wrestler_database,https://www.thesmackdownhotel.com/wrestlers/aliyah,12,Other reputable site,2026-09-24,"Dedicated profile lists 1.60 m, 51 kg, billed from Toronto, Ontario, Canada; used to fill blanks and cross-check Wikipedia/reference data."
S1048,TheSmackDownHotel wrestler profile: Cameron,wrestler_database,https://www.thesmackdownhotel.com/wrestlers/cameron,12,Other reputable site,2026-09-24,"Dedicated profile lists 1.68 m, 54 kg, billed from Northridge, California; used to fill blanks and cross-check Wikipedia/reference data."
S1049,TheSmackDownHotel wrestler profile: Ivory,wrestler_database,https://www.thesmackdownhotel.com/wrestlers/ivory,12,Other reputable site,2026-09-24,"Dedicated profile lists 1.65 m, 61 kg, billed from Seattle, Washington; used to fill blanks and cross-check Wikipedia/reference data."
S1050,TheSmackDownHotel wrestler profile: Summer Rae,wrestler_database,https://www.thesmackdownhotel.com/wrestlers/summer-rae,12,Other reputable site,2026-09-24,"Dedicated profile lists 1.78 m, 57 kg, billed from Raleigh, North Carolina; used to fill blanks and cross-check Wikipedia/reference data."
S1051,TheSmackDownHotel wrestler profile: Ronda Rousey,wrestler_database,https://www.thesmackdownhotel.com/wrestlers/ronda-rousey,12,Other reputable site,2026-09-24,"Dedicated profile lists 1.70 m, 61 kg, billed from Venice, California; used to fill blanks and cross-check Wikipedia/reference data."
S1052,TheSmackDownHotel wrestler profile: Emma,wrestler_database,https://www.thesmackdownhotel.com/wrestlers/emma-tenille-dashwood,12,Other reputable site,2026-09-24,"Dedicated profile lists 1.65 m, 60 kg, billed from Melbourne, Australia; used to fill blanks and cross-check Wikipedia/reference data."
S1053,TheSmackDownHotel wrestler profile: B-Fab,wrestler_database,https://www.thesmackdownhotel.com/wrestlers/briana-brandy,12,Other reputable site,2026-09-24,"Dedicated profile lists 1.75 m, 62 kg, billed from Canton, Ohio; used to fill blanks and cross-check Wikipedia/reference data."
S1054,TheSmackDownHotel wrestler profile: Roxanne Perez,wrestler_database,https://www.thesmackdownhotel.com/wrestlers/rok-c,12,Other reputable site,2026-09-24,"Dedicated profile lists 1.55 m, no weight kg, billed from Laredo, Texas; used to fill blanks and cross-check Wikipedia/reference data."
S1055,TheSmackDownHotel wrestler profile: Zoey Stark,wrestler_database,https://www.thesmackdownhotel.com/wrestlers/zoey-stark-lacey-ryan,12,Other reputable site,2026-09-24,"Dedicated profile lists 1.70 m, 64 kg, billed from Las Vegas, Nevada; used to fill blanks and cross-check Wikipedia/reference data."
S1056,TheSmackDownHotel wrestler profile: Piper Niven,wrestler_database,https://www.thesmackdownhotel.com/wrestlers/piper-niven,12,Other reputable site,2026-09-24,"Dedicated profile lists 1.73 m, 94 kg, billed from Ayrshire, Scotland; used to fill blanks and cross-check Wikipedia/reference data."
S1057,TheSmackDownHotel wrestler profile: Raquel Rodriguez,wrestler_database,https://www.thesmackdownhotel.com/wrestlers/raquel-gonzalez,12,Other reputable site,2026-09-24,"Dedicated profile lists 1.83 m, 80 kg, billed from Rio Grande Valley, Texas; used to fill blanks and cross-check Wikipedia/reference data."
S1058,TheSmackDownHotel wrestler profile: Indi Hartwell,wrestler_database,https://www.thesmackdownhotel.com/wrestlers/indi-hartwell,12,Other reputable site,2026-09-24,"Dedicated profile lists 1.75 m, 63 kg, billed from Melbourne, Australia; used to fill blanks and cross-check Wikipedia/reference data."
S1059,TheSmackDownHotel wrestler profile: Jordynne Grace,wrestler_database,https://www.thesmackdownhotel.com/wrestlers/jordynne-grace,12,Other reputable site,2026-09-24,"Dedicated profile lists 1.60 m, 68 kg, billed from Austin, Texas; used to fill blanks and cross-check Wikipedia/reference data."
S1060,TheSmackDownHotel wrestler profile: Ivy Nile,wrestler_database,https://www.thesmackdownhotel.com/wrestlers/ivy-nile,12,Other reputable site,2026-09-24,"Dedicated profile lists 1.57 m, 57 kg, billed from Knoxville, Tennessee; used to fill blanks and cross-check Wikipedia/reference data."
S1061,TheSmackDownHotel wrestler profile: Kayden Carter,wrestler_database,https://www.thesmackdownhotel.com/wrestlers/kayden-carter,12,Other reputable site,2026-09-24,"Dedicated profile lists 1.57 m, 54 kg, billed from Philippines; used to fill blanks and cross-check Wikipedia/reference data."
S1062,TheSmackDownHotel wrestler profile: Maxxine Dupri,wrestler_database,https://www.thesmackdownhotel.com/wrestlers/maxxine-dupri,12,Other reputable site,2026-09-24,"Dedicated profile lists 1.73 m, 61 kg, billed from Sacramento, California; used to fill blanks and cross-check Wikipedia/reference data."
S1063,TheSmackDownHotel wrestler profile: Jade Cargill,wrestler_database,https://www.thesmackdownhotel.com/wrestlers/jade-cargill,12,Other reputable site,2026-09-24,"Dedicated profile lists 1.78 m, 73 kg, billed from Vero Beach, Florida; used to fill blanks and cross-check Wikipedia/reference data."
S1064,TheSmackDownHotel wrestler profile: Tiffany Stratton,wrestler_database,https://www.thesmackdownhotel.com/wrestlers/tiffany-stratton,12,Other reputable site,2026-09-24,"Dedicated profile lists 1.70 m, 65 kg, billed from Prior Lake, Minnesota; used to fill blanks and cross-check Wikipedia/reference data."
S1065,TheSmackDownHotel wrestler profile: Lash Legend,wrestler_database,https://www.thesmackdownhotel.com/wrestlers/lash-legend,12,Other reputable site,2026-09-24,"Dedicated profile lists 1.83 m, 79 kg, billed from Atlanta, Georgia; used to fill blanks and cross-check Wikipedia/reference data."
S1066,TheSmackDownHotel wrestler profile: Jaida Parker,wrestler_database,https://www.thesmackdownhotel.com/wrestlers/jaida-parker,12,Other reputable site,2026-09-24,"Dedicated profile lists 1.70 m, 69 kg, billed from Port St. Lucie, Florida; used to fill blanks and cross-check Wikipedia/reference data."
S1067,TheSmackDownHotel wrestler profile: Stephanie Vaquer,wrestler_database,https://www.thesmackdownhotel.com/wrestlers/stephanie-vaquer,12,Other reputable site,2026-09-24,"Dedicated profile lists 1.63 m, 50 kg, billed from San Antonio, Chile; used to fill blanks and cross-check Wikipedia/reference data."
S1068,TheSmackDownHotel wrestler profile: Giulia,wrestler_database,https://www.thesmackdownhotel.com/wrestlers/giulia,12,Other reputable site,2026-09-24,"Dedicated profile lists 1.62 m, 55 kg, billed from not stated; used to fill blanks and cross-check Wikipedia/reference data."
S1069,TheSmackDownHotel wrestler profile: Kiana James,wrestler_database,https://www.thesmackdownhotel.com/wrestlers/kiana-james,12,Other reputable site,2026-09-24,"Dedicated profile lists 1.78 m, 70 kg, billed from Sioux City, Iowa; used to fill blanks and cross-check Wikipedia/reference data."
S1070,TheSmackDownHotel wrestler profile: Lola Vice,wrestler_database,https://www.thesmackdownhotel.com/wrestlers/lola-vice,12,Other reputable site,2026-09-24,"Dedicated profile lists 1.63 m, 58 kg, billed from Miami, Florida; used to fill blanks and cross-check Wikipedia/reference data."
S1071,TheSmackDownHotel wrestler profile: Sol Ruca,wrestler_database,https://www.thesmackdownhotel.com/wrestlers/sol-ruca,12,Other reputable site,2026-09-24,"Dedicated profile lists 1.73 m, 63 kg, billed from Honolulu, Hawaii; used to fill blanks and cross-check Wikipedia/reference data."
S1072,TheSmackDownHotel wrestler profile: Jacy Jayne,wrestler_database,https://www.thesmackdownhotel.com/wrestlers/jacy-jayne,12,Other reputable site,2026-09-24,"Dedicated profile lists 1.68 m, 52 kg, billed from Tampa, Florida; used to fill blanks and cross-check Wikipedia/reference data."
S1073,TheSmackDownHotel wrestler profile: Kelani Jordan,wrestler_database,https://www.thesmackdownhotel.com/wrestlers/kelani-jordan,12,Other reputable site,2026-09-24,"Dedicated profile lists 1.65 m, no weight kg, billed from Boynton Beach, Florida; used to fill blanks and cross-check Wikipedia/reference data."
S971,WWE.com Superstar profile: Raquel Rodriguez,official_website,https://www.wwe.com/superstars/raquel-rodriguez,1,Official primary source,2026-09-24,"Official profile lists 6 ft 0 in and Rio Grande Valley, Texas; replaces a rejected automated match to footballer Rocky Rodríguez."
S1074,WWE.com Superstar profile: Valhalla,official_website,https://www.wwe.com/superstars/valhalla,1,Official primary source,2026-09-24,"Official profile confirms Valhalla is Sarah Logan and lists 5 ft 6 in and Louisville, Kentucky."
S1075,WWE.com Superstar profile: Zelina Vega,official_website,https://www.wwe.com/superstars/zelina,1,Official primary source,2026-09-24,"Official profile lists Queens, New York; WWE does not publish a billed weight on this profile."
S1076,TheSmackDownHotel dated character history: Bret Hart,wrestler_database,https://www.thesmackdownhotel.com/wrestlers/bret-hart,12,Other reputable site,2026-09-24,Dated Face/Heel Turns and Ring Names & Gimmicks timelines used only where the event date falls inside a published interval.
S1077,TheSmackDownHotel dated character history: Tito Santana,wrestler_database,https://www.thesmackdownhotel.com/wrestlers/tito-santana,12,Other reputable site,2026-09-24,Dated Face/Heel Turns and Ring Names & Gimmicks timelines used only where the event date falls inside a published interval.
S1078,TheSmackDownHotel dated character history: Butch Reed,wrestler_database,https://www.thesmackdownhotel.com/wrestlers/butch-reed,12,Other reputable site,2026-09-24,Dated Face/Heel Turns and Ring Names & Gimmicks timelines used only where the event date falls inside a published interval.
S1079,TheSmackDownHotel dated character history: Jim Neidhart,wrestler_database,https://www.thesmackdownhotel.com/wrestlers/jim-neidhart,12,Other reputable site,2026-09-24,Dated Face/Heel Turns and Ring Names & Gimmicks timelines used only where the event date falls inside a published interval.
S1080,TheSmackDownHotel dated character history: Jake Roberts,wrestler_database,https://www.thesmackdownhotel.com/wrestlers/jake-roberts,12,Other reputable site,2026-09-24,Dated Face/Heel Turns and Ring Names & Gimmicks timelines used only where the event date falls inside a published interval.
S1081,TheSmackDownHotel dated character history: Harley Race,wrestler_database,https://www.thesmackdownhotel.com/wrestlers/harley-race,12,Other reputable site,2026-09-24,Dated Face/Heel Turns and Ring Names & Gimmicks timelines used only where the event date falls inside a published interval.
S1082,TheSmackDownHotel dated character history: Jim Brunzell,wrestler_database,https://www.thesmackdownhotel.com/wrestlers/jim-brunzell,12,Other reputable site,2026-09-24,Dated Face/Heel Turns and Ring Names & Gimmicks timelines used only where the event date falls inside a published interval.
S1083,TheSmackDownHotel dated character history: Boris Zhukov,wrestler_database,https://www.thesmackdownhotel.com/wrestlers/boris-zhukov,12,Other reputable site,2026-09-24,Dated Face/Heel Turns and Ring Names & Gimmicks timelines used only where the event date falls inside a published interval.
S1084,TheSmackDownHotel dated character history: Don Muraco,wrestler_database,https://www.thesmackdownhotel.com/wrestlers/don-muraco,12,Other reputable site,2026-09-24,Dated Face/Heel Turns and Ring Names & Gimmicks timelines used only where the event date falls inside a published interval.
S1085,TheSmackDownHotel dated character history: Nikolai Volkoff,wrestler_database,https://www.thesmackdownhotel.com/wrestlers/nikolai-volkoff,12,Other reputable site,2026-09-24,Dated Face/Heel Turns and Ring Names & Gimmicks timelines used only where the event date falls inside a published interval.
S1086,TheSmackDownHotel dated character history: Jim Duggan,wrestler_database,https://www.thesmackdownhotel.com/wrestlers/jim-duggan,12,Other reputable site,2026-09-24,Dated Face/Heel Turns and Ring Names & Gimmicks timelines used only where the event date falls inside a published interval.
S1087,TheSmackDownHotel dated character history: B. Brian Blair,wrestler_database,https://www.thesmackdownhotel.com/wrestlers/b-brian-blair,12,Other reputable site,2026-09-24,Dated Face/Heel Turns and Ring Names & Gimmicks timelines used only where the event date falls inside a published interval.
S1088,TheSmackDownHotel dated character history: Hillbilly Jim,wrestler_database,https://www.thesmackdownhotel.com/wrestlers/hillbilly-jim,12,Other reputable site,2026-09-24,Dated Face/Heel Turns and Ring Names & Gimmicks timelines used only where the event date falls inside a published interval.
S1089,TheSmackDownHotel dated character history: Dino Bravo,wrestler_database,https://www.thesmackdownhotel.com/wrestlers/dino-bravo,12,Other reputable site,2026-09-24,Dated Face/Heel Turns and Ring Names & Gimmicks timelines used only where the event date falls inside a published interval.
S1090,TheSmackDownHotel dated character history: Ultimate Warrior,wrestler_database,https://www.thesmackdownhotel.com/wrestlers/ultimate-warrior,12,Other reputable site,2026-09-24,Dated Face/Heel Turns and Ring Names & Gimmicks timelines used only where the event date falls inside a published interval.
S1091,TheSmackDownHotel dated character history: Akeem,wrestler_database,https://www.thesmackdownhotel.com/wrestlers/one-man-gang-akeem,12,Other reputable site,2026-09-24,Dated Face/Heel Turns and Ring Names & Gimmicks timelines used only where the event date falls inside a published interval.
S1092,TheSmackDownHotel dated character history: Junkyard Dog,wrestler_database,https://www.thesmackdownhotel.com/wrestlers/junkyard-dog,12,Other reputable site,2026-09-24,Dated Face/Heel Turns and Ring Names & Gimmicks timelines used only where the event date falls inside a published interval.
S1093,TheSmackDownHotel dated character history: Demolition Ax,wrestler_database,https://www.thesmackdownhotel.com/wrestlers/demolition-ax,12,Other reputable site,2026-09-24,Dated Face/Heel Turns and Ring Names & Gimmicks timelines used only where the event date falls inside a published interval.
S1094,TheSmackDownHotel dated character history: Andre the Giant,wrestler_database,https://www.thesmackdownhotel.com/wrestlers/andre-the-giant,12,Other reputable site,2026-09-24,Dated Face/Heel Turns and Ring Names & Gimmicks timelines used only where the event date falls inside a published interval.
S1095,TheSmackDownHotel dated character history: Mr. Perfect,wrestler_database,https://www.thesmackdownhotel.com/wrestlers/mr-perfect-curt-hennig,12,Other reputable site,2026-09-24,Dated Face/Heel Turns and Ring Names & Gimmicks timelines used only where the event date falls inside a published interval.
S1096,TheSmackDownHotel dated character history: Ronnie Garvin,wrestler_database,https://www.thesmackdownhotel.com/wrestlers/ronnie-garvin,12,Other reputable site,2026-09-24,Dated Face/Heel Turns and Ring Names & Gimmicks timelines used only where the event date falls inside a published interval.
S1097,TheSmackDownHotel dated character history: Greg Valentine,wrestler_database,https://www.thesmackdownhotel.com/wrestlers/greg-valentine,12,Other reputable site,2026-09-24,Dated Face/Heel Turns and Ring Names & Gimmicks timelines used only where the event date falls inside a published interval.
S1098,TheSmackDownHotel dated character history: Shawn Michaels,wrestler_database,https://www.thesmackdownhotel.com/wrestlers/shawn-michaels,12,Other reputable site,2026-09-24,Dated Face/Heel Turns and Ring Names & Gimmicks timelines used only where the event date falls inside a published interval.
S1099,TheSmackDownHotel dated character history: Bushwhacker Butch,wrestler_database,https://www.thesmackdownhotel.com/wrestlers/bushwhacker-butch,12,Other reputable site,2026-09-24,Dated Face/Heel Turns and Ring Names & Gimmicks timelines used only where the event date falls inside a published interval.
S1100,TheSmackDownHotel dated character history: Honkytonk Man,wrestler_database,https://www.thesmackdownhotel.com/wrestlers/honky-tonk-man,12,Other reputable site,2026-09-24,Dated Face/Heel Turns and Ring Names & Gimmicks timelines used only where the event date falls inside a published interval.
S1101,TheSmackDownHotel dated character history: Bad News Brown,wrestler_database,https://www.thesmackdownhotel.com/wrestlers/bad-news-brown,12,Other reputable site,2026-09-24,Dated Face/Heel Turns and Ring Names & Gimmicks timelines used only where the event date falls inside a published interval.
S1102,TheSmackDownHotel dated character history: Marty Jannetty,wrestler_database,https://www.thesmackdownhotel.com/wrestlers/marty-jannetty,12,Other reputable site,2026-09-24,Dated Face/Heel Turns and Ring Names & Gimmicks timelines used only where the event date falls inside a published interval.
S1103,TheSmackDownHotel dated character history: Randy Savage,wrestler_database,https://www.thesmackdownhotel.com/wrestlers/randy-savage,12,Other reputable site,2026-09-24,Dated Face/Heel Turns and Ring Names & Gimmicks timelines used only where the event date falls inside a published interval.
S1104,TheSmackDownHotel dated character history: Arn Anderson,wrestler_database,https://www.thesmackdownhotel.com/wrestlers/arn-anderson,12,Other reputable site,2026-09-24,Dated Face/Heel Turns and Ring Names & Gimmicks timelines used only where the event date falls inside a published interval.
S1105,TheSmackDownHotel dated character history: Tully Blanchard,wrestler_database,https://www.thesmackdownhotel.com/wrestlers/tully-blanchard,12,Other reputable site,2026-09-24,Dated Face/Heel Turns and Ring Names & Gimmicks timelines used only where the event date falls inside a published interval.
S1106,TheSmackDownHotel dated character history: Hulk Hogan,wrestler_database,https://www.thesmackdownhotel.com/wrestlers/hulk-hogan,12,Other reputable site,2026-09-24,Dated Face/Heel Turns and Ring Names & Gimmicks timelines used only where the event date falls inside a published interval.
S1107,TheSmackDownHotel dated character history: Bushwhacker Luke,wrestler_database,https://www.thesmackdownhotel.com/wrestlers/bushwhacker-luke,12,Other reputable site,2026-09-24,Dated Face/Heel Turns and Ring Names & Gimmicks timelines used only where the event date falls inside a published interval.
S1108,TheSmackDownHotel dated character history: Koko B. Ware,wrestler_database,https://www.thesmackdownhotel.com/wrestlers/koko-b-ware,12,Other reputable site,2026-09-24,Dated Face/Heel Turns and Ring Names & Gimmicks timelines used only where the event date falls inside a published interval.
S1109,TheSmackDownHotel dated character history: Big Boss Man,wrestler_database,https://www.thesmackdownhotel.com/wrestlers/big-boss-man,12,Other reputable site,2026-09-24,Dated Face/Heel Turns and Ring Names & Gimmicks timelines used only where the event date falls inside a published interval.
S1110,TheSmackDownHotel dated character history: Brutus Beefcake,wrestler_database,https://www.thesmackdownhotel.com/wrestlers/brutus-beefcake,12,Other reputable site,2026-09-24,Dated Face/Heel Turns and Ring Names & Gimmicks timelines used only where the event date falls inside a published interval.
S1111,TheSmackDownHotel dated character history: Big John Studd,wrestler_database,https://www.thesmackdownhotel.com/wrestlers/big-john-studd,12,Other reputable site,2026-09-24,Dated Face/Heel Turns and Ring Names & Gimmicks timelines used only where the event date falls inside a published interval.
S1112,TheSmackDownHotel dated character history: Hercules,wrestler_database,https://www.thesmackdownhotel.com/wrestlers/hercules,12,Other reputable site,2026-09-24,Dated Face/Heel Turns and Ring Names & Gimmicks timelines used only where the event date falls inside a published interval.
S1113,TheSmackDownHotel dated character history: Rick Martel,wrestler_database,https://www.thesmackdownhotel.com/wrestlers/rick-martel,12,Other reputable site,2026-09-24,Dated Face/Heel Turns and Ring Names & Gimmicks timelines used only where the event date falls inside a published interval.
S1114,TheSmackDownHotel dated character history: Roddy Piper,wrestler_database,https://www.thesmackdownhotel.com/wrestlers/roddy-piper,12,Other reputable site,2026-09-24,Dated Face/Heel Turns and Ring Names & Gimmicks timelines used only where the event date falls inside a published interval.
S1115,TheSmackDownHotel dated character history: Dusty Rhodes,wrestler_database,https://www.thesmackdownhotel.com/wrestlers/dusty-rhodes,12,Other reputable site,2026-09-24,Dated Face/Heel Turns and Ring Names & Gimmicks timelines used only where the event date falls inside a published interval.
S1116,TheSmackDownHotel dated character history: Haku,wrestler_database,https://www.thesmackdownhotel.com/wrestlers/haku,12,Other reputable site,2026-09-24,Dated Face/Heel Turns and Ring Names & Gimmicks timelines used only where the event date falls inside a published interval.
S1117,TheSmackDownHotel dated character history: Earthquake,wrestler_database,https://www.thesmackdownhotel.com/wrestlers/earthquake,12,Other reputable site,2026-09-24,Dated Face/Heel Turns and Ring Names & Gimmicks timelines used only where the event date falls inside a published interval.
S1118,TheSmackDownHotel dated character history: Paul Roma,wrestler_database,https://www.thesmackdownhotel.com/wrestlers/paul-roma,12,Other reputable site,2026-09-24,Dated Face/Heel Turns and Ring Names & Gimmicks timelines used only where the event date falls inside a published interval.
S1119,TheSmackDownHotel dated character history: Saba Simba,wrestler_database,https://www.thesmackdownhotel.com/wrestlers/tony-atlas,12,Other reputable site,2026-09-24,Dated Face/Heel Turns and Ring Names & Gimmicks timelines used only where the event date falls inside a published interval.
S1120,TheSmackDownHotel dated character history: The Undertaker,wrestler_database,https://www.thesmackdownhotel.com/wrestlers/the-undertaker,12,Other reputable site,2026-09-24,Dated Face/Heel Turns and Ring Names & Gimmicks timelines used only where the event date falls inside a published interval.
S1121,TheSmackDownHotel dated character history: Hawk,wrestler_database,https://www.thesmackdownhotel.com/wrestlers/road-warrior-hawk,12,Other reputable site,2026-09-24,Dated Face/Heel Turns and Ring Names & Gimmicks timelines used only where the event date falls inside a published interval.
S1122,TheSmackDownHotel dated character history: Shane Douglas,wrestler_database,https://www.thesmackdownhotel.com/wrestlers/shane-douglas,12,Other reputable site,2026-09-24,Dated Face/Heel Turns and Ring Names & Gimmicks timelines used only where the event date falls inside a published interval.
S1123,TheSmackDownHotel dated character history: Animal,wrestler_database,https://www.thesmackdownhotel.com/wrestlers/road-warrior-animal,12,Other reputable site,2026-09-24,Dated Face/Heel Turns and Ring Names & Gimmicks timelines used only where the event date falls inside a published interval.
S1124,TheSmackDownHotel dated character history: Demolition Crush,wrestler_database,https://www.thesmackdownhotel.com/wrestlers/crush-brian-adams,12,Other reputable site,2026-09-24,Dated Face/Heel Turns and Ring Names & Gimmicks timelines used only where the event date falls inside a published interval.
S1125,TheSmackDownHotel dated character history: Brian Knobbs,wrestler_database,https://www.thesmackdownhotel.com/wrestlers/brian-knobbs,12,Other reputable site,2026-09-24,Dated Face/Heel Turns and Ring Names & Gimmicks timelines used only where the event date falls inside a published interval.
S1126,TheSmackDownHotel dated character history: Ric Flair,wrestler_database,https://www.thesmackdownhotel.com/wrestlers/ric-flair,12,Other reputable site,2026-09-24,Dated Face/Heel Turns and Ring Names & Gimmicks timelines used only where the event date falls inside a published interval.
S1127,TheSmackDownHotel dated character history: Jerry Sags,wrestler_database,https://www.thesmackdownhotel.com/wrestlers/jerry-sags,12,Other reputable site,2026-09-24,Dated Face/Heel Turns and Ring Names & Gimmicks timelines used only where the event date falls inside a published interval.
S1128,TheSmackDownHotel dated character history: Virgil,wrestler_database,https://www.thesmackdownhotel.com/wrestlers/virgil,12,Other reputable site,2026-09-24,Dated Face/Heel Turns and Ring Names & Gimmicks timelines used only where the event date falls inside a published interval.
S1129,TheSmackDownHotel dated character history: Sgt. Slaughter,wrestler_database,https://www.thesmackdownhotel.com/wrestlers/sgt-slaughter,12,Other reputable site,2026-09-24,Dated Face/Heel Turns and Ring Names & Gimmicks timelines used only where the event date falls inside a published interval.
S1130,TheSmackDownHotel dated character history: Sid Justice,wrestler_database,https://www.thesmackdownhotel.com/wrestlers/sid-vicious,12,Other reputable site,2026-09-24,Dated Face/Heel Turns and Ring Names & Gimmicks timelines used only where the event date falls inside a published interval.
S1131,TheSmackDownHotel contemporaneous WWF event context: RR1990M,event_database,https://www.thesmackdownhotel.com/events-results/ppv-special/wwf-royal-rumble-1990,12,Other reputable site,2026-09-24,"Contemporaneous card, teams, managers and feud context support PROBABLE event-date face/heel classification for residual profiles whose dedicated dated page was unavailable."
S1132,TheSmackDownHotel contemporaneous WWF event context: RR1991M,event_database,https://www.thesmackdownhotel.com/events-results/ppv-special/wwf-royal-rumble-1991,12,Other reputable site,2026-09-24,"Contemporaneous card, teams, managers and feud context support PROBABLE event-date face/heel classification for residual profiles whose dedicated dated page was unavailable."
S1133,TheSmackDownHotel contemporaneous WWF event context: RR1992M,event_database,https://www.thesmackdownhotel.com/events-results/ppv-special/wwf-royal-rumble-1992,12,Other reputable site,2026-09-24,"Contemporaneous card, teams, managers and feud context support PROBABLE event-date face/heel classification for residual profiles whose dedicated dated page was unavailable."
S1134,TheSmackDownHotel dated character history: Ric Flair,wrestler_database,https://www.thesmackdownhotel.com/wrestlers/ric-flair,12,Other reputable site,2026-09-24,Dated Face/Heel Turns and Ring Names & Gimmicks timelines used only where the event date falls inside a published interval.
S1135,TheSmackDownHotel dated character history: Bob Backlund,wrestler_database,https://www.thesmackdownhotel.com/wrestlers/bob-backlund,12,Other reputable site,2026-09-24,Dated Face/Heel Turns and Ring Names & Gimmicks timelines used only where the event date falls inside a published interval.
S1136,TheSmackDownHotel dated character history: Brian Knobbs,wrestler_database,https://www.thesmackdownhotel.com/wrestlers/brian-knobbs,12,Other reputable site,2026-09-24,Dated Face/Heel Turns and Ring Names & Gimmicks timelines used only where the event date falls inside a published interval.
S1137,TheSmackDownHotel dated character history: Virgil,wrestler_database,https://www.thesmackdownhotel.com/wrestlers/virgil,12,Other reputable site,2026-09-24,Dated Face/Heel Turns and Ring Names & Gimmicks timelines used only where the event date falls inside a published interval.
S1138,TheSmackDownHotel dated character history: Lawler,wrestler_database,https://www.thesmackdownhotel.com/wrestlers/jerry-lawler,12,Other reputable site,2026-09-24,Dated Face/Heel Turns and Ring Names & Gimmicks timelines used only where the event date falls inside a published interval.
S1139,TheSmackDownHotel dated character history: Genichiro Tenryu,wrestler_database,https://www.thesmackdownhotel.com/wrestlers/genichiro-tenryu,12,Other reputable site,2026-09-24,Dated Face/Heel Turns and Ring Names & Gimmicks timelines used only where the event date falls inside a published interval.
S1140,TheSmackDownHotel dated character history: Mr. Perfect,wrestler_database,https://www.thesmackdownhotel.com/wrestlers/mr-perfect-curt-hennig,12,Other reputable site,2026-09-24,Dated Face/Heel Turns and Ring Names & Gimmicks timelines used only where the event date falls inside a published interval.
S1141,TheSmackDownHotel dated character history: Koko B. Ware,wrestler_database,https://www.thesmackdownhotel.com/wrestlers/koko-b-ware,12,Other reputable site,2026-09-24,Dated Face/Heel Turns and Ring Names & Gimmicks timelines used only where the event date falls inside a published interval.
S1142,TheSmackDownHotel dated character history: Samu,wrestler_database,https://www.thesmackdownhotel.com/wrestlers/samu,12,Other reputable site,2026-09-24,Dated Face/Heel Turns and Ring Names & Gimmicks timelines used only where the event date falls inside a published interval.
S1143,TheSmackDownHotel dated character history: Tatanka,wrestler_database,https://www.thesmackdownhotel.com/wrestlers/tatanka,12,Other reputable site,2026-09-24,Dated Face/Heel Turns and Ring Names & Gimmicks timelines used only where the event date falls inside a published interval.
S1144,TheSmackDownHotel dated character history: Jerry Sags,wrestler_database,https://www.thesmackdownhotel.com/wrestlers/jerry-sags,12,Other reputable site,2026-09-24,Dated Face/Heel Turns and Ring Names & Gimmicks timelines used only where the event date falls inside a published interval.
S1145,TheSmackDownHotel dated character history: Earthquake,wrestler_database,https://www.thesmackdownhotel.com/wrestlers/earthquake,12,Other reputable site,2026-09-24,Dated Face/Heel Turns and Ring Names & Gimmicks timelines used only where the event date falls inside a published interval.
S1146,TheSmackDownHotel dated character history: Carlos Colon,wrestler_database,https://www.thesmackdownhotel.com/wrestlers/carlos-colon,12,Other reputable site,2026-09-24,Dated Face/Heel Turns and Ring Names & Gimmicks timelines used only where the event date falls inside a published interval.
S1147,TheSmackDownHotel dated character history: El Matador,wrestler_database,https://www.thesmackdownhotel.com/wrestlers/tito-santana,12,Other reputable site,2026-09-24,Dated Face/Heel Turns and Ring Names & Gimmicks timelines used only where the event date falls inside a published interval.
S1148,TheSmackDownHotel dated character history: Rick Martel,wrestler_database,https://www.thesmackdownhotel.com/wrestlers/rick-martel,12,Other reputable site,2026-09-24,Dated Face/Heel Turns and Ring Names & Gimmicks timelines used only where the event date falls inside a published interval.
S1149,TheSmackDownHotel dated character history: Yokozuna,wrestler_database,https://www.thesmackdownhotel.com/wrestlers/yokozuna,12,Other reputable site,2026-09-24,Dated Face/Heel Turns and Ring Names & Gimmicks timelines used only where the event date falls inside a published interval.
S1150,TheSmackDownHotel dated character history: Owen Hart,wrestler_database,https://www.thesmackdownhotel.com/wrestlers/owen-hart,12,Other reputable site,2026-09-24,Dated Face/Heel Turns and Ring Names & Gimmicks timelines used only where the event date falls inside a published interval.
S1151,TheSmackDownHotel dated character history: Bam Bam Bigelow,wrestler_database,https://www.thesmackdownhotel.com/wrestlers/bam-bam-bigelow,12,Other reputable site,2026-09-24,Dated Face/Heel Turns and Ring Names & Gimmicks timelines used only where the event date falls inside a published interval.
S1152,TheSmackDownHotel dated character history: Crush,wrestler_database,https://www.thesmackdownhotel.com/wrestlers/crush-brian-adams,12,Other reputable site,2026-09-24,Dated Face/Heel Turns and Ring Names & Gimmicks timelines used only where the event date falls inside a published interval.
S1153,TheSmackDownHotel dated character history: Marty Jannetty,wrestler_database,https://www.thesmackdownhotel.com/wrestlers/marty-jannetty,12,Other reputable site,2026-09-24,Dated Face/Heel Turns and Ring Names & Gimmicks timelines used only where the event date falls inside a published interval.
S1154,TheSmackDownHotel dated character history: Jeff Jarrett,wrestler_database,https://www.thesmackdownhotel.com/wrestlers/jeff-jarrett,12,Other reputable site,2026-09-24,Dated Face/Heel Turns and Ring Names & Gimmicks timelines used only where the event date falls inside a published interval.
S1155,TheSmackDownHotel dated character history: Mo,wrestler_database,https://www.thesmackdownhotel.com/wrestlers/mo,12,Other reputable site,2026-09-24,Dated Face/Heel Turns and Ring Names & Gimmicks timelines used only where the event date falls inside a published interval.
S1156,TheSmackDownHotel dated character history: Shawn Michaels,wrestler_database,https://www.thesmackdownhotel.com/wrestlers/shawn-michaels,12,Other reputable site,2026-09-24,Dated Face/Heel Turns and Ring Names & Gimmicks timelines used only where the event date falls inside a published interval.
S1157,TheSmackDownHotel dated character history: Sparky Plugg,wrestler_database,https://www.thesmackdownhotel.com/wrestlers/hardcore-holly,12,Other reputable site,2026-09-24,Dated Face/Heel Turns and Ring Names & Gimmicks timelines used only where the event date falls inside a published interval.
S1158,TheSmackDownHotel dated character history: Billy Gunn,wrestler_database,https://www.thesmackdownhotel.com/wrestlers/billy-gunn,12,Other reputable site,2026-09-24,Dated Face/Heel Turns and Ring Names & Gimmicks timelines used only where the event date falls inside a published interval.
S1159,TheSmackDownHotel dated character history: Bart Gunn,wrestler_database,https://www.thesmackdownhotel.com/wrestlers/bart-gunn,12,Other reputable site,2026-09-24,Dated Face/Heel Turns and Ring Names & Gimmicks timelines used only where the event date falls inside a published interval.
S1160,TheSmackDownHotel dated character history: Rick Steiner,wrestler_database,https://www.thesmackdownhotel.com/wrestlers/rick-steiner,12,Other reputable site,2026-09-24,Dated Face/Heel Turns and Ring Names & Gimmicks timelines used only where the event date falls inside a published interval.
S1161,TheSmackDownHotel dated character history: Scott Steiner,wrestler_database,https://www.thesmackdownhotel.com/wrestlers/scott-steiner,12,Other reputable site,2026-09-24,Dated Face/Heel Turns and Ring Names & Gimmicks timelines used only where the event date falls inside a published interval.
S1162,TheSmackDownHotel dated character history: Greg Valentine,wrestler_database,https://www.thesmackdownhotel.com/wrestlers/greg-valentine,12,Other reputable site,2026-09-24,Dated Face/Heel Turns and Ring Names & Gimmicks timelines used only where the event date falls inside a published interval.
S1163,TheSmackDownHotel dated character history: Bret Hart,wrestler_database,https://www.thesmackdownhotel.com/wrestlers/bret-hart,12,Other reputable site,2026-09-24,Dated Face/Heel Turns and Ring Names & Gimmicks timelines used only where the event date falls inside a published interval.
S1164,TheSmackDownHotel dated character history: Lex Luger,wrestler_database,https://www.thesmackdownhotel.com/wrestlers/lex-luger,12,Other reputable site,2026-09-24,Dated Face/Heel Turns and Ring Names & Gimmicks timelines used only where the event date falls inside a published interval.
S1165,TheSmackDownHotel dated character history: Duke Droese,wrestler_database,https://www.thesmackdownhotel.com/wrestlers/duke-droese,12,Other reputable site,2026-09-24,Dated Face/Heel Turns and Ring Names & Gimmicks timelines used only where the event date falls inside a published interval.
S1166,TheSmackDownHotel dated character history: Jimmy Del Ray,wrestler_database,https://www.thesmackdownhotel.com/wrestlers/jimmy-del-ray,12,Other reputable site,2026-09-24,Dated Face/Heel Turns and Ring Names & Gimmicks timelines used only where the event date falls inside a published interval.
S1167,TheSmackDownHotel dated character history: Doink-1995,wrestler_database,https://www.thesmackdownhotel.com/wrestlers/doink-the-clown,12,Other reputable site,2026-09-24,Dated Face/Heel Turns and Ring Names & Gimmicks timelines used only where the event date falls inside a published interval.
S1168,TheSmackDownHotel dated character history: King Kong Bundy,wrestler_database,https://www.thesmackdownhotel.com/wrestlers/king-kong-bundy,12,Other reputable site,2026-09-24,Dated Face/Heel Turns and Ring Names & Gimmicks timelines used only where the event date falls inside a published interval.
S1169,TheSmackDownHotel dated character history: Henry Godwinn,wrestler_database,https://www.thesmackdownhotel.com/wrestlers/henry-o-godwinn,12,Other reputable site,2026-09-24,Dated Face/Heel Turns and Ring Names & Gimmicks timelines used only where the event date falls inside a published interval.
S1170,TheSmackDownHotel dated character history: Dick Murdoch,wrestler_database,https://www.thesmackdownhotel.com/wrestlers/dick-murdoch,12,Other reputable site,2026-09-24,Dated Face/Heel Turns and Ring Names & Gimmicks timelines used only where the event date falls inside a published interval.
S1171,TheSmackDownHotel dated character history: 1-2-3 Kid,wrestler_database,https://www.thesmackdownhotel.com/wrestlers/x-pac,12,Other reputable site,2026-09-24,Dated Face/Heel Turns and Ring Names & Gimmicks timelines used only where the event date falls inside a published interval.
S1172,TheSmackDownHotel dated character history: Dory Funk Jr.,wrestler_database,https://www.thesmackdownhotel.com/wrestlers/dory-funk-jr,12,Other reputable site,2026-09-24,Dated Face/Heel Turns and Ring Names & Gimmicks timelines used only where the event date falls inside a published interval.
S1173,TheSmackDownHotel dated character history: Helmsley,wrestler_database,https://www.thesmackdownhotel.com/wrestlers/triple-h,12,Other reputable site,2026-09-24,Dated Face/Heel Turns and Ring Names & Gimmicks timelines used only where the event date falls inside a published interval.
S1174,TheSmackDownHotel dated character history: Bob Holly,wrestler_database,https://www.thesmackdownhotel.com/wrestlers/hardcore-holly,12,Other reputable site,2026-09-24,Dated Face/Heel Turns and Ring Names & Gimmicks timelines used only where the event date falls inside a published interval.
S1175,TheSmackDownHotel dated character history: Barry Horowitz,wrestler_database,https://www.thesmackdownhotel.com/wrestlers/barry-horowitz,12,Other reputable site,2026-09-24,Dated Face/Heel Turns and Ring Names & Gimmicks timelines used only where the event date falls inside a published interval.
S1176,TheSmackDownHotel dated character history: Takao Omori,wrestler_database,https://www.thesmackdownhotel.com/wrestlers/takao-omori,12,Other reputable site,2026-09-24,Dated Face/Heel Turns and Ring Names & Gimmicks timelines used only where the event date falls inside a published interval.
S1177,TheSmackDownHotel dated character history: Austin,wrestler_database,https://www.thesmackdownhotel.com/wrestlers/stone-cold-steve-austin,12,Other reputable site,2026-09-24,Dated Face/Heel Turns and Ring Names & Gimmicks timelines used only where the event date falls inside a published interval.
S1178,TheSmackDownHotel dated character history: Roberts,wrestler_database,https://www.thesmackdownhotel.com/wrestlers/jake-roberts,12,Other reputable site,2026-09-24,Dated Face/Heel Turns and Ring Names & Gimmicks timelines used only where the event date falls inside a published interval.
S1179,TheSmackDownHotel dated character history: Vader,wrestler_database,https://www.thesmackdownhotel.com/wrestlers/vader,12,Other reputable site,2026-09-24,Dated Face/Heel Turns and Ring Names & Gimmicks timelines used only where the event date falls inside a published interval.
S1180,TheSmackDownHotel dated character history: Savio,wrestler_database,https://www.thesmackdownhotel.com/wrestlers/savio-vega,12,Other reputable site,2026-09-24,Dated Face/Heel Turns and Ring Names & Gimmicks timelines used only where the event date falls inside a published interval.
S1181,TheSmackDownHotel dated character history: Isaac Yankem,wrestler_database,https://www.thesmackdownhotel.com/wrestlers/kane,12,Other reputable site,2026-09-24,Dated Face/Heel Turns and Ring Names & Gimmicks timelines used only where the event date falls inside a published interval.
S1182,TheSmackDownHotel dated character history: Ahmed Johnson,wrestler_database,https://www.thesmackdownhotel.com/wrestlers/ahmed-johnson,12,Other reputable site,2026-09-24,Dated Face/Heel Turns and Ring Names & Gimmicks timelines used only where the event date falls inside a published interval.
S1183,TheSmackDownHotel dated character history: The Sultan,wrestler_database,https://www.thesmackdownhotel.com/wrestlers/rikishi,12,Other reputable site,2026-09-24,Dated Face/Heel Turns and Ring Names & Gimmicks timelines used only where the event date falls inside a published interval.
S1184,TheSmackDownHotel dated character history: Mil Mascaras,wrestler_database,https://www.thesmackdownhotel.com/wrestlers/mil-mascaras,12,Other reputable site,2026-09-24,Dated Face/Heel Turns and Ring Names & Gimmicks timelines used only where the event date falls inside a published interval.
S1185,TheSmackDownHotel dated character history: Cibernetico,wrestler_database,https://www.thesmackdownhotel.com/wrestlers/cibernetico,12,Other reputable site,2026-09-24,Dated Face/Heel Turns and Ring Names & Gimmicks timelines used only where the event date falls inside a published interval.
S1186,TheSmackDownHotel dated character history: Faarooq,wrestler_database,https://www.thesmackdownhotel.com/wrestlers/ron-simmons,12,Other reputable site,2026-09-24,Dated Face/Heel Turns and Ring Names & Gimmicks timelines used only where the event date falls inside a published interval.
S1187,TheSmackDownHotel dated character history: Jesse James,wrestler_database,https://www.thesmackdownhotel.com/wrestlers/road-dogg,12,Other reputable site,2026-09-24,Dated Face/Heel Turns and Ring Names & Gimmicks timelines used only where the event date falls inside a published interval.
S1188,TheSmackDownHotel dated character history: Fake Diesel,wrestler_database,https://www.thesmackdownhotel.com/wrestlers/kane,12,Other reputable site,2026-09-24,Dated Face/Heel Turns and Ring Names & Gimmicks timelines used only where the event date falls inside a published interval.
S1189,TheSmackDownHotel dated character history: Terry Funk,wrestler_database,https://www.thesmackdownhotel.com/wrestlers/terry-funk,12,Other reputable site,2026-09-24,Dated Face/Heel Turns and Ring Names & Gimmicks timelines used only where the event date falls inside a published interval.
S1190,TheSmackDownHotel dated character history: Rocky Maivia,wrestler_database,https://www.thesmackdownhotel.com/wrestlers/the-rock,12,Other reputable site,2026-09-24,Dated Face/Heel Turns and Ring Names & Gimmicks timelines used only where the event date falls inside a published interval.
S1191,TheSmackDownHotel dated character history: Mankind,wrestler_database,https://www.thesmackdownhotel.com/wrestlers/mick-foley,12,Other reputable site,2026-09-24,Dated Face/Heel Turns and Ring Names & Gimmicks timelines used only where the event date falls inside a published interval.
S1192,Wikipedia — Royal Rumble (1993),reference,https://en.wikipedia.org/wiki/Royal_Rumble_(1993),10,Wikipedia/reference,2026-09-24,"Event narrative, storylines and match context used for residual event-era alignment classification; single-source calls remain PROBABLE."
S1193,Wikipedia — Royal Rumble (1994),reference,https://en.wikipedia.org/wiki/Royal_Rumble_(1994),10,Wikipedia/reference,2026-09-24,"Event narrative, storylines and match context used for residual event-era alignment classification; single-source calls remain PROBABLE."
S1194,Wikipedia — Royal Rumble (1995),reference,https://en.wikipedia.org/wiki/Royal_Rumble_(1995),10,Wikipedia/reference,2026-09-24,"Event narrative, storylines and match context used for residual event-era alignment classification; single-source calls remain PROBABLE."
S1195,Wikipedia — Royal Rumble (1996),reference,https://en.wikipedia.org/wiki/Royal_Rumble_(1996),10,Wikipedia/reference,2026-09-24,"Event narrative, storylines and match context used for residual event-era alignment classification; single-source calls remain PROBABLE."
S1196,Wikipedia — Royal Rumble (1997),reference,https://en.wikipedia.org/wiki/Royal_Rumble_(1997),10,Wikipedia/reference,2026-09-24,"Event narrative, storylines and match context used for residual event-era alignment classification; single-source calls remain PROBABLE."
S1197,TheSmackDownHotel dated character history: Cactus Jack,wrestler_database,https://www.thesmackdownhotel.com/wrestlers/mick-foley,12,Other reputable site,2026-09-24,Dated Face/Heel Turns and Ring Names & Gimmicks timelines used only where the event date falls inside a published interval.
S1198,TheSmackDownHotel dated character history: Chainsaw Charlie,wrestler_database,https://www.thesmackdownhotel.com/wrestlers/terry-funk,12,Other reputable site,2026-09-24,Dated Face/Heel Turns and Ring Names & Gimmicks timelines used only where the event date falls inside a published interval.
S1199,TheSmackDownHotel dated character history: Steve Blackman,wrestler_database,https://www.thesmackdownhotel.com/wrestlers/steve-blackman,12,Other reputable site,2026-09-24,Dated Face/Heel Turns and Ring Names & Gimmicks timelines used only where the event date falls inside a published interval.
S1200,TheSmackDownHotel dated character history: The Rock,wrestler_database,https://www.thesmackdownhotel.com/wrestlers/the-rock,12,Other reputable site,2026-09-24,Dated Face/Heel Turns and Ring Names & Gimmicks timelines used only where the event date falls inside a published interval.
S1201,TheSmackDownHotel dated character history: D'Lo Brown,wrestler_database,https://www.thesmackdownhotel.com/wrestlers/d-lo-brown,12,Other reputable site,2026-09-24,Dated Face/Heel Turns and Ring Names & Gimmicks timelines used only where the event date falls inside a published interval.
S1202,TheSmackDownHotel dated character history: Faarooq,wrestler_database,https://www.thesmackdownhotel.com/wrestlers/ron-simmons,12,Other reputable site,2026-09-24,Dated Face/Heel Turns and Ring Names & Gimmicks timelines used only where the event date falls inside a published interval.
S1203,TheSmackDownHotel dated character history: Henry Godwinn,wrestler_database,https://www.thesmackdownhotel.com/wrestlers/henry-o-godwinn,12,Other reputable site,2026-09-24,Dated Face/Heel Turns and Ring Names & Gimmicks timelines used only where the event date falls inside a published interval.
S1204,TheSmackDownHotel dated character history: Owen Hart,wrestler_database,https://www.thesmackdownhotel.com/wrestlers/owen-hart,12,Other reputable site,2026-09-24,Dated Face/Heel Turns and Ring Names & Gimmicks timelines used only where the event date falls inside a published interval.
S1205,TheSmackDownHotel dated character history: Mark Henry,wrestler_database,https://www.thesmackdownhotel.com/wrestlers/mark-henry,12,Other reputable site,2026-09-24,Dated Face/Heel Turns and Ring Names & Gimmicks timelines used only where the event date falls inside a published interval.
S1206,TheSmackDownHotel dated character history: Jeff Jarrett,wrestler_database,https://www.thesmackdownhotel.com/wrestlers/jeff-jarrett,12,Other reputable site,2026-09-24,Dated Face/Heel Turns and Ring Names & Gimmicks timelines used only where the event date falls inside a published interval.
S1207,TheSmackDownHotel dated character history: Ahmed Johnson,wrestler_database,https://www.thesmackdownhotel.com/wrestlers/ahmed-johnson,12,Other reputable site,2026-09-24,Dated Face/Heel Turns and Ring Names & Gimmicks timelines used only where the event date falls inside a published interval.
S1208,TheSmackDownHotel dated character history: Dude Love,wrestler_database,https://www.thesmackdownhotel.com/wrestlers/mick-foley,12,Other reputable site,2026-09-24,Dated Face/Heel Turns and Ring Names & Gimmicks timelines used only where the event date falls inside a published interval.
S1209,TheSmackDownHotel dated character history: Mankind,wrestler_database,https://www.thesmackdownhotel.com/wrestlers/mick-foley,12,Other reputable site,2026-09-24,Dated Face/Heel Turns and Ring Names & Gimmicks timelines used only where the event date falls inside a published interval.
S1210,TheSmackDownHotel dated character history: Headbanger Mosh,wrestler_database,https://www.thesmackdownhotel.com/wrestlers/mosh,12,Other reputable site,2026-09-24,Dated Face/Heel Turns and Ring Names & Gimmicks timelines used only where the event date falls inside a published interval.
S1211,TheSmackDownHotel dated character history: Ken Shamrock,wrestler_database,https://www.thesmackdownhotel.com/wrestlers/ken-shamrock,12,Other reputable site,2026-09-24,Dated Face/Heel Turns and Ring Names & Gimmicks timelines used only where the event date falls inside a published interval.
S1212,TheSmackDownHotel dated character history: Thrasher,wrestler_database,https://www.thesmackdownhotel.com/wrestlers/thrasher,12,Other reputable site,2026-09-24,Dated Face/Heel Turns and Ring Names & Gimmicks timelines used only where the event date falls inside a published interval.
S1213,TheSmackDownHotel dated character history: Savio Vega,wrestler_database,https://www.thesmackdownhotel.com/wrestlers/savio-vega,12,Other reputable site,2026-09-24,Dated Face/Heel Turns and Ring Names & Gimmicks timelines used only where the event date falls inside a published interval.
S1214,TheSmackDownHotel dated character history: Steve Austin,wrestler_database,https://www.thesmackdownhotel.com/wrestlers/stone-cold-steve-austin,12,Other reputable site,2026-09-24,Dated Face/Heel Turns and Ring Names & Gimmicks timelines used only where the event date falls inside a published interval.
S1215,TheSmackDownHotel dated character history: Vince McMahon,wrestler_database,https://www.thesmackdownhotel.com/wrestlers/vince-mcmahon,12,Other reputable site,2026-09-24,Dated Face/Heel Turns and Ring Names & Gimmicks timelines used only where the event date falls inside a published interval.
S1216,TheSmackDownHotel dated character history: Edge,wrestler_database,https://www.thesmackdownhotel.com/wrestlers/edge,12,Other reputable site,2026-09-24,Dated Face/Heel Turns and Ring Names & Gimmicks timelines used only where the event date falls inside a published interval.
S1217,TheSmackDownHotel dated character history: Gillberg,wrestler_database,https://www.thesmackdownhotel.com/wrestlers/gillberg,12,Other reputable site,2026-09-24,Dated Face/Heel Turns and Ring Names & Gimmicks timelines used only where the event date falls inside a published interval.
S1218,TheSmackDownHotel dated character history: Dan Severn,wrestler_database,https://www.thesmackdownhotel.com/wrestlers/dan-severn,12,Other reputable site,2026-09-24,Dated Face/Heel Turns and Ring Names & Gimmicks timelines used only where the event date falls inside a published interval.
S1219,TheSmackDownHotel dated character history: Tiger Ali Singh,wrestler_database,https://www.thesmackdownhotel.com/wrestlers/tiger-ali-singh,12,Other reputable site,2026-09-24,Dated Face/Heel Turns and Ring Names & Gimmicks timelines used only where the event date falls inside a published interval.
S1220,TheSmackDownHotel dated character history: Jesse James,wrestler_database,https://www.thesmackdownhotel.com/wrestlers/road-dogg,12,Other reputable site,2026-09-24,Dated Face/Heel Turns and Ring Names & Gimmicks timelines used only where the event date falls inside a published interval.
S1221,TheSmackDownHotel dated character history: Gangrel,wrestler_database,https://www.thesmackdownhotel.com/wrestlers/gangrel,12,Other reputable site,2026-09-24,Dated Face/Heel Turns and Ring Names & Gimmicks timelines used only where the event date falls inside a published interval.
S1222,TheSmackDownHotel dated character history: Al Snow,wrestler_database,https://www.thesmackdownhotel.com/wrestlers/al-snow,12,Other reputable site,2026-09-24,Dated Face/Heel Turns and Ring Names & Gimmicks timelines used only where the event date falls inside a published interval.
S1223,TheSmackDownHotel dated character history: Kane,wrestler_database,https://www.thesmackdownhotel.com/wrestlers/kane,12,Other reputable site,2026-09-24,Dated Face/Heel Turns and Ring Names & Gimmicks timelines used only where the event date falls inside a published interval.
S1224,TheSmackDownHotel dated character history: Billy Gunn,wrestler_database,https://www.thesmackdownhotel.com/wrestlers/billy-gunn,12,Other reputable site,2026-09-24,Dated Face/Heel Turns and Ring Names & Gimmicks timelines used only where the event date falls inside a published interval.
S1225,TheSmackDownHotel dated character history: Test,wrestler_database,https://www.thesmackdownhotel.com/wrestlers/test,12,Other reputable site,2026-09-24,Dated Face/Heel Turns and Ring Names & Gimmicks timelines used only where the event date falls inside a published interval.
S1226,TheSmackDownHotel dated character history: Big Bossman,wrestler_database,https://www.thesmackdownhotel.com/wrestlers/big-boss-man,12,Other reputable site,2026-09-24,Dated Face/Heel Turns and Ring Names & Gimmicks timelines used only where the event date falls inside a published interval.
S1227,TheSmackDownHotel dated character history: Triple H,wrestler_database,https://www.thesmackdownhotel.com/wrestlers/triple-h,12,Other reputable site,2026-09-24,Dated Face/Heel Turns and Ring Names & Gimmicks timelines used only where the event date falls inside a published interval.
S1228,TheSmackDownHotel dated character history: Val Venis,wrestler_database,https://www.thesmackdownhotel.com/wrestlers/val-venis,12,Other reputable site,2026-09-24,Dated Face/Heel Turns and Ring Names & Gimmicks timelines used only where the event date falls inside a published interval.
S1229,TheSmackDownHotel dated character history: X-Pac,wrestler_database,https://www.thesmackdownhotel.com/wrestlers/x-pac,12,Other reputable site,2026-09-24,Dated Face/Heel Turns and Ring Names & Gimmicks timelines used only where the event date falls inside a published interval.
S1230,TheSmackDownHotel dated character history: Chyna,wrestler_database,https://www.thesmackdownhotel.com/wrestlers/chyna,12,Other reputable site,2026-09-24,Dated Face/Heel Turns and Ring Names & Gimmicks timelines used only where the event date falls inside a published interval.
S1231,TheSmackDownHotel dated character history: Grand Master Sexay,wrestler_database,https://www.thesmackdownhotel.com/wrestlers/brian-christopher,12,Other reputable site,2026-09-24,Dated Face/Heel Turns and Ring Names & Gimmicks timelines used only where the event date falls inside a published interval.
S1232,TheSmackDownHotel dated character history: Christian,wrestler_database,https://www.thesmackdownhotel.com/wrestlers/christian,12,Other reputable site,2026-09-24,Dated Face/Heel Turns and Ring Names & Gimmicks timelines used only where the event date falls inside a published interval.
S1233,TheSmackDownHotel dated character history: Rikishi,wrestler_database,https://www.thesmackdownhotel.com/wrestlers/rikishi,12,Other reputable site,2026-09-24,Dated Face/Heel Turns and Ring Names & Gimmicks timelines used only where the event date falls inside a published interval.
S1234,TheSmackDownHotel dated character history: Bob Backlund,wrestler_database,https://www.thesmackdownhotel.com/wrestlers/bob-backlund,12,Other reputable site,2026-09-24,Dated Face/Heel Turns and Ring Names & Gimmicks timelines used only where the event date falls inside a published interval.
S1235,TheSmackDownHotel dated character history: Chris Jericho,wrestler_database,https://www.thesmackdownhotel.com/wrestlers/chris-jericho,12,Other reputable site,2026-09-24,Dated Face/Heel Turns and Ring Names & Gimmicks timelines used only where the event date falls inside a published interval.
S1236,TheSmackDownHotel dated character history: Crash Holly,wrestler_database,https://www.thesmackdownhotel.com/wrestlers/crash-holly,12,Other reputable site,2026-09-24,Dated Face/Heel Turns and Ring Names & Gimmicks timelines used only where the event date falls inside a published interval.
S1237,TheSmackDownHotel dated character history: Hardcore Holly,wrestler_database,https://www.thesmackdownhotel.com/wrestlers/hardcore-holly,12,Other reputable site,2026-09-24,Dated Face/Heel Turns and Ring Names & Gimmicks timelines used only where the event date falls inside a published interval.
S1238,TheSmackDownHotel dated character history: The Big Show,wrestler_database,https://www.thesmackdownhotel.com/wrestlers/big-show,12,Other reputable site,2026-09-24,Dated Face/Heel Turns and Ring Names & Gimmicks timelines used only where the event date falls inside a published interval.
S1239,TheSmackDownHotel dated character history: Jeff Hardy,wrestler_database,https://www.thesmackdownhotel.com/wrestlers/jeff-hardy,12,Other reputable site,2026-09-24,Dated Face/Heel Turns and Ring Names & Gimmicks timelines used only where the event date falls inside a published interval.
S1240,TheSmackDownHotel dated character history: B-2,wrestler_database,https://www.thesmackdownhotel.com/wrestlers/bull-buchanan,12,Other reputable site,2026-09-24,Dated Face/Heel Turns and Ring Names & Gimmicks timelines used only where the event date falls inside a published interval.
S1241,TheSmackDownHotel dated character history: Matt Hardy,wrestler_database,https://www.thesmackdownhotel.com/wrestlers/matt-hardy,12,Other reputable site,2026-09-24,Dated Face/Heel Turns and Ring Names & Gimmicks timelines used only where the event date falls inside a published interval.
S1242,TheSmackDownHotel dated character history: Drew Carey,wrestler_database,https://www.thesmackdownhotel.com/wrestlers/drew-carey,12,Other reputable site,2026-09-24,Dated Face/Heel Turns and Ring Names & Gimmicks timelines used only where the event date falls inside a published interval.
S1243,TheSmackDownHotel dated character history: Raven,wrestler_database,https://www.thesmackdownhotel.com/wrestlers/raven,12,Other reputable site,2026-09-24,Dated Face/Heel Turns and Ring Names & Gimmicks timelines used only where the event date falls inside a published interval.
S1244,TheSmackDownHotel dated character history: Perry Saturn,wrestler_database,https://www.thesmackdownhotel.com/wrestlers/perry-saturn,12,Other reputable site,2026-09-24,Dated Face/Heel Turns and Ring Names & Gimmicks timelines used only where the event date falls inside a published interval.
S1245,TheSmackDownHotel dated character history: Tazz,wrestler_database,https://www.thesmackdownhotel.com/wrestlers/tazz,12,Other reputable site,2026-09-24,Dated Face/Heel Turns and Ring Names & Gimmicks timelines used only where the event date falls inside a published interval.
S1246,TheSmackDownHotel dated character history: William Regal,wrestler_database,https://www.thesmackdownhotel.com/wrestlers/william-regal,12,Other reputable site,2026-09-24,Dated Face/Heel Turns and Ring Names & Gimmicks timelines used only where the event date falls inside a published interval.
S1247,TheSmackDownHotel dated character history: Haku,wrestler_database,https://www.thesmackdownhotel.com/wrestlers/haku,12,Other reputable site,2026-09-24,Dated Face/Heel Turns and Ring Names & Gimmicks timelines used only where the event date falls inside a published interval.
S1248,TheSmackDownHotel dated character history: King Booker,wrestler_database,https://www.thesmackdownhotel.com/wrestlers/booker-t,12,Other reputable site,2026-09-24,Dated Face/Heel Turns and Ring Names & Gimmicks timelines used only where the event date falls inside a published interval.
S1249,TheSmackDownHotel dated character history: Chuck Palumbo,wrestler_database,https://www.thesmackdownhotel.com/wrestlers/chuck-palumbo,12,Other reputable site,2026-09-24,Dated Face/Heel Turns and Ring Names & Gimmicks timelines used only where the event date falls inside a published interval.
S1250,TheSmackDownHotel dated character history: Diamond Dallas Page,wrestler_database,https://www.thesmackdownhotel.com/wrestlers/diamond-dallas-page,12,Other reputable site,2026-09-24,Dated Face/Heel Turns and Ring Names & Gimmicks timelines used only where the event date falls inside a published interval.
S1251,TheSmackDownHotel dated character history: Kurt Angle,wrestler_database,https://www.thesmackdownhotel.com/wrestlers/kurt-angle,12,Other reputable site,2026-09-24,Dated Face/Heel Turns and Ring Names & Gimmicks timelines used only where the event date falls inside a published interval.
S1252,TheSmackDownHotel dated character history: Lance Storm,wrestler_database,https://www.thesmackdownhotel.com/wrestlers/lance-storm,12,Other reputable site,2026-09-24,Dated Face/Heel Turns and Ring Names & Gimmicks timelines used only where the event date falls inside a published interval.
S1253,TheSmackDownHotel dated character history: Maven,wrestler_database,https://www.thesmackdownhotel.com/wrestlers/maven,12,Other reputable site,2026-09-24,Dated Face/Heel Turns and Ring Names & Gimmicks timelines used only where the event date falls inside a published interval.
S1254,TheSmackDownHotel dated character history: Mr. Perfect,wrestler_database,https://www.thesmackdownhotel.com/wrestlers/mr-perfect-curt-hennig,12,Other reputable site,2026-09-24,Dated Face/Heel Turns and Ring Names & Gimmicks timelines used only where the event date falls inside a published interval.
S1255,TheSmackDownHotel dated character history: Rob Van Dam,wrestler_database,https://www.thesmackdownhotel.com/wrestlers/rob-van-dam,12,Other reputable site,2026-09-24,Dated Face/Heel Turns and Ring Names & Gimmicks timelines used only where the event date falls inside a published interval.
S1256,TheSmackDownHotel dated character history: Gregory Helms,wrestler_database,https://www.thesmackdownhotel.com/wrestlers/the-hurricane,12,Other reputable site,2026-09-24,Dated Face/Heel Turns and Ring Names & Gimmicks timelines used only where the event date falls inside a published interval.
S1257,TheSmackDownHotel dated character history: Vader,wrestler_database,https://www.thesmackdownhotel.com/wrestlers/vader,12,Other reputable site,2026-09-24,Dated Face/Heel Turns and Ring Names & Gimmicks timelines used only where the event date falls inside a published interval.
S1258,TheSmackDownHotel dated character history: Shawn Michaels,wrestler_database,https://www.thesmackdownhotel.com/wrestlers/shawn-michaels,12,Other reputable site,2026-09-24,Dated Face/Heel Turns and Ring Names & Gimmicks timelines used only where the event date falls inside a published interval.
S1259,TheSmackDownHotel dated character history: Chris Nowinski,wrestler_database,https://www.thesmackdownhotel.com/wrestlers/chris-nowinski,12,Other reputable site,2026-09-24,Dated Face/Heel Turns and Ring Names & Gimmicks timelines used only where the event date falls inside a published interval.
S1260,TheSmackDownHotel dated character history: Rey Mysterio,wrestler_database,https://www.thesmackdownhotel.com/wrestlers/rey-mysterio,12,Other reputable site,2026-09-24,Dated Face/Heel Turns and Ring Names & Gimmicks timelines used only where the event date falls inside a published interval.
S1261,TheSmackDownHotel dated character history: Chavo Guerrero,wrestler_database,https://www.thesmackdownhotel.com/wrestlers/chavo-guerrero,12,Other reputable site,2026-09-24,Dated Face/Heel Turns and Ring Names & Gimmicks timelines used only where the event date falls inside a published interval.
S1262,TheSmackDownHotel dated character history: Bill DeMott,wrestler_database,https://www.thesmackdownhotel.com/wrestlers/bill-demott,12,Other reputable site,2026-09-24,Dated Face/Heel Turns and Ring Names & Gimmicks timelines used only where the event date falls inside a published interval.
S1263,TheSmackDownHotel dated character history: Tommy Dreamer,wrestler_database,https://www.thesmackdownhotel.com/wrestlers/tommy-dreamer,12,Other reputable site,2026-09-24,Dated Face/Heel Turns and Ring Names & Gimmicks timelines used only where the event date falls inside a published interval.
S1264,TheSmackDownHotel dated character history: Eddie Guerrero,wrestler_database,https://www.thesmackdownhotel.com/wrestlers/eddie-guerrero,12,Other reputable site,2026-09-24,Dated Face/Heel Turns and Ring Names & Gimmicks timelines used only where the event date falls inside a published interval.
S1265,TheSmackDownHotel dated character history: Rosey,wrestler_database,https://www.thesmackdownhotel.com/wrestlers/rosey,12,Other reputable site,2026-09-24,Dated Face/Heel Turns and Ring Names & Gimmicks timelines used only where the event date falls inside a published interval.
S1266,TheSmackDownHotel dated character history: John Cena,wrestler_database,https://www.thesmackdownhotel.com/wrestlers/john-cena,12,Other reputable site,2026-09-24,Dated Face/Heel Turns and Ring Names & Gimmicks timelines used only where the event date falls inside a published interval.
S1267,TheSmackDownHotel dated character history: Charlie Haas,wrestler_database,https://www.thesmackdownhotel.com/wrestlers/charlie-haas,12,Other reputable site,2026-09-24,Dated Face/Heel Turns and Ring Names & Gimmicks timelines used only where the event date falls inside a published interval.
S1268,TheSmackDownHotel dated character history: Shelton Benjamin,wrestler_database,https://www.thesmackdownhotel.com/wrestlers/shelton-benjamin,12,Other reputable site,2026-09-24,Dated Face/Heel Turns and Ring Names & Gimmicks timelines used only where the event date falls inside a published interval.
S1269,TheSmackDownHotel dated character history: Batista,wrestler_database,https://www.thesmackdownhotel.com/wrestlers/batista,12,Other reputable site,2026-09-24,Dated Face/Heel Turns and Ring Names & Gimmicks timelines used only where the event date falls inside a published interval.
S1270,TheSmackDownHotel dated character history: Brock Lesnar,wrestler_database,https://www.thesmackdownhotel.com/wrestlers/brock-lesnar,12,Other reputable site,2026-09-24,Dated Face/Heel Turns and Ring Names & Gimmicks timelines used only where the event date falls inside a published interval.
S1271,TheSmackDownHotel dated character history: Chris Benoit,wrestler_database,https://www.thesmackdownhotel.com/wrestlers/chris-benoit,12,Other reputable site,2026-09-24,Dated Face/Heel Turns and Ring Names & Gimmicks timelines used only where the event date falls inside a published interval.
S1272,TheSmackDownHotel dated character history: Randy Orton,wrestler_database,https://www.thesmackdownhotel.com/wrestlers/randy-orton,12,Other reputable site,2026-09-24,Dated Face/Heel Turns and Ring Names & Gimmicks timelines used only where the event date falls inside a published interval.
S1273,TheSmackDownHotel dated character history: Rhyno,wrestler_database,https://www.thesmackdownhotel.com/wrestlers/rhyno,12,Other reputable site,2026-09-24,Dated Face/Heel Turns and Ring Names & Gimmicks timelines used only where the event date falls inside a published interval.
S1274,TheSmackDownHotel dated character history: Scott Steiner,wrestler_database,https://www.thesmackdownhotel.com/wrestlers/scott-steiner,12,Other reputable site,2026-09-24,Dated Face/Heel Turns and Ring Names & Gimmicks timelines used only where the event date falls inside a published interval.
S1275,TheSmackDownHotel dated character history: Matt Morgan,wrestler_database,https://www.thesmackdownhotel.com/wrestlers/matt-morgan,12,Other reputable site,2026-09-24,Dated Face/Heel Turns and Ring Names & Gimmicks timelines used only where the event date falls inside a published interval.
S1276,TheSmackDownHotel dated character history: Spike Dudley,wrestler_database,https://www.thesmackdownhotel.com/wrestlers/spike-dudley,12,Other reputable site,2026-09-24,Dated Face/Heel Turns and Ring Names & Gimmicks timelines used only where the event date falls inside a published interval.
S1277,TheSmackDownHotel dated character history: Ernest Miller,wrestler_database,https://www.thesmackdownhotel.com/wrestlers/ernest-miller,12,Other reputable site,2026-09-24,Dated Face/Heel Turns and Ring Names & Gimmicks timelines used only where the event date falls inside a published interval.
S1278,TheSmackDownHotel dated character history: Rico,wrestler_database,https://www.thesmackdownhotel.com/wrestlers/rico,12,Other reputable site,2026-09-24,Dated Face/Heel Turns and Ring Names & Gimmicks timelines used only where the event date falls inside a published interval.
S1279,TheSmackDownHotel dated character history: Mick Foley,wrestler_database,https://www.thesmackdownhotel.com/wrestlers/mick-foley,12,Other reputable site,2026-09-24,Dated Face/Heel Turns and Ring Names & Gimmicks timelines used only where the event date falls inside a published interval.
S1280,TheSmackDownHotel dated character history: Nunzio,wrestler_database,https://www.thesmackdownhotel.com/wrestlers/nunzio,12,Other reputable site,2026-09-24,Dated Face/Heel Turns and Ring Names & Gimmicks timelines used only where the event date falls inside a published interval.
S1281,TheSmackDownHotel dated character history: Daniel Puder,wrestler_database,https://www.thesmackdownhotel.com/wrestlers/daniel-puder,12,Other reputable site,2026-09-24,Dated Face/Heel Turns and Ring Names & Gimmicks timelines used only where the event date falls inside a published interval.
S1282,TheSmackDownHotel dated character history: Kenzo Suzuki,wrestler_database,https://www.thesmackdownhotel.com/wrestlers/kenzo-suzuki,12,Other reputable site,2026-09-24,Dated Face/Heel Turns and Ring Names & Gimmicks timelines used only where the event date falls inside a published interval.
S1283,TheSmackDownHotel dated character history: Luther Reigns,wrestler_database,https://www.thesmackdownhotel.com/wrestlers/luther-reigns,12,Other reputable site,2026-09-24,Dated Face/Heel Turns and Ring Names & Gimmicks timelines used only where the event date falls inside a published interval.
S1284,TheSmackDownHotel dated character history: Muhammad Hassan,wrestler_database,https://www.thesmackdownhotel.com/wrestlers/muhammad-hassan,12,Other reputable site,2026-09-24,Dated Face/Heel Turns and Ring Names & Gimmicks timelines used only where the event date falls inside a published interval.
S1285,TheSmackDownHotel dated character history: Orlando Jordan,wrestler_database,https://www.thesmackdownhotel.com/wrestlers/orlando-jordan,12,Other reputable site,2026-09-24,Dated Face/Heel Turns and Ring Names & Gimmicks timelines used only where the event date falls inside a published interval.
S1286,TheSmackDownHotel dated character history: Simon Dean,wrestler_database,https://www.thesmackdownhotel.com/wrestlers/simon-dean,12,Other reputable site,2026-09-24,Dated Face/Heel Turns and Ring Names & Gimmicks timelines used only where the event date falls inside a published interval.
S1287,TheSmackDownHotel dated character history: Jonathan Coachman,wrestler_database,https://www.thesmackdownhotel.com/wrestlers/jonathan-coachman,12,Other reputable site,2026-09-24,Dated Face/Heel Turns and Ring Names & Gimmicks timelines used only where the event date falls inside a published interval.
S1288,TheSmackDownHotel dated character history: Mark Jindrak,wrestler_database,https://www.thesmackdownhotel.com/wrestlers/mark-jindrak,12,Other reputable site,2026-09-24,Dated Face/Heel Turns and Ring Names & Gimmicks timelines used only where the event date falls inside a published interval.
S1289,TheSmackDownHotel dated character history: Paul London,wrestler_database,https://www.thesmackdownhotel.com/wrestlers/paul-london,12,Other reputable site,2026-09-24,Dated Face/Heel Turns and Ring Names & Gimmicks timelines used only where the event date falls inside a published interval.
S1290,TheSmackDownHotel dated character history: Gene Snitsky,wrestler_database,https://www.thesmackdownhotel.com/wrestlers/gene-snitsky,12,Other reputable site,2026-09-24,Dated Face/Heel Turns and Ring Names & Gimmicks timelines used only where the event date falls inside a published interval.
S1291,TheSmackDownHotel dated character history: Ric Flair,wrestler_database,https://www.thesmackdownhotel.com/wrestlers/ric-flair,12,Other reputable site,2026-09-24,Dated Face/Heel Turns and Ring Names & Gimmicks timelines used only where the event date falls inside a published interval.
S1292,TheSmackDownHotel dated character history: Bobby Lashley,wrestler_database,https://www.thesmackdownhotel.com/wrestlers/bobby-lashley,12,Other reputable site,2026-09-24,Dated Face/Heel Turns and Ring Names & Gimmicks timelines used only where the event date falls inside a published interval.
S1293,TheSmackDownHotel dated character history: Carlito,wrestler_database,https://www.thesmackdownhotel.com/wrestlers/carlito,12,Other reputable site,2026-09-24,Dated Face/Heel Turns and Ring Names & Gimmicks timelines used only where the event date falls inside a published interval.
S1294,TheSmackDownHotel dated character history: Joey Mercury,wrestler_database,https://www.thesmackdownhotel.com/wrestlers/joey-mercury,12,Other reputable site,2026-09-24,Dated Face/Heel Turns and Ring Names & Gimmicks timelines used only where the event date falls inside a published interval.
S1295,TheSmackDownHotel dated character history: Road Warrior Animal,wrestler_database,https://www.thesmackdownhotel.com/wrestlers/road-warrior-animal,12,Other reputable site,2026-09-24,Dated Face/Heel Turns and Ring Names & Gimmicks timelines used only where the event date falls inside a published interval.
S1296,TheSmackDownHotel dated character history: Tatanka,wrestler_database,https://www.thesmackdownhotel.com/wrestlers/tatanka,12,Other reputable site,2026-09-24,Dated Face/Heel Turns and Ring Names & Gimmicks timelines used only where the event date falls inside a published interval.
S1297,TheSmackDownHotel dated character history: Super Crazy,wrestler_database,https://www.thesmackdownhotel.com/wrestlers/super-crazy,12,Other reputable site,2026-09-24,Dated Face/Heel Turns and Ring Names & Gimmicks timelines used only where the event date falls inside a published interval.
S1298,TheSmackDownHotel dated character history: Trevor Murdoch,wrestler_database,https://www.thesmackdownhotel.com/wrestlers/trevor-murdoch,12,Other reputable site,2026-09-24,Dated Face/Heel Turns and Ring Names & Gimmicks timelines used only where the event date falls inside a published interval.
S1299,TheSmackDownHotel dated character history: Chris Masters,wrestler_database,https://www.thesmackdownhotel.com/wrestlers/chris-masters,12,Other reputable site,2026-09-24,Dated Face/Heel Turns and Ring Names & Gimmicks timelines used only where the event date falls inside a published interval.
S1300,TheSmackDownHotel dated character history: Eugene,wrestler_database,https://www.thesmackdownhotel.com/wrestlers/eugene,12,Other reputable site,2026-09-24,Dated Face/Heel Turns and Ring Names & Gimmicks timelines used only where the event date falls inside a published interval.
S1301,TheSmackDownHotel dated character history: Kenny Dykstra,wrestler_database,https://www.thesmackdownhotel.com/wrestlers/kenny-dykstra,12,Other reputable site,2026-09-24,Dated Face/Heel Turns and Ring Names & Gimmicks timelines used only where the event date falls inside a published interval.
S1302,TheSmackDownHotel dated character history: Sabu,wrestler_database,https://www.thesmackdownhotel.com/wrestlers/sabu,12,Other reputable site,2026-09-24,Dated Face/Heel Turns and Ring Names & Gimmicks timelines used only where the event date falls inside a published interval.
S1303,TheSmackDownHotel dated character history: CM Punk,wrestler_database,https://www.thesmackdownhotel.com/wrestlers/cm-punk,12,Other reputable site,2026-09-24,Dated Face/Heel Turns and Ring Names & Gimmicks timelines used only where the event date falls inside a published interval.
S1304,TheSmackDownHotel dated character history: The Sandman,wrestler_database,https://www.thesmackdownhotel.com/wrestlers/the-sandman,12,Other reputable site,2026-09-24,Dated Face/Heel Turns and Ring Names & Gimmicks timelines used only where the event date falls inside a published interval.
S1305,TheSmackDownHotel dated character history: Kevin Thorn,wrestler_database,https://www.thesmackdownhotel.com/wrestlers/kevin-thorn,12,Other reputable site,2026-09-24,Dated Face/Heel Turns and Ring Names & Gimmicks timelines used only where the event date falls inside a published interval.
S1306,TheSmackDownHotel dated character history: MVP,wrestler_database,https://www.thesmackdownhotel.com/wrestlers/mvp,12,Other reputable site,2026-09-24,Dated Face/Heel Turns and Ring Names & Gimmicks timelines used only where the event date falls inside a published interval.
S1307,TheSmackDownHotel dated character history: The Miz,wrestler_database,https://www.thesmackdownhotel.com/wrestlers/the-miz,12,Other reputable site,2026-09-24,Dated Face/Heel Turns and Ring Names & Gimmicks timelines used only where the event date falls inside a published interval.
S1308,Wikipedia — Royal Rumble (1998),reference,https://en.wikipedia.org/wiki/Royal_Rumble_(1998),10,Wikipedia/reference,2026-09-24,"Event narrative, storylines and match context used for residual event-era alignment classification; single-source calls remain PROBABLE."
S1309,Wikipedia — Royal Rumble (1999),reference,https://en.wikipedia.org/wiki/Royal_Rumble_(1999),10,Wikipedia/reference,2026-09-24,"Event narrative, storylines and match context used for residual event-era alignment classification; single-source calls remain PROBABLE."
S1310,Wikipedia — Royal Rumble (2000),reference,https://en.wikipedia.org/wiki/Royal_Rumble_(2000),10,Wikipedia/reference,2026-09-24,"Event narrative, storylines and match context used for residual event-era alignment classification; single-source calls remain PROBABLE."
S1311,Wikipedia — Royal Rumble (2001),reference,https://en.wikipedia.org/wiki/Royal_Rumble_(2001),10,Wikipedia/reference,2026-09-24,"Event narrative, storylines and match context used for residual event-era alignment classification; single-source calls remain PROBABLE."
S1312,Wikipedia — Royal Rumble (2002),reference,https://en.wikipedia.org/wiki/Royal_Rumble_(2002),10,Wikipedia/reference,2026-09-24,"Event narrative, storylines and match context used for residual event-era alignment classification; single-source calls remain PROBABLE."
S1313,Wikipedia — Royal Rumble (2003),reference,https://en.wikipedia.org/wiki/Royal_Rumble_(2003),10,Wikipedia/reference,2026-09-24,"Event narrative, storylines and match context used for residual event-era alignment classification; single-source calls remain PROBABLE."
S1314,Wikipedia — Royal Rumble (2004),reference,https://en.wikipedia.org/wiki/Royal_Rumble_(2004),10,Wikipedia/reference,2026-09-24,"Event narrative, storylines and match context used for residual event-era alignment classification; single-source calls remain PROBABLE."
S1315,Wikipedia — Royal Rumble (2005),reference,https://en.wikipedia.org/wiki/Royal_Rumble_(2005),10,Wikipedia/reference,2026-09-24,"Event narrative, storylines and match context used for residual event-era alignment classification; single-source calls remain PROBABLE."
S1316,Wikipedia — Royal Rumble (2006),reference,https://en.wikipedia.org/wiki/Royal_Rumble_(2006),10,Wikipedia/reference,2026-09-24,"Event narrative, storylines and match context used for residual event-era alignment classification; single-source calls remain PROBABLE."
S1317,Wikipedia — Royal Rumble (2007),reference,https://en.wikipedia.org/wiki/Royal_Rumble_(2007),10,Wikipedia/reference,2026-09-24,"Event narrative, storylines and match context used for residual event-era alignment classification; single-source calls remain PROBABLE."
S1318,TheSmackDownHotel dated character history: Shawn Michaels,wrestler_database,https://www.thesmackdownhotel.com/wrestlers/shawn-michaels,12,Other reputable site,2026-09-24,Dated Face/Heel Turns and Ring Names & Gimmicks timelines used only where the event date falls inside a published interval.
S1319,TheSmackDownHotel dated character history: Santino Marella,wrestler_database,https://www.thesmackdownhotel.com/wrestlers/santino-marella,12,Other reputable site,2026-09-24,Dated Face/Heel Turns and Ring Names & Gimmicks timelines used only where the event date falls inside a published interval.
S1320,TheSmackDownHotel dated character history: The Great Khali,wrestler_database,https://www.thesmackdownhotel.com/wrestlers/the-great-khali,12,Other reputable site,2026-09-24,Dated Face/Heel Turns and Ring Names & Gimmicks timelines used only where the event date falls inside a published interval.
S1321,TheSmackDownHotel dated character history: Hardcore Holly,wrestler_database,https://www.thesmackdownhotel.com/wrestlers/hardcore-holly,12,Other reputable site,2026-09-24,Dated Face/Heel Turns and Ring Names & Gimmicks timelines used only where the event date falls inside a published interval.
S1322,TheSmackDownHotel dated character history: Tommy Dreamer,wrestler_database,https://www.thesmackdownhotel.com/wrestlers/tommy-dreamer,12,Other reputable site,2026-09-24,Dated Face/Heel Turns and Ring Names & Gimmicks timelines used only where the event date falls inside a published interval.
S1323,TheSmackDownHotel dated character history: Batista,wrestler_database,https://www.thesmackdownhotel.com/wrestlers/batista,12,Other reputable site,2026-09-24,Dated Face/Heel Turns and Ring Names & Gimmicks timelines used only where the event date falls inside a published interval.
S1324,TheSmackDownHotel dated character history: Hornswoggle,wrestler_database,https://www.thesmackdownhotel.com/wrestlers/hornswoggle,12,Other reputable site,2026-09-24,Dated Face/Heel Turns and Ring Names & Gimmicks timelines used only where the event date falls inside a published interval.
S1325,TheSmackDownHotel dated character history: Chuck Palumbo,wrestler_database,https://www.thesmackdownhotel.com/wrestlers/chuck-palumbo,12,Other reputable site,2026-09-24,Dated Face/Heel Turns and Ring Names & Gimmicks timelines used only where the event date falls inside a published interval.
S1326,TheSmackDownHotel dated character history: Jamie Noble,wrestler_database,https://www.thesmackdownhotel.com/wrestlers/jamie-noble,12,Other reputable site,2026-09-24,Dated Face/Heel Turns and Ring Names & Gimmicks timelines used only where the event date falls inside a published interval.
S1327,TheSmackDownHotel dated character history: CM Punk,wrestler_database,https://www.thesmackdownhotel.com/wrestlers/cm-punk,12,Other reputable site,2026-09-24,Dated Face/Heel Turns and Ring Names & Gimmicks timelines used only where the event date falls inside a published interval.
S1328,TheSmackDownHotel dated character history: Stardust,wrestler_database,https://www.thesmackdownhotel.com/wrestlers/cody-rhodes,12,Other reputable site,2026-09-24,Dated Face/Heel Turns and Ring Names & Gimmicks timelines used only where the event date falls inside a published interval.
S1329,TheSmackDownHotel dated character history: Gene Snitsky,wrestler_database,https://www.thesmackdownhotel.com/wrestlers/gene-snitsky,12,Other reputable site,2026-09-24,Dated Face/Heel Turns and Ring Names & Gimmicks timelines used only where the event date falls inside a published interval.
S1330,TheSmackDownHotel dated character history: The Miz,wrestler_database,https://www.thesmackdownhotel.com/wrestlers/the-miz,12,Other reputable site,2026-09-24,Dated Face/Heel Turns and Ring Names & Gimmicks timelines used only where the event date falls inside a published interval.
S1331,TheSmackDownHotel dated character history: Shelton Benjamin,wrestler_database,https://www.thesmackdownhotel.com/wrestlers/shelton-benjamin,12,Other reputable site,2026-09-24,Dated Face/Heel Turns and Ring Names & Gimmicks timelines used only where the event date falls inside a published interval.
S1332,TheSmackDownHotel dated character history: Jimmy Snuka,wrestler_database,https://www.thesmackdownhotel.com/wrestlers/jimmy-snuka,12,Other reputable site,2026-09-24,Dated Face/Heel Turns and Ring Names & Gimmicks timelines used only where the event date falls inside a published interval.
S1333,TheSmackDownHotel dated character history: Roddy Piper,wrestler_database,https://www.thesmackdownhotel.com/wrestlers/roddy-piper,12,Other reputable site,2026-09-24,Dated Face/Heel Turns and Ring Names & Gimmicks timelines used only where the event date falls inside a published interval.
S1334,TheSmackDownHotel dated character history: Kane,wrestler_database,https://www.thesmackdownhotel.com/wrestlers/kane,12,Other reputable site,2026-09-24,Dated Face/Heel Turns and Ring Names & Gimmicks timelines used only where the event date falls inside a published interval.
S1335,TheSmackDownHotel dated character history: Carlito,wrestler_database,https://www.thesmackdownhotel.com/wrestlers/carlito,12,Other reputable site,2026-09-24,Dated Face/Heel Turns and Ring Names & Gimmicks timelines used only where the event date falls inside a published interval.
S1336,TheSmackDownHotel dated character history: Mick Foley,wrestler_database,https://www.thesmackdownhotel.com/wrestlers/mick-foley,12,Other reputable site,2026-09-24,Dated Face/Heel Turns and Ring Names & Gimmicks timelines used only where the event date falls inside a published interval.
S1337,TheSmackDownHotel dated character history: Mr. Kennedy,wrestler_database,https://www.thesmackdownhotel.com/wrestlers/mr-kennedy,12,Other reputable site,2026-09-24,Dated Face/Heel Turns and Ring Names & Gimmicks timelines used only where the event date falls inside a published interval.
S1338,TheSmackDownHotel dated character history: Mark Henry,wrestler_database,https://www.thesmackdownhotel.com/wrestlers/mark-henry,12,Other reputable site,2026-09-24,Dated Face/Heel Turns and Ring Names & Gimmicks timelines used only where the event date falls inside a published interval.
S1339,TheSmackDownHotel dated character history: Chavo Guerrero,wrestler_database,https://www.thesmackdownhotel.com/wrestlers/chavo-guerrero,12,Other reputable site,2026-09-24,Dated Face/Heel Turns and Ring Names & Gimmicks timelines used only where the event date falls inside a published interval.
S1340,TheSmackDownHotel dated character history: Elijah Burke,wrestler_database,https://www.thesmackdownhotel.com/wrestlers/elijah-burke,12,Other reputable site,2026-09-24,Dated Face/Heel Turns and Ring Names & Gimmicks timelines used only where the event date falls inside a published interval.
S1341,TheSmackDownHotel dated character history: Triple H,wrestler_database,https://www.thesmackdownhotel.com/wrestlers/triple-h,12,Other reputable site,2026-09-24,Dated Face/Heel Turns and Ring Names & Gimmicks timelines used only where the event date falls inside a published interval.
S1342,TheSmackDownHotel dated character history: John Cena,wrestler_database,https://www.thesmackdownhotel.com/wrestlers/john-cena,12,Other reputable site,2026-09-24,Dated Face/Heel Turns and Ring Names & Gimmicks timelines used only where the event date falls inside a published interval.
S1343,TheSmackDownHotel dated character history: Rey Mysterio,wrestler_database,https://www.thesmackdownhotel.com/wrestlers/rey-mysterio,12,Other reputable site,2026-09-24,Dated Face/Heel Turns and Ring Names & Gimmicks timelines used only where the event date falls inside a published interval.
S1344,TheSmackDownHotel dated character history: MVP,wrestler_database,https://www.thesmackdownhotel.com/wrestlers/mvp,12,Other reputable site,2026-09-24,Dated Face/Heel Turns and Ring Names & Gimmicks timelines used only where the event date falls inside a published interval.
S1345,TheSmackDownHotel dated character history: Vladimir Kozlov,wrestler_database,https://www.thesmackdownhotel.com/wrestlers/vladimir-kozlov,12,Other reputable site,2026-09-24,Dated Face/Heel Turns and Ring Names & Gimmicks timelines used only where the event date falls inside a published interval.
S1346,TheSmackDownHotel dated character history: Randy Orton,wrestler_database,https://www.thesmackdownhotel.com/wrestlers/randy-orton,12,Other reputable site,2026-09-24,Dated Face/Heel Turns and Ring Names & Gimmicks timelines used only where the event date falls inside a published interval.
S1347,TheSmackDownHotel dated character history: JTG,wrestler_database,https://www.thesmackdownhotel.com/wrestlers/jtg,12,Other reputable site,2026-09-24,Dated Face/Heel Turns and Ring Names & Gimmicks timelines used only where the event date falls inside a published interval.
S1348,TheSmackDownHotel dated character history: Ted DiBiase,wrestler_database,https://www.thesmackdownhotel.com/wrestlers/ted-dibiase-jr,12,Other reputable site,2026-09-24,Dated Face/Heel Turns and Ring Names & Gimmicks timelines used only where the event date falls inside a published interval.
S1349,TheSmackDownHotel dated character history: Chris Jericho,wrestler_database,https://www.thesmackdownhotel.com/wrestlers/chris-jericho,12,Other reputable site,2026-09-24,Dated Face/Heel Turns and Ring Names & Gimmicks timelines used only where the event date falls inside a published interval.
S1350,TheSmackDownHotel dated character history: Mike Knox,wrestler_database,https://www.thesmackdownhotel.com/wrestlers/mike-knox,12,Other reputable site,2026-09-24,Dated Face/Heel Turns and Ring Names & Gimmicks timelines used only where the event date falls inside a published interval.
S1351,TheSmackDownHotel dated character history: William Regal,wrestler_database,https://www.thesmackdownhotel.com/wrestlers/william-regal,12,Other reputable site,2026-09-24,Dated Face/Heel Turns and Ring Names & Gimmicks timelines used only where the event date falls inside a published interval.
S1352,TheSmackDownHotel dated character history: Kofi Kingston,wrestler_database,https://www.thesmackdownhotel.com/wrestlers/kofi-kingston,12,Other reputable site,2026-09-24,Dated Face/Heel Turns and Ring Names & Gimmicks timelines used only where the event date falls inside a published interval.
S1353,TheSmackDownHotel dated character history: R-Truth,wrestler_database,https://www.thesmackdownhotel.com/wrestlers/r-truth,12,Other reputable site,2026-09-24,Dated Face/Heel Turns and Ring Names & Gimmicks timelines used only where the event date falls inside a published interval.
S1354,TheSmackDownHotel dated character history: Rob Van Dam,wrestler_database,https://www.thesmackdownhotel.com/wrestlers/rob-van-dam,12,Other reputable site,2026-09-24,Dated Face/Heel Turns and Ring Names & Gimmicks timelines used only where the event date falls inside a published interval.
S1355,TheSmackDownHotel dated character history: The Brian Kendrick,wrestler_database,https://www.thesmackdownhotel.com/wrestlers/the-brian-kendrick,12,Other reputable site,2026-09-24,Dated Face/Heel Turns and Ring Names & Gimmicks timelines used only where the event date falls inside a published interval.
S1356,TheSmackDownHotel dated character history: Dolph Ziggler,wrestler_database,https://www.thesmackdownhotel.com/wrestlers/dolph-ziggler,12,Other reputable site,2026-09-24,Dated Face/Heel Turns and Ring Names & Gimmicks timelines used only where the event date falls inside a published interval.
S1357,TheSmackDownHotel dated character history: Jim Duggan,wrestler_database,https://www.thesmackdownhotel.com/wrestlers/jim-duggan,12,Other reputable site,2026-09-24,Dated Face/Heel Turns and Ring Names & Gimmicks timelines used only where the event date falls inside a published interval.
S1358,TheSmackDownHotel dated character history: Big Show,wrestler_database,https://www.thesmackdownhotel.com/wrestlers/big-show,12,Other reputable site,2026-09-24,Dated Face/Heel Turns and Ring Names & Gimmicks timelines used only where the event date falls inside a published interval.
S1359,TheSmackDownHotel dated character history: Daniel Bryan,wrestler_database,https://www.thesmackdownhotel.com/wrestlers/daniel-bryan,12,Other reputable site,2026-09-24,Dated Face/Heel Turns and Ring Names & Gimmicks timelines used only where the event date falls inside a published interval.
S1360,TheSmackDownHotel dated character history: Justin Gabriel,wrestler_database,https://www.thesmackdownhotel.com/wrestlers/justin-gabriel,12,Other reputable site,2026-09-24,Dated Face/Heel Turns and Ring Names & Gimmicks timelines used only where the event date falls inside a published interval.
S1361,TheSmackDownHotel dated character history: Zack Ryder,wrestler_database,https://www.thesmackdownhotel.com/wrestlers/zack-ryder,12,Other reputable site,2026-09-24,Dated Face/Heel Turns and Ring Names & Gimmicks timelines used only where the event date falls inside a published interval.
S1362,TheSmackDownHotel dated character history: Yoshi Tatsu,wrestler_database,https://www.thesmackdownhotel.com/wrestlers/yoshi-tatsu,12,Other reputable site,2026-09-24,Dated Face/Heel Turns and Ring Names & Gimmicks timelines used only where the event date falls inside a published interval.
S1363,TheSmackDownHotel dated character history: Chris Masters,wrestler_database,https://www.thesmackdownhotel.com/wrestlers/chris-masters,12,Other reputable site,2026-09-24,Dated Face/Heel Turns and Ring Names & Gimmicks timelines used only where the event date falls inside a published interval.
S1364,TheSmackDownHotel dated character history: David Otunga,wrestler_database,https://www.thesmackdownhotel.com/wrestlers/david-otunga,12,Other reputable site,2026-09-24,Dated Face/Heel Turns and Ring Names & Gimmicks timelines used only where the event date falls inside a published interval.
S1365,TheSmackDownHotel dated character history: Tyler Reks,wrestler_database,https://www.thesmackdownhotel.com/wrestlers/tyler-reks,12,Other reputable site,2026-09-24,Dated Face/Heel Turns and Ring Names & Gimmicks timelines used only where the event date falls inside a published interval.
S1366,TheSmackDownHotel dated character history: Mason Ryan,wrestler_database,https://www.thesmackdownhotel.com/wrestlers/mason-ryan,12,Other reputable site,2026-09-24,Dated Face/Heel Turns and Ring Names & Gimmicks timelines used only where the event date falls inside a published interval.
S1367,TheSmackDownHotel dated character history: Booker T,wrestler_database,https://www.thesmackdownhotel.com/wrestlers/booker-t,12,Other reputable site,2026-09-24,Dated Face/Heel Turns and Ring Names & Gimmicks timelines used only where the event date falls inside a published interval.
S1368,TheSmackDownHotel dated character history: Tyson Kidd,wrestler_database,https://www.thesmackdownhotel.com/wrestlers/tyson-kidd,12,Other reputable site,2026-09-24,Dated Face/Heel Turns and Ring Names & Gimmicks timelines used only where the event date falls inside a published interval.
S1369,TheSmackDownHotel dated character history: Heath Slater,wrestler_database,https://www.thesmackdownhotel.com/wrestlers/heath-slater,12,Other reputable site,2026-09-24,Dated Face/Heel Turns and Ring Names & Gimmicks timelines used only where the event date falls inside a published interval.
S1370,TheSmackDownHotel dated character history: Jack Swagger,wrestler_database,https://www.thesmackdownhotel.com/wrestlers/jack-swagger,12,Other reputable site,2026-09-24,Dated Face/Heel Turns and Ring Names & Gimmicks timelines used only where the event date falls inside a published interval.
S1371,TheSmackDownHotel dated character history: Sheamus,wrestler_database,https://www.thesmackdownhotel.com/wrestlers/sheamus,12,Other reputable site,2026-09-24,Dated Face/Heel Turns and Ring Names & Gimmicks timelines used only where the event date falls inside a published interval.
S1372,TheSmackDownHotel dated character history: Bad News Barrett,wrestler_database,https://www.thesmackdownhotel.com/wrestlers/wade-barrett,12,Other reputable site,2026-09-24,Dated Face/Heel Turns and Ring Names & Gimmicks timelines used only where the event date falls inside a published interval.
S1373,TheSmackDownHotel dated character history: Drew McIntyre,wrestler_database,https://www.thesmackdownhotel.com/wrestlers/drew-mcintyre,12,Other reputable site,2026-09-24,Dated Face/Heel Turns and Ring Names & Gimmicks timelines used only where the event date falls inside a published interval.
S1374,TheSmackDownHotel dated character history: Alex Riley,wrestler_database,https://www.thesmackdownhotel.com/wrestlers/alex-riley,12,Other reputable site,2026-09-24,Dated Face/Heel Turns and Ring Names & Gimmicks timelines used only where the event date falls inside a published interval.
S1375,TheSmackDownHotel dated character history: Ezekiel Jackson,wrestler_database,https://www.thesmackdownhotel.com/wrestlers/ezekiel-jackson,12,Other reputable site,2026-09-24,Dated Face/Heel Turns and Ring Names & Gimmicks timelines used only where the event date falls inside a published interval.
S1376,TheSmackDownHotel dated character history: Alberto Del Rio,wrestler_database,https://www.thesmackdownhotel.com/wrestlers/alberto-del-rio,12,Other reputable site,2026-09-24,Dated Face/Heel Turns and Ring Names & Gimmicks timelines used only where the event date falls inside a published interval.
S1377,TheSmackDownHotel dated character history: Ricardo Rodriguez,wrestler_database,https://www.thesmackdownhotel.com/wrestlers/ricardo-rodriguez,12,Other reputable site,2026-09-24,Dated Face/Heel Turns and Ring Names & Gimmicks timelines used only where the event date falls inside a published interval.
S1378,TheSmackDownHotel dated character history: Epico,wrestler_database,https://www.thesmackdownhotel.com/wrestlers/epico,12,Other reputable site,2026-09-24,Dated Face/Heel Turns and Ring Names & Gimmicks timelines used only where the event date falls inside a published interval.
S1379,TheSmackDownHotel dated character history: Jerry Lawler,wrestler_database,https://www.thesmackdownhotel.com/wrestlers/jerry-lawler,12,Other reputable site,2026-09-24,Dated Face/Heel Turns and Ring Names & Gimmicks timelines used only where the event date falls inside a published interval.
S1380,TheSmackDownHotel dated character history: Jinder Mahal,wrestler_database,https://www.thesmackdownhotel.com/wrestlers/jinder-mahal,12,Other reputable site,2026-09-24,Dated Face/Heel Turns and Ring Names & Gimmicks timelines used only where the event date falls inside a published interval.
S1381,TheSmackDownHotel dated character history: Sin Cara,wrestler_database,https://www.thesmackdownhotel.com/wrestlers/hunico,12,Other reputable site,2026-09-24,Dated Face/Heel Turns and Ring Names & Gimmicks timelines used only where the event date falls inside a published interval.
S1382,TheSmackDownHotel dated character history: Michael Cole,wrestler_database,https://www.thesmackdownhotel.com/wrestlers/michael-cole,12,Other reputable site,2026-09-24,Dated Face/Heel Turns and Ring Names & Gimmicks timelines used only where the event date falls inside a published interval.
S1383,TheSmackDownHotel dated character history: Kharma,wrestler_database,https://www.thesmackdownhotel.com/wrestlers/kharma,12,Other reputable site,2026-09-24,Dated Face/Heel Turns and Ring Names & Gimmicks timelines used only where the event date falls inside a published interval.
S1384,TheSmackDownHotel dated character history: Road Dogg,wrestler_database,https://www.thesmackdownhotel.com/wrestlers/road-dogg,12,Other reputable site,2026-09-24,Dated Face/Heel Turns and Ring Names & Gimmicks timelines used only where the event date falls inside a published interval.
S1385,TheSmackDownHotel dated character history: Jey Uso,wrestler_database,https://www.thesmackdownhotel.com/wrestlers/jey-uso,12,Other reputable site,2026-09-24,Dated Face/Heel Turns and Ring Names & Gimmicks timelines used only where the event date falls inside a published interval.
S1386,TheSmackDownHotel dated character history: Evan Bourne,wrestler_database,https://www.thesmackdownhotel.com/wrestlers/evan-bourne,12,Other reputable site,2026-09-24,Dated Face/Heel Turns and Ring Names & Gimmicks timelines used only where the event date falls inside a published interval.
S1387,TheSmackDownHotel dated character history: Beth Phoenix,wrestler_database,https://www.thesmackdownhotel.com/wrestlers/beth-phoenix,12,Other reputable site,2026-09-24,Dated Face/Heel Turns and Ring Names & Gimmicks timelines used only where the event date falls inside a published interval.
S1388,TheSmackDownHotel dated character history: Matt Hardy,wrestler_database,https://www.thesmackdownhotel.com/wrestlers/matt-hardy,12,Other reputable site,2026-09-24,Dated Face/Heel Turns and Ring Names & Gimmicks timelines used only where the event date falls inside a published interval.
S1389,TheSmackDownHotel dated character history: Edge,wrestler_database,https://www.thesmackdownhotel.com/wrestlers/edge,12,Other reputable site,2026-09-24,Dated Face/Heel Turns and Ring Names & Gimmicks timelines used only where the event date falls inside a published interval.
S1390,TheSmackDownHotel dated character history: Bo Dallas,wrestler_database,https://www.thesmackdownhotel.com/wrestlers/bo-dallas,12,Other reputable site,2026-09-24,Dated Face/Heel Turns and Ring Names & Gimmicks timelines used only where the event date falls inside a published interval.
S1391,TheSmackDownHotel dated character history: Ryback,wrestler_database,https://www.thesmackdownhotel.com/wrestlers/ryback,12,Other reputable site,2026-09-24,Dated Face/Heel Turns and Ring Names & Gimmicks timelines used only where the event date falls inside a published interval.
S1392,TheSmackDownHotel dated character history: Cesaro,wrestler_database,https://www.thesmackdownhotel.com/wrestlers/cesaro,12,Other reputable site,2026-09-24,Dated Face/Heel Turns and Ring Names & Gimmicks timelines used only where the event date falls inside a published interval.
S1393,TheSmackDownHotel dated character history: Brodus Clay,wrestler_database,https://www.thesmackdownhotel.com/wrestlers/brodus-clay,12,Other reputable site,2026-09-24,Dated Face/Heel Turns and Ring Names & Gimmicks timelines used only where the event date falls inside a published interval.
S1394,TheSmackDownHotel dated character history: Darren Young,wrestler_database,https://www.thesmackdownhotel.com/wrestlers/darren-young,12,Other reputable site,2026-09-24,Dated Face/Heel Turns and Ring Names & Gimmicks timelines used only where the event date falls inside a published interval.
S1395,TheSmackDownHotel dated character history: Seth Rollins,wrestler_database,https://www.thesmackdownhotel.com/wrestlers/seth-rollins,12,Other reputable site,2026-09-24,Dated Face/Heel Turns and Ring Names & Gimmicks timelines used only where the event date falls inside a published interval.
S1396,TheSmackDownHotel dated character history: Rusev,wrestler_database,https://www.thesmackdownhotel.com/wrestlers/rusev,12,Other reputable site,2026-09-24,Dated Face/Heel Turns and Ring Names & Gimmicks timelines used only where the event date falls inside a published interval.
S1397,TheSmackDownHotel dated character history: Jimmy Uso,wrestler_database,https://www.thesmackdownhotel.com/wrestlers/jimmy-uso,12,Other reputable site,2026-09-24,Dated Face/Heel Turns and Ring Names & Gimmicks timelines used only where the event date falls inside a published interval.
S1398,TheSmackDownHotel dated character history: Dean Ambrose,wrestler_database,https://www.thesmackdownhotel.com/wrestlers/dean-ambrose,12,Other reputable site,2026-09-24,Dated Face/Heel Turns and Ring Names & Gimmicks timelines used only where the event date falls inside a published interval.
S1399,TheSmackDownHotel dated character history: Roman Reigns,wrestler_database,https://www.thesmackdownhotel.com/wrestlers/roman-reigns,12,Other reputable site,2026-09-24,Dated Face/Heel Turns and Ring Names & Gimmicks timelines used only where the event date falls inside a published interval.
S1400,TheSmackDownHotel dated character history: Fandango,wrestler_database,https://www.thesmackdownhotel.com/wrestlers/fandango,12,Other reputable site,2026-09-24,Dated Face/Heel Turns and Ring Names & Gimmicks timelines used only where the event date falls inside a published interval.
S1401,TheSmackDownHotel dated character history: El Torito,wrestler_database,https://www.thesmackdownhotel.com/wrestlers/el-torito,12,Other reputable site,2026-09-24,Dated Face/Heel Turns and Ring Names & Gimmicks timelines used only where the event date falls inside a published interval.
S1402,TheSmackDownHotel dated character history: Luke Harper,wrestler_database,https://www.thesmackdownhotel.com/wrestlers/luke-harper,12,Other reputable site,2026-09-24,Dated Face/Heel Turns and Ring Names & Gimmicks timelines used only where the event date falls inside a published interval.
S1403,TheSmackDownHotel dated character history: John Bradshaw Layfield,wrestler_database,https://www.thesmackdownhotel.com/wrestlers/bradshaw,12,Other reputable site,2026-09-24,Dated Face/Heel Turns and Ring Names & Gimmicks timelines used only where the event date falls inside a published interval.
S1404,TheSmackDownHotel dated character history: Erick Rowan,wrestler_database,https://www.thesmackdownhotel.com/wrestlers/erick-rowan,12,Other reputable site,2026-09-24,Dated Face/Heel Turns and Ring Names & Gimmicks timelines used only where the event date falls inside a published interval.
S1405,TheSmackDownHotel dated character history: Big E,wrestler_database,https://www.thesmackdownhotel.com/wrestlers/big-e,12,Other reputable site,2026-09-24,Dated Face/Heel Turns and Ring Names & Gimmicks timelines used only where the event date falls inside a published interval.
S1406,TheSmackDownHotel dated character history: Bubba Ray Dudley,wrestler_database,https://www.thesmackdownhotel.com/wrestlers/bubba-ray-dudley,12,Other reputable site,2026-09-24,Dated Face/Heel Turns and Ring Names & Gimmicks timelines used only where the event date falls inside a published interval.
S1407,TheSmackDownHotel dated character history: Bray Wyatt,wrestler_database,https://www.thesmackdownhotel.com/wrestlers/bray-wyatt,12,Other reputable site,2026-09-24,Dated Face/Heel Turns and Ring Names & Gimmicks timelines used only where the event date falls inside a published interval.
S1408,TheSmackDownHotel dated character history: Curtis Axel,wrestler_database,https://www.thesmackdownhotel.com/wrestlers/curtis-axel,12,Other reputable site,2026-09-24,Dated Face/Heel Turns and Ring Names & Gimmicks timelines used only where the event date falls inside a published interval.
S1409,TheSmackDownHotel dated character history: The Boogeyman,wrestler_database,https://www.thesmackdownhotel.com/wrestlers/the-boogeyman,12,Other reputable site,2026-09-24,Dated Face/Heel Turns and Ring Names & Gimmicks timelines used only where the event date falls inside a published interval.
S1410,TheSmackDownHotel dated character history: Diamond Dallas Page,wrestler_database,https://www.thesmackdownhotel.com/wrestlers/diamond-dallas-page,12,Other reputable site,2026-09-24,Dated Face/Heel Turns and Ring Names & Gimmicks timelines used only where the event date falls inside a published interval.
S1411,TheSmackDownHotel dated character history: Adam Rose,wrestler_database,https://www.thesmackdownhotel.com/wrestlers/adam-rose,12,Other reputable site,2026-09-24,Dated Face/Heel Turns and Ring Names & Gimmicks timelines used only where the event date falls inside a published interval.
S1412,TheSmackDownHotel dated character history: AJ Styles,wrestler_database,https://www.thesmackdownhotel.com/wrestlers/aj-styles,12,Other reputable site,2026-09-24,Dated Face/Heel Turns and Ring Names & Gimmicks timelines used only where the event date falls inside a published interval.
S1413,TheSmackDownHotel dated character history: Tyler Breeze,wrestler_database,https://www.thesmackdownhotel.com/wrestlers/tyler-breeze,12,Other reputable site,2026-09-24,Dated Face/Heel Turns and Ring Names & Gimmicks timelines used only where the event date falls inside a published interval.
S1414,TheSmackDownHotel dated character history: Braun Strowman,wrestler_database,https://www.thesmackdownhotel.com/wrestlers/braun-strowman,12,Other reputable site,2026-09-24,Dated Face/Heel Turns and Ring Names & Gimmicks timelines used only where the event date falls inside a published interval.
S1415,TheSmackDownHotel dated character history: Kevin Owens,wrestler_database,https://www.thesmackdownhotel.com/wrestlers/kevin-owens,12,Other reputable site,2026-09-24,Dated Face/Heel Turns and Ring Names & Gimmicks timelines used only where the event date falls inside a published interval.
S1416,TheSmackDownHotel dated character history: Sami Zayn,wrestler_database,https://www.thesmackdownhotel.com/wrestlers/sami-zayn,12,Other reputable site,2026-09-24,Dated Face/Heel Turns and Ring Names & Gimmicks timelines used only where the event date falls inside a published interval.
S1417,TheSmackDownHotel dated character history: Brock Lesnar,wrestler_database,https://www.thesmackdownhotel.com/wrestlers/brock-lesnar,12,Other reputable site,2026-09-24,Dated Face/Heel Turns and Ring Names & Gimmicks timelines used only where the event date falls inside a published interval.
S1418,TheSmackDownHotel dated character history: Big Cass,wrestler_database,https://www.thesmackdownhotel.com/wrestlers/big-cass,12,Other reputable site,2026-09-24,Dated Face/Heel Turns and Ring Names & Gimmicks timelines used only where the event date falls inside a published interval.
S1419,TheSmackDownHotel dated character history: Kalisto,wrestler_database,https://www.thesmackdownhotel.com/wrestlers/kalisto,12,Other reputable site,2026-09-24,Dated Face/Heel Turns and Ring Names & Gimmicks timelines used only where the event date falls inside a published interval.
S1420,TheSmackDownHotel dated character history: Mojo Rawley,wrestler_database,https://www.thesmackdownhotel.com/wrestlers/mojo-rawley,12,Other reputable site,2026-09-24,Dated Face/Heel Turns and Ring Names & Gimmicks timelines used only where the event date falls inside a published interval.
S1421,TheSmackDownHotel dated character history: Jack Gallagher,wrestler_database,https://www.thesmackdownhotel.com/wrestlers/jack-gallagher,12,Other reputable site,2026-09-24,Dated Face/Heel Turns and Ring Names & Gimmicks timelines used only where the event date falls inside a published interval.
S1422,TheSmackDownHotel dated character history: Tye Dillinger,wrestler_database,https://www.thesmackdownhotel.com/wrestlers/tye-dillinger,12,Other reputable site,2026-09-24,Dated Face/Heel Turns and Ring Names & Gimmicks timelines used only where the event date falls inside a published interval.
S1423,TheSmackDownHotel dated character history: James Ellsworth,wrestler_database,https://www.thesmackdownhotel.com/wrestlers/james-ellsworth,12,Other reputable site,2026-09-24,Dated Face/Heel Turns and Ring Names & Gimmicks timelines used only where the event date falls inside a published interval.
S1424,TheSmackDownHotel dated character history: Baron Corbin,wrestler_database,https://www.thesmackdownhotel.com/wrestlers/baron-corbin,12,Other reputable site,2026-09-24,Dated Face/Heel Turns and Ring Names & Gimmicks timelines used only where the event date falls inside a published interval.
S1425,TheSmackDownHotel dated character history: Xavier Woods,wrestler_database,https://www.thesmackdownhotel.com/wrestlers/xavier-woods,12,Other reputable site,2026-09-24,Dated Face/Heel Turns and Ring Names & Gimmicks timelines used only where the event date falls inside a published interval.
S1426,TheSmackDownHotel dated character history: Apollo Crews,wrestler_database,https://www.thesmackdownhotel.com/wrestlers/apollo-crews,12,Other reputable site,2026-09-24,Dated Face/Heel Turns and Ring Names & Gimmicks timelines used only where the event date falls inside a published interval.
S1427,TheSmackDownHotel dated character history: Enzo Amore,wrestler_database,https://www.thesmackdownhotel.com/wrestlers/enzo-amore,12,Other reputable site,2026-09-24,Dated Face/Heel Turns and Ring Names & Gimmicks timelines used only where the event date falls inside a published interval.
S1428,TheSmackDownHotel dated character history: Goldberg,wrestler_database,https://www.thesmackdownhotel.com/wrestlers/goldberg,12,Other reputable site,2026-09-24,Dated Face/Heel Turns and Ring Names & Gimmicks timelines used only where the event date falls inside a published interval.
S1429,Wikipedia — Royal Rumble (2008),reference,https://en.wikipedia.org/wiki/Royal_Rumble_(2008),10,Wikipedia/reference,2026-09-24,"Event narrative, storylines and match context used for residual event-era alignment classification; single-source calls remain PROBABLE."
S1430,Wikipedia — Royal Rumble (2009),reference,https://en.wikipedia.org/wiki/Royal_Rumble_(2009),10,Wikipedia/reference,2026-09-24,"Event narrative, storylines and match context used for residual event-era alignment classification; single-source calls remain PROBABLE."
S1431,Wikipedia — Royal Rumble (2010),reference,https://en.wikipedia.org/wiki/Royal_Rumble_(2010),10,Wikipedia/reference,2026-09-24,"Event narrative, storylines and match context used for residual event-era alignment classification; single-source calls remain PROBABLE."
S1432,Wikipedia — Royal Rumble (2011),reference,https://en.wikipedia.org/wiki/Royal_Rumble_(2011),10,Wikipedia/reference,2026-09-24,"Event narrative, storylines and match context used for residual event-era alignment classification; single-source calls remain PROBABLE."
S1433,Wikipedia — Royal Rumble (2012),reference,https://en.wikipedia.org/wiki/Royal_Rumble_(2012),10,Wikipedia/reference,2026-09-24,"Event narrative, storylines and match context used for residual event-era alignment classification; single-source calls remain PROBABLE."
S1434,Wikipedia — Royal Rumble (2013),reference,https://en.wikipedia.org/wiki/Royal_Rumble_(2013),10,Wikipedia/reference,2026-09-24,"Event narrative, storylines and match context used for residual event-era alignment classification; single-source calls remain PROBABLE."
S1435,Wikipedia — Royal Rumble (2014),reference,https://en.wikipedia.org/wiki/Royal_Rumble_(2014),10,Wikipedia/reference,2026-09-24,"Event narrative, storylines and match context used for residual event-era alignment classification; single-source calls remain PROBABLE."
S1436,Wikipedia — Royal Rumble (2015),reference,https://en.wikipedia.org/wiki/Royal_Rumble_(2015),10,Wikipedia/reference,2026-09-24,"Event narrative, storylines and match context used for residual event-era alignment classification; single-source calls remain PROBABLE."
S1437,Wikipedia — Royal Rumble (2016),reference,https://en.wikipedia.org/wiki/Royal_Rumble_(2016),10,Wikipedia/reference,2026-09-24,"Event narrative, storylines and match context used for residual event-era alignment classification; single-source calls remain PROBABLE."
S1438,Wikipedia — Royal Rumble (2017),reference,https://en.wikipedia.org/wiki/Royal_Rumble_(2017),10,Wikipedia/reference,2026-09-24,"Event narrative, storylines and match context used for residual event-era alignment classification; single-source calls remain PROBABLE."
S1439,TheSmackDownHotel dated character history: Rusev,wrestler_database,https://www.thesmackdownhotel.com/wrestlers/rusev,12,Other reputable site,2026-09-24,Dated Face/Heel Turns and Ring Names & Gimmicks timelines used only where the event date falls inside a published interval.
S1440,TheSmackDownHotel dated character history: Finn Balor,wrestler_database,https://www.thesmackdownhotel.com/wrestlers/finn-balor,12,Other reputable site,2026-09-24,Dated Face/Heel Turns and Ring Names & Gimmicks timelines used only where the event date falls inside a published interval.
S1441,TheSmackDownHotel dated character history: Rhyno,wrestler_database,https://www.thesmackdownhotel.com/wrestlers/rhyno,12,Other reputable site,2026-09-24,Dated Face/Heel Turns and Ring Names & Gimmicks timelines used only where the event date falls inside a published interval.
S1442,TheSmackDownHotel dated character history: Happy Corbin,wrestler_database,https://www.thesmackdownhotel.com/wrestlers/baron-corbin,12,Other reputable site,2026-09-24,Dated Face/Heel Turns and Ring Names & Gimmicks timelines used only where the event date falls inside a published interval.
S1443,TheSmackDownHotel dated character history: Heath Slater,wrestler_database,https://www.thesmackdownhotel.com/wrestlers/heath-slater,12,Other reputable site,2026-09-24,Dated Face/Heel Turns and Ring Names & Gimmicks timelines used only where the event date falls inside a published interval.
S1444,TheSmackDownHotel dated character history: Elias,wrestler_database,https://www.thesmackdownhotel.com/wrestlers/elias,12,Other reputable site,2026-09-24,Dated Face/Heel Turns and Ring Names & Gimmicks timelines used only where the event date falls inside a published interval.
S1445,TheSmackDownHotel dated character history: Andrade,wrestler_database,https://www.thesmackdownhotel.com/wrestlers/andrade,12,Other reputable site,2026-09-24,Dated Face/Heel Turns and Ring Names & Gimmicks timelines used only where the event date falls inside a published interval.
S1446,TheSmackDownHotel dated character history: Bray Wyatt,wrestler_database,https://www.thesmackdownhotel.com/wrestlers/bray-wyatt,12,Other reputable site,2026-09-24,Dated Face/Heel Turns and Ring Names & Gimmicks timelines used only where the event date falls inside a published interval.
S1447,TheSmackDownHotel dated character history: Big E,wrestler_database,https://www.thesmackdownhotel.com/wrestlers/big-e,12,Other reputable site,2026-09-24,Dated Face/Heel Turns and Ring Names & Gimmicks timelines used only where the event date falls inside a published interval.
S1448,TheSmackDownHotel dated character history: Sami Zayn,wrestler_database,https://www.thesmackdownhotel.com/wrestlers/sami-zayn,12,Other reputable site,2026-09-24,Dated Face/Heel Turns and Ring Names & Gimmicks timelines used only where the event date falls inside a published interval.
S1449,TheSmackDownHotel dated character history: Sheamus,wrestler_database,https://www.thesmackdownhotel.com/wrestlers/sheamus,12,Other reputable site,2026-09-24,Dated Face/Heel Turns and Ring Names & Gimmicks timelines used only where the event date falls inside a published interval.
S1450,TheSmackDownHotel dated character history: Xavier Woods,wrestler_database,https://www.thesmackdownhotel.com/wrestlers/xavier-woods,12,Other reputable site,2026-09-24,Dated Face/Heel Turns and Ring Names & Gimmicks timelines used only where the event date falls inside a published interval.
S1451,TheSmackDownHotel dated character history: Apollo Crews,wrestler_database,https://www.thesmackdownhotel.com/wrestlers/apollo-crews,12,Other reputable site,2026-09-24,Dated Face/Heel Turns and Ring Names & Gimmicks timelines used only where the event date falls inside a published interval.
S1452,TheSmackDownHotel dated character history: Shinsuke Nakamura,wrestler_database,https://www.thesmackdownhotel.com/wrestlers/shinsuke-nakamura,12,Other reputable site,2026-09-24,Dated Face/Heel Turns and Ring Names & Gimmicks timelines used only where the event date falls inside a published interval.
S1453,TheSmackDownHotel dated character history: Cesaro,wrestler_database,https://www.thesmackdownhotel.com/wrestlers/cesaro,12,Other reputable site,2026-09-24,Dated Face/Heel Turns and Ring Names & Gimmicks timelines used only where the event date falls inside a published interval.
S1454,TheSmackDownHotel dated character history: Kofi Kingston,wrestler_database,https://www.thesmackdownhotel.com/wrestlers/kofi-kingston,12,Other reputable site,2026-09-24,Dated Face/Heel Turns and Ring Names & Gimmicks timelines used only where the event date falls inside a published interval.
S1455,TheSmackDownHotel dated character history: Jinder Mahal,wrestler_database,https://www.thesmackdownhotel.com/wrestlers/jinder-mahal,12,Other reputable site,2026-09-24,Dated Face/Heel Turns and Ring Names & Gimmicks timelines used only where the event date falls inside a published interval.
S1456,TheSmackDownHotel dated character history: Seth Rollins,wrestler_database,https://www.thesmackdownhotel.com/wrestlers/seth-rollins,12,Other reputable site,2026-09-24,Dated Face/Heel Turns and Ring Names & Gimmicks timelines used only where the event date falls inside a published interval.
S1457,TheSmackDownHotel dated character history: Matt Hardy,wrestler_database,https://www.thesmackdownhotel.com/wrestlers/matt-hardy,12,Other reputable site,2026-09-24,Dated Face/Heel Turns and Ring Names & Gimmicks timelines used only where the event date falls inside a published interval.
S1458,TheSmackDownHotel dated character history: John Cena,wrestler_database,https://www.thesmackdownhotel.com/wrestlers/john-cena,12,Other reputable site,2026-09-24,Dated Face/Heel Turns and Ring Names & Gimmicks timelines used only where the event date falls inside a published interval.
S1459,TheSmackDownHotel dated character history: The Hurricane,wrestler_database,https://www.thesmackdownhotel.com/wrestlers/the-hurricane,12,Other reputable site,2026-09-24,Dated Face/Heel Turns and Ring Names & Gimmicks timelines used only where the event date falls inside a published interval.
S1460,TheSmackDownHotel dated character history: Aiden English,wrestler_database,https://www.thesmackdownhotel.com/wrestlers/aiden-english,12,Other reputable site,2026-09-24,Dated Face/Heel Turns and Ring Names & Gimmicks timelines used only where the event date falls inside a published interval.
S1461,TheSmackDownHotel dated character history: Adam Cole,wrestler_database,https://www.thesmackdownhotel.com/wrestlers/adam-cole,12,Other reputable site,2026-09-24,Dated Face/Heel Turns and Ring Names & Gimmicks timelines used only where the event date falls inside a published interval.
S1462,TheSmackDownHotel dated character history: Randy Orton,wrestler_database,https://www.thesmackdownhotel.com/wrestlers/randy-orton,12,Other reputable site,2026-09-24,Dated Face/Heel Turns and Ring Names & Gimmicks timelines used only where the event date falls inside a published interval.
S1463,TheSmackDownHotel dated character history: The Miz,wrestler_database,https://www.thesmackdownhotel.com/wrestlers/the-miz,12,Other reputable site,2026-09-24,Dated Face/Heel Turns and Ring Names & Gimmicks timelines used only where the event date falls inside a published interval.
S1464,TheSmackDownHotel dated character history: Rey Mysterio,wrestler_database,https://www.thesmackdownhotel.com/wrestlers/rey-mysterio,12,Other reputable site,2026-09-24,Dated Face/Heel Turns and Ring Names & Gimmicks timelines used only where the event date falls inside a published interval.
S1465,TheSmackDownHotel dated character history: Roman Reigns,wrestler_database,https://www.thesmackdownhotel.com/wrestlers/roman-reigns,12,Other reputable site,2026-09-24,Dated Face/Heel Turns and Ring Names & Gimmicks timelines used only where the event date falls inside a published interval.
S1466,TheSmackDownHotel dated character history: Dolph Ziggler,wrestler_database,https://www.thesmackdownhotel.com/wrestlers/dolph-ziggler,12,Other reputable site,2026-09-24,Dated Face/Heel Turns and Ring Names & Gimmicks timelines used only where the event date falls inside a published interval.
S1467,TheSmackDownHotel dated character history: Jeff Jarrett,wrestler_database,https://www.thesmackdownhotel.com/wrestlers/jeff-jarrett,12,Other reputable site,2026-09-24,Dated Face/Heel Turns and Ring Names & Gimmicks timelines used only where the event date falls inside a published interval.
S1468,TheSmackDownHotel dated character history: Kurt Angle,wrestler_database,https://www.thesmackdownhotel.com/wrestlers/kurt-angle,12,Other reputable site,2026-09-24,Dated Face/Heel Turns and Ring Names & Gimmicks timelines used only where the event date falls inside a published interval.
S1469,TheSmackDownHotel dated character history: Johnny Gargano,wrestler_database,https://www.thesmackdownhotel.com/wrestlers/johnny-gargano,12,Other reputable site,2026-09-24,Dated Face/Heel Turns and Ring Names & Gimmicks timelines used only where the event date falls inside a published interval.
S1470,TheSmackDownHotel dated character history: Samoa Joe,wrestler_database,https://www.thesmackdownhotel.com/wrestlers/samoa-joe,12,Other reputable site,2026-09-24,Dated Face/Heel Turns and Ring Names & Gimmicks timelines used only where the event date falls inside a published interval.
S1471,TheSmackDownHotel dated character history: Curt Hawkins,wrestler_database,https://www.thesmackdownhotel.com/wrestlers/curt-hawkins,12,Other reputable site,2026-09-24,Dated Face/Heel Turns and Ring Names & Gimmicks timelines used only where the event date falls inside a published interval.
S1472,TheSmackDownHotel dated character history: Mustafa Ali,wrestler_database,https://www.thesmackdownhotel.com/wrestlers/mustafa-ali,12,Other reputable site,2026-09-24,Dated Face/Heel Turns and Ring Names & Gimmicks timelines used only where the event date falls inside a published interval.
S1473,TheSmackDownHotel dated character history: Dean Ambrose,wrestler_database,https://www.thesmackdownhotel.com/wrestlers/dean-ambrose,12,Other reputable site,2026-09-24,Dated Face/Heel Turns and Ring Names & Gimmicks timelines used only where the event date falls inside a published interval.
S1474,TheSmackDownHotel dated character history: No Way Jose,wrestler_database,https://www.thesmackdownhotel.com/wrestlers/no-way-jose,12,Other reputable site,2026-09-24,Dated Face/Heel Turns and Ring Names & Gimmicks timelines used only where the event date falls inside a published interval.
S1475,TheSmackDownHotel dated character history: Drew McIntyre,wrestler_database,https://www.thesmackdownhotel.com/wrestlers/drew-mcintyre,12,Other reputable site,2026-09-24,Dated Face/Heel Turns and Ring Names & Gimmicks timelines used only where the event date falls inside a published interval.
S1476,TheSmackDownHotel dated character history: Pete Dunne,wrestler_database,https://www.thesmackdownhotel.com/wrestlers/pete-dunne,12,Other reputable site,2026-09-24,Dated Face/Heel Turns and Ring Names & Gimmicks timelines used only where the event date falls inside a published interval.
S1477,TheSmackDownHotel dated character history: Shelton Benjamin,wrestler_database,https://www.thesmackdownhotel.com/wrestlers/shelton-benjamin,12,Other reputable site,2026-09-24,Dated Face/Heel Turns and Ring Names & Gimmicks timelines used only where the event date falls inside a published interval.
S1478,TheSmackDownHotel dated character history: Jeff Hardy,wrestler_database,https://www.thesmackdownhotel.com/wrestlers/jeff-hardy,12,Other reputable site,2026-09-24,Dated Face/Heel Turns and Ring Names & Gimmicks timelines used only where the event date falls inside a published interval.
S1479,TheSmackDownHotel dated character history: Bobby Lashley,wrestler_database,https://www.thesmackdownhotel.com/wrestlers/bobby-lashley,12,Other reputable site,2026-09-24,Dated Face/Heel Turns and Ring Names & Gimmicks timelines used only where the event date falls inside a published interval.
S1480,TheSmackDownHotel dated character history: Braun Strowman,wrestler_database,https://www.thesmackdownhotel.com/wrestlers/braun-strowman,12,Other reputable site,2026-09-24,Dated Face/Heel Turns and Ring Names & Gimmicks timelines used only where the event date falls inside a published interval.
S1481,TheSmackDownHotel dated character history: Nia Jax,wrestler_database,https://www.thesmackdownhotel.com/wrestlers/nia-jax,12,Other reputable site,2026-09-24,Dated Face/Heel Turns and Ring Names & Gimmicks timelines used only where the event date falls inside a published interval.
S1482,TheSmackDownHotel dated character history: Brock Lesnar,wrestler_database,https://www.thesmackdownhotel.com/wrestlers/brock-lesnar,12,Other reputable site,2026-09-24,Dated Face/Heel Turns and Ring Names & Gimmicks timelines used only where the event date falls inside a published interval.
S1483,TheSmackDownHotel dated character history: Erick Rowan,wrestler_database,https://www.thesmackdownhotel.com/wrestlers/erick-rowan,12,Other reputable site,2026-09-24,Dated Face/Heel Turns and Ring Names & Gimmicks timelines used only where the event date falls inside a published interval.
S1484,TheSmackDownHotel dated character history: Robert Roode,wrestler_database,https://www.thesmackdownhotel.com/wrestlers/robert-roode,12,Other reputable site,2026-09-24,Dated Face/Heel Turns and Ring Names & Gimmicks timelines used only where the event date falls inside a published interval.
S1485,TheSmackDownHotel dated character history: MVP,wrestler_database,https://www.thesmackdownhotel.com/wrestlers/mvp,12,Other reputable site,2026-09-24,Dated Face/Heel Turns and Ring Names & Gimmicks timelines used only where the event date falls inside a published interval.
S1486,TheSmackDownHotel dated character history: Keith Lee,wrestler_database,https://www.thesmackdownhotel.com/wrestlers/keith-lee,12,Other reputable site,2026-09-24,Dated Face/Heel Turns and Ring Names & Gimmicks timelines used only where the event date falls inside a published interval.
S1487,TheSmackDownHotel dated character history: Ricochet,wrestler_database,https://www.thesmackdownhotel.com/wrestlers/ricochet,12,Other reputable site,2026-09-24,Dated Face/Heel Turns and Ring Names & Gimmicks timelines used only where the event date falls inside a published interval.
S1488,TheSmackDownHotel dated character history: AJ Styles,wrestler_database,https://www.thesmackdownhotel.com/wrestlers/aj-styles,12,Other reputable site,2026-09-24,Dated Face/Heel Turns and Ring Names & Gimmicks timelines used only where the event date falls inside a published interval.
S1489,TheSmackDownHotel dated character history: Karl Anderson,wrestler_database,https://www.thesmackdownhotel.com/wrestlers/karl-anderson,12,Other reputable site,2026-09-24,Dated Face/Heel Turns and Ring Names & Gimmicks timelines used only where the event date falls inside a published interval.
S1490,TheSmackDownHotel dated character history: Edge,wrestler_database,https://www.thesmackdownhotel.com/wrestlers/edge,12,Other reputable site,2026-09-24,Dated Face/Heel Turns and Ring Names & Gimmicks timelines used only where the event date falls inside a published interval.
S1491,TheSmackDownHotel dated character history: Luke Gallows,wrestler_database,https://www.thesmackdownhotel.com/wrestlers/luke-gallows,12,Other reputable site,2026-09-24,Dated Face/Heel Turns and Ring Names & Gimmicks timelines used only where the event date falls inside a published interval.
S1492,TheSmackDownHotel dated character history: Kevin Owens,wrestler_database,https://www.thesmackdownhotel.com/wrestlers/kevin-owens,12,Other reputable site,2026-09-24,Dated Face/Heel Turns and Ring Names & Gimmicks timelines used only where the event date falls inside a published interval.
S1493,TheSmackDownHotel dated character history: Carlito,wrestler_database,https://www.thesmackdownhotel.com/wrestlers/carlito,12,Other reputable site,2026-09-24,Dated Face/Heel Turns and Ring Names & Gimmicks timelines used only where the event date falls inside a published interval.
S1494,TheSmackDownHotel dated character history: Damian Priest,wrestler_database,https://www.thesmackdownhotel.com/wrestlers/damian-priest,12,Other reputable site,2026-09-24,Dated Face/Heel Turns and Ring Names & Gimmicks timelines used only where the event date falls inside a published interval.
S1495,TheSmackDownHotel dated character history: Daniel Bryan,wrestler_database,https://www.thesmackdownhotel.com/wrestlers/daniel-bryan,12,Other reputable site,2026-09-24,Dated Face/Heel Turns and Ring Names & Gimmicks timelines used only where the event date falls inside a published interval.
S1496,TheSmackDownHotel dated character history: Kane,wrestler_database,https://www.thesmackdownhotel.com/wrestlers/kane,12,Other reputable site,2026-09-24,Dated Face/Heel Turns and Ring Names & Gimmicks timelines used only where the event date falls inside a published interval.
S1497,TheSmackDownHotel dated character history: Otis,wrestler_database,https://www.thesmackdownhotel.com/wrestlers/otis,12,Other reputable site,2026-09-24,Dated Face/Heel Turns and Ring Names & Gimmicks timelines used only where the event date falls inside a published interval.
S1498,TheSmackDownHotel dated character history: Dominik Mysterio,wrestler_database,https://www.thesmackdownhotel.com/wrestlers/dominik-mysterio,12,Other reputable site,2026-09-24,Dated Face/Heel Turns and Ring Names & Gimmicks timelines used only where the event date falls inside a published interval.
S1499,TheSmackDownHotel dated character history: Christian,wrestler_database,https://www.thesmackdownhotel.com/wrestlers/christian,12,Other reputable site,2026-09-24,Dated Face/Heel Turns and Ring Names & Gimmicks timelines used only where the event date falls inside a published interval.
S1500,TheSmackDownHotel dated character history: Austin Theory,wrestler_database,https://www.thesmackdownhotel.com/wrestlers/austin-theory,12,Other reputable site,2026-09-24,Dated Face/Heel Turns and Ring Names & Gimmicks timelines used only where the event date falls inside a published interval.
S1501,TheSmackDownHotel dated character history: Ridge Holland,wrestler_database,https://www.thesmackdownhotel.com/wrestlers/ridge-holland,12,Other reputable site,2026-09-24,Dated Face/Heel Turns and Ring Names & Gimmicks timelines used only where the event date falls inside a published interval.
S1502,TheSmackDownHotel dated character history: Montez Ford,wrestler_database,https://www.thesmackdownhotel.com/wrestlers/montez-ford,12,Other reputable site,2026-09-24,Dated Face/Heel Turns and Ring Names & Gimmicks timelines used only where the event date falls inside a published interval.
S1503,TheSmackDownHotel dated character history: Johnny Knoxville,wrestler_database,https://www.thesmackdownhotel.com/wrestlers/johnny-knoxville,12,Other reputable site,2026-09-24,Dated Face/Heel Turns and Ring Names & Gimmicks timelines used only where the event date falls inside a published interval.
S1504,TheSmackDownHotel dated character history: Angelo Dawkins,wrestler_database,https://www.thesmackdownhotel.com/wrestlers/angelo-dawkins,12,Other reputable site,2026-09-24,Dated Face/Heel Turns and Ring Names & Gimmicks timelines used only where the event date falls inside a published interval.
S1505,TheSmackDownHotel dated character history: Chad Gable,wrestler_database,https://www.thesmackdownhotel.com/wrestlers/chad-gable,12,Other reputable site,2026-09-24,Dated Face/Heel Turns and Ring Names & Gimmicks timelines used only where the event date falls inside a published interval.
S1506,TheSmackDownHotel dated character history: Rick Boogs,wrestler_database,https://www.thesmackdownhotel.com/wrestlers/rick-boogs,12,Other reputable site,2026-09-24,Dated Face/Heel Turns and Ring Names & Gimmicks timelines used only where the event date falls inside a published interval.
S1507,TheSmackDownHotel dated character history: Madcap Moss,wrestler_database,https://www.thesmackdownhotel.com/wrestlers/riddick-moss,12,Other reputable site,2026-09-24,Dated Face/Heel Turns and Ring Names & Gimmicks timelines used only where the event date falls inside a published interval.
S1508,TheSmackDownHotel dated character history: Bad Bunny,wrestler_database,https://www.thesmackdownhotel.com/wrestlers/bad-bunny,12,Other reputable site,2026-09-24,Dated Face/Heel Turns and Ring Names & Gimmicks timelines used only where the event date falls inside a published interval.
S1509,TheSmackDownHotel dated character history: Shane McMahon,wrestler_database,https://www.thesmackdownhotel.com/wrestlers/shane-mcmahon,12,Other reputable site,2026-09-24,Dated Face/Heel Turns and Ring Names & Gimmicks timelines used only where the event date falls inside a published interval.
S1510,Wikipedia — Royal Rumble (2018),reference,https://en.wikipedia.org/wiki/Royal_Rumble_(2018),10,Wikipedia/reference,2026-09-24,"Event narrative, storylines and match context used for residual event-era alignment classification; single-source calls remain PROBABLE."
S1511,Wikipedia — Royal Rumble (2019),reference,https://en.wikipedia.org/wiki/Royal_Rumble_(2019),10,Wikipedia/reference,2026-09-24,"Event narrative, storylines and match context used for residual event-era alignment classification; single-source calls remain PROBABLE."
S1512,Wikipedia — Royal Rumble (2020),reference,https://en.wikipedia.org/wiki/Royal_Rumble_(2020),10,Wikipedia/reference,2026-09-24,"Event narrative, storylines and match context used for residual event-era alignment classification; single-source calls remain PROBABLE."
S1513,Wikipedia — Royal Rumble (2021),reference,https://en.wikipedia.org/wiki/Royal_Rumble_(2021),10,Wikipedia/reference,2026-09-24,"Event narrative, storylines and match context used for residual event-era alignment classification; single-source calls remain PROBABLE."
S1514,Wikipedia — Royal Rumble (2022),reference,https://en.wikipedia.org/wiki/Royal_Rumble_(2022),10,Wikipedia/reference,2026-09-24,"Event narrative, storylines and match context used for residual event-era alignment classification; single-source calls remain PROBABLE."
S1515,Wikipedia identity reference — The Undertaker,reference,https://en.wikipedia.org/wiki/The_Undertaker,10,Wikipedia/reference,2026-09-24,"Owner-supplied canonical identity/reference page; registered for identity and ring-name verification, not used alone to upgrade event-era alignment to CONFIRMED."
S1516,Wikipedia identity reference — John Morrison / Johnny Nitro,reference,https://en.wikipedia.org/wiki/John_Morrison_(wrestler),10,Wikipedia/reference,2026-09-24,"Owner-supplied canonical identity/reference page; registered for identity and ring-name verification, not used alone to upgrade event-era alignment to CONFIRMED."
S1517,Wikipedia identity reference — Finlay,reference,https://en.wikipedia.org/wiki/Fit_Finlay,10,Wikipedia/reference,2026-09-24,"Owner-supplied canonical identity/reference page; registered for identity and ring-name verification, not used alone to upgrade event-era alignment to CONFIRMED."
S1518,Wikipedia identity reference — Rey Mysterio,reference,https://en.wikipedia.org/wiki/Rey_Mysterio,10,Wikipedia/reference,2026-09-24,"Owner-supplied canonical identity/reference page; registered for identity and ring-name verification, not used alone to upgrade event-era alignment to CONFIRMED."
S1519,Wikipedia identity reference — Damien Sandow,reference,https://en.wikipedia.org/wiki/Aron_Stevens,10,Wikipedia/reference,2026-09-24,"Owner-supplied canonical identity/reference page; registered for identity and ring-name verification, not used alone to upgrade event-era alignment to CONFIRMED."
S1520,Wikipedia identity reference — Titus O'Neil,reference,https://en.wikipedia.org/wiki/Titus_O%27Neil,10,Wikipedia/reference,2026-09-24,"Owner-supplied canonical identity/reference page; registered for identity and ring-name verification, not used alone to upgrade event-era alignment to CONFIRMED."
S1521,Wikipedia identity reference — Viscera / Big Daddy V / Mabel,reference,https://en.wikipedia.org/wiki/Viscera_(wrestler),10,Wikipedia/reference,2026-09-24,"Owner-supplied canonical identity/reference page; registered for identity and ring-name verification, not used alone to upgrade event-era alignment to CONFIRMED."
S1522,Wikipedia identity reference — British Bulldog,reference,https://en.wikipedia.org/wiki/Davey_Boy_Smith,10,Wikipedia/reference,2026-09-24,"Owner-supplied canonical identity/reference page; registered for identity and ring-name verification, not used alone to upgrade event-era alignment to CONFIRMED."
S1523,Wikipedia identity reference — The Godfather / Goodfather,reference,https://en.wikipedia.org/wiki/The_Godfather_(wrestler),10,Wikipedia/reference,2026-09-24,"Owner-supplied canonical identity/reference page; registered for identity and ring-name verification, not used alone to upgrade event-era alignment to CONFIRMED."
S1524,Wikipedia identity reference — Bradshaw,reference,https://en.wikipedia.org/wiki/John_Layfield,10,Wikipedia/reference,2026-09-24,"Owner-supplied canonical identity/reference page; registered for identity and ring-name verification, not used alone to upgrade event-era alignment to CONFIRMED."
S1525,Wikipedia identity reference — Prince Albert / A-Train / Tensai,reference,https://en.wikipedia.org/wiki/Matt_Bloom,10,Wikipedia/reference,2026-09-24,"Owner-supplied canonical identity/reference page; registered for identity and ring-name verification, not used alone to upgrade event-era alignment to CONFIRMED."
S1526,Wikipedia identity reference — Kurrgan,reference,https://en.wikipedia.org/wiki/Robert_Maillet,10,Wikipedia/reference,2026-09-24,"Owner-supplied canonical identity/reference page; registered for identity and ring-name verification, not used alone to upgrade event-era alignment to CONFIRMED."
S1527,Wikipedia identity reference — Blue Meanie,reference,https://en.wikipedia.org/wiki/The_Blue_Meanie,10,Wikipedia/reference,2026-09-24,"Owner-supplied canonical identity/reference page; registered for identity and ring-name verification, not used alone to upgrade event-era alignment to CONFIRMED."
S1528,Wikipedia identity reference — Droz,reference,https://en.wikipedia.org/wiki/Droz_(wrestler),10,Wikipedia/reference,2026-09-24,"Owner-supplied canonical identity/reference page; registered for identity and ring-name verification, not used alone to upgrade event-era alignment to CONFIRMED."
S1529,Wikipedia identity reference — Golga,reference,https://en.wikipedia.org/wiki/John_Tenta,10,Wikipedia/reference,2026-09-24,"Owner-supplied canonical identity/reference page; registered for identity and ring-name verification, not used alone to upgrade event-era alignment to CONFIRMED."
S1530,Wikipedia identity reference — Headshrinker Sione,reference,https://en.wikipedia.org/wiki/The_Barbarian_(wrestler),10,Wikipedia/reference,2026-09-24,"Owner-supplied canonical identity/reference page; registered for identity and ring-name verification, not used alone to upgrade event-era alignment to CONFIRMED."
S1531,Wikipedia identity reference — Eli and Jacob Blu,reference,https://en.wikipedia.org/wiki/Harris_Brothers,10,Wikipedia/reference,2026-09-24,"Owner-supplied canonical identity/reference page; registered for identity and ring-name verification, not used alone to upgrade event-era alignment to CONFIRMED."
S1532,Wikipedia identity reference — Timothy Well,reference,https://en.wikipedia.org/wiki/Timothy_Well,10,Wikipedia/reference,2026-09-24,"Owner-supplied canonical identity/reference page; registered for identity and ring-name verification, not used alone to upgrade event-era alignment to CONFIRMED."
S1533,Wikipedia identity reference — Steven Dunn,reference,https://en.wikipedia.org/wiki/Steve_Doll,10,Wikipedia/reference,2026-09-24,"Owner-supplied canonical identity/reference page; registered for identity and ring-name verification, not used alone to upgrade event-era alignment to CONFIRMED."
S1534,TheSmackDownHotel dated character history: Sheamus,wrestler_database,https://www.thesmackdownhotel.com/wrestlers/sheamus,12,Other reputable site,2026-09-24,Dated Face/Heel Turns and Ring Names & Gimmicks timelines used only where the event date falls inside a published interval.
S1535,TheSmackDownHotel dated character history: The Miz,wrestler_database,https://www.thesmackdownhotel.com/wrestlers/the-miz,12,Other reputable site,2026-09-24,Dated Face/Heel Turns and Ring Names & Gimmicks timelines used only where the event date falls inside a published interval.
S1536,TheSmackDownHotel dated character history: Kofi Kingston,wrestler_database,https://www.thesmackdownhotel.com/wrestlers/kofi-kingston,12,Other reputable site,2026-09-24,Dated Face/Heel Turns and Ring Names & Gimmicks timelines used only where the event date falls inside a published interval.
S1537,TheSmackDownHotel dated character history: Johnny Gargano,wrestler_database,https://www.thesmackdownhotel.com/wrestlers/johnny-gargano,12,Other reputable site,2026-09-24,Dated Face/Heel Turns and Ring Names & Gimmicks timelines used only where the event date falls inside a published interval.
S1538,TheSmackDownHotel dated character history: Xavier Woods,wrestler_database,https://www.thesmackdownhotel.com/wrestlers/xavier-woods,12,Other reputable site,2026-09-24,Dated Face/Heel Turns and Ring Names & Gimmicks timelines used only where the event date falls inside a published interval.
S1539,TheSmackDownHotel dated character history: Chad Gable,wrestler_database,https://www.thesmackdownhotel.com/wrestlers/chad-gable,12,Other reputable site,2026-09-24,Dated Face/Heel Turns and Ring Names & Gimmicks timelines used only where the event date falls inside a published interval.
S1540,TheSmackDownHotel dated character history: Drew McIntyre,wrestler_database,https://www.thesmackdownhotel.com/wrestlers/drew-mcintyre,12,Other reputable site,2026-09-24,Dated Face/Heel Turns and Ring Names & Gimmicks timelines used only where the event date falls inside a published interval.
S1541,TheSmackDownHotel dated character history: Santos Escobar,wrestler_database,https://www.thesmackdownhotel.com/wrestlers/santos-escobar,12,Other reputable site,2026-09-24,Dated Face/Heel Turns and Ring Names & Gimmicks timelines used only where the event date falls inside a published interval.
S1542,TheSmackDownHotel dated character history: Angelo Dawkins,wrestler_database,https://www.thesmackdownhotel.com/wrestlers/angelo-dawkins,12,Other reputable site,2026-09-24,Dated Face/Heel Turns and Ring Names & Gimmicks timelines used only where the event date falls inside a published interval.
S1543,TheSmackDownHotel dated character history: Brock Lesnar,wrestler_database,https://www.thesmackdownhotel.com/wrestlers/brock-lesnar,12,Other reputable site,2026-09-24,Dated Face/Heel Turns and Ring Names & Gimmicks timelines used only where the event date falls inside a published interval.
S1544,TheSmackDownHotel dated character history: Bobby Lashley,wrestler_database,https://www.thesmackdownhotel.com/wrestlers/bobby-lashley,12,Other reputable site,2026-09-24,Dated Face/Heel Turns and Ring Names & Gimmicks timelines used only where the event date falls inside a published interval.
S1545,TheSmackDownHotel dated character history: Baron Corbin,wrestler_database,https://www.thesmackdownhotel.com/wrestlers/baron-corbin,12,Other reputable site,2026-09-24,Dated Face/Heel Turns and Ring Names & Gimmicks timelines used only where the event date falls inside a published interval.
S1546,TheSmackDownHotel dated character history: Seth Rollins,wrestler_database,https://www.thesmackdownhotel.com/wrestlers/seth-rollins,12,Other reputable site,2026-09-24,Dated Face/Heel Turns and Ring Names & Gimmicks timelines used only where the event date falls inside a published interval.
S1547,TheSmackDownHotel dated character history: Otis,wrestler_database,https://www.thesmackdownhotel.com/wrestlers/otis,12,Other reputable site,2026-09-24,Dated Face/Heel Turns and Ring Names & Gimmicks timelines used only where the event date falls inside a published interval.
S1548,TheSmackDownHotel dated character history: Rey Mysterio,wrestler_database,https://www.thesmackdownhotel.com/wrestlers/rey-mysterio,12,Other reputable site,2026-09-24,Dated Face/Heel Turns and Ring Names & Gimmicks timelines used only where the event date falls inside a published interval.
S1549,TheSmackDownHotel dated character history: Dominik Mysterio,wrestler_database,https://www.thesmackdownhotel.com/wrestlers/dominik-mysterio,12,Other reputable site,2026-09-24,Dated Face/Heel Turns and Ring Names & Gimmicks timelines used only where the event date falls inside a published interval.
S1550,TheSmackDownHotel dated character history: Elias,wrestler_database,https://www.thesmackdownhotel.com/wrestlers/elias,12,Other reputable site,2026-09-24,Dated Face/Heel Turns and Ring Names & Gimmicks timelines used only where the event date falls inside a published interval.
S1551,TheSmackDownHotel dated character history: Finn Balor,wrestler_database,https://www.thesmackdownhotel.com/wrestlers/finn-balor,12,Other reputable site,2026-09-24,Dated Face/Heel Turns and Ring Names & Gimmicks timelines used only where the event date falls inside a published interval.
S1552,TheSmackDownHotel dated character history: Booker T,wrestler_database,https://www.thesmackdownhotel.com/wrestlers/booker-t,12,Other reputable site,2026-09-24,Dated Face/Heel Turns and Ring Names & Gimmicks timelines used only where the event date falls inside a published interval.
S1553,TheSmackDownHotel dated character history: Damian Priest,wrestler_database,https://www.thesmackdownhotel.com/wrestlers/damian-priest,12,Other reputable site,2026-09-24,Dated Face/Heel Turns and Ring Names & Gimmicks timelines used only where the event date falls inside a published interval.
S1554,TheSmackDownHotel dated character history: Montez Ford,wrestler_database,https://www.thesmackdownhotel.com/wrestlers/montez-ford,12,Other reputable site,2026-09-24,Dated Face/Heel Turns and Ring Names & Gimmicks timelines used only where the event date falls inside a published interval.
S1555,TheSmackDownHotel dated character history: Edge,wrestler_database,https://www.thesmackdownhotel.com/wrestlers/edge,12,Other reputable site,2026-09-24,Dated Face/Heel Turns and Ring Names & Gimmicks timelines used only where the event date falls inside a published interval.
S1556,TheSmackDownHotel dated character history: Austin Theory,wrestler_database,https://www.thesmackdownhotel.com/wrestlers/austin-theory,12,Other reputable site,2026-09-24,Dated Face/Heel Turns and Ring Names & Gimmicks timelines used only where the event date falls inside a published interval.
S1557,TheSmackDownHotel dated character history: Braun Strowman,wrestler_database,https://www.thesmackdownhotel.com/wrestlers/braun-strowman,12,Other reputable site,2026-09-24,Dated Face/Heel Turns and Ring Names & Gimmicks timelines used only where the event date falls inside a published interval.
S1558,TheSmackDownHotel dated character history: Ricochet,wrestler_database,https://www.thesmackdownhotel.com/wrestlers/ricochet,12,Other reputable site,2026-09-24,Dated Face/Heel Turns and Ring Names & Gimmicks timelines used only where the event date falls inside a published interval.
S1559,TheSmackDownHotel dated character history: Logan Paul,wrestler_database,https://www.thesmackdownhotel.com/wrestlers/logan-paul,12,Other reputable site,2026-09-24,Dated Face/Heel Turns and Ring Names & Gimmicks timelines used only where the event date falls inside a published interval.
S1560,TheSmackDownHotel dated character history: Cody Rhodes,wrestler_database,https://www.thesmackdownhotel.com/wrestlers/cody-rhodes,12,Other reputable site,2026-09-24,Dated Face/Heel Turns and Ring Names & Gimmicks timelines used only where the event date falls inside a published interval.
S1561,TheSmackDownHotel dated character history: Jey Uso,wrestler_database,https://www.thesmackdownhotel.com/wrestlers/jey-uso,12,Other reputable site,2026-09-24,Dated Face/Heel Turns and Ring Names & Gimmicks timelines used only where the event date falls inside a published interval.
S1562,TheSmackDownHotel dated character history: Jimmy Uso,wrestler_database,https://www.thesmackdownhotel.com/wrestlers/jimmy-uso,12,Other reputable site,2026-09-24,Dated Face/Heel Turns and Ring Names & Gimmicks timelines used only where the event date falls inside a published interval.
S1563,TheSmackDownHotel dated character history: Grayson Waller,wrestler_database,https://www.thesmackdownhotel.com/wrestlers/grayson-waller,12,Other reputable site,2026-09-24,Dated Face/Heel Turns and Ring Names & Gimmicks timelines used only where the event date falls inside a published interval.
S1564,TheSmackDownHotel dated character history: Andrade,wrestler_database,https://www.thesmackdownhotel.com/wrestlers/andrade,12,Other reputable site,2026-09-24,Dated Face/Heel Turns and Ring Names & Gimmicks timelines used only where the event date falls inside a published interval.
S1565,TheSmackDownHotel dated character history: Carmelo Hayes,wrestler_database,https://www.thesmackdownhotel.com/wrestlers/carmelo-hayes,12,Other reputable site,2026-09-24,Dated Face/Heel Turns and Ring Names & Gimmicks timelines used only where the event date falls inside a published interval.
S1566,TheSmackDownHotel dated character history: Shinsuke Nakamura,wrestler_database,https://www.thesmackdownhotel.com/wrestlers/shinsuke-nakamura,12,Other reputable site,2026-09-24,Dated Face/Heel Turns and Ring Names & Gimmicks timelines used only where the event date falls inside a published interval.
S1567,TheSmackDownHotel dated character history: Carlito,wrestler_database,https://www.thesmackdownhotel.com/wrestlers/carlito,12,Other reputable site,2026-09-24,Dated Face/Heel Turns and Ring Names & Gimmicks timelines used only where the event date falls inside a published interval.
S1568,TheSmackDownHotel dated character history: Bronson Reed,wrestler_database,https://www.thesmackdownhotel.com/wrestlers/bronson-reed,12,Other reputable site,2026-09-24,Dated Face/Heel Turns and Ring Names & Gimmicks timelines used only where the event date falls inside a published interval.
S1569,TheSmackDownHotel dated character history: Bron Breakker,wrestler_database,https://www.thesmackdownhotel.com/wrestlers/bron-breakker,12,Other reputable site,2026-09-24,Dated Face/Heel Turns and Ring Names & Gimmicks timelines used only where the event date falls inside a published interval.
S1570,TheSmackDownHotel dated character history: Pat McAfee,wrestler_database,https://www.thesmackdownhotel.com/wrestlers/pat-mcafee,12,Other reputable site,2026-09-24,Dated Face/Heel Turns and Ring Names & Gimmicks timelines used only where the event date falls inside a published interval.
S1571,TheSmackDownHotel dated character history: R-Truth,wrestler_database,https://www.thesmackdownhotel.com/wrestlers/r-truth,12,Other reputable site,2026-09-24,Dated Face/Heel Turns and Ring Names & Gimmicks timelines used only where the event date falls inside a published interval.
S1572,TheSmackDownHotel dated character history: CM Punk,wrestler_database,https://www.thesmackdownhotel.com/wrestlers/cm-punk,12,Other reputable site,2026-09-24,Dated Face/Heel Turns and Ring Names & Gimmicks timelines used only where the event date falls inside a published interval.
S1573,TheSmackDownHotel dated character history: Sami Zayn,wrestler_database,https://www.thesmackdownhotel.com/wrestlers/sami-zayn,12,Other reputable site,2026-09-24,Dated Face/Heel Turns and Ring Names & Gimmicks timelines used only where the event date falls inside a published interval.
S1574,TheSmackDownHotel dated character history: IShowSpeed,wrestler_database,https://www.thesmackdownhotel.com/wrestlers/ishowspeed,12,Other reputable site,2026-09-24,Dated Face/Heel Turns and Ring Names & Gimmicks timelines used only where the event date falls inside a published interval.
S1575,TheSmackDownHotel dated character history: Jacob Fatu,wrestler_database,https://www.thesmackdownhotel.com/wrestlers/jacob-fatu,12,Other reputable site,2026-09-24,Dated Face/Heel Turns and Ring Names & Gimmicks timelines used only where the event date falls inside a published interval.
S1576,TheSmackDownHotel dated character history: Joe Hendry,wrestler_database,https://www.thesmackdownhotel.com/wrestlers/joe-hendry,12,Other reputable site,2026-09-24,Dated Face/Heel Turns and Ring Names & Gimmicks timelines used only where the event date falls inside a published interval.
S1577,TheSmackDownHotel dated character history: Roman Reigns,wrestler_database,https://www.thesmackdownhotel.com/wrestlers/roman-reigns,12,Other reputable site,2026-09-24,Dated Face/Heel Turns and Ring Names & Gimmicks timelines used only where the event date falls inside a published interval.
S1578,TheSmackDownHotel dated character history: AJ Styles,wrestler_database,https://www.thesmackdownhotel.com/wrestlers/aj-styles,12,Other reputable site,2026-09-24,Dated Face/Heel Turns and Ring Names & Gimmicks timelines used only where the event date falls inside a published interval.
S1579,TheSmackDownHotel dated character history: John Cena,wrestler_database,https://www.thesmackdownhotel.com/wrestlers/john-cena,12,Other reputable site,2026-09-24,Dated Face/Heel Turns and Ring Names & Gimmicks timelines used only where the event date falls inside a published interval.
S1580,TheSmackDownHotel dated character history: LA Knight,wrestler_database,https://www.thesmackdownhotel.com/wrestlers/la-knight,12,Other reputable site,2026-09-24,Dated Face/Heel Turns and Ring Names & Gimmicks timelines used only where the event date falls inside a published interval.
S1581,TheSmackDownHotel dated character history: Akira Tozawa,wrestler_database,https://www.thesmackdownhotel.com/wrestlers/akira-tozawa,12,Other reputable site,2026-09-24,Dated Face/Heel Turns and Ring Names & Gimmicks timelines used only where the event date falls inside a published interval.
S1582,TheSmackDownHotel dated character history: Oba Femi,wrestler_database,https://www.thesmackdownhotel.com/wrestlers/oba-femi,12,Other reputable site,2026-09-24,Dated Face/Heel Turns and Ring Names & Gimmicks timelines used only where the event date falls inside a published interval.
S1583,TheSmackDownHotel dated character history: Solo Sikoa,wrestler_database,https://www.thesmackdownhotel.com/wrestlers/solo-sikoa,12,Other reputable site,2026-09-24,Dated Face/Heel Turns and Ring Names & Gimmicks timelines used only where the event date falls inside a published interval.
S1584,TheSmackDownHotel dated character history: Rusev,wrestler_database,https://www.thesmackdownhotel.com/wrestlers/rusev,12,Other reputable site,2026-09-24,Dated Face/Heel Turns and Ring Names & Gimmicks timelines used only where the event date falls inside a published interval.
S1585,TheSmackDownHotel dated character history: Matt Cardona,wrestler_database,https://www.thesmackdownhotel.com/wrestlers/zack-ryder,12,Other reputable site,2026-09-24,Dated Face/Heel Turns and Ring Names & Gimmicks timelines used only where the event date falls inside a published interval.
S1586,TheSmackDownHotel dated character history: Mr. Iguana,wrestler_database,https://www.thesmackdownhotel.com/wrestlers/mr-iguana,12,Other reputable site,2026-09-24,Dated Face/Heel Turns and Ring Names & Gimmicks timelines used only where the event date falls inside a published interval.
S1587,TheSmackDownHotel dated character history: Trick Williams,wrestler_database,https://www.thesmackdownhotel.com/wrestlers/trick-williams,12,Other reputable site,2026-09-24,Dated Face/Heel Turns and Ring Names & Gimmicks timelines used only where the event date falls inside a published interval.
S1588,TheSmackDownHotel dated character history: Royce Keys,wrestler_database,https://www.thesmackdownhotel.com/wrestlers/powerhouse-hobbs,12,Other reputable site,2026-09-24,Dated Face/Heel Turns and Ring Names & Gimmicks timelines used only where the event date falls inside a published interval.
S1589,TheSmackDownHotel dated character history: Ilja Dragunov,wrestler_database,https://www.thesmackdownhotel.com/wrestlers/ilja-dragunov,12,Other reputable site,2026-09-24,Dated Face/Heel Turns and Ring Names & Gimmicks timelines used only where the event date falls inside a published interval.
S1590,TheSmackDownHotel dated character history: Dragon Lee,wrestler_database,https://www.thesmackdownhotel.com/wrestlers/dragon-lee,12,Other reputable site,2026-09-24,Dated Face/Heel Turns and Ring Names & Gimmicks timelines used only where the event date falls inside a published interval.
S1591,TheSmackDownHotel dated character history: Rey Fenix,wrestler_database,https://www.thesmackdownhotel.com/wrestlers/rey-fenix,12,Other reputable site,2026-09-24,Dated Face/Heel Turns and Ring Names & Gimmicks timelines used only where the event date falls inside a published interval.
S1592,TheSmackDownHotel dated character history: Randy Orton,wrestler_database,https://www.thesmackdownhotel.com/wrestlers/randy-orton,12,Other reputable site,2026-09-24,Dated Face/Heel Turns and Ring Names & Gimmicks timelines used only where the event date falls inside a published interval.
S1593,Wikipedia — Royal Rumble (2023),reference,https://en.wikipedia.org/wiki/Royal_Rumble_(2023),10,Wikipedia/reference,2026-09-24,"Event narrative, storylines and match context used for residual event-era alignment classification; single-source calls remain PROBABLE."
S1594,Wikipedia — Royal Rumble (2024),reference,https://en.wikipedia.org/wiki/Royal_Rumble_(2024),10,Wikipedia/reference,2026-09-24,"Event narrative, storylines and match context used for residual event-era alignment classification; single-source calls remain PROBABLE."
S1595,Wikipedia — Royal Rumble (2025),reference,https://en.wikipedia.org/wiki/Royal_Rumble_(2025),10,Wikipedia/reference,2026-09-24,"Event narrative, storylines and match context used for residual event-era alignment classification; single-source calls remain PROBABLE."
S1596,Wikipedia — Royal Rumble (2026),reference,https://en.wikipedia.org/wiki/Royal_Rumble_(2026),10,Wikipedia/reference,2026-09-24,"Event narrative, storylines and match context used for residual event-era alignment classification; single-source calls remain PROBABLE."
S1597,TheSmackDownHotel dated character history: Sasha Banks,wrestler_database,https://www.thesmackdownhotel.com/wrestlers/sasha-banks,12,Other reputable site,2026-09-24,Dated Face/Heel Turns and Ring Names & Gimmicks timelines used only where the event date falls inside a published interval.
S1598,TheSmackDownHotel dated character history: Becky Lynch,wrestler_database,https://www.thesmackdownhotel.com/wrestlers/becky-lynch,12,Other reputable site,2026-09-24,Dated Face/Heel Turns and Ring Names & Gimmicks timelines used only where the event date falls inside a published interval.
S1599,TheSmackDownHotel dated character history: Valhalla,wrestler_database,https://www.thesmackdownhotel.com/wrestlers/sarah-logan,12,Other reputable site,2026-09-24,Dated Face/Heel Turns and Ring Names & Gimmicks timelines used only where the event date falls inside a published interval.
S1600,TheSmackDownHotel dated character history: Mandy Rose,wrestler_database,https://www.thesmackdownhotel.com/wrestlers/mandy-rose,12,Other reputable site,2026-09-24,Dated Face/Heel Turns and Ring Names & Gimmicks timelines used only where the event date falls inside a published interval.
S1601,TheSmackDownHotel dated character history: Lita,wrestler_database,https://www.thesmackdownhotel.com/wrestlers/lita,12,Other reputable site,2026-09-24,Dated Face/Heel Turns and Ring Names & Gimmicks timelines used only where the event date falls inside a published interval.
S1602,TheSmackDownHotel dated character history: Kairi Sane,wrestler_database,https://www.thesmackdownhotel.com/wrestlers/kairi-sane,12,Other reputable site,2026-09-24,Dated Face/Heel Turns and Ring Names & Gimmicks timelines used only where the event date falls inside a published interval.
S1603,TheSmackDownHotel dated character history: Tamina,wrestler_database,https://www.thesmackdownhotel.com/wrestlers/tamina,12,Other reputable site,2026-09-24,Dated Face/Heel Turns and Ring Names & Gimmicks timelines used only where the event date falls inside a published interval.
S1604,TheSmackDownHotel dated character history: Dana Brooke,wrestler_database,https://www.thesmackdownhotel.com/wrestlers/dana-brooke,12,Other reputable site,2026-09-24,Dated Face/Heel Turns and Ring Names & Gimmicks timelines used only where the event date falls inside a published interval.
S1605,TheSmackDownHotel dated character history: Torrie Wilson,wrestler_database,https://www.thesmackdownhotel.com/wrestlers/torrie-wilson,12,Other reputable site,2026-09-24,Dated Face/Heel Turns and Ring Names & Gimmicks timelines used only where the event date falls inside a published interval.
S1606,TheSmackDownHotel dated character history: Sonya Deville,wrestler_database,https://www.thesmackdownhotel.com/wrestlers/sonya-deville,12,Other reputable site,2026-09-24,Dated Face/Heel Turns and Ring Names & Gimmicks timelines used only where the event date falls inside a published interval.
S1607,TheSmackDownHotel dated character history: Liv Morgan,wrestler_database,https://www.thesmackdownhotel.com/wrestlers/liv-morgan,12,Other reputable site,2026-09-24,Dated Face/Heel Turns and Ring Names & Gimmicks timelines used only where the event date falls inside a published interval.
S1608,TheSmackDownHotel dated character history: Mighty Molly,wrestler_database,https://www.thesmackdownhotel.com/wrestlers/molly-holly,12,Other reputable site,2026-09-24,Dated Face/Heel Turns and Ring Names & Gimmicks timelines used only where the event date falls inside a published interval.
S1609,TheSmackDownHotel dated character history: Lana,wrestler_database,https://www.thesmackdownhotel.com/wrestlers/lana,12,Other reputable site,2026-09-24,Dated Face/Heel Turns and Ring Names & Gimmicks timelines used only where the event date falls inside a published interval.
S1610,TheSmackDownHotel dated character history: Michelle McCool,wrestler_database,https://www.thesmackdownhotel.com/wrestlers/michelle-mccool,12,Other reputable site,2026-09-24,Dated Face/Heel Turns and Ring Names & Gimmicks timelines used only where the event date falls inside a published interval.
S1611,TheSmackDownHotel dated character history: Vickie Guerrero,wrestler_database,https://www.thesmackdownhotel.com/wrestlers/vickie-guerrero,12,Other reputable site,2026-09-24,Dated Face/Heel Turns and Ring Names & Gimmicks timelines used only where the event date falls inside a published interval.
S1612,TheSmackDownHotel dated character history: Carmella,wrestler_database,https://www.thesmackdownhotel.com/wrestlers/carmella,12,Other reputable site,2026-09-24,Dated Face/Heel Turns and Ring Names & Gimmicks timelines used only where the event date falls inside a published interval.
S1613,TheSmackDownHotel dated character history: Nattie,wrestler_database,https://www.thesmackdownhotel.com/wrestlers/natalya,12,Other reputable site,2026-09-24,Dated Face/Heel Turns and Ring Names & Gimmicks timelines used only where the event date falls inside a published interval.
S1614,TheSmackDownHotel dated character history: Kelly Kelly,wrestler_database,https://www.thesmackdownhotel.com/wrestlers/kelly-kelly,12,Other reputable site,2026-09-24,Dated Face/Heel Turns and Ring Names & Gimmicks timelines used only where the event date falls inside a published interval.
S1615,TheSmackDownHotel dated character history: Naomi,wrestler_database,https://www.thesmackdownhotel.com/wrestlers/naomi,12,Other reputable site,2026-09-24,Dated Face/Heel Turns and Ring Names & Gimmicks timelines used only where the event date falls inside a published interval.
S1616,TheSmackDownHotel dated character history: Jacqueline,wrestler_database,https://www.thesmackdownhotel.com/wrestlers/jacqueline,12,Other reputable site,2026-09-24,Dated Face/Heel Turns and Ring Names & Gimmicks timelines used only where the event date falls inside a published interval.
S1617,TheSmackDownHotel dated character history: Nia Jax,wrestler_database,https://www.thesmackdownhotel.com/wrestlers/nia-jax,12,Other reputable site,2026-09-24,Dated Face/Heel Turns and Ring Names & Gimmicks timelines used only where the event date falls inside a published interval.
S1618,TheSmackDownHotel dated character history: Ember Moon,wrestler_database,https://www.thesmackdownhotel.com/wrestlers/ember-moon,12,Other reputable site,2026-09-24,Dated Face/Heel Turns and Ring Names & Gimmicks timelines used only where the event date falls inside a published interval.
S1619,TheSmackDownHotel dated character history: Beth Phoenix,wrestler_database,https://www.thesmackdownhotel.com/wrestlers/beth-phoenix,12,Other reputable site,2026-09-24,Dated Face/Heel Turns and Ring Names & Gimmicks timelines used only where the event date falls inside a published interval.
S1620,TheSmackDownHotel dated character history: Asuka,wrestler_database,https://www.thesmackdownhotel.com/wrestlers/asuka,12,Other reputable site,2026-09-24,Dated Face/Heel Turns and Ring Names & Gimmicks timelines used only where the event date falls inside a published interval.
S1621,TheSmackDownHotel dated character history: Mickie James,wrestler_database,https://www.thesmackdownhotel.com/wrestlers/mickie-james,12,Other reputable site,2026-09-24,Dated Face/Heel Turns and Ring Names & Gimmicks timelines used only where the event date falls inside a published interval.
S1622,TheSmackDownHotel dated character history: Nikki Bella,wrestler_database,https://www.thesmackdownhotel.com/wrestlers/nikki-bella,12,Other reputable site,2026-09-24,Dated Face/Heel Turns and Ring Names & Gimmicks timelines used only where the event date falls inside a published interval.
S1623,TheSmackDownHotel dated character history: Brie Bella,wrestler_database,https://www.thesmackdownhotel.com/wrestlers/brie-bella,12,Other reputable site,2026-09-24,Dated Face/Heel Turns and Ring Names & Gimmicks timelines used only where the event date falls inside a published interval.
S1624,TheSmackDownHotel dated character history: Bayley,wrestler_database,https://www.thesmackdownhotel.com/wrestlers/bayley,12,Other reputable site,2026-09-24,Dated Face/Heel Turns and Ring Names & Gimmicks timelines used only where the event date falls inside a published interval.
S1625,TheSmackDownHotel dated character history: Trish Stratus,wrestler_database,https://www.thesmackdownhotel.com/wrestlers/trish-stratus,12,Other reputable site,2026-09-24,Dated Face/Heel Turns and Ring Names & Gimmicks timelines used only where the event date falls inside a published interval.
S1626,TheSmackDownHotel dated character history: Lacey Evans,wrestler_database,https://www.thesmackdownhotel.com/wrestlers/lacey-evans,12,Other reputable site,2026-09-24,Dated Face/Heel Turns and Ring Names & Gimmicks timelines used only where the event date falls inside a published interval.
S1627,TheSmackDownHotel dated character history: Billie Kay,wrestler_database,https://www.thesmackdownhotel.com/wrestlers/billie-kay,12,Other reputable site,2026-09-24,Dated Face/Heel Turns and Ring Names & Gimmicks timelines used only where the event date falls inside a published interval.
S1628,TheSmackDownHotel dated character history: Nikki Cross,wrestler_database,https://www.thesmackdownhotel.com/wrestlers/nikki-cross,12,Other reputable site,2026-09-24,Dated Face/Heel Turns and Ring Names & Gimmicks timelines used only where the event date falls inside a published interval.
S1629,TheSmackDownHotel dated character history: Peyton Royce,wrestler_database,https://www.thesmackdownhotel.com/wrestlers/peyton-royce,12,Other reputable site,2026-09-24,Dated Face/Heel Turns and Ring Names & Gimmicks timelines used only where the event date falls inside a published interval.
S1630,TheSmackDownHotel dated character history: Xia Li,wrestler_database,https://www.thesmackdownhotel.com/wrestlers/xia-li,12,Other reputable site,2026-09-24,Dated Face/Heel Turns and Ring Names & Gimmicks timelines used only where the event date falls inside a published interval.
S1631,TheSmackDownHotel dated character history: Charlotte Flair,wrestler_database,https://www.thesmackdownhotel.com/wrestlers/charlotte-flair,12,Other reputable site,2026-09-24,Dated Face/Heel Turns and Ring Names & Gimmicks timelines used only where the event date falls inside a published interval.
S1632,TheSmackDownHotel dated character history: Maria Kanellis,wrestler_database,https://www.thesmackdownhotel.com/wrestlers/maria-kanellis,12,Other reputable site,2026-09-24,Dated Face/Heel Turns and Ring Names & Gimmicks timelines used only where the event date falls inside a published interval.
S1633,TheSmackDownHotel dated character history: Candice LeRae,wrestler_database,https://www.thesmackdownhotel.com/wrestlers/candice-lerae,12,Other reputable site,2026-09-24,Dated Face/Heel Turns and Ring Names & Gimmicks timelines used only where the event date falls inside a published interval.
S1634,TheSmackDownHotel dated character history: Alicia Fox,wrestler_database,https://www.thesmackdownhotel.com/wrestlers/alicia-fox,12,Other reputable site,2026-09-24,Dated Face/Heel Turns and Ring Names & Gimmicks timelines used only where the event date falls inside a published interval.
S1635,TheSmackDownHotel dated character history: Katana Chance,wrestler_database,https://www.thesmackdownhotel.com/wrestlers/kacy-catanzaro,12,Other reputable site,2026-09-24,Dated Face/Heel Turns and Ring Names & Gimmicks timelines used only where the event date falls inside a published interval.
S1636,TheSmackDownHotel dated character history: IYO SKY,wrestler_database,https://www.thesmackdownhotel.com/wrestlers/io-shirai,12,Other reputable site,2026-09-24,Dated Face/Heel Turns and Ring Names & Gimmicks timelines used only where the event date falls inside a published interval.
S1637,TheSmackDownHotel dated character history: Rhea Ripley,wrestler_database,https://www.thesmackdownhotel.com/wrestlers/rhea-ripley,12,Other reputable site,2026-09-24,Dated Face/Heel Turns and Ring Names & Gimmicks timelines used only where the event date falls inside a published interval.
S1638,TheSmackDownHotel dated character history: Alexa Bliss,wrestler_database,https://www.thesmackdownhotel.com/wrestlers/alexa-bliss,12,Other reputable site,2026-09-24,Dated Face/Heel Turns and Ring Names & Gimmicks timelines used only where the event date falls inside a published interval.
S1639,TheSmackDownHotel dated character history: Bianca Belair,wrestler_database,https://www.thesmackdownhotel.com/wrestlers/bianca-belair,12,Other reputable site,2026-09-24,Dated Face/Heel Turns and Ring Names & Gimmicks timelines used only where the event date falls inside a published interval.
S1640,TheSmackDownHotel dated character history: Mercedes Martinez,wrestler_database,https://www.thesmackdownhotel.com/wrestlers/mercedes-martinez,12,Other reputable site,2026-09-24,Dated Face/Heel Turns and Ring Names & Gimmicks timelines used only where the event date falls inside a published interval.
S1641,TheSmackDownHotel dated character history: Michin,wrestler_database,https://www.thesmackdownhotel.com/wrestlers/mia-yim,12,Other reputable site,2026-09-24,Dated Face/Heel Turns and Ring Names & Gimmicks timelines used only where the event date falls inside a published interval.
S1642,TheSmackDownHotel dated character history: Dakota Kai,wrestler_database,https://www.thesmackdownhotel.com/wrestlers/dakota-kai,12,Other reputable site,2026-09-24,Dated Face/Heel Turns and Ring Names & Gimmicks timelines used only where the event date falls inside a published interval.
S1643,TheSmackDownHotel dated character history: Chelsea Green,wrestler_database,https://www.thesmackdownhotel.com/wrestlers/chelsea-green,12,Other reputable site,2026-09-24,Dated Face/Heel Turns and Ring Names & Gimmicks timelines used only where the event date falls inside a published interval.
S1644,TheSmackDownHotel dated character history: Toni Storm,wrestler_database,https://www.thesmackdownhotel.com/wrestlers/toni-storm,12,Other reputable site,2026-09-24,Dated Face/Heel Turns and Ring Names & Gimmicks timelines used only where the event date falls inside a published interval.
S1645,TheSmackDownHotel dated character history: Shotzi,wrestler_database,https://www.thesmackdownhotel.com/wrestlers/shotzi-blackheart,12,Other reputable site,2026-09-24,Dated Face/Heel Turns and Ring Names & Gimmicks timelines used only where the event date falls inside a published interval.
S1646,TheSmackDownHotel dated character history: Tegan Nox,wrestler_database,https://www.thesmackdownhotel.com/wrestlers/tegan-nox,12,Other reputable site,2026-09-24,Dated Face/Heel Turns and Ring Names & Gimmicks timelines used only where the event date falls inside a published interval.
S1647,TheSmackDownHotel dated character history: Santina Marella,wrestler_database,https://www.thesmackdownhotel.com/wrestlers/santino-marella,12,Other reputable site,2026-09-24,Dated Face/Heel Turns and Ring Names & Gimmicks timelines used only where the event date falls inside a published interval.
S1648,TheSmackDownHotel dated character history: Shayna Baszler,wrestler_database,https://www.thesmackdownhotel.com/wrestlers/shayna-baszler,12,Other reputable site,2026-09-24,Dated Face/Heel Turns and Ring Names & Gimmicks timelines used only where the event date falls inside a published interval.
S1649,TheSmackDownHotel dated character history: Jillian Hall,wrestler_database,https://www.thesmackdownhotel.com/wrestlers/jillian-hall,12,Other reputable site,2026-09-24,Dated Face/Heel Turns and Ring Names & Gimmicks timelines used only where the event date falls inside a published interval.
S1650,TheSmackDownHotel dated character history: Victoria,wrestler_database,https://www.thesmackdownhotel.com/wrestlers/victoria,12,Other reputable site,2026-09-24,Dated Face/Heel Turns and Ring Names & Gimmicks timelines used only where the event date falls inside a published interval.
S1651,TheSmackDownHotel dated character history: Santana Garrett,wrestler_database,https://www.thesmackdownhotel.com/wrestlers/santana-garrett,12,Other reputable site,2026-09-24,Dated Face/Heel Turns and Ring Names & Gimmicks timelines used only where the event date falls inside a published interval.
S1652,TheSmackDownHotel dated character history: Melina,wrestler_database,https://www.thesmackdownhotel.com/wrestlers/melina,12,Other reputable site,2026-09-24,Dated Face/Heel Turns and Ring Names & Gimmicks timelines used only where the event date falls inside a published interval.
S1653,TheSmackDownHotel dated character history: Aliyah,wrestler_database,https://www.thesmackdownhotel.com/wrestlers/aliyah,12,Other reputable site,2026-09-24,Dated Face/Heel Turns and Ring Names & Gimmicks timelines used only where the event date falls inside a published interval.
S1654,TheSmackDownHotel dated character history: Cameron,wrestler_database,https://www.thesmackdownhotel.com/wrestlers/cameron,12,Other reputable site,2026-09-24,Dated Face/Heel Turns and Ring Names & Gimmicks timelines used only where the event date falls inside a published interval.
S1655,TheSmackDownHotel dated character history: Ivory,wrestler_database,https://www.thesmackdownhotel.com/wrestlers/ivory,12,Other reputable site,2026-09-24,Dated Face/Heel Turns and Ring Names & Gimmicks timelines used only where the event date falls inside a published interval.
S1656,TheSmackDownHotel dated character history: Summer Rae,wrestler_database,https://www.thesmackdownhotel.com/wrestlers/summer-rae,12,Other reputable site,2026-09-24,Dated Face/Heel Turns and Ring Names & Gimmicks timelines used only where the event date falls inside a published interval.
S1657,TheSmackDownHotel dated character history: Ronda Rousey,wrestler_database,https://www.thesmackdownhotel.com/wrestlers/ronda-rousey,12,Other reputable site,2026-09-24,Dated Face/Heel Turns and Ring Names & Gimmicks timelines used only where the event date falls inside a published interval.
S1658,TheSmackDownHotel dated character history: Piper Niven,wrestler_database,https://www.thesmackdownhotel.com/wrestlers/piper-niven,12,Other reputable site,2026-09-24,Dated Face/Heel Turns and Ring Names & Gimmicks timelines used only where the event date falls inside a published interval.
S1659,TheSmackDownHotel dated character history: Indi Hartwell,wrestler_database,https://www.thesmackdownhotel.com/wrestlers/indi-hartwell,12,Other reputable site,2026-09-24,Dated Face/Heel Turns and Ring Names & Gimmicks timelines used only where the event date falls inside a published interval.
S1660,TheSmackDownHotel dated character history: Jordynne Grace,wrestler_database,https://www.thesmackdownhotel.com/wrestlers/jordynne-grace,12,Other reputable site,2026-09-24,Dated Face/Heel Turns and Ring Names & Gimmicks timelines used only where the event date falls inside a published interval.
S1661,TheSmackDownHotel dated character history: Ivy Nile,wrestler_database,https://www.thesmackdownhotel.com/wrestlers/ivy-nile,12,Other reputable site,2026-09-24,Dated Face/Heel Turns and Ring Names & Gimmicks timelines used only where the event date falls inside a published interval.
S1662,TheSmackDownHotel dated character history: Kayden Carter,wrestler_database,https://www.thesmackdownhotel.com/wrestlers/kayden-carter,12,Other reputable site,2026-09-24,Dated Face/Heel Turns and Ring Names & Gimmicks timelines used only where the event date falls inside a published interval.
S1663,TheSmackDownHotel dated character history: Maxxine Dupri,wrestler_database,https://www.thesmackdownhotel.com/wrestlers/maxxine-dupri,12,Other reputable site,2026-09-24,Dated Face/Heel Turns and Ring Names & Gimmicks timelines used only where the event date falls inside a published interval.
S1664,TheSmackDownHotel dated character history: Jade Cargill,wrestler_database,https://www.thesmackdownhotel.com/wrestlers/jade-cargill,12,Other reputable site,2026-09-24,Dated Face/Heel Turns and Ring Names & Gimmicks timelines used only where the event date falls inside a published interval.
S1665,TheSmackDownHotel dated character history: Tiffany Stratton,wrestler_database,https://www.thesmackdownhotel.com/wrestlers/tiffany-stratton,12,Other reputable site,2026-09-24,Dated Face/Heel Turns and Ring Names & Gimmicks timelines used only where the event date falls inside a published interval.
S1666,TheSmackDownHotel dated character history: Lash Legend,wrestler_database,https://www.thesmackdownhotel.com/wrestlers/lash-legend,12,Other reputable site,2026-09-24,Dated Face/Heel Turns and Ring Names & Gimmicks timelines used only where the event date falls inside a published interval.
S1667,TheSmackDownHotel dated character history: Jaida Parker,wrestler_database,https://www.thesmackdownhotel.com/wrestlers/jaida-parker,12,Other reputable site,2026-09-24,Dated Face/Heel Turns and Ring Names & Gimmicks timelines used only where the event date falls inside a published interval.
S1668,TheSmackDownHotel dated character history: Stephanie Vaquer,wrestler_database,https://www.thesmackdownhotel.com/wrestlers/stephanie-vaquer,12,Other reputable site,2026-09-24,Dated Face/Heel Turns and Ring Names & Gimmicks timelines used only where the event date falls inside a published interval.
S1669,TheSmackDownHotel dated character history: Giulia,wrestler_database,https://www.thesmackdownhotel.com/wrestlers/giulia,12,Other reputable site,2026-09-24,Dated Face/Heel Turns and Ring Names & Gimmicks timelines used only where the event date falls inside a published interval.
S1670,TheSmackDownHotel dated character history: Kiana James,wrestler_database,https://www.thesmackdownhotel.com/wrestlers/kiana-james,12,Other reputable site,2026-09-24,Dated Face/Heel Turns and Ring Names & Gimmicks timelines used only where the event date falls inside a published interval.
S1671,TheSmackDownHotel dated character history: Lola Vice,wrestler_database,https://www.thesmackdownhotel.com/wrestlers/lola-vice,12,Other reputable site,2026-09-24,Dated Face/Heel Turns and Ring Names & Gimmicks timelines used only where the event date falls inside a published interval.
S1672,TheSmackDownHotel dated character history: Sol Ruca,wrestler_database,https://www.thesmackdownhotel.com/wrestlers/sol-ruca,12,Other reputable site,2026-09-24,Dated Face/Heel Turns and Ring Names & Gimmicks timelines used only where the event date falls inside a published interval.
S1673,TheSmackDownHotel dated character history: Jacy Jayne,wrestler_database,https://www.thesmackdownhotel.com/wrestlers/jacy-jayne,12,Other reputable site,2026-09-24,Dated Face/Heel Turns and Ring Names & Gimmicks timelines used only where the event date falls inside a published interval.
S1674,TheSmackDownHotel dated character history: Kelani Jordan,wrestler_database,https://www.thesmackdownhotel.com/wrestlers/kelani-jordan,12,Other reputable site,2026-09-24,Dated Face/Heel Turns and Ring Names & Gimmicks timelines used only where the event date falls inside a published interval.
S1675,Wikipedia — Royal Rumble (2018),reference,https://en.wikipedia.org/wiki/Royal_Rumble_(2018),10,Wikipedia/reference,2026-09-24,"Event narrative, storylines and match context used for residual event-era alignment classification; single-source calls remain PROBABLE."
S1676,Wikipedia — Royal Rumble (2019),reference,https://en.wikipedia.org/wiki/Royal_Rumble_(2019),10,Wikipedia/reference,2026-09-24,"Event narrative, storylines and match context used for residual event-era alignment classification; single-source calls remain PROBABLE."
S1677,Wikipedia — Royal Rumble (2020),reference,https://en.wikipedia.org/wiki/Royal_Rumble_(2020),10,Wikipedia/reference,2026-09-24,"Event narrative, storylines and match context used for residual event-era alignment classification; single-source calls remain PROBABLE."
S1678,Wikipedia — Royal Rumble (2021),reference,https://en.wikipedia.org/wiki/Royal_Rumble_(2021),10,Wikipedia/reference,2026-09-24,"Event narrative, storylines and match context used for residual event-era alignment classification; single-source calls remain PROBABLE."
S1679,Wikipedia — Royal Rumble (2022),reference,https://en.wikipedia.org/wiki/Royal_Rumble_(2022),10,Wikipedia/reference,2026-09-24,"Event narrative, storylines and match context used for residual event-era alignment classification; single-source calls remain PROBABLE."
S1680,Wikipedia — Royal Rumble (2023),reference,https://en.wikipedia.org/wiki/Royal_Rumble_(2023),10,Wikipedia/reference,2026-09-24,"Event narrative, storylines and match context used for residual event-era alignment classification; single-source calls remain PROBABLE."
S1681,Wikipedia — Royal Rumble (2024),reference,https://en.wikipedia.org/wiki/Royal_Rumble_(2024),10,Wikipedia/reference,2026-09-24,"Event narrative, storylines and match context used for residual event-era alignment classification; single-source calls remain PROBABLE."
S1682,Wikipedia — Royal Rumble (2025),reference,https://en.wikipedia.org/wiki/Royal_Rumble_(2025),10,Wikipedia/reference,2026-09-24,"Event narrative, storylines and match context used for residual event-era alignment classification; single-source calls remain PROBABLE."
S1683,Wikipedia — Royal Rumble (2026),reference,https://en.wikipedia.org/wiki/Royal_Rumble_(2026),10,Wikipedia/reference,2026-09-24,"Event narrative, storylines and match context used for residual event-era alignment classification; single-source calls remain PROBABLE."
S1684,Wikipedia profile: Adam Rose (wrestler),reference,https://en.wikipedia.org/wiki/Adam_Rose_(wrestler),10,Wikipedia/reference,2026-09-24,DOB source for Adam Rose; corrected wrestler-specific page rather than the existing disambiguation URL.
S1685,Wikipedia profile: Barry Horowitz,reference,https://en.wikipedia.org/wiki/Barry_Horowitz,10,Wikipedia/reference,2026-09-24,DOB source for Barry Horowitz.
S1686,Wikipedia profile: Tyrus / Brodus Clay,reference,https://en.wikipedia.org/wiki/Tyrus_(wrestler),10,Wikipedia/reference,2026-09-24,DOB source for Brodus Clay.
S1687,Wikipedia profile: Claudio Castagnoli / Cesaro,reference,https://en.wikipedia.org/wiki/Claudio_Castagnoli,10,Wikipedia/reference,2026-09-24,DOB source for Cesaro.
S1688,Wikipedia profile: Crash Holly,reference,https://en.wikipedia.org/wiki/Crash_Holly,10,Wikipedia/reference,2026-09-24,DOB source for Crash Holly; existing birthplace conflict remains open and untouched.
S1689,Wikipedia profile: Fred Rosser / Darren Young,reference,https://en.wikipedia.org/wiki/Fred_Rosser,10,Wikipedia/reference,2026-09-24,DOB source for Darren Young.
S1690,Wikipedia profile: Jon Moxley / Dean Ambrose,reference,https://en.wikipedia.org/wiki/Jon_Moxley,10,Wikipedia/reference,2026-09-24,DOB source for Dean Ambrose.
S1691,Wikipedia profile: Mascarita Dorada / El Torito,reference,https://en.wikipedia.org/wiki/Mascarita_Dorada,10,Wikipedia/reference,2026-09-24,DOB source for El Torito.
S1692,Wikipedia profile: Matt Sydal / Evan Bourne,reference,https://en.wikipedia.org/wiki/Matt_Sydal,10,Wikipedia/reference,2026-09-24,DOB source for Evan Bourne.
S1693,Wikipedia profile: Kane / Fake Diesel,reference,https://en.wikipedia.org/wiki/Kane_(wrestler),10,Wikipedia/reference,2026-09-24,DOB source for Glenn Jacobs's Fake Diesel appearance.
S1694,Wikipedia profile: Rick Bognar / Fake Razor Ramon,reference,https://en.wikipedia.org/wiki/Rick_Bognar,10,Wikipedia/reference,2026-09-24,DOB source for Fake Razor Ramon.
S1695,Wikipedia profile: Brodie Lee / Luke Harper,reference,https://en.wikipedia.org/wiki/Brodie_Lee,10,Wikipedia/reference,2026-09-24,DOB source for Luke Harper.
S1696,Wikipedia profile: Pac / Neville,reference,https://en.wikipedia.org/wiki/Pac_(wrestler),10,Wikipedia/reference,2026-09-24,DOB source for Neville.
S1697,Wikipedia profile: Spike Dudley,reference,https://en.wikipedia.org/wiki/Spike_Dudley,10,Wikipedia/reference,2026-09-24,DOB source for Spike Dudley.
S1698,WWE.com Superstar profile: La Parka,official_website,https://www.wwe.com/superstars/la-parka-aaa,1,Official primary source,2026-09-24,"Official profile lists 6 ft 3 in, 198 lb and Mexico City, Mexico for the third La Parka incarnation that appeared in RR2026M."
S1699,WWE.com — WWE's 25 most absurd Superstars,official_website,https://www.wwe.com/classics/classic-lists/wwes-most-absurd-superstars,1,Official primary source,2026-09-24,Official retrospective explicitly states Bastion Booger was billed from The Environment.
S1700,Wrestling-Titles.com - WWE championship histories index,statistics_database,https://www.wrestling-titles.com/wwe/,12,Specialist wrestling statistics/reference,2026-09-24,Index to chronological WWE/WWF championship lineages; used with event sources to audit champion status on each Royal Rumble date.
S1701,Wrestling-Titles.com - WWWF/WWF/WWE World Tag Team title history,statistics_database,https://www.wrestling-titles.com/wwe/wwe-world-t.html,12,Specialist wrestling statistics/reference,2026-09-24,"Chronological original WWF/WWE World Tag Team lineage, including Demolition's first reign beginning 1988-03-27."
S1702,WWE.com - Demolition World Tag Team title reign,official_website,https://www.wwe.com/classics/titlehistory/worldtagteam/30445413212311,1,WWE / official sources,2026-09-24,Official reign page gives Demolition's first reign as 1988-03-27 through 1989-07-18.
S1703,WWE.com - WWE Championship title history,official_website,https://www.wwe.com/titlehistory/wwe-championship,1,WWE / official sources,2026-09-24,Official WWE Championship lineage used to verify Randy Savage's first reign at RR1989M.
S1704,WWE.com - World Tag Team Championship history (modern lineage),official_website,https://www.wwe.com/titlehistory/raw-tag-team-championship,1,WWE / official sources,2026-09-24,Official modern Raw/World Tag Team lineage and reign dates.
S1705,WWE.com - Royal Rumble 2018 Raw Tag Team Championship result,official_website,https://www.wwe.com/shows/royalrumble/2018/seth-rollins-jason-jordan-sheamus-cesaro-results,1,WWE / official sources,2026-09-24,Official result explicitly identifies Cesaro and Sheamus beginning their fourth Raw Tag Team title reign on the card.
S1706,"WWE.com - Raw results, January 5, 2026",official_website,https://www.wwe.com/shows/raw/2026-01-05/results,1,WWE / official sources,2026-09-24,Official results for Becky Lynch's title regain and Rhea Ripley/IYO SKY's Women's Tag Team title win.
S1707,WWE.com - Women's Intercontinental Championship history,official_website,https://www.wwe.com/classics/titlehistory/womens-intercontinental-championship,1,WWE / official sources,2026-09-24,Official lineage confirms Becky Lynch's second reign began 2026-01-05.
S1708,WWE.com - NXT Women's Championship history,official_website,https://www.wwe.com/titlehistory/nxt-womens-championship,1,WWE / official sources,2026-09-24,Official lineage confirms Jacy Jayne's second reign began 2025-11-18.
S1709,"WWE.com - Raw results, December 29, 2025",official_website,https://www.wwe.com/shows/raw/2025-12-29/results,1,WWE / official sources,2026-09-24,Official result confirms The Usos won the World Tag Team Championship on 2025-12-29.
S1710,"WWE.com - NXT Gold Rush results, November 18, 2025",official_website,https://www.wwe.com/shows/wwenxt/2025-11-18,1,WWE / official sources,2026-09-24,Official results confirm Jacy Jayne reclaimed the NXT Women's Championship and document Chelsea Green/Ethan Page as AAA Mixed Tag champions.
S1711,WWE.com - John Cena won the 2013 Royal Rumble Match,official_website,https://www.wwe.com/shows/royalrumble/2013/royal-rumble-match,1,WWE / official sources,2026-09-24,"Official report explicitly describes Goldust, The Godfather and Rey Mysterio as returning."
S1712,WWE.com - Roman Reigns won the 2015 Royal Rumble Match,official_website,https://www.wwe.com/shows/royalrumble/2015/2015-royal-rumble-match,1,WWE / official sources,2026-09-24,"Official report documents Bubba Ray Dudley, The Boogeyman, Diamond Dallas Page and Zack Ryder as returns/surprise alumni or injury return."
S1713,WWE.com - Five coolest moments from the 2018 Men's Royal Rumble,official_website,https://www.wwe.com/shows/royalrumble/2018/article/mens-royal-rumble-match-5-coolest-moments,1,WWE / official sources,2026-09-24,Official retrospective documents the Hurricane cameo and Rey Mysterio's return after more than three years away.
S1714,WWE.com - Five best moments from the 2018 Women's Royal Rumble,official_website,https://www.wwe.com/shows/royalrumble/2018/article/5-best-moments-2018-womens-royal-rumble-match,1,WWE / official sources,2026-09-24,Official retrospective identifies the returning women from WWE's past.
S1715,WWE.com - Full Royal Rumble 2022 results,official_website,https://www.wwe.com/shows/royalrumble/article/full-royal-rumble-results,1,WWE / official sources,2026-09-24,Official results document Ronda Rousey's return and the returning alumni in the Women's match.
S1716,WWE.com - Complete Royal Rumble 2024 results,official_website,https://www.wwe.com/shows/royalrumble/2024/results,1,WWE / official sources,2026-09-24,"Official results explicitly document the returns of Andrade, Naomi and Liv Morgan."
S1717,WWE.com - Royal Rumble 2025 results,official_website,https://www.wwe.com/shows/royalrumble/2025/results,1,WWE / official sources,2026-09-24,"Official results document the returns of Charlotte Flair, Alexa Bliss, AJ Styles and returning legends."
S1718,WWE.com - Complete Royal Rumble 2026 results,official_website,https://www.wwe.com/shows/royalrumble/royal-rumble-2026/results,1,WWE / official sources,2026-09-24,"Official results explicitly document LA Knight, Brie Bella and Tiffany Stratton returning."
S1719,Wikipedia - Big Van Vader,reference,https://en.wikipedia.org/wiki/Big_Van_Vader,10,Wikipedia/reference,2026-09-24,Biography states Vader's first WWF appearance was the 1996 Royal Rumble.
S1720,WWE.com - Vader profile,official_website,https://www.wwe.com/superstars/vader,1,WWE / official sources,2026-09-24,Official WWE career profile used to corroborate Vader's WWF arrival in 1996.
S1721,WWE.com - 2016 Royal Rumble Match result,official_website,https://www.wwe.com/shows/royalrumble/2016/royal-rumble-match-wwe-world-heavyweight-championship,1,WWE / official sources,2026-09-24,Official report explicitly calls AJ Styles' Royal Rumble entrance his WWE debut.
S1722,Wikipedia - AJ Styles,reference,https://en.wikipedia.org/wiki/AJ_Styles,10,Wikipedia/reference,2026-09-24,Biography independently dates Styles' WWE debut to the 2016 Royal Rumble.
S1723,WWE.com - Royal Rumble 2026,official_website,https://www.wwe.com/shows/royalrumble/royal-rumble-2026,1,WWE / official sources,2026-09-24,Official event report explicitly calls Royce Keys' appearance his WWE debut.
S1724,Wikipedia - Royal Rumble (2026),reference,https://en.wikipedia.org/wiki/Royal_Rumble_(2026),10,Wikipedia/reference,2026-09-24,Independent event summary identifies Royce Keys' WWE debut.
S1725,WWE.com - Royal Rumble returns retrospective,official_website,https://www.wwe.com/shows/royalrumble/article/coolest-royal-rumble-match,1,WWE / official sources,2026-09-24,Official retrospective and linked archive material document historic surprise and injury returns.
S1726,WWE.com - John Cena Royal Rumble 2008 return,official_website,https://www.wwe.com/shows/royalrumble/2012/finkel-royal-rumble-21-24,1,WWE / official sources,2026-09-24,Official retrospective describes Cena's return to action after pectoral surgery.
S1727,WWE.com - All-Time Royal Rumble Match,official_website,https://www.wwe.com/shows/royalrumble/all-time-royal-rumble-match,1,WWE / official sources,2026-09-24,Official retrospective documents Edge's 2010 injury return and absence.
S1728,WWE.com - Royal Rumble 2019 results,official_website,https://www.wwe.com/shows/royalrumble/2019,1,WWE / official sources,2026-09-24,Official event coverage documents Jeff Jarrett's WWE return.
S1729,WWE.com - Royal Rumble 2020 results,official_website,https://www.wwe.com/shows/royalrumble/2020,1,WWE / official sources,2026-09-24,"Official event coverage documents Edge, MVP and returning alumni appearances."
S1730,WWE.com - Royal Rumble 2021 results,official_website,https://www.wwe.com/shows/royalrumble/2021,1,WWE / official sources,2026-09-24,"Official event coverage documents Christian, Carlito and returning alumni appearances."
S1731,WWE.com - Royal Rumble 2023 results,official_website,https://www.wwe.com/shows/royalrumble/2023,1,WWE / official sources,2026-09-24,"Official event coverage documents Booker T, Michelle McCool and Nia Jax as returns/surprise alumni."
S1732,"WWE.com - Naomi, Titus O'Neil and R-Truth discuss identity and Black culture",official_website,https://www.wwe.com/article/naomi-titus-oneil-r-truth-identity-culture-black-history-month,1,WWE / official sources,2026-09-24,Direct first-person interview: all three identify themselves as African-American and discuss their culture.
S1733,WWE.com - A complete Diva: Melina,official_website,https://www.wwe.com/superstars/divas/16662898/summerskin/melina/completediva,1,WWE / official sources,2026-09-24,Melina directly states that her Mexican heritage is part of who she is.
S1734,WWE.com - Alberto Del Rio on his Mexican identity,official_website,https://www.wwe.com/shows/raw/2013-01-21/is-alberto-del-rio-wwes-newest-mexican-hero,1,WWE / official sources,2026-09-24,Del Rio directly states that he is proud to be Mexican.
S1735,WWE.com - Rey Mysterio reflects on Mexico and his heritage,official_website,https://www.wwe.com/inside/news/archive/mexico,1,WWE / official sources,2026-09-24,Mysterio directly states that his parents are Mexican and describes this as his heritage.
S1736,WWE.com - Rey Mysterio: A made man,official_website,https://www.wwe.com/inside/superstarink/articles/reymysterio?page=1,1,WWE / official sources,2026-09-24,Independent direct quote: Mysterio describes his MEXICAN tattoo as his culture and identity.
S1737,WWE.com - Elijah Burke on Black History Month,official_website,https://www.wwe.com/superstars/releasedtalent/elijahburke/eexperiencearchive/elijahexp2-18-07,1,WWE / official sources,2026-09-24,First-person column in which Burke repeatedly identifies himself as African-American.
S1738,WWE.com - Kalisto on Hispanic Heritage Month,official_website,https://www.wwe.com/worldwide/article/kalisto-blogs-about-national-hispanic-heritage-month,1,WWE / official sources,2026-09-24,First-person column: Kalisto explicitly describes himself as a second-generation Mexican-American.
S1739,WWE.com - Bianca Belair discusses her family history,official_website,https://www.wwe.com/shows/wwenxt/article/bianca-belair-family-history-black-history-month,1,WWE / official sources,2026-09-24,Direct interview in which Belair describes African-American history as her roots and family history.
S1740,WWE.com - Roman Reigns discusses his Samoan heritage,official_website,https://www.wwe.com/article/roman-reigns-inked-magazine-cover,1,WWE / official sources,2026-09-24,Official summary of Reigns' first-person Inked interview about honoring his Samoan heritage.
S1741,WWE.com - The Usos' theme channels Samoan heritage,official_website,https://www.wwe.com/inside/wwemusic/usos-david-dallas-music,1,WWE / official sources,2026-09-24,Jimmy and Jey Uso directly discuss representing their Samoan heritage.
S1742,Wrestling Inc - Jey Uso discusses Samoan identity,news_interview,https://www.wrestlinginc.com/news/2021/05/jey-uso-on-being-proud-of-roman-reigns-nia-jax-tamina-succeeding-as-samoans-in-wwe/,7,Reputable wrestling publication,2026-09-24,"Direct interview: Jey repeatedly identifies himself, Jimmy and their family as Samoan."
S1743,WWE.com - Superstars celebrate Hispanic Heritage Month,official_website,https://www.wwe.com/article/wwe-superstars-celebrate-hispanic-heritage-month,1,WWE / official sources,2026-09-24,"Damian Priest, Dominik Mysterio, Raquel Rodriguez and Santos Escobar lend their own voices to shared Hispanic/Latino traditions, culture and roots."
S1744,Oklafan - Jinder Mahal interview on Punjabi heritage,news_interview,https://www.oklafan.com/interviews/print/9190/,7,Reputable wrestling publication,2026-09-24,Direct interview: Mahal describes learning Punjabi first and discusses his Indian/Punjabi heritage.
S1745,Sportsnet - Jinder Mahal profile and interview,news_interview,https://www.sportsnet.ca/more/big-read-jinder-mahal-game-changer-wwe/,7,Reputable sports publication,2026-09-24,Independent direct interview: Mahal says he thinks in Punjabi and is proud of his heritage.
S1746,The National - Sami Zayn on his Syrian identity,news_interview,https://www.thenationalnews.com/sport/wwe-superstar-sami-zayn-feels-at-home-wrestling-in-abu-dhabi-1.115073,7,Reputable news publication,2026-09-24,Direct interview: Zayn identifies himself as Arabic and 100 percent Syrian.
S1747,Sports Illustrated - Sami Zayn Syria fundraiser Q&A,news_interview,https://www.si.com/extra-mustard/2017/09/09/sami-zayn-syria-fundraiser,7,Reputable sports publication,2026-09-24,Independent interview/profile centered on Zayn's Syrian heritage and his own Syria work.
S1748,Men's Health - Dwayne Johnson interview,news_interview,https://www.menshealth.com/entertainment/a41822648/dwayne-johnson-the-rock-black-adam-interview/,7,Reputable publication,2026-09-24,Johnson directly states that he is half Black and half Samoan.
S1749,TIME - Dwayne Johnson TIME 100 Gala transcript,news_interview,https://time.com/5576958/time-100-2019-dwayne-johnson-toast/,7,Reputable publication,2026-09-24,Independent first-person transcript: Johnson again states that he is half Black and half Samoan.
S1750,Greek Reporter - Dave Bautista heritage interview,news_interview,https://greekreporter.com/2014/07/23/dave-batista-talks-greek-heritage-and-guardians-of-the-galaxy-video/,7,Reputable interview publication,2026-09-24,Direct interview in which Bautista discusses both his Greek and Filipino backgrounds and identifies as half-Greek.
S1751,Mid-Day - Mustafa Ali interview on Indian and Pakistani roots,news_interview,https://www.mid-day.com/amp/sports/other-sports/article/mustafa-ali--the-police-officer-who-became-a-wwe-wrestler-19899165,7,Reputable news publication,2026-09-24,Direct interview: Ali identifies himself as half-Indian and explains his Pakistani father and Indian mother.
S1752,The Johnson Transcript - Mustafa Ali interview,news_interview,https://johnsontranscript.com/2013/07/17/prince-mustafa-ali-interview/,9,Interview/transcript,2026-09-24,Independent direct interview: Ali states that his father is from Pakistan and his mother is from India.
S1753,Cageside Seats: RR1990M entrance and buzzer timing,contemporary_publication,https://www.cagesideseats.com/wwe/2017/1/8/14197654/wwe-royal-rumble-1990-match-time-statistics,9,Contemporary wrestling publication,2026-09-24,"Cain A. Knight frame-by-frame timing article; used for actual buzzer timestamps and, where enumerated, buzzer-to-ring entrance durations."
S1754,Cageside Seats: RR1994M entrance and buzzer timing,contemporary_publication,https://www.cagesideseats.com/wwe/2017/1/21/14334142/wwe-royal-rumble-1994-match-time-statistics,9,Contemporary wrestling publication,2026-09-24,"Cain A. Knight frame-by-frame timing article; used for actual buzzer timestamps and, where enumerated, buzzer-to-ring entrance durations."
S1755,Cageside Seats: RR1996M entrance and buzzer timing,contemporary_publication,https://www.cagesideseats.com/wwe/2017/1/15/14277332/wwe-royal-rumble-1996-match-time-statistics,9,Contemporary wrestling publication,2026-09-24,"Cain A. Knight frame-by-frame timing article; used for actual buzzer timestamps and, where enumerated, buzzer-to-ring entrance durations."
S1756,Cageside Seats: RR1998M entrance and buzzer timing,contemporary_publication,https://www.cagesideseats.com/wwe/2017/1/2/14133490/wwe-royal-rumble-1998-match-time-statistics,9,Contemporary wrestling publication,2026-09-24,"Cain A. Knight frame-by-frame timing article; used for actual buzzer timestamps and, where enumerated, buzzer-to-ring entrance durations."
S1757,Cageside Seats: RR2000M entrance and buzzer timing,contemporary_publication,https://www.cagesideseats.com/wwe/2017/1/23/14347624/wwe-royal-rumble-2000-match-time-statistics,9,Contemporary wrestling publication,2026-09-24,"Cain A. Knight frame-by-frame timing article; used for actual buzzer timestamps and, where enumerated, buzzer-to-ring entrance durations."
S1758,Cageside Seats: RR2002M entrance and buzzer timing,contemporary_publication,https://www.cagesideseats.com/wwe/2017/1/6/14185306/wwe-royal-rumble-2002-match-time-statistics,9,Contemporary wrestling publication,2026-09-24,"Cain A. Knight frame-by-frame timing article; used for actual buzzer timestamps and, where enumerated, buzzer-to-ring entrance durations."
S1759,Cageside Seats: RR2004M entrance and buzzer timing,contemporary_publication,https://www.cagesideseats.com/wwe/2017/1/19/14290878/wwe-royal-rumble-2004-match-time-statistics,9,Contemporary wrestling publication,2026-09-24,"Cain A. Knight frame-by-frame timing article; used for actual buzzer timestamps and, where enumerated, buzzer-to-ring entrance durations."
S1760,Cageside Seats: RR2006M entrance and buzzer timing,contemporary_publication,https://www.cagesideseats.com/wwe/2017/1/12/14246008/wwe-royal-rumble-2006-match-time-statistics,9,Contemporary wrestling publication,2026-09-24,"Cain A. Knight frame-by-frame timing article; used for actual buzzer timestamps and, where enumerated, buzzer-to-ring entrance durations."
S1761,Cageside Seats: RR2017M entrance and buzzer timing,contemporary_publication,https://www.cagesideseats.com/wwe/2017/1/30/14438748/wwe-royal-rumble-2017-match-time-statistics,9,Contemporary wrestling publication,2026-09-24,"Cain A. Knight frame-by-frame timing article; used for actual buzzer timestamps and, where enumerated, buzzer-to-ring entrance durations."
S1762,Cageside Seats: RR2018W entrance and buzzer timing,contemporary_publication,https://www.cagesideseats.com/wwe/2018/2/3/16967858/wwe-royal-rumble-2018-womens-match-time-statistics,9,Contemporary wrestling publication,2026-09-24,"Cain A. Knight frame-by-frame timing article; used for actual buzzer timestamps and, where enumerated, buzzer-to-ring entrance durations."
S1763,Cageside Seats: RR2020M entrance and buzzer timing,contemporary_publication,https://www.cagesideseats.com/wwe/2020/2/2/21082164/wwe-royal-rumble-2020-mens-match-time-statistics,9,Contemporary wrestling publication,2026-09-24,"Cain A. Knight frame-by-frame timing article; used for actual buzzer timestamps and, where enumerated, buzzer-to-ring entrance durations."
S1764,Cageside Seats: RR2020W entrance and buzzer timing,contemporary_publication,https://www.cagesideseats.com/wwe/2020/2/2/21082163/wwe-royal-rumble-2020-womens-match-time-statistics,9,Contemporary wrestling publication,2026-09-24,"Cain A. Knight frame-by-frame timing article; used for actual buzzer timestamps and, where enumerated, buzzer-to-ring entrance durations."
S1765,Cageside Seats: RR2021W entrance and buzzer timing,contemporary_publication,https://www.cagesideseats.com/wwe/2021/2/7/22271295/wwe-royal-rumble-2021-womens-match-time-statistics-survival-intervals-crowded-90-seconds,9,Contemporary wrestling publication,2026-09-24,"Cain A. Knight frame-by-frame timing article; used for actual buzzer timestamps and, where enumerated, buzzer-to-ring entrance durations."
S1766,Cageside Seats: RR2022M entrance and buzzer timing,contemporary_publication,https://www.cagesideseats.com/wwe/2022/2/13/22922506/wwe-royal-rumble-2022-mens-match-time-statistics-survival-intervals-crowded-90-seconds-lesnar-shane,9,Contemporary wrestling publication,2026-09-24,"Cain A. Knight frame-by-frame timing article; used for actual buzzer timestamps and, where enumerated, buzzer-to-ring entrance durations."
S1767,Cageside Seats: RR2022W entrance and buzzer timing,contemporary_publication,https://www.cagesideseats.com/wwe/2022/2/12/22922503/wwe-royal-rumble-2022-womens-match-time-statistics-survival-intervals-crowded-90-seconds-rousey,9,Contemporary wrestling publication,2026-09-24,"Cain A. Knight frame-by-frame timing article; used for actual buzzer timestamps and, where enumerated, buzzer-to-ring entrance durations."
S1768,Cageside Seats: RR2023W entrance and buzzer timing,contemporary_publication,https://www.cagesideseats.com/wwe/2023/2/1/23579515/wwe-royal-rumble-2023-women-match-time-statistics-survival-intervals-crowded-90-seconds-numbers,9,Contemporary wrestling publication,2026-09-24,"Cain A. Knight frame-by-frame timing article; used for actual buzzer timestamps and, where enumerated, buzzer-to-ring entrance durations."
S1769,Cageside Seats: RR2024M entrance and buzzer timing,contemporary_publication,https://www.cagesideseats.com/wwe/2024/1/31/24057032/wwe-royal-rumble-2024-mens-waiting-intervals-list-90-seconds-time-period-clock-timing-spots-broken,9,Contemporary wrestling publication,2026-09-24,"Cain A. Knight frame-by-frame timing article; used for actual buzzer timestamps and, where enumerated, buzzer-to-ring entrance durations."
S1770,Cageside Seats: RR2024W entrance and buzzer timing,contemporary_publication,https://www.cagesideseats.com/wwe/2024/1/30/24055977/wwe-royal-rumble-2024-womens-waiting-intervals-list-90-seconds-time-period-broken-clock-timing-spots,9,Contemporary wrestling publication,2026-09-24,"Cain A. Knight frame-by-frame timing article; used for actual buzzer timestamps and, where enumerated, buzzer-to-ring entrance durations."
S1771,Cageside Seats: RR2025M entrance and buzzer timing,contemporary_publication,https://www.cagesideseats.com/wwe/2025/2/4/24358058/wwe-royal-rumble-2025-mens-waiting-intervals-list-time-period-ishowspeed-mcintyre-la-knight-heat-cm,9,Contemporary wrestling publication,2026-09-24,"Cain A. Knight frame-by-frame timing article; used for actual buzzer timestamps and, where enumerated, buzzer-to-ring entrance durations."
S1772,Cageside Seats: RR2025W entrance and buzzer timing,contemporary_publication,https://www.cagesideseats.com/wwe/2025/2/4/24358041/wwe-royal-rumble-2025-womens-waiting-intervals-list-time-period-charlotte-flair-return-entrance-lash,9,Contemporary wrestling publication,2026-09-24,"Cain A. Knight frame-by-frame timing article; used for actual buzzer timestamps and, where enumerated, buzzer-to-ring entrance durations."
S1773,Cageside Seats: RR2026M entrance and buzzer timing,contemporary_publication,https://www.cagesideseats.com/wwe/415294/wwe-royal-rumble-2026-mens-waiting-intervals-list-time-period-90-seconds-buzzer-clock-jey-uso,9,Contemporary wrestling publication,2026-09-24,"Cain A. Knight frame-by-frame timing article; used for actual buzzer timestamps and, where enumerated, buzzer-to-ring entrance durations."
S1774,Cageside Seats: RR2026W entrance and buzzer timing,contemporary_publication,https://www.cagesideseats.com/wwe/415293/wwe-royal-rumble-2026-womens-waiting-intervals-list-time-period-90-seconds-buzzer-clock,9,Contemporary wrestling publication,2026-09-24,"Cain A. Knight frame-by-frame timing article; used for actual buzzer timestamps and, where enumerated, buzzer-to-ring entrance durations."
S1775,1988 Royal Rumble — Wikipedia,reference,https://en.wikipedia.org/wiki/1988_Royal_Rumble,10,Wikipedia/reference,2026-09-25,Event article and structured Royal Rumble entrant table; used for brand/promotion affiliation.
S1776,1989 Royal Rumble — Wikipedia,reference,https://en.wikipedia.org/wiki/1989_Royal_Rumble,10,Wikipedia/reference,2026-09-25,Event article and structured Royal Rumble entrant table; used for brand/promotion affiliation.
S1777,1990 Royal Rumble — Wikipedia,reference,https://en.wikipedia.org/wiki/1990_Royal_Rumble,10,Wikipedia/reference,2026-09-25,Event article and structured Royal Rumble entrant table; used for brand/promotion affiliation.
S1778,1991 Royal Rumble — Wikipedia,reference,https://en.wikipedia.org/wiki/1991_Royal_Rumble,10,Wikipedia/reference,2026-09-25,Event article and structured Royal Rumble entrant table; used for brand/promotion affiliation.
S1779,1992 Royal Rumble — Wikipedia,reference,https://en.wikipedia.org/wiki/1992_Royal_Rumble,10,Wikipedia/reference,2026-09-25,Event article and structured Royal Rumble entrant table; used for brand/promotion affiliation.
S1780,1993 Royal Rumble — Wikipedia,reference,https://en.wikipedia.org/wiki/1993_Royal_Rumble,10,Wikipedia/reference,2026-09-25,Event article and structured Royal Rumble entrant table; used for brand/promotion affiliation.
S1781,1994 Royal Rumble — Wikipedia,reference,https://en.wikipedia.org/wiki/1994_Royal_Rumble,10,Wikipedia/reference,2026-09-25,Event article and structured Royal Rumble entrant table; used for brand/promotion affiliation.
S1782,1995 Royal Rumble — Wikipedia,reference,https://en.wikipedia.org/wiki/1995_Royal_Rumble,10,Wikipedia/reference,2026-09-25,Event article and structured Royal Rumble entrant table; used for brand/promotion affiliation.
S1783,1996 Royal Rumble — Wikipedia,reference,https://en.wikipedia.org/wiki/1996_Royal_Rumble,10,Wikipedia/reference,2026-09-25,Event article and structured Royal Rumble entrant table; used for brand/promotion affiliation.
S1784,1997 Royal Rumble — Wikipedia,reference,https://en.wikipedia.org/wiki/1997_Royal_Rumble,10,Wikipedia/reference,2026-09-25,Event article and structured Royal Rumble entrant table; used for brand/promotion affiliation.
S1785,1998 Royal Rumble — Wikipedia,reference,https://en.wikipedia.org/wiki/1998_Royal_Rumble,10,Wikipedia/reference,2026-09-25,Event article and structured Royal Rumble entrant table; used for brand/promotion affiliation.
S1786,1999 Royal Rumble — Wikipedia,reference,https://en.wikipedia.org/wiki/1999_Royal_Rumble,10,Wikipedia/reference,2026-09-25,Event article and structured Royal Rumble entrant table; used for brand/promotion affiliation.
S1787,2000 Royal Rumble — Wikipedia,reference,https://en.wikipedia.org/wiki/2000_Royal_Rumble,10,Wikipedia/reference,2026-09-25,Event article and structured Royal Rumble entrant table; used for brand/promotion affiliation.
S1788,2001 Royal Rumble — Wikipedia,reference,https://en.wikipedia.org/wiki/2001_Royal_Rumble,10,Wikipedia/reference,2026-09-25,Event article and structured Royal Rumble entrant table; used for brand/promotion affiliation.
S1789,2002 Royal Rumble — Wikipedia,reference,https://en.wikipedia.org/wiki/2002_Royal_Rumble,10,Wikipedia/reference,2026-09-25,Event article and structured Royal Rumble entrant table; used for brand/promotion affiliation.
S1790,2003 Royal Rumble — Wikipedia,reference,https://en.wikipedia.org/wiki/2003_Royal_Rumble,10,Wikipedia/reference,2026-09-25,Event article and structured Royal Rumble entrant table; used for brand/promotion affiliation.
S1791,2004 Royal Rumble — Wikipedia,reference,https://en.wikipedia.org/wiki/2004_Royal_Rumble,10,Wikipedia/reference,2026-09-25,Event article and structured Royal Rumble entrant table; used for brand/promotion affiliation.
S1792,2005 Royal Rumble — Wikipedia,reference,https://en.wikipedia.org/wiki/2005_Royal_Rumble,10,Wikipedia/reference,2026-09-25,Event article and structured Royal Rumble entrant table; used for brand/promotion affiliation.
S1793,2006 Royal Rumble — Wikipedia,reference,https://en.wikipedia.org/wiki/2006_Royal_Rumble,10,Wikipedia/reference,2026-09-25,Event article and structured Royal Rumble entrant table; used for brand/promotion affiliation.
S1794,2007 Royal Rumble — Wikipedia,reference,https://en.wikipedia.org/wiki/2007_Royal_Rumble,10,Wikipedia/reference,2026-09-25,Event article and structured Royal Rumble entrant table; used for brand/promotion affiliation.
S1795,2008 Royal Rumble — Wikipedia,reference,https://en.wikipedia.org/wiki/2008_Royal_Rumble,10,Wikipedia/reference,2026-09-25,Event article and structured Royal Rumble entrant table; used for brand/promotion affiliation.
S1796,2009 Royal Rumble — Wikipedia,reference,https://en.wikipedia.org/wiki/2009_Royal_Rumble,10,Wikipedia/reference,2026-09-25,Event article and structured Royal Rumble entrant table; used for brand/promotion affiliation.
S1797,2010 Royal Rumble — Wikipedia,reference,https://en.wikipedia.org/wiki/2010_Royal_Rumble,10,Wikipedia/reference,2026-09-25,Event article and structured Royal Rumble entrant table; used for brand/promotion affiliation.
S1798,2011 Royal Rumble — Wikipedia,reference,https://en.wikipedia.org/wiki/2011_Royal_Rumble,10,Wikipedia/reference,2026-09-25,Event article and structured Royal Rumble entrant table; used for brand/promotion affiliation.
S1799,2012 Royal Rumble — Wikipedia,reference,https://en.wikipedia.org/wiki/2012_Royal_Rumble,10,Wikipedia/reference,2026-09-25,Event article and structured Royal Rumble entrant table; used for brand/promotion affiliation.
S1800,2013 Royal Rumble — Wikipedia,reference,https://en.wikipedia.org/wiki/2013_Royal_Rumble,10,Wikipedia/reference,2026-09-25,Event article and structured Royal Rumble entrant table; used for brand/promotion affiliation.
S1801,2014 Royal Rumble — Wikipedia,reference,https://en.wikipedia.org/wiki/2014_Royal_Rumble,10,Wikipedia/reference,2026-09-25,Event article and structured Royal Rumble entrant table; used for brand/promotion affiliation.
S1802,2015 Royal Rumble — Wikipedia,reference,https://en.wikipedia.org/wiki/2015_Royal_Rumble,10,Wikipedia/reference,2026-09-25,Event article and structured Royal Rumble entrant table; used for brand/promotion affiliation.
S1803,2016 Royal Rumble — Wikipedia,reference,https://en.wikipedia.org/wiki/2016_Royal_Rumble,10,Wikipedia/reference,2026-09-25,Event article and structured Royal Rumble entrant table; used for brand/promotion affiliation.
S1804,2017 Royal Rumble — Wikipedia,reference,https://en.wikipedia.org/wiki/2017_Royal_Rumble,10,Wikipedia/reference,2026-09-25,Event article and structured Royal Rumble entrant table; used for brand/promotion affiliation.
S1805,2018 Royal Rumble — Wikipedia,reference,https://en.wikipedia.org/wiki/2018_Royal_Rumble,10,Wikipedia/reference,2026-09-25,Event article and structured Royal Rumble entrant table; used for brand/promotion affiliation.
S1806,2019 Royal Rumble — Wikipedia,reference,https://en.wikipedia.org/wiki/2019_Royal_Rumble,10,Wikipedia/reference,2026-09-25,Event article and structured Royal Rumble entrant table; used for brand/promotion affiliation.
S1807,2020 Royal Rumble — Wikipedia,reference,https://en.wikipedia.org/wiki/2020_Royal_Rumble,10,Wikipedia/reference,2026-09-25,Event article and structured Royal Rumble entrant table; used for brand/promotion affiliation.
S1808,2021 Royal Rumble — Wikipedia,reference,https://en.wikipedia.org/wiki/2021_Royal_Rumble,10,Wikipedia/reference,2026-09-25,Event article and structured Royal Rumble entrant table; used for brand/promotion affiliation.
S1809,2022 Royal Rumble — Wikipedia,reference,https://en.wikipedia.org/wiki/2022_Royal_Rumble,10,Wikipedia/reference,2026-09-25,Event article and structured Royal Rumble entrant table; used for brand/promotion affiliation.
S1810,2023 Royal Rumble — Wikipedia,reference,https://en.wikipedia.org/wiki/2023_Royal_Rumble,10,Wikipedia/reference,2026-09-25,Event article and structured Royal Rumble entrant table; used for brand/promotion affiliation.
S1811,2024 Royal Rumble — Wikipedia,reference,https://en.wikipedia.org/wiki/2024_Royal_Rumble,10,Wikipedia/reference,2026-09-25,Event article and structured Royal Rumble entrant table; used for brand/promotion affiliation.
S1812,2025 Royal Rumble — Wikipedia,reference,https://en.wikipedia.org/wiki/2025_Royal_Rumble,10,Wikipedia/reference,2026-09-25,Event article and structured Royal Rumble entrant table; used for brand/promotion affiliation.
S1813,2026 Royal Rumble — Wikipedia,reference,https://en.wikipedia.org/wiki/2026_Royal_Rumble,10,Wikipedia/reference,2026-09-25,Event article and structured Royal Rumble entrant table; used for brand/promotion affiliation.
S1814,Harley Race — Wikidata,database,https://www.wikidata.org/wiki/Q314517,9,Structured reference,2026-09-25,Exact-identity entity; used for deceased date.
S1815,Ron Bass — Wikidata,database,https://www.wikidata.org/wiki/Q7364921,9,Structured reference,2026-09-25,Exact-identity entity; used for deceased date.
S1816,Rick Rude — Wikipedia,reference,https://en.wikipedia.org/wiki/Rick_Rude,10,Wikipedia/reference,2026-09-25,Exact performer or documented prior persona; used for WWE Hall of Fame induction year.
S1817,The Honky Tonk Man — Wikipedia,reference,https://en.wikipedia.org/wiki/The_Honky_Tonk_Man,10,Wikipedia/reference,2026-09-25,Exact performer or documented prior persona; used for WWE Hall of Fame induction year.
S1818,Sapphire — Wikidata,database,https://www.wikidata.org/wiki/Q7421016,9,Structured reference,2026-09-25,Exact-identity entity; used for deceased date.
S1819,Sid Justice — Wikidata,database,https://www.wikidata.org/wiki/Q714630,9,Structured reference,2026-09-25,Exact-identity entity; used for deceased date.
S1820,Giant Gonzalez — Wikidata,database,https://www.wikidata.org/wiki/Q547033,9,Structured reference,2026-09-25,Exact-identity entity; used for deceased date.
S1821,Mo — Wikidata,database,https://www.wikidata.org/wiki/Q6890157,9,Structured reference,2026-09-25,Exact-identity entity; used for deceased date.
S1822,Timothy Well — Wikidata,database,https://www.wikidata.org/wiki/Q7808463,9,Structured reference,2026-09-25,Exact-identity entity; used for deceased date.
S1823,Steven Dunn — Wikidata,database,https://www.wikidata.org/wiki/Q7613351,9,Structured reference,2026-09-25,Exact-identity entity; used for deceased date.
S1824,Mil Mascaras — Wikipedia,reference,https://en.wikipedia.org/wiki/Mil_M%C3%A1scaras,10,Wikipedia/reference,2026-09-25,Exact performer or documented prior persona; used for WWE Hall of Fame induction year.
S1825,Viscera — Wikidata,database,https://www.wikidata.org/wiki/Q726556,9,Structured reference,2026-09-25,Exact-identity entity; used for deceased date.
S1826,Umaga — Wikidata,database,https://www.wikidata.org/wiki/Q449927,9,Structured reference,2026-09-25,Exact-identity entity; used for deceased date.
S1827,Roxanne Perez — Wrestling Profiles,profile,https://wrestlingprofiles.com/wrestler/roxanne-perez/,7,Secondary profile,2026-09-25,Lists billed weight as 115 lb.
S1828,Roxanne Perez — AthleteAgent,profile,https://www.athleteagent.com/athletes/roxanne-perez/vitals,7,Secondary profile,2026-09-25,Lists weight as 115 lb.
S1829,Zelina Vega — The SmackDown Hotel,database,https://www.thesmackdownhotel.com/wrestlers/zelina-vega-rosita,8,Wrestling database,2026-09-25,Lists weight as 106 lb / 48 kg.
S1830,Zelina Vega — Topps Ripped WWE profile,profile,https://ripped.topps.com/profile/wwe/zelina-vega/,8,Licensed profile,2026-09-25,Lists weight as 106 lb / 48 kg.
S1831,Zelina Vega — Online World of Wrestling,database,https://www.onlineworldofwrestling.com/profile/rosita/,7,Wrestling database,2026-09-25,"Lists weight as 107 lb, conflicting by one pound with two other profiles."
S1832,Anoaʻi family — Wikipedia,reference,https://en.wikipedia.org/wiki/Anoa%CA%BBi_family,10,Wikipedia/reference,2026-09-25,Used to document the named real-life wrestling family or relationship.
S1833,Hart family — Wikipedia,reference,https://en.wikipedia.org/wiki/Hart_wrestling_family,10,Wikipedia/reference,2026-09-25,Used to document the named real-life wrestling family or relationship.
S1834,Rhodes family — Wikipedia,reference,https://en.wikipedia.org/wiki/Rhodes_wrestling_family,10,Wikipedia/reference,2026-09-25,Used to document the named real-life wrestling family or relationship.
S1835,Guerrero family — Wikipedia,reference,https://en.wikipedia.org/wiki/Guerrero_family,10,Wikipedia/reference,2026-09-25,Used to document the named real-life wrestling family or relationship.
S1836,Rotunda-Windham family — Wikipedia,reference,https://en.wikipedia.org/wiki/Windham_family,10,Wikipedia/reference,2026-09-25,Used to document the named real-life wrestling family or relationship.
S1837,Bella family — Wikipedia,reference,https://en.wikipedia.org/wiki/The_Bella_Twins,10,Wikipedia/reference,2026-09-25,Used to document the named real-life wrestling family or relationship.
S1838,Steiner family — Wikipedia,reference,https://en.wikipedia.org/wiki/The_Steiner_Brothers,10,Wikipedia/reference,2026-09-25,Used to document the named real-life wrestling family or relationship.
S1839,Hardy family — Wikipedia,reference,https://en.wikipedia.org/wiki/The_Hardy_Boyz,10,Wikipedia/reference,2026-09-25,Used to document the named real-life wrestling family or relationship.
S1840,Rougeau family — Wikipedia,reference,https://en.wikipedia.org/wiki/The_Fabulous_Rougeaus,10,Wikipedia/reference,2026-09-25,Used to document the named real-life wrestling family or relationship.
S1841,Barnyashev-Perry family — Wikipedia,reference,https://en.wikipedia.org/wiki/Lana_(wrestler),10,Wikipedia/reference,2026-09-25,Used to document the named real-life wrestling family or relationship.
S1842,TheSmackDownHotel — Earthquake / John Tenta profile,wrestling_database,https://www.thesmackdownhotel.com/wrestlers/earthquake-john-tenta,12,Other reputable site,2026-09-28,Source-led profile pass; used with Wikipedia biography coverage (S022) and existing official/obituary sources where applicable.
S1843,TheSmackDownHotel — Lanny Poffo / The Genius profile,wrestling_database,https://www.thesmackdownhotel.com/wrestlers/lanny-poffo-the-genius,12,Other reputable site,2026-09-28,Source-led profile pass; used with Wikipedia biography coverage (S022) and existing official/obituary sources where applicable.
S1844,TheSmackDownHotel — Tony Schiavone profile,wrestling_database,https://www.thesmackdownhotel.com/wrestlers/tony-schiavone,12,Other reputable site,2026-09-28,Source-led profile pass; used with Wikipedia biography coverage (S022) and existing official/obituary sources where applicable.
S1845,TheSmackDownHotel — The British Bulldog profile,wrestling_database,https://www.thesmackdownhotel.com/wrestlers/the-british-bulldog,12,Other reputable site,2026-09-28,Source-led profile pass; used with Wikipedia biography coverage (S022) and existing official/obituary sources where applicable.
S1846,TheSmackDownHotel — Bruce Prichard / Brother Love profile,wrestling_database,https://www.thesmackdownhotel.com/wrestlers/bruce-prichard-brother-love,12,Other reputable site,2026-09-28,Source-led profile pass; used with Wikipedia biography coverage (S022) and existing official/obituary sources where applicable.
S1847,Cagematch - RR1989M Men's Royal Rumble match,database,https://www.cagematch.net/?id=111&nr=17279,4,Cagematch,2026-09-28,"Direct match page; captured the live fan aggregate, valid-vote count, and the displayed Wrestling Observer Newsletter rating."
S1848,Cagematch - RR1990M Men's Royal Rumble match,database,https://www.cagematch.net/?id=111&nr=20859,4,Cagematch,2026-09-28,"Direct match page; captured the live fan aggregate, valid-vote count, and the displayed Wrestling Observer Newsletter rating."
S1849,Cagematch - RR1991M Men's Royal Rumble match,database,https://www.cagematch.net/?id=111&nr=20860,4,Cagematch,2026-09-28,"Direct match page; captured the live fan aggregate, valid-vote count, and the displayed Wrestling Observer Newsletter rating."
S1850,Cagematch - RR1992M Men's Royal Rumble match,database,https://www.cagematch.net/?id=111&nr=61,4,Cagematch,2026-09-28,"Direct match page; captured the live fan aggregate, valid-vote count, and the displayed Wrestling Observer Newsletter rating."
S1851,Cagematch - RR1993M Men's Royal Rumble match,database,https://www.cagematch.net/?id=111&nr=18890,4,Cagematch,2026-09-28,"Direct match page; captured the live fan aggregate, valid-vote count, and the displayed Wrestling Observer Newsletter rating."
S1852,Cagematch - RR1994M Men's Royal Rumble match,database,https://www.cagematch.net/?id=111&nr=19358,4,Cagematch,2026-09-28,"Direct match page; captured the live fan aggregate, valid-vote count, and the displayed Wrestling Observer Newsletter rating."
S1853,Cagematch - RR1995M Men's Royal Rumble match,database,https://www.cagematch.net/?id=111&nr=15470,4,Cagematch,2026-09-28,"Direct match page; captured the live fan aggregate, valid-vote count, and the displayed Wrestling Observer Newsletter rating."
S1854,Cagematch - RR1996M Men's Royal Rumble match,database,https://www.cagematch.net/?id=111&nr=20718,4,Cagematch,2026-09-28,"Direct match page; captured the live fan aggregate, valid-vote count, and the displayed Wrestling Observer Newsletter rating."
S1855,Cagematch - RR1997M Men's Royal Rumble match,database,https://www.cagematch.net/?id=111&nr=20861,4,Cagematch,2026-09-28,"Direct match page; captured the live fan aggregate, valid-vote count, and the displayed Wrestling Observer Newsletter rating."
S1856,Cagematch - RR1998M Men's Royal Rumble match,database,https://www.cagematch.net/?id=111&nr=19625,4,Cagematch,2026-09-28,"Direct match page; captured the live fan aggregate, valid-vote count, and the displayed Wrestling Observer Newsletter rating."
S1857,Cagematch - RR1999M Men's Royal Rumble match,database,https://www.cagematch.net/?id=111&nr=12556,4,Cagematch,2026-09-28,"Direct match page; captured the live fan aggregate, valid-vote count, and the displayed Wrestling Observer Newsletter rating."
S1858,Cagematch - RR2000M Men's Royal Rumble match,database,https://www.cagematch.net/?id=111&nr=206,4,Cagematch,2026-09-28,"Direct match page; captured the live fan aggregate, valid-vote count, and the displayed Wrestling Observer Newsletter rating."
S1859,Cagematch - RR2001M Men's Royal Rumble match,database,https://www.cagematch.net/?id=111&nr=234,4,Cagematch,2026-09-28,"Direct match page; captured the live fan aggregate, valid-vote count, and the displayed Wrestling Observer Newsletter rating."
S1860,Cagematch - RR2002M Men's Royal Rumble match,database,https://www.cagematch.net/?id=111&nr=290,4,Cagematch,2026-09-28,"Direct match page; captured the live fan aggregate, valid-vote count, and the displayed Wrestling Observer Newsletter rating."
S1861,Cagematch - RR2003M Men's Royal Rumble match,database,https://www.cagematch.net/?id=111&nr=344,4,Cagematch,2026-09-28,"Direct match page; captured the live fan aggregate, valid-vote count, and the displayed Wrestling Observer Newsletter rating."
S1862,Cagematch - RR2004M Men's Royal Rumble match,database,https://www.cagematch.net/?id=111&nr=394,4,Cagematch,2026-09-28,"Direct match page; captured the live fan aggregate, valid-vote count, and the displayed Wrestling Observer Newsletter rating."
S1863,Cagematch - RR2005M Men's Royal Rumble match,database,https://www.cagematch.net/?id=111&nr=460,4,Cagematch,2026-09-28,"Direct match page; captured the live fan aggregate, valid-vote count, and the displayed Wrestling Observer Newsletter rating."
S1864,Cagematch - RR2006M Men's Royal Rumble match,database,https://www.cagematch.net/?id=111&nr=530,4,Cagematch,2026-09-28,"Direct match page; captured the live fan aggregate, valid-vote count, and the displayed Wrestling Observer Newsletter rating."
S1865,Cagematch - RR2007M Men's Royal Rumble match,database,https://www.cagematch.net/?id=111&nr=595,4,Cagematch,2026-09-28,"Direct match page; captured the live fan aggregate, valid-vote count, and the displayed Wrestling Observer Newsletter rating."
S1866,Cagematch - RR2008M Men's Royal Rumble match,database,https://www.cagematch.net/?id=111&nr=651,4,Cagematch,2026-09-28,"Direct match page; captured the live fan aggregate, valid-vote count, and the displayed Wrestling Observer Newsletter rating."
S1867,Cagematch - RR2009M Men's Royal Rumble match,database,https://www.cagematch.net/?id=111&nr=3528,4,Cagematch,2026-09-28,"Direct match page; captured the live fan aggregate, valid-vote count, and the displayed Wrestling Observer Newsletter rating."
S1868,Cagematch - RR2010M Men's Royal Rumble match,database,https://www.cagematch.net/?id=111&nr=4119,4,Cagematch,2026-09-28,"Direct match page; captured the live fan aggregate, valid-vote count, and the displayed Wrestling Observer Newsletter rating."
S1869,Cagematch - RR2011M Men's Royal Rumble match,database,https://www.cagematch.net/?id=111&nr=4612,4,Cagematch,2026-09-28,"Direct match page; captured the live fan aggregate, valid-vote count, and the displayed Wrestling Observer Newsletter rating."
S1870,Cagematch - RR2012M Men's Royal Rumble match,database,https://www.cagematch.net/?id=111&nr=5133,4,Cagematch,2026-09-28,"Direct match page; captured the live fan aggregate, valid-vote count, and the displayed Wrestling Observer Newsletter rating."
S1871,Cagematch - RR2013M Men's Royal Rumble match,database,https://www.cagematch.net/?id=111&nr=5429,4,Cagematch,2026-09-28,"Direct match page; captured the live fan aggregate, valid-vote count, and the displayed Wrestling Observer Newsletter rating."
S1872,Cagematch - RR2014M Men's Royal Rumble match,database,https://www.cagematch.net/?id=111&nr=5927,4,Cagematch,2026-09-28,"Direct match page; captured the live fan aggregate, valid-vote count, and the displayed Wrestling Observer Newsletter rating."
S1873,Cagematch - RR2015M Men's Royal Rumble match,database,https://www.cagematch.net/?id=111&nr=18427,4,Cagematch,2026-09-28,"Direct match page; captured the live fan aggregate, valid-vote count, and the displayed Wrestling Observer Newsletter rating."
S1874,Cagematch - RR2016M Men's Royal Rumble match,database,https://www.cagematch.net/?id=111&nr=7164,4,Cagematch,2026-09-28,"Direct match page; captured the live fan aggregate, valid-vote count, and the displayed Wrestling Observer Newsletter rating."
S1875,Cagematch - RR2017M Men's Royal Rumble match,database,https://www.cagematch.net/?id=111&nr=8082,4,Cagematch,2026-09-28,"Direct match page; captured the live fan aggregate, valid-vote count, and the displayed Wrestling Observer Newsletter rating."
S1876,Cagematch - RR2018M Men's Royal Rumble match,database,https://www.cagematch.net/?id=111&nr=9123,4,Cagematch,2026-09-28,"Direct match page; captured the live fan aggregate, valid-vote count, and the displayed Wrestling Observer Newsletter rating."
S1877,Cagematch - RR2018W Women's Royal Rumble match,database,https://www.cagematch.net/?id=111&nr=9122,4,Cagematch,2026-09-28,"Direct match page; captured the live fan aggregate, valid-vote count, and the displayed Wrestling Observer Newsletter rating."
S1878,Cagematch - RR2019M Men's Royal Rumble match,database,https://www.cagematch.net/?id=111&nr=10120,4,Cagematch,2026-09-28,"Direct match page; captured the live fan aggregate, valid-vote count, and the displayed Wrestling Observer Newsletter rating."
S1879,Cagematch - RR2019W Women's Royal Rumble match,database,https://www.cagematch.net/?id=111&nr=10117,4,Cagematch,2026-09-28,"Direct match page; captured the live fan aggregate, valid-vote count, and the displayed Wrestling Observer Newsletter rating."
S1880,Cagematch - RR2020M Men's Royal Rumble match,database,https://www.cagematch.net/?id=111&nr=12063,4,Cagematch,2026-09-28,"Direct match page; captured the live fan aggregate, valid-vote count, and the displayed Wrestling Observer Newsletter rating."
S1881,Cagematch - RR2020W Women's Royal Rumble match,database,https://www.cagematch.net/?id=111&nr=12079,4,Cagematch,2026-09-28,"Direct match page; captured the live fan aggregate, valid-vote count, and the displayed Wrestling Observer Newsletter rating."
S1882,Cagematch - RR2021M Men's Royal Rumble match,database,https://www.cagematch.net/?id=111&nr=28129,4,Cagematch,2026-09-28,"Direct match page; captured the live fan aggregate, valid-vote count, and the displayed Wrestling Observer Newsletter rating."
S1883,Cagematch - RR2021W Women's Royal Rumble match,database,https://www.cagematch.net/?id=111&nr=28127,4,Cagematch,2026-09-28,"Direct match page; captured the live fan aggregate, valid-vote count, and the displayed Wrestling Observer Newsletter rating."
S1884,Cagematch - RR2022M Men's Royal Rumble match,database,https://www.cagematch.net/?id=111&nr=47556,4,Cagematch,2026-09-28,"Direct match page; captured the live fan aggregate, valid-vote count, and the displayed Wrestling Observer Newsletter rating."
S1885,Cagematch - RR2022W Women's Royal Rumble match,database,https://www.cagematch.net/?id=111&nr=47551,4,Cagematch,2026-09-28,"Direct match page; captured the live fan aggregate, valid-vote count, and the displayed Wrestling Observer Newsletter rating."
S1886,Cagematch - RR2023M Men's Royal Rumble match,database,https://www.cagematch.net/?id=111&nr=67343,4,Cagematch,2026-09-28,"Direct match page; captured the live fan aggregate, valid-vote count, and the displayed Wrestling Observer Newsletter rating."
S1887,Cagematch - RR2023W Women's Royal Rumble match,database,https://www.cagematch.net/?id=111&nr=67347,4,Cagematch,2026-09-28,"Direct match page; captured the live fan aggregate, valid-vote count, and the displayed Wrestling Observer Newsletter rating."
S1888,Cagematch - RR2024M Men's Royal Rumble match,database,https://www.cagematch.net/?id=111&nr=86097,4,Cagematch,2026-09-28,"Direct match page; captured the live fan aggregate, valid-vote count, and the displayed Wrestling Observer Newsletter rating."
S1889,Cagematch - RR2024W Women's Royal Rumble match,database,https://www.cagematch.net/?id=111&nr=86101,4,Cagematch,2026-09-28,"Direct match page; captured the live fan aggregate, valid-vote count, and the displayed Wrestling Observer Newsletter rating."
S1890,Cagematch - RR2025M Men's Royal Rumble match,database,https://www.cagematch.net/?id=111&nr=108818,4,Cagematch,2026-09-28,"Direct match page; captured the live fan aggregate, valid-vote count, and the displayed Wrestling Observer Newsletter rating."
S1891,Cagematch - RR2025W Women's Royal Rumble match,database,https://www.cagematch.net/?id=111&nr=108814,4,Cagematch,2026-09-28,"Direct match page; captured the live fan aggregate, valid-vote count, and the displayed Wrestling Observer Newsletter rating."
S1892,Cagematch - RR2026M Men's Royal Rumble match,database,https://www.cagematch.net/?id=111&nr=131859,4,Cagematch,2026-09-28,"Direct match page; captured the live fan aggregate, valid-vote count, and the displayed Wrestling Observer Newsletter rating."
S1893,Cagematch - RR2026W Women's Royal Rumble match,database,https://www.cagematch.net/?id=111&nr=131855,4,Cagematch,2026-09-28,"Direct match page; captured the live fan aggregate, valid-vote count, and the displayed Wrestling Observer Newsletter rating."
S1894,Wikipedia – WWE Championship reign history,reference,https://en.wikipedia.org/wiki/List_of_WWE_Champions,10,Wikipedia/reference,2026-09-28,Structured reign table snapshot; one-source observations remain PROBABLE until independently cross-checked.
S1895,Wikipedia – World Heavyweight Championship (2002–2013) reign history,reference,"https://en.wikipedia.org/wiki/List_of_World_Heavyweight_Champions_(WWE,_2002%E2%80%932013)",10,Wikipedia/reference,2026-09-28,Structured reign table snapshot; one-source observations remain PROBABLE until independently cross-checked.
S1896,Wikipedia – WCW World Heavyweight Championship reign history,reference,https://en.wikipedia.org/wiki/List_of_WCW_World_Heavyweight_Champions,10,Wikipedia/reference,2026-09-28,Structured reign table snapshot; one-source observations remain PROBABLE until independently cross-checked.
S1897,Wikipedia – ECW World Heavyweight Championship reign history,reference,https://en.wikipedia.org/wiki/List_of_ECW_World_Heavyweight_Champions,10,Wikipedia/reference,2026-09-28,Structured reign table snapshot; one-source observations remain PROBABLE until independently cross-checked.
S1898,Wikipedia – AEW World Championship reign history,reference,https://en.wikipedia.org/wiki/List_of_AEW_World_Champions,10,Wikipedia/reference,2026-09-28,Structured reign table snapshot; one-source observations remain PROBABLE until independently cross-checked.
S1899,Wikipedia – TNA World Championship reign history,reference,https://en.wikipedia.org/wiki/List_of_TNA_World_Champions,10,Wikipedia/reference,2026-09-28,Structured reign table snapshot; one-source observations remain PROBABLE until independently cross-checked.
S1900,Wikipedia – ROH World Championship reign history,reference,https://en.wikipedia.org/wiki/List_of_ROH_World_Champions,10,Wikipedia/reference,2026-09-28,Structured reign table snapshot; one-source observations remain PROBABLE until independently cross-checked.
S1901,Wikipedia – IWGP Heavyweight Championship reign history,reference,https://en.wikipedia.org/wiki/List_of_IWGP_Heavyweight_Champions,10,Wikipedia/reference,2026-09-28,Structured reign table snapshot; one-source observations remain PROBABLE until independently cross-checked.
S1902,Wikipedia – NWA Worlds Heavyweight Championship reign history,reference,https://en.wikipedia.org/wiki/List_of_NWA_World_Heavyweight_Champions,10,Wikipedia/reference,2026-09-28,Structured reign table snapshot; one-source observations remain PROBABLE until independently cross-checked.
S1903,Wikipedia – AWA World Heavyweight Championship reign history,reference,https://en.wikipedia.org/wiki/List_of_AWA_World_Heavyweight_Champions,10,Wikipedia/reference,2026-09-28,Structured reign table snapshot; one-source observations remain PROBABLE until independently cross-checked.
S1904,Wikipedia – WWE Women's Championship (1956–2010) reign history,reference,https://en.wikipedia.org/wiki/List_of_WWE_Women%27s_Champions_(1956%E2%80%932010),10,Wikipedia/reference,2026-09-28,Structured reign table snapshot; one-source observations remain PROBABLE until independently cross-checked.
S1905,Wikipedia – WWE Women's Championship reign history,reference,https://en.wikipedia.org/wiki/List_of_WWE_Women%27s_Champions,10,Wikipedia/reference,2026-09-28,Structured reign table snapshot; one-source observations remain PROBABLE until independently cross-checked.
S1906,Wikipedia – Women's World Championship reign history,reference,https://en.wikipedia.org/wiki/List_of_Women%27s_World_Champions_(WWE),10,Wikipedia/reference,2026-09-28,Structured reign table snapshot; one-source observations remain PROBABLE until independently cross-checked.
S1907,Wikipedia – AEW Women's World Championship reign history,reference,https://en.wikipedia.org/wiki/List_of_AEW_Women%27s_World_Champions,10,Wikipedia/reference,2026-09-28,Structured reign table snapshot; one-source observations remain PROBABLE until independently cross-checked.
S1908,Wikipedia – TNA Knockouts World Championship reign history,reference,https://en.wikipedia.org/wiki/List_of_TNA_Knockouts_World_Champions,10,Wikipedia/reference,2026-09-28,Structured reign table snapshot; one-source observations remain PROBABLE until independently cross-checked.
S1909,Wikipedia – ROH Women's World Championship reign history,reference,https://en.wikipedia.org/wiki/List_of_ROH_Women%27s_World_Champions,10,Wikipedia/reference,2026-09-28,Structured reign table snapshot; one-source observations remain PROBABLE until independently cross-checked.
S1910,Wikipedia – NWA World Women's Championship reign history,reference,https://en.wikipedia.org/wiki/List_of_NWA_World_Women%27s_Champions,10,Wikipedia/reference,2026-09-28,Structured reign table snapshot; one-source observations remain PROBABLE until independently cross-checked.
S1911,Wikipedia – IWGP Women's Championship reign history,reference,https://en.wikipedia.org/wiki/List_of_IWGP_Women%27s_Champions,10,Wikipedia/reference,2026-09-28,Structured reign table snapshot; one-source observations remain PROBABLE until independently cross-checked.
S1912,Wikipedia – WWE Intercontinental Championship reign history,reference,https://en.wikipedia.org/wiki/List_of_WWE_Intercontinental_Champions,10,Wikipedia/reference,2026-09-28,Structured reign table snapshot; one-source observations remain PROBABLE until independently cross-checked.
S1913,Wikipedia – WWE United States Championship reign history,reference,https://en.wikipedia.org/wiki/List_of_WWE_United_States_Champions,10,Wikipedia/reference,2026-09-28,Structured reign table snapshot; one-source observations remain PROBABLE until independently cross-checked.
S1914,Wikipedia – WWE European Championship reign history,reference,https://en.wikipedia.org/wiki/List_of_WWE_European_Champions,10,Wikipedia/reference,2026-09-28,Structured reign table snapshot; one-source observations remain PROBABLE until independently cross-checked.
S1915,Wikipedia – WWE Hardcore Championship reign history,reference,https://en.wikipedia.org/wiki/List_of_WWE_Hardcore_Champions,10,Wikipedia/reference,2026-09-28,Structured reign table snapshot; one-source observations remain PROBABLE until independently cross-checked.
S1916,Wikipedia – WWE 24/7 Championship reign history,reference,https://en.wikipedia.org/wiki/List_of_WWE_24%2F7_Champions,10,Wikipedia/reference,2026-09-28,Structured reign table snapshot; one-source observations remain PROBABLE until independently cross-checked.
S1917,Wikipedia – WWF Light Heavyweight Championship reign history,reference,https://en.wikipedia.org/wiki/List_of_WWF_Light_Heavyweight_Champions,10,Wikipedia/reference,2026-09-28,Structured reign table snapshot; one-source observations remain PROBABLE until independently cross-checked.
S1918,Wikipedia – WWE Cruiserweight Championship (1996–2007) reign history,reference,https://en.wikipedia.org/wiki/List_of_WWE_Cruiserweight_Champions_(1996%E2%80%932007),10,Wikipedia/reference,2026-09-28,Structured reign table snapshot; one-source observations remain PROBABLE until independently cross-checked.
S1919,Wikipedia – WWE Divas Championship reign history,reference,https://en.wikipedia.org/wiki/List_of_WWE_Divas_Champions,10,Wikipedia/reference,2026-09-28,Structured reign table snapshot; one-source observations remain PROBABLE until independently cross-checked.
S1920,Wikipedia – World Tag Team Championship reign history,reference,https://en.wikipedia.org/wiki/List_of_World_Tag_Team_Champions_(WWE),10,Wikipedia/reference,2026-09-28,Structured reign table snapshot; one-source observations remain PROBABLE until independently cross-checked.
S1921,Wikipedia – WWE Women's Tag Team Championship reign history,reference,https://en.wikipedia.org/wiki/List_of_WWE_Women%27s_Tag_Team_Champions,10,Wikipedia/reference,2026-09-28,Structured reign table snapshot; one-source observations remain PROBABLE until independently cross-checked.
S1922,Wikipedia – Million Dollar Championship reign history,reference,https://en.wikipedia.org/wiki/List_of_Million_Dollar_Champions,10,Wikipedia/reference,2026-09-28,Structured reign table snapshot; one-source observations remain PROBABLE until independently cross-checked.
S1923,Wikipedia – WWE Speed Championship reign history,reference,https://en.wikipedia.org/wiki/List_of_WWE_Speed_Champions,10,Wikipedia/reference,2026-09-28,Structured reign table snapshot; one-source observations remain PROBABLE until independently cross-checked.
S1924,Wikipedia – WWE Women's Speed Championship reign history,reference,https://en.wikipedia.org/wiki/List_of_WWE_Women%27s_Speed_Champions,10,Wikipedia/reference,2026-09-28,Structured reign table snapshot; one-source observations remain PROBABLE until independently cross-checked.
S1925,Wikipedia – WWE Women's Intercontinental Championship reign history,reference,https://en.wikipedia.org/wiki/List_of_WWE_Women%27s_Intercontinental_Champions,10,Wikipedia/reference,2026-09-28,Structured reign table snapshot; one-source observations remain PROBABLE until independently cross-checked.
S1926,Wikipedia – WWE Women's United States Championship reign history,reference,https://en.wikipedia.org/wiki/List_of_WWE_Women%27s_United_States_Champions,10,Wikipedia/reference,2026-09-28,Structured reign table snapshot; one-source observations remain PROBABLE until independently cross-checked.
S1927,Wikipedia – NXT Championship reign history,reference,https://en.wikipedia.org/wiki/List_of_NXT_Champions,10,Wikipedia/reference,2026-09-28,Structured reign table snapshot; one-source observations remain PROBABLE until independently cross-checked.
S1928,Wikipedia – NXT Women's Championship reign history,reference,https://en.wikipedia.org/wiki/List_of_NXT_Women%27s_Champions,10,Wikipedia/reference,2026-09-28,Structured reign table snapshot; one-source observations remain PROBABLE until independently cross-checked.
S1929,Wikipedia – NXT Tag Team Championship reign history,reference,https://en.wikipedia.org/wiki/List_of_NXT_Tag_Team_Champions,10,Wikipedia/reference,2026-09-28,Structured reign table snapshot; one-source observations remain PROBABLE until independently cross-checked.
S1930,Wikipedia – NXT North American Championship reign history,reference,https://en.wikipedia.org/wiki/List_of_NXT_North_American_Champions,10,Wikipedia/reference,2026-09-28,Structured reign table snapshot; one-source observations remain PROBABLE until independently cross-checked.
S1931,Wikipedia – NXT United Kingdom Championship reign history,reference,https://en.wikipedia.org/wiki/List_of_NXT_United_Kingdom_Champions,10,Wikipedia/reference,2026-09-28,Structured reign table snapshot; one-source observations remain PROBABLE until independently cross-checked.
S1932,Wikipedia – NXT UK Women's Championship reign history,reference,https://en.wikipedia.org/wiki/List_of_NXT_UK_Women%27s_Champions,10,Wikipedia/reference,2026-09-28,Structured reign table snapshot; one-source observations remain PROBABLE until independently cross-checked.
S1933,Wikipedia – NXT UK Tag Team Championship reign history,reference,https://en.wikipedia.org/wiki/List_of_NXT_UK_Tag_Team_Champions,10,Wikipedia/reference,2026-09-28,Structured reign table snapshot; one-source observations remain PROBABLE until independently cross-checked.
S1934,Wikipedia – NXT Cruiserweight Championship reign history,reference,https://en.wikipedia.org/wiki/List_of_NXT_Cruiserweight_Champions,10,Wikipedia/reference,2026-09-28,Structured reign table snapshot; one-source observations remain PROBABLE until independently cross-checked.
S1935,Wikipedia – WCW World Television Championship reign history,reference,https://en.wikipedia.org/wiki/List_of_WCW_World_Television_Champions,10,Wikipedia/reference,2026-09-28,Structured reign table snapshot; one-source observations remain PROBABLE until independently cross-checked.
S1936,Wikipedia – WCW Hardcore Championship reign history,reference,https://en.wikipedia.org/wiki/List_of_WCW_Hardcore_Champions,10,Wikipedia/reference,2026-09-28,Structured reign table snapshot; one-source observations remain PROBABLE until independently cross-checked.
S1937,Wikipedia – WCW World Tag Team Championship reign history,reference,https://en.wikipedia.org/wiki/List_of_WCW_World_Tag_Team_Champions,10,Wikipedia/reference,2026-09-28,Structured reign table snapshot; one-source observations remain PROBABLE until independently cross-checked.
S1938,Wikipedia – ECW World Television Championship reign history,reference,https://en.wikipedia.org/wiki/List_of_ECW_World_Television_Champions,10,Wikipedia/reference,2026-09-28,Structured reign table snapshot; one-source observations remain PROBABLE until independently cross-checked.
S1939,Wikipedia – ECW World Tag Team Championship reign history,reference,https://en.wikipedia.org/wiki/List_of_ECW_World_Tag_Team_Champions,10,Wikipedia/reference,2026-09-28,Structured reign table snapshot; one-source observations remain PROBABLE until independently cross-checked.
S1940,Wikipedia – AEW International Championship reign history,reference,https://en.wikipedia.org/wiki/List_of_AEW_International_Champions,10,Wikipedia/reference,2026-09-28,Structured reign table snapshot; one-source observations remain PROBABLE until independently cross-checked.
S1941,Wikipedia – AEW TNT Championship reign history,reference,https://en.wikipedia.org/wiki/List_of_AEW_TNT_Champions,10,Wikipedia/reference,2026-09-28,Structured reign table snapshot; one-source observations remain PROBABLE until independently cross-checked.
S1942,Wikipedia – AEW TBS Championship reign history,reference,https://en.wikipedia.org/wiki/List_of_AEW_TBS_Champions,10,Wikipedia/reference,2026-09-28,Structured reign table snapshot; one-source observations remain PROBABLE until independently cross-checked.
S1943,Wikipedia – AEW Continental Championship reign history,reference,https://en.wikipedia.org/wiki/List_of_AEW_Continental_Champions,10,Wikipedia/reference,2026-09-28,Structured reign table snapshot; one-source observations remain PROBABLE until independently cross-checked.
S1944,Wikipedia – AEW World Tag Team Championship reign history,reference,https://en.wikipedia.org/wiki/List_of_AEW_World_Tag_Team_Champions,10,Wikipedia/reference,2026-09-28,Structured reign table snapshot; one-source observations remain PROBABLE until independently cross-checked.
S1945,Wikipedia – AEW World Trios Championship reign history,reference,https://en.wikipedia.org/wiki/List_of_AEW_World_Trios_Champions,10,Wikipedia/reference,2026-09-28,Structured reign table snapshot; one-source observations remain PROBABLE until independently cross-checked.
S1946,Wikipedia – TNA X Division Championship reign history,reference,https://en.wikipedia.org/wiki/List_of_TNA_X_Division_Champions,10,Wikipedia/reference,2026-09-28,Structured reign table snapshot; one-source observations remain PROBABLE until independently cross-checked.
S1947,Wikipedia – TNA Television Championship reign history,reference,https://en.wikipedia.org/wiki/List_of_TNA_Television_Champions,10,Wikipedia/reference,2026-09-28,Structured reign table snapshot; one-source observations remain PROBABLE until independently cross-checked.
S1948,Wikipedia – TNA World Tag Team Championship reign history,reference,https://en.wikipedia.org/wiki/List_of_TNA_World_Tag_Team_Champions,10,Wikipedia/reference,2026-09-28,Structured reign table snapshot; one-source observations remain PROBABLE until independently cross-checked.
S1949,Wikipedia – TNA Knockouts World Tag Team Championship reign history,reference,https://en.wikipedia.org/wiki/List_of_TNA_Knockouts_World_Tag_Team_Champions,10,Wikipedia/reference,2026-09-28,Structured reign table snapshot; one-source observations remain PROBABLE until independently cross-checked.
S1950,Wikipedia – TNA Digital Media Championship reign history,reference,https://en.wikipedia.org/wiki/List_of_TNA_Digital_Media_Champions,10,Wikipedia/reference,2026-09-28,Structured reign table snapshot; one-source observations remain PROBABLE until independently cross-checked.
S1951,Wikipedia – ROH World Tag Team Championship reign history,reference,https://en.wikipedia.org/wiki/List_of_ROH_World_Tag_Team_Champions,10,Wikipedia/reference,2026-09-28,Structured reign table snapshot; one-source observations remain PROBABLE until independently cross-checked.
S1952,Wikipedia – ROH World Six-Man Tag Team Championship reign history,reference,https://en.wikipedia.org/wiki/List_of_ROH_World_Six-Man_Tag_Team_Champions,10,Wikipedia/reference,2026-09-28,Structured reign table snapshot; one-source observations remain PROBABLE until independently cross-checked.
S1953,Wikipedia – ROH Pure Championship reign history,reference,https://en.wikipedia.org/wiki/List_of_ROH_Pure_Champions,10,Wikipedia/reference,2026-09-28,Structured reign table snapshot; one-source observations remain PROBABLE until independently cross-checked.
S1954,Wikipedia – ROH World Television Championship reign history,reference,https://en.wikipedia.org/wiki/List_of_ROH_World_Television_Champions,10,Wikipedia/reference,2026-09-28,Structured reign table snapshot; one-source observations remain PROBABLE until independently cross-checked.
S1955,Wikipedia – ROH Women's World Television Championship reign history,reference,https://en.wikipedia.org/wiki/List_of_ROH_Women%27s_World_Television_Champions,10,Wikipedia/reference,2026-09-28,Structured reign table snapshot; one-source observations remain PROBABLE until independently cross-checked.
S1956,Wikipedia – ROH Women's Pure Championship reign history,reference,https://en.wikipedia.org/wiki/List_of_ROH_Women%27s_Pure_Champions,10,Wikipedia/reference,2026-09-28,Structured reign table snapshot; one-source observations remain PROBABLE until independently cross-checked.
S1957,Wikipedia – IWGP Tag Team Championship reign history,reference,https://en.wikipedia.org/wiki/List_of_IWGP_Tag_Team_Champions,10,Wikipedia/reference,2026-09-28,Structured reign table snapshot; one-source observations remain PROBABLE until independently cross-checked.
S1958,Wikipedia – IWGP Junior Heavyweight Championship reign history,reference,https://en.wikipedia.org/wiki/List_of_IWGP_Junior_Heavyweight_Champions,10,Wikipedia/reference,2026-09-28,Structured reign table snapshot; one-source observations remain PROBABLE until independently cross-checked.
S1959,Wikipedia – IWGP Junior Heavyweight Tag Team Championship reign history,reference,https://en.wikipedia.org/wiki/List_of_IWGP_Junior_Heavyweight_Tag_Team_Champions,10,Wikipedia/reference,2026-09-28,Structured reign table snapshot; one-source observations remain PROBABLE until independently cross-checked.
S1960,Wikipedia – IWGP Intercontinental Championship reign history,reference,https://en.wikipedia.org/wiki/List_of_IWGP_Intercontinental_Champions,10,Wikipedia/reference,2026-09-28,Structured reign table snapshot; one-source observations remain PROBABLE until independently cross-checked.
S1961,Wikipedia – IWGP United States Heavyweight Championship reign history,reference,https://en.wikipedia.org/wiki/List_of_IWGP_United_States_Heavyweight_Champions,10,Wikipedia/reference,2026-09-28,Structured reign table snapshot; one-source observations remain PROBABLE until independently cross-checked.
S1962,Wikipedia – NEVER Openweight Championship reign history,reference,https://en.wikipedia.org/wiki/List_of_NEVER_Openweight_Champions,10,Wikipedia/reference,2026-09-28,Structured reign table snapshot; one-source observations remain PROBABLE until independently cross-checked.
S1963,Wikipedia – NEVER Openweight 6-Man Tag Team Championship reign history,reference,https://en.wikipedia.org/wiki/List_of_NEVER_Openweight_6-Man_Tag_Team_Champions,10,Wikipedia/reference,2026-09-28,Structured reign table snapshot; one-source observations remain PROBABLE until independently cross-checked.
S1964,Wikipedia – NJPW World Television Championship reign history,reference,https://en.wikipedia.org/wiki/List_of_NJPW_World_Television_Champions,10,Wikipedia/reference,2026-09-28,Structured reign table snapshot; one-source observations remain PROBABLE until independently cross-checked.
S1965,Wikipedia – Strong Women's Championship reign history,reference,https://en.wikipedia.org/wiki/List_of_Strong_Women%27s_Champions,10,Wikipedia/reference,2026-09-28,Structured reign table snapshot; one-source observations remain PROBABLE until independently cross-checked.
S1966,Wikipedia – NWA World Tag Team Championship reign history,reference,https://en.wikipedia.org/wiki/List_of_NWA_World_Tag_Team_Champions,10,Wikipedia/reference,2026-09-28,Structured reign table snapshot; one-source observations remain PROBABLE until independently cross-checked.
S1967,Wikipedia – NWA World Women's Tag Team Championship reign history,reference,https://en.wikipedia.org/wiki/List_of_NWA_World_Women%27s_Tag_Team_Champions,10,Wikipedia/reference,2026-09-28,Structured reign table snapshot; one-source observations remain PROBABLE until independently cross-checked.
S1968,Wikipedia – NWA World Women's Television Championship reign history,reference,https://en.wikipedia.org/wiki/List_of_NWA_World_Women%27s_Television_Champions,10,Wikipedia/reference,2026-09-28,Structured reign table snapshot; one-source observations remain PROBABLE until independently cross-checked.
S1969,Wikipedia – AWA World Tag Team Championship reign history,reference,https://en.wikipedia.org/wiki/List_of_AWA_World_Tag_Team_Champions,10,Wikipedia/reference,2026-09-28,Structured reign table snapshot; one-source observations remain PROBABLE until independently cross-checked.
S1970,Wikipedia – WWE Universal Championship reign history,reference,https://en.wikipedia.org/wiki/WWE_Universal_Championship,10,Wikipedia/reference,2026-09-28,Structured reign table snapshot; one-source observations remain PROBABLE until independently cross-checked.
S1971,Wikipedia – World Heavyweight Championship reign history,reference,https://en.wikipedia.org/wiki/World_Heavyweight_Championship_(WWE),10,Wikipedia/reference,2026-09-28,Structured reign table snapshot; one-source observations remain PROBABLE until independently cross-checked.
S1972,Wikipedia – WWE Evolve Championship reign history,reference,https://en.wikipedia.org/wiki/WWE_Evolve_Championship,10,Wikipedia/reference,2026-09-28,Structured reign table snapshot; one-source observations remain PROBABLE until independently cross-checked.
S1973,Wikipedia – WWE Evolve Women's Championship reign history,reference,https://en.wikipedia.org/wiki/WWE_Evolve_Women%27s_Championship,10,Wikipedia/reference,2026-09-28,Structured reign table snapshot; one-source observations remain PROBABLE until independently cross-checked.
S1974,Wikipedia – AEW National Championship reign history,reference,https://en.wikipedia.org/wiki/AEW_National_Championship,10,Wikipedia/reference,2026-09-28,Structured reign table snapshot; one-source observations remain PROBABLE until independently cross-checked.
S1975,Wikipedia – AEW Unified Championship reign history,reference,https://en.wikipedia.org/wiki/AEW_Unified_Championship,10,Wikipedia/reference,2026-09-28,Structured reign table snapshot; one-source observations remain PROBABLE until independently cross-checked.
S1976,Wikipedia – AEW Women's World Tag Team Championship reign history,reference,https://en.wikipedia.org/wiki/AEW_Women%27s_World_Tag_Team_Championship,10,Wikipedia/reference,2026-09-28,Structured reign table snapshot; one-source observations remain PROBABLE until independently cross-checked.
S1977,Wikipedia – IWGP Global Heavyweight Championship reign history,reference,https://en.wikipedia.org/wiki/IWGP_Global_Heavyweight_Championship,10,Wikipedia/reference,2026-09-28,Structured reign table snapshot; one-source observations remain PROBABLE until independently cross-checked.
S1978,Wikipedia – NJPW Strong Openweight Championship reign history,reference,https://en.wikipedia.org/wiki/NJPW_Strong_Openweight_Championship,10,Wikipedia/reference,2026-09-28,Structured reign table snapshot; one-source observations remain PROBABLE until independently cross-checked.
S1979,Wikipedia – Strong Openweight Tag Team Championship reign history,reference,https://en.wikipedia.org/wiki/Strong_Openweight_Tag_Team_Championship,10,Wikipedia/reference,2026-09-28,Structured reign table snapshot; one-source observations remain PROBABLE until independently cross-checked.
S1980,Wikipedia – KOPW Championship reign history,reference,https://en.wikipedia.org/wiki/KOPW_(professional_wrestling_championship),10,Wikipedia/reference,2026-09-28,Structured reign table snapshot; one-source observations remain PROBABLE until independently cross-checked.
S1981,Wikipedia – NWA National Championship reign history,reference,https://en.wikipedia.org/wiki/NWA_National_Championship,10,Wikipedia/reference,2026-09-28,Structured reign table snapshot; one-source observations remain PROBABLE until independently cross-checked.
S1982,Wikipedia – NWA World Junior Heavyweight Championship reign history,reference,https://en.wikipedia.org/wiki/NWA_World_Junior_Heavyweight_Championship,10,Wikipedia/reference,2026-09-28,Structured reign table snapshot; one-source observations remain PROBABLE until independently cross-checked.
S1983,Wikipedia – NWA World Television Championship reign history,reference,https://en.wikipedia.org/wiki/NWA_World_Television_Championship,10,Wikipedia/reference,2026-09-28,Structured reign table snapshot; one-source observations remain PROBABLE until independently cross-checked.
S1984,Wikipedia – AWA World Women's Championship reign history,reference,https://en.wikipedia.org/wiki/AWA_World_Women%27s_Championship,10,Wikipedia/reference,2026-09-28,Structured reign table snapshot; one-source observations remain PROBABLE until independently cross-checked.
S1985,Wikipedia – AWA World Light Heavyweight Championship reign history,reference,https://en.wikipedia.org/wiki/AWA_World_Light_Heavyweight_Championship,10,Wikipedia/reference,2026-09-28,Structured reign table snapshot; one-source observations remain PROBABLE until independently cross-checked.
S1986,Wikipedia – AWA International Television Championship reign history,reference,https://en.wikipedia.org/wiki/AWA_International_Television_Championship,10,Wikipedia/reference,2026-09-28,Structured reign table snapshot; one-source observations remain PROBABLE until independently cross-checked.
S1987,Wikipedia – WCW International World Heavyweight Championship reign history,reference,https://en.wikipedia.org/wiki/WCW_International_World_Heavyweight_Championship,10,Wikipedia/reference,2026-09-28,Structured reign table snapshot; one-source observations remain PROBABLE until independently cross-checked.
S1988,Wikipedia – WCW Cruiserweight Tag Team Championship reign history,reference,https://en.wikipedia.org/wiki/WCW_Cruiserweight_Tag_Team_Championship,10,Wikipedia/reference,2026-09-28,Structured reign table snapshot; one-source observations remain PROBABLE until independently cross-checked.
S1989,Wikipedia – WCW United States Tag Team Championship reign history,reference,https://en.wikipedia.org/wiki/WCW_United_States_Tag_Team_Championship,10,Wikipedia/reference,2026-09-28,Structured reign table snapshot; one-source observations remain PROBABLE until independently cross-checked.
S1990,Wikipedia – WCW World Six-Man Tag Team Championship reign history,reference,https://en.wikipedia.org/wiki/WCW_World_Six-Man_Tag_Team_Championship,10,Wikipedia/reference,2026-09-28,Structured reign table snapshot; one-source observations remain PROBABLE until independently cross-checked.
S1991,Wikipedia – WWF International Heavyweight Championship reign history,reference,https://en.wikipedia.org/wiki/WWF_International_Heavyweight_Championship,10,Wikipedia/reference,2026-09-28,Structured reign table snapshot; one-source observations remain PROBABLE until independently cross-checked.
S1992,Wikipedia – WWF Canadian Championship reign history,reference,https://en.wikipedia.org/wiki/WWF_Canadian_Championship,10,Wikipedia/reference,2026-09-28,Structured reign table snapshot; one-source observations remain PROBABLE until independently cross-checked.
S1993,Wikipedia – WWF Junior Heavyweight Championship reign history,reference,https://en.wikipedia.org/wiki/WWF_Junior_Heavyweight_Championship,10,Wikipedia/reference,2026-09-28,Structured reign table snapshot; one-source observations remain PROBABLE until independently cross-checked.
S1994,Wikipedia – WWF North American Heavyweight Championship reign history,reference,https://en.wikipedia.org/wiki/WWF_North_American_Heavyweight_Championship,10,Wikipedia/reference,2026-09-28,Structured reign table snapshot; one-source observations remain PROBABLE until independently cross-checked.
S1995,Wikipedia – WWF World Martial Arts Heavyweight Championship reign history,reference,https://en.wikipedia.org/wiki/WWF_World_Martial_Arts_Heavyweight_Championship,10,Wikipedia/reference,2026-09-28,Structured reign table snapshot; one-source observations remain PROBABLE until independently cross-checked.
S1996,Wikipedia – WWWF United States Heavyweight Championship reign history,reference,https://en.wikipedia.org/wiki/WWWF_United_States_Heavyweight_Championship,10,Wikipedia/reference,2026-09-28,Structured reign table snapshot; one-source observations remain PROBABLE until independently cross-checked.
S1997,Wikipedia – WWE ID Championship reign history,reference,https://en.wikipedia.org/wiki/WWE_ID_Championship,10,Wikipedia/reference,2026-09-28,Structured reign table snapshot; one-source observations remain PROBABLE until independently cross-checked.
S1998,Wikipedia – WCW Light Heavyweight Championship reign history,reference,https://en.wikipedia.org/wiki/WCW_Light_Heavyweight_Championship,10,Wikipedia/reference,2026-09-28,Structured reign table snapshot; one-source observations remain PROBABLE until independently cross-checked.
S1999,Wikipedia – WCW Women's Championship reign history,reference,https://en.wikipedia.org/wiki/WCW_Women%27s_Championship,10,Wikipedia/reference,2026-09-28,Structured reign table snapshot; one-source observations remain PROBABLE until independently cross-checked.
S2000,Wikipedia – WCW Women's Cruiserweight Championship reign history,reference,https://en.wikipedia.org/wiki/WCW_Women%27s_Cruiserweight_Championship,10,Wikipedia/reference,2026-09-28,Structured reign table snapshot; one-source observations remain PROBABLE until independently cross-checked.
S2001,Wikipedia – NWA Western States Heritage Championship reign history,reference,https://en.wikipedia.org/wiki/NWA_Western_States_Heritage_Championship,10,Wikipedia/reference,2026-09-28,Structured reign table snapshot; one-source observations remain PROBABLE until independently cross-checked.
S2002,Wikipedia – ECW Maryland Championship reign history,reference,https://en.wikipedia.org/wiki/ECW_Maryland_Championship,10,Wikipedia/reference,2026-09-28,Structured reign table snapshot; one-source observations remain PROBABLE until independently cross-checked.
S2003,Wikipedia – ECW Pennsylvania Championship reign history,reference,https://en.wikipedia.org/wiki/ECW_Pennsylvania_Championship,10,Wikipedia/reference,2026-09-28,Structured reign table snapshot; one-source observations remain PROBABLE until independently cross-checked.
S2004,Wikipedia – FTW Championship reign history,reference,https://en.wikipedia.org/wiki/FTW_Championship,10,Wikipedia/reference,2026-09-28,Structured reign table snapshot; one-source observations remain PROBABLE until independently cross-checked.
S2005,Wikipedia – Impact Grand Championship reign history,reference,https://en.wikipedia.org/wiki/Impact_Grand_Championship,10,Wikipedia/reference,2026-09-28,Structured reign table snapshot; one-source observations remain PROBABLE until independently cross-checked.
S2006,Wikipedia – TNA International Championship reign history,reference,https://en.wikipedia.org/wiki/TNA_International_Championship,10,Wikipedia/reference,2026-09-28,Structured reign table snapshot; one-source observations remain PROBABLE until independently cross-checked.
S2007,Wikipedia – TNA Knockouts Television Championship reign history,reference,https://en.wikipedia.org/wiki/TNA_Knockouts_Television_Championship,10,Wikipedia/reference,2026-09-28,Structured reign table snapshot; one-source observations remain PROBABLE until independently cross-checked.
S2008,Wikipedia – TNA World Beer Drinking Championship reign history,reference,https://en.wikipedia.org/wiki/TNA_World_Beer_Drinking_Championship,10,Wikipedia/reference,2026-09-28,Structured reign table snapshot; one-source observations remain PROBABLE until independently cross-checked.
S2009,Wikipedia – TNA World Heavyweight Championship (2020–2021) reign history,reference,https://en.wikipedia.org/wiki/TNA_World_Heavyweight_Championship_(2020%E2%80%932021),10,Wikipedia/reference,2026-09-28,Structured reign table snapshot; one-source observations remain PROBABLE until independently cross-checked.
S2010,Wikipedia – Canadian International Heavyweight Championship reign history,reference,https://en.wikipedia.org/wiki/Canadian_International_Heavyweight_Championship,10,Wikipedia/reference,2026-09-28,Structured reign table snapshot; one-source observations remain PROBABLE until independently cross-checked.
S2011,Wikipedia – ROH Top of the Class Trophy Championship reign history,reference,https://en.wikipedia.org/wiki/ROH_Top_of_the_Class_Trophy_Championship,10,Wikipedia/reference,2026-09-28,Structured reign table snapshot; one-source observations remain PROBABLE until independently cross-checked.
S2012,Wikipedia – Women of Honor World Championship reign history,reference,https://en.wikipedia.org/wiki/Women_of_Honor_World_Championship,10,Wikipedia/reference,2026-09-28,Structured reign table snapshot; one-source observations remain PROBABLE until independently cross-checked.
S2013,Wikipedia – Asia Heavyweight Championship reign history,reference,https://en.wikipedia.org/wiki/Asia_Heavyweight_Championship,10,Wikipedia/reference,2026-09-28,Structured reign table snapshot; one-source observations remain PROBABLE until independently cross-checked.
S2014,Wikipedia – Asia Tag Team Championship reign history,reference,https://en.wikipedia.org/wiki/Asia_Tag_Team_Championship,10,Wikipedia/reference,2026-09-28,Structured reign table snapshot; one-source observations remain PROBABLE until independently cross-checked.
S2015,Wikipedia – Greatest 18 Club Championship reign history,reference,https://en.wikipedia.org/wiki/Greatest_18_Club_Championship,10,Wikipedia/reference,2026-09-28,Structured reign table snapshot; one-source observations remain PROBABLE until independently cross-checked.
S2016,Wikipedia – IWGP Heavyweight Championship (IGF) reign history,reference,https://en.wikipedia.org/wiki/IWGP_Heavyweight_Championship_(IGF),10,Wikipedia/reference,2026-09-28,Structured reign table snapshot; one-source observations remain PROBABLE until independently cross-checked.
S2017,Wikipedia – IWGP Heavyweight Championship (original version) reign history,reference,https://en.wikipedia.org/wiki/IWGP_Heavyweight_Championship_(original_version),10,Wikipedia/reference,2026-09-28,Structured reign table snapshot; one-source observations remain PROBABLE until independently cross-checked.
S2018,Wikipedia – IWGP U-30 Openweight Championship reign history,reference,https://en.wikipedia.org/wiki/IWGP_U-30_Openweight_Championship,10,Wikipedia/reference,2026-09-28,Structured reign table snapshot; one-source observations remain PROBABLE until independently cross-checked.
S2019,Wikipedia – J-Crown reign history,reference,https://en.wikipedia.org/wiki/J-Crown,10,Wikipedia/reference,2026-09-28,Structured reign table snapshot; one-source observations remain PROBABLE until independently cross-checked.
S2020,Wikipedia – NWF Heavyweight Championship reign history,reference,https://en.wikipedia.org/wiki/NWF_Heavyweight_Championship,10,Wikipedia/reference,2026-09-28,Structured reign table snapshot; one-source observations remain PROBABLE until independently cross-checked.
S2021,Wikipedia – NWF North American Heavyweight Championship reign history,reference,https://en.wikipedia.org/wiki/NWF_North_American_Heavyweight_Championship,10,Wikipedia/reference,2026-09-28,Structured reign table snapshot; one-source observations remain PROBABLE until independently cross-checked.
S2022,Wikipedia – Real World Championship reign history,reference,https://en.wikipedia.org/wiki/Real_World_Championship,10,Wikipedia/reference,2026-09-28,Structured reign table snapshot; one-source observations remain PROBABLE until independently cross-checked.
S2023,Wikipedia – AWA America's Championship reign history,reference,https://en.wikipedia.org/wiki/AWA_America%27s_Championship,10,Wikipedia/reference,2026-09-28,Structured reign table snapshot; one-source observations remain PROBABLE until independently cross-checked.
S2024,Wikipedia – AWA Brass Knuckles Championship reign history,reference,https://en.wikipedia.org/wiki/AWA_Brass_Knuckles_Championship,10,Wikipedia/reference,2026-09-28,Structured reign table snapshot; one-source observations remain PROBABLE until independently cross-checked.
S2025,Wikipedia – AWA British Empire Heavyweight Championship reign history,reference,https://en.wikipedia.org/wiki/AWA_British_Empire_Heavyweight_Championship,10,Wikipedia/reference,2026-09-28,Structured reign table snapshot; one-source observations remain PROBABLE until independently cross-checked.
S2026,Wikipedia – AWA International Heavyweight Championship reign history,reference,https://en.wikipedia.org/wiki/AWA_International_Heavyweight_Championship,10,Wikipedia/reference,2026-09-28,Structured reign table snapshot; one-source observations remain PROBABLE until independently cross-checked.
S2027,Wikipedia – AWA Midwest Heavyweight Championship reign history,reference,https://en.wikipedia.org/wiki/AWA_Midwest_Heavyweight_Championship,10,Wikipedia/reference,2026-09-28,Structured reign table snapshot; one-source observations remain PROBABLE until independently cross-checked.
S2028,Wikipedia – AWA Midwest Tag Team Championship reign history,reference,https://en.wikipedia.org/wiki/AWA_Midwest_Tag_Team_Championship,10,Wikipedia/reference,2026-09-28,Structured reign table snapshot; one-source observations remain PROBABLE until independently cross-checked.
S2029,Wikipedia – AWA Southern Heavyweight Championship reign history,reference,https://en.wikipedia.org/wiki/AWA_Southern_Heavyweight_Championship,10,Wikipedia/reference,2026-09-28,Structured reign table snapshot; one-source observations remain PROBABLE until independently cross-checked.
S2030,Wikipedia – AWA Southern Tag Team Championship reign history,reference,https://en.wikipedia.org/wiki/AWA_Southern_Tag_Team_Championship,10,Wikipedia/reference,2026-09-28,Structured reign table snapshot; one-source observations remain PROBABLE until independently cross-checked.
S2031,Wikipedia – AWA United States Heavyweight Championship reign history,reference,https://en.wikipedia.org/wiki/AWA_United_States_Heavyweight_Championship,10,Wikipedia/reference,2026-09-28,Structured reign table snapshot; one-source observations remain PROBABLE until independently cross-checked.
S2032,Wikipedia – CWA/AWA International Tag Team Championship reign history,reference,https://en.wikipedia.org/wiki/CWA%2FAWA_International_Tag_Team_Championship,10,Wikipedia/reference,2026-09-28,Structured reign table snapshot; one-source observations remain PROBABLE until independently cross-checked.
S2033,Wikipedia – World Heavyweight Championship (Omaha) reign history,reference,https://en.wikipedia.org/wiki/World_Heavyweight_Championship_(Omaha),10,Wikipedia/reference,2026-09-28,Structured reign table snapshot; one-source observations remain PROBABLE until independently cross-checked.
S2034,Wikipedia – NWA Mid-America Heavyweight Championship reign history,reference,https://en.wikipedia.org/wiki/NWA_Mid-America_Heavyweight_Championship,10,Wikipedia/reference,2026-09-28,Structured reign table snapshot; one-source observations remain PROBABLE until independently cross-checked.
S2035,Wikipedia – NWA United States Tag Team Championship reign history,reference,https://en.wikipedia.org/wiki/NWA_United_States_Tag_Team_Championship_(Lightning_One_version),10,Wikipedia/reference,2026-09-28,Structured reign table snapshot; one-source observations remain PROBABLE until independently cross-checked.
S2036,Wikipedia – British Commonwealth Junior Heavyweight Championship reign history,reference,https://en.wikipedia.org/wiki/British_Commonwealth_Junior_Heavyweight_Championship,10,Wikipedia/reference,2026-09-28,Structured reign table snapshot; one-source observations remain PROBABLE until independently cross-checked.
S2037,Wikipedia – NWA International Junior Heavyweight Championship reign history,reference,https://en.wikipedia.org/wiki/NWA_International_Junior_Heavyweight_Championship,10,Wikipedia/reference,2026-09-28,Structured reign table snapshot; one-source observations remain PROBABLE until independently cross-checked.
S2038,Wikipedia – NWA North American Tag Team Championship (Los Angeles/Japan) reign history,reference,https://en.wikipedia.org/wiki/NWA_North_American_Tag_Team_Championship_(Los_Angeles%2FJapan_version),10,Wikipedia/reference,2026-09-28,Structured reign table snapshot; one-source observations remain PROBABLE until independently cross-checked.
S2039,Wikipedia – NWA World Welterweight Championship reign history,reference,https://en.wikipedia.org/wiki/NWA_World_Welterweight_Championship,10,Wikipedia/reference,2026-09-28,Structured reign table snapshot; one-source observations remain PROBABLE until independently cross-checked.
S2040,Wikipedia – UWA World Junior Light Heavyweight Championship reign history,reference,https://en.wikipedia.org/wiki/UWA_World_Junior_Light_Heavyweight_Championship,10,Wikipedia/reference,2026-09-28,Structured reign table snapshot; one-source observations remain PROBABLE until independently cross-checked.
S2041,Wikipedia – WWF International Tag Team Championship reign history,reference,https://en.wikipedia.org/wiki/WWF_International_Tag_Team_Championship,10,Wikipedia/reference,2026-09-28,Structured reign table snapshot; one-source observations remain PROBABLE until independently cross-checked.
S2042,Wikipedia – NWA World Six-Man Tag Team Championship reign history,reference,https://en.wikipedia.org/wiki/NWA_World_Six-Man_Tag_Team_Championship,10,Wikipedia/reference,2026-09-28,Structured reign table snapshot; one-source observations remain PROBABLE until independently cross-checked.
S2043,Wikipedia – NWA United States Television Championship reign history,reference,https://en.wikipedia.org/wiki/NWA_United_States_Television_Championship,10,Wikipedia/reference,2026-09-28,Structured reign table snapshot; one-source observations remain PROBABLE until independently cross-checked.
S2044,Wikipedia – NWA World Tag Team Championship (Minneapolis) reign history,reference,https://en.wikipedia.org/wiki/NWA_World_Tag_Team_Championship_(Minneapolis_version),10,Wikipedia/reference,2026-09-28,Structured reign table snapshot; one-source observations remain PROBABLE until independently cross-checked.
S2045,Wikipedia – WWWF United States Tag Team Championship reign history,reference,https://en.wikipedia.org/wiki/WWWF_United_States_Tag_Team_Championship,10,Wikipedia/reference,2026-09-28,Structured reign table snapshot; one-source observations remain PROBABLE until independently cross-checked.
S2046,Wikipedia – AJPW TV Six-Man Tag Team Championship reign history,reference,https://en.wikipedia.org/wiki/AJPW_TV_Six-Man_Tag_Team_Championship,10,Wikipedia/reference,2026-09-28,Structured reign table snapshot; one-source observations remain PROBABLE until independently cross-checked.
S2047,Wikipedia – All Asia Heavyweight Championship reign history,reference,https://en.wikipedia.org/wiki/All_Asia_Heavyweight_Championship,10,Wikipedia/reference,2026-09-28,Structured reign table snapshot; one-source observations remain PROBABLE until independently cross-checked.
S2048,Wikipedia – All Asia Tag Team Championship reign history,reference,https://en.wikipedia.org/wiki/All_Asia_Tag_Team_Championship,10,Wikipedia/reference,2026-09-28,Structured reign table snapshot; one-source observations remain PROBABLE until independently cross-checked.
S2049,Wikipedia – F-1 Tag Team Championship reign history,reference,https://en.wikipedia.org/wiki/F-1_Tag_Team_Championship,10,Wikipedia/reference,2026-09-28,Structured reign table snapshot; one-source observations remain PROBABLE until independently cross-checked.
S2050,Wikipedia – Gaora TV Championship reign history,reference,https://en.wikipedia.org/wiki/Gaora_TV_Championship,10,Wikipedia/reference,2026-09-28,Structured reign table snapshot; one-source observations remain PROBABLE until independently cross-checked.
S2051,Wikipedia – NWA International Tag Team Championship reign history,reference,https://en.wikipedia.org/wiki/NWA_International_Tag_Team_Championship,10,Wikipedia/reference,2026-09-28,Structured reign table snapshot; one-source observations remain PROBABLE until independently cross-checked.
S2052,Wikipedia – Triple Crown Heavyweight Championship reign history,reference,https://en.wikipedia.org/wiki/Triple_Crown_Heavyweight_Championship,10,Wikipedia/reference,2026-09-28,Structured reign table snapshot; one-source observations remain PROBABLE until independently cross-checked.
S2053,Wikipedia – World Junior Heavyweight Championship reign history,reference,https://en.wikipedia.org/wiki/World_Junior_Heavyweight_Championship_(AJPW),10,Wikipedia/reference,2026-09-28,Structured reign table snapshot; one-source observations remain PROBABLE until independently cross-checked.
S2054,Wikipedia – World Tag Team Championship reign history,reference,https://en.wikipedia.org/wiki/World_Tag_Team_Championship_(AJPW),10,Wikipedia/reference,2026-09-28,Structured reign table snapshot; one-source observations remain PROBABLE until independently cross-checked.
S2055,Wikipedia – GHC Heavyweight Championship reign history,reference,https://en.wikipedia.org/wiki/GHC_Heavyweight_Championship,10,Wikipedia/reference,2026-09-28,Structured reign table snapshot; one-source observations remain PROBABLE until independently cross-checked.
S2056,Wikipedia – GHC Junior Heavyweight Championship reign history,reference,https://en.wikipedia.org/wiki/GHC_Junior_Heavyweight_Championship,10,Wikipedia/reference,2026-09-28,Structured reign table snapshot; one-source observations remain PROBABLE until independently cross-checked.
S2057,Wikipedia – GHC Junior Heavyweight Tag Team Championship reign history,reference,https://en.wikipedia.org/wiki/GHC_Junior_Heavyweight_Tag_Team_Championship,10,Wikipedia/reference,2026-09-28,Structured reign table snapshot; one-source observations remain PROBABLE until independently cross-checked.
S2058,Wikipedia – GHC National Championship reign history,reference,https://en.wikipedia.org/wiki/GHC_National_Championship,10,Wikipedia/reference,2026-09-28,Structured reign table snapshot; one-source observations remain PROBABLE until independently cross-checked.
S2059,Wikipedia – GHC Openweight Hardcore Championship reign history,reference,https://en.wikipedia.org/wiki/GHC_Openweight_Hardcore_Championship,10,Wikipedia/reference,2026-09-28,Structured reign table snapshot; one-source observations remain PROBABLE until independently cross-checked.
S2060,Wikipedia – GHC Tag Team Championship reign history,reference,https://en.wikipedia.org/wiki/GHC_Tag_Team_Championship,10,Wikipedia/reference,2026-09-28,Structured reign table snapshot; one-source observations remain PROBABLE until independently cross-checked.
S2061,Wikipedia – GHC Women's Championship reign history,reference,https://en.wikipedia.org/wiki/GHC_Women%27s_Championship,10,Wikipedia/reference,2026-09-28,Structured reign table snapshot; one-source observations remain PROBABLE until independently cross-checked.
S2062,Wikipedia – Artist of Stardom Championship reign history,reference,https://en.wikipedia.org/wiki/Artist_of_Stardom_Championship,10,Wikipedia/reference,2026-09-28,Structured reign table snapshot; one-source observations remain PROBABLE until independently cross-checked.
S2063,Wikipedia – Future of Stardom Championship reign history,reference,https://en.wikipedia.org/wiki/Future_of_Stardom_Championship,10,Wikipedia/reference,2026-09-28,Structured reign table snapshot; one-source observations remain PROBABLE until independently cross-checked.
S2064,Wikipedia – Goddesses of Stardom Championship reign history,reference,https://en.wikipedia.org/wiki/Goddesses_of_Stardom_Championship,10,Wikipedia/reference,2026-09-28,Structured reign table snapshot; one-source observations remain PROBABLE until independently cross-checked.
S2065,Wikipedia – High Speed Championship reign history,reference,https://en.wikipedia.org/wiki/High_Speed_Championship,10,Wikipedia/reference,2026-09-28,Structured reign table snapshot; one-source observations remain PROBABLE until independently cross-checked.
S2066,Wikipedia – New Blood Tag Team Championship reign history,reference,https://en.wikipedia.org/wiki/New_Blood_Tag_Team_Championship,10,Wikipedia/reference,2026-09-28,Structured reign table snapshot; one-source observations remain PROBABLE until independently cross-checked.
S2067,Wikipedia – SWA World Championship reign history,reference,https://en.wikipedia.org/wiki/SWA_World_Championship,10,Wikipedia/reference,2026-09-28,Structured reign table snapshot; one-source observations remain PROBABLE until independently cross-checked.
S2068,Wikipedia – Wonder of Stardom Championship reign history,reference,https://en.wikipedia.org/wiki/Wonder_of_Stardom_Championship,10,Wikipedia/reference,2026-09-28,Structured reign table snapshot; one-source observations remain PROBABLE until independently cross-checked.
S2069,Wikipedia – World of Stardom Championship reign history,reference,https://en.wikipedia.org/wiki/World_of_Stardom_Championship,10,Wikipedia/reference,2026-09-28,Structured reign table snapshot; one-source observations remain PROBABLE until independently cross-checked.
S2070,Wikipedia – AAA Americas Heavyweight Championship reign history,reference,https://en.wikipedia.org/wiki/AAA_Americas_Heavyweight_Championship,10,Wikipedia/reference,2026-09-28,Structured reign table snapshot; one-source observations remain PROBABLE until independently cross-checked.
S2071,Wikipedia – AAA Americas Trios Championship reign history,reference,https://en.wikipedia.org/wiki/AAA_Americas_Trios_Championship,10,Wikipedia/reference,2026-09-28,Structured reign table snapshot; one-source observations remain PROBABLE until independently cross-checked.
S2072,Wikipedia – AAA Campeón de Campeones Championship reign history,reference,https://en.wikipedia.org/wiki/AAA_Campe%C3%B3n_de_Campeones_Championship,10,Wikipedia/reference,2026-09-28,Structured reign table snapshot; one-source observations remain PROBABLE until independently cross-checked.
S2073,Wikipedia – AAA Fusión Championship reign history,reference,https://en.wikipedia.org/wiki/AAA_Fusi%C3%B3n_Championship,10,Wikipedia/reference,2026-09-28,Structured reign table snapshot; one-source observations remain PROBABLE until independently cross-checked.
S2074,Wikipedia – AAA Latin American Championship reign history,reference,https://en.wikipedia.org/wiki/AAA_Latin_American_Championship,10,Wikipedia/reference,2026-09-28,Structured reign table snapshot; one-source observations remain PROBABLE until independently cross-checked.
S2075,Wikipedia – AAA Mascot Tag Team Championship reign history,reference,https://en.wikipedia.org/wiki/AAA_Mascot_Tag_Team_Championship,10,Wikipedia/reference,2026-09-28,Structured reign table snapshot; one-source observations remain PROBABLE until independently cross-checked.
S2076,Wikipedia – AAA Mega Championship reign history,reference,https://en.wikipedia.org/wiki/AAA_Mega_Championship,10,Wikipedia/reference,2026-09-28,Structured reign table snapshot; one-source observations remain PROBABLE until independently cross-checked.
S2077,Wikipedia – AAA Northern Tag Team Championship reign history,reference,https://en.wikipedia.org/wiki/AAA_Northern_Tag_Team_Championship,10,Wikipedia/reference,2026-09-28,Structured reign table snapshot; one-source observations remain PROBABLE until independently cross-checked.
S2078,Wikipedia – AAA Reina de Reinas Championship reign history,reference,https://en.wikipedia.org/wiki/AAA_Reina_de_Reinas_Championship,10,Wikipedia/reference,2026-09-28,Structured reign table snapshot; one-source observations remain PROBABLE until independently cross-checked.
S2079,Wikipedia – AAA World Cruiserweight Championship reign history,reference,https://en.wikipedia.org/wiki/AAA_World_Cruiserweight_Championship,10,Wikipedia/reference,2026-09-28,Structured reign table snapshot; one-source observations remain PROBABLE until independently cross-checked.
S2080,Wikipedia – AAA World Mini-Estrella Championship reign history,reference,https://en.wikipedia.org/wiki/AAA_World_Mini-Estrella_Championship,10,Wikipedia/reference,2026-09-28,Structured reign table snapshot; one-source observations remain PROBABLE until independently cross-checked.
S2081,Wikipedia – AAA World Mixed Tag Team Championship reign history,reference,https://en.wikipedia.org/wiki/AAA_World_Mixed_Tag_Team_Championship,10,Wikipedia/reference,2026-09-28,Structured reign table snapshot; one-source observations remain PROBABLE until independently cross-checked.
S2082,Wikipedia – AAA World Tag Team Championship reign history,reference,https://en.wikipedia.org/wiki/AAA_World_Tag_Team_Championship,10,Wikipedia/reference,2026-09-28,Structured reign table snapshot; one-source observations remain PROBABLE until independently cross-checked.
S2083,Wikipedia – AAA World Trios Championship reign history,reference,https://en.wikipedia.org/wiki/AAA_World_Trios_Championship,10,Wikipedia/reference,2026-09-28,Structured reign table snapshot; one-source observations remain PROBABLE until independently cross-checked.
S2084,Wikipedia – IWC World Heavyweight Championship reign history,reference,https://en.wikipedia.org/wiki/IWC_World_Heavyweight_Championship,10,Wikipedia/reference,2026-09-28,Structured reign table snapshot; one-source observations remain PROBABLE until independently cross-checked.
S2085,Wikipedia – Mexican National Atómicos Championship reign history,reference,https://en.wikipedia.org/wiki/Mexican_National_At%C3%B3micos_Championship,10,Wikipedia/reference,2026-09-28,Structured reign table snapshot; one-source observations remain PROBABLE until independently cross-checked.
S2086,Wikipedia – Mexican National Heavyweight Championship reign history,reference,https://en.wikipedia.org/wiki/Mexican_National_Heavyweight_Championship,10,Wikipedia/reference,2026-09-28,Structured reign table snapshot; one-source observations remain PROBABLE until independently cross-checked.
S2087,Wikipedia – Mexican National Middleweight Championship reign history,reference,https://en.wikipedia.org/wiki/Mexican_National_Middleweight_Championship,10,Wikipedia/reference,2026-09-28,Structured reign table snapshot; one-source observations remain PROBABLE until independently cross-checked.
S2088,Wikipedia – Mexican National Mini-Estrella Championship reign history,reference,https://en.wikipedia.org/wiki/Mexican_National_Mini-Estrella_Championship,10,Wikipedia/reference,2026-09-28,Structured reign table snapshot; one-source observations remain PROBABLE until independently cross-checked.
S2089,Wikipedia – Mexican National Tag Team Championship reign history,reference,https://en.wikipedia.org/wiki/Mexican_National_Tag_Team_Championship,10,Wikipedia/reference,2026-09-28,Structured reign table snapshot; one-source observations remain PROBABLE until independently cross-checked.
S2090,Wikipedia – Mexican National Women's Championship reign history,reference,https://en.wikipedia.org/wiki/Mexican_National_Women%27s_Championship,10,Wikipedia/reference,2026-09-28,Structured reign table snapshot; one-source observations remain PROBABLE until independently cross-checked.
S2091,Wikipedia – UWA World Light Heavyweight Championship reign history,reference,https://en.wikipedia.org/wiki/UWA_World_Light_Heavyweight_Championship,10,Wikipedia/reference,2026-09-28,Structured reign table snapshot; one-source observations remain PROBABLE until independently cross-checked.
S2092,Wikipedia – CMLL Arena Coliseo Tag Team Championship reign history,reference,https://en.wikipedia.org/wiki/CMLL_Arena_Coliseo_Tag_Team_Championship,10,Wikipedia/reference,2026-09-28,Structured reign table snapshot; one-source observations remain PROBABLE until independently cross-checked.
S2093,Wikipedia – CMLL Japan Women's Championship reign history,reference,https://en.wikipedia.org/wiki/CMLL_Japan_Women%27s_Championship,10,Wikipedia/reference,2026-09-28,Structured reign table snapshot; one-source observations remain PROBABLE until independently cross-checked.
S2094,Wikipedia – CMLL World Lightweight Championship reign history,reference,https://en.wikipedia.org/wiki/CMLL_World_Lightweight_Championship,10,Wikipedia/reference,2026-09-28,Structured reign table snapshot; one-source observations remain PROBABLE until independently cross-checked.
S2095,Wikipedia – CMLL World Micro-Estrellas Championship reign history,reference,https://en.wikipedia.org/wiki/CMLL_World_Micro-Estrellas_Championship,10,Wikipedia/reference,2026-09-28,Structured reign table snapshot; one-source observations remain PROBABLE until independently cross-checked.
S2096,Wikipedia – CMLL World Mini-Estrellas Championship reign history,reference,https://en.wikipedia.org/wiki/CMLL_World_Mini-Estrellas_Championship,10,Wikipedia/reference,2026-09-28,Structured reign table snapshot; one-source observations remain PROBABLE until independently cross-checked.
S2097,Wikipedia – CMLL World Women's Championship reign history,reference,https://en.wikipedia.org/wiki/CMLL_World_Women%27s_Championship,10,Wikipedia/reference,2026-09-28,Structured reign table snapshot; one-source observations remain PROBABLE until independently cross-checked.
S2098,Wikipedia – CMLL World Women's Tag Team Championship reign history,reference,https://en.wikipedia.org/wiki/CMLL_World_Women%27s_Tag_Team_Championship,10,Wikipedia/reference,2026-09-28,Structured reign table snapshot; one-source observations remain PROBABLE until independently cross-checked.
S2099,Wikipedia – CMLL-Reina International Championship reign history,reference,https://en.wikipedia.org/wiki/CMLL-Reina_International_Championship,10,Wikipedia/reference,2026-09-28,Structured reign table snapshot; one-source observations remain PROBABLE until independently cross-checked.
S2100,Wikipedia – CMLL-Reina International Junior Championship reign history,reference,https://en.wikipedia.org/wiki/CMLL-Reina_International_Junior_Championship,10,Wikipedia/reference,2026-09-28,Structured reign table snapshot; one-source observations remain PROBABLE until independently cross-checked.
S2101,Wikipedia – LLA Azteca Championship reign history,reference,https://en.wikipedia.org/wiki/LLA_Azteca_Championship,10,Wikipedia/reference,2026-09-28,Structured reign table snapshot; one-source observations remain PROBABLE until independently cross-checked.
S2102,Wikipedia – Mexican National Lightweight Championship reign history,reference,https://en.wikipedia.org/wiki/Mexican_National_Lightweight_Championship,10,Wikipedia/reference,2026-09-28,Structured reign table snapshot; one-source observations remain PROBABLE until independently cross-checked.
S2103,Wikipedia – Mexican National Welterweight Championship reign history,reference,https://en.wikipedia.org/wiki/Mexican_National_Welterweight_Championship,10,Wikipedia/reference,2026-09-28,Structured reign table snapshot; one-source observations remain PROBABLE until independently cross-checked.
S2104,Wikipedia – NWA World Historic Light Heavyweight Championship reign history,reference,https://en.wikipedia.org/wiki/NWA_World_Historic_Light_Heavyweight_Championship,10,Wikipedia/reference,2026-09-28,Structured reign table snapshot; one-source observations remain PROBABLE until independently cross-checked.
S2105,Wikipedia – NWA World Historic Middleweight Championship reign history,reference,https://en.wikipedia.org/wiki/NWA_World_Historic_Middleweight_Championship,10,Wikipedia/reference,2026-09-28,Structured reign table snapshot; one-source observations remain PROBABLE until independently cross-checked.
S2106,Wikipedia – NWA World Historic Welterweight Championship reign history,reference,https://en.wikipedia.org/wiki/NWA_World_Historic_Welterweight_Championship,10,Wikipedia/reference,2026-09-28,Structured reign table snapshot; one-source observations remain PROBABLE until independently cross-checked.
S2107,Wikipedia – NWA World Light Heavyweight Championship reign history,reference,https://en.wikipedia.org/wiki/NWA_World_Light_Heavyweight_Championship,10,Wikipedia/reference,2026-09-28,Structured reign table snapshot; one-source observations remain PROBABLE until independently cross-checked.
S2108,Wikipedia – NWA World Middleweight Championship reign history,reference,https://en.wikipedia.org/wiki/NWA_World_Middleweight_Championship,10,Wikipedia/reference,2026-09-28,Structured reign table snapshot; one-source observations remain PROBABLE until independently cross-checked.
S2109,Wikipedia – Occidente Heavyweight Championship reign history,reference,https://en.wikipedia.org/wiki/Occidente_Heavyweight_Championship,10,Wikipedia/reference,2026-09-28,Structured reign table snapshot; one-source observations remain PROBABLE until independently cross-checked.
S2110,Wikipedia – Occidente Women's Tag Team Championship reign history,reference,https://en.wikipedia.org/wiki/Occidente_Women%27s_Tag_Team_Championship,10,Wikipedia/reference,2026-09-28,Structured reign table snapshot; one-source observations remain PROBABLE until independently cross-checked.
S2111,Wikipedia – Reina World Tag Team Championship reign history,reference,https://en.wikipedia.org/wiki/Reina_World_Tag_Team_Championship,10,Wikipedia/reference,2026-09-28,Structured reign table snapshot; one-source observations remain PROBABLE until independently cross-checked.
S2112,Wikipedia – IWA Puerto Rico/Caribbean Heavyweight Championship reign history,reference,https://en.wikipedia.org/wiki/IWA_Puerto_Rico%2FCaribbean_Heavyweight_Championship,10,Wikipedia/reference,2026-09-28,Structured reign table snapshot; one-source observations remain PROBABLE until independently cross-checked.
S2113,Wikipedia – MLW World Junior Heavyweight Championship reign history,reference,https://en.wikipedia.org/wiki/MLW_World_Junior_Heavyweight_Championship,10,Wikipedia/reference,2026-09-28,Structured reign table snapshot; one-source observations remain PROBABLE until independently cross-checked.
S2114,Wikipedia – MLW World Middleweight Championship reign history,reference,https://en.wikipedia.org/wiki/MLW_World_Middleweight_Championship,10,Wikipedia/reference,2026-09-28,Structured reign table snapshot; one-source observations remain PROBABLE until independently cross-checked.
S2115,Wikipedia – MLW Southern Crown Championship reign history,reference,https://en.wikipedia.org/wiki/MLW_Southern_Crown_Championship,10,Wikipedia/reference,2026-09-28,Structured reign table snapshot; one-source observations remain PROBABLE until independently cross-checked.
S2116,Wikipedia – MLW National Openweight Championship reign history,reference,https://en.wikipedia.org/wiki/MLW_National_Openweight_Championship,10,Wikipedia/reference,2026-09-28,Structured reign table snapshot; one-source observations remain PROBABLE until independently cross-checked.
S2117,Wikipedia – MLW World Women's Featherweight Championship reign history,reference,https://en.wikipedia.org/wiki/MLW_World_Women%27s_Featherweight_Championship,10,Wikipedia/reference,2026-09-28,Structured reign table snapshot; one-source observations remain PROBABLE until independently cross-checked.
S2118,Wikipedia – MLW World Heavyweight Championship reign history,reference,https://en.wikipedia.org/wiki/MLW_World_Heavyweight_Championship,10,Wikipedia/reference,2026-09-28,Structured reign table snapshot; one-source observations remain PROBABLE until independently cross-checked.
S2119,Wikipedia – Lucha Underground Championship reign history,reference,https://en.wikipedia.org/wiki/Lucha_Underground_Championship,10,Wikipedia/reference,2026-09-28,Structured reign table snapshot; one-source observations remain PROBABLE until independently cross-checked.
S2120,Wikipedia – Lucha Underground Gift of the Gods Championship reign history,reference,https://en.wikipedia.org/wiki/Lucha_Underground_Gift_of_the_Gods_Championship,10,Wikipedia/reference,2026-09-28,Structured reign table snapshot; one-source observations remain PROBABLE until independently cross-checked.
S2121,Wikipedia – Lucha Underground Trios Championship reign history,reference,https://en.wikipedia.org/wiki/Lucha_Underground_Trios_Championship,10,Wikipedia/reference,2026-09-28,Structured reign table snapshot; one-source observations remain PROBABLE until independently cross-checked.
S2122,Wikipedia – NWA International Heavyweight Championship reign history,reference,https://en.wikipedia.org/wiki/NWA_International_Heavyweight_Championship,10,Wikipedia/reference,2026-09-28,Structured reign table snapshot; one-source observations remain PROBABLE until independently cross-checked.
S2123,Wikipedia – NWA United National Championship reign history,reference,https://en.wikipedia.org/wiki/NWA_United_National_Championship,10,Wikipedia/reference,2026-09-28,Structured reign table snapshot; one-source observations remain PROBABLE until independently cross-checked.
S2124,Wikipedia – PWF United States Heavyweight Championship reign history,reference,https://en.wikipedia.org/wiki/PWF_United_States_Heavyweight_Championship,10,Wikipedia/reference,2026-09-28,Structured reign table snapshot; one-source observations remain PROBABLE until independently cross-checked.
S2125,Wikipedia – PWF World Heavyweight Championship reign history,reference,https://en.wikipedia.org/wiki/PWF_World_Heavyweight_Championship,10,Wikipedia/reference,2026-09-28,Structured reign table snapshot; one-source observations remain PROBABLE until independently cross-checked.
S2126,Wikipedia – GHC 200 Championship reign history,reference,https://en.wikipedia.org/wiki/GHC_200_Championship,10,Wikipedia/reference,2026-09-28,Structured reign table snapshot; one-source observations remain PROBABLE until independently cross-checked.
S2127,Wikipedia – World Tag Team Championship (1971–2010) reign history,reference,"https://en.wikipedia.org/wiki/List_of_World_Tag_Team_Champions_(WWE,_1971%E2%80%932010)",10,Wikipedia/reference,2026-09-29,Structured reign table snapshot; one-source observations remain PROBABLE until independently cross-checked.
S2128,Wikipedia profile: Bryan Clark / Adam Bomb / Wrath,reference,https://en.wikipedia.org/wiki/Bryan_Clark,10,Wikipedia/reference,2026-09-29,Identity source connecting Bryan Clark's Adam Bomb and Wrath ring names and KroniK title history.
S2129,Wikipedia – WWF Women's Tag Team Championship (1983–1989) reign history,reference,https://en.wikipedia.org/wiki/WWF_Women%27s_Tag_Team_Championship,10,Wikipedia/reference,2026-09-29,Structured reign table snapshot; one-source observations remain PROBABLE until independently cross-checked.
S2130,Wikipedia – NXT Women's North American Championship reign history,reference,https://en.wikipedia.org/wiki/NXT_Women%27s_North_American_Championship,10,Wikipedia/reference,2026-09-29,Structured reign table snapshot; one-source observations remain PROBABLE until independently cross-checked.
S2131,Wikipedia – NXT Women's Tag Team Championship reign history,reference,https://en.wikipedia.org/wiki/NXT_Women%27s_Tag_Team_Championship,10,Wikipedia/reference,2026-09-29,Structured reign table snapshot; one-source observations remain PROBABLE until independently cross-checked.
S2132,Wikipedia – NXT Heritage Cup reign history,reference,https://en.wikipedia.org/wiki/NXT_Heritage_Cup,10,Wikipedia/reference,2026-09-29,Structured reign table snapshot; one-source observations remain PROBABLE until independently cross-checked.
S2133,Wikipedia profile: Steve Keirn / Skinner,reference,https://en.wikipedia.org/wiki/Steve_Keirn,10,Wikipedia/reference,2026-09-29,Identity source connecting Steve Keirn's Skinner and Doink presentations and championship history.
S2134,Wikipedia profile: Paul Diamond / Max Moon / Kato,reference,https://en.wikipedia.org/wiki/Paul_Diamond,10,Wikipedia/reference,2026-09-29,"Identity source connecting Thomas Boric's Paul Diamond, Kato and Max Moon ring names and AWA title history."
S2135,Wikipedia – WWC Universal Heavyweight Championship reign history,reference,https://en.wikipedia.org/wiki/List_of_WWC_Universal_Heavyweight_Champions,10,Wikipedia/reference,2026-09-29,Structured reign table snapshot; one-source observations remain PROBABLE until independently cross-checked.
S2136,Wikipedia – WWC Puerto Rico Championship reign history,reference,https://en.wikipedia.org/wiki/WWC_Puerto_Rico_Championship,10,Wikipedia/reference,2026-09-29,Structured reign table snapshot; one-source observations remain PROBABLE until independently cross-checked.
S2137,Wikipedia – WWC World Tag Team Championship reign history,reference,https://en.wikipedia.org/wiki/WWC_World_Tag_Team_Championship,10,Wikipedia/reference,2026-09-29,Structured reign table snapshot; one-source observations remain PROBABLE until independently cross-checked.
S2138,Wikipedia – WWC Caribbean Heavyweight Championship reign history,reference,https://en.wikipedia.org/wiki/WWC_Caribbean_Heavyweight_Championship,10,Wikipedia/reference,2026-09-29,Structured reign table snapshot; one-source observations remain PROBABLE until independently cross-checked.
S2139,Wikipedia – OVW Heavyweight Championship reign history,reference,https://en.wikipedia.org/wiki/OVW_Heavyweight_Championship,10,Wikipedia/reference,2026-09-29,Structured reign table snapshot; one-source observations remain PROBABLE until independently cross-checked.
S2140,Wikipedia – OVW Tag Team Championship reign history,reference,https://en.wikipedia.org/wiki/OVW_Tag_Team_Championship,10,Wikipedia/reference,2026-09-29,Structured reign table snapshot; one-source observations remain PROBABLE until independently cross-checked.
S2141,Wikipedia – OVW Women's Championship reign history,reference,https://en.wikipedia.org/wiki/OVW_Women%27s_Championship,10,Wikipedia/reference,2026-09-29,Structured reign table snapshot; one-source observations remain PROBABLE until independently cross-checked.
S2142,Wikipedia – OVW Television Championship reign history,reference,https://en.wikipedia.org/wiki/OVW_Television_Championship,10,Wikipedia/reference,2026-09-29,Structured reign table snapshot; one-source observations remain PROBABLE until independently cross-checked.
S2143,Wikipedia – FCW Florida Heavyweight Championship reign history,reference,https://en.wikipedia.org/wiki/FCW_Florida_Heavyweight_Championship,10,Wikipedia/reference,2026-09-29,Structured reign table snapshot; one-source observations remain PROBABLE until independently cross-checked.
S2144,Wikipedia – FCW Florida Tag Team Championship reign history,reference,https://en.wikipedia.org/wiki/FCW_Florida_Tag_Team_Championship,10,Wikipedia/reference,2026-09-29,Structured reign table snapshot; one-source observations remain PROBABLE until independently cross-checked.
S2145,Wikipedia – FCW Divas Championship reign history,reference,https://en.wikipedia.org/wiki/FCW_Divas_Championship,10,Wikipedia/reference,2026-09-29,Structured reign table snapshot; one-source observations remain PROBABLE until independently cross-checked.
S2146,Wikipedia – CMLL World Heavyweight Championship reign history,reference,https://en.wikipedia.org/wiki/List_of_CMLL_World_Heavyweight_Champions,10,Wikipedia/reference,2026-09-29,Structured reign table snapshot; one-source observations remain PROBABLE until independently cross-checked.
S2147,Wikipedia – CMLL World Middleweight Championship reign history,reference,https://en.wikipedia.org/wiki/List_of_CMLL_World_Middleweight_Champions,10,Wikipedia/reference,2026-09-29,Structured reign table snapshot; one-source observations remain PROBABLE until independently cross-checked.
S2148,Wikipedia – CMLL World Welterweight Championship reign history,reference,https://en.wikipedia.org/wiki/List_of_CMLL_World_Welterweight_Champions,10,Wikipedia/reference,2026-09-29,Structured reign table snapshot; one-source observations remain PROBABLE until independently cross-checked.
S2149,Wikipedia – CMLL World Tag Team Championship reign history,reference,https://en.wikipedia.org/wiki/List_of_CMLL_World_Tag_Team_Champions,10,Wikipedia/reference,2026-09-29,Structured reign table snapshot; one-source observations remain PROBABLE until independently cross-checked.
S2150,Wikipedia – CMLL World Trios Championship reign history,reference,https://en.wikipedia.org/wiki/List_of_CMLL_World_Trios_Champions,10,Wikipedia/reference,2026-09-29,Structured reign table snapshot; one-source observations remain PROBABLE until independently cross-checked.
S2151,Pro Wrestling Wiki (Fandom): Royal Rumble 1988,reference_site,https://prowrestling.fandom.com/wiki/Royal_Rumble_1988,10,Wikipedia/reference sites,2026-09-29,
S2152,"Cagematch: Statistikzentrale #51, ""The Royal Rumble Match: All-time facts and records""",database/column,https://www.cagematch.net/?id=555&nr=2598,4,Cagematch,2026-09-29,
S2153,Wikipedia: Bret Hart,reference_site,https://en.wikipedia.org/wiki/Bret_Hart,10,Wikipedia/reference sites,2026-09-29,
S2154,sources: Bleacher Report - Land of the Lost,"states Taka suffered ""a substantial concussion when his face bounced off the floor""",https://bleacherreport.com/articles/581430-land-of-the-lost-the-missing-royal-rumble-entrants,9,Contemporary wrestling publication,2026-09-29,
S2155,sources: Cultaholic - Entrants That Went Missing,states Gordy was released after working a few early-January house shows,https://www.cultaholic.com/posts/wwe-royal-rumble-entrants-that-went-missing,9,Contemporary wrestling publication,2026-09-29,
S2156,sources: Cultaholic - 10 Things We Learned From Royal Rumble 1996,states the shoulder-surgery arrangement and that Vader eliminated 4 opponents in ~12 minutes,https://cultaholic.com/posts/10-things-we-learned-from-wwe-royal-rumble-1996,9,Contemporary wrestling publication,2026-09-29,
S2157,sources: Fightful - Royal Rumble Stats And Facts,"states Lesnar was the youngest winner at 25, breaking Yokozuna's record of 26",https://www.fightful.com/wrestling/royal-rumble-stats-and-facts-hidden-rumbles-split-personalities-records-more/,9,Contemporary wrestling publication,2026-09-29,
S2158,sources: Enuffa - The History of WWE Royal Rumble (1996),states Michaels tied the 8-elimination record and became the 2nd back-to-back winner,https://www.enuffa.com/2020/01/the-history-of-wwe-royal-rumble-1996.html,9,Contemporary wrestling publication,2026-09-29,
S2159,sources: Fox Sports - WWE Royal Rumble Look Back: Stone Cold's controversial 1997 win,detailed account of the referees being distracted by Funk/Foley,https://www.foxsports.com/stories/wwe/wwe-royal-rumble-look-back-stone-cold-steve-austins-controversial-1997-win,9,Contemporary wrestling publication,2026-09-29,
S2160,sources: Wrestling Inc - 10 Times Royal Rumble Caused Controversy,"states ""The Rock's feet touched the floor first when eliminating Big Show, though he held the ropes""",https://www.wrestlinginc.com/1774022/times-wwe-royal-rumble-caused-controversy/,9,Contemporary wrestling publication,2026-09-29,
S2161,sources: TJR Wrestling - WWE Royal Rumble 1997 Review,gives both the announced and reported paid attendance figures and the discount-ticket detail,https://tjrwrestling.net/review/wwe-royal-rumble-1997-review/,9,Contemporary wrestling publication,2026-09-29,
S2162,sources: Cultaholic - 10 Things We Learned From Royal Rumble 1998,describes the casket-lid bump and resulting herniated/crushed discs,https://cultaholic.com/posts/10-things-we-learned-from-wwe-royal-rumble-1998,9,Contemporary wrestling publication,2026-09-29,
S2163,"sources: WWE.com - Los Boricuas mistake Skull for ""Stone Cold"" Steve Austin in backstage ambush",official WWE confirmation of the mistaken-identity ambush and that Skull never made the ring,https://www.wwe.com/videos/los-boricuas-mistake-skull-for-stone-cold-steve-austin-in-backstage-ambush-royal-rumble-1998,1,WWE / official sources,2026-09-29,
S2164,TheSportster - 10 Most Devastating Referee Bumps In WWE History,publication,https://www.thesportster.com/wrestling/wwe-devastating-referee-bumps/,9,Contemporary wrestling publication,2026-09-29,
S2165,"sources: WWE.com - ""The three faces of Foley enter the 1998 Royal Rumble Match""",official confirmation this happened at the 1998 event specifically,https://www.wwe.com/videos/the-three-faces-of-foley-enter-the-1998-royal-rumble-match,1,WWE / official sources,2026-09-29,
S2166,SportzWiki - Mick Foley Remembers Entering Royal Rumble 1998 Three Times,publication,https://sportzwiki.com/wwe/mick-foley-on-his-royal-rumble-1998-entries/,9,Contemporary wrestling publication,2026-09-29,
S2167,sources: TheSportster - 10 Things WWE Fans Should Know About Royal Rumble 1999,states this was the first Women's Title match at a Rumble show in 10 years,https://www.thesportster.com/wwe-royal-rumble-1999-facts-trivia-things-to-know/,9,Contemporary wrestling publication,2026-09-29,
S2168,PWTorch - Special Feature: Obscure Royal Rumble Facts,publication,https://www.pwtorch.com/site/2017/01/27/special-feature-obscure-royal-rumble-facts-statistics-trivia-oldest-winner-common-age-winners-birthdays-family-members/,9,Contemporary wrestling publication,2026-09-29,
S2169,sources: Fightful - No Chance In Hell: Revisiting the 1999 Royal Rumble,describes the Michaels ruling reversing McMahon's win,https://www.fightful.com/wrestling/no-chance-hell-revisiting-1999-royal-rumble/,9,Contemporary wrestling publication,2026-09-29,
S2170,sources: TJR Wrestling - WWE Royal Rumble 2000 Review,describes the referees missing X-Pac's elimination because they were watching the Outlaws/Kane,https://tjrwrestling.net/review/wwe-royal-rumble-2000-review/,9,Contemporary wrestling publication,2026-09-29,
S2171,sources: Bleacher Report - Death Match: Remembering the WWF's 2000 Royal Rumble,details the 8-entrant swap and names the swapped-out talent,https://bleacherreport.com/articles/1917723-death-match-remembering-the-wwfs-2000-royal-rumble,9,Contemporary wrestling publication,2026-09-29,
S2172,sources: Cultaholic - 10 Things We Learned From WWE Royal Rumble 2000,gives Test's 26:17 time and the no-30-minute-survivor claim,https://cultaholic.com/posts/10-things-we-learned-from-wwe-royal-rumble-2000,9,Contemporary wrestling publication,2026-09-29,
S2173,sources: TheSportster - Why Drew Carey's Cameo At The 2001 Royal Rumble Was Perfect,describes the McMahon/Carey/Stratus backstory and Carey's self-elimination,https://www.thesportster.com/wwe-why-drew-carey-cameo-at-2001-royal-rumble-was-perfect/,9,Contemporary wrestling publication,2026-09-29,
S2174,sources: Last Word on Sports - 20 Years Later: The 2001 Royal Rumble Match,states Haku's nine-year absence and brief run,https://lastwordonsports.com/prowrestling/2021/01/21/20-years-later-2001-royal-rumble-match/,9,Contemporary wrestling publication,2026-09-29,
S2175,sources: 411Mania - Triple H on Returning From Injury at Royal Rumble 2002,direct Triple H quote on the injury's severity and the significance of the win,https://411mania.com/wrestling/triple-h-returning-from-injury-royal-rumble-2002-favorite-rumble-moment/,9,Contemporary wrestling publication,2026-09-29,
S2176,Sportskeeda - The Night Triple H Burst Into Tears Backstage,publication,https://sportskeeda.com/wwe/the-night-triple-h-burst-tears-backstage,9,Contemporary wrestling publication,2026-09-29,
S2177,sources: The Wrestling Classic - Royal Rumble 2002 Review,"describes Maven's elimination of Undertaker and the ensuing backstage attack, popcorn machine included",https://thewrestlingclassic.com/royal-rumble-2002-review/,9,Contemporary wrestling publication,2026-09-29,
S2178,sources: TheSportster - 7 Things You Didn't Know About the 2002 Royal Rumble PPV,states Triple H's entrance ran 3 minutes 11 seconds and caused the late-match time crunch,https://www.thesportster.com/wwe-royal-rumble-2002-pay-per-view-trivia-facts/,9,Contemporary wrestling publication,2026-09-29,
S2179,sources: Steel Ring Post - Retro Pops & Botches: WWE Royal Rumble 2003,"independently describes the mistimed double dropkick and Edge landing torso-first on Nowinski's head, tying it to a career-ending concussion",https://steelringpost.com/2021/01/18/retro-pops-botches-wwe-royal-rumble-2003/,9,Contemporary wrestling publication,2026-09-29,
S2180,PWTorch - Edge was nearly forced to retire in 2003,publication,https://www.pwtorch.com/artman2/publish/WWE_News_3/article_49241.shtml,9,Contemporary wrestling publication,2026-09-29,
S2181,TheSportster - 5 Youngest Royal Rumble Match Winners,publication,https://www.thesportster.com/youngest-royal-rumble-match-winners-oldest/,9,Contemporary wrestling publication,2026-09-29,
S2182,"sources: Enuffa - The History of WWE Royal Rumble, Part 6 (2003)",describes the Christian/Jericho gear-swap angle and Jericho's 38:54 time,https://www.enuffa.com/2014/12/the-history-of-wwe-royal-rumble-part-6.html,9,Contemporary wrestling publication,2026-09-29,
S2183,TJR Wrestling — 2004 Review,publication,https://tjrwrestling.net/review/wwe-royal-rumble-2004-review/,9,Contemporary wrestling publication,2026-09-29,
S2184,WWE.com (Spike Dudley/Kane clip),official,https://www.wwe.com/videos/spike-dudley-gets-attacked-by-kane-before-entering-the-royal-rumble-match-royal-rumble-2004,1,WWE / official sources,2026-09-29,
S2185,GiveMeSport — John Cena Royal Rumble 2004 knee injury,publication,https://www.givemesport.com/1825276-john-cena-royal-rumble-2004-knee-injury-wwe-legends-nasty-landing-after-elimination/,9,Contemporary wrestling publication,2026-09-29,
S2186,TheSportster — 2005 Royal Rumble Trivia,publication,https://www.thesportster.com/wwe-royal-rumble-2005-wrestling-trivia/,9,Contemporary wrestling publication,2026-09-29,
S2187,Cageside Seats — Royal Rumble 2005 review (Vince tears his quads),publication,https://www.cagesideseats.com/wwe/2014/1/18/5098300/royal-rumble-2005-review-vince-tears-his-quads,9,Contemporary wrestling publication,2026-09-29,
S2188,"Wrestlezone — Complete List of News, Facts & Statistics from Royal Rumble 2005",publication,https://www.wrestlezone.com/news/235303-complete-list-of-news-facts-statistics-from-royal-rumble-2005,9,Contemporary wrestling publication,2026-09-29,
S2189,Wrestling Inc. — Batista Seriously Injured In Match Against Mark Henry,publication,https://www.wrestlinginc.com/news/2006/01/batista-seriously-injured-in-match-against-mark-henry-497328/,9,Contemporary wrestling publication,2026-09-29,
S2190,Scott's Blog of Doom — Royal Rumble 2006,publication,https://www.blogofdoom.com/2020/06/28/royal-rumble-2006/,9,Contemporary wrestling publication,2026-09-29,
S2191,TJR Wrestling,publication,https://tjrwrestling.net/review/wwe-royal-rumble-2006-review/,9,Contemporary wrestling publication,2026-09-29,
S2192,WhatCulture — 10 Fascinating WWE Royal Rumble 2006 Facts,publication,https://whatculture.com/wwe/10-fascinating-wwe-royal-rumble-2006-facts,9,Contemporary wrestling publication,2026-09-29,
S2193,WWE.com (New Year's Revolution Triple H injury),official,https://www.wwe.com/shows/newyearsrevolution/2007/triplehinjury,1,WWE / official sources,2026-09-29,
S2194,TJR Wrestling — 2007 Review,publication,https://tjrwrestling.net/review/tjr-review-wwe-royal-rumble-2007/,9,Contemporary wrestling publication,2026-09-29,
S2195,Wrestling Inc. — Former WWE Referee Recalls How John Cena Was Covered Backstage,publication,https://www.wrestlinginc.com/news/2018/01/former-wwe-referee-recalls-how-john-cena-was-covered-635891/,9,Contemporary wrestling publication,2026-09-29,
S2196,WWE.com (Finlay/Hornswoggle never eliminated),official,https://www.wwe.com/videos/fit-finlay-and-hornswoggle-are-never-officially-eliminated-from-the-royal-rumble-match-royal,1,WWE / official sources,2026-09-29,
S2197,TJR Wrestling — 2009 Review,publication,https://tjrwrestling.net/review/wwe-royal-rumble-2009-review/,9,Contemporary wrestling publication,2026-09-29,
S2198,WWE.com (Santino Marella one-second elimination),official,https://www.wwe.com/videos/santino-marella-lasts-one-second-gets-squashed-by-kane-royal-rumble-2009,1,WWE / official sources,2026-09-29,
S2199,EssentiallySports — Santino Marella / Kane grudge,publication,https://www.essentiallysports.com/wwe-news-he-held-a-grudge-for-me-santino-marella-reveals-why-kane-eliminated-him-in-1-5-seconds-at-wwe-royal-rumble-2009/,9,Contemporary wrestling publication,2026-09-29,
S2200,Bleacher Report — Edge Returns To Win the Royal Rumble,publication,https://bleacherreport.com/articles/337262-edge-returns-to-win-the-royal-rumble,9,Contemporary wrestling publication,2026-09-29,
S2201,InsidePulse — Why Cody Rhodes Was Not In WWE Royal Rumble 2011,publication,https://insidepulse.com/2011/01/31/why-cody-rhodes-was-not-in-wwe-royal-rumble-2011/,9,Contemporary wrestling publication,2026-09-29,
S2202,TJR Wrestling — 2011 Review,publication,https://tjrwrestling.net/review/wwe-royal-rumble-2011-review/,9,Contemporary wrestling publication,2026-09-29,
S2203,TJR Wrestling,publication,https://tjrwrestling.net/review/wwe-royal-rumble-2012-review/,9,Contemporary wrestling publication,2026-09-29,
S2204,Wrestling Inc,publication,https://www.wrestlinginc.com/news/2012/01/wwe-posts-2012-wwe-royal-rumble-stats-549177/,9,Contemporary wrestling publication,2026-09-29,
S2205,Wrestling Inc,publication,https://www.wrestlinginc.com/news/2013/09/chris-jericho-on-cops-getting-called-on-him-the-night-565340/,9,Contemporary wrestling publication,2026-09-29,
S2206,Cultaholic,publication,https://cultaholic.com/posts/10-things-we-learned-from-wwe-royal-rumble-2013,9,Contemporary wrestling publication,2026-09-29,
S2207,Cultaholic,publication,https://cultaholic.com/posts/10-things-we-learned-from-wwe-royal-rumble-2014,9,Contemporary wrestling publication,2026-09-29,
S2208,Bleacher Report,publication,https://bleacherreport.com/articles/1937592-wwe-royal-rumble-2014-company-deserved-fan-backlash-over-daniel-bryans-booking,9,Contemporary wrestling publication,2026-09-29,
S2209,Bleacher Report,publication,https://bleacherreport.com/articles/1937605-roman-reigns-breaks-wwe-royal-rumble-record-with-12-eliminations,9,Contemporary wrestling publication,2026-09-29,
S2210,Cultaholic,publication,https://cultaholic.com/posts/bryan-danielson-told-wwe-him-being-eliminated-quickly-at-royal-rumble-2015-was-a-bad-idea,9,Contemporary wrestling publication,2026-09-29,
S2211,Wrestling Inc,publication,https://www.wrestlinginc.com/news/2015/01/2015-wwe-royal-rumble-stats-bray-wyatt-stands-out-588947/,9,Contemporary wrestling publication,2026-09-29,
S2212,WhatCulture,publication,https://whatculture.com/wwe/justin-gabriel-quits-wwe-before-royal-rumble,9,Contemporary wrestling publication,2026-09-29,
S2213,PostWrestling,publication,https://www.postwrestling.com/2024/04/11/mike-mansury-explains-why-production-missed-shot-of-titantron-for-aj-styles-wwe-debut-at-royal-rumble-2016/,9,Contemporary wrestling publication,2026-09-29,
S2214,TJR Wrestling,publication,https://tjrwrestling.net/review/wwe-royal-rumble-2017-review/,9,Contemporary wrestling publication,2026-09-29,
S2215,TPWW,publication,https://www.tpww.net/2017/01/royal-rumble-2017-stats-most-eliminations-elimination-order-entrance/,9,Contemporary wrestling publication,2026-09-29,
S2216,Wikipedia (Royal Rumble 2018),publication,https://en.wikipedia.org/wiki/Royal_rumble_2018,10,Wikipedia/reference sites,2026-09-29,
S2217,Cageside Seats,publication,https://www.cagesideseats.com/wwe/2018/1/28/16943764/wwe-asuka-wins-first-ever-womens-royal-rumble,9,Contemporary wrestling publication,2026-09-29,
S2218,Stillrealtous,publication,https://stillrealtous.com/trish-stratus-lita-surprise-entrants-womens-royal-rumble-match/,9,Contemporary wrestling publication,2026-09-29,
S2219,WWE.com,publication,https://www.wwe.com/shows/royalrumble/2019/article/john-cena-out-of-royal-rumble-match-due-to-injury,1,WWE / official sources,2026-09-29,
S2220,ComicBook.com,publication,https://comicbook.com/wwe/news/nia-jax-reveals-her-reaction-to-mens-royal-rumble-appearance/,9,Contemporary wrestling publication,2026-09-29,
S2221,WWE.com,publication,https://www.wwe.com/shows/royalrumble/2019/2019-mens-royal-rumble-match-results,1,WWE / official sources,2026-09-29,
S2222,Sportskeeda,publication,https://www.sportskeeda.com/wwe/5-records-created-at-royal-rumble-2019-ss-tl,9,Contemporary wrestling publication,2026-09-29,
S2223,RingsideNews,publication,https://www.ringsidenews.com/2019/01/27/footage-of-becky-lynch-wardrobe-malfunction-at-wwe-royal-rumble/,9,Contemporary wrestling publication,2026-09-29,
S2224,WWE.com,publication,https://www.wwe.com/shows/royalrumble/2019/2019-womens-royal-rumble-match-results,1,WWE / official sources,2026-09-29,
S2225,Sportskeeda,publication,https://www.sportskeeda.com/wwe/botch-watch-botches-you-probably-missed-at-the-2019-royal-rumble-ss,9,Contemporary wrestling publication,2026-09-29,
S2226,Wrestling Inc,publication,https://www.wrestlinginc.com/news/2020/01/wwe-stars-not-in-royal-rumble-match-as-advertised-665522/,9,Contemporary wrestling publication,2026-09-29,
S2227,Wrestling Inc,publication,https://www.wrestlinginc.com/news/2020/01/roman-reigns-on-finding-out-about-kobe-bryant-passing-from-665581/,9,Contemporary wrestling publication,2026-09-29,
S2228,WWFOldSchool,publication,https://wwfoldschool.com/drew-mcintyre-paid-tribute-to-kobe-bryant-after-winning-the-royal-rumble-match-1-year-ago-today-video/,9,Contemporary wrestling publication,2026-09-29,
S2229,Last Word on Sports,publication,https://lastwordonsports.com/prowrestling/2020/01/27/romans-rumble-roman-reigns-continues-astonishing-royal-rumble-track-record/,9,Contemporary wrestling publication,2026-09-29,
S2230,WWE.com,publication,https://www.wwe.com/shows/royalrumble/2020/2020-mens-royal-rumble-match-results,1,WWE / official sources,2026-09-29,
S2231,Wrestling Inc,publication,https://www.wrestlinginc.com/news/2020/01/how-beth-phoenix-was-injured-during-wwe-royal-rumble-match-665520/,9,Contemporary wrestling publication,2026-09-29,
S2232,Fightful,publication,https://www.fightful.com/wrestling/otis-talks-saving-mandy-rose-royal-rumble-elimination-says-he-was-under-ring-five-entrances/,9,Contemporary wrestling publication,2026-09-29,
S2233,eWrestlingNews,publication,https://www.ewrestlingnews.com/editorial/wwe-royal-rumble-all-time-stats-records,9,Contemporary wrestling publication,2026-09-29,
S2234,WhatCulture,publication,https://whatculture.com/wwe/wwes-mia-yim-tests-positive-for-covid-19-keith-lee-doubt-for-royal-rumble-2021,9,Contemporary wrestling publication,2026-09-29,
S2235,WrestleTalk (citing Wrestling Observer Newsletter),publication,https://wrestletalk.com/news/three-wwe-stars-pulled-from-royal-rumble-after-positive-covid-19-tests/,9,Contemporary wrestling publication,2026-09-29,
S2236,Sportskeeda,publication,https://www.sportskeeda.com/wwe/news-major-nixed-plans-royal-rumble-2021-match-revealed-reports,9,Contemporary wrestling publication,2026-09-29,
S2237,Zee News,publication,https://zeenews.india.com/other-sports/wwe-royal-rumble-2021-rumble-winner-edge-sets-this-new-record-2339039.html,9,Contemporary wrestling publication,2026-09-29,
S2238,Cultaholic (citing PWInsider),publication,https://cultaholic.com/posts/report-bayley-eliminated-too-early-at-wwe-royal-rumble-2021,9,Contemporary wrestling publication,2026-09-29,
S2239,ITR Wrestling,publication,https://itrwrestling.com/features/10-surprising-royal-rumble-records/,9,Contemporary wrestling publication,2026-09-29,
S2240,Wrestling-Online.com,publication,https://www.wrestling-online.com/wwe/fun-facts-and-statistics-from-the-2021-royal-rumble-matches/,9,Contemporary wrestling publication,2026-09-29,
S2241,Fightful,publication,https://www.fightful.com/wrestling/inside-royal-rumble-3-look-behind-nightmare-royal-rumble-2022/,9,Contemporary wrestling publication,2026-09-29,
S2242,Wrestling Inc,publication,https://www.wrestlinginc.com/1498274/wrestlers-botched-royal-rumble-losers/,7,Reputable wrestling publications,2026-09-29,
S2243,Sportskeeda,publication,https://www.sportskeeda.com/wwe/10-backstage-photos-royal-rumble-2022,9,Contemporary wrestling publication,2026-09-29,
S2244,Wrestling Inc,publication,https://www.wrestlinginc.com/news/2022/02/backstage-talk-on-issues-with-the-womens-royal-rumble-match/,9,Contemporary wrestling publication,2026-09-29,
S2245,Cageside Seats,publication,https://www.cagesideseats.com/2022/7/31/23278258/rumor-look-back-jan-24-30-2022-wwe-aew-paige-asuka-royal-rumble,9,Contemporary wrestling publication,2026-09-29,
S2246,Wrestleview,publication,https://www.wrestleview.com/wwe-news/259846-reason-rey-mysterio-did-not-appear-in-the-mens-royal-rumble-match/,7,Reputable wrestling publications,2026-09-29,
S2247,Sportskeeda,publication,https://sportskeeda.com/wwe/wwe-royal-rumble-2023-5-botches-probably-missed,9,Contemporary wrestling publication,2026-09-29,
S2248,Wrestling Inc,publication,https://www.wrestlinginc.com/1181513/gunther-breaks-historic-record-at-wwe-royal-rumble/,7,Reputable wrestling publications,2026-09-29,
S2249,TheSportsRush,publication,https://thesportsrush.com/wwe-wrestling-news-2023-mens-royal-rumble-a-glance-at-the-statistics-records-created-and-broken-during-the-match/,9,Contemporary wrestling publication,2026-09-29,
S2250,Fightful,publication,https://www.fightful.com/wrestling/wwe-royal-rumble-2023-producers-backstage-news-more/,7,Reputable wrestling publications,2026-09-29,
S2251,TJR Wrestling,publication,https://tjrwrestling.net/news/wwe-records-smashed-2023-womens-royal-rumble/,9,Contemporary wrestling publication,2026-09-29,
S2252,F4WOnline (Wrestling Observer),publication,https://www.f4wonline.com/news/brock-lesnar-replaced-by-bron-breakker-in-wwe-mens-royal-rumble-match/,7,Reputable wrestling publications,2026-09-29,
S2253,Wrestling Inc,publication,https://www.wrestlinginc.com/1778140/cm-punk-details-reaction-getting-injured-2024-wwe-royal-rumble/,7,Reputable wrestling publications,2026-09-29,
S2254,WrestleTalk,publication,https://wrestletalk.com/news/wwe-gunther-royal-rumble-raw-botch/,9,Contemporary wrestling publication,2026-09-29,
S2255,Bleacher Report,publication,https://bleacherreport.com/articles/10106881-jade-cargills-star-making-debut-and-top-takeaways-from-wwe-royal-rumble-2024-results,9,Contemporary wrestling publication,2026-09-29,
S2256,Forbes,publication,https://www.forbes.com/sites/blakeoestriecher/2025/02/01/wwe-royal-rumble-2025-results-jey-uso-shocks-the-world-seth-rollins-destroys-roman-reigns/,7,Reputable wrestling publications,2026-09-29,
S2257,Sportskeeda,publication,https://sportskeeda.com/wwe/rumor-major-wwe-roster-change-planned-following-backstage-royal-rumble-controversy-reports,9,Contemporary wrestling publication,2026-09-29,
S2258,Fightful,publication,https://www.fightful.com/wrestling/triple-h-told-charlotte-flair-just-be-real-after-2025-royal-rumble-win/,7,Reputable wrestling publications,2026-09-29,
S2259,Netflix Tudum,official/WWE-adjacent editorial,https://www.netflix.com/tudum/articles/wwe-royal-rumble-2026-date-news-card-matches,3,WWE Network/Peacock footage,2026-09-29,
S2260,Wrestleview,publication,https://www.wrestleview.com/wwe-royal-rumble-results/373680-live-wwe-royal-rumble-results-january-31-2026-riyadh/,7,Reputable wrestling publications,2026-09-29,
S2261,Bleacher Report,publication,https://bleacherreport.com/articles/25379215-wwe-royal-rumble-2026-results-winners-live-grades-reaction-and-highlights,9,Contemporary wrestling publication,2026-09-29,
S2262,Cagematch: WWF Royal Rumble 1988 Card,database,https://www.cagematch.net/?id=1&nr=1755&page=2,4,Cagematch,2026-09-30,match order and participants
S2263,Cagematch: WWF Royal Rumble 1989 Card,database,https://www.cagematch.net/?id=1&nr=1759&page=2,4,Cagematch,2026-09-30,confirms this occurred as a dark match
S2264,Cagematch: WWF Royal Rumble 1990 Card,database,https://www.cagematch.net/?id=1&nr=1763&page=2,4,Cagematch,2026-09-30,"confirms dark match occurred, order"
S2265,OWW (Online World of Wrestling): Royal Rumble 1991,results_recap,https://www.onlineworldofwrestling.com/results/wwe/wweppv/royalrumble/royalrumble91/,12,Other reputable statistical/historical wrestling sites,2026-09-30,"confirms dark match, winner"
S2266,WWE.com official history: Royal Rumble 1991,results_recap,https://www.wwe.com/shows/royalrumble/history/1991,1,WWE / official sources,2026-09-30,confirms matchup and result
S2267,Cagematch: WWF Royal Rumble 1992 Card,database,https://www.cagematch.net/?id=1&nr=1772&page=2,4,Cagematch,2026-09-30,confirms dark match occurred
S2268,Cagematch: WWF Royal Rumble 1993 Card,database,https://www.cagematch.net/?id=1&nr=1778&page=2,4,Cagematch,2026-09-30,confirms dark match occurred
S2269,WWE.com official history: Royal Rumble 1994,results_recap,https://www.wwe.com/shows/royalrumble/history/1994,1,WWE / official sources,2026-09-30,confirms matchup and result
S2270,OWW: Royal Rumble 1994,results_recap,https://www.onlineworldofwrestling.com/results/wwe/wweppv/royalrumble/royalrumble94/,12,Other reputable statistical/historical wrestling sites,2026-09-30,confirms matchup and result
S2271,WWE.com official history: Royal Rumble 1995,results_recap,https://www.wwe.com/shows/royalrumble/history/1995,1,WWE / official sources,2026-09-30,confirms title change
S2272,OWW: Royal Rumble 1995,results_recap,https://www.onlineworldofwrestling.com/results/wwe/wweppv/royalrumble/royalrumble95/,12,Other reputable statistical/historical wrestling sites,2026-09-30,confirms title change and leg-injury storyline detail
S2273,Cagematch: WWF Royal Rumble 1996 card,database,https://www.cagematch.net/?id=1&nr=1975&page=2,4,Cagematch,2026-09-30,"confirms match occurred as ""Free For All Match"""
S2274,OnlineWorldOfWrestling: Royal Rumble 1997,results_recap,https://www.onlineworldofwrestling.com/results/wwe/wweppv/royalrumble/royalrumble97/,12,Other reputable statistical/historical wrestling sites,2026-09-30,"confirms match, champion, result"
S2275,TheSmackdownHotel: WWF Royal Rumble 1998,results_recap,https://www.thesmackdownhotel.com/events-results/ppv-special/wwf-royal-rumble-1998,12,Other reputable statistical/historical wrestling sites,2026-09-30,confirms match and result
S2276,TheSmackdownHotel: WWF Royal Rumble 1999,results_recap,https://www.thesmackdownhotel.com/events-results/ppv-special/wwf-royal-rumble-1999,12,Other reputable statistical/historical wrestling sites,2026-09-30,confirms match and result (pre-show)
S2277,Cagematch: WWF Royal Rumble 2000 card,database,https://www.cagematch.net/?id=1&nr=2106&page=2,4,Cagematch,2026-09-30,confirms this was the opening match
S2278,TheSmackdownHotel: WWF Royal Rumble 2001,results_recap,https://www.thesmackdownhotel.com/events-results/ppv-special/wwf-royal-rumble-2001,12,Other reputable statistical/historical wrestling sites,2026-09-30,"confirms match, result, and Tiger Ali Singh accompanying Lo Down"
S2279,OnlineWorldOfWrestling: Royal Rumble 2002,results_recap,https://www.onlineworldofwrestling.com/results/wwe/wweppv/royalrumble/royalrumble02/,12,Other reputable statistical/historical wrestling sites,2026-09-30,"confirms match, champions, finish"
S2280,OnlineWorldOfWrestling: Royal Rumble 2003,results_recap,https://www.onlineworldofwrestling.com/results/wwe/wweppv/royalrumble/royalrumble03/,12,Other reputable statistical/historical wrestling sites,2026-09-30,"confirms match, result, finish"
S2281,TheSmackDownHotel,results_recap,https://www.thesmackdownhotel.com/events-results/ppv-special/wwe-royal-rumble-2004,12,Other reputable statistical/historical wrestling sites,2026-09-30,"match occurred, result"
S2282,TheSmackDownHotel,results_recap,https://www.thesmackdownhotel.com/events-results/ppv-special/wwe-royal-rumble-2005,12,Other reputable statistical/historical wrestling sites,2026-09-30,"match occurred, result"
S2283,WWE.com official history,results_recap,https://www.wwe.com/shows/royalrumble/history/198811/results,1,WWE / official sources,2026-09-30,result confirmed
S2284,OnlineWorldOfWrestling,results_recap,https://www.onlineworldofwrestling.com/results/wwe/wweppv/royalrumble/royalrumble05/,12,Other reputable statistical/historical wrestling sites,2026-09-30,result confirmed
S2285,TheSmackDownHotel,results_recap,https://www.thesmackdownhotel.com/events-results/ppv-special/wwe-royal-rumble-2006,12,Other reputable statistical/historical wrestling sites,2026-09-30,"match occurred, result"
S2286,Cagematch.net (card page),database,https://www.cagematch.net/?id=1&nr=5231&page=2,4,Cagematch,2026-09-30,lineup/participants only (partial read — see Gaps)
S2287,TheSmackDownHotel,results_recap,https://www.thesmackdownhotel.com/events-results/ppv-special/wwe-royal-rumble-2007,12,Other reputable statistical/historical wrestling sites,2026-09-30,"card, result"
S2288,TheSmackDownHotel,results_recap,https://www.thesmackdownhotel.com/events-results/ppv-special/wwe-royal-rumble-2008,12,Other reputable statistical/historical wrestling sites,2026-09-30,"card, result"
S2289,TheSmackDownHotel,results_recap,https://www.thesmackdownhotel.com/events-results/ppv-special/wwe-royal-rumble-2009,12,Other reputable statistical/historical wrestling sites,2026-09-30,"card, result"
S2290,TheSmackDownHotel,results_recap,https://www.thesmackdownhotel.com/events-results/ppv-special/wwe-royal-rumble-2011,12,Other reputable statistical/historical wrestling sites,2026-09-30,"card, result"
S2291,OnlineWorldOfWrestling,results_recap,https://www.onlineworldofwrestling.com/results/wwe/wweppv/royalrumble/royalrumble12/,12,Other reputable statistical/historical wrestling sites,2026-09-30,"match, result confirmed"
S2292,WWE.com,results_recap,https://www.wwe.com/shows/royalrumble/2013/royal-rumble-2013-results,1,WWE / official sources,2026-09-30,result confirmed
S2293,WWE.com,results_recap,https://www.wwe.com/shows/royalrumble/royal-rumble-2014-results,1,WWE / official sources,2026-09-30,result confirmed
S2294,WWE.com,results_recap,https://www.wwe.com/shows/royalrumble/2015/wwe-royal-rumble-2015-results,1,WWE / official sources,2026-09-30,result confirmed
S2295,WWE.com,results_recap,https://www.wwe.com/shows/royalrumble/2016/royal-rumble-2016-results,1,WWE / official sources,2026-09-30,result confirmed
S2296,WWE.com,results_recap,https://www.wwe.com/shows/royalrumble/2017/article/royal-rumble-2017-results,1,WWE / official sources,2026-09-30,result confirmed
S2297,WWE.com,results_recap,https://www.wwe.com/shows/royalrumble/2018/article/royal-rumble-2018-results,1,WWE / official sources,2026-09-30,result confirmed
S2298,Fightful: WWE 2019 Royal Rumble PPV Match Times,results_recap,https://www.fightful.com/wrestling/wwe-2019-royal-rumble-ppv-match-times/,9,Contemporary wrestling publication,2026-09-30,confirms result and 6:55 duration
S2299,Cagematch: WWE Royal Rumble 2019 card,database,https://www.cagematch.net/?id=1&nr=192069&page=2,4,Cagematch,2026-09-30,"confirms match, participants, championship"
S2300,Cagematch: WWE Royal Rumble 2020 card,database,https://www.cagematch.net/?id=1&nr=223192&page=3,4,Cagematch,2026-09-30,"confirms match, type, rating exists"
S2301,TheSmackDownHotel: WWE Royal Rumble 2021 Full Results & Match Card,results_recap,https://www.thesmackdownhotel.com/events-results/ppv-special/wwe-royal-rumble-2021,12,Other reputable statistical/historical wrestling sites,2026-09-30,"corroborates commentary team (Cole, Graves, Samoa Joe, Phillips, Saxton) and ring announcers (Rome, Hamilton)"
S2302,WWE.com official results page,results_recap,https://www.wwe.com/shows/royalrumble/01-31-2021/charlotte-flair-asuka-vs-shayna-baszler-nia-jax-results,1,WWE / official sources,2026-09-30,confirms result
S2303,Cageside Seats: Royal Rumble 2021 match times list,results_recap,https://www.cagesideseats.com/wwe/2021/2/2/22259360/wwe-royal-rumble-2021-match-times-list-goldberg,9,Contemporary wrestling publication,2026-09-30,"independent timing (10:21, minor variance)"
S2304,TheSmackDownHotel: WWE Royal Rumble 2022 Full Results & Match Card,results_recap,https://www.thesmackdownhotel.com/events-results/ppv-special/wwe-royal-rumble-2022,12,Other reputable statistical/historical wrestling sites,2026-09-30,"corroborates commentary team (Cole, McAfee, Jimmy Smith, Graves, Saxton) and ring announcers (Rome, Irvin)"
S2305,TheSmackdownHotel: WWE Royal Rumble 2023,results_recap,https://www.thesmackdownhotel.com/events-results/ppv-special/wwe-royal-rumble-2023,12,Other reputable statistical/historical wrestling sites,2026-09-30,"winner, final four (Rhodes, Gunther, Logan Paul, Seth Rollins)"
S2306,TheSmackdownHotel: WWE Royal Rumble 2024,results_recap,https://www.thesmackdownhotel.com/events-results/ppv-special/wwe-royal-rumble-2024,12,Other reputable statistical/historical wrestling sites,2026-09-30,result confirmed
S2307,SEScoops: Royal Rumble: WWE Adds 2 Pre-Show Matches,results_recap,https://www.sescoops.com/article/wwe-royal-rumble-2026-pre-show-matches,9,Contemporary wrestling publication,2026-09-30,"confirms this match was announced pre-event with broadcast status (""Countdown Show"" vs. live-crowd-only) initially unconfirmed"
S2308,solowrestling.com: WWE Royal Rumble 2026: Coverage and Results,results_recap,https://solowrestling.com/us/new/147068-wwe-royal-rumble-2026-coverage-and-results,12,Other reputable statistical/historical wrestling sites,2026-09-30,confirms submission finish via Gojira Clutch
S2309,TheSmackdownHotel: WWE Royal Rumble 2026,results_recap,https://www.thesmackdownhotel.com/events-results/ppv-special/wwe-royal-rumble-2026,12,Other reputable statistical/historical wrestling sites,2026-09-30,result confirmed
S2310,Wrestling Inc: WWE Royal Rumble Results 1/31,results_recap,https://www.wrestlinginc.com/2089772/wwe-royal-rumble-2026-mens-womens-royal-rumble-matches-undisputed-wwe-championship-on-line/,9,Contemporary wrestling publication,2026-09-30,winner confirmed
