wrestler_id,ring_name,real_name,real_name_status,gender,dob,dob_status,deceased_date,deceased_date_status,birthplace,birthplace_status,nationality,ethnicity_heritage_status,ethnicity_heritage,debut_year_company,hall_of_fame_year,hall_of_fame_year_status,aliases_ring_names,wrestling_style,notes,source_ids
bret-hart,Bret Hart,Bret Sergeant Hart,PROBABLE,M,1957-07-02,CONFIRMED,,,"Calgary, Alberta, Canada",CONFIRMED,Canadian,UNKNOWN,,,2006,,,,,S004;S022
tito-santana,Tito Santana,Merced Solís,CONFIRMED,M,1953-05-10,CONFIRMED,,,"Tocula, Mexico",CONFLICTING,Mexican-American,UNKNOWN,,,2004,,,,,S004;S022
butch-reed,Butch Reed,Bruce Franklin Reed,CONFIRMED,M,1954-07-11,CONFIRMED,,,"Kansas City, Missouri",CONFIRMED,American,UNKNOWN,,,,,,,,S004;S022
jim-neidhart,Jim Neidhart,James Henry Neidhart,CONFIRMED,M,1955-02-08,CONFIRMED,2018-08-13,,"Tampa, Florida",CONFLICTING,American,UNKNOWN,,,2019,,,,,S004;S022;S131;S132
jake-roberts,Jake Roberts,Aurelian Smith Jr.,CONFIRMED,M,1955-05-30,CONFIRMED,,,"Gainesville, Texas",CONFIRMED,American,UNKNOWN,,,2014,,,,,S004;S022
harley-race,Harley Race,Harley Leland Race,CONFIRMED,M,1943-04-11,CONFIRMED,2019-08-01,PROBABLE,"Quitman, Missouri",CONFIRMED,American,UNKNOWN,,,2004,,,,,S004;S022;S1814
jim-brunzell,Jim Brunzell,James Brunzell,CONFIRMED,M,1949-08-13,CONFIRMED,,,"White Bear Lake, Minnesota",CONFIRMED,American,UNKNOWN,,,,,,,,S004;S022
sam-houston,Sam Houston,Michael Maurice Smith,CONFIRMED,M,1963-10-11,CONFIRMED,,,"Tampa, Florida",CONFLICTING,American,UNKNOWN,,,,,,,,S004;S022
danny-davis,Danny Davis,Dan Marsh,CONFLICTING,M,1956-05-28,CONFLICTING,,,"Toronto, Ontario, Canada",PROBABLE,Canadian,UNKNOWN,,,,,,,,S004;S022
boris-zhukov,Boris Zhukov,James Kirk Harrell,CONFIRMED,M,,CONFLICTING,,,"Roanoke, Virginia",PROBABLE,American,UNKNOWN,,,,,,,"DOB conflicts between sources -- see flags.csv F001. Billed as Soviet (gimmick), real background American.",S004;S005
don-muraco,Don Muraco,Donald Thomas Muraco,CONFIRMED,M,1949-09-10,CONFIRMED,,,"Sunset Beach, Hawaii",CONFIRMED,American,UNKNOWN,,,2004,,,,,S004;S022
nikolai-volkoff,Nikolai Volkoff,Josip Nikolai Peruzović,CONFIRMED,M,1947-10-14,CONFIRMED,2018-07-29,,"Socialist Republic of Croatia, SFRY",CONFLICTING,Croatian-American,UNKNOWN,,,2005,,,,,S004;S022
jim-duggan,Jim Duggan,James Edward Duggan Jr.,CONFIRMED,M,1954-01-14,CONFIRMED,,,"Glens Falls, New York",CONFIRMED,American,UNKNOWN,,,2011,,,,"Winner of the first-ever Royal Rumble match. Weight: Shane's research says 120kg billed at event; Wikipedia infobox (undated) says 122kg -- 2kg variance not treated as a real conflict (likely lb/kg rounding, both ~264-270lb).",S004;S006
ron-bass,Ron Bass,Ronald Heard,CONFIRMED,M,1948-12-21,CONFIRMED,2017-03-07,PROBABLE,"Harrisburg, Arkansas",CONFIRMED,American,UNKNOWN,,,,,,,,S004;S022;S1815
b-brian-blair,B. Brian Blair,Brian Leslie Blair,CONFIRMED,M,1954-01-12,CONFLICTING,,,"Gary, Indiana",CONFIRMED,American,UNKNOWN,,,,,,,,S004;S022
hillbilly-jim,Hillbilly Jim,James Morris,CONFIRMED,M,1952-07-05,CONFIRMED,,,"Louisville, Kentucky",CONFIRMED,American,UNKNOWN,,,,,,,,S004;S022
dino-bravo,Dino Bravo,Adolfo Bresciano,CONFIRMED,M,1948-08-06,CONFIRMED,1993-03-10,,"Laval, Quebec, Canada",CONFLICTING,Canadian,UNKNOWN,,,,,,,Murder in March 1993 remains unsolved.,S004;S022
the-ultimate-warrior,The Ultimate Warrior,James Brian Hellwig,CONFIRMED,M,1959-06-16,CONFIRMED,2014-04-08,,"Crawfordsville, Indiana",CONFIRMED,American,UNKNOWN,,,2014,,,,"HOF induction and death both occurred in April 2014, days apart.",S004;S022
one-man-gang,One Man Gang,George Gray,CONFIRMED,M,1960-02-12,CONFIRMED,,,"Chicago, Illinois",CONFIRMED,American,UNKNOWN,,,,,Akeem,,Repackaged as 'Akeem the African Dream' later in 1988. No HOF induction found on Wikipedia; Shane's doc also has HOF n/a -- consistent.,S004;S007
junkyard-dog,Junkyard Dog,Sylvester Ritter,CONFIRMED,M,1952-12-13,CONFIRMED,1998-06-02,,"Wadesboro, North Carolina",CONFIRMED,American,UNKNOWN,,,2004,,,,,S004;S022
ricky-steamboat,Ricky Steamboat,Richard Henry Blood Sr.,CONFIRMED,M,1953-02-28,CONFIRMED,,,"West Point, New York",CONFIRMED,American,UNKNOWN,,,2009,,,,,S004;S022
rick-rude,Rick Rude,Richard Erwin Rood,CONFIRMED,M,1958-12-07,CONFIRMED,1999-04-20,,"Robbinsdale, Minnesota",PROBABLE,American,UNKNOWN,,,2017,PROBABLE,,,,S004;S022;S1816
noriyo-tateno,Noriyo Tateno,Noriyo Tateno,CONFIRMED,F,1965-12-01,CONFIRMED,,,"Ashikaga, Tochigi, Japan",CONFIRMED,Japanese,UNKNOWN,,,,,,,Half of The Jumping Bomb Angels,S004;S022
itsuki-yamazaki,Itsuki Yamazaki,Itsuki Yamazaki,PROBABLE,F,1966-01-03,CONFIRMED,,,"Hyogo, Japan",PROBABLE,Japanese,UNKNOWN,,,,,,,Half of The Jumping Bomb Angels,S004;S022
leilani-kai,Leilani Kai,Patty Seymour,CONFIRMED,F,1960-01-23,CONFIRMED,,,"Tampa, Florida",CONFIRMED,American,UNKNOWN,,,,,,,,S004;S022
judy-martin,Judy Martin,Judy Hardee,PROBABLE,F,1955-10-08,PROBABLE,,,"Columbia, South Carolina",PROBABLE,American,UNKNOWN,,,,,,,,S004
jimmy-hart,Jimmy Hart,James Ray Hart,CONFIRMED,M,1944-01-01,CONFIRMED,,,"Jackson, Mississippi",CONFIRMED,American,UNKNOWN,,,2005,,,,"Manager, 'The Mouth of the South'",S004;S022
haku,Haku,Tonga ʻUliʻuli Fifita,CONFIRMED,M,1959-02-03,CONFLICTING,,,"Nukuʻalofa, Tonga",CONFIRMED,Tongan,UNKNOWN,,,,,Meng;King Tonga,,,S004;S022
tama,Tama,Samuel Larry Fatu,CONFIRMED,M,1965-10-11,CONFIRMED,,,"San Francisco, California",CONFIRMED,American,UNKNOWN,,,,,,,,S004;S022
jim-powers,Jim Powers,James Manley,CONFIRMED,M,1958-01-04,CONFIRMED,,,"East Rutherford, New Jersey",CONFIRMED,American,UNKNOWN,,,,,,,,S004;S022
paul-roma,Paul Roma,Paul Centopani,CONFIRMED,M,1960-04-29,CONFIRMED,,,"Kensington, New York",CONFIRMED,American,UNKNOWN,,,,,,,,S004;S022
bobby-heenan,Bobby Heenan,Raymond Louis Heenan,CONFIRMED,M,1944-11-01,CONFIRMED,2017-09-17,,"Chicago, Illinois",CONFIRMED,American,UNKNOWN,,,2004,,,,"Manager, 'The Brain'",S004;S022
frenchy-martin,Frenchy Martin,Jean Gagné,PROBABLE,M,1950-05-25,PROBABLE,,,"Quebec City, Quebec",PROBABLE,Canadian,UNKNOWN,,,,,,,Manager,S004
jack-tunney,Jack Tunney,John Tunney Jr.,PROBABLE,M,1935-01-01,UNCERTAIN,2009-01-13,,"Toronto, Ontario, Canada",PROBABLE,Canadian,UNKNOWN,,,,,,,"On-screen WWF President; DOB year only, day/month uncertain in Shane's source",S004
hulk-hogan,Hulk Hogan,Terry Eugene Bollea,CONFIRMED,M,1953-08-11,CONFIRMED,2025-07-24,,"Augusta, Georgia",CONFIRMED,American,UNKNOWN,,,2005,,,,"WWF Champion at time of event; not in the Rumble match itself Died 2025-07-24, age 71 (per WWE.com's own announcement and Wikipedia) -- added after Shane noticed R014 (most now-deceased entrants) didn't reflect it. See F334.",S004;S022;S126;S127
andre-the-giant,Andre the Giant,André René Roussimoff,CONFIRMED,M,1946-05-19,CONFIRMED,1993-01-27,,"Grenoble, France",PROBABLE,French,UNKNOWN,,,1993,,,,,S004;S022
ted-dibiase,Ted DiBiase,Theodore Marvin DiBiase,CONFIRMED,M,1954-01-18,CONFIRMED,,,"Miami, Florida",CONFIRMED,American,UNKNOWN,,,2010,,,,,S004;S022
virgil,Virgil,"Michael (""Mike"") Jones",CONFIRMED,M,1951-04-07,CONFIRMED,,,"Wilkinsburg, Pennsylvania",CONFIRMED,American,UNKNOWN,,,,,Vincent,,"Bodyguard to Ted DiBiase F527 (2026-09-26): master DOB/birthplace migrated from 1962-06-13/Nashville, TN to 1951-04-07/Wilkinsburg, PA per family obituary + siblings interview, approved by Shane.",S004;S022;S563;S580;S581
vince-mcmahon,Vince McMahon,Vincent Kennedy McMahon,CONFIRMED,M,1945-08-24,CONFIRMED,,,"Pinehurst, North Carolina",CONFIRMED,American,UNKNOWN,,,,,,,Commentator,S004;S022
jesse-ventura,Jesse Ventura,James George Janos,CONFIRMED,M,1951-07-15,CONFIRMED,,,"Minneapolis, Minnesota",CONFIRMED,American,UNKNOWN,,,2004,,,,Commentator,S004;S022
gene-okerlund,Gene Okerlund,Eugene Arthur Okerlund,CONFIRMED,M,1942-11-29,CONFLICTING,2019-01-02,,"Robbinsdale, Minnesota",PROBABLE,American,UNKNOWN,,,2006,,,,Interviewer,S004;S022
craig-degeorge,Craig DeGeorge,Craig Minervini,PROBABLE,M,,UNKNOWN,,,,UNKNOWN,American,UNKNOWN,,,,,,,Interviewer; DOB/birthplace unknown,S004;S022
howard-finkel,Howard Finkel,Howard Finkel,PROBABLE,M,1950-06-07,CONFIRMED,2020-04-16,,"New York City, New York",CONFLICTING,American,UNKNOWN,,,2009,,,,Ring announcer,S004;S022
ax,Ax,William Reid Eadie,CONFIRMED,M,1947-12-27,CONFIRMED,,,"Brownsville, Pennsylvania",CONFIRMED,American,UNKNOWN,,,,,Demolition Axe,,Half of Demolition (w/ Smash),S015;S022
smash,Smash,Barry Darsow,PROBABLE,M,1959-10-06,PROBABLE,,,"Minneapolis, Minnesota",PROBABLE,American,UNKNOWN,,,,,Demolition Smash,,Half of Demolition (w/ Ax),S015
mr-perfect,Mr. Perfect,Curtis Michael Hennig,CONFIRMED,M,1958-03-28,CONFIRMED,2003-02-10,,"Robbinsdale, Minnesota",CONFIRMED,American,UNKNOWN,,,2007,,Curt Hennig,,"CORRECTED 2026-09-16: this event's internal narrative previously implied the 2002 Royal Rumble was essentially the last notable thing before Mr. Perfect's death -- this is WRONG. Per Wikipedia (Curt Hennig) and S064 (TheSportster.com): his Final-Four Rumble showing earned him a new full-time WWE contract and an assignment to the Raw brand in the 2002 draft. On the flight home from the Insurrextion (2002) PPV (May 4, 2002 UK), he was involved in the 'Plane Ride From Hell' incident (a shaving-cream prank on Brock Lesnar that escalated into a scuffle); he was released within days (May 7 per S064, May 8 per Wikipedia -- both attested, not resolved to one date). He then wrestled for TNA through his final match on January 8, 2003 (defeating David Flair), before his death on February 10, 2003 in Brandon, Florida (acute drug overdose -- mixed toxicity from steroids and painkillers). See F176 (resolved).",S015;S022;S064
ronnie-garvin,Ronnie Garvin,Roger Barnes,PROBABLE,M,1945-03-30,CONFIRMED,,,"Montreal, Quebec, Canada",PROBABLE,Canadian,UNKNOWN,,,,,,,,S015;S022
greg-valentine,Greg Valentine,Jonathan Anthony Wisniski,CONFIRMED,M,1951-09-20,CONFIRMED,,,"Seattle, Washington",CONFIRMED,American,UNKNOWN,,,2004,,,,,S015;S022;S130
shawn-michaels,Shawn Michaels,Michael Shawn Hickenbottom,CONFIRMED,M,1965-07-22,CONFIRMED,,,"San Antonio, Texas",PROBABLE,American,UNKNOWN,,,2011,,HBK,,,S015;S022
butch-miller,Butch Miller,Robert Miller,PROBABLE,M,1944-10-21,PROBABLE,2023-04-02,,"Auckland, New Zealand",PROBABLE,New Zealander,UNKNOWN,,,2015,,Bushwhacker Butch,,Half of The Bushwackers (w/ Luke Williams),S015;S022;S131
the-honky-tonk-man,The Honky Tonk Man,Roy Wayne Farris,CONFIRMED,M,1953-01-25,CONFIRMED,,,"Memphis, Tennessee",PROBABLE,American,UNKNOWN,,,2019,PROBABLE,,,,S015;S022;S1817
bad-news-brown,Bad News Brown,Allen James Coage,CONFIRMED,M,1943-10-22,CONFIRMED,2007-03-06,,"New York, New York",CONFIRMED,American,UNKNOWN,,,,,,,,S015;S022
marty-jannetty,Marty Jannetty,Fredrick Martin Jannetty,CONFIRMED,M,1960-02-03,CONFIRMED,,,"Columbus, Georgia",CONFIRMED,American,UNKNOWN,,,,,,,Half of The Rockers (w/ Shawn Michaels),S015;S022
randy-savage,Randy Savage,Randy Mario Poffo,CONFIRMED,M,1952-11-15,CONFIRMED,2011-05-20,,"Sarasota, Florida",PROBABLE,American,UNKNOWN,,,2015,,Macho Man,,WWF World Heavyweight Champion at time of event.,S015;S022
arn-anderson,Arn Anderson,Martin Anthony Lunde,CONFIRMED,M,1958-09-20,CONFIRMED,,,"Rome, Georgia",CONFIRMED,American,UNKNOWN,,,2012,,,,Half of Brain Busters (w/ Tully Blanchard),S015;S022
tully-blanchard,Tully Blanchard,Tully Arthur Blanchard,CONFIRMED,M,1954-01-22,CONFIRMED,,,"Edmonton, Alberta, Canada",PROBABLE,Canadian,UNKNOWN,,,2012,,,,Half of Brain Busters (w/ Arn Anderson),S015;S022
luke-williams,Luke Williams,Brian Wickens,PROBABLE,M,1947-01-08,PROBABLE,,,"Wellington, New Zealand",PROBABLE,New Zealander,UNKNOWN,,,2015,,Bushwhacker Luke,,Half of The Bushwackers (w/ Butch Miller),S015
koko-b-ware,Koko B. Ware,James Williams Ware Jr.,CONFIRMED,M,1957-06-20,PROBABLE,,,"Union City, Tennessee",CONFIRMED,American,UNKNOWN,,,2009,,,,,S015;S022
the-warlord,The Warlord,Terry Scott Szopinski,CONFIRMED,M,1962-03-28,CONFIRMED,,,"Pompano Beach, Florida",CONFIRMED,American,UNKNOWN,,,,,,,Half of Powers of Pain (w/ The Barbarian),S015;S022
big-bossman,Big Bossman,Ray Washington Traylor Jr.,CONFIRMED,M,1963-05-02,CONFIRMED,2004-09-22,,"Cobb County, Georgia",PROBABLE,American,UNKNOWN,,,2016,,,,Half of The Twin Towers (w/ Akeem),S015;S022;S131
brutus-beefcake,Brutus Beefcake,Edward Harrison Leslie,CONFIRMED,M,1958-04-21,CONFIRMED,,,"Tampa, Florida",CONFIRMED,American,UNKNOWN,,,,,,,,S015;S022;S023
red-rooster,Red Rooster,Paul Worden Taylor III,CONFIRMED,M,1955-08-12,CONFIRMED,,,"Vero Beach, Florida",CONFLICTING,American,UNKNOWN,,,,,Terry Taylor,,"RESOLVED (fact-check pass): S014's 'Terry Taylor' is not a conflicting real name -- Wikipedia's own infobox independently confirms 'Paul Worden Taylor III' as his formal birth name (matching S015 exactly) while noting he is publicly credited as 'Terry Taylor' (matching S014) -- both correct, added as an alias. DOB 1955-08-12 confirmed by Cagematch independently. However, birthplace is a genuine new conflict: Shane's S015 gives Vero Beach, Florida; Wikipedia AND Cagematch (2 independent sources, agreeing with each other) both give Greenville, South Carolina -- see flags.csv F048.",S015;S014;S022;S023
the-barbarian,The Barbarian,Sione Havea Vailahi,CONFIRMED,M,1958-09-06,CONFIRMED,,,"Nukuʻalofa, Tonga",PROBABLE,Tongan,UNKNOWN,,,,,,,Half of Powers of Pain (w/ The Warlord),S015;S022;S023
big-john-studd,Big John Studd,John William Minton,CONFIRMED,M,1948-02-19,CONFIRMED,1995-03-20,,"Los Angeles, California",PROBABLE,American,UNKNOWN,,,2004,,,,Winner of the 1989 Royal Rumble.,S015;S022
hercules,Hercules,Raymond Constantine Fernandez Jr.,CONFIRMED,M,1956-05-07,CONFIRMED,2004-03-06,,"Tampa, Florida",PROBABLE,American,UNKNOWN,,,,,,,,S015;S022
rick-martel,Rick Martel,Richard Vigneault,CONFIRMED,M,1956-03-18,CONFIRMED,,,"Montreal, Quebec",CONFIRMED,Canadian,UNKNOWN,,,,,,,Half of Strike Force (w/ Tito Santana),S015;S022
jacques-rougeau,Jacques Rougeau,Jacques Rougeau Jr.,CONFIRMED,M,1960-06-13,CONFIRMED,,,"Saint-Sulpice, Quebec",CONFIRMED,Canadian,UNKNOWN,,,,,,,Half of The Rougeau Brothers (w/ Raymond),S015;S022;S023
raymond-rougeau,Raymond Rougeau,Raymond Rougeau,CONFIRMED,M,1955-02-18,CONFIRMED,,,"Saint-Sulpice, Quebec",CONFIRMED,Canadian,UNKNOWN,,,,,,,Half of The Rougeau Brothers (w/ Jacques),S015;S022
rockin-robin,Rockin' Robin,Robin Denise Smith,CONFIRMED,F,1964-10-09,CONFIRMED,,,"Hammond, Louisiana",PROBABLE,American,UNKNOWN,,,,,,,WWF Women's Champion at time of event. Sister of Jake Roberts.,S015;S022
slick,Slick,Kenneth Wayne Johnson,CONFIRMED,M,1957-12-08,CONFIRMED,,,"Fort Worth, Texas",CONFIRMED,American,UNKNOWN,,,,,,,Manager,S015;S022
sean-mooney,Sean Mooney,Sean Edmund Mooney,PROBABLE,M,1959-05-21,CONFIRMED,,,"Phoenix, Arizona",PROBABLE,American,UNKNOWN,,,,,,,Interviewer,S015;S022
mr-fuji,Mr. Fuji,Harry Masayoshi Fujiwara,CONFIRMED,M,1934-05-04,CONFIRMED,,,"Honolulu, Hawaii",CONFIRMED,American,UNKNOWN,,,2007,,,,Manager,S015;S022;S130
miss-elizabeth,Miss Elizabeth,Elizabeth Ann Hulette,CONFIRMED,F,1960-07-19,PROBABLE,2003-05-01,,"Frankfort, Kentucky",CONFIRMED,American,UNKNOWN,,,,,,,Manager to Randy Savage/Hulk Hogan; also made a brief in-ring cameo during the Rumble match itself.,S015;S022
sensational-sherri,Sensational Sherri,Sherry Lynn Russell,CONFIRMED,F,1958-02-08,CONFIRMED,2007-06-15,,"Birmingham, Alabama",CONFIRMED,American,UNKNOWN,,,2006,,,,Guest commentator at this event.,S015;S022
gorilla-monsoon,Gorilla Monsoon,Robert James Marella,CONFIRMED,M,1937-06-04,CONFIRMED,1999-10-06,,"Rochester, New York",CONFIRMED,American,UNKNOWN,,,1994,,,,Commentator,S015;S022;S023;S130
roddy-piper,Roddy Piper,Roderick George Toombs,CONFIRMED,M,1954-04-17,CONFIRMED,2015-07-31,CONFIRMED,"Saskatoon, Saskatchewan, Canada",CONFIRMED,Canadian,UNKNOWN,,,2005,CONFIRMED,,,No bio data in either source this pass.,S017;S022;S131;S132;S1333
dusty-rhodes,Dusty Rhodes,Virgil Riley Runnels Jr.,CONFIRMED,M,1945-10-11,CONFIRMED,2015-06-11,CONFIRMED,"Austin, Texas, U.S.",CONFIRMED,American,UNKNOWN,,,2007,CONFIRMED,,,No bio data in either source this pass.,S017;S022;S024;S131;S132;S1115
jimmy-snuka,Jimmy Snuka,James Wiley Smith (later legally Snuka),CONFIRMED,M,1943-05-18,CONFIRMED,2017-01-15,CONFIRMED,"Suva, Fiji",CONFIRMED,Fijian-American,UNKNOWN,,,1996,CONFIRMED,,,No bio data in either source this pass.,S017;S022;S024;S131;S132;S1332
earthquake,Earthquake,John Anthony Tenta Jr.,CONFIRMED,M,1963-06-22,CONFIRMED,2006-06-07,CONFIRMED,"Surrey, British Columbia, Canada",CONFIRMED,Canadian,UNKNOWN,,,2025,CONFIRMED,,,No bio data in either source this pass.,S017;S022;S024;S131;S1842
the-genius,The Genius,Lanny Mark Poffo,CONFIRMED,M,1954-12-28,CONFIRMED,2023-02-02,CONFIRMED,"Calgary, Alberta, Canada",CONFIRMED,Canadian-American,UNKNOWN,,,,,,,"S016's narrative names this person as Lanny Poffo directly (Randy Savage's real-life brother, per the 'Family Member' link in S017 to Randy Savage) -- no DOB/height/weight in either source this pass. [HOF field corrected 2026-09-18: this field previously held stray text (""Lanny Poffo""), a leftover scratch note from this row's original creation, not real Hall of Fame data -- see F333. No WWE Hall of Fame induction found for this wrestler; field blanked.]",S016;S017;S022;S024;S124;S1843
tony-schiavone,Tony Schiavone,Noah Anthony Schiavone,PROBABLE,M,1957-11-07,PROBABLE,,,"Craigsville, Virginia, U.S.",PROBABLE,American,UNKNOWN,,,,,,,Commentator; no DOB/birthplace in either source this pass.,S017;S022;S1844
brother-love,Brother Love,Bruce Prichard,CONFIRMED,M,1963-03-07,CONFIRMED,,,"El Paso, Texas, U.S.",CONFIRMED,American,UNKNOWN,,,,,,,Interview segment host; no bio data in either source this pass.,S017;S022;S024;S1846
sapphire,Sapphire,Juanita Wright,CONFIRMED,F,,UNKNOWN,1996-09-10,PROBABLE,"St. Louis, Missouri, U.S.",CONFIRMED,American,UNKNOWN,,,,,,,Manager to Dusty Rhodes; no bio data in either source this pass.,S017;S022;S1818
the-undertaker,The Undertaker,Mark William Calaway,CONFIRMED,M,1965-03-24,CONFIRMED,,,"Houston, Texas, U.S.",CONFIRMED,American,UNKNOWN,,,2022,CONFIRMED,,,Royal Rumble debut. No bio data in either source this pass.,S018;S019;S022;S024;S123;S124;S1120
british-bulldog,British Bulldog,David Smith,CONFIRMED,M,1962-11-27,CONFIRMED,2002-05-18,CONFIRMED,"Golborne, Lancashire, England",CONFIRMED,English,UNKNOWN,,,2020,CONFIRMED,,,"No bio data in either source this pass. [HOF field corrected 2026-09-18: this field previously held stray text (""Davey Boy Smith""), a leftover scratch note from this row's original creation, not real Hall of Fame data -- see F333. Confirmed genuine WWE Hall of Fame induction, 2020.]",S018;S019;S022;S024;S123;S124;S131;S1845
shane-douglas,Shane Douglas,Troy Allan Martin,CONFIRMED,M,1964-11-21,CONFIRMED,,,"New Brighton, Pennsylvania, U.S.",CONFIRMED,American,UNKNOWN,,,,,,,No bio data in either source this pass.,S018;S022;S024
texas-tornado,Texas Tornado,Kerry Gene Adkisson,CONFIRMED,M,1960-02-03,CONFIRMED,1993-02-18,,"Niagara Falls, New York, U.S.",CONFIRMED,American,UNKNOWN,,,2009,,,,"S019 refers to this person as 'Kerry Von Erich' directly; no DOB/height/weight in either source this pass. [HOF field corrected 2026-09-18: this field previously held stray text (""Kerry Von Erich""), a leftover scratch note from this row's original creation, not real Hall of Fame data -- see F333. Confirmed genuine WWE Hall of Fame induction, 2009.]",S018;S019;S022;S024;S123;S124;S131
saba-simba,Saba Simba,Anthony White,PROBABLE,M,1954-04-23,CONFIRMED,,,"Roanoke, Virginia, U.S.",CONFIRMED,American,UNKNOWN,,,,,Tony Atlas,,No bio data in either source this pass.,S018; S022; S024; S542
brian-knobbs,Brian Knobbs,Brian Yandrisovitz,CONFIRMED,M,1964-05-06,CONFIRMED,,,"Allentown, Pennsylvania, U.S.",CONFIRMED,American,UNKNOWN,,,,,,,No bio data in either source this pass.,S018;S019;S022;S024
hawk,Hawk,Michael James Hegstrand,CONFIRMED,M,1957-01-26,CONFIRMED,2003-10-19,,"Saint Paul, Minnesota, U.S.",CONFIRMED,American,UNKNOWN,,,2011,,,,"Half of the Legion of Doom (w/ Animal), per S019. No bio data in either source this pass. [HOF field corrected 2026-09-18: this field previously held stray text (""Legion of Doom""), a leftover scratch note from this row's original creation, not real Hall of Fame data -- see F333. Confirmed genuine WWE Hall of Fame induction, 2011.]",S018;S019;S022;S024;S123;S124;S131
animal,Animal,Joseph Michael Laurinaitis,CONFIRMED,M,1960-09-12,CONFIRMED,2020-09-22,,"Philadelphia, Pennsylvania, U.S.",CONFIRMED,American,UNKNOWN,,,2011,,,,"Half of the Legion of Doom (w/ Hawk), per S019. No bio data in either source this pass. [HOF field corrected 2026-09-18: this field previously held stray text (""Legion of Doom""), a leftover scratch note from this row's original creation, not real Hall of Fame data -- see F333. Confirmed genuine WWE Hall of Fame induction, 2011.]",S018;S019;S022;S024;S123;S124;S131
tugboat,Tugboat,Fred Alex Ottman,CONFIRMED,M,1956-08-10,CONFIRMED,,,,UNKNOWN,American,UNKNOWN,,,,,Typhoon; The Shockmaster,,Final (#30) entrant. No bio data in either source this pass.,S018; S019; S022; S024; S550
demolition-crush,Demolition Crush,Brian Keith Adams,CONFIRMED,M,1964-04-14,CONFIRMED,2007-08-13,,"Kona, Hawaii, U.S.",CONFIRMED,American,UNKNOWN,,,,,,,"Third member of Demolition alongside Ax/Smash -- distinct wrestler_id from 'ax' and 'smash'. No bio data in either source this pass. [HOF field corrected 2026-09-18: this field previously held stray text (""Demolition""), a leftover scratch note from this row's original creation, not real Hall of Fame data -- see F333. No WWE Hall of Fame induction found for this wrestler; field blanked.]",S018;S019;S022;S024;S124;S131
the-great-tanaka,The Great Tanaka,"Patrick ""Pat"" Tanaka",CONFIRMED,M,,UNKNOWN,,,"Honolulu, Hawaii, U.S.",CONFIRMED,American,UNKNOWN,,,,,,,"Half of The Orient Express (w/ Kato). No bio data in either source this pass. [HOF field corrected 2026-09-18: this field previously held stray text (""The Orient Express""), a leftover scratch note from this row's original creation, not real Hall of Fame data -- see F333. No WWE Hall of Fame induction found for this wrestler; field blanked.]",S019;S022;S024;S124
kato,Kato,Thomas Boric,PROBABLE,M,1961-05-11,PROBABLE,,,"Zagreb, SR Croatia, SFR Yugoslavia",PROBABLE,Canadian,UNKNOWN,,,,,,,"Half of The Orient Express (w/ The Great Tanaka). No bio data in either source this pass. [HOF field corrected 2026-09-18: this field previously held stray text (""The Orient Express""), a leftover scratch note from this row's original creation, not real Hall of Fame data -- see F333. No WWE Hall of Fame induction found for this wrestler; field blanked.]",S019;S022;S124
dustin-rhodes,Dustin Rhodes,Dustin Patrick Runnels,PROBABLE,M,1969-04-11,PROBABLE,,,"Dallas, Texas, U.S.",PROBABLE,American,UNKNOWN,,,,,,,"Per S019, teamed with his father Dusty Rhodes for the first time this event. No bio data in either source this pass.",S019;S022;S024
sgt-slaughter,Sgt. Slaughter,Robert Rudolph Remus,CONFIRMED,M,1948-08-27,CONFIRMED,,,,UNKNOWN,American,UNKNOWN,,,2004,PROBABLE,,,"Won the WWF Championship from Ultimate Warrior on this card, managed by an unnamed 'Saddam Hussein look-alike' per S019 (name not given). No bio data in either source this pass.",S019;S022;S024;S560
ric-flair,Ric Flair,Richard Morgan Fliehr,CONFIRMED,M,1949-02-25,CONFIRMED,,,"Memphis, Tennessee, U.S.",CONFIRMED,American,UNKNOWN,,,2008,,,,Royal Rumble debut and win -- entered the WWF in summer 1991 after leaving the NWA. Won the vacant WWF Championship in this match per S021. No bio data in either source this pass.,S020;S021;S022;S024;S025;S123;S124
jerry-sags,Jerry Sags,Jerome Saganowich,PROBABLE,M,1964-07-05,PROBABLE,,,"Hokendauqua, Pennsylvania, U.S.",PROBABLE,American,UNKNOWN,,,,,,,"One half of The Nasty Boys (w/ Brian Knobbs, who is not in this year's Rumble field). No bio data in either source this pass. [HOF field corrected 2026-09-18: this field previously held stray text (""Nasty Boy""), a leftover scratch note from this row's original creation, not real Hall of Fame data -- see F333. No WWE Hall of Fame induction found for this wrestler; field blanked.]",S020;S022;S124;S024
irwin-r-schyster,Irwin R. Schyster,Lawrence Michael Rotunda,CONFIRMED,M,1958-03-30,CONFIRMED,,,"St. Petersburg, Florida, U.S.",CONFIRMED,American,UNKNOWN,,,,,Mike Rotunda; Mike Rotundo; Michael Wallstreet,,"Referred to as 'IRS' throughout S020's timing lists. No bio data in either source this pass. [HOF field corrected 2026-09-18: this field previously held stray text (""IRS""), a leftover scratch note from this row's original creation, not real Hall of Fame data -- see F333. No WWE Hall of Fame induction found for this wrestler; field blanked.]",S020; S022; S024; S124; S555
the-berzerker,The Berzerker,John Eric Nord,CONFIRMED,M,1959-10-18,CONFIRMED,,,"St. Cloud, Minnesota, U.S.",CONFIRMED,American,UNKNOWN,,,,,John Nord,,"S021's match-results text spells this 'The Berserker'; S020's timing lists consistently use 'The Berzerker' -- treated as the same person, cosmetic spelling variance only. No bio data in either source this pass. [HOF field corrected 2026-09-18: this field previously held stray text (""The Berserker""), a leftover scratch note from this row's original creation, not real Hall of Fame data -- see F333. No WWE Hall of Fame induction found for this wrestler; field blanked.]",S020; S021; S022; S024; S025; S124; S556
col-mustafa,Col. Mustafa,Hossein Khosrow Ali Vaziri,CONFIRMED,M,1942-03-15,CONFIRMED,2023-06-07,,"Damghan, Iran",CONFIRMED,Iranian-American,UNKNOWN,,,2005,,The Iron Sheik,,"This IS The Iron Sheik (Khosrow Vaziri), returning to the WWF in March 1991 under a new gimmick for the Gulf War-era Sgt. Slaughter storyline -- confirmed via Wikipedia's own Iron Sheik article and thesportster.com (new S130), both independently corroborating the real name/DOB/birthplace this row already carried (S022;S023 -- Cagematch was in fact one of the handful of profiles that loaded during the original pass, per S023's own notes; this row's bio fields were correct all along). Also confirmed: WWE Hall of Fame class of 2005 (S132), and died 2023-06-07 (S022;S131) -- neither was added previously because this row's own notes text incorrectly claimed his identity was still unresolved. See flags.csv F031 (now resolved) and F341.",S020;S021;S022;S023;S130;S131;S132
skinner,Skinner,Stephen Paul Keirn,PROBABLE,M,1951-09-10,CONFIRMED,,,"Tampa, Florida, U.S.",CONFIRMED,American,UNKNOWN,,,,,Steve Keirn,,No bio data in either source this pass.,S020; S022; S024; S2133
sid-justice,Sid Justice,Sidney Raymond Eudy,CONFIRMED,M,1960-12-16,CONFIRMED,2024-08-26,PROBABLE,,UNKNOWN,American,UNKNOWN,,,2026,PROBABLE,Sid Vicious; Sycho Sid,,"Final entrant among the final four; eliminated Savage, Hogan, Piper and Martel before being eliminated by Flair for the win. No bio data in either source this pass.",S020; S021; S022; S024; S1819; S562
owen-hart,Owen Hart,Owen James Hart,CONFIRMED,M,1965-05-07,CONFIRMED,1999-05-23,,"Calgary, Alberta, Canada",CONFIRMED,Canadian,UNKNOWN,,,,,,,No bio data in either source this pass.,S021;S022;S024;S136
beau-beverly,Beau Beverly,Wayne Bloom,PROBABLE,M,1958-03-22,PROBABLE,,,"Minneapolis, Minnesota, U.S.",PROBABLE,American,UNKNOWN,,,,,,,"Half of The Beverly Brothers (w/ Blake Beverly). No bio data in either source this pass. [HOF field corrected 2026-09-18: this field previously held stray text (""The Beverly Brothers""), a leftover scratch note from this row's original creation, not real Hall of Fame data -- see F333. No WWE Hall of Fame induction found for this wrestler; field blanked.]",S021;S022;S124;S024
blake-beverly,Blake Beverly,Michael Enos,CONFIRMED,M,1963-06-11,CONFIRMED,,,,UNKNOWN,American,UNKNOWN,,,,,,,"Half of The Beverly Brothers (w/ Beau Beverly). No bio data in either source this pass. [HOF field corrected 2026-09-18: this field previously held stray text (""The Beverly Brothers""), a leftover scratch note from this row's original creation, not real Hall of Fame data -- see F333. No WWE Hall of Fame induction found for this wrestler; field blanked.]",S021;S022;S024;S124
tatanka,Tatanka,,UNKNOWN,M,1961-06-08,PROBABLE,,,,UNKNOWN,American,UNKNOWN,,,,,,,No bio data in either source this pass.,S027;S028;S571;S024
yokozuna,Yokozuna,Rodney Agatupu Anoa'i,PROBABLE,M,1966-10-02,PROBABLE,2000-10-23,,"San Francisco, California, U.S.",PROBABLE,American,UNKNOWN,,,2012,,,,Winner of this match; billed at 505lbs per S028. No bio data in either source this pass.,S022;S027;S028;S137;S024
jerry-lawler,Jerry Lawler,Jerry O'Neil Lawler,PROBABLE,M,1949-11-29,PROBABLE,,,"Memphis, Tennessee, U.S.",PROBABLE,American,UNKNOWN,,,,,,,No bio data in either source this pass.,S022;S027;S024
genichiro-tenryu,Genichiro Tenryu,Genichiro Shimada,PROBABLE,M,1950-02-02,PROBABLE,,,"Katsuyama, Fukui, Japan",PROBABLE,Japanese,UNKNOWN,,,,,,,No bio data in either source this pass.,S022;S027;S024
damien-demento,Damien Demento,Phillip Theis,PROBABLE,M,1958-06-25,PROBABLE,,,"Long Island, New York, U.S.",PROBABLE,American,UNKNOWN,,,,,,,Ring-time uncertainty during the Giant Gonzalez angle -- see F055. No bio data in either source this pass.,S022;S027
carlos-colon,Carlos Colon,Carlos Edwin Colón González,PROBABLE,M,1948-07-18,PROBABLE,,,"Santa Isabel, Puerto Rico",PROBABLE,Puerto Rican,UNKNOWN,,,,,,,No bio data in either source this pass.,S022;S027;S028;S024
fatu,Fatu,Solofa Fatu Jr.,PROBABLE,M,1965-10-11,PROBABLE,,,"San Francisco, California, U.S.",PROBABLE,American,UNKNOWN,,,2015,PROBABLE,,,No bio data in either source this pass.,S022;S027;S028;S572
samu,Samu,Samuel Fred Anoa'i,PROBABLE,M,1963-05-29,PROBABLE,,,"San Francisco, California, U.S.",PROBABLE,American,UNKNOWN,,,,,,,No bio data in either source this pass.,S022;S027;S028;S024
max-moon,Max Moon,Thomas Boric,PROBABLE,M,1961-05-11,PROBABLE,,,"Zagreb, Croatia",PROBABLE,Canadian-Croatia,UNKNOWN,,,,,Paul Diamond; Kato,,No bio data in either source this pass.,S022; S027; S024; S2134
papa-shango,Papa Shango,Charles Wright,PROBABLE,M,1961-05-16,PROBABLE,,,"Las Vegas, Nevada, U.S.",PROBABLE,American,UNKNOWN,,,2016,PROBABLE,The Godfather; The Goodfather; Kama,,No bio data in either source this pass.,S022; S027; S565; S024
bob-backlund,Bob Backlund,Robert Louis Backlund,PROBABLE,M,1949-08-14,PROBABLE,,,"Princeton, Minnesota, U.S.",PROBABLE,American,UNKNOWN,,,,,,,"Iron-man performance, survived 61m 16s -- see F055 for the ring-time uncertainty during the Giant Gonzalez angle. No bio data in either source this pass.",S022;S027;S028;S024
giant-gonzalez,Giant Gonzalez,,UNKNOWN,M,,UNKNOWN,2010-09-22,PROBABLE,,UNKNOWN,Argentine,UNKNOWN,,,,,,,"NOT an official Rumble entrant -- ran in specifically to attack The Undertaker (see F053), explicitly excluded from S027's own 'Active Wrestlers' ring-crowdedness count. Former Argentine basketball player billed at 7'7"" per S028; wrestled as El Gigante in WCW prior. No bio data in either source this pass. [HOF field corrected 2026-09-18: this field previously held stray text (""El Gigante (WCW)""), a leftover scratch note from this row's original creation, not real Hall of Fame data -- see F333. No WWE Hall of Fame induction found for this wrestler; field blanked.]",S027;S028;S124;S1820;S022;S024
bam-bam-bigelow,Bam Bam Bigelow,Scott Charles Bigelow,PROBABLE,M,1961-09-01,PROBABLE,2007-01-19,,"Mount Laurel, New Jersey, U.S.",PROBABLE,American,UNKNOWN,,,,,,,"S029's Rumble participant list shortens this to 'Bam Bigelow', but the same document's own undercard results ('Tatanka pinned Bam Bam Bigelow') confirms the full ring name -- same person, not a separate wrestler. No bio data in either source this pass.",S022;S029;S136;S024
adam-bomb,Adam Bomb,Bryan Emmett Clark,PROBABLE,M,1964-03-14,PROBABLE,,,"Harrisburg, Pennsylvania, U.S.",PROBABLE,American,UNKNOWN,,,,,Wrath; Bryan Clark; The Nightstalker,,No bio data in either source this pass.,S022; S029; S024; S2128
doink,Doink,Ray Licameli,PROBABLE,M,,UNKNOWN,,,"Hasbrouck Heights, New Jersey, U.S.",PROBABLE,American,UNKNOWN,,,,,Ray Apollo,,"S029 credits this Doink performance specifically to 'Phil Apollo' -- multiple performers played the Doink gimmick over the years, so this wrestler_id represents the Phil Apollo performance specifically, not the gimmick generally. No bio data in either source this pass. [HOF field corrected 2026-09-18: this field previously held stray text (""Doink The Clown""), a leftover scratch note from this row's original creation, not real Hall of Fame data -- see F333. No WWE Hall of Fame induction found for this wrestler; field blanked.]",S022;S029;S124
diesel,Diesel,Kevin Scott Nash,PROBABLE,M,1959-07-09,PROBABLE,,,"Detroit, Michigan, U.S.",PROBABLE,American,UNKNOWN,,,2015,,,,No bio data in either source this pass.,S022;S029;S123;S124;S024
great-kabuki,Great Kabuki,Akihisa Mera,PROBABLE,M,1948-09-08,PROBABLE,,,"Nobeoka, Japan",PROBABLE,Japanese,UNKNOWN,,,,,,,No bio data in either source this pass.,S022;S029;S024
jeff-jarrett,Jeff Jarrett,Jeffrey Leonard Jarrett,PROBABLE,M,1967-07-14,PROBABLE,,,"Hendersonville, Tennessee, U.S.",PROBABLE,American,UNKNOWN,,,2018,PROBABLE,,,No bio data in either source this pass.,S022;S029;S587;S024
kwang,Kwang,Juan Rivera,PROBABLE,M,1964-08-10,PROBABLE,,,"Vega Alta, Puerto Rico",PROBABLE,Puerto Rican,UNKNOWN,,,,,Savio Vega; TNT,,No bio data in either source this pass.,S022; S029; S588
mo,Mo,Robert Lawrence Horne,PROBABLE,M,1967-04-13,PROBABLE,2025-10-19,PROBABLE,"Monroe, North Carolina, U.S.",PROBABLE,American,UNKNOWN,,,,,,,"One half of Men on a Mission (w/ Mabel). No bio data in either source this pass. [HOF field corrected 2026-09-18: this field previously held stray text (""Men on a Mission""), a leftover scratch note from this row's original creation, not real Hall of Fame data -- see F333. No WWE Hall of Fame induction found for this wrestler; field blanked.]",S022;S029;S124;S1821;S024
mabel,Mabel,Nelson Lee Frazier Jr.,PROBABLE,M,1971-02-14,PROBABLE,2014-02-18,,"Goldsboro, North Carolina, U.S.",PROBABLE,American,UNKNOWN,,,,,Viscera; Big Daddy V,,"One half of Men on a Mission (w/ Mo). No bio data in either source this pass. Identity-merged with this database's former 'viscera' wrestler_id (RR2000M entrant) by the 1998-2002 fact-check pass -- 2 independent sources (Wikipedia's 'Viscera (wrestler)' article and thesmackdownhotel.com/PWDB's career-timeline profile) both explicitly list 'Mabel' and 'Viscera' as ring names of the same performer, Nelson Lee Frazier Jr. Died 2014-02-18 (heart attack), per Wikipedia. See F127 (resolved). [HOF field corrected 2026-09-18: this field previously held stray text (""Men on a Mission""), a leftover scratch note from this row's original creation, not real Hall of Fame data -- see F333. No WWE Hall of Fame induction found for this wrestler; field blanked.]",S022;S024;S029;S124
sparky-plugg,Sparky Plugg,Robert William Howard,PROBABLE,M,1963-01-29,PROBABLE,,,"Glendale, California, U.S.",PROBABLE,American,UNKNOWN,,,,,,,"No identity connection to any other wrestler stated in either source this pass -- see F062. No bio data in either source this pass. F106 (2026-09-26): real_name normalized to match bob-holly exactly (dropped self-referential parenthetical) so the site's same-performer detection links them, per Shane's explicit approval of the single-source Wikipedia evidence.",S022;S029
billy-gunn,Billy Gunn,Monty Kip Sopp,PROBABLE,M,1963-11-01,PROBABLE,,,"Orlando, Florida, U.S.",PROBABLE,American,UNKNOWN,,,2019,,,,"One half of The Smoking Gunns (w/ Bart Gunn). No bio data in either source this pass. [HOF field corrected 2026-09-18: this field previously held stray text (""The Smoking Gunns""), a leftover scratch note from this row's original creation, not real Hall of Fame data -- see F333. Confirmed genuine WWE Hall of Fame induction, 2019.]",S022;S029;S123;S124;S024
bart-gunn,Bart Gunn,Michael Polchlopek,PROBABLE,M,1965-12-27,PROBABLE,,,"Titusville, Florida, U.S.",PROBABLE,American,UNKNOWN,,,,,,,"One half of The Smoking Gunns (w/ Billy Gunn). No bio data in either source this pass. [HOF field corrected 2026-09-18: this field previously held stray text (""The Smoking Gunns""), a leftover scratch note from this row's original creation, not real Hall of Fame data -- see F333. No WWE Hall of Fame induction found for this wrestler; field blanked.]",S022;S029;S124;S024
rick-steiner,Rick Steiner,Robert Rechsteiner,PROBABLE,M,1961-03-09,PROBABLE,,,"Bay City, Michigan, U.S.",PROBABLE,American,UNKNOWN,,,2022,,,,"WWF debut per S028 (1993's chapter noted the Steiners' debut occurred at that show's undercard); first Rumble appearance is 1994. No bio data in either source this pass. [HOF field corrected 2026-09-18: this field previously held stray text (""The Steiner Brothers""), a leftover scratch note from this row's original creation, not real Hall of Fame data -- see F333. Confirmed genuine WWE Hall of Fame induction, 2022.]",S022;S029;S123;S124;S024
scott-steiner,Scott Steiner,Scott Rechsteiner,PROBABLE,M,1962-07-29,PROBABLE,,,"Bay City, Michigan, U.S.",PROBABLE,American,UNKNOWN,,,2022,,,,"One of the first two Rumble entrants this year (exact order vs. Samu not specified). No bio data in either source this pass. [HOF field corrected 2026-09-18: this field previously held stray text (""The Steiner Brothers""), a leftover scratch note from this row's original creation, not real Hall of Fame data -- see F333. Confirmed genuine WWE Hall of Fame induction, 2022.]",S022;S029;S123;S124;S024
lex-luger,Lex Luger,Lawrence Wendell Pfohl,PROBABLE,M,1958-06-02,PROBABLE,,,"Buffalo, New York, U.S.",PROBABLE,American,UNKNOWN,,,2025,PROBABLE,,,Co-credited winner of this match alongside Bret Hart -- see F060 for the full controversy. No bio data in either source this pass.,S022;S029;S598;S024
eli-blu,Eli Blu,Ronald Harris,PROBABLE,M,1960-10-23,PROBABLE,,,"Apopka, Florida, U.S.",PROBABLE,American,UNKNOWN,,,,,Ron Harris; Gerald; Eight-Ball; Ron Bruise,,"One half of The Blu Brothers (w/ Jacob Blu). No bio data in either source this pass. [HOF field corrected 2026-09-18: this field previously held stray text (""The Blu Brothers""), a leftover scratch note from this row's original creation, not real Hall of Fame data -- see F333. No WWE Hall of Fame induction found for this wrestler; field blanked.]",S022; S030; S124; S024; S601
duke-droese,Duke Droese,Michael David Droese,PROBABLE,M,1968-08-20,PROBABLE,,,"Lodi, California, U.S.",PROBABLE,American,UNKNOWN,,,,,,,No bio data in either source this pass.,S022;S030;S031;S024
jimmy-del-ray,Jimmy Del Ray,David Everett Ferrier,PROBABLE,M,1962-11-30,PROBABLE,2014-12-06,,"Grove City, Pennsylvania, U.S.",PROBABLE,American,UNKNOWN,,,,,,,"One half of The Heavenly Bodies (w/ Tom Prichard). No bio data in either source this pass. [HOF field corrected 2026-09-18: this field previously held stray text (""The Heavenly Bodies""), a leftover scratch note from this row's original creation, not real Hall of Fame data -- see F333. No WWE Hall of Fame induction found for this wrestler; field blanked.]",S022;S030;S031;S124;S137;S024
headshrinker-sione,Headshrinker Sione,Sione Havea Vailahi,PROBABLE,M,1958-09-06,PROBABLE,,,Tonga (billed from),PROBABLE,Tongan,UNKNOWN,,,,,The Barbarian; Barbarian,,"A third 'Headshrinker' distinct from Samu and Fatu, already in this database from 1993. No bio data in either source this pass. [HOF field corrected 2026-09-18: this field previously held stray text (""The Headshrinkers""), a leftover scratch note from this row's original creation, not real Hall of Fame data -- see F333. No WWE Hall of Fame induction found for this wrestler; field blanked.]",S022; S030; S124; S1530; S604
tom-prichard,Tom Prichard,Thomas Prichard,PROBABLE,M,1959-08-18,PROBABLE,,,"El Paso, Texas, U.S.",PROBABLE,American,UNKNOWN,,,,,Zip; Dr. Tom Prichard,,"One half of The Heavenly Bodies (w/ Jimmy Del Ray). No bio data in either source this pass. [HOF field corrected 2026-09-18: this field previously held stray text (""The Heavenly Bodies""), a leftover scratch note from this row's original creation, not real Hall of Fame data -- see F333. No WWE Hall of Fame induction found for this wrestler; field blanked.]",S022; S030; S031; S124; S024; S605
timothy-well,Timothy Well,Timothy Alan Smith,PROBABLE,M,1961-09-08,PROBABLE,2017-01-09,PROBABLE,"Geneva, New York, U.S.",PROBABLE,American,UNKNOWN,,,,,,,"One half of Well Dunn (w/ Steven Dunn). No bio data in either source this pass. [HOF field corrected 2026-09-18: this field previously held stray text (""Well Dunn""), a leftover scratch note from this row's original creation, not real Hall of Fame data -- see F333. No WWE Hall of Fame induction found for this wrestler; field blanked.]",S022;S030;S031;S124;S1822
jacob-blu,Jacob Blu,Donald Harris,PROBABLE,M,1960-10-23,PROBABLE,,,"Apopka, Florida, U.S.",PROBABLE,American,UNKNOWN,,,,,Don Harris; Patrick; Skull; Don Bruise,,"One half of The Blu Brothers (w/ Eli Blu). No bio data in either source this pass. [HOF field corrected 2026-09-18: this field previously held stray text (""The Blu Brothers""), a leftover scratch note from this row's original creation, not real Hall of Fame data -- see F333. No WWE Hall of Fame induction found for this wrestler; field blanked.]",S022; S030; S031; S124; S024; S601
king-kong-bundy,King Kong Bundy,Christopher Alan Pallies,PROBABLE,M,1955-11-07,PROBABLE,2019-03-04,,"Woodbury, New Jersey, U.S.",PROBABLE,American,UNKNOWN,,,,,,,No bio data in either source this pass.,S022;S030;S031;S136;S024
mantaur,Mantaur,Mike Halac,PROBABLE,M,1968-05-14,PROBABLE,,,"Omaha, Nebraska, U.S.",PROBABLE,American,UNKNOWN,,,,,,,No bio data in either source this pass.,S022;S030;S024
aldo-montoya,Aldo Montoya,Peter Joseph Polaco,PROBABLE,M,1973-10-16,PROBABLE,,,"Waterbury, Connecticut, U.S.",PROBABLE,American,UNKNOWN,,,,,Justin Credible; P. J. Polaco,,No bio data in either source this pass.,S022; S030; S031; S610
henry-godwinn,Henry Godwinn,Mark Canterbury,PROBABLE,M,1964-03-16,PROBABLE,,,"Washington, D.C., U.S.",PROBABLE,American,UNKNOWN,,,,,,,No bio data in either source this pass.,S022;S030;S031
steven-dunn,Steven Dunn,Steven Lyle Doll,PROBABLE,M,1960-12-09,PROBABLE,2009-03-22,PROBABLE,"Dallas, Texas, U.S.",PROBABLE,American,UNKNOWN,,,,,,,"One half of Well Dunn (w/ Timothy Well). No bio data in either source this pass. [HOF field corrected 2026-09-18: this field previously held stray text (""Well Dunn""), a leftover scratch note from this row's original creation, not real Hall of Fame data -- see F333. No WWE Hall of Fame induction found for this wrestler; field blanked.]",S022;S030;S031;S124;S1823
dick-murdoch,Dick Murdoch,Hoyt Richard Murdoch,PROBABLE,M,1946-08-16,PROBABLE,1996-06-15,,"Waxahachie, Texas, U.S.",PROBABLE,American,UNKNOWN,,,,,,,Deceased (per S031's 'the late Dick Murdoch'); a veteran making a one-off appearance. No bio data in either source this pass.,S022;S030;S031;S136;S024
doink-1995,Doink-1995,,UNKNOWN,M,,UNKNOWN,,,,UNKNOWN,American,UNKNOWN,,,,,,,"Distinct wrestler_id from 1994's 'Doink' (wrestler_id doink, credited there to 'Phil Apollo') -- no source connects the two appearances to the same performer this pass. See F071. [HOF field corrected 2026-09-18: this field previously held stray text (""Doink The Clown""), a leftover scratch note from this row's original creation, not real Hall of Fame data -- see F333. No WWE Hall of Fame induction found for this wrestler; field blanked.]",S030;S124;S022
1-2-3-kid,1-2-3 Kid,Sean Michael Waltman,PROBABLE,M,1972-07-13,PROBABLE,,,"Minneapolis, Minnesota, U.S.",PROBABLE,American,UNKNOWN,,,,,X-Pac; Syxx; Syxx-Pac; 6-Pac,,"No bio data in either source this pass. Identity-merged with this database's former 'x-pac' wrestler_id (RR1999M/RR2000M entrant) by the 1998-2002 fact-check pass -- 2 independent sources (Wikipedia's 'Sean Waltman' infobox and thesmackdownhotel.com/PWDB's career-timeline profile) both explicitly list '1-2-3 Kid' and 'X-Pac' as ring names of the same performer, Sean Michael Waltman. See F118 (resolved).",S022;S024;S032
dory-funk-jr,Dory Funk Jr.,Dorrance Earnest Funk,PROBABLE,M,1941-02-03,PROBABLE,,,"Hammond, Indiana, U.S.",PROBABLE,American,UNKNOWN,,,,,,,"Veteran, described as 'legendary' per S032. No bio data in either source this pass.",S022;S032;S024
doug-gilbert,Doug Gilbert,Douglas Gilbert,PROBABLE,M,1969-02-05,PROBABLE,,,"Lexington, Tennessee, U.S.",PROBABLE,American,UNKNOWN,,,,,,,Representing the USWA per S032. No bio data in either source this pass.,S022;S032
hakushi,Hakushi,Kensuke Shinzaki,PROBABLE,M,1966-12-02,PROBABLE,,,"Tokushima, Tokushima, Japan",PROBABLE,Japanese,UNKNOWN,,,,,Jinsei Shinzaki,,No bio data in either source this pass.,S022; S032; S024; S618
hunter-hearst-helmsley,Hunter Hearst Helmsley,Paul Michael Levesque,PROBABLE,M,1969-07-27,PROBABLE,,,"Nashua, New Hampshire, U.S.",PROBABLE,American,UNKNOWN,,,2025,,,,"First Rumble entrant (#1); lasted longest at ~48 minutes per S032 -- see F073. Real name per Wikipedia; Cagematch.net alone lists him under 'Jean-Paul Levesque' instead -- see F252 for this unresolved naming variant. [HOF field corrected 2026-09-18: this field previously held stray text (""Triple H""), a leftover scratch note from this row's original creation, not real Hall of Fame data -- see F333. Confirmed genuine WWE Hall of Fame induction, 2025.]",S022;S023;S032;S123;S124
bob-holly,Bob Holly,Robert William Howard,PROBABLE,M,1963-01-29,PROBABLE,,,"Glendale, California, U.S.",PROBABLE,American,UNKNOWN,,,,,,,No identity connection to any other wrestler stated in either source this pass -- see F078. No bio data in either source this pass.,S022;S032
barry-horowitz,Barry Horowitz,Barry Horowitz,PROBABLE,M,1960-03-24,PROBABLE,,,"St. Petersburg, Florida, U.S.",PROBABLE,American,UNKNOWN,,,,,,,No bio data in either source this pass.,S022;S032;S1685;S024
kama,Kama,Charles Wright,PROBABLE,M,1961-05-16,PROBABLE,,,"Las Vegas, Nevada, U.S.",PROBABLE,American,UNKNOWN,,,2016,PROBABLE,The Godfather; The Goodfather; Papa Shango,,Eliminated Kama... eliminated BY Diesel per S032's final-sequence narration -- see F076 for the identity caution. No bio data in either source this pass.,S022; S032; S565
takao-omori,Takao Omori,Takao Ōmori,PROBABLE,M,1969-10-16,PROBABLE,,,"Tokyo, Japan",PROBABLE,Japanese,UNKNOWN,,,,,,,Representing All-Japan Pro Wrestling per S032. No bio data in either source this pass.,S022;S032;S024
steve-austin,The Ringmaster,Steven James Anderson (later legally Williams),PROBABLE,M,1964-12-18,PROBABLE,,,"Austin, Texas, U.S.",PROBABLE,American,UNKNOWN,,,,,,,Steve Austin's Royal Rumble debut gimmick -- see F077 for why this wrestler_id is steve-austin rather than the-ringmaster. No bio data in either source this pass.,S022;S032;S024
headhunter-1,Headhunter #1,Manuel Santiago,PROBABLE,M,1968-08-11,PROBABLE,,,"New York, New York, U.S.",PROBABLE,American,UNKNOWN,,,,,Headhunter A; Mofat,,No bio data in either source this pass.,S022; S032; S024; S625
headhunter-2,Headhunter #2,Victor Santiago,PROBABLE,M,1968-08-11,PROBABLE,,,"New York, New York, U.S.",PROBABLE,American,UNKNOWN,,,,,Headhunter B; Mahim,,No bio data in either source this pass.,S022; S032; S625
vader,Vader,Leon Allen White,PROBABLE,M,1955-05-14,PROBABLE,2018-06-18,,"Lynwood, California, U.S.",PROBABLE,American,UNKNOWN,,,,,,,First WWF appearance per S032 -- 'at the beginning of what could have been a very successful run for him in the company.' No bio data in either source this pass.,S022;S032;S136;S024
savio-vega,Savio Vega,Juan Rivera,PROBABLE,M,1964-08-10,PROBABLE,,,,UNKNOWN,Puerto Rican,UNKNOWN,,,,,Kwang; TNT,,No bio data in either source this pass.,S032; S588; S024
isaac-yankem,Isaac Yankem,Glenn Thomas Jacobs,PROBABLE,M,1967-04-26,PROBABLE,,,"Torrejón de Ardoz, Spain",PROBABLE,American,UNKNOWN,,,2021,PROBABLE,,,No bio data in either source this pass.,S022;S032;S628
ahmed-johnson,Ahmed Johnson,Anthony Norris,PROBABLE,M,1963-06-06,PROBABLE,,,"Kokomo, Indiana, U.S.",PROBABLE,American,UNKNOWN,,,,,,,"One of the first two Rumble entrants this year (#2, after Crush). No bio data in either source this pass.",S022;S033;S034;S024
fake-razor-ramon,Fake Razor Ramon,Rick Bogner,CONFLICTING,M,1970-01-16,PROBABLE,,,,UNKNOWN,Canadian,UNKNOWN,,,,,Big Titan; Rick Titan,,"S034 gives the real name behind this decoy gimmick directly: Rick Bogner. Part of the storyline creating decoy versions of departed stars (the real Razor Ramon/Scott Hall had left for WCW). No other bio data in either source this pass. Real-name spelling conflict: S034 says 'Rick Bogner', Wikipedia says 'Rick Bognar' -- see F113.",S022; S033; S034; S1694; S024
phineas-godwinn,Phineas Godwinn,Dennis Knight,PROBABLE,M,1968-12-26,PROBABLE,,,"Clearwater, Florida, U.S.",PROBABLE,American,UNKNOWN,,,,,Mideon,,"Henry Godwinn's brother (Henry already in this database since 1995). No bio data in either source this pass. By January 1999 this performer (Dennis Knight) had moved on to the 'Mideon' gimmick as a member of The Undertaker's Ministry of Darkness -- credited under 'phineas-godwinn' here only because that is this database's existing wrestler_id for him (reused per the project's identity-consistency rule); he was not an official RR1999M entrant, only a ringside interferer. See F154.",S022;S033;S034
pierroth-jr,Pierroth Jr.,Norberto Salgado Salcedo,PROBABLE,M,1958-03-10,PROBABLE,,,"Cuernavaca, Morelos, Mexico",PROBABLE,Mexican,UNKNOWN,,,,,,,AAA (Mexican promotion) talent per S034. Exact ring-entry point not captured on camera -- see F083. No bio data in either source this pass.,S022;S033;S034
the-sultan,The Sultan,Solofa Fatu Jr.,PROBABLE,M,1965-10-11,PROBABLE,,,"San Francisco, California, U.S.",PROBABLE,American,UNKNOWN,,,2015,PROBABLE,,,No bio data in either source this pass.,S022;S033;S572
mil-mascaras,Mil Mascaras,Aarón Rodríguez Arellano,PROBABLE,M,1942-07-15,PROBABLE,,,"San Luis Potosí, Mexico",PROBABLE,Mexican,UNKNOWN,,,2012,PROBABLE,,,Mexican wrestling legend per S034. Unconventional self-elimination -- see F082. No bio data in either source this pass.,S022;S033;S034;S1824;S024
goldust,Goldust,Dustin Patrick Runnels,PROBABLE,M,1969-04-11,PROBABLE,,,,UNKNOWN,American,UNKNOWN,,,,,,,No bio data in either source this pass.,S022;S033;S024
cibernetico,Cibernetico,Octavio López Arreola,PROBABLE,M,1975-04-12,PROBABLE,,,"Aguascalientes, Mexico",PROBABLE,Mexican,UNKNOWN,,,,,,,AAA (Mexican promotion) talent per S034. No bio data in either source this pass.,S022;S033;S034;S024
marc-mero,Marc Mero,Marc Mero,PROBABLE,M,1960-07-09,PROBABLE,,,"Buffalo, New York, U.S.",PROBABLE,American,UNKNOWN,,,,,,,"Eliminated at approximately the same time as Owen Hart -- exact moment missed by the camera, a replay was used -- see F083. No bio data in either source this pass.",S022;S033;S024
latin-lover,Latin Lover,Victor Manuel Reséndiz Ruiz,PROBABLE,M,1967-10-25,PROBABLE,,,"Monterrey, Nuevo León, Mexico",PROBABLE,Mexican,UNKNOWN,,,,,,,AAA (Mexican promotion) talent per S034. No bio data in either source this pass.,S022;S033;S034
faarooq,Faarooq,Ron Simmons,PROBABLE,M,1958-05-15,PROBABLE,,,"Perry, Georgia, U.S.",PROBABLE,American,UNKNOWN,,,2012,,,,S034 gives the real name behind this gimmick directly: Ron 'Faarooq' Simmons. No other bio data in either source this pass.,S022;S033;S034;S123;S124;S024
jesse-james,Jesse James,Brian Girard James,PROBABLE,M,1969-05-20,PROBABLE,,,,UNKNOWN,American,UNKNOWN,,,2019,,,,"S034 refers to this entrant as 'Road Dog Jesse James'. No bio data in either source this pass. [HOF field corrected 2026-09-18: this field previously held stray text (""Road Dog""), a leftover scratch note from this row's original creation, not real Hall of Fame data -- see F333. Confirmed genuine WWE Hall of Fame induction, 2019.]",S022;S033;S034;S123;S124;S024
fake-diesel,Fake Diesel,Glenn Thomas Jacobs,CONFIRMED,M,1967-04-26,PROBABLE,,,,UNKNOWN,American,UNKNOWN,,,2021,PROBABLE,,,"S033 gives the real name behind this decoy gimmick directly: Glen Jacobs. Part of the storyline creating decoy versions of departed stars (the real Diesel/Kevin Nash had left for WCW). No other bio data in either source this pass. Full name independently confirmed by Wikipedia (minor 'Glen'->'Glenn' spelling enrichment, not treated as a conflict).",S022;S033;S034;S1693;S628
rocky-maivia,Rocky Maivia,Dwayne Douglas Johnson,PROBABLE,M,1972-05-02,PROBABLE,,,"Hayward, California, U.S.",PROBABLE,American,CONFIRMED,Black and Samoan,,,,,,No bio data in either source this pass.,S022;S033;S1748;S1749
mankind,Mankind,Michael Francis Foley,PROBABLE,M,1965-06-07,PROBABLE,,,"Bloomington, Indiana, U.S.",PROBABLE,American,UNKNOWN,,,,,,,Mutually eliminated Terry Funk (and was eliminated by him) per S034's narrative. No bio data in either source this pass.,S022;S033;S034
flash-funk,Flash Funk,Charles Bernard Scaggs (also '2 Cold Scorpio'),PROBABLE,M,1965-10-25,PROBABLE,,,"Denver, Colorado, U.S.",PROBABLE,American,UNKNOWN,,,,,2 Cold Scorpio; Scorpio,,No bio data in either source this pass.,S022; S033; S024; S643
terry-funk,Terry Funk,Terrance Dee Funk,PROBABLE,M,1944-06-30,PROBABLE,2023-08-23,,"Hammond, Indiana, U.S.",PROBABLE,American,UNKNOWN,,,2009,,,,"WWF/wrestling veteran making his first appearance in this database -- no prior Rumble build (1988-1996) includes him, confirmed by checking every prior year's build script. Mutually eliminated Mankind (and was eliminated by him) per S034's narrative -- see F081's docstring note and the funk_mankind sim_group. No bio data in either source this pass.",S022;S033;S034;S131;S139;S024
bastion-booger,Bastion Booger,Mike Shaw,PROBABLE,M,1957-08-04,PROBABLE,2010-04-08,,"Winnipeg, Manitoba, Canada",PROBABLE,American,UNKNOWN,,,,,Makhan Singh; Bastion Booger; Man Mountain Rock; Mike Shaw; Norman the Lunatic,,"Advertised at entry #25 for the 1994 Royal Rumble but withdrew before the match due to illness (Wikipedia says 'illness'; WWE.com's own retrospective specifically says food poisoning) -- never actually entered the ring. Modeled the same way as Randy Savage's 1991 no-show: entry_number populated, ring_time 00:00, no elimination event logged at all. See F091.",S035; S022; S024; S600
cactus-jack,Cactus Jack,Michael Francis Foley,PROBABLE,M,1965-06-07,PROBABLE,,,"Bloomington, Indiana, U.S.",PROBABLE,American,UNKNOWN,,,2013,PROBABLE,,,"One of three Mick Foley personas entered in this match (with Mankind, reused id, and Dude Love) -- see F111. Eliminated by Chainsaw Charlie (Terry Funk) at #1. Bio matches the existing 'mankind' wrestler row (same performer).",S022;S043;S642
steve-blackman,Steve Blackman,,UNKNOWN,M,1963-09-28,PROBABLE,,,"Annville, Pennsylvania, U.S.",PROBABLE,American,UNKNOWN,,,,,,,No bio data in this pass's source.,S022;S043;S024
bradshaw,Bradshaw,John Charles Layfield,PROBABLE,M,1966-11-29,PROBABLE,,,"Sweetwater, Texas, U.S.",PROBABLE,American,UNKNOWN,,,2020,,,,No bio data in this pass's source.,S022;S043;S123;S124;S024
tom-brandi,Tom Brandi,Thomas Brandi,PROBABLE,M,1966-07-09,PROBABLE,,,"Philadelphia, Pennsylvania, U.S.",PROBABLE,American,UNKNOWN,,,,,,,No bio data in this pass's source.,S022;S043
d-lo-brown,D-Lo Brown,Accie Julius Connor,PROBABLE,M,1973-10-22,PROBABLE,,,"Burlington, New Jersey, U.S.",PROBABLE,American,UNKNOWN,,,,,,,No bio data in this pass's source.,S022;S043;S024
chainz,Chainz,Brian Lee Harris,PROBABLE,M,1966-11-26,PROBABLE,,,"St. Petersburg, Florida, U.S.",PROBABLE,American,UNKNOWN,,,2020,PROBABLE,Brian Lee,,"Member of the Disciples of Apocalypse (DOA). Austin eliminated 'one of the members of DOA' late in the match, but S043 does not specify whether it was Chainz or Eight-Ball -- see F114. Real name/DOB/birthplace corroborated by 2 independent sources (Wikipedia + thesmackdownhotel.com, identical on all 3 fields). Ring name 'Chainz'; real name Brian Lee Harris was previously mistaken for a separate entrant -- see F115 (resolved).",S022;S024;S043;S645
eight-ball,Eight-Ball,Ronald Harris,PROBABLE,M,,UNKNOWN,,,"Apopka, Florida, U.S.",PROBABLE,American,UNKNOWN,,,,,Ron Harris; Gerald; Eli Blu; Ron Bruise,,"Member of the Disciples of Apocalypse (DOA). Austin eliminated 'one of the members of DOA' late in the match, but S043 does not specify whether it was Chainz or Eight-Ball -- see F114. DOB is a genuine 1-year conflict between sources (Wikipedia's 'Harris Brothers' article gives 1961-10-23, thesmackdownhotel.com gives 1960-10-23; day/month agree) -- left UNKNOWN in the structured dob field rather than guessing; see F142.",S022; S024; S043; S601
mark-henry,Mark Henry,Mark Jerrold Henry,PROBABLE,M,1971-06-12,PROBABLE,,,"Silsbee, Texas, U.S.",PROBABLE,American,UNKNOWN,,,2018,,,,No bio data in this pass's source.,S022;S043;S123;S124;S024
kurrgan,Kurrgan,Robert Maillet,PROBABLE,M,1969-10-26,PROBABLE,,,"Georgetown, Ontario, Canada",PROBABLE,Canadian,UNKNOWN,,,,,,,No bio data in this pass's source.,S022;S043;S024
dude-love,Dude Love,Michael Francis Foley,PROBABLE,M,1965-06-07,PROBABLE,,,"Bloomington, Indiana, U.S.",PROBABLE,American,UNKNOWN,,,2013,PROBABLE,,,"Third of three Mick Foley personas entered in this match (with Cactus Jack and Mankind, reused id) -- see F111. Entered #28; per S043's context appears to have been eliminated by Steve Austin during his late rampage (PROBABLE, contextually implied rather than explicitly stated -- see eliminations.csv note). Bio matches the existing 'mankind' wrestler row (same performer).",S022;S043;S642
mosh,Mosh,Chaz Warrington,PROBABLE,M,1971-05-28,PROBABLE,,,"Cherry Hill, New Jersey, U.S.",PROBABLE,American,UNKNOWN,,,,,,,Of the Headbangers tag team. No bio data in this pass's source.,S022;S043;S024
ken-shamrock,Ken Shamrock,Kenneth Wayne Kilpatrick,PROBABLE,M,1964-02-11,PROBABLE,,,"Warner Robins, Georgia, U.S.",PROBABLE,American,UNKNOWN,,,,,,,"Also wrestled earlier on the card, losing the I-C Title match to The Rock by DQ. No bio data in this pass's source.",S022;S043;S024
thrasher,Thrasher,Glenn Ruth,PROBABLE,M,1969-06-13,PROBABLE,,,"Camden, New Jersey, U.S.",PROBABLE,American,UNKNOWN,,,,,,,Of the Headbangers tag team ('Headbanger Thrasher' per S043). Eliminated by Steve Austin late in the match.,S022;S043;S024
brian-lee,Brian Lee,,UNKNOWN,M,,UNKNOWN,,,,UNKNOWN,American,UNKNOWN,,,,,,,"BUILD ERROR, corrected by the 1998-2002 fact-check pass: this wrestler_id was created from a misreading of S043's narrative mention of 'Brian Lee of DOA.' External research (S050, corroborated by S024) confirms Brian Lee Harris is the REAL NAME of the performer who competed as 'Chainz' (wrestler_id 'chainz') at this event -- there was no separate 'Brian Lee' entrant. This wrestler_id's RR1998M entrant/elimination rows have been removed; Brian Lee Harris's bio data is now recorded on 'chainz'. Retained here only for audit-trail purposes -- do not use for any entrant/elimination record. See F115 (resolved).",S043;S022;S024
golga,Golga,John Anthony Tenta Jr.,PROBABLE,M,1963-06-22,CONFIRMED,2006-06-07,,"Surrey, British Columbia, Canada",CONFIRMED,Canadian,UNKNOWN,,,,,Earthquake; John Tenta,,Real name given directly in S044's survival-time list ('Golga (John Tenta)').,S022; S044; S131; S024; S654
droz,Droz,Darren Alexander Drozdov,PROBABLE,M,1969-04-07,PROBABLE,2023-06-30,,"Mays Landing, Hamilton Township, New Jersey, U.S.",PROBABLE,American,UNKNOWN,,,,,,,Entrance timing affected by a 24-second camera cut -- see F120.,S022;S044;S045;S131;S139;S024
edge,Edge,Adam Joseph Copeland,PROBABLE,M,1973-10-30,PROBABLE,,,"Orangeville, Ontario, Canada",PROBABLE,Canadian,UNKNOWN,,,2012,,,,No bio data in either source this pass.,S022;S044;S045;S123;S124;S024
gillberg,Gillberg,Duane Gill,PROBABLE,M,1959-07-10,PROBABLE,,,"Glen Burnie, Maryland, U.S.",PROBABLE,American,UNKNOWN,,,,,,,Shortest survival time of the match (7 seconds) -- his entrance (40s) was 'more than 5 times as long as his survival time' per S044.,S022;S044;S024
dan-severn,Dan Severn,Daniel DeWayne Severn,PROBABLE,M,1958-06-08,PROBABLE,,,"Coldwater, Michigan, U.S.",PROBABLE,American,UNKNOWN,,,,,,,No bio data in either source this pass.,S022;S044;S024
tiger-ali-singh,Tiger Ali Singh,Gurjit Singh Hans,PROBABLE,M,1971-03-09,PROBABLE,,,"Toronto, Ontario, Canada",PROBABLE,Canadian,UNKNOWN,,,,,,,Entrance timing affected by a 33-second camera cut -- see F120.,S022;S044;S024
blue-meanie,Blue Meanie,Brian Heffron,PROBABLE,M,1973-05-18,PROBABLE,,,"Philadelphia, Pennsylvania, U.S.",PROBABLE,American,UNKNOWN,,,,,,,No bio data in either source this pass.,S022;S044;S024
gangrel,Gangrel,David William Heath,PROBABLE,M,1969-02-16,PROBABLE,,,,UNKNOWN,American,UNKNOWN,,,,,,,Also lost the WWF European Championship match to X-Pac earlier on the same card.,S022;S044;S045;S024
al-snow,Al Snow,Allen Ray Sarven,PROBABLE,M,1963-07-18,PROBABLE,,,"Lima, Ohio, U.S.",PROBABLE,American,UNKNOWN,,,,,,,No bio data in either source this pass.,S022;S044;S024
the-godfather,The Godfather,Charles Wright,PROBABLE,M,1961-05-16,PROBABLE,,,"Las Vegas, Nevada, U.S.",PROBABLE,American,UNKNOWN,,,2016,,The Goodfather; Papa Shango; Kama,,No bio data in either source this pass.,S022; S044; S123; S124; S024; S565
kane,Kane,Glenn Thomas Jacobs,PROBABLE,M,1967-04-26,PROBABLE,,,"Torrejon de Ardoz, Spain",PROBABLE,American,UNKNOWN,,,2021,,,,"S044 notes that, of the (then) 3 Rumble matches including Kane it had timed, his longest survival time was 1m36s -- this appearance (53s) is shorter still.",S022;S044;S123;S124;S024
x-pac,X-Pac,,UNKNOWN,M,,UNKNOWN,,,,UNKNOWN,American,UNKNOWN,,,2019,PROBABLE,,,"MERGED into 'the '1-2-3-kid' wrestler_id by the 1998-2002 fact-check pass -- 2 independent sources (Wikipedia + thesmackdownhotel.com/PWDB) confirm X-Pac and 1-2-3 Kid are the same performer, Sean Waltman. This wrestler_id's RR1999M/RR2000M entrant/elimination rows have been redirected to '1-2-3-kid'. Retained here only for audit-trail purposes -- do not use for any entrant/elimination record. See F118 (resolved).",S044;S045;S615;S022;S024
test,Test,Andrew James Robert Patrick Martin,PROBABLE,M,1975-03-17,PROBABLE,2009-03-13,,"Whitby, Ontario, Canada",PROBABLE,Canadian,UNKNOWN,,,,,,,No bio data in either source this pass.,S022;S044;S024
big-boss-man,Big Boss Man,Ray Washington Traylor Jr.,CONFIRMED,M,1963-05-02,CONFIRMED,2004-09-22,,"Marietta, Georgia, U.S.",PROBABLE,American,UNKNOWN,,,2016,,,,"Part of Vince McMahon's Corporation; 'the last to go' before the Austin/McMahon final confrontation -- probably Austin's 4th named elimination, see F119.",S022;S044;S045;S131;S024
val-venis,Val Venis,Sean Allen Morley,PROBABLE,M,1971-03-06,PROBABLE,,,"Oakville, Ontario, Canada",PROBABLE,Canadian,UNKNOWN,,,,,,,No bio data in either source this pass.,S022;S044;S024
chyna,Chyna,Joan Marie Laurer,PROBABLE,F,1969-12-27,PROBABLE,2016-04-17,,"Rochester, New York, U.S.",PROBABLE,American,UNKNOWN,,,,,,,"The final (#30) entrant. Per S044, the first woman to ever accumulate survival time in a Royal Rumble match. Credited with eliminating Mark Henry.",S022;S044;S131;S024
brian-christopher,Brian Christopher,Brian Christopher Lawler,PROBABLE,M,1972-01-10,PROBABLE,2018-07-29,,"Memphis, Tennessee, U.S.",PROBABLE,American,UNKNOWN,,,,,,,"Wrestled as 'Grandmaster Sexay' this event, entering #2. No bio data in this pass's source.",S022;S046;S131;S024
christian,Christian,William Jason Reso,PROBABLE,M,1973-11-30,PROBABLE,,,"Kitchener, Ontario, Canada",PROBABLE,Canadian,UNKNOWN,,,,,,,No bio data in this pass's source.,S022;S046;S024
rikishi,Rikishi,Solofa Fatu Jr.,PROBABLE,M,1965-10-11,PROBABLE,,,"San Francisco, California, U.S.",PROBABLE,American,UNKNOWN,,,,,,,"Entered #5; eliminated 7 opponents (unnamed individually, see F125) before being gang-eliminated by ~8 wrestlers halfway through the match.",S022;S046;S024
scott-taylor,Scott Taylor,Scott Ronald Garland,PROBABLE,M,,UNKNOWN,,,"Westbrook, Maine, U.S.",PROBABLE,American,UNKNOWN,,,,,Scotty 2 Hotty; Too Hot,,"No bio data in this pass's source. Identity-merged with this database's former 'scotty-2-hotty' wrestler_id (RR2001M/RR2002M entrant) by the 1998-2002 fact-check pass -- 2 independent sources (Wikipedia's 'Scotty 2 Hotty' infobox, listing 'Scott Taylor' and 'Scotty 2 Hotty' as sequential ring names of the same performer, Scott Ronald Garland; thesmackdownhotel.com/PWDB's career-timeline profile, sequencing 'Scott Taylor' Nov 1989-Feb 1999 directly into 'Scotty 2 Hotty' from Mar 1999) confirm the identity. See F132 (resolved).",S022;S024;S046
viscera,Viscera,,UNKNOWN,M,,UNKNOWN,2014-02-18,PROBABLE,,UNKNOWN,American,UNKNOWN,,,,,,,"MERGED into the 'mabel' wrestler_id by the 1998-2002 fact-check pass -- 2 independent sources (Wikipedia + thesmackdownhotel.com/PWDB) confirm Viscera and Mabel are the same performer, Nelson Lee Frazier Jr. This wrestler_id's RR2000M entrant row has been redirected to 'mabel'. Retained here only for audit-trail purposes -- do not use for any entrant/elimination record. See F127 (resolved).",S046;S1825;S024
chris-jericho,Chris Jericho,Christopher Keith Irvine,PROBABLE,M,1970-11-09,PROBABLE,,,"Manhasset, New York, U.S.",PROBABLE,Canadian-American,UNKNOWN,,,,,,,Also competed in the same night's I-C Title three-way match. No bio data in this pass's source.,S022;S046;S024
crash-holly,Crash Holly,,UNKNOWN,M,1971-08-25,PROBABLE,2003-11-06,,"Anaheim, California, U.S.",PROBABLE,American,UNKNOWN,,,,,,,Eliminated by The Rock. No bio data in this pass's source.,S024;S046;S060;S1688;S022
prince-albert,Prince Albert,Matthew Jason Bloom,CONFIRMED,M,1972-11-14,PROBABLE,,,"Peabody, Massachusetts, U.S.",PROBABLE,American,UNKNOWN,,,,,A-Train,,"Eliminated by Kane. No bio data in this pass's source. Identity-merged with this database's former 'a-train' wrestler_id (RR2003M/RR2004M entrant) by the 2003-2007 fact-check pass -- see F170 (resolved). Also entered as A-Train at RR2003M (#25, eliminated by Kane & Rob Van Dam, shared) and RR2004M (#16, eliminated by Chris Benoit).",S022;S024;S046;S073
hardcore-holly,Hardcore Holly,,UNKNOWN,M,1963-01-29,PROBABLE,,,"Glendale, California, U.S.",PROBABLE,American,UNKNOWN,,,,,,,Also competed in the same night's I-C Title three-way match. No bio data in this pass's source.,S022;S046;S592;S024
big-show,Big Show,Paul Donald Wight II,PROBABLE,M,1972-02-08,PROBABLE,,,"Aiken, South Carolina, U.S.",PROBABLE,American,UNKNOWN,,,,,,,"Entered #26 as one of the match's '2nd big star,' eliminating Test and Gangrel before being eliminated by X-Pac, then eliminating X-Pac himself, then eliminated by The Rock for the win amid a missed-call controversy -- see F126.",S022;S046;S024
jeff-hardy,Jeff Hardy,Jeffrey Nero Hardy,PROBABLE,M,1977-08-31,PROBABLE,,,"Cameron, North Carolina, U.S.",PROBABLE,American,UNKNOWN,,,,,,,One of the match's first two entrants (#1); eliminated Matt Hardy (mutual) after the two eliminated Bull Buchanan together.,S022;S047;S048;S024
bull-buchanan,Bull Buchanan,Barry Buchanan,PROBABLE,M,1968-01-15,PROBABLE,,,"Bowdon, Georgia, U.S.",PROBABLE,American,UNKNOWN,,,,,,,"One of the match's first two entrants (#2); eliminated by the Hardys together, the match's first elimination.",S022;S047;S048;S024
matt-hardy,Matt Hardy,Matthew Moore Hardy,PROBABLE,M,1974-09-23,PROBABLE,,,"Cameron, North Carolina, U.S.",PROBABLE,American,UNKNOWN,,,,,,,"Entered #3 per S048. Eliminated Bull Buchanan (with Jeff Hardy), then mutually eliminated Jeff Hardy.",S022;S047;S048;S024
drew-carey,Drew Carey,Drew Allison Carey,PROBABLE,M,1958-05-23,PROBABLE,,,"Cleveland, Ohio, U.S.",PROBABLE,American,UNKNOWN,,,2011,PROBABLE,,,"Celebrity entrant, entering #5 per S048 to promote a PPV special. Tried to bribe Kane, then self-eliminated by jumping over the top rope.",S022;S047;S048;S679;S024
raven,Raven,Scott Levy,PROBABLE,M,1964-09-08,PROBABLE,,,"Philadelphia, Pennsylvania, U.S.",PROBABLE,American,UNKNOWN,,,,,,,No bio data in either source this pass.,S022;S047;S048;S024
perry-saturn,Perry Saturn,Perry Arthur Satullo,PROBABLE,M,1966-10-25,PROBABLE,,,"Cleveland, Ohio, U.S.",PROBABLE,American,UNKNOWN,,,,,,,One of Kane's record-setting 11 eliminations.,S022;S047;S048;S024
william-regal,William Regal,Darren Kenneth Matthews,PROBABLE,M,1968-05-10,PROBABLE,,,"Codsall, Staffordshire, England",PROBABLE,English,UNKNOWN,,,,,,,No bio data in either source this pass.,S022;S047;S024
tazz,Tazz,Peter Senerchia,PROBABLE,M,1967-10-11,PROBABLE,,,"Brooklyn, New York, U.S.",PROBABLE,American,UNKNOWN,,,,,,,"Not an existing wrestler_id despite a mention in this database's 2000 build (undercard-only that year, not a Rumble entrant) -- created fresh here as his first actual Rumble appearance.",S022;S047;S048;S024
k-kwik,K-Kwik,Ronnie Aaron Killings,PROBABLE,M,1972-01-19,PROBABLE,,,"Charlotte, North Carolina, U.S.",PROBABLE,American,UNKNOWN,,,,,,,No bio data in either source this pass. Later known as 'R-Truth.',S022;S047;S048
scotty-2-hotty,Scotty 2 Hotty,,UNKNOWN,M,,UNKNOWN,,,,UNKNOWN,American,UNKNOWN,,,,,,,"MERGED into the 'scott-taylor' wrestler_id by the 1998-2002 fact-check pass -- 2 independent sources (Wikipedia + thesmackdownhotel.com/PWDB) confirm Scotty 2 Hotty and Scott Taylor are the same performer, Scott Ronald Garland. This wrestler_id's RR2001M/RR2002M entrant/elimination rows have been redirected to 'scott-taylor'. Retained here only for audit-trail purposes -- do not use for any entrant/elimination record. See F132 (resolved).",S047;S048;S024
booker-t,Booker T,Booker T. Huffman Jr.,PROBABLE,M,1965-03-01,PROBABLE,,,"Plain Dealing, Louisiana, U.S.",PROBABLE,American,UNKNOWN,,,2013,,,,"Entered #30 (the final entrant); eliminated Rob Van Dam, then was Stunnered and eliminated by Steve Austin. Wikipedia notes his birthplace 'is often misidentified as Houston, Texas.'",S022;S049;S123;S124;S024
chuck-palumbo,Chuck Palumbo,Charles Ronald Palumbo,PROBABLE,M,1971-06-15,PROBABLE,,,"West Warwick, Rhode Island, U.S.",PROBABLE,American,UNKNOWN,,,,,,,Eliminated by Steve Austin.,S022;S049;S024
diamond-dallas-page,Diamond Dallas Page,Page Joseph Falkinburg Jr.,PROBABLE,M,1956-04-05,PROBABLE,,,"Point Pleasant, New Jersey, U.S.",PROBABLE,American,UNKNOWN,,,2017,,,,No bio data in this pass's source.,S022;S049;S123;S124;S024
kurt-angle,Kurt Angle,Kurt Steven Angle,PROBABLE,M,1968-12-09,PROBABLE,,,"Mt. Lebanon, Pennsylvania, U.S.",PROBABLE,American,UNKNOWN,,,2017,,,,"Entered #26. Reached the Final Four, eliminating Steve Austin, before being eliminated by Triple H for the win.",S022;S049;S123;S124;S024
lance-storm,Lance Storm,Lance Timothy Evers,PROBABLE,M,1969-04-03,PROBABLE,,,"Sarnia, Ontario, Canada",PROBABLE,Canadian,UNKNOWN,,,,,,,No bio data in this pass's source.,S022;S049;S024
maven,Maven,Maven Klate Huffman,PROBABLE,M,1976-11-26,PROBABLE,,,"Nashville, Tennessee, U.S.",PROBABLE,American,UNKNOWN,,,,,,,"Entered #11. Scored one of the most famous surprise eliminations in Royal Rumble history, dropkicking The Undertaker over the top rope.",S022;S049;S024
rob-van-dam,Rob Van Dam,Robert Szatkowski,PROBABLE,M,1970-12-18,PROBABLE,,,"Battle Creek, Michigan, U.S.",PROBABLE,American,UNKNOWN,,,2021,,,,Entered #29; hit a Frog Splash on Kurt Angle before being Pedigreed by Triple H and eliminated by Booker T -- see F138.,S022;S049;S123;S124;S024
the-hurricane,The Hurricane,Gregory Shane Helms,PROBABLE,M,1974-07-12,PROBABLE,,,"Smithfield, North Carolina, U.S.",PROBABLE,American,UNKNOWN,,,,,,,Ran into Steve Austin and Triple H and was eliminated by the two of them together -- see F137.,S022;S049;S024
skull,Skull,Donald Harris,PROBABLE,M,,UNKNOWN,,,"Apopka, Florida, U.S.",PROBABLE,American,UNKNOWN,,,,,Don Harris; Jacob Blu; Patrick; Don Bruise,,"Twin brother of Eight-Ball (Ron Harris). Advertised for entry #22 at this event but never physically entered the match -- per S050, 'attacked by Los Boricuas prior to the Royal Rumble match when they mistook him for Stone Cold Steve Austin,' independently corroborated by S053. Same DOB-year conflict as his twin -- see F142.",S022; S024; S601
chris-nowinski,Chris Nowinski,Christopher John Nowinski,PROBABLE,M,1978-09-24,PROBABLE,,,,UNKNOWN,American,UNKNOWN,,,,,,,"Rookie entrant (#3); lingered outside the ring during his own entrance window before finally sliding in, then eliminated by Rey Mysterio. Per S065, this was his final WWE TV appearance until a 2011 'Cena This Is Your Life' cameo.",S022;S065;S066;S024
rey-mysterio,Rey Mysterio,Oscar Gutierrez Rubio,PROBABLE,M,1974-12-11,PROBABLE,,,"Chula Vista, California, U.S.",PROBABLE,American,CONFIRMED,Mexican heritage,,2023,,,,Entered #4; eliminated Chris Nowinski.,S022;S065;S066;S123;S124;S1735;S1736;S024
chavo-guerrero,Chavo Guerrero,Salvador Guerrero IV,PROBABLE,M,1970-10-20,PROBABLE,,,"El Paso, Texas, U.S.",PROBABLE,American,UNKNOWN,,,,,,,Entered #7 as 'Chavo Guerrero Jr.' per the Match Results list.,S022;S065;S066;S024
yoshihiro-tajiri,Yoshihiro Tajiri,Yoshihiro Tajiri,PROBABLE,M,1970-09-29,PROBABLE,,,"Tamana, Kumamoto, Japan",PROBABLE,Japanese,UNKNOWN,,,,,,,Entered #8; billed simply as 'Tajiri' in the Match Results list.,S022;S065;S066
bill-demott,Bill DeMott,William Charles DeMott II,PROBABLE,M,1966-11-10,PROBABLE,,,"Ridgewood, New Jersey, U.S.",PROBABLE,American,UNKNOWN,,,,,Hugh Morrus; General Rection; Gen. Rection,,Entered #9. No bio data in either source this pass.,S022; S065; S066; S024; S698
tommy-dreamer,Tommy Dreamer,Thomas James Laughlin,PROBABLE,M,1971-02-13,PROBABLE,,,"Yonkers, New York, U.S.",PROBABLE,American,UNKNOWN,,,,,,,Entered #10; busted Jericho open hardway with a cane shot.,S022;S065;S066;S024
eddie-guerrero,Eddie Guerrero,Eduardo Gory Guerrero Llanes,PROBABLE,M,1967-10-09,PROBABLE,2005-11-13,,"El Paso, Texas, U.S.",PROBABLE,American,UNKNOWN,,,2006,,,,Entered #14. No individually-named elimination credit either way this pass.,S022;S065;S066;S123;S124;S024
john-cena,John Cena,John Felix Anthony Cena,PROBABLE,M,1977-04-23,PROBABLE,,,"West Newbury, Massachusetts, U.S.",PROBABLE,American,UNKNOWN,,,,,,,Entered #18 to a long rapping entrance; eliminated by The Undertaker.,S022;S065;S066;S024
charlie-haas,Charlie Haas,Charles Doyle Haas II,PROBABLE,M,1972-03-27,PROBABLE,,,"Edmond, Oklahoma, U.S.",PROBABLE,American,UNKNOWN,,,,,,,Entered #19 as one half of 'Team Angle' with Shelton Benjamin; eliminated together by Brock Lesnar.,S022;S065;S066;S024
jamal,Jamal,Edward Smith Fatu,PROBABLE,M,1973-03-28,PROBABLE,2009-12-04,,American Samoa,PROBABLE,Samoan-American,UNKNOWN,,,,,Umaga,,"Entered #21. No individually-named elimination credit either way this pass. Later wrestled as Umaga -- not merged with any future identity absent 2 independent sources. Very likely the same performer who later wrestled as Umaga (2007) -- see F198 (2007 fact-check pass) for the identity-merge status. Identity-merged with this database's former 'umaga' wrestler_id (RR2007M same-card opponent, not a Rumble entrant that year) by the 2003-2007 fact-check pass -- see F198 (resolved).",S022;S024;S052;S065;S066;S073;S131
shelton-benjamin,Shelton Benjamin,Shelton James Benjamin,PROBABLE,M,1975-07-09,PROBABLE,,,"Orangeburg, South Carolina, U.S.",PROBABLE,American,UNKNOWN,,,,,,,Entered #23 as one half of 'Team Angle' with Charlie Haas; eliminated together by Brock Lesnar.,S022;S065;S066;S024
a-train,A-Train,,UNKNOWN,M,,UNKNOWN,,,,UNKNOWN,American,UNKNOWN,,,,,,,"Entered #25. Very likely the same performer (Matt Bloom) as this database's existing 'prince-albert' wrestler_id, but not stated directly by either source this pass -- left unmerged. See F170. MERGED into 'prince-albert' by the 2003-2007 fact-check pass -- 2 independent sources (Wikipedia's 'Matt Bloom' article, stating he is 'best known... as Prince Albert, Albert and A-Train'; Cagematch.net's own wrestler-profile page, which structurally merges both ring names under one canonical entry) confirm the identity. This wrestler_id's RR2003M/RR2004M entrant/elimination rows have been redirected to 'prince-albert.' Retained here only for audit-trail purposes -- do not use for any entrant/elimination record. See F170 (resolved).",S065;S066;S022
batista,Batista,David Michael Bautista Jr.,PROBABLE,M,1969-01-18,PROBABLE,,,"Washington, D.C., U.S.",PROBABLE,American,PROBABLE,Greek and Filipino heritage,,,,,,"Entered #28; reached the Final Four before being eliminated by The Undertaker, then re-entered with a chair as (uncredited) interference -- see F171.",S022;S065;S066;S1750;S024
brock-lesnar,Brock Lesnar,Brock Edward Lesnar,PROBABLE,M,1977-07-12,PROBABLE,,,"Webster, South Dakota, U.S.",PROBABLE,American,UNKNOWN,,,,,,,"Earned his Rumble slot by defeating Big Show in the opening match, then entered #29 and won the Royal Rumble, eliminating Matt Hardy, Team Angle (Haas and Benjamin), and The Undertaker for the win -- setting up his WrestleMania 19 WWE Title match against Kurt Angle.",S022;S065;S066;S024
chris-benoit,Chris Benoit,Christopher Michael Benoit,PROBABLE,M,1967-05-21,PROBABLE,2007-06-24,,"Montreal, Quebec, Canada",PROBABLE,Canadian,UNKNOWN,,,,,,,Not a Rumble entrant this year -- lost a widely-praised WWE Championship match to Kurt Angle earlier on the same card. Created here for reuse in later builds where he is a Rumble entrant.,S022;S066;S024
rosey,Rosey,,UNKNOWN,M,1970-04-07,PROBABLE,2017-04-17,,,UNKNOWN,American,UNKNOWN,,,,,,,"Entered #16 per S065's Cageside timing data, but omitted from S066's 'Match Results' named participant list -- a document-internal inconsistency. See F166.",S022;S065;S024
randy-orton,Randy Orton,Randal Keith Orton,PROBABLE,M,1980-04-01,PROBABLE,,,"Knoxville, Tennessee, U.S.",PROBABLE,American,UNKNOWN,,,,,,,Entered #2. Eliminated Shelton Benjamin and (jointly with Benoit) Ernest Miller before being eliminated by Mick Foley in a simultaneous double-clothesline spot -- see F176.,S022;S067;S024
rhyno,Rhyno,Terrance Guido Gerin,PROBABLE,M,1975-10-07,PROBABLE,,,"Detroit, Michigan, U.S.",PROBABLE,American,UNKNOWN,,,,,,,Eliminated by Chris Benoit.,S022;S067;S024
matt-morgan,Matt Morgan,Matthew Thomas Morgan,PROBABLE,M,1976-09-10,PROBABLE,,,"Fairfield, Connecticut, U.S.",PROBABLE,American,UNKNOWN,,,,,,,Eliminated by Chris Benoit.,S022;S067;S024
spike-dudley,Spike Dudley,,UNKNOWN,M,1970-08-13,PROBABLE,,,,UNKNOWN,American,UNKNOWN,,,,,,,No individually-named elimination credit either way this pass.,S067;S1697;S024
renee-dupree,Renee Dupree,Rene Goguen,PROBABLE,M,1983-12-15,PROBABLE,,,"Moncton, New Brunswick, Canada",PROBABLE,Canadian,UNKNOWN,,,,,,,Billed as 'Renee Dupree' in this database's source doc (more commonly spelled 'Rene Dupree'/'Rene Duprée'). No individually-named elimination credit either way this pass.,S022;S067
ernest-miller,Ernest Miller,Ernest Clifford Miller,PROBABLE,M,1964-01-14,PROBABLE,,,"Atlanta, Georgia, U.S.",PROBABLE,American,UNKNOWN,,,,,,,"Billed as 'The Cat.' Did his dance routine for comic relief, then was eliminated jointly by Chris Benoit and Randy Orton.",S022;S067;S024
rico,Rico,Americo Sabastiano Costantino,PROBABLE,M,1961-10-01,PROBABLE,,,"Las Vegas, Nevada, U.S.",PROBABLE,American,UNKNOWN,,,,,,,No individually-named elimination credit either way this pass.,S022;S067;S024
mick-foley,Mick Foley,Michael Francis Foley,PROBABLE,M,1965-06-07,PROBABLE,,,"Bloomington, Indiana, U.S.",PROBABLE,American,UNKNOWN,,,2013,,,,"Entered #21 under his real name (not a gimmick) as a surprise replacement for the advertised, storyline-attacked Test -- see F175. Eliminated Randy Orton in a simultaneous self-elimination spot ('Cactus Jack clothesline') -- see F176. Same performer as this database's existing mankind/cactus-jack/dude-love wrestler_ids (all separate, gimmick-based ids per this database's established convention -- see the '3 Faces of Foley' 1998 build), not merged with them.",S022;S067;S123;S124;S024
nunzio,Nunzio,James Maritato,PROBABLE,M,1972-03-12,PROBABLE,,,"Howard Beach, Queens, New York City, U.S.",PROBABLE,American,UNKNOWN,,,,,,,"Per S067, was 'technically in the match' but shown sitting on the floor outside the ring for a stretch before eventually being speared and eliminated by Bill Goldberg.",S022;S067;S024
bill-goldberg,Bill Goldberg,William Scott Goldberg,PROBABLE,M,1966-12-27,PROBABLE,,,"Tulsa, Oklahoma, U.S.",PROBABLE,American,UNKNOWN,,,,,,,"Entered #30, his only career Royal Rumble appearance. Spread dominance with spears (Big Show, Billy Gunn, Kurt Angle, Nunzio), eliminating Charlie Haas, Nunzio, and Billy Gunn, before Brock Lesnar's uncredited F5 run-in set up his elimination by Kurt Angle -- see F178.",S022;S067
daniel-puder,Daniel Puder,Daniel Puder,PROBABLE,M,1981-10-09,PROBABLE,,,"Cupertino, California, U.S.",PROBABLE,American,UNKNOWN,,,,,,,"Tough Enough winner-turned-rookie, entered #3. Chopped repeatedly by Benoit, Guerrero, and Holly as an initiation. No individually-named elimination credit either way this pass.",S022;S068;S069;S024
muhammad-hassan,Muhammad Hassan,Marc Julian Copani,PROBABLE,M,1981-11-07,PROBABLE,,,"Syracuse, New York, U.S.",PROBABLE,American,UNKNOWN,,,,,,,Billed 'Muhammed Hassan' in S069's Match Results list (spelling variant of 'Muhammad Hassan'). Entered #13; eliminated by a DERIVED 8-man group -- see F183.,S022;S068;S069;S024
kenzo-suzuki,Kenzo Suzuki,Kenzo Suzuki,PROBABLE,M,1974-07-25,PROBABLE,,,"Hekinan, Aichi, Japan",PROBABLE,Japanese,UNKNOWN,,,,,,,No individually-named elimination credit either way this pass.,S022;S068;S069;S024
jonathan-coachman,Jonathan Coachman,Jonathan William Coachman,PROBABLE,M,1973-08-12,PROBABLE,,,"McPherson, Kansas, U.S.",PROBABLE,American,UNKNOWN,,,,,,,"Had the 7th-longest survival time in the match (13:50), per S068. No individually-named elimination credit either way this pass.",S022;S068;S069;S024
luther-reigns,Luther Reigns,Matthew Robert Wiese,PROBABLE,M,1971-09-22,PROBABLE,,,"New York City, New York, U.S.",PROBABLE,American,UNKNOWN,,,,,,,One of the 8 wrestlers DERIVED to have jointly eliminated Muhammad Hassan -- see F183.,S022;S068;S069;S024
mark-jindrak,Mark Jindrak,Mark Robert Jindrak,PROBABLE,M,1977-06-26,PROBABLE,,,"Throop, New York, U.S.",PROBABLE,American,UNKNOWN,,,,,,,No individually-named elimination credit either way this pass.,S022;S068;S069;S024
gene-snitsky,Gene Snitsky,Eugene Alan Snisky,PROBABLE,M,1970-01-14,PROBABLE,,,"Nesquehoning, Pennsylvania, U.S.",PROBABLE,American,UNKNOWN,,,,,,,No individually-named elimination credit either way this pass.,S022;S068;S069;S024
orlando-jordan,Orlando Jordan,Orlando Mason Jordan,PROBABLE,M,1974-04-21,PROBABLE,,,"Salem, New Jersey, U.S.",PROBABLE,American,UNKNOWN,,,,,,,No individually-named elimination credit either way this pass.,S022;S068;S069;S024
paul-london,Paul London,Paul Michael London,PROBABLE,M,1980-04-16,PROBABLE,,,"Austin, Texas, U.S.",PROBABLE,American,UNKNOWN,,,,,,,"Took, per S069's teaser line, 'a ridiculous elimination bump' -- no individually-named eliminator given this pass.",S022;S068;S069;S024
simon-dean,Simon Dean,Michael Bucci,PROBABLE,M,1972-06-05,PROBABLE,,,"Toms River, New Jersey, U.S.",PROBABLE,American,UNKNOWN,,,,,Nova; Super Nova; Hollywood Nova; Mike Bucci,,Spent his entire entrance-buzzer waiting period outside the ring stretching and exercising. No individually-named elimination credit either way this pass.,S022; S068; S069; S024; S724
bobby-lashley,Bobby Lashley,Franklin Roberto Lashley,PROBABLE,M,1976-07-16,PROBABLE,,,"Junction City, Kansas, U.S.",PROBABLE,American,UNKNOWN,,,,,,,Entered #8; made to look strong in confrontations with Big Show and Kane before the two of them eliminated him together.,S022;S070;S024
carlito,Carlito,Carlos Edwin Colon Jr.,PROBABLE,M,1979-02-21,PROBABLE,,,"San Juan, Puerto Rico",PROBABLE,Puerto Rican,UNKNOWN,,,,,,,No individually-named elimination credit either way this pass. (One fetch this pass returned 'Colon Coates Jr.' as his real name -- very likely a spurious fetch artifact; the well-documented real name 'Carlos Edwin Colon Jr.' is used instead.),S022;S070;S024
joey-mercury,Joey Mercury,Adam Birch,PROBABLE,M,1979-07-18,PROBABLE,,,"Fairfax, Virginia, U.S.",PROBABLE,American,UNKNOWN,,,,,,,"One half of MNM with Johnny Nitro; 'made a nice showing' and was kept in the match a long time, per S070. No individually-named elimination credit either way this pass.",S022;S070;S024
road-warrior-animal,Road Warrior Animal,Joseph Michael Laurinaitis,PROBABLE,M,1960-09-12,PROBABLE,2020-09-22,,"Philadelphia, Pennsylvania, U.S.",PROBABLE,American,UNKNOWN,,,,,,,No individually-named elimination credit either way this pass.,S022;S070;S024
super-crazy,Super Crazy,Francisco Islas Rueda,PROBABLE,M,1973-12-03,PROBABLE,,,"Tulancingo, Hidalgo, Mexico",PROBABLE,Mexican,UNKNOWN,,,,,,,No individually-named elimination credit either way this pass.,S022;S070;S024
trevor-murdoch,Trevor Murdoch,William Theodore Mueller,PROBABLE,M,1980-09-10,PROBABLE,,,"Fredericktown, Missouri, U.S.",PROBABLE,American,UNKNOWN,,,,,,,No individually-named elimination credit either way this pass.,S022;S070;S024
chris-masters,Chris Masters,Christopher Todd Mordetzky,PROBABLE,M,1983-01-08,PROBABLE,,,"Santa Monica, California, U.S.",PROBABLE,American,UNKNOWN,,,,,Chris Adonis,,No individually-named elimination credit either way this pass.,S022; S070; S024; S738
eugene,Eugene,Nicholas David Dinsmore,PROBABLE,M,1975-12-17,PROBABLE,,,"Jeffersonville, Indiana, U.S.",PROBABLE,American,UNKNOWN,,,,,,,No individually-named elimination credit either way this pass.,S022;S070;S024
johnny-nitro,Johnny Nitro,John Randall Hennigan,PROBABLE,M,1979-10-03,PROBABLE,,,"Los Angeles, California, U.S.",PROBABLE,American,UNKNOWN,,,,,,,"One half of MNM with Joey Mercury; 'made a nice showing' and was kept in the match a long time, per S070. No individually-named elimination credit either way this pass.",S022;S070;S024
psicosis,Psicosis,Dionicio Castellanos Torres,PROBABLE,M,1971-05-19,PROBABLE,,,"Tijuana, Baja California, Mexico",PROBABLE,Mexican,UNKNOWN,,,,,,,"No individually-named elimination credit either way this pass; not mentioned in the narrative body, only the Match Results participant list.",S022;S070
sylvan-grenier,Sylvan Grenier,Sylvain Grenier,PROBABLE,M,1977-03-26,PROBABLE,,,"Varennes, Quebec, Canada",PROBABLE,Canadian,UNKNOWN,,,,,,,"No individually-named elimination credit either way this pass; not mentioned in the narrative body, only the Match Results participant list.",S022;S070;S024
shane-mcmahon,Shane McMahon,Shane Brandon McMahon,PROBABLE,M,1970-01-15,PROBABLE,,,"Gaithersburg, Maryland, U.S.",PROBABLE,American,UNKNOWN,,,,,,,"Not a Rumble entrant this year -- created solely to carry the eliminator credit for Shawn Michaels' elimination, which the narrative explicitly attributes to Shane despite him never being a legal competitor in the match. See F192.",S022;S070;S024
kenny-dykstra,Kenny Dykstra,Kenneth George Doane,PROBABLE,M,1986-03-16,PROBABLE,,,"Southbridge, Massachusetts, U.S.",PROBABLE,American,UNKNOWN,,,,,Kenny; Ken Doane,,Entered #3. No individually-named elimination credit either way this pass.,S022; S071; S072; S024; S742
sabu,Sabu,Terrance Michael Brunk,PROBABLE,M,,UNKNOWN,2025-05-11,,"Staten Island, New York, U.S.",PROBABLE,American,UNKNOWN,,,,,,,"One of the first-ever ECW Originals to appear in a Royal Rumble, entering #7. Set up a table under the ring during his entrance before eliminating -- being eliminated by Kane through that same table.",S022;S071;S072;S024
cm-punk,CM Punk,Phillip Jack Brooks,PROBABLE,M,1978-10-26,PROBABLE,,,"Chicago, Illinois, U.S.",PROBABLE,American,UNKNOWN,,,,,,,Entered #11 per this script's Cageside-buzzer derivation (S072's narrative instead states #12 -- see F195). DERIVED as the unnamed 7th of The Great Khali's 7 eliminations -- see F196.,S022;S071;S072;S024
the-sandman,The Sandman,James Fullington,PROBABLE,M,1963-06-16,PROBABLE,,,"Philadelphia, Pennsylvania, U.S.",PROBABLE,American,UNKNOWN,,,,,,,"One of the first-ever ECW Originals to appear in a Royal Rumble, entering #15. Had the shortest survival time of any entrant besides The Miz (0:13), after his trademark long, beer-smashing entrance through the crowd.",S022;S071;S072;S024
kevin-thorn,Kevin Thorn,Kevin Matthew Fertig,PROBABLE,M,1977-01-17,PROBABLE,,,"Memphis, Tennessee, U.S.",PROBABLE,American,UNKNOWN,,,,,,,No individually-named elimination credit either way this pass.,S022;S071;S072;S024
mvp,MVP,Alvin Antonio Burke Jr.,PROBABLE,M,1973-10-28,PROBABLE,,,"Liberty City, Miami, Florida, U.S.",PROBABLE,American,UNKNOWN,,,,,,,"Billed as Montel Vontavious Porter. Brought a chair back into the ring in the Final Four, setting up Orton's chair shot to Undertaker's face, before being eliminated by The Undertaker. Later legal name given as 'Hassan Hamid Assad' (Wikipedia) or 'Hassan Hamin Assad' (thesmackdownhotel.com) -- both sources agree on the dual-name structure, the spelling difference is very likely a minor typo variant of the same name.",S022;S071;S072;S024
the-great-khali,The Great Khali,Dalip Singh Rana,PROBABLE,M,1972-08-27,PROBABLE,,,"Dhiraina, Himachal Pradesh, India",PROBABLE,Indian,UNKNOWN,,,2021,,,,Entered #28 and eliminated 7 men in a 44-second span (see F196) before being clotheslined out by The Undertaker.,S022;S071;S072;S123;S124;S024
the-miz,The Miz,Michael Gregory Mizanin,PROBABLE,M,1980-10-08,PROBABLE,,,"Parma, Ohio, U.S.",PROBABLE,American,UNKNOWN,,,,,,,"Entered #29, the shortest survival time of any entrant (0:07) -- eliminated by The Great Khali almost immediately.",S022;S071;S072;S024
finlay,Finlay,David John Finlay Jr.,PROBABLE,M,1958-01-31,PROBABLE,,,"Carrickfergus, County Antrim, Northern Ireland",PROBABLE,Northern Irish,UNKNOWN,,,,,,,"Entered #2 (billed as 'Fit Finlay') and lasted 32:34, eliminated by Shawn Michaels.",S022;S071;S072
umaga,Umaga,,UNKNOWN,M,,UNKNOWN,2009-12-04,PROBABLE,,UNKNOWN,American,UNKNOWN,,,,,,,"Not a Rumble entrant this year -- lost a widely-praised Last Man Standing match to John Cena earlier on the same card. Very likely the same performer (Eddie Fatu) as this database's existing 'jamal' wrestler_id (2003 Rumble entrant), but not stated directly by any source consulted this pass -- left unmerged. See F198. MERGED into 'jamal' by the 2003-2007 fact-check pass -- 3 independent sources (Wikipedia's Royal Rumble 2003 entrant table, hyperlinking 'Jamal' directly to the 'Umaga (wrestler)' article; prowrestling.fandom.com's 'Eddie Fatu' page, explicitly stating he 'was known as Jamal' then was 'repackaged under the ring name Umaga'; thesmackdownhotel.com, explicitly stating 'Umaga performed as ""Jamal"" from July 22, 2002 through April 2, 2006') confirm the identity. This wrestler_id had no RR2007M entrant/elimination rows (Umaga was not a Rumble entrant that year, only a same-card opponent for John Cena) -- its other_matches.csv row has been redirected to 'jamal.' Retained here only for audit-trail purposes. See F198 (resolved).",S072;S1826;S024
cody-rhodes,Cody Rhodes,Cody Garrett Runnels,PROBABLE,M,1985-06-30,PROBABLE,,,,UNKNOWN,American,UNKNOWN,,,,,,,"Entered #13. One of Triple H's narrative-stated 6 eliminations, alongside Big Daddy V right after HHH's #29 entrance.",S022;S024;S080;S081
mr-kennedy,Mr. Kennedy,Kenneth Anthony Anderson,PROBABLE,M,1976-03-06,PROBABLE,,,"Wisconsin Rapids, Wisconsin, U.S.",PROBABLE,American,UNKNOWN,,,,,,,Billed as Ken Kennedy. Entered #23 and eliminated Shawn Michaels while HBK was looking back at Undertaker.,S022;S024;S080;S081
elijah-burke,Elijah Burke,Elijah Samuel Burke,PROBABLE,M,,UNKNOWN,,,"Jacksonville, Florida, U.S.",PROBABLE,American,PROBABLE,African-American,,,,D'Angelo Dinero; Da Pope,,"Entered #28 (a surprise appearance, per S081). Eliminated by Triple H alongside Mick Foley, thrown into him in a single move.",S022; S024; S080; S081; S1737; S755
jamie-noble,Jamie Noble,James Gibson,PROBABLE,M,1976-12-23,PROBABLE,,,"Hanover, West Virginia, U.S.",PROBABLE,American,UNKNOWN,,,,,,,Entered #11. No individually-named elimination credit either way this pass.,S022;S023;S080;S081;S024
santino-marella,Santino Marella,Anthony Carelli,PROBABLE,M,,UNKNOWN,,,"Mississauga, Ontario, Canada",PROBABLE,Canadian,UNKNOWN,,,,,,,"Entered #3, the shortest survival time of any entrant to receive a real elimination (0:25, the very first elimination of the match). No individually-named eliminator this pass.",S022;S023;S080;S081;S024
hornswoggle,Hornswoggle,Dylan Mark Postl,PROBABLE,M,1986-05-29,PROBABLE,,,"Oshkosh, Wisconsin, U.S.",PROBABLE,American,UNKNOWN,,,,,,,"Entered #9 and immediately went under the ring rather than entering it, per S080's own definition of entrance time. Forced into the ring by Mark Henry 25m 45s later; self-eliminated (voluntarily left the ring, never went over the top rope) alongside a disqualified Finlay. Single-sourced (Wikipedia only) this pass.",S022;S080;S081;S024
ted-dibiase-jr,Ted DiBiase Jr.,Theodore Marvin DiBiase Jr.,PROBABLE,M,1982-11-08,PROBABLE,,,"Baton Rouge, Louisiana, U.S.",PROBABLE,American,UNKNOWN,,,,,,,Entered #10. One of the 3 members of Legacy (with Randy Orton and Cody Rhodes) that this match's storyline centered on. No individually-named elimination credit this pass.,S022;S024;S082
mike-knox,Mike Knox,Michael Shawn Hettinga,PROBABLE,M,1978-07-17,PROBABLE,,,"San Bernardino, California, U.S.",PROBABLE,American,UNKNOWN,,,,,,,"Entered #12 and survived 32:43 -- unusually long for a lower-card wrestler, per the Cageside commentary. No individually-named elimination credit this pass.",S022;S024;S082
jtg,JTG,Jayson Anthony Paul,PROBABLE,M,1984-12-10,PROBABLE,,,"Brooklyn, New York, U.S.",PROBABLE,American,UNKNOWN,,,,,,,"Entered #9. Won a coin flip against his Cryme Tyme partner Shad Gaspard to enter the match -- using a double-sided coin to cheat, per S082. No individually-named elimination credit this pass.",S022;S024;S082
r-truth,R-Truth,Ronnie Aaron Killings,PROBABLE,M,1972-01-19,PROBABLE,,,,UNKNOWN,American,PROBABLE,African-American,,,,,,Entered #24. No individually-named elimination credit this pass.,S022;S024;S082;S1732
vladimir-kozlov,Vladimir Kozlov,Oleg Aleksandrovich Prudius,PROBABLE,M,,UNKNOWN,,,"Kyiv, Ukrainian SSR, Soviet Union (now Ukraine)",PROBABLE,Ukrainian-American,UNKNOWN,,,,,,,"Entered #6 and DERIVED as eliminating 3 wrestlers (Khali, MVP, Carlito) in a 'cleaning the ring' stretch before Triple H's entrance -- see F231.",S022;S023;S082;S024
the-brian-kendrick,The Brian Kendrick,Brian David Kendrick,PROBABLE,M,1979-05-29,PROBABLE,,,"Fairfax, Virginia, U.S.",PROBABLE,American,UNKNOWN,,,,,,,Entered #26. One of 5 wrestlers who didn't survive long enough to make it to the next buzzer this match. No individually-named elimination credit this pass.,S022;S024;S082
dolph-ziggler,Dolph Ziggler,Nicholas Theodore Nemeth,PROBABLE,M,1980-07-27,PROBABLE,,,"Cleveland, Ohio, U.S.",PROBABLE,American,UNKNOWN,,,,,,,Entered #27. One of 5 wrestlers who didn't survive long enough to make it to the next buzzer this match. No individually-named elimination credit this pass.,S022;S024;S082
kofi-kingston,Kofi Kingston,Kofi Nahaje Sarkodie-Mensah,PROBABLE,M,1981-08-14,PROBABLE,,,"Kumasi, Ashanti Region, Ghana",PROBABLE,Ghanaian-American,UNKNOWN,,,,,,,Entered #22. No individually-named elimination credit this pass.,S022;S024;S082
daniel-bryan,Daniel Bryan,Bryan Lloyd Danielson,PROBABLE,M,1981-05-22,PROBABLE,,,"Aberdeen, Washington, U.S.",PROBABLE,American,UNKNOWN,,,,,,,"Entered #2 (pre-bell, alongside CM Punk) and survived 20:54. No individually-named elimination credit this pass. Single-sourced (Wikipedia only) this pass.",S022;S083;S024
justin-gabriel,Justin Gabriel,Phillip Paul Lloyd,PROBABLE,M,1981-03-03,PROBABLE,,,"Cape Town, South Africa",PROBABLE,South African,UNKNOWN,,,,,,,"Entered #3, survived just 0:58 -- among the fastest eliminations of the match, possibly (but not confirmably) one of CM Punk's New Nexus stable's unnamed victims. See F236. Single-sourced (Wikipedia only) this pass.",S022;S083;S024
zack-ryder,Zack Ryder,Matthew Brett Cardona,PROBABLE,M,1985-05-14,PROBABLE,,,"Merrick, New York, U.S.",PROBABLE,American,UNKNOWN,,,,,,,"Entered #4, survived 0:43. No individually-named elimination credit this pass. Single-sourced (Wikipedia only) this pass.",S022;S083;S024
yoshi-tatsu,Yoshi Tatsu,Naofumi Yamamoto,PROBABLE,M,1977-08-01,PROBABLE,,,"Gifu, Gifu, Japan",PROBABLE,Japanese,UNKNOWN,,,,,,,"Entered #8, survived 5:34. No individually-named elimination credit this pass. Single-sourced (Wikipedia only) this pass.",S022;S083;S024
husky-harris,Husky Harris,Windham Lawrence Rotunda,PROBABLE,M,1987-05-23,PROBABLE,2023-08-24,,"Brooksville, Florida, U.S.",PROBABLE,American,UNKNOWN,,,,,,,"Entered #9 as a member of CM Punk's New Nexus stable, survived 15:48. Later became Bray Wyatt. No individually-named elimination credit this pass. Single-sourced (Wikipedia only) this pass. Died 2023-08-24 (heart attack in his sleep, related to an undisclosed illness -- a pre-existing heart condition exacerbated by sleep apnea -- he had been managing since February 2023; hospitalized for a heart issue one week prior and advised to wear a defibrillator vest, but was not wearing it at the time of death. Confirmed independently by CBS News, CBS Sports, TVLine, and Cageside Seats in addition to Wikipedia.",S022;S083;S131
michael-mcgillicutty,Michael McGillicutty,Joseph Curtis Hennig,PROBABLE,M,1979-10-01,PROBABLE,,,"Champlin, Minnesota, U.S.",PROBABLE,American,UNKNOWN,,,,,,,"Entered #13 as a member of CM Punk's New Nexus stable, survived 15:08. Later became Curtis Axel. No individually-named elimination credit this pass. Single-sourced (Wikipedia only) this pass.",S022;S083
david-otunga,David Otunga,David Daniel Otunga,PROBABLE,M,1980-04-07,PROBABLE,,,"Elgin, Illinois, U.S.",PROBABLE,American,UNKNOWN,,,,,,,"Entered #15 as a member of CM Punk's New Nexus stable, survived 11:57. No individually-named elimination credit this pass. Single-sourced (Wikipedia only) this pass. Wikipedia's infobox currently renders his surname as 'Otusha' in one field -- appears to be a Wikipedia data quirk; every other source consulted uses 'Otunga' universally, which is what this database uses.",S022;S083;S024
tyler-reks,Tyler Reks,Gabbi Alon Tuft,PROBABLE,M,1978-11-01,PROBABLE,,,"San Francisco, California, U.S.",PROBABLE,American,UNKNOWN,,,,,,,"Entered #16, survived just 0:34 -- the shortest survival time of the match. No individually-named elimination credit this pass. Single-sourced (Wikipedia only) this pass.",S022;S083;S024
mason-ryan,Mason Ryan,Barri Griffiths,PROBABLE,M,1982-01-13,PROBABLE,,,"Tremadog, Wales",PROBABLE,Welsh,UNKNOWN,,,,,,,"Entered #20 as a member of CM Punk's New Nexus stable, survived 4:32. No individually-named elimination credit this pass. Single-sourced (Wikipedia only) this pass.",S022;S083;S024
tyson-kidd,Tyson Kidd,Theodore James Wilson,PROBABLE,M,1980-07-11,PROBABLE,,,"Calgary, Alberta, Canada",PROBABLE,Canadian,UNKNOWN,,,,,,,"Entered #24, survived 0:53. No individually-named elimination credit this pass. Single-sourced (Wikipedia only) this pass.",S022;S083;S024
heath-slater,Heath Slater,Heath Wallace Miller,PROBABLE,M,1983-07-15,PROBABLE,,,"Pineville, West Virginia, U.S.",PROBABLE,American,UNKNOWN,,,,,,,"Entered #25, survived 0:58. No individually-named elimination credit this pass. Single-sourced (Wikipedia only) this pass.",S022;S083;S024
jack-swagger,Jack Swagger,Donald Jacob Hager Jr.,PROBABLE,M,1982-03-24,PROBABLE,,,"Fargo, North Dakota, U.S.",PROBABLE,American,UNKNOWN,,,,,,,"Entered #27, survived 4:41. No individually-named elimination credit this pass. Single-sourced (Wikipedia only) this pass.",S022;S083;S024
sheamus,Sheamus,Stephen Farrelly,PROBABLE,M,1978-01-28,PROBABLE,,,"Dublin, Ireland",PROBABLE,Irish,UNKNOWN,,,,,,,"Entered #28, billed as 'King Sheamus' at the time following his 2010 King of the Ring win. Survived 18:17. No individually-named elimination credit this pass. Single-sourced (Wikipedia only) this pass.",S022;S083;S024
wade-barrett,Wade Barrett,Stuart Alexander Bennett,PROBABLE,M,1980-08-10,PROBABLE,,,"Penwortham, Lancashire, England",PROBABLE,English,UNKNOWN,,,,,,,"Entered #30, survived 22:24 and was part of the match's final four by elim_ts order. No individually-named elimination credit this pass. Single-sourced (Wikipedia only) this pass.",S022;S083;S024
drew-mcintyre,Drew McIntyre,Andrew McLean Galloway IV,PROBABLE,M,1985-06-06,PROBABLE,,,"Ayr, Scotland",PROBABLE,Scottish,UNKNOWN,,,,,,,"Entered #33, survived 4:47. No individually-named elimination credit this pass. Single-sourced (Wikipedia only) this pass.",S022;S083;S024
alex-riley,Alex Riley,Kevin Robert Kiley Jr.,PROBABLE,M,1981-04-28,PROBABLE,,,"Fairfax Station, Virginia, U.S.",PROBABLE,American,UNKNOWN,,,,,,,"Entered #34, survived 2:50. No individually-named elimination credit this pass. Single-sourced (Wikipedia only) this pass.",S022;S083;S024
ezekiel-jackson,Ezekiel Jackson,Rycklon Edward Stephens,PROBABLE,M,1978-04-22,PROBABLE,,,"Linden, Guyana",PROBABLE,Guyanese-American,UNKNOWN,,,,,,,"Entered #36, survived 7:15. No individually-named elimination credit this pass.",S022;S024;S083
alberto-del-rio,Alberto Del Rio,Jose Alberto Rodriguez,PROBABLE,M,1977-05-25,PROBABLE,,,"San Luis Potosi City, San Luis Potosi, Mexico",PROBABLE,Mexican,PROBABLE,Mexican,,,,,,"Entered #38 and won his first career Royal Rumble, eliminating Santino Marella (the match's final elimination) in the match's very last second -- see checksum in script docstring. Single-sourced (Wikipedia only) this pass.",S022;S083;S1734;S024
hunico,Hunico,Jose Jorge Arriaga Rodriguez,CONFIRMED,M,1977-09-05,PROBABLE,,,"El Paso, Texas, U.S.",PROBABLE,American,UNKNOWN,,,,,,,"Entered #16, survived 9:00. Came to the ring with Camacho on a low rider bicycle, per S084. No individually-named elimination credit this pass. Single-sourced (Wikipedia only) this pass.",S022;S024;S084
jey-uso,Jey Uso,Joshua Samuel Fatu,PROBABLE,M,1985-08-22,PROBABLE,,,"San Francisco, California, U.S.",PROBABLE,American,CONFIRMED,Samoan,,,,,,"Entered #24, survived 7:03. No individually-named elimination credit this pass. Single-sourced (Wikipedia only) this pass.",S022;S084;S1741;S1742;S024
road-dogg,Road Dogg,Brian Girard James,PROBABLE,M,1969-05-20,PROBABLE,,,"Marietta, Georgia, U.S.",PROBABLE,American,UNKNOWN,,,2019,PROBABLE,,,"Entered #23, survived 4:56. No individually-named elimination credit this pass. Single-sourced (Wikipedia only) this pass.",S022;S084;S639;S024
ricardo-rodriguez,Ricardo Rodriguez,Jesus Ricardo Rodriguez,PROBABLE,M,1986-02-17,PROBABLE,,,"Los Angeles, California, U.S.",PROBABLE,American,UNKNOWN,,,,,,,"Entered #8, survived 2:20. His lengthy entrance was a parody of Alberto Del Rio's, per S084. Credited (with Mick Foley) for eliminating Justin Gabriel. Single-sourced (Wikipedia only) this pass.",S022;S084;S024
primo,Primo,Edwin Carlos Colon Coates,PROBABLE,M,1982-12-21,PROBABLE,,,,UNKNOWN,Puerto Rican,UNKNOWN,,,,,,,"Entered #6, survived 1:57. No individually-named elimination credit this pass. Birthplace not independently confirmed this pass (Wikipedia's infobox does not state it cleanly) -- left UNKNOWN rather than inferred from general career context.",S022;S084
michael-cole,Michael Cole,,UNKNOWN,M,,UNKNOWN,,,"Syracuse, New York, U.S.",PROBABLE,American,UNKNOWN,,,,,,,"WWE commentator entered #20, survived 1:24 -- longer than Jerry Lawler despite Cole having lost to Lawler at WrestleMania 27, a point S084 notes as ironic. Eliminated by Booker T and Jerry Lawler acting from ringside -- see F241.",S022;S024;S084
jinder-mahal,Jinder Mahal,Yuvraj Singh Dhesi,PROBABLE,M,1986-07-19,PROBABLE,,,"Calgary, Alberta, Canada",PROBABLE,Canadian,CONFIRMED,Punjabi heritage,,,,,,"Entered #14, survived 1:17. No individually-named elimination credit this pass. Single-sourced (Wikipedia only) this pass.",S022;S084;S1744;S1745;S024
kharma,Kharma,Kia Michelle Stevens,PROBABLE,F,1977-09-04,PROBABLE,,,,UNKNOWN,American,UNKNOWN,,,,,Awesome Kong; Amazing Kong,,"Entered #21, survived 1:01. The only woman in this match's field. Eliminated Michael Cole, Dolph Ziggler, and Hunico before being eliminated herself by Ziggler, per S084's own account. No cross-referenced elimination rows created for her 3 credited victims this pass beyond what S084 individually confirms (Cole). Birthplace not independently confirmed this pass -- Wikipedia's body text mentions she 'grew up in Carson, California,' which is not necessarily her birthplace, so left UNKNOWN rather than inferred.",S022; S084; S024; S788
epico,Epico,Orlando Tito Colon Nieves,PROBABLE,M,1982-03-24,PROBABLE,,,"San Juan, Puerto Rico",PROBABLE,Puerto Rican,UNKNOWN,,,,,,,"Entered #9, survived just 0:11 -- one of the shortest survival times of the match. No individually-named elimination credit this pass. Single-sourced (Wikipedia only) this pass.",S022;S084;S024
evan-bourne,Evan Bourne,,UNKNOWN,M,1983-03-19,PROBABLE,,,,UNKNOWN,American,UNKNOWN,,,,,,,Entered #2. One of CM Punk's first 5 victims in Punk's extended elimination stretch to open the match. No exact ring time known this pass -- no per-wrestler timing data exists for this externally-researched year.,S085;S086;S087;S088;S089;S090;S091;S092;S1692;S022;S024
beth-phoenix,Beth Phoenix,,UNKNOWN,F,1980-11-24,PROBABLE,,,,UNKNOWN,American,UNKNOWN,,,2017,,,,"Entered #6 -- only the second woman ever to compete in a standard 30-man Royal Rumble match, after Chyna (1999 and 2000), per WWE.com's own official recap. Eliminated The Great Khali by distracting him with a kiss before hauling him over the top rope; was eliminated herself by CM Punk shortly after. No exact ring time known this pass.",S085;S086;S087;S088;S089;S090;S091;S092;S123;S124;S792;S022;S024
bo-dallas,Bo Dallas,,UNKNOWN,M,1990-05-25,PROBABLE,,,,UNKNOWN,American,UNKNOWN,,,,,,,"Entered #16 (DERIVED -- S101 directly names him as the 16th entrant, cross-checked against this script's own buzzer-chain arithmetic). Survived 21:33, the match's 6th-longest survival time -- unusually long for a lower-card talent at the time, noted directly by S101 ('The name Bo Dallas sticks out like a sore thumb on the above list').",S101;S793;S022;S024
ryback,Ryback,,UNKNOWN,M,1981-11-10,PROBABLE,,,,UNKNOWN,American,UNKNOWN,,,,,,,"Entry position not determinable this pass (unnamed buzzer list, no anchor). Survived 8:51. Per S103, tied with Sheamus for most eliminations by a single competitor in this match (5 each) -- individual victims not named by any source consulted this pass. See F269.",S101;S103;S795;S024
cesaro,Cesaro,,UNKNOWN,M,1980-12-27,PROBABLE,,,,UNKNOWN,Swiss,UNKNOWN,,,,,Antonio Cesaro,,"Billed as 'Antonio Cesaro' at this event (see entrants.csv ring_name_at_time) -- stored under the name-stable wrestler_id 'cesaro' since that is how this performer became far better known from 2014 onward, matching this database's established precedent for name-stable IDs across gimmick/ring-name changes (e.g. Steve Austin/Ringmaster, 1996). Entry position not determinable this pass. Survived 7:35.",S101;S1687;S022;S024
titus-oneil,Titus O'Neil,,UNKNOWN,M,1977-04-29,PROBABLE,,,,UNKNOWN,American,PROBABLE,African-American,,,,,,Entry position not determinable this pass. Survived 7:19.,S101;S797;S1732;S024
tensai,Tensai,,UNKNOWN,M,,UNKNOWN,,,,UNKNOWN,American,UNKNOWN,,,,,,,"Entry position not determinable this pass. Survived 5:27. Likely the same performer (Matt Bloom) as this database's existing 'prince-albert' wrestler_id (ring names Prince Albert/Albert/A-Train, merged there by the 2003-2007 fact-check pass) -- not stated or otherwise confirmed by any source consulted this pass, so left UNMERGED per the project's 2-source identity-merge rule. See F272. Identity-merged with this database's 'tensai' wrestler_id (RR2013M entrant, billed as 'Tensai') by the 2013-2016 fact-check pass -- 2 independent sources (Wikipedia's 'Matt Bloom' article, thesmackdownhotel.com's dedicated profile page) both confirm the same real name (Matthew Jason Bloom) and ring-name timeline (Prince Albert -> Albert -> A-Train -> Giant Bernard -> Lord Tensai/Tensai, covering Jan 2013) for this performer. See F272 (resolved), F297.",S101;S024
brodus-clay,Brodus Clay,George Timothy Murdoch,PROBABLE,M,1973-02-21,PROBABLE,,,,UNKNOWN,American,UNKNOWN,,,,,Tyrus; G-Rilla,,"Entered #13 (DERIVED -- S101 directly names him as the 13th entrant alongside Rey Mysterio as the 14th, cross-checked against this script's own buzzer-chain arithmetic). Survived 3:18.",S101; S1686; S022; S024
sin-cara,Sin Cara,,UNKNOWN,M,,UNKNOWN,,,,UNKNOWN,Mexican,UNKNOWN,,,,,,,"Entry position not determinable this pass. Survived 3:05. Possibly the same performer as this database's existing 'hunico' wrestler_id (Alberto Rodriguez took over the Sin Cara gimmick from the original performer, Luis Urive, in September 2012, per general wrestling-history knowledge) -- not stated or otherwise confirmed by any source consulted this pass, so left as a SEPARATE wrestler_id pending 2-source confirmation. See F272. Identity-merged with this database's 'sin-cara' wrestler_id (RR2013M and RR2015M entrant, billed as 'Sin Cara' both times) by the 2013-2016 fact-check pass -- 2 independent sources (Wikipedia's 'Cinta de Oro' article, thesmackdownhotel.com's dedicated profile page) both confirm the same performer/birthdate (Sept 5, 1977) and ring-name timeline (Mistico/Incognito -> Hunico -> Sin Cara, covering Jan 2013 through the 2015 Rumble -> Cinta de Oro from 2019) for this performer -- Alberto Rodriguez took over the Sin Cara gimmick from its original performer (Luis Urive) in September 2012, and continued playing it through both these Rumbles. Note: RR2015M's own entrant row for 'Sin Cara' was ALREADY built (by build_2015.py) as a separate, never-merged wrestler_id sharing the exact same name coincidence -- this merge unifies both events' entries under the single 'hunico' id, matching the real-world performer. See F272 (resolved), F297.",S101;S022
darren-young,Darren Young,,UNKNOWN,M,1983-11-02,PROBABLE,,,,UNKNOWN,American,UNKNOWN,,,,,,,"Entered #15 (DERIVED -- S101 directly names him as the 15th entrant alongside Bo Dallas as the 16th, cross-checked against this script's own buzzer-chain arithmetic). Survived 2:41.",S101;S1689;S022;S024
damien-sandow,Damien Sandow,,UNKNOWN,M,1982-08-03,PROBABLE,,,,UNKNOWN,American,UNKNOWN,,,,,,,Entry position not determinable this pass. Survived 16:14.,S101;S1519;S022;S024
seth-rollins,Seth Rollins,,UNKNOWN,M,1986-05-28,PROBABLE,,,,UNKNOWN,American,UNKNOWN,,,,,,,"Rumble debut, entered #2 (pre-bell, alongside CM Punk). Survived 48:33, the 2nd-longest survival time of the match. Part of The Shield stable (with Dean Ambrose and Roman Reigns), per S105's aside that 3 of Reigns's partial-credit eliminations were 'a team up of the entire shield.'",S104;S105;S800;S022;S024
rusev,Alexander Rusev,,UNKNOWN,M,1985-12-25,PROBABLE,,,,UNKNOWN,Bulgarian,UNKNOWN,,,,,Rusev,,"Rumble debut, entered #6. Survived 6:43. Billed as 'Alexander Rusev' at this event; stored under the name-stable wrestler_id 'rusev' since that is how this performer became known from later in 2014 onward, matching this database's established precedent (e.g. Steve Austin/Ringmaster, 1996).",S104;S801;S024
jimmy-uso,Jimmy Uso,,UNKNOWN,M,1985-08-22,PROBABLE,,,,UNKNOWN,American,PROBABLE,Samoan,,,,,,"Rumble debut, entered #9. Survived 7:47. Twin brother of Jey Uso (already in this database, RR2012M) -- both competed in this match as separate entrants.",S104;S802;S1741;S022;S024
dean-ambrose,Dean Ambrose,,UNKNOWN,M,1985-12-07,PROBABLE,,,,UNKNOWN,American,UNKNOWN,,,,,,,"Rumble debut, entered #11. Survived 33:49, the 3rd-longest survival time of the match. Part of The Shield stable (with Seth Rollins and Roman Reigns).",S104;S105;S1690;S022;S024
roman-reigns,Roman Reigns,,UNKNOWN,M,1985-05-25,PROBABLE,,,,UNKNOWN,American,PROBABLE,Samoan heritage,,,,,,"Rumble debut, entered #15. Survived 33:44, the 4th-longest survival time of the match. Eliminated by Batista in the match's final second -- the winning elimination. S104's own headline framing credits him with 12 eliminations, but S105's guest-analyst partial-credit re-analysis (706 individually logged events) puts his TRUE credit at 9.5 -- 3 of his 12 broadcast-credited eliminations were a 3-way Shield team-up (shared with Ambrose/Rollins) and 1 was shared with Batista, so under an even-split system he does not actually set a new single-match record over Kane's 2001 performance (recalculated by the same analyst at 10.5). See F277.",S104;S105;S804;S1740;S022;S024
fandango,Fandango,,UNKNOWN,M,1983-07-22,PROBABLE,,,,UNKNOWN,American,UNKNOWN,,,,,,,"Rumble debut, entered #19. Survived 2:46.",S104;S805;S022;S024
el-torito,El Torito,,UNKNOWN,M,1982-02-19,PROBABLE,,,,UNKNOWN,Mexican,UNKNOWN,,,,,,,"Rumble debut, entered #20 -- a comic-relief 'mascot' entrant (Los Matadores' diminutive tag partner). Survived just 1:27; S104 notes his spots with Punk, Fandango, and Reigns extended the countdown to Cesaro's entrance to 2:09, the match's 2nd-longest buzzer gap.",S104;S1691;S022;S024
luke-harper,Luke Harper,,UNKNOWN,M,1979-12-16,PROBABLE,2020-12-26,,,UNKNOWN,American,UNKNOWN,,,,,,,"Rumble debut, entered #22. Survived 15:04. Died 2020-12-26, of complications from a rare, non-COVID progressive lung disease tied to an underlying autoimmune/blood disorder he had been managing privately. Also wrestled in AEW as Brodie Lee. Widely reported at the time by WWE's own tribute coverage and mainstream sports press, in addition to Wikipedia.",S022;S104;S131;S1695;S024
erick-rowan,Erick Rowan,,UNKNOWN,M,1981-11-28,PROBABLE,,,,UNKNOWN,American,UNKNOWN,,,,,,,"Rumble debut, entered #25. Survived 4:48.",S104;S808;S022;S024
big-e,Big E. Langston,,UNKNOWN,M,1986-03-01,PROBABLE,,,,UNKNOWN,American,UNKNOWN,,,,,Big E,,"Rumble debut, entered #29. Survived just 2:42 with no eliminations to his credit -- S104 calls this 'the most disappointing Royal Rumble performance out of everyone relative to expectations.' Eliminated by Sheamus. Billed as 'Big E. Langston' at this event; stored under the name-stable wrestler_id 'big-e' since that is how this performer became known from later in 2014 onward, matching this database's established precedent.",S104;S809;S022;S024
bubba-ray-dudley,Bubba Ray Dudley,,UNKNOWN,M,1971-07-14,PROBABLE,,,,UNKNOWN,American,UNKNOWN,,,,,,,"Rumble debut, entered #3. Survived 4:44. Per S106, WWE's own published survival time for him (5:22) differs from this document's calculation (4:44) because WWE counted his ~0:40 entrance as part of his survival time -- adding the two together (5:24) lands within 2 seconds of WWE's figure. Not treated as a genuine data CONFLICT for this database's own ring_time field, which follows this project's own entrance-vs-ring-time definitions (see DEFINITIONS.md) rather than WWE's inconsistent methodology -- see F285.",S106;S810;S022;S024
bray-wyatt,Bray Wyatt,Windham Lawrence Rotunda,PROBABLE,M,1987-05-23,PROBABLE,2023-08-24,,,UNKNOWN,American,UNKNOWN,,,,,,,"Rumble debut, entered #5. Survived 46:58, the longest of the match. Per S106, dominated the match's opening ~15 minutes in a series of one-on-one eliminations before the ring began filling up. Also tossed the interloper Erick Rowan (substituting for Curtis Axel) back out of the ring after about 0:51 -- not modeled as a credited elimination since Rowan was never an official competitor. Same performer as this database's husky-harris entrant (RR2011M, New Nexus stable) -- both rows independently state the 'Later became Bray Wyatt' / Windham Rotunda identity link. Real name, dob and deceased_date (2023-08-24) filled in here from husky-harris's own already-sourced row rather than newly researched, following this database's gimmick-era-split convention (ids kept separate, bios cross-completed) -- the same pattern used for golga/earthquake in batch 3. Recorded at PROBABLE, matching husky-harris's own single-sourced confidence level, not upgraded just because the sibling link is solid.",S022;S106;S131;S024
curtis-axel,Curtis Axel,,UNKNOWN,M,1979-10-01,PROBABLE,,,,UNKNOWN,American,UNKNOWN,,,,,,,"Entered #6 (his buzzer sounded) but was attacked and substituted for by Erick Rowan before he could actually enter the ring -- counted by S106 as one of the 30 official entrants regardless, with a defined ring_time/survival of 0:00. See F284.",S106;S769;S022;S024
the-boogeyman,The Boogeyman,,UNKNOWN,M,1964-07-15,PROBABLE,,,,UNKNOWN,American,UNKNOWN,,,,,,,"Rumble debut, entered #8. Survived just 0:48, though his entrance (0:57) and a 'spook-off' spot with Bray Wyatt extended that waiting period to over 2 minutes.",S106;S813;S024
adam-rose,Adam Rose,,UNKNOWN,M,1979-07-20,PROBABLE,,,,UNKNOWN,South African,UNKNOWN,,,,,Leo Kruger,,"Rumble debut, entered #16. Survived just 0:10. Per S106, stood on the apron in disbelief before entering as the rosebuds (his entourage) carried Kofi Kingston around ringside.",S106; S1684; S022; S024; S814
aj-styles,AJ Styles,,UNKNOWN,M,1977-06-02,PROBABLE,,,,UNKNOWN,American,UNKNOWN,,,,,,,"Rumble debut, entered #3. Survived 27:49, the 4th-longest survival time of the match. Per S107, his 'ridiculously long entrance' and the crowd reaction it created led WWE to extend the following waiting period so he and Reigns could fight before the next entrant came out.",S107;S815;S022;S024
tyler-breeze,Tyler Breeze,,UNKNOWN,M,1988-01-19,PROBABLE,,,,UNKNOWN,Canadian,UNKNOWN,,,,,,,"Rumble debut, entered #4. Survived 0:57.",S107;S816;S024
neville,Neville,,UNKNOWN,M,1986-08-22,PROBABLE,,,,UNKNOWN,English,UNKNOWN,,,,,,,"Rumble debut, entered #16. Survived 10:01. Per S108 (a pre-event trivia article), Neville was one of several potential 'win on debut' candidates that year's trend analysis flagged as a long shot -- he did not win.",S107;S108;S1696;S022;S024
braun-strowman,Braun Strowman,,UNKNOWN,M,1983-09-06,PROBABLE,,,,UNKNOWN,American,UNKNOWN,,,,,,,"Rumble debut, entered #17. Survived 17:44. Credited with eliminating both Kane and Big Show, back-to-back, in the same waiting period.",S107;S818;S022;S024
kevin-owens,Kevin Owens,,UNKNOWN,M,1984-05-07,PROBABLE,,,,UNKNOWN,Canadian,UNKNOWN,,,,,,,"Rumble debut, entered #18. Survived 4:25 -- also wrestled Dean Ambrose earlier on the same card (Last Man Standing match). Credited with eliminating AJ Styles.",S107;S819;S022;S024
sami-zayn,Sami Zayn,,UNKNOWN,M,1984-07-12,PROBABLE,,,,UNKNOWN,Canadian,CONFIRMED,Arab; Syrian,,,,,,"Rumble debut, entered #20. Survived 4:32.",S107;S820;S1746;S1747;S024
big-cass,Big Cass,William Morrissey,PROBABLE,M,1986-08-16,PROBABLE,,,"Glendale, Queens, New York, U.S.",PROBABLE,American,UNKNOWN,,,,,Big Bill; W. Morrissey; Colin Cassady,,"Rumble debut, entered #1 (the opening entrant). Survived 9:57.",S022; S140; S024; S821
kalisto,Kalisto,Emanuel Alejandro Rodriguez,PROBABLE,M,1986-11-14,PROBABLE,,,"Chicago, Illinois, U.S.",PROBABLE,American,PROBABLE,Mexican-American,,,,,,"Rumble debut, entered #3. Survived 8:17.",S022;S140;S1738;S024
mojo-rawley,Mojo Rawley,Dean Muhtadi,PROBABLE,M,1986-07-17,PROBABLE,,,"Alexandria, Virginia, U.S.",PROBABLE,American,UNKNOWN,,,,,,,"Rumble debut, entered #4. Survived 6:16.",S022;S140;S024
jack-gallagher,Jack Gallagher,Oliver Westfield Claffey,PROBABLE,M,1990-01-07,PROBABLE,,,"Manchester, England",PROBABLE,English,UNKNOWN,,,,,,,"Rumble debut, entered #5. Survived 3:20 -- the first elimination of the match.",S022;S140;S024
tye-dillinger,Tye Dillinger,Ronnie William Arneill,PROBABLE,M,1981-02-19,PROBABLE,,,"St. Catharines, Ontario, Canada",PROBABLE,Canadian,UNKNOWN,,,,,Shawn Spears,,"Rumble debut, entered #10 -- his 'Perfect 10' gimmick made the #10 draw one of this match's most-celebrated moments. Survived 5:27.",S022;S140;S024
james-ellsworth,James Ellsworth,James Ellsworth Morris,PROBABLE,M,1984-12-11,PROBABLE,,,"Baltimore, Maryland, U.S.",PROBABLE,American,UNKNOWN,,,,,,,"Rumble debut, entered #11. Survived just 0:15 -- one of the shortest Rumble appearances on record, part of a comedy angle.",S022;S140;S024
baron-corbin,Baron Corbin,Thomas Pestock,PROBABLE,M,1984-09-13,PROBABLE,,,"Lenexa, Kansas, U.S.",PROBABLE,American,UNKNOWN,,,,,,,"Rumble debut, entered #13. Survived 32:39. Credited with eliminating Braun Strowman.",S022;S140;S024
xavier-woods,Xavier Woods,Austin Watson,PROBABLE,M,1986-09-04,PROBABLE,,,"Columbus, Georgia, U.S.",PROBABLE,American,UNKNOWN,,,,,,,"Rumble debut, entered #20 (his prior scheduled 2014 entrant slot never materialized -- see this database's RR2014M/F279 note). Survived 4:47. Member of the New Day faction (with Kofi Kingston and Big E) at the time.",S022;S140;S024
apollo-crews,Apollo Crews,Sesugh Isaac Uhaa,PROBABLE,M,1987-08-22,PROBABLE,,,"Sacramento, California, U.S.",PROBABLE,American,UNKNOWN,,,,,,,"Rumble debut, entered #22. Survived 5:46.",S022;S140;S024
enzo-amore,Enzo Amore,Eric Arndt,PROBABLE,M,1986-12-08,PROBABLE,,,"Hackensack, New Jersey, U.S.",PROBABLE,American,UNKNOWN,,,,,,,"Rumble debut, entered #27. Survived just 0:18.",S022;S140;S024
goldberg,Goldberg,William Scott Goldberg,PROBABLE,M,1966-12-27,PROBABLE,,,"Tulsa, Oklahoma, U.S.",PROBABLE,American,UNKNOWN,,,2018,,,,"Rumble debut, entered #28 as an unaffiliated returning legend. Survived 3:21, eliminating 3 (Brock Lesnar, Rusev, Luke Harper) before his own elimination -- previewing his rivalry with Lesnar, which led to Goldberg winning the Universal Championship from Lesnar at WrestleMania 33. Individually inducted into the WWE Hall of Fame in 2018 (announced Jan 15, 2018; ceremony April 6, 2018, presented by Paul Heyman) -- checked and added as part of this build, per this database's new HOF-at-build-time process.",S022;S123;S124;S140;S024
finn-balor,Finn Balor,Fergal Devitt,CONFIRMED,M,1981-07-25,CONFIRMED,,,"Bray, County Wicklow, Ireland",CONFIRMED,Irish,UNKNOWN,,,,,Finn Balor,,"Rumble debut, entered #2. Survived 57:38, the longest individual time of the match, eliminating 4 (Baron Corbin, Aiden English, Rey Mysterio, Dolph Ziggler) before his own elimination by John Cena. Not a WWE Hall of Famer as of this build (2026-09-20).",S022;S148;S144;S145
elias,Elias,Jeffrey Sciullo,CONFIRMED,M,1987-11-22,CONFIRMED,,,"Pittsburgh, Pennsylvania, U.S.",CONFIRMED,American,UNKNOWN,,,,,,,"Rumble debut, entered #6. Survived 26:00, eliminated by John Cena. Middle name is CONFLICTING between sources ('Daniel' vs. 'Logan') -- left off this database's real_name field pending resolution; see F368. Not a WWE Hall of Famer as of this build.",S022;S148;S024
andrade,Andrade,Manuel Alfonso Andrade Oropeza,CONFIRMED,M,1989-11-03,CONFIRMED,,,"Gomez Palacio, Durango, Mexico",CONFIRMED,Mexican,UNKNOWN,,,,,Andrade Cien Almas; Andrade El Idolo,,"Rumble debut, entered #7 as a surprise NXT call-up, billed as 'Andrade “Cien” Almas' at this event. Survived 29:24, eliminated by Randy Orton. Not a WWE Hall of Famer as of this build.",S022;S148
shinsuke-nakamura,Shinsuke Nakamura,Shinsuke Nakamura,CONFIRMED,M,1980-02-24,CONFIRMED,,,"Kyotango, Kyoto Prefecture, Japan",CONFIRMED,Japanese,UNKNOWN,,,,,,,"Rumble debut, entered #14 and WON, eliminating 3 (Sami Zayn, John Cena, Roman Reigns) -- the last coming as the match-winning elimination. Chose to challenge for the WWE Championship at WrestleMania 34. Wrestles under his own legal name. Not a WWE Hall of Famer as of this build.",S022;S148
aiden-english,Aiden English,Matthew Thomas Rehwoldt,CONFIRMED,M,1987-10-07,CONFIRMED,,,"Chicago, Illinois, U.S.",CONFIRMED,American,UNKNOWN,,,,,,,"Rumble debut, entered #22. Survived 2:16, eliminated by Finn Balor. Not a WWE Hall of Famer as of this build.",S022;S148;S024
adam-cole,Adam Cole,Austin Kirk Jenkins,PROBABLE,M,1989-07-05,CONFIRMED,,,"Lancaster, Pennsylvania, U.S.",CONFLICTING,American,UNKNOWN,,,,,,,"Rumble debut, entered #23 as a surprise NXT call-up. Survived 6:52, eliminated by Rey Mysterio. Birthplace is CONFLICTING between sources (Wikipedia: Lancaster, PA; Cagematch.net: Panama City, FL) -- Lancaster is the better-sourced claim (a local paper independently calls him a 'Lancaster County native') but Cagematch's claim isn't refuted anywhere found; see F368. Not a WWE Hall of Famer as of this build.",S022;S148;S024
sasha-banks,Sasha Banks,Mercedes Justine Kaestner-Varnado,PROBABLE,F,1992-01-26,PROBABLE,,,"Fairfield, California, U.S.",PROBABLE,American,UNKNOWN,,,,,Mercedes Mone,,"Entered #1 (the opening entrant), the match's longest individual survival time (54:46). Eliminated 2 solo (Bayley, Trish Stratus) plus a shared credit in Vickie Guerrero's group elimination, before being eliminated by the Bella Twins. Not a WWE Hall of Famer as of this build.",S022;S144;S152;S024
becky-lynch,Becky Lynch,Rebecca Quin,PROBABLE,F,1987-01-30,PROBABLE,,,"Limerick, Ireland",PROBABLE,Irish,UNKNOWN,,,,,,,"Rumble debut, entered #2. Survived 30:54, eliminated by Ruby Riott. Not a WWE Hall of Famer as of this build.",S022;S144
sarah-logan,Sarah Logan,Sarah Bridges,PROBABLE,F,1993-09-10,PROBABLE,,,"Louisville, Kentucky, U.S.",PROBABLE,American,UNKNOWN,,,,,,,"Rumble debut, entered #3. Survived 16:30, eliminated by Molly Holly. Not a WWE Hall of Famer as of this build.",S022;S144;S024
mandy-rose,Mandy Rose,Amanda Rose Saccomanno,PROBABLE,F,1990-07-18,PROBABLE,,,"Westchester County, New York, U.S.",PROBABLE,American,UNKNOWN,,,,,,,"Rumble debut, entered #4. Survived 3:52, the first elimination of the match, by Lita. Not a WWE Hall of Famer as of this build.",S022;S144;S024
lita,Lita,Amy Christine Dumas,PROBABLE,F,1975-04-14,PROBABLE,,,"Fort Lauderdale, Florida, U.S.",PROBABLE,American,UNKNOWN,,,2014,,,,"Entered #5 as a returning WWE Hall of Famer (inducted 2014, already a Hall of Famer at the time of this event). Survived 5:51, eliminating 2 (Mandy Rose, Tamina) before being eliminated by Becky Lynch.",S022;S144;S024
kairi-sane,Kairi Sane,Kaori Housako,PROBABLE,F,1988-09-23,PROBABLE,,,"Hikari, Yamaguchi Prefecture, Japan",PROBABLE,Japanese,UNKNOWN,,,,,,,"Rumble debut, entered #6 as a late replacement for the injured Alicia Fox (broken tailbone). Survived 4:49, eliminated by Dana Brooke. Not a WWE Hall of Famer as of this build.",S022;S144;S153
tamina,Tamina,Sarona Snuka,UNCERTAIN,F,1978-01-10,PROBABLE,,,"Vancouver, Washington, U.S.",PROBABLE,American,UNKNOWN,,,,,,,"Rumble debut, entered #7. Survived 1:34, eliminated by Lita. Real name recorded as 'Sarona Snuka' -- Wikipedia gives a longer legal-name string ('Sarona Moana Marie Reiher Snuka-Polamalu') single-sourced and uncorroborated this pass; the core surname/given-name is cross-confirmed via IMDb. Not a WWE Hall of Famer as of this build.",S022;S024
dana-brooke,Dana Brooke,Ashley Mae Sebera,PROBABLE,F,1988-11-29,PROBABLE,,,"Seven Hills, Ohio, U.S.",PROBABLE,American,UNKNOWN,,,,,,,"Rumble debut, entered #8. Survived 2:59, eliminating Kairi Sane before being eliminated by Torrie Wilson. Not a WWE Hall of Famer as of this build.",S022;S144;S024
torrie-wilson,Torrie Wilson,Torrie Anne Wilson,PROBABLE,F,1975-07-24,PROBABLE,,,"Boise, Idaho, U.S.",PROBABLE,American,UNKNOWN,,,2019,,,,"Entered #9 as a returning WWE alumna -- NOT yet a Hall of Famer at the time of this event (inducted 2019, over a year later). Survived 3:04, eliminating Dana Brooke before being eliminated by Sonya Deville.",S022;S158;S159;S024
sonya-deville,Sonya Deville,Daria Rae Berenato,PROBABLE,F,1993-09-24,PROBABLE,,,"Shamong Township, New Jersey, U.S.",PROBABLE,American,UNKNOWN,,,,,,,"Rumble debut, entered #10. Survived 6:41, eliminating Torrie Wilson before being eliminated by Michelle McCool. Not a WWE Hall of Famer as of this build.",S022;S144;S024
liv-morgan,Liv Morgan,Gionna Jene Daddio,PROBABLE,F,1994-06-08,PROBABLE,,,"Morristown, New Jersey, U.S.",PROBABLE,American,UNKNOWN,,,,,,,"Rumble debut, entered #11. Survived 5:12, eliminated by Michelle McCool. Not a WWE Hall of Famer as of this build.",S022;S144;S024
molly-holly,Molly Holly,Nora Kristina Greenwald,PROBABLE,F,1977-09-07,PROBABLE,,,"Forest Lake, Minnesota, U.S.",PROBABLE,American,UNKNOWN,,,2021,,,,"Entered #12 as a returning WWE alumna -- NOT yet a Hall of Famer at the time of this event (inducted 2021, over 3 years later). Survived 4:04, eliminating Sarah Logan before being eliminated by Michelle McCool.",S022;S158;S159;S024
lana,Lana,Catherine Joy Perry,PROBABLE,F,1985-03-24,PROBABLE,,,"Gainesville, Florida, U.S.",PROBABLE,American,UNKNOWN,,,,,CJ Perry,,"Rumble debut, entered #13. Survived 2:54, eliminated by Michelle McCool. Not a WWE Hall of Famer as of this build.",S022;S144;S024
michelle-mccool,Michelle McCool,Michelle Leigh McCool,PROBABLE,F,1980-01-25,PROBABLE,,,"Palatka, Florida, U.S.",PROBABLE,American,UNKNOWN,,,2025,,,,"Entered #14 as a returning WWE alumna -- NOT yet a Hall of Famer at the time of this event (inducted 2025, 7 years later, by her husband The Undertaker). Survived 8:38, and had this match's highest total credited-elimination count (5: 4 solo -- Sonya Deville, Liv Morgan, Molly Holly, Lana -- plus a shared credit for Vickie Guerrero) before being eliminated by Natalya.",S022;S158;S159;S024
ruby-riott,Ruby Riott,Dori Elizabeth Prange,PROBABLE,F,1991-01-09,PROBABLE,,,"Edwardsburg, Michigan, U.S.",PROBABLE,American,UNKNOWN,,,,,Ruby Soho,,"Rumble debut, entered #15. Survived 11:32, eliminating Becky Lynch (plus a shared credit for Vickie Guerrero) before being eliminated by Nia Jax. Not a WWE Hall of Famer as of this build.",S022;S144;S024
vickie-guerrero,Vickie Guerrero,Vickie Lynn Lara,PROBABLE,F,1968-04-16,PROBABLE,,,"El Paso, Texas, U.S.",PROBABLE,American,UNKNOWN,,,,,,,"Entered #16 as a returning WWE alumna, a comedic spot. Survived just 0:57, eliminated in a 4-way group elimination (Becky Lynch, Michelle McCool, Ruby Riott, Sasha Banks). Not a WWE Hall of Famer in her own right as of this build -- her late husband Eddie Guerrero's posthumous 2006 induction is a separate honor, not hers; see F374.",S022;S160;S024
carmella,Carmella,Leah Van Dale,PROBABLE,F,1987-10-23,PROBABLE,,,"Spencer, Massachusetts, U.S.",PROBABLE,American,UNKNOWN,,,,,,,"Rumble debut, entered #17. Survived 18:45, eliminated by Nikki Bella. Not a WWE Hall of Famer as of this build.",S022;S144;S024
natalya,Natalya,Natalie Katherine Neidhart,PROBABLE,F,1982-05-27,PROBABLE,,,"Calgary, Alberta, Canada",PROBABLE,Canadian,UNKNOWN,,,,,,,"Rumble debut, entered #18. Survived 25:34, eliminating 2 solo (Michelle McCool, Beth Phoenix) plus a shared credit in Nia Jax's group elimination, before being eliminated by Trish Stratus. Not a WWE Hall of Famer as of this build.",S022;S144
kelly-kelly,Kelly Kelly,Barbara Jean Blank,PROBABLE,F,1987-01-15,PROBABLE,,,"Jacksonville, Florida, U.S.",PROBABLE,American,UNKNOWN,,,,,,,"Entered #19 as a returning WWE alumna. Survived 5:02, eliminated by Nia Jax. Never inducted into the WWE Hall of Fame as of this build (2026-09-20).",S022;S159;S024
naomi,Naomi,Trinity LaShawn McCray Fatu,PROBABLE,F,1987-11-30,PROBABLE,,,"Sanford, Florida, U.S.",PROBABLE,American,PROBABLE,African-American,,,,,,"Rumble debut, entered #20. Survived 6:49, eliminated by Nia Jax. Not a WWE Hall of Famer as of this build.",S022;S144;S1732;S024
jacqueline,Jacqueline,Jacqueline DeLois Moore,CONFIRMED,F,1964-01-06,CONFIRMED,,,"Dallas, Texas, U.S.",CONFIRMED,American,UNKNOWN,,,2016,,,,"Entered #21 as a returning WWE Hall of Famer (inducted 2016, already a Hall of Famer at the time of this event -- WWE's first Black woman inducted into the Hall of Fame). Survived 1:52, eliminated by Nia Jax.",S022;S158;S159;S024
nia-jax,Nia Jax,Savelina Fanene,PROBABLE,F,1984-05-29,PROBABLE,,,"Sydney, New South Wales, Australia",PROBABLE,Australian-American,UNKNOWN,,,,,,,"Rumble debut, entered #22. Eliminated 4 solo (Jacqueline, Kelly Kelly, Ruby Riott, Naomi) -- tied for the match's high eliminator count -- before being eliminated herself in a 6-way group elimination after 17:56. Not a WWE Hall of Famer as of this build.",S022;S144;S152;S024
ember-moon,Ember Moon,Adrienne Reese,PROBABLE,F,1988-08-31,PROBABLE,,,"Garland, Texas, U.S.",PROBABLE,American,UNKNOWN,,,,,Athena,,"Rumble debut, entered #23. Survived 6:14, eliminated by Asuka. Now wrestles as 'Athena' elsewhere. Not a WWE Hall of Famer as of this build.",S022;S144;S024
asuka,Asuka,Kanako Urai,PROBABLE,F,1981-09-26,PROBABLE,,,"Osaka, Japan",PROBABLE,Japanese,UNKNOWN,,,,,,,"Entered #25 and WON, eliminating 2 solo (Ember Moon, Nikki Bella -- the winning elimination) plus a shared credit in Nia Jax's group elimination. Chose a title match at WrestleMania 34; her post-match moment was overshadowed by Ronda Rousey's surprise appearance -- see notable_moments. Not a WWE Hall of Famer as of this build.",S022;S144;S152
mickie-james,Mickie James,Mickie Laree James,PROBABLE,F,1979-08-31,PROBABLE,,,"Richmond, Virginia, U.S.",PROBABLE,American,UNKNOWN,,,,,,,"Rumble debut, entered #26. Survived 8:24, eliminated by Trish Stratus. Not a WWE Hall of Famer as of this build (inducted into the separate TNA/Impact Hall of Fame in 2025 -- a different organization, not conflated with WWE HOF status here).",S022;S144;S024
nikki-bella,Nikki Bella,Stephanie Nicole Garcia-Colace,PROBABLE,F,1983-11-21,PROBABLE,,,"San Diego, California, U.S.",PROBABLE,American,UNKNOWN,,,2020,,,,"Entered #27 as a returning WWE alumna -- NOT yet a Hall of Famer at the time of this event (inducted as one of 'The Bella Twins,' Class of 2020, ceremony held April 2021 -- both well after this event). Survived 16:30, eliminating 2 solo (Carmella, Brie Bella) plus a shared credit in Nia Jax's group elimination, before eliminating Sasha Banks (with Brie Bella) and making the final two -- runner-up to Asuka.",S022;S158;S159;S024
brie-bella,Brie Bella,Brianna Monique Garcia-Colace,PROBABLE,F,1983-11-21,PROBABLE,,,"San Diego, California, U.S.",PROBABLE,American,UNKNOWN,,,2020,,,,"Entered #28 as a returning WWE alumna -- NOT yet a Hall of Famer at the time of this event (inducted as one of 'The Bella Twins,' Class of 2020, ceremony held April 2021 -- both well after this event). Survived 11:58, part of the shared elimination of Sasha Banks (with Nikki Bella) and a shared credit in Nia Jax's group elimination, before being eliminated by her twin sister Nikki.",S022;S158;S159;S024
bayley,Bayley,Pamela Rose Martinez,PROBABLE,F,1989-06-15,PROBABLE,,,"San Jose, California, U.S.",PROBABLE,American,UNKNOWN,,,,,,,"Rumble debut, entered #29. Survived 5:04, part of the 6-way group elimination of Nia Jax, before being eliminated by Sasha Banks. Not a WWE Hall of Famer as of this build.",S022;S144;S024
trish-stratus,Trish Stratus,Patricia Anne Stratigeas,PROBABLE,F,1975-12-18,PROBABLE,,,"Toronto, Ontario, Canada",PROBABLE,Canadian,UNKNOWN,,,2013,,,,"Entered #30 (the final entrant) as a returning WWE Hall of Famer (inducted 2013, already a Hall of Famer at the time of this event). Survived 5:36, eliminating 2 solo (Mickie James, Natalya) plus a shared credit in Nia Jax's group elimination, before being eliminated by Sasha Banks.",S022;S144
curt-hawkins,Curt Hawkins,Brian Myers,CONFIRMED,M,1985-04-20,CONFIRMED,,,"Glen Cove, New York, U.S.",CONFIRMED,American,UNKNOWN,,"2004, New York Wrestling Connection (NYWC)",,,Brian Myers (current TNA/Impact ring name); Brian Majors,,"Rumble debut, entered #9. Survived 4:09, eliminating Titus O'Neil before being eliminated by Samoa Joe. Famous for a 269-match on-screen 'losing streak' angle (2017-2018). Not a WWE Hall of Famer as of this build (2026-09-21).",S161;S169
samoa-joe,Samoa Joe,Nuufolau Joel Seanoa,CONFIRMED,M,1979-03-17,CONFIRMED,,,"Huntington Beach, California, U.S.",CONFIRMED,American,UNKNOWN,,"December 1999, UIWA West Coast Dojo",,,,"Hybrid/hard-hitting, MMA-influenced striking and submission style","Rumble debut, entered #8. Survived 23:43, eliminating 3 (Big E, Curt Hawkins, No Way Jose) before being eliminated by Mustafa Ali. Not inducted into the WWE Hall of Fame as of this build (2026-09-21); separately inducted into the ROH Hall of Fame, inaugural class, Jan/Feb 2022 -- a different institution, not conflated with WWE HOF status here.",S161;S163
johnny-gargano,Johnny Gargano,John Anthony Nicholas Gargano,CONFIRMED,M,1987-08-14,CONFIRMED,,,"Lakewood, Ohio, U.S.",PROBABLE,American,UNKNOWN,,"July 8, 2005, Cleveland All-Pro Wrestling (CAPW)",,,Cedrick Von Haussen; Joey Gray,"'Lucharesu' -- a self-described mix of British chain wrestling, lucha libre, and puroresu","Rumble debut, entered #6 as reigning NXT North American Champion (won from Ricochet the night before, Jan 26 2019, at NXT TakeOver: Phoenix). Survived 13:50, eliminating Jinder Mahal before being eliminated by Dean Ambrose. Birthplace given as Lakewood, OH (Wikipedia) vs. Cleveland, OH (Gerweck.net) -- compatible (Lakewood is an inner-ring Cleveland suburb), not a genuine conflict; see F384. Not a WWE Hall of Famer as of this build.",S161;S170
no-way-jose,No Way Jose,Levis Valenzuela Jr.,CONFIRMED,M,1988-05-30,CONFIRMED,,,"Durham, North Carolina, U.S.",CONFIRMED,American,UNKNOWN,,"May 17, 2013, CWF Mid-Atlantic",,,Manny Garcia; Levy Valenz,,"Rumble debut, entered #15. Survived just 0:03, eliminated by Samoa Joe. Released by WWE in April 2020; worked the independent circuit and Impact Wrestling afterward. Not a WWE Hall of Famer as of this build.",S161;S169
pete-dunne,Pete Dunne,Peter Thomas England,CONFIRMED,M,1993-11-09,CONFIRMED,,,"Solihull, West Midlands, England",CONFLICTING,English,UNKNOWN,,2007 (trained from age 12 starting 2006); first match at a Holbrooks Festival event in Coventry,,,"Tiger Kid; Pete England; Rayo Americano; Streetfighter Ken; later Butch (2022 WWE rebrand); reverted to Pete Dunne, Jan 2024","Joint-manipulation/finger-bending, stiff striking, British 'strong style'/submission grappling","Rumble debut, entered #18 as reigning NXT UK Champion (won May 20 2017 from Tyler Bate; held continuously through this event; lost the title April 5 2019 to WALTER). Survived 11:13, eliminated by Drew McIntyre. Birthplace is CONFLICTING between Wikipedia (Solihull) and TheSmackDownHotel.com (Birmingham) -- two distinct towns in the same metro conurbation, not interchangeable; see F384. Not a WWE Hall of Famer as of this build.",S161;S172
aleister-black,Aleister Black,Tom Büdgen,CONFIRMED,M,1985-05-19,CONFIRMED,,,"Amsterdam, Netherlands",CONFIRMED,Dutch,UNKNOWN,,"June 18, 2002, independent circuit",,,Tommy End (main pre-WWE independent name); later Malakai Black (2020 WWE rebrand); reverted to Aleister Black in a 2025-2026 WWE stint,"Striking-based (kickboxing, pencak silat, Muay Thai)","Main-roster debut Oct 2018; Rumble debut, entered #21. Survived 6:09, eliminated by Baron Corbin. As of Sept 2026, also credited as the current PROGRESS Men's World Champion on the independent scene. Not a WWE Hall of Famer as of this build.",S161;S163
mustafa-ali,Mustafa Ali,Adeel Alam,CONFIRMED,M,1986-03-28,CONFIRMED,,,"Bolingbrook, Illinois, U.S.",CONFIRMED,American,CONFIRMED,Indian and Pakistani heritage,"February 2, 2003, independent circuit",,,Ali Alto; Prince Ali,High-flying/lucha-influenced -- signature evolved from an inverted 450 splash to a standard 450 splash,"Rumble debut, entered #13. Survived 30:00, eliminating 2 (Shinsuke Nakamura, Samoa Joe) before being eliminated by Nia Jax, in a spot originally designed for a different, unnamed wrestler who declined it -- Ali volunteered as the replacement, per his own later interview. Worked 4 years as a police officer in a Chicago suburb before joining WWE via the 2016 Cruiserweight Classic. Not a WWE Hall of Famer as of this build; also credited with a 2026 TNA storyline/championship win, indicating continued in-ring activity.",S161;S170;S1751;S1752
lacey-evans,Lacey Evans,Macey Estrella,PROBABLE,F,1990-03-24,PROBABLE,,,"Georgia, U.S.",PROBABLE,American,UNKNOWN,,"2014, American Premier Wrestling (Statesboro, GA)",,,Macey Evans; Ruby Mobs,,"Rumble debut and main-roster debut, entered #1. Survived 29:20, eliminating 2 (Billie Kay, Peyton Royce) before being eliminated by Charlotte Flair. Not a WWE Hall of Famer as of this build (2026-09-21).",S173
billie-kay,Billie Kay,Jessica McKay,PROBABLE,F,1989-06-23,PROBABLE,,,"Sydney, New South Wales, Australia",PROBABLE,Australian,UNKNOWN,,"June 23, 2007, Pro Wrestling Alliance (Australia)",,,Jessie McKay,,"Rumble debut, entered #7. Survived 9:25, part of the shared elimination of Nikki Cross (with Peyton Royce) before being eliminated by Lacey Evans. Not a WWE Hall of Famer as of this build.",S173
peyton-royce,Peyton Royce,Cassandra Arneill,PROBABLE,F,1992-11-10,PROBABLE,,,"Sydney, New South Wales, Australia",PROBABLE,Australian,UNKNOWN,,"Feb 28, 2009, Pro Wrestling Women's Alliance",,,KC Cassidy (debut name); later Cassie Lee,,"Rumble debut, entered #9. Survived 8:38, part of the shared elimination of Nikki Cross (with Billie Kay) before being eliminated by Lacey Evans. Not a WWE Hall of Famer as of this build.",S173
nikki-cross,Nikki Cross,Nicola Glencross,PROBABLE,F,1989-04-21,PROBABLE,,,"Glasgow, Scotland",PROBABLE,Scottish,UNKNOWN,,"Sept 20, 2008, Scottish Wrestling Alliance",,,Nikki Storm (pre-WWE independent ring name),,"Very recent main-roster call-up (Raw debut Jan 14, 2019). Rumble debut, entered #8. Survived 9:00, eliminated by Billie Kay & Peyton Royce (shared). Not the same person as Nikki Bella. Not a WWE Hall of Famer as of this build.",S173
xia-li,Xia Li,Zhao Xia,CONFIRMED,F,1988-07-28,CONFIRMED,,,"Chongqing, China",CONFIRMED,Chinese,UNKNOWN,,"In-ring debut July 13, 2017 (Mae Young Classic); joined WWE Performance Center Jan 2017",,,"Lei Ying Lee (later TNA ring name, Sept 2024)",Competitive wushu martial artist background,"Rumble debut, entered #11. Survived 4:48, eliminated by Charlotte Flair. Not a WWE Hall of Famer as of this build.",S173;S182
charlotte-flair,Charlotte Flair,Ashley Elizabeth Fliehr,CONFIRMED,F,1986-04-05,CONFIRMED,,,"Charlotte, North Carolina, U.S.",CONFIRMED,American,UNKNOWN,,"Trained from May 2012; first televised match July 17, 2013 (NXT)",,,"Ashley Flair; Charlotte (2013-2016, before adopting 'Charlotte Flair' around Oct 2016)",,"First appearance in this database -- did NOT compete in RR2018W. Entered #13, finished as runner-up (eliminated by Becky Lynch after 50:01), crediting a match-high 5 eliminations (Xia Li, Tamina, Lacey Evans, Carmella, plus a shared credit on Bayley). Not a WWE Hall of Famer as of this build.",S173
maria-kanellis,Maria Kanellis,Mary Louise Kanellis-Bennett,PROBABLE,F,1982-02-25,PROBABLE,,,"Ottawa, Illinois, U.S.",PROBABLE,American,UNKNOWN,,"2004, Ohio Valley Wrestling",,,Maria (used for much of her WWE tenure),,"A rare in-ring appearance -- she usually worked as an on-air manager (205 Live) rather than a competitor at this point in her career. Rumble debut, entered #15. Survived 8:12, eliminated by Alicia Fox, with no credited eliminations of her own this match. Not a WWE Hall of Famer as of this build.",S173
candice-lerae,Candice LeRae,Candice Gargano,PROBABLE,F,1985-09-29,PROBABLE,,,"Riverside, California, U.S.",PROBABLE,American,UNKNOWN,,"2002, Empire Wrestling Federation",,,Sweet Candy (2002-2004),,"Married to Johnny Gargano (also an entrant in this database's RR2019M record) -- 'LeRae' is a ring name, not her legal surname ('Gargano' is). Rumble debut, entered #17. Survived 9:35, eliminated by Ruby Riott. Not a WWE Hall of Famer as of this build.",S173;S183
alicia-fox,Alicia Fox,Victoria Elizabeth Crawford,PROBABLE,F,1986-06-30,PROBABLE,,,"Ponte Vedra Beach, Florida, U.S.",PROBABLE,American,UNKNOWN,,"July 1, 2006",,,Tori; Vix Crow,,"Rumble debut, entered #18. Survived 6:55, eliminating Maria Kanellis before being eliminated by Ruby Riott. Not a WWE Hall of Famer as of this build.",S173
kacy-catanzaro,Kacy Catanzaro,Kacy Esther Catanzaro,CONFIRMED,F,1990-01-14,CONFIRMED,,,"Glen Ridge, New Jersey, U.S.",CONFIRMED,American,UNKNOWN,,"In-ring debut April 19, 2018 (NXT); signed Aug 28, 2017",,,"Katana Chance (adopted April 19, 2022 -- NOT the same person as her tag partner Kayden Carter)",,"Pre-wrestling fame as an American Ninja Warrior competitor (2013-2017) -- first woman to complete a City Finals course, viral '#MightyKacy' run. Rumble debut, entered #19. Survived 10:45, eliminated by Rhea Ripley. Released from WWE May 2, 2025. Not a WWE Hall of Famer as of this build.",S173
zelina-vega,Zelina Vega,Thea Megan Trinidad Büdgen,CONFIRMED,F,1990-12-27,CONFIRMED,,,"Queens, New York City, U.S.",CONFIRMED,American,UNKNOWN,,"Feb 20, 2010, National Wrestling Superstars",,,Divina Fly; Snookie Fly; Rosita; Xelina; Queen Zelina; Thea Trinidad,,"Recently transitioned from an on-air manager role to in-ring competition. Rumble debut, entered #20. Survived 11:42, eliminated by Rhea Ripley. Not a WWE Hall of Famer as of this build.",S173
io-shirai,Io Shirai,Masami Odate,PROBABLE,F,1990-05-08,CONFIRMED,,,"Kamakura, Kanagawa, Japan",CONFIRMED,Japanese,UNKNOWN,,"March 4, 2007, independent circuit",,,"Oyuki; Biba Kasai/Viva Kasai (Mexico, 2010); Hitokiri (2016); later Iyo Sky (adopted upon 2022 WWE main-roster call-up)",,"NXT call-up (NXT TV debut Oct 2018). Rumble debut, entered #23. Survived 13:21, eliminated by Nia Jax, with no credited eliminations of her own this match. Real-name kanji rendering has a minor discrepancy between sources (both romanize identically as 'Odate Masami'), not treated as a genuine conflict. Not a WWE Hall of Famer as of this build.",S173;S183
rhea-ripley,Rhea Ripley,Demi Bennett,PROBABLE,F,1996-10-11,PROBABLE,,,"Adelaide, South Australia, Australia",PROBABLE,Australian,UNKNOWN,,"June 22, 2013, Riot City Wrestling (wrestled under her real name 2013-2017)",,,,,"NXT UK talent; lost the inaugural NXT UK Women's Championship to Toni Storm on Jan 12, 2019, 15 days before this event -- entered not as champion. Rumble debut, entered #24. Survived 7:55, eliminating 3 (Kacy Catanzaro, Dana Brooke, Zelina Vega) before being eliminated by Bayley. Not a WWE Hall of Famer as of this build.",S173
alexa-bliss,Alexa Bliss,Alexis Kaufman,PROBABLE,F,1991-08-09,PROBABLE,,,"Columbus, Ohio, U.S.",PROBABLE,American,UNKNOWN,,"Sept 20, 2013 (NXT); main roster 2016",,,La Luchadora (masked alter-ego gimmick),,"Three-time Raw Women's Champion and two-time SmackDown Women's Champion prior to this event (first woman to hold both) -- did not hold a title at the time of this match. Rumble debut, entered #26. Survived 12:59, eliminating 2 (Sonya Deville, Ember Moon) before being eliminated by Bayley & Carmella (shared). Not a WWE Hall of Famer as of this build.",S173
robert-roode,Robert Roode,Robert Francis Roode Jr.,PROBABLE,M,1976-05-11,PROBABLE,,,"Peterborough, Ontario, Canada",PROBABLE,Canadian,UNKNOWN,,"June 1998, independent circuit (Ontario, as ""Total"" Lee Awesome)",,,"Bobby Roode (main pre-2017 and post-Feb-2021 ring name); ""Total"" Lee Awesome (early indie name)",Technical/tag-team specialist,"Rumble debut in this database, entered #4. Survived 0:41, eliminated by Brock Lesnar. Two-time TNA World Heavyweight Champion and six-time TNA World Tag Team Champion (with James Storm as Beer Money, Inc.) prior to WWE; also a one-time NXT Champion. Billed as 'Robert Roode' on the WWE main roster from Aug 2017 (reverted to 'Bobby Roode' Feb 2021, outside this event's scope). Not a WWE Hall of Famer as of this build (2026-09-21).",S195
john-morrison,John Morrison,John Randall Hennigan,CONFIRMED,M,1979-10-03,CONFIRMED,,,"Palos Verdes, California, U.S.",PROBABLE,American,UNKNOWN,,"January 27, 2003, Supreme Pro Wrestling / Ohio Valley Wrestling (OVW)",,,Johnny Nitro; Johnny Mundo (Lucha Underground/independent name),"High-flying, acrobatic -- signature finisher 'Starship Pain'","Rumble debut in this database, entered #5. Survived 0:09, eliminated by Brock Lesnar. Won WWE Tough Enough III (2003), debuting via OVW/Raw in 2004; multiple-time WWE Intercontinental, United States, and (with The Miz, also an entrant in this match) WWE Tag Team Champion prior to a mid-2010s departure; returned to WWE in 2019 shortly before this event. Not a WWE Hall of Famer as of this build.",S195;S196
keith-lee,Keith Lee,Keith Gerald Lee II,CONFIRMED,M,1984-11-08,CONFIRMED,,,"Wichita Falls, Texas, U.S.",CONFIRMED,American,UNKNOWN,,,,,,"Power-agility hybrid -- ""a big man who moves like a cruiserweight""","Rumble debut, entered #13, as reigning NXT North American Champion (won 4 days earlier, Jan 22, 2020, from Roderick Strong). Survived 3:32; elimination credit is CONFLICTING -- see F396. Held the WWN Championship (Oct 2017) and PWG World Championship (March 2018) prior to WWE. Exact pro-wrestling debut date not confirmed this pass -- left blank rather than guessed. Not a WWE Hall of Famer as of this build.",S191
ricochet,Ricochet,Trevor Mann,CONFIRMED,M,1988-10-11,CONFIRMED,,,"Alton, Illinois, U.S.",CONFIRMED,American,UNKNOWN,,"October 11, 2003, Chaos Pro Wrestling",,,The Future (early indie name); Prince Puma (Lucha Underground),High-flying -- innovative acrobatics and mid-air flexibility,"Rumble debut in this database, entered #15. Survived 3:09, eliminated by Drew McIntyre. Extensive pre-WWE resume: multiple Dragon Gate championships (first gaijin Open the Dream Gate Champion), 2014 NJPW Best of the Super Juniors winner, 3x IWGP Junior Heavyweight Tag Team Champion, PWG World Champion, 2x Lucha Underground Champion; later held the WWE NXT North American, United States, and Intercontinental Championships (subsequent to this event). Not a WWE Hall of Famer as of this build.",S195
karl-anderson,Karl Anderson,Chad Allegra,CONFIRMED,M,1980-01-20,CONFIRMED,,,"Lincoln Park, Michigan, U.S.",CONFIRMED,American,UNKNOWN,,"May 10, 2002, Northern Wrestling Federation (NWF)",,,Machine Gun Karl Anderson (NJPW),Tag-team specialist -- technical wrestling and hard-hitting offense,"Rumble debut in this database, entered #20. Survived 9:46, eliminated by Randy Orton. Founding member and mouthpiece of the Bullet Club stable; 4x IWGP Tag Team Champion and 2x WWE Raw Tag Team Champion (both alongside Luke Gallows, also an entrant in this match). Not a WWE Hall of Famer as of this build.",S195
matt-riddle,Matt Riddle,Matthew Frederick Riddle,CONFIRMED,M,1986-01-14,CONFIRMED,,,"Allentown, Pennsylvania, U.S.",CONFIRMED,American,UNKNOWN,,,,,King Woo; The Original Bro,"MMA/BJJ-influenced grappling, barefoot in-ring style","Rumble debut, entered #23. Survived just 0:41, eliminated by King Corbin -- his first WWE main-roster call-up and first Royal Rumble. NCAA Division II amateur wrestler and BJJ practitioner; former UFC fighter (four-fight win streak before a 2013 release following a marijuana test failure). NXT Tag Team Champion with Pete Dunne (already in this database, RR2019M) as 'The Broserweights,' winning the 2020 Dusty Rhodes Tag Team Classic. Exact pro-wrestling debut date not confirmed this pass -- left blank rather than guessed. Not a WWE Hall of Famer as of this build.",S191
luke-gallows,Luke Gallows,Andrew William Hankinson,CONFIRMED,M,1983-12-22,CONFIRMED,,,,UNKNOWN,American,UNKNOWN,,"2005, WWE Tough Enough talent competition",,,Festus (early WWE gimmick); Doc Gallows (Impact/NJPW ring name),"Large, physical big-man style","Rumble debut in this database, entered #24. Survived 2:00, eliminated by Edge. 3x IWGP Tag Team Champion and 2x WWE Raw Tag Team Champion, both alongside Karl Anderson (also an entrant in this match) as part of The Good Brothers/Bullet Club. Birthplace not specified in sources consulted this pass -- left blank rather than guessed. Not a WWE Hall of Famer as of this build.",S195
bianca-belair,Bianca Belair,Bianca Nicole Crawford (nee Blair),CONFIRMED,F,1989-04-09,CONFIRMED,,,"Knoxville, Tennessee, U.S.",CONFIRMED,American,PROBABLE,African-American,"September 29, 2016, WWE NXT",,,,"Powerhouse style, noted for exceptional strength","Rumble debut in this database, entered #2. Survived 33:20, tying the then-record for most eliminations in a single Women's Royal Rumble match with 8 (alongside Shayna Baszler), breaking Nia Jax's previous record of 7 -- before being eliminated by Charlotte Flair. Former track-and-field athlete (hurdles) at the University of South Carolina, Texas A&M, and the University of Tennessee (All-SEC, All-American); also competed in CrossFit and powerlifting before her 2016 wrestling signing. Had not yet made her main-roster debut at the time of this event (that came April 5, 2020, at WrestleMania 36); competed as an NXT talent here. Not a WWE Hall of Famer as of this build (2026-09-21).",S210;S1739
mercedes-martinez,Mercedes Martinez,Jazmin Benitez,CONFIRMED,F,1980-11-17,CONFIRMED,,,"Waterbury, Connecticut, U.S.",CONFIRMED,American,UNKNOWN,,"November 2000, independent circuit",,,,"Hard-hitting technical, mixed-martial-arts-influenced","Rumble debut, entered #6. Survived 8:14, part of a shared elimination credit alongside Sonya Deville and Mandy Rose's joint elimination of her. Nearly two-decade independent veteran; 3x WSU Champion, 2x Shimmer Champion, 1x Shine Champion, multiple WXW Women's Championship reigns; mainstay of Ring of Honor's women's division. Signed her WWE contract in January 2020, reporting to the Performance Center right around this event -- making this appearance essentially her WWE in-ring debut. Not a WWE Hall of Famer as of this build.",S210
dakota-kai,Dakota Kai,Cheree Georgina Crowley,CONFIRMED,F,1988-05-06,CONFIRMED,,,"Auckland, New Zealand",CONFIRMED,New Zealander,UNKNOWN,,"2007, New Zealand independent circuit (as 'Evie')",,,Evie,Hard-hitting technical/striking hybrid,"Rumble debut, entered #15. Survived 1:32, eliminated by Chelsea Green. First woman to receive a contract with Pro Wrestling Zero1 (Japan, 2014); won the inaugural IPW New Zealand Women's Championship (2012) and the Artist of Stardom Championship in Stardom (2015); signed with WWE Dec 2016, competed in the 2017 Mae Young Classic; had already appeared on WWE main-roster TV in the Nov 2019 Survivor Series invasion angle prior to this, her first Royal Rumble. Not a WWE Hall of Famer as of this build.",S210
chelsea-green,Chelsea Green,Chelsea Anne Green,CONFIRMED,F,1991-04-04,CONFIRMED,,,"Victoria, British Columbia, Canada",CONFIRMED,Canadian,UNKNOWN,,"2014, ECCW (Elite Canadian Championship Wrestling)",,,Laurel Van Ness (Impact/TNA ring name); Reklusa (Lucha Underground),"High-energy/character-driven, athletic offense; trained by Lance Storm","Rumble debut, entered #16. Survived just 0:12, eliminated by Alexa Bliss -- among the shortest individual times in the match, not to be confused with a separate 2023 Royal Rumble fastest-elimination association (F411). As 'Laurel Van Ness' in Impact/TNA, won the Impact Knockouts Championship (Nov 2017); worked Lucha Underground as 'Reklusa' (2018); signed with WWE Aug 3, 2018, NXT debut Oct 26, 2018. Not a WWE Hall of Famer as of this build.",S210
toni-storm,Toni Storm,Toni Rossall,CONFIRMED,F,1995-10-19,CONFIRMED,,,"Auckland, New Zealand",CONFIRMED,"New Zealand-born, Australia-billed",UNKNOWN,,"2009 (age 13), Australian/New Zealand independent circuit",,,,All-around technical/power hybrid,"Rumble debut, entered #20. Survived 18:40, eliminated by Shayna Baszler. Won the inaugural Progress Women's Championship (2017) and wXw Women's Championship (twice); in Japan's Stardom, held the SWA World Championship for a record-setting 612 days and the World of Stardom Championship (258-day reign ending June 2018); won the 2018 WWE Mae Young Classic, defeating Io Shirai (already in this database, RR2019W) in the final. Entered this match as a FORMER, not reigning, NXT UK Women's Champion -- her reign ran Jan 12, 2019 to Aug 31, 2019 (lost to Kay Lee Ray), roughly 5 months before this event. See F404. Not a WWE Hall of Famer as of this build.",S210
mia-yim,Mia Yim,Stephanie Hym Bell,CONFLICTING,F,1989-04-16,CONFIRMED,,,"Los Angeles, California, U.S.",CONFIRMED,American,UNKNOWN,,,,,Jade (TNA/Impact ring name),"All-around/striking, cross-trained in lucha libre","Rumble debut, entered #12. Survived 6:30, eliminated by Alexa Bliss. Won the inaugural Shine Championship and Shine Tag Titles (2014); as 'Jade' in TNA/Impact, won the TNA Knockouts Championship (April 2016) as part of The Dollhouse; signed with WWE after the Mae Young Classic, NXT debut Oct 2018. Real surname is CONFLICTING between sources -- 'Bell' (2 sources) vs. 'Lee' (1 source), both agree on 'Hym' as a middle name -- see F405. Not a WWE Hall of Famer as of this build.",S210
tegan-nox,Tegan Nox,Steffanie Newell,PROBABLE,F,1994-11-15,PROBABLE,,,"Bargoed, Wales",PROBABLE,Welsh,UNKNOWN,,"2014, Attack! Pro Wrestling",,,Nixon Newell,High-flying; finisher is a step-up knee strike/shining wizard,"Rumble debut, entered #28. Survived 3:50, eliminated by Shayna Baszler. Formed 'Bayside High' tag team with Mark Andrews (Attack! Tag Champions, 2016); signed with WWE for the 2017 Mae Young Classic but tore her ACL beforehand; returned to NXT April 2018, then suffered a severe multi-ligament knee injury in the 2018 Mae Young Classic quarterfinal vs. Rhea Ripley (already in this database, RR2019W). Not a WWE Hall of Famer as of this build.",S210
shotzi-blackheart,Shotzi Blackheart,Ashley Louise Urbanski,CONFIRMED,F,1992-03-14,CONFIRMED,,,"Santa Clara County, California, U.S.",CONFIRMED,American,UNKNOWN,,"2014, Hoodslam (Oakland, CA)",,,Missy Highasshit (early Hoodslam character),"High-risk/hardcore-adjacent, 'tank girl' alternative persona","Rumble debut, entered #26. Survived 7:57, eliminated by Shayna Baszler. Won the Shine Nova Championship (May 2019); offered an NXT contract by William Regal at Evolve 137 (Oct 11, 2019), signed that month, reported to the WWE Performance Center in November 2019 -- meaning she was a very recent signee at the time of this Rumble. Of Filipino descent. Not a WWE Hall of Famer as of this build.",S210
shayna-baszler,Shayna Baszler,Shayna Andrea Baszler,CONFIRMED,F,1980-08-08,CONFIRMED,,,"Sioux Falls, South Dakota, U.S.",CONFIRMED,American,UNKNOWN,,"September 26, 2015, Quintessential Pro Wrestling (Reno, NV)",,,The Queen of Spades,Technical submission specialist -- catch wrestling and Brazilian jiu-jitsu,"Rumble debut in this database, entered #30, finishing as runner-up (eliminated by Charlotte Flair for the winning elimination) after tying Bianca Belair for the match's most credited eliminations (8 apiece) -- see NM083. Two-time NXT Women's Champion (2018-2019) prior to this event, but had lost the title to Rhea Ripley on Dec 18-19, 2019 (a 416-day reign), roughly 5 weeks before this Rumble -- entering as a FORMER, not reigning, champion. See F404. Pre-wrestling MMA career 2003-2017 (15-11 professional record; competed in UFC, Invicta FC, Strikeforce, and EliteXC) before transitioning to pro wrestling in 2015; signed with WWE/NXT Oct 3, 2017 after the Mae Young Classic. Per her own later retrospective account (a single, uncorroborated source), she was nearly excluded from this match two days beforehand before being reinstated. See F410. Not a WWE Hall of Famer as of this build.",S210;S211
damian-priest,Damian Priest,Luis Martinez,PROBABLE,M,1982-09-26,PROBABLE,,,"New York City, U.S.",PROBABLE,American,PROBABLE,Hispanic/Latino heritage,2005,,,Punishment Martinez; Damian Martinez,,Royal Rumble debut at #14; bio fields sourced from one reference source and therefore marked PROBABLE.,S219;S1743
otis,Otis,Nikola Michal Bogojević,PROBABLE,M,1991-12-21,PROBABLE,,,"Duluth, Minnesota, U.S.",PROBABLE,American,UNKNOWN,,2015,,,Otis Dozovic; Dozer; Niko Bogojevic; El Gran Gordo,,Royal Rumble debut at #20; bio fields sourced from one reference source and therefore marked PROBABLE.,S220
dominik-mysterio,Dominik Mysterio,Dominik Óscar Gutiérrez,PROBABLE,M,1997-04-05,PROBABLE,,,"San Diego, California, U.S.",PROBABLE,American,PROBABLE,Hispanic/Latino heritage,2020,,,,,"Royal Rumble debut at #21; son of Rey Mysterio, who also entered this match. Bio fields sourced from one reference source and therefore marked PROBABLE.",S221;S1743
omos,Omos,Tolulope Omogbehin,PROBABLE,M,1992-05-16,PROBABLE,,,"Lagos, Nigeria",PROBABLE,Nigerian,UNKNOWN,,2019,,,Jordan Omogbehin; The Nigerian Giant,,"Not an entrant in RR2021M. Added because WWE officially credits Omos, AJ Styles' ringside associate, with eliminating Big E and Rey Mysterio.",S222
jillian-hall,Jillian Hall,Jillian Faye Hall (née Fletcher),CONFIRMED,F,1980-09-06,CONFIRMED,,,"Ashland, Kentucky, United States",CONFIRMED,American,UNKNOWN,,1998 — independent circuit,,,Jillian;Macaela Mercedes,,Added for RR2021W; biography individually researched and backfilled from a dedicated wrestler-profile source.,S224;S225;S229
victoria,Victoria,Lisa Marie Varon (born Sole),CONFIRMED,F,1971-02-10,CONFIRMED,,,"San Bernardino, California, United States",CONFIRMED,American,UNKNOWN,,2000,,,Victoria;Tara;Lisa Marie Varon;Queen Victoria,,Added for RR2021W; biography individually researched and backfilled from a dedicated wrestler-profile source.,S224;S225;S230
santana-garrett,Santana Garrett,Santana Garrett,CONFIRMED,F,1988-05-22,CONFIRMED,,,"Ocala, Florida, United States",CONFIRMED,American,UNKNOWN,,2009 — independent circuit,,,Santana Garrett;Brittany;Santana;Santana G,,Added for RR2021W; biography individually researched and backfilled from a dedicated wrestler-profile source.,S224;S225;S231
austin-theory,Austin Theory,Austin Tyler White,CONFIRMED,M,1997-08-02,CONFIRMED,,,"McDonough, Georgia, United States",CONFIRMED,American,UNKNOWN,,2016,,,Austin Theory;Theory,,Added for RR2022M; individually researched.,S234
ridge-holland,Ridge Holland,Luke Menzies,CONFIRMED,M,1988-05-29,CONFIRMED,,,"Liversedge, West Yorkshire, England",CONFIRMED,English,UNKNOWN,,,,,Ridge Holland;Luke Menzies,,Added for RR2022M; individually researched.,S235
montez-ford,Montez Ford,Kenneth Crawford,CONFIRMED,M,1990-05-31,CONFIRMED,,,"Chicago, Illinois, United States",CONFIRMED,American,UNKNOWN,,2015,,,Montez Ford;Kenneth Crawford,,Added for RR2022M; individually researched.,S236
johnny-knoxville,Johnny Knoxville,Philip John Clapp,CONFIRMED,M,1971-03-11,CONFIRMED,,,"Knoxville, Tennessee, United States",CONFIRMED,American,UNKNOWN,,,,,Johnny Knoxville,,Added for RR2022M; individually researched.,S237
angelo-dawkins,Angelo Dawkins,Gary Gordon,CONFIRMED,M,1990-07-24,CONFIRMED,,,"Fairfield, Ohio, United States",CONFIRMED,American,UNKNOWN,,2012,,,Angelo Dawkins,,Added for RR2022M; individually researched.,S238
chad-gable,Chad Gable,Charles Edward Betts,CONFIRMED,M,1986-03-08,CONFIRMED,,,"Saint Michael, Minnesota, United States",CONFIRMED,American,UNKNOWN,,2003,,,Chad Gable;Shorty G,,Added for RR2022M; individually researched.,S239
rick-boogs,Rick Boogs,Eric Bugenhagen,CONFIRMED,M,1987-12-01,CONFIRMED,,,"Franklin, Wisconsin, United States",CONFIRMED,American,UNKNOWN,,2017,,,Rick Boogs;Eric Bugenhagen,,Added for RR2022M; individually researched.,S240
riddick-moss,Madcap Moss,Michael Carter Rallis,CONFIRMED,M,1989-10-10,CONFIRMED,,,"Edina, Minnesota, United States",CONFIRMED,American,UNKNOWN,,2014,,,Madcap Moss;Riddick Moss,,Added for RR2022M; individually researched.,S241
bad-bunny,Bad Bunny,Benito Antonio Martínez Ocasio,CONFIRMED,M,1994-03-10,CONFIRMED,,,"Vega Baja, Puerto Rico",CONFIRMED,Puerto Rican,UNKNOWN,,,,,Bad Bunny,,Added for RR2022M; individually researched.,S242
melina,Melina,Melina Nava Perez,CONFIRMED,F,1979-03-09,CONFIRMED,,,"Los Angeles, California, United States",CONFIRMED,American,PROBABLE,Mexican heritage,2000,,,Melina,,Added for RR2022W; individually researched.,S245;S1733
aliyah,Aliyah,Nhooph Al-Areebi,CONFIRMED,F,1994-11-23,CONFIRMED,,,"Toronto, Ontario, Canada",CONFIRMED,Canadian,UNKNOWN,,2013,,,Aliyah,,Added for RR2022W; individually researched.,S246
cameron,Cameron,Ariane Andrew,CONFIRMED,F,1987-11-03,CONFIRMED,,,"Atlanta, Georgia, United States",CONFIRMED,American,UNKNOWN,,2011,,,Cameron;Ariane Andrew,,Added for RR2022W; individually researched.,S247
ivory,Ivory,Lisa Mary Moretti,CONFIRMED,F,1961-11-26,CONFIRMED,,,"Los Angeles, California, United States",CONFIRMED,American,UNKNOWN,,1986,2018,PROBABLE,Ivory;Tina Ferrari,,Added for RR2022W; individually researched.,S248
summer-rae,Summer Rae,Danielle Moinet,CONFIRMED,F,1983-11-28,CONFIRMED,,,"Manhasset, New York, United States",CONFIRMED,American,UNKNOWN,,2011,,,Summer Rae,,Added for RR2022W; individually researched.,S249
ronda-rousey,Ronda Rousey,Ronda Jean Rousey,CONFIRMED,F,1987-02-01,CONFIRMED,,,"Riverside, California, United States",CONFIRMED,American,UNKNOWN,,2018,,,Ronda Rousey,,Added for RR2022W; individually researched.,S250
gunther,Gunther,Walter Hahn,CONFIRMED,M,1987-08-20,CONFIRMED,,,"Vienna, Austria",CONFIRMED,Austrian,UNKNOWN,,2005,,,Gunther;WALTER;Walter,,Added for RR2023M; individually researched.,S255
karrion-kross,Karrion Kross,Kevin Kesar,CONFIRMED,M,1985-07-19,CONFIRMED,,,"New York, New York, United States",CONFIRMED,American,UNKNOWN,,2014,,,Karrion Kross;Killer Kross;Kevin Kross;The White Rabbit,,Added for RR2023M; individually researched.,S256
santos-escobar,Santos Escobar,Jorge Luis Alcántara Boli,CONFIRMED,M,1984-04-30,CONFIRMED,,,"Mexico City, Mexico",CONFIRMED,Mexican,PROBABLE,Hispanic/Latino heritage,2000,,,Santos Escobar;El Hijo del Fantasma;King Cuerno;Top Secret,,Added for RR2023M; individually researched.,S257;S1743
logan-paul,Logan Paul,Logan Alexander Paul,CONFIRMED,M,1995-04-01,CONFIRMED,,,"Westlake, Ohio, United States",CONFIRMED,American,UNKNOWN,,2022,,,Logan Paul,,Added for RR2023M; individually researched.,S258;S259
emma,Emma,Tenille Averil Dashwood,CONFIRMED,F,1989-03-01,CONFIRMED,,,"Boronia, Victoria, Australia",CONFIRMED,Australian,UNKNOWN,,2005,,,Emma;Tenille Dashwood;Emmalina;Tenille Tayla;Valentine,,Added for RR2023W; individually researched from a dedicated person-specific source.,S262
b-fab,B-Fab,Briana Brandy,CONFIRMED,F,1990-11-22,CONFIRMED,,,"Canton, Ohio, United States",CONFIRMED,American,UNKNOWN,,2019,,,B-Fab;Briana Brandy,,Added for RR2023W; individually researched from a dedicated person-specific source.,S263
roxanne-perez,Roxanne Perez,Carla Gonzalez,CONFIRMED,F,2001-11-05,CONFIRMED,,,"Laredo, Texas, United States",CONFIRMED,American,UNKNOWN,,2018,,,Roxanne Perez;Rok-C,,Added for RR2023W; individually researched from a dedicated person-specific source.,S264
zoey-stark,Zoey Stark,Theresa Serrano,CONFIRMED,F,1994-01-25,CONFIRMED,,,"Salt Lake City, Utah, United States",CONFIRMED,American,UNKNOWN,,,,,Zoey Stark;Lacey Ryan;Zoey Serrano;Serrano,,Added for RR2023W; individually researched from a dedicated person-specific source.,S265
piper-niven,Piper Niven,Kimberly Benson,CONFIRMED,F,1991-05-06,CONFIRMED,,,"Ayrshire, Scotland",CONFIRMED,Scottish,UNKNOWN,,2009,,,Piper Niven;Doudrop;Viper,,Added for RR2023W; individually researched from a dedicated person-specific source.,S266
raquel-rodriguez,Raquel Rodriguez,Victoria González,CONFIRMED,F,1991-01-12,CONFIRMED,,,"La Feria, Texas, United States",CONFIRMED,American,PROBABLE,Hispanic/Latino heritage,2016,,,Raquel Rodriguez;Raquel González;Reina González;Victoria González,,Added for RR2023W; individually researched from a dedicated person-specific source.,S267;S1743
indi-hartwell,Indi Hartwell,Samantha De Martin,CONFIRMED,F,1996-08-17,CONFIRMED,,,"Melbourne, Australia",CONFIRMED,Australian,UNKNOWN,,2016,,,Indi Hartwell;Samantha De Martin,,Added for RR2023W; individually researched from a dedicated person-specific source.,S269
grayson-waller,Grayson Waller,Matthew Farrelly,PROBABLE,M,1990-03-21,PROBABLE,,,"Sydney, New South Wales, Australia",PROBABLE,Australian,UNKNOWN,,"2017-04-15, Newcastle Pro Wrestling",,,Matty Wahlberg,,"Individual real-name, DOB, birthplace, nationality and debut research completed 2026-09-22.",S276
carmelo-hayes,Carmelo Hayes,Christian Brigham,PROBABLE,M,1994-08-01,PROBABLE,,,"Framingham, Massachusetts, United States",CONFLICTING,American,UNKNOWN,,"2014-04-12, Chaotic Wrestling",,,Christian Casanova,,"Individual real-name, DOB, birthplace, nationality and debut research completed 2026-09-22.",S277;S284;S285;S286
ludwig-kaiser,Ludwig Kaiser,Marcel Barthel,PROBABLE,M,1990-07-08,PROBABLE,,,"Pinneberg, Schleswig-Holstein, Germany",PROBABLE,German,UNKNOWN,,"2008-03-01, NFC New Years Fight Night II",,,Marcel Barthel;Axel Dieter Jr.,,"Individual real-name, DOB, birthplace, nationality and debut research completed 2026-09-22.",S278
bronson-reed,Bronson Reed,Jermaine Haley,PROBABLE,M,1988-08-25,PROBABLE,,,"Adelaide, South Australia, Australia",PROBABLE,Australian,UNKNOWN,,2007; Australian independent circuit (first promotion not established),,,Jonah;Jonah Rock;J-Rock,,"Individual real-name, DOB, birthplace, nationality and debut research completed 2026-09-22.",S279
ivar,Ivar,Todd James Smith,PROBABLE,M,1984-03-03,PROBABLE,,,"Lynn, Massachusetts, United States",PROBABLE,American,UNKNOWN,,2001; New England independent circuit (first promotion not established),,,Hanson;Todd Smith;Handsome Johnny,,"Individual real-name, DOB, birthplace, nationality and debut research completed 2026-09-22.",S280
bron-breakker,Bron Breakker,Bronson Rechsteiner,PROBABLE,M,1997-10-24,PROBABLE,,,"Woodstock, Georgia, United States",PROBABLE,American,UNKNOWN,,"2020-10-08, AWF/WOW WrestleJam 8",,,Bronson Rechsteiner,,"Individual real-name, DOB, birthplace, nationality and debut research completed 2026-09-22.",S281
pat-mcafee,Pat McAfee,Patrick Justin McAfee,PROBABLE,M,1987-05-02,PROBABLE,,,"Plum, Pennsylvania, United States",PROBABLE,American,UNKNOWN,,"2009-03-22, IWA East Coast",,,,,"Individual real-name, DOB, birthplace, nationality and debut research completed 2026-09-22.",S282;S288;S289
jd-mcdonagh,JD McDonagh,Jordan Devlin,PROBABLE,M,1990-03-15,PROBABLE,,,"Bray, County Wicklow, Ireland",PROBABLE,Irish,UNKNOWN,,"2006-05-28, NWA Ireland",,,Jordan Devlin;Frank David;Aguila II,,"Individual real-name, DOB, birthplace, nationality and debut research completed 2026-09-22.",S283;S287
jordynne-grace,Jordynne Grace,Patricia Forrest Parker,PROBABLE,F,1996-03-05,PROBABLE,,,"Austin, Texas, United States",CONFLICTING,American,UNKNOWN,,2011-01-23; independent circuit (first promotion unverified),,,Jordynne Grace;Patricia Forrest Gresham,,Dedicated person-specific bio lookup completed 2026-09-22; discrepancies retained in event flags.,S298;S305;S306
ivy-nile,Ivy Nile,Emily Andzulis,PROBABLE,F,1992-02-26,PROBABLE,,,"Knoxville, Tennessee, United States",PROBABLE,American,UNKNOWN,,"2020-02-21, WWE NXT",,,Emily Andzulis,,Dedicated person-specific bio lookup completed 2026-09-22; discrepancies retained in event flags.,S299
kayden-carter,Kayden Carter,Allyssa Lyn Lane,CONFLICTING,F,1988-05-20,PROBABLE,,,"Winter Park, Florida, United States",PROBABLE,American,UNKNOWN,,"2016-08-20, Go Wrestle",,,Lacey Lane,,Dedicated person-specific bio lookup completed 2026-09-22; discrepancies retained in event flags.,S300;S307;S308
maxxine-dupri,Maxxine Dupri,Sydney Jeannine Zmrzel,PROBABLE,F,1997-05-19,PROBABLE,,,"Loomis, California, United States",CONFLICTING,American,UNKNOWN,,"2023-07-03, WWE Raw (first in-ring match; valet debut 2022)",,,Sofia Cromwell,,Dedicated person-specific bio lookup completed 2026-09-22; discrepancies retained in event flags.,S301;S309;S310
alba-fyre,Alba Fyre,Kayleigh Rae,PROBABLE,F,1992-08-11,PROBABLE,,,"Paisley, Renfrewshire, Scotland",CONFLICTING,Scottish,UNKNOWN,,"2009-05-30, Scottish Wrestling Alliance",,,Kay Lee Ray;Kayleigh Kerr,,Dedicated person-specific bio lookup completed 2026-09-22; discrepancies retained in event flags.,S302;S311;S312
jade-cargill,Jade Cargill,Jade Cargill,PROBABLE,F,1992-06-03,PROBABLE,,,"Gifford, Florida, United States",PROBABLE,American,UNKNOWN,,"2021-03-03, All Elite Wrestling",,,Jade Cargill,,Dedicated person-specific bio lookup completed 2026-09-22; discrepancies retained in event flags.,S303
tiffany-stratton,Tiffany Stratton,Jessica Lynn Woynilko,PROBABLE,F,1999-05-01,PROBABLE,,,"Prior Lake, Minnesota, United States",PROBABLE,American,UNKNOWN,,"2021-11-16, WWE 205 Live (taping)",,,Tiffany Stratton,,Dedicated person-specific bio lookup completed 2026-09-22; discrepancies retained in event flags.,S304
penta,Penta,,,M,1985-02-05,PROBABLE,,,"Ecatepec de Morelos, State of Mexico, Mexico",PROBABLE,Mexican,UNKNOWN,,2007; Mexican independent circuit (first promotion unverified),,,,,Person-specific biography research completed 2026-09-22.,S323
ishowspeed,IShowSpeed,Darren Jason Watkins Jr.,CONFIRMED,M,2005-01-21,CONFIRMED,,,"Cincinnati, Ohio, United States",CONFIRMED,American,UNKNOWN,,"2025-02-01, WWE",,,,,Person-specific biography research completed 2026-09-22.,S324;S325;S314
jacob-fatu,Jacob Fatu,Jacob Samuel Fatu,PROBABLE,M,1992-04-18,CONFLICTING,,,"Sacramento, California, United States",CONFLICTING,American,UNKNOWN,,"2012-09-22, KnokX Pro Academy",,,,,Person-specific biography research completed 2026-09-22.,S326;S327;S328;S329
joe-hendry,Joe Hendry,Joe Samuel Hendry,CONFLICTING,M,1988-05-01,CONFIRMED,,,"Edinburgh, Scotland, United Kingdom",CONFIRMED,Scottish,UNKNOWN,,"2013-10-12, Scottish Wrestling Alliance",,,,,Person-specific biography research completed 2026-09-22.,S330;S331;S332
la-knight,LA Knight,Shaun Edward Ricker,PROBABLE,M,1982-11-01,PROBABLE,,,"Hagerstown, Maryland, United States",PROBABLE,American,UNKNOWN,,"2003, Heartland Wrestling Association (early promotion; exact first match unverified)",,,Eli Drake;Shaun Ricker;Slate Randall;Max Dupri;Deuce,,Person-specific biography research completed 2026-09-22.,S333;S334
akira-tozawa,Akira Tozawa,Akira Tozawa,PROBABLE,M,1985-07-22,PROBABLE,,,"Nishinomiya, Hyogo, Japan",PROBABLE,Japanese,UNKNOWN,,"2005-04-03, Dragon Gate",,,Tozawa;Tozawa Kengai,,Person-specific biography research completed 2026-09-22.,S335;S336
lyra-valkyria,Lyra Valkyria,Aoife Marie Cusack,PROBABLE,F,1996-10-23,PROBABLE,,,"Dublin, Ireland",PROBABLE,Irish,UNKNOWN,,"2015-05-02, CCW (Celtic Cross/Celtic Championship Wrestling; naming disputed)",,,Aoife Valkyrie;Lady Valkyrie;Valkyrie,,Person-specific biography research completed 2026-09-22.,S345;S346
lash-legend,Lash Legend,Anriel Howard,PROBABLE,F,1997-05-06,PROBABLE,,,"Atlanta, Georgia, United States",PROBABLE,American,UNKNOWN,,"2021-12-07, WWE 205 Live (taped; aired December10)",,,,,Person-specific biography research completed 2026-09-22.,S347;S348
jaida-parker,Jaida Parker,Tiana Lillian Marie Caffey,CONFIRMED,F,1999-02-12,CONFIRMED,,,"Port St. Lucie, Florida, United States",CONFIRMED,American,UNKNOWN,,"2022-10-28, WWE NXT",,,Tiana Caffey,,Person-specific biography research completed 2026-09-22.,S349;S350
stephanie-vaquer,Stephanie Vaquer,Ana Stephanie Vaquer González,PROBABLE,F,1993-03-29,PROBABLE,,,"San Fernando, Chile",PROBABLE,Chilean,UNKNOWN,,2009; Chilean independent circuit (exact first promotion disputed),,,Dark Angel,,Person-specific biography research completed 2026-09-22.,S351;S352;S353
giulia,Giulia,Eimi Gloria Matsudo,CONFLICTING,F,1994-02-21,PROBABLE,,,"London, England, United Kingdom",PROBABLE,Japanese,UNKNOWN,,"2017-10-29, Ice Ribbon",,,,,Person-specific biography research completed 2026-09-22.,S354;S355
oba-femi,Oba Femi,Isaac Odugbesan,PROBABLE,M,2001-05-21,CONFLICTING,,,"Lagos, Nigeria",PROBABLE,Nigerian,UNKNOWN,,"2022-11-11, WWE NXT",,,,,Person-specific biography research completed 2026-09-22.,S368;S369
solo-sikoa,Solo Sikoa,Joseph Yokozuna Fatu,PROBABLE,M,1993-03-17,CONFLICTING,,,"Sacramento, California, United States",PROBABLE,American,UNKNOWN,,"2018-04-29, KnokX Pro",,,Sefa Fatu,,Person-specific biography research completed 2026-09-22.,S370;S371;S372
jevon-evans,Je'Von Evans,Malachi Jeffers,PROBABLE,M,2004-04-29,PROBABLE,,,"Greensboro, North Carolina, United States",PROBABLE,American,UNKNOWN,,"2018-01-26, Fire Star Pro Wrestling",,,Jay Malachi;Kid Blacka Merica,,Person-specific biography research completed 2026-09-22.,S373;S374
mr-iguana,Mr. Iguana,Santiago Ibarra Calderón,PROBABLE,M,1988-07-20,PROBABLE,,,"Culiacán, Sinaloa, Mexico",PROBABLE,Mexican,UNKNOWN,,2009-07-24; Culiacan independent circuit (first promotion not established),,,,,Person-specific biography research completed 2026-09-22.,S375;S376
trick-williams,Trick Williams,Matrick Mondre Belton,PROBABLE,M,1994-05-26,CONFLICTING,,,"Columbia, South Carolina, United States",PROBABLE,American,UNKNOWN,,"2020-01-31, Combat Zone Wrestling (first recorded match; training began2018)",,,Sweet Daddy Trick,,Person-specific biography research completed 2026-09-22.,S377;S378;S379
el-grande-americano-ii,El Grande Americano,Marcel Barthel,PROBABLE,M,1990-07-08,PROBABLE,,,"Pinneberg, Schleswig-Holstein, Germany",PROBABLE,German,UNKNOWN,,"2008-03-01, Nordisch Fight Club",,,El Grande Americano II,,Person-specific biography research completed 2026-09-22.,S391;S392
el-grande-americano-i,Original El Grande Americano,Charles Edward Betts,PROBABLE,M,1986-03-08,PROBABLE,,,"Saint Michael, Minnesota, United States",PROBABLE,American,UNKNOWN,,"2003, Midwest Pro Wrestling (earliest located card2003-10-26; reported debut2003-09-08)",,,The Original El Grande Americano;El Grande Americano I,,Person-specific biography research completed 2026-09-22.,S393;S394
powerhouse-hobbs,Royce Keys,William Hobson,PROBABLE,M,1991-01-23,PROBABLE,,,"East Palo Alto, California, United States",PROBABLE,American,UNKNOWN,,"2009-07-18, All Pro Wrestling",,,Powerhouse Hobbs;Will Hobbs;Will Rood;Will.I.IS,,Person-specific biography research completed 2026-09-22.,S380;S381
ilja-dragunov,Ilja Dragunov,Ilja Rukober,PROBABLE,M,1993-10-10,PROBABLE,,,"Moscow, Russia",PROBABLE,Russian-German,UNKNOWN,,"2012-04-21, German Wrestling Federation",,,,,Person-specific biography research completed 2026-09-22.,S382;S383
la-parka-iii,La Parka,,,M,1999-06-14,PROBABLE,,,"Mexico City, Mexico",PROBABLE,Mexican,UNKNOWN,,2013-09-16; Mexican independent circuit (first promotion not established),,,Brazo de Oro Jr. II;La Parka III,,Person-specific biography research completed 2026-09-22.,S384;S385
dragon-lee,Dragon Lee,Emmanuel Muñoz González,PROBABLE,M,1995-05-15,PROBABLE,,,"Tala, Jalisco, Mexico",PROBABLE,Mexican,UNKNOWN,,"2014-01-01, Consejo Mundial de Lucha Libre",,,Dragon Lee II;Ryu Lee;Drago,,Person-specific biography research completed 2026-09-22.,S386;S387;S388
rey-fenix,Rey Fenix,,,M,1990-12-30,PROBABLE,,,"Mexico City, Mexico",PROBABLE,Mexican,UNKNOWN,,2007; Mexican independent circuit (first promotion not established),,,Fenix;Fénix;Rey Fénix;Mascara Oriental;The King;King Phoenix,,Person-specific biography research completed 2026-09-22.,S389;S390
kiana-james,Kiana James,Kayla Klingensmith,CONFLICTING,F,1997-05-23,CONFIRMED,,,"Sioux City, Iowa, United States",CONFIRMED,American,UNKNOWN,,"2021-09-11, All Elite Wrestling (Dark taping; aired September21)",,,Kayla Inlay;Xtina Kay,,Person-specific biography research completed 2026-09-22.,S408;S409;S410;S411
lola-vice,Lola Vice,Valerie Loureda,CONFIRMED,F,1998-07-19,CONFIRMED,,,"Miami, Florida, United States",CONFIRMED,Cuban-American,UNKNOWN,,"2022-10-28, WWE NXT (battle royal; first regular match November12)",,,Valerie Loureda,,Person-specific biography research completed 2026-09-22.,S412;S413
sol-ruca,Sol Ruca,Calyx Harmony Hampton,CONFIRMED,F,1999-08-26,CONFIRMED,,,"Ontario, California, United States",CONFIRMED,American,UNKNOWN,,"2022-06-24, WWE NXT",,,,,Person-specific biography research completed 2026-09-22.,S414;S415
jacy-jayne,Jacy Jayne,Taylor Grado,CONFIRMED,F,1996-06-02,CONFLICTING,,,"Clearwater Beach, Florida, United States",CONFLICTING,American,UNKNOWN,,2016-06-25; first promotion not established (ACW2018 debut separately reported),,,Avery Taylor,,Person-specific biography research completed 2026-09-22.,S416;S417;S418;S419
kelani-jordan,Kelani Jordan,Lea Simone Mitchell,PROBABLE,F,1998-10-22,CONFLICTING,,,"Boynton Beach, Florida, United States",CONFIRMED,American,UNKNOWN,,"2022-10-28, WWE NXT (battle royal; televised match debut May2023)",,,Lea Mitchell,,Person-specific biography research completed 2026-09-22.,S420;S421;S422;S423;S424
abismo-negro,Abismo Negro,,,,,,,,,,,,,,,,,,AAA/lucha libre wrestler; participant in the RR1997M lucha trios match per fresh Wikipedia-sourced card research.,
blue-demon-jr,Blue Demon Jr.,,,,,,,,,,,,,,,,,,"AAA/lucha libre wrestler, protege/successor of the original Blue Demon; participant in the RR1997M lucha trios match.",
octagon,Octagón,,,,,,,,,,,,,,,,,,AAA/lucha libre wrestler; participant in the RR1997M lucha trios match.,
tinieblas-jr,Tinieblas Jr.,,,,,,,,,,,,,,,,,,AAA/lucha libre wrestler; participant in the RR1997M lucha trios match.,
heavy-metal,Heavy Metal,,,,,,,,,,,,,,,,,,AAA/lucha libre wrestler; participant in the RR1997M lucha trios matches.,
histeria,Histeria,,,,,,,,,,,,,,,,,,AAA/lucha libre wrestler; participant in the RR1997M lucha trios match.,
hector-garza,Héctor Garza,,,,,,,,,,,,,,,,,,AAA/lucha libre wrestler; participant in an RR1997M lucha trios match.,
perro-aguayo,Perro Aguayo,,,,,,,,,,,,,,,,,,AAA/lucha libre legend; participant in an RR1997M lucha trios match. Distinct from his son Perro Aguayo Jr.,
el-canek,El Canek,,,,,,,,,,,,,,,,,,AAA/lucha libre wrestler; participant in an RR1997M lucha trios match.,
jerry-estrada,Jerry Estrada,,,,,,,,,,,,,,,,,,AAA/lucha libre wrestler; participant in an RR1997M lucha trios match.,
fuerza-guerrera,Fuerza Guerrera,,,,,,,,,,,,,,,,,,AAA/lucha libre wrestler; participant in an RR1997M lucha trios match.,
perro-aguayo-jr,Perro Aguayo Jr.,,,,,,,,,,,,,,,,,,"AAA/lucha libre wrestler, son of Perro Aguayo; participant in an RR1997M lucha match.",
venum,Venum,,,,,,,,,,,,,,,,,,AAA/lucha libre wrestler; participant in an RR1997M lucha match.,
maniaco,Maniaco,,,,,,,,,,,,,,,,,,AAA/lucha libre wrestler; participant in an RR1997M lucha match.,
mosco-de-la-merced,Mosco de la Merced,,,,,,,,,,,,,,,,,,AAA/lucha libre wrestler; participant in an RR1997M lucha match.,
mascarita-sagrada-jr,Mascarita Sagrada Jr.,,,,,,,,,,,,,,,,,,AAA mini-estrella wrestler; participant in an RR1997M mini-lucha match.,
la-parkita,La Parkita,,,,,,,,,,,,,,,,,,AAA mini-estrella wrestler; participant in an RR1997M mini-lucha match.,
mini-mankind,Mini Mankind,,,,,,,,,,,,,,,,,,AAA mini-estrella wrestler; participant in an RR1997M mini-lucha match.,
mini-vader,Mini Vader,,,,,,,,,,,,,,,,,,AAA mini-estrella wrestler; participant in an RR1997M mini-lucha match.,
max-mini,Max Mini,,,,,,,,,,,,,,,,,,AAA mini-estrella wrestler; participant in the RR1998M mini-lucha match.,
mosaic,Mosaic,,,,,,,,,,,,,,,,,,AAA mini-estrella wrestler; participant in the RR1998M mini-lucha match.,
battalion,Battalion,,,,,,,,,,,,,,,,,,AAA mini-estrella wrestler; participant in the RR1998M mini-lucha match.,
tarantula,Tarantula,,,,,,,,,,,,,,,,,,AAA mini-estrella wrestler; participant in the RR1998M mini-lucha match.,
pierre-carl-ouellet,Pierre Carl Ouellet,Pierre Carl Ouellet,CONFIRMED,,,,,,,,,,,,,,,,"The Quebecers; teamed with Jacques Rougeau on the RR1994M card, billed simply as 'Pierre'.",
d-von-dudley,D-Von Dudley,,,,,,,,,,,,,,,,,,The Dudley Boyz; appears opposite Jeff/Matt Hardy (RR2000M) and Edge/Christian (RR2001M).,S1437;S2295
steve-lombardi,Steve Lombardi,Steve Lombardi,CONFIRMED,,,,,,,,,,,,,,,,"Jobber wrestling under his real name on the RR1989M card, before adopting the 'Brooklyn Brawler' gimmick full-time.",
the-brooklyn-brawler,The Brooklyn Brawler,Steve Lombardi,CONFIRMED,,,,,,,,,,,,,,,,Steve Lombardi's long-running jobber gimmick; appears on the RR1990M and RR1992M cards.,
buck-quartermaine,Buck Quartermaine,,,,,,,,,,,,,,,,,,Jobber opponent for The Brooklyn Brawler on the RR1995M card.,
chris-walker,Chris Walker,,,,,,,,,,,,,,,,,,Jobber opponent for The Brooklyn Brawler on the RR1992M card.,
razor-ramon,Razor Ramon,Scott Hall,CONFIRMED,,,,,,,,,,,,,,,,"The original Razor Ramon (Scott Hall); RR1993M vs Bret Hart and RR1994M vs IRS. Distinct from the ""Fake Razor Ramon"" decoy gimmick (fake-razor-ramon) used after Hall left for WCW.",S1192;S2268
chaz,Chaz,,,,,,,,,,,,,,,,,,"Half of Lo Down (w/ D'Lo Brown), managed by Tiger Ali Singh; opposed Kaientai on the RR2001M card.",
taka-michinoku,Taka Michinoku,,,,,,,,,,,,,,,,,,Kaientai; opposed Lo Down on the RR2001M card.,
funaki,Funaki,,,,,,,,,,,,,,,,,,Kaientai on RR2001M; also a multi-way match participant on RR2006M.,
skip,Skip,,,,,,,,,,,,,,,,,,The Bodydonnas (w/ Zip and Sunny); opposed The Smoking Gunns on the RR1996M card.,
konnor,Konnor,,,,,,,,,,,,,,,,,,The Ascension; on RR2015M and RR2016M undercards.,S1436;S1437;S2294;S2295
viktor,Viktor,,,,,,,,,,,,,,,,,,The Ascension; on RR2015M and RR2016M undercards.,S1436;S1437;S2294;S2295
gregory-helms,Gregory Helms,,,,,,,,,,,,,,,,,,Wrestling under his real name (post-Hurricane gimmick) in the RR2006M cruiserweight multi-way.,
kid-kash,Kid Kash,,,,,,,,,,,,,,,,,,RR2006M cruiserweight multi-way participant.,
deuce,Deuce,Sim Snuka,CONFIRMED,,,,,,,,,,,,,,,,Deuce 'n Domino (w/ Domino); RR2008M tag match vs Shannon Moore & Jimmy Wang Yang. Son of Jimmy Snuka.,
domino,Domino,,,,,,,,,,,,,,,,,,Deuce 'n Domino (w/ Deuce); RR2008M tag match vs Shannon Moore & Jimmy Wang Yang.,
shannon-moore,Shannon Moore,,,,,,,,,,,,,,,,,,RR2008M tag match participant (w/ Jimmy Wang Yang).,
jimmy-wang-yang,Jimmy Wang Yang,,,,,,,,,,,,,,,,,,RR2008M tag match (w/ Shannon Moore); also singles on RR2009M vs Paul Burchill.,S1430
paul-burchill,Paul Burchill,,,,,,,,,,,,,,,,,,RR2009M singles match vs Jimmy Wang Yang.,S1430
gran-metalik,Gran Metalik,,,,,,,,,,,,,,,,,,RR2018M six-man tag (w/ Kalisto & Lince Dorado).,S1675;S2297
lince-dorado,Lince Dorado,,,,,,,,,,,,,,,,,,RR2018M six-man tag (w/ Kalisto & Gran Metalik).,S1675;S2297
tjp,TJP,T.J. Perkins,CONFIRMED,,,,,,,,,,,,,,,,RR2018M six-man tag (w/ Jack Gallagher & Drew Gulak).,S1675;S2297
drew-gulak,Drew Gulak,,,,,,,,,,,,,,,,,,RR2018M six-man tag (w/ TJP & Jack Gallagher).,S1675;S2297
ashley-massaro,Ashley Massaro,Ashley Massaro,CONFIRMED,,,,,,,,,,,,,,,,RR2006M Divas match vs Mickie James.,
dawn-marie,Dawn Marie,,,,,,,,,,,,,,,,,,RR2003M Divas match vs Torrie Wilson.,
luna-vachon,Luna Vachon,,,,,,,,,,,,,,,,,,RR1999M Divas match vs Sable.,
sable,Sable,,,,,,,,,,,,,,,,,,RR1999M Divas match vs Luna Vachon.,
jazz,Jazz,,,,,,,,,,,,,,,,,,RR2002M Divas match vs Trish Stratus.,
gail-kim,Gail Kim,,,,,,,,,,,,,,,,,,RR2010M 10-Diva tag match.,
eve-torres,Eve Torres,,,,,,,,,,,,,,,,,,RR2010M 10-Diva tag match; also RR2011M 4-way Divas title match.,S1432;S1433;S2290;S2291
katie-lea-burchill,Katie Lea Burchill,,,,,,,,,,,,,,,,,,RR2010M 10-Diva tag match.,
maryse,Maryse,,,,,,,,,,,,,,,,,,RR2010M 10-Diva tag match; also RR2022M mixed tag (w/ The Miz).,S1679;S2304
layla,Layla,,,,,,,,,,,,,,,,,,RR2011M 4-way Divas title match.,S1432;S2290
paige,Paige,,,,,,,,,,,,,,,,,,RR2015M Divas tag match (w/ Natalya vs The Bella Twins).,S1436;S2294
steven-richards,Steven Richards,,,,,,,,,,,,,,,,,,"RR2003M singles vs Spike Dudley, managed by Victoria.",
heidenreich,Heidenreich,,,,,,,,,,,,,,,,,,RR2005M singles vs The Undertaker.,
humberto-carrillo,Humberto Carrillo,,,,,,,,,,,,,,,,,,RR2020M singles vs Andrade.,S1677
rich-swann,Rich Swann,,,,,,,,,,,,,,,,,,RR2017M Cruiserweight Title match vs Neville.,S1438;S2296
buddy-murphy,Buddy Murphy,,,,,,,,,,,,,,,,,,RR2019M Cruiserweight Title 4-way.,S1676;S2298
hideo-itami,Hideo Itami,,,,,,,,,,,,,,,,,,RR2019M Cruiserweight Title 4-way.,S1676;S2298
jason-jordan,Jason Jordan,,,,,,,,,,,,,,,,,,RR2018M tag match (w/ Seth Rollins vs Cesaro & Sheamus).,S1675;S2297
dash-wilder,Dash Wilder,,,,,,,,,,,,,,,,,,The Revival (w/ Scott Dawson); RR2018M tag match.,S1675;S2297
rezar,Rezar,,,,,,,,,,,,,,,,,,Authors of Pain; RR2019M tag match (w/ Scott Dawson) managed by Drake Maverick.,S1676;S2298
dexter-lumis,Dexter Lumis,,,,,,,,,,,,,,,,,,The Wyatt Sicks; RR2026M tag match (w/ Joe Gacy).,S1724;S2307
joe-gacy,Joe Gacy,,,,,,,,,,,,,,,,,,The Wyatt Sicks; RR2026M tag match (w/ Dexter Lumis).,S1724;S2307
tama-tonga,Tama Tonga,,,,,,,,,,,,,,,,,,"The MFTs; RR2026M tag match (w/ Solo Sikoa). Distinct from the 1980s-90s Islander wrestler ""Tama"" (id: tama).",S1724;S2307
tommaso-ciampa,Tommaso Ciampa,,,,,,,,,,,,,,,,,,#DIY (w/ Johnny Gargano); RR2025M tag title match vs Motor City Machine Guns.,S341;S1682
alex-shelley,Alex Shelley,,,,,,,,,,,,,,,,,,Motor City Machine Guns (w/ Chris Sabin); RR2025M/RR2026M tag matches.,S341;S1682;S1724;S2307
chris-sabin,Chris Sabin,,,,,,,,,,,,,,,,,,Motor City Machine Guns (w/ Alex Shelley); RR2025M/RR2026M tag matches.,S341;S1682;S1724;S2307
lance-cade,Lance Cade,,,,,,,,,,,,,,,,,,RR2007M singles match (w/ Trevor Murdoch in his corner) vs JTG.,
scott-dawson,Scott Dawson,,,,,,,,,,,,,,,,,,The Revival; RR2018M tag match (w/ Dash Wilder) and RR2019M tag match (w/ Rezar).,S1675;S1676;S2297;S2298
